wall_time,ros_time_sec,left_pos_rad,left_vel_rad_s,right_pos_rad,right_vel_rad_s
2026-09-21T02:54:22.588680,1789939462.5881174,0.0,0.0,0.0,0.0
2026-09-21T02:54:22.598699,1789939462.598124,0.0,0.0,0.0,0.0
2026-09-21T02:54:22.608637,1789939462.608121,0.0,0.0,0.0,0.0
2026-09-21T02:54:22.618547,1789939462.6181185,0.0,0.0,0.0,0.0
2026-09-21T02:54:22.628806,1789939462.6281412,0.0,0.0,0.0,0.0
2026-09-21T02:54:22.638618,1789939462.6381168,0.0,0.0,0.0,0.0
2026-09-21T02:54:22.648608,1789939462.648132,0.0,0.0,0.0,0.0
2026-09-21T02:54:22.658617,1789939462.658108,0.0,0.0,0.0,0.0
2026-09-21T02:54:22.668673,1789939462.6681213,0.0,0.0,0.0,0.0
2026-09-21T02:54:22.678665,1789939462.678118,0.0,0.0,0.0,0.0
2026-09-21T02:54:22.688654,1789939462.688113,0.0,0.0,0.0,0.0
2026-09-21T02:54:22.698844,1789939462.6981318,0.0,0.0,0.0,0.0
2026-09-21T02:54:22.708624,1789939462.7081163,0.0,0.0,0.0,0.0
2026-09-21T02:54:22.720558,1789939462.718132,0.0,0.0,0.0,0.0
2026-09-21T02:54:22.728976,1789939462.7281246,0.0,0.0,0.0,0.0
2026-09-21T02:54:22.738620,1789939462.7381017,0.0,0.0,0.0,0.0
2026-09-21T02:54:22.748900,1789939462.7481356,0.0,0.0,0.0,0.0
2026-09-21T02:54:22.759047,1789939462.758291,0.0,0.0,0.0,0.0
2026-09-21T02:54:22.768662,1789939462.7681193,0.0,0.0,0.0,0.0
2026-09-21T02:54:22.780274,1789939462.7789767,0.0,0.0,0.0,0.0
2026-09-21T02:54:22.788940,1789939462.7881095,0.0,0.0,0.0,0.0
2026-09-21T02:54:22.799435,1789939462.7981513,0.0,0.0,0.0,0.0
2026-09-21T02:54:22.808573,1789939462.8081071,0.0,0.0,0.0,0.0
2026-09-21T02:54:22.818731,1789939462.8181276,0.0,0.0,0.0,0.0
2026-09-21T02:54:22.828739,1789939462.8281322,0.0,0.0,0.0,0.0
2026-09-21T02:54:22.838918,1789939462.8381307,0.0,0.0,0.0,0.0
2026-09-21T02:54:22.848849,1789939462.8481407,0.0,0.0,0.0,0.0
2026-09-21T02:54:22.858838,1789939462.8581502,0.0,0.0,0.0,0.0
2026-09-21T02:54:22.868825,1789939462.8681614,0.0,0.0,0.0,0.0
2026-09-21T02:54:22.878727,1789939462.8781474,0.0,0.0,0.0,0.0
2026-09-21T02:54:22.888862,1789939462.888156,0.0,0.0,0.0,0.0
2026-09-21T02:54:22.898769,1789939462.8981524,0.0,0.0,0.0,0.0
2026-09-21T02:54:22.908728,1789939462.9081447,0.0,0.0,0.0,0.0
2026-09-21T02:54:22.918757,1789939462.9181383,0.0,0.0,0.0,0.0
2026-09-21T02:54:22.928739,1789939462.928126,0.0,0.0,0.0,0.0
2026-09-21T02:54:22.938748,1789939462.9381397,0.0,0.0,0.0,0.0
2026-09-21T02:54:22.948976,1789939462.9481418,0.0,0.0,0.0,0.0
2026-09-21T02:54:22.958675,1789939462.9581258,0.0,0.0,0.0,0.0
2026-09-21T02:54:22.968581,1789939462.9681532,0.0,0.0,0.0,0.0
2026-09-21T02:54:22.978800,1789939462.978142,0.0,0.0,0.0,0.0
2026-09-21T02:54:22.988712,1789939462.988123,0.0,0.0,0.0,0.0
2026-09-21T02:54:22.998645,1789939462.9981332,0.0,0.0,0.0,0.0
2026-09-21T02:54:23.008614,1789939463.0081384,0.0,0.0,0.0,0.0
2026-09-21T02:54:23.018619,1789939463.0181448,0.0,0.0,0.0,0.0
2026-09-21T02:54:23.028673,1789939463.0281284,0.0,0.0,0.0,0.0
2026-09-21T02:54:23.038583,1789939463.038124,0.0,0.0,0.0,0.0
2026-09-21T02:54:23.048681,1789939463.0481348,0.0,0.0,0.0,0.0
2026-09-21T02:54:23.058680,1789939463.058151,0.0,0.0,0.0,0.0
2026-09-21T02:54:23.068707,1789939463.0681417,0.0,0.0,0.0,0.0
2026-09-21T02:54:23.078741,1789939463.0781386,0.0,0.0,0.0,0.0
2026-09-21T02:54:23.088621,1789939463.0881207,0.0,0.0,0.0,0.0
2026-09-21T02:54:23.098645,1789939463.098144,0.0,0.0,0.0,0.0
2026-09-21T02:54:23.108789,1789939463.1081426,0.0,0.0,0.0,0.0
2026-09-21T02:54:23.118694,1789939463.1181538,0.0,0.0,0.0,0.0
2026-09-21T02:54:23.128740,1789939463.1281326,0.0,0.0,0.0,0.0
2026-09-21T02:54:23.138678,1789939463.1381302,0.0,0.0,0.0,0.0
2026-09-21T02:54:23.148786,1789939463.1481514,0.0,0.0,0.0,0.0
2026-09-21T02:54:23.158701,1789939463.1581757,0.0,0.0,0.0,0.0
2026-09-21T02:54:23.168643,1789939463.1681378,0.0,0.0,0.0,0.0
2026-09-21T02:54:23.178713,1789939463.1781476,0.0,0.0,0.0,0.0
2026-09-21T02:54:23.188567,1789939463.1881285,0.0,0.0,0.0,0.0
2026-09-21T02:54:23.198622,1789939463.1981323,0.0,0.0,0.0,0.0
2026-09-21T02:54:23.208815,1789939463.2081282,0.0,0.0,0.0,0.0
2026-09-21T02:54:23.218675,1789939463.2181401,0.0,0.0,0.0,0.0
2026-09-21T02:54:23.228679,1789939463.2281392,0.0,0.0,0.0,0.0
2026-09-21T02:54:23.238697,1789939463.2381375,0.0,0.0,0.0,0.0
2026-09-21T02:54:23.248843,1789939463.248145,0.0,0.0,0.0,0.0
2026-09-21T02:54:23.258652,1789939463.2581704,0.0,0.0,0.0,0.0
2026-09-21T02:54:23.268683,1789939463.2681704,0.0,0.0,0.0,0.0
2026-09-21T02:54:23.278683,1789939463.2781422,0.0,0.0,0.0,0.0
2026-09-21T02:54:23.288715,1789939463.2881424,0.0,0.0,0.0,0.0
2026-09-21T02:54:23.298644,1789939463.2981343,0.0,0.0,0.0,0.0
2026-09-21T02:54:23.308612,1789939463.3081298,0.0,0.0,0.0,0.0
2026-09-21T02:54:23.318720,1789939463.3181481,0.0,0.0,0.0,0.0
2026-09-21T02:54:23.328678,1789939463.328131,0.0,0.0,0.0,0.0
2026-09-21T02:54:23.338608,1789939463.3381317,0.0,0.0,0.0,0.0
2026-09-21T02:54:23.348817,1789939463.348173,0.0,0.0,0.0,0.0
2026-09-21T02:54:23.358582,1789939463.3581262,0.0,0.0,0.0,0.0
2026-09-21T02:54:23.368643,1789939463.3681312,0.0,0.0,0.0,0.0
2026-09-21T02:54:23.378687,1789939463.3781383,0.0,0.0,0.0,0.0
2026-09-21T02:54:23.388635,1789939463.3881238,0.0,0.0,0.0,0.0
2026-09-21T02:54:23.398647,1789939463.3981345,0.0,0.0,0.0,0.0
2026-09-21T02:54:23.408826,1789939463.408129,0.0,0.0,0.0,0.0
2026-09-21T02:54:23.418630,1789939463.4181266,0.0,0.0,0.0,0.0
2026-09-21T02:54:23.428752,1789939463.4281611,0.0,0.0,0.0,0.0
2026-09-21T02:54:23.438567,1789939463.4381342,0.0,0.0,0.0,0.0
2026-09-21T02:54:23.448706,1789939463.448129,0.0,0.0,0.0,0.0
2026-09-21T02:54:23.458829,1789939463.4581347,0.0,0.0,0.0,0.0
2026-09-21T02:54:23.468726,1789939463.4681506,0.0,0.0,0.0,0.0
2026-09-21T02:54:23.478743,1789939463.4781306,0.0,0.0,0.0,0.0
2026-09-21T02:54:23.488652,1789939463.488132,0.0,0.0,0.0,0.0
2026-09-21T02:54:23.498916,1789939463.4981787,0.0,0.0,0.0,0.0
2026-09-21T02:54:23.508751,1789939463.5081418,0.0,0.0,0.0,0.0
2026-09-21T02:54:23.518796,1789939463.5181465,0.0,0.0,0.0,0.0
2026-09-21T02:54:23.528670,1789939463.528133,0.0,0.0,0.0,0.0
2026-09-21T02:54:23.538615,1789939463.5381222,0.0,0.0,0.0,0.0
2026-09-21T02:54:23.548612,1789939463.54813,0.0,0.0,0.0,0.0
2026-09-21T02:54:23.558628,1789939463.558115,0.0,0.0,0.0,0.0
2026-09-21T02:54:23.568620,1789939463.568122,0.0,0.0,0.0,0.0
2026-09-21T02:54:23.578562,1789939463.5781205,0.0,0.0,0.0,0.0
2026-09-21T02:54:23.588620,1789939463.5881245,0.0,0.0,0.0,0.0
2026-09-21T02:54:23.598840,1789939463.5981345,0.0,0.0,0.0,0.0
2026-09-21T02:54:23.608589,1789939463.6081316,0.0,0.0,0.0,0.0
2026-09-21T02:54:23.618794,1789939463.618133,0.0,0.0,0.0,0.0
2026-09-21T02:54:23.628596,1789939463.6281219,0.0,0.0,0.0,0.0
2026-09-21T02:54:23.638643,1789939463.6381502,0.0,0.0,0.0,0.0
2026-09-21T02:54:23.649067,1789939463.6481287,0.0,0.0,0.0,0.0
2026-09-21T02:54:23.658630,1789939463.6581304,0.0,0.0,0.0,0.0
2026-09-21T02:54:23.668682,1789939463.6681325,0.0,0.0,0.0,0.0
2026-09-21T02:54:23.678653,1789939463.6781301,0.0,0.0,0.0,0.0
2026-09-21T02:54:23.688636,1789939463.688137,0.0,0.0,0.0,0.0
2026-09-21T02:54:23.699237,1789939463.6981323,0.0,0.0,0.0,0.0
2026-09-21T02:54:23.708568,1789939463.7081285,0.0,0.0,0.0,0.0
2026-09-21T02:54:23.718595,1789939463.718127,0.0,0.0,0.0,0.0
2026-09-21T02:54:23.728598,1789939463.7281244,0.0,0.0,0.0,0.0
2026-09-21T02:54:23.738624,1789939463.738122,0.0,0.0,0.0,0.0
2026-09-21T02:54:23.749158,1789939463.7481751,0.0,0.0,0.0,0.0
2026-09-21T02:54:23.758592,1789939463.758127,0.0,0.0,0.0,0.0
2026-09-21T02:54:23.768717,1789939463.768125,0.0,0.0,0.0,0.0
2026-09-21T02:54:23.778806,1789939463.778132,0.0,0.0,0.0,0.0
2026-09-21T02:54:23.788825,1789939463.7881293,0.0,0.0,0.0,0.0
2026-09-21T02:54:23.798988,1789939463.7981348,0.0,0.0,0.0,0.0
2026-09-21T02:54:23.808640,1789939463.808117,0.0,0.0,0.0,0.0
2026-09-21T02:54:23.818715,1789939463.8181791,0.0,0.0,0.0,0.0
2026-09-21T02:54:23.828592,1789939463.8281195,0.0,0.0,0.0,0.0
2026-09-21T02:54:23.838711,1789939463.83817,0.0,0.0,0.0,0.0
2026-09-21T02:54:23.848716,1789939463.848134,0.0,0.0,0.0,0.0
2026-09-21T02:54:23.858569,1789939463.8581247,0.0,0.0,0.0,0.0
2026-09-21T02:54:23.868741,1789939463.8681157,0.0,0.0,0.0,0.0
2026-09-21T02:54:23.878582,1789939463.8781264,0.0,0.0,0.0,0.0
2026-09-21T02:54:23.888663,1789939463.8881264,0.0,0.0,0.0,0.0
2026-09-21T02:54:23.899232,1789939463.8981273,0.0,0.0,0.0,0.0
2026-09-21T02:54:23.908724,1789939463.90814,0.0,0.0,0.0,0.0
2026-09-21T02:54:23.918622,1789939463.91813,0.0,0.0,0.0,0.0
2026-09-21T02:54:23.928725,1789939463.928122,0.0,0.0,0.0,0.0
2026-09-21T02:54:23.938792,1789939463.938127,0.0,0.0,0.0,0.0
2026-09-21T02:54:23.949164,1789939463.9481328,0.0,0.0,0.0,0.0
2026-09-21T02:54:23.958581,1789939463.958138,0.0,0.0,0.0,0.0
2026-09-21T02:54:23.968538,1789939463.9681222,0.0,0.0,0.0,0.0
2026-09-21T02:54:23.978744,1789939463.9781735,0.0,0.0,0.0,0.0
2026-09-21T02:54:23.988696,1789939463.9881635,0.0,0.0,0.0,0.0
2026-09-21T02:54:23.999161,1789939463.9981542,0.0,0.0,0.0,0.0
2026-09-21T02:54:24.008670,1789939464.008142,0.0,0.0,0.0,0.0
2026-09-21T02:54:24.018632,1789939464.0181177,0.0,0.0,0.0,0.0
2026-09-21T02:54:24.028622,1789939464.0281157,0.0,0.0,0.0,0.0
2026-09-21T02:54:24.038718,1789939464.038162,0.0,0.0,0.0,0.0
2026-09-21T02:54:24.051025,1789939464.0482037,0.0,0.0,0.0,0.0
2026-09-21T02:54:24.058635,1789939464.0581174,0.0,0.0,0.0,0.0
2026-09-21T02:54:24.068909,1789939464.0681586,0.0,0.0,0.0,0.0
2026-09-21T02:54:24.078812,1789939464.0781476,0.0,0.0,0.0,0.0
2026-09-21T02:54:24.088680,1789939464.0881562,0.0,0.0,0.0,0.0
2026-09-21T02:54:24.099379,1789939464.098373,0.0,0.0,0.0,0.0
2026-09-21T02:54:24.108713,1789939464.10813,0.0,0.0,0.0,0.0
2026-09-21T02:54:24.119294,1789939464.1181982,0.0,0.0,0.0,0.0
2026-09-21T02:54:24.128655,1789939464.1281247,0.0,0.0,0.0,0.0
2026-09-21T02:54:24.138669,1789939464.13812,0.0,0.0,0.0,0.0
2026-09-21T02:54:24.148744,1789939464.148132,0.0,0.0,0.0,0.0
2026-09-21T02:54:24.158715,1789939464.1581278,0.0,0.0,0.0,0.0
2026-09-21T02:54:24.168634,1789939464.1681275,0.0,0.0,0.0,0.0
2026-09-21T02:54:24.178619,1789939464.1781373,0.0,0.0,0.0,0.0
2026-09-21T02:54:24.188743,1789939464.1881495,0.0,0.0,0.0,0.0
2026-09-21T02:54:24.199075,1789939464.198153,0.0,0.0,0.0,0.0
2026-09-21T02:54:24.208675,1789939464.2081382,0.0,0.0,0.0,0.0
2026-09-21T02:54:24.218591,1789939464.2181318,0.0,0.0,0.0,0.0
2026-09-21T02:54:24.228807,1789939464.2281604,0.0,0.0,0.0,0.0
2026-09-21T02:54:24.238675,1789939464.238124,0.0,0.0,0.0,0.0
2026-09-21T02:54:24.248853,1789939464.2481325,0.0,0.0,0.0,0.0
2026-09-21T02:54:24.258780,1789939464.258127,0.0,0.0,0.0,0.0
2026-09-21T02:54:24.268800,1789939464.2681391,0.0,0.0,0.0,0.0
2026-09-21T02:54:24.278634,1789939464.2781699,0.0,0.0,0.0,0.0
2026-09-21T02:54:24.288706,1789939464.2881405,0.0,0.0,0.0,0.0
2026-09-21T02:54:24.298787,1789939464.2981496,0.0,0.0,0.0,0.0
2026-09-21T02:54:24.308654,1789939464.308145,0.0,0.0,0.0,0.0
2026-09-21T02:54:24.318684,1789939464.3181512,0.0,0.0,0.0,0.0
2026-09-21T02:54:24.328745,1789939464.328207,0.0,0.0,0.0,0.0
2026-09-21T02:54:24.338641,1789939464.3381386,0.0,0.0,0.0,0.0
2026-09-21T02:54:24.348747,1789939464.3481295,0.0,0.0,0.0,0.0
2026-09-21T02:54:24.358601,1789939464.3581448,0.0,0.0,0.0,0.0
2026-09-21T02:54:24.368593,1789939464.3681562,0.0,0.0,0.0,0.0
2026-09-21T02:54:24.378743,1789939464.3782208,0.0,0.0,0.0,0.0
2026-09-21T02:54:24.388853,1789939464.3881493,0.0,0.0,0.0,0.0
2026-09-21T02:54:24.398972,1789939464.3981462,0.0,0.0,0.0,0.0
2026-09-21T02:54:24.408588,1789939464.408133,0.0,0.0,0.0,0.0
2026-09-21T02:54:24.418847,1789939464.4181364,0.0,0.0,0.0,0.0
2026-09-21T02:54:24.428802,1789939464.4282334,0.0,0.0,0.0,0.0
2026-09-21T02:54:24.438662,1789939464.4381354,0.0,0.0,0.0,0.0
2026-09-21T02:54:24.449125,1789939464.4481368,0.0,0.0,0.0,0.0
2026-09-21T02:54:24.458927,1789939464.4581485,0.0,0.0,0.0,0.0
2026-09-21T02:54:24.468809,1789939464.4682052,0.0,0.0,0.0,0.0
2026-09-21T02:54:24.478702,1789939464.4782093,0.0,0.0,0.0,0.0
2026-09-21T02:54:24.488839,1789939464.488146,0.0,0.0,0.0,0.0
2026-09-21T02:54:24.498780,1789939464.4981222,0.0,0.0,0.0,0.0
2026-09-21T02:54:24.508710,1789939464.5081139,0.0,0.0,0.0,0.0
2026-09-21T02:54:24.518649,1789939464.518122,0.0,0.0,0.0,0.0
2026-09-21T02:54:24.528720,1789939464.5282085,0.0,0.0,0.0,0.0
2026-09-21T02:54:24.538558,1789939464.538112,0.0,0.0,0.0,0.0
2026-09-21T02:54:24.549046,1789939464.5481367,0.0,0.0,0.0,0.0
2026-09-21T02:54:24.558611,1789939464.5581312,0.0,0.0,0.0,0.0
2026-09-21T02:54:24.568602,1789939464.5681155,0.0,0.0,0.0,0.0
2026-09-21T02:54:24.578933,1789939464.5782247,0.0,0.0,0.0,0.0
2026-09-21T02:54:24.588848,1789939464.5881236,0.0,0.0,0.0,0.0
2026-09-21T02:54:24.598600,1789939464.5981154,0.0,0.0,0.0,0.0
2026-09-21T02:54:24.608815,1789939464.6081398,0.0,0.0,0.0,0.0
2026-09-21T02:54:24.618838,1789939464.618125,0.0,0.0,0.0,0.0
2026-09-21T02:54:24.628730,1789939464.6281228,0.0,0.0,0.0,0.0
2026-09-21T02:54:24.638621,1789939464.6381233,0.0,0.0,0.0,0.0
2026-09-21T02:54:24.648645,1789939464.6481273,0.0,0.0,0.0,0.0
2026-09-21T02:54:24.658642,1789939464.6581376,0.0,0.0,0.0,0.0
2026-09-21T02:54:24.668757,1789939464.668126,0.0,0.0,0.0,0.0
2026-09-21T02:54:24.678904,1789939464.6781244,0.0,0.0,0.0,0.0
2026-09-21T02:54:24.688652,1789939464.6881275,0.0,0.0,0.0,0.0
2026-09-21T02:54:24.698595,1789939464.6981192,0.0,0.0,0.0,0.0
2026-09-21T02:54:24.708844,1789939464.708141,0.0,0.0,0.0,0.0
2026-09-21T02:54:24.718790,1789939464.7181244,0.0,0.0,0.0,0.0
2026-09-21T02:54:24.728834,1789939464.7281241,0.0,0.0,0.0,0.0
2026-09-21T02:54:24.739035,1789939464.7383084,0.0,0.0,0.0,0.0
2026-09-21T02:54:24.748663,1789939464.7481227,0.0,0.0,0.0,0.0
2026-09-21T02:54:24.758699,1789939464.7581327,0.0,0.0,0.0,0.0
2026-09-21T02:54:24.769031,1789939464.7681434,0.0,0.0,0.0,0.0
2026-09-21T02:54:24.778772,1789939464.7781224,0.0,0.0,0.0,0.0
2026-09-21T02:54:24.788732,1789939464.7881236,0.0,0.0,0.0,0.0
2026-09-21T02:54:24.798606,1789939464.798126,0.0,0.0,0.0,0.0
2026-09-21T02:54:24.808716,1789939464.8081315,0.0,0.0,0.0,0.0
2026-09-21T02:54:24.818702,1789939464.8181362,0.0,0.0,0.0,0.0
2026-09-21T02:54:24.828711,1789939464.8281257,0.0,0.0,0.0,0.0
2026-09-21T02:54:24.838642,1789939464.838125,0.0,0.0,0.0,0.0
2026-09-21T02:54:24.848611,1789939464.8481274,0.0,0.0,0.0,0.0
2026-09-21T02:54:24.858568,1789939464.8581247,0.0,0.0,0.0,0.0
2026-09-21T02:54:24.868786,1789939464.8681214,0.0,0.0,0.0,0.0
2026-09-21T02:54:24.878760,1789939464.8781269,0.0,0.0,0.0,0.0
2026-09-21T02:54:24.888735,1789939464.8881273,0.0,0.0,0.0,0.0
2026-09-21T02:54:24.898890,1789939464.8981404,0.0,0.0,0.0,0.0
2026-09-21T02:54:24.908615,1789939464.908126,0.0,0.0,0.0,0.0
2026-09-21T02:54:24.918637,1789939464.9181285,0.0,0.0,0.0,0.0
2026-09-21T02:54:24.928878,1789939464.928133,0.0,0.0,0.0,0.0
2026-09-21T02:54:24.938661,1789939464.9381218,0.0,0.0,0.0,0.0
2026-09-21T02:54:24.948771,1789939464.9481378,0.0,0.0,0.0,0.0
2026-09-21T02:54:24.958572,1789939464.9581158,0.0,0.0,0.0,0.0
2026-09-21T02:54:24.968783,1789939464.9681287,0.0,0.0,0.0,0.0
2026-09-21T02:54:24.978758,1789939464.9781368,0.0,0.0,0.0,0.0
2026-09-21T02:54:24.988693,1789939464.9881268,0.0,0.0,0.0,0.0
2026-09-21T02:54:24.998636,1789939464.998129,0.0,0.0,0.0,0.0
2026-09-21T02:54:25.008683,1789939465.0081332,0.0,0.0,0.0,0.0
2026-09-21T02:54:25.018737,1789939465.0181272,0.0,0.0,0.0,0.0
2026-09-21T02:54:25.028867,1789939465.0281708,0.0,0.0,0.0,0.0
2026-09-21T02:54:25.038679,1789939465.0381224,0.0,0.0,0.0,0.0
2026-09-21T02:54:25.048613,1789939465.0481203,0.0,0.0,0.0,0.0
2026-09-21T02:54:25.058754,1789939465.0581408,0.0,0.0,0.0,0.0
2026-09-21T02:54:25.068839,1789939465.068152,0.0,0.0,0.0,0.0
2026-09-21T02:54:25.078882,1789939465.0781314,0.0,0.0,0.0,0.0
2026-09-21T02:54:25.088734,1789939465.0881126,0.0,0.0,0.0,0.0
2026-09-21T02:54:25.098604,1789939465.0981345,0.0,0.0,0.0,0.0
2026-09-21T02:54:25.108662,1789939465.1081264,0.0,0.0,0.0,0.0
2026-09-21T02:54:25.118717,1789939465.118122,0.0,0.0,0.0,0.0
2026-09-21T02:54:25.128818,1789939465.1281319,0.0,0.0,0.0,0.0
2026-09-21T02:54:25.138694,1789939465.1381238,0.0,0.0,0.0,0.0
2026-09-21T02:54:25.148823,1789939465.1481216,0.0,0.0,0.0,0.0
2026-09-21T02:54:25.158641,1789939465.1581259,0.0,0.0,0.0,0.0
2026-09-21T02:54:25.168767,1789939465.1681228,0.0,0.0,0.0,0.0
2026-09-21T02:54:25.178735,1789939465.1781428,0.0,0.0,0.0,0.0
2026-09-21T02:54:25.188838,1789939465.1881492,0.0,0.0,0.0,0.0
2026-09-21T02:54:25.198672,1789939465.1981237,0.0,0.0,0.0,0.0
2026-09-21T02:54:25.208644,1789939465.2081268,0.0,0.0,0.0,0.0
2026-09-21T02:54:25.218942,1789939465.2181273,0.0,0.0,0.0,0.0
2026-09-21T02:54:25.228767,1789939465.228149,0.0,0.0,0.0,0.0
2026-09-21T02:54:25.238616,1789939465.23812,0.0,0.0,0.0,0.0
2026-09-21T02:54:25.248670,1789939465.2481234,0.0,0.0,0.0,0.0
2026-09-21T02:54:25.258580,1789939465.2581174,0.0,0.0,0.0,0.0
2026-09-21T02:54:25.269434,1789939465.2681272,0.0,0.0,0.0,0.0
2026-09-21T02:54:25.278763,1789939465.2781234,0.0,0.0,0.0,0.0
2026-09-21T02:54:25.288688,1789939465.2881236,0.0,0.0,0.0,0.0
2026-09-21T02:54:25.298684,1789939465.2981255,0.0,0.0,0.0,0.0
2026-09-21T02:54:25.308702,1789939465.3081229,0.0,0.0,0.0,0.0
2026-09-21T02:54:25.318731,1789939465.318124,0.0,0.0,0.0,0.0
2026-09-21T02:54:25.328747,1789939465.328127,0.0,0.0,0.0,0.0
2026-09-21T02:54:25.338583,1789939465.3381207,0.0,0.0,0.0,0.0
2026-09-21T02:54:25.348895,1789939465.3481307,0.0,0.0,0.0,0.0
2026-09-21T02:54:25.358645,1789939465.3581285,0.0,0.0,0.0,0.0
2026-09-21T02:54:25.368639,1789939465.3681204,0.0,0.0,0.0,0.0
2026-09-21T02:54:25.379288,1789939465.378161,0.0,0.0,0.0,0.0
2026-09-21T02:54:25.388758,1789939465.3881412,0.0,0.0,0.0,0.0
2026-09-21T02:54:25.398640,1789939465.3981166,0.0,0.0,0.0,0.0
2026-09-21T02:54:25.408750,1789939465.4081426,0.0,0.0,0.0,0.0
2026-09-21T02:54:25.418731,1789939465.4181259,0.0,0.0,0.0,0.0
2026-09-21T02:54:25.428770,1789939465.4281423,0.0,0.0,0.0,0.0
2026-09-21T02:54:25.438721,1789939465.4381201,0.0,0.0,0.0,0.0
2026-09-21T02:54:25.448724,1789939465.4481373,0.0,0.0,0.0,0.0
2026-09-21T02:54:25.458677,1789939465.458152,0.0,0.0,0.0,0.0
2026-09-21T02:54:25.468647,1789939465.4681365,0.0,0.0,0.0,0.0
2026-09-21T02:54:25.478741,1789939465.4781444,0.0,0.0,0.0,0.0
2026-09-21T02:54:25.488711,1789939465.4881403,0.0,0.0,0.0,0.0
2026-09-21T02:54:25.498616,1789939465.498138,0.0,0.0,0.0,0.0
2026-09-21T02:54:25.508646,1789939465.508133,0.0,0.0,0.0,0.0
2026-09-21T02:54:25.518635,1789939465.5181367,0.0,0.0,0.0,0.0
2026-09-21T02:54:25.528741,1789939465.5281434,0.0,0.0,0.0,0.0
2026-09-21T02:54:25.538632,1789939465.538119,0.0,0.0,0.0,0.0
2026-09-21T02:54:25.548670,1789939465.5481381,0.0,0.0,0.0,0.0
2026-09-21T02:54:25.558642,1789939465.5581598,0.0,0.0,0.0,0.0
2026-09-21T02:54:25.569107,1789939465.568139,0.0,0.0,0.0,0.0
2026-09-21T02:54:25.578754,1789939465.5781484,0.0,0.0,0.0,0.0
2026-09-21T02:54:25.588861,1789939465.5881326,0.0,0.0,0.0,0.0
2026-09-21T02:54:25.598577,1789939465.59812,0.0,0.0,0.0,0.0
2026-09-21T02:54:25.608692,1789939465.6081297,0.0,0.0,0.0,0.0
2026-09-21T02:54:25.618609,1789939465.6181445,0.0,0.0,0.0,0.0
2026-09-21T02:54:25.628748,1789939465.6281428,0.0,0.0,0.0,0.0
2026-09-21T02:54:25.639128,1789939465.6381724,0.0,0.0,0.0,0.0
2026-09-21T02:54:25.648610,1789939465.6481473,0.0,0.0,0.0,0.0
2026-09-21T02:54:25.658647,1789939465.6581404,0.0,0.0,0.0,0.0
2026-09-21T02:54:25.668727,1789939465.668201,0.0,0.0,0.0,0.0
2026-09-21T02:54:25.678801,1789939465.678141,0.0,0.0,0.0,0.0
2026-09-21T02:54:25.688991,1789939465.688135,0.0,0.0,0.0,0.0
2026-09-21T02:54:25.698693,1789939465.6981375,0.0,0.0,0.0,0.0
2026-09-21T02:54:25.708902,1789939465.7081501,0.0,0.0,0.0,0.0
2026-09-21T02:54:25.718671,1789939465.7181344,0.0,0.0,0.0,0.0
2026-09-21T02:54:25.728714,1789939465.7281346,0.0,0.0,0.0,0.0
2026-09-21T02:54:25.738727,1789939465.7381463,0.0,0.0,0.0,0.0
2026-09-21T02:54:25.748646,1789939465.7481384,0.0,0.0,0.0,0.0
2026-09-21T02:54:25.758635,1789939465.7581408,0.0,0.0,0.0,0.0
2026-09-21T02:54:25.768745,1789939465.7681367,0.0,0.0,0.0,0.0
2026-09-21T02:54:25.778787,1789939465.7781923,0.0,0.0,0.0,0.0
2026-09-21T02:54:25.788803,1789939465.7881227,0.0,0.0,0.0,0.0
2026-09-21T02:54:25.798652,1789939465.7981253,0.0,0.0,0.0,0.0
2026-09-21T02:54:25.808669,1789939465.8081295,0.0,0.0,0.0,0.0
2026-09-21T02:54:25.818594,1789939465.818125,0.0,0.0,0.0,0.0
2026-09-21T02:54:25.829084,1789939465.8281834,0.0,0.0,0.0,0.0
2026-09-21T02:54:25.838658,1789939465.8381176,0.0,0.0,0.0,0.0
2026-09-21T02:54:25.848875,1789939465.848145,0.0,0.0,0.0,0.0
2026-09-21T02:54:25.858686,1789939465.8581223,0.0,0.0,0.0,0.0
2026-09-21T02:54:25.868570,1789939465.8681376,0.0,0.0,0.0,0.0
2026-09-21T02:54:25.878770,1789939465.8781302,0.0,0.0,0.0,0.0
2026-09-21T02:54:25.888993,1789939465.8881273,0.0,0.0,0.0,0.0
2026-09-21T02:54:25.898667,1789939465.8981447,0.0,0.0,0.0,0.0
2026-09-21T02:54:25.908677,1789939465.9081192,0.0,0.0,0.0,0.0
2026-09-21T02:54:25.918637,1789939465.9181237,0.0,0.0,0.0,0.0
2026-09-21T02:54:25.928832,1789939465.928189,0.0,0.0,0.0,0.0
2026-09-21T02:54:25.938856,1789939465.9381707,0.0,0.0,0.0,0.0
2026-09-21T02:54:25.948612,1789939465.9481184,0.0,0.0,0.0,0.0
2026-09-21T02:54:25.958587,1789939465.9581218,0.0,0.0,0.0,0.0
2026-09-21T02:54:25.968649,1789939465.9681556,0.0,0.0,0.0,0.0
2026-09-21T02:54:25.978700,1789939465.9781203,0.0,0.0,0.0,0.0
2026-09-21T02:54:25.989146,1789939465.9881475,0.0,0.0,0.0,0.0
2026-09-21T02:54:25.998759,1789939465.9982092,0.0,0.0,0.0,0.0
2026-09-21T02:54:26.008642,1789939466.008119,0.0,0.0,0.0,0.0
2026-09-21T02:54:26.018875,1789939466.0181336,0.0,0.0,0.0,0.0
2026-09-21T02:54:26.028771,1789939466.0281386,0.0,0.0,0.0,0.0
2026-09-21T02:54:26.038818,1789939466.0381238,0.0,0.0,0.0,0.0
2026-09-21T02:54:26.048852,1789939466.0482535,0.0,0.0,0.0,0.0
2026-09-21T02:54:26.058594,1789939466.0581284,0.0,0.0,0.0,0.0
2026-09-21T02:54:26.068611,1789939466.068127,0.0,0.0,0.0,0.0
2026-09-21T02:54:26.078747,1789939466.0781517,0.0,0.0,0.0,0.0
2026-09-21T02:54:26.089211,1789939466.088129,0.0,0.0,0.0,0.0
2026-09-21T02:54:26.098576,1789939466.0981262,0.0,0.0,0.0,0.0
2026-09-21T02:54:26.108969,1789939466.1082113,0.0,0.0,0.0,0.0
2026-09-21T02:54:26.118636,1789939466.1181273,0.0,0.0,0.0,0.0
2026-09-21T02:54:26.128927,1789939466.1281896,0.0,0.0,0.0,0.0
2026-09-21T02:54:26.138756,1789939466.1381242,0.0,0.0,0.0,0.0
2026-09-21T02:54:26.148802,1789939466.1481392,0.0,0.0,0.0,0.0
2026-09-21T02:54:26.158650,1789939466.158127,0.0,0.0,0.0,0.0
2026-09-21T02:54:26.168659,1789939466.1681216,0.0,0.0,0.0,0.0
2026-09-21T02:54:26.178829,1789939466.1781368,0.0,0.0,0.0,0.0
2026-09-21T02:54:26.188860,1789939466.1881676,0.0,0.0,0.0,0.0
2026-09-21T02:54:26.198584,1789939466.1981206,0.0,0.0,0.0,0.0
2026-09-21T02:54:26.208730,1789939466.208123,0.0,0.0,0.0,0.0
2026-09-21T02:54:26.218652,1789939466.2181332,0.0,0.0,0.0,0.0
2026-09-21T02:54:26.228772,1789939466.2281306,0.0,0.0,0.0,0.0
2026-09-21T02:54:26.238637,1789939466.2381291,0.0,0.0,0.0,0.0
2026-09-21T02:54:26.248846,1789939466.2481837,0.0,0.0,0.0,0.0
2026-09-21T02:54:26.258572,1789939466.258119,0.0,0.0,0.0,0.0
2026-09-21T02:54:26.268500,1789939466.2681246,0.0,0.0,0.0,0.0
2026-09-21T02:54:26.278899,1789939466.2781782,0.0,0.0,0.0,0.0
2026-09-21T02:54:26.288759,1789939466.2881231,0.0,0.0,0.0,0.0
2026-09-21T02:54:26.298559,1789939466.2981195,0.0,0.0,0.0,0.0
2026-09-21T02:54:26.308888,1789939466.308185,0.0,0.0,0.0,0.0
2026-09-21T02:54:26.318624,1789939466.3181195,0.0,0.0,0.0,0.0
2026-09-21T02:54:26.328865,1789939466.3281643,0.0,0.0,0.0,0.0
2026-09-21T02:54:26.338784,1789939466.3381426,0.0,0.0,0.0,0.0
2026-09-21T02:54:26.348640,1789939466.3481274,0.0,0.0,0.0,0.0
2026-09-21T02:54:26.358625,1789939466.358126,0.0,0.0,0.0,0.0
2026-09-21T02:54:26.368622,1789939466.3681197,0.0,0.0,0.0,0.0
2026-09-21T02:54:26.378651,1789939466.378124,0.0,0.0,0.0,0.0
2026-09-21T02:54:26.388673,1789939466.3881295,0.0,0.0,0.0,0.0
2026-09-21T02:54:26.398622,1789939466.3981204,0.0,0.0,0.0,0.0
2026-09-21T02:54:26.408666,1789939466.4081347,0.0,0.0,0.0,0.0
2026-09-21T02:54:26.418610,1789939466.4181228,0.0,0.0,0.0,0.0
2026-09-21T02:54:26.428762,1789939466.4281182,0.0,0.0,0.0,0.0
2026-09-21T02:54:26.438658,1789939466.4381502,0.0,0.0,0.0,0.0
2026-09-21T02:54:26.448625,1789939466.4481208,0.0,0.0,0.0,0.0
2026-09-21T02:54:26.458637,1789939466.4581265,0.0,0.0,0.0,0.0
2026-09-21T02:54:26.468790,1789939466.468149,0.0,0.0,0.0,0.0
2026-09-21T02:54:26.478697,1789939466.4781275,0.0,0.0,0.0,0.0
2026-09-21T02:54:26.488794,1789939466.4881263,0.0,0.0,0.0,0.0
2026-09-21T02:54:26.498806,1789939466.498194,0.0,0.0,0.0,0.0
2026-09-21T02:54:26.508685,1789939466.5081284,0.0,0.0,0.0,0.0
2026-09-21T02:54:26.518596,1789939466.5181217,0.0,0.0,0.0,0.0
2026-09-21T02:54:26.528615,1789939466.528128,0.0,0.0,0.0,0.0
2026-09-21T02:54:26.538705,1789939466.538134,0.0,0.0,0.0,0.0
2026-09-21T02:54:26.548606,1789939466.5481207,0.0,0.0,0.0,0.0
2026-09-21T02:54:26.558605,1789939466.55812,0.0,0.0,0.0,0.0
2026-09-21T02:54:26.568796,1789939466.5681493,0.0,0.0,0.0,0.0
2026-09-21T02:54:26.578690,1789939466.57812,0.0,0.0,0.0,0.0
2026-09-21T02:54:26.588667,1789939466.588142,0.0,0.0,0.0,0.0
2026-09-21T02:54:26.598667,1789939466.5981283,0.0,0.0,0.0,0.0
2026-09-21T02:54:26.608726,1789939466.6081333,0.0,0.0,0.0,0.0
2026-09-21T02:54:26.618703,1789939466.6181324,0.0,0.0,0.0,0.0
2026-09-21T02:54:26.629139,1789939466.6281343,0.0,0.0,0.0,0.0
2026-09-21T02:54:26.638596,1789939466.638128,0.0,0.0,0.0,0.0
2026-09-21T02:54:26.648773,1789939466.6481462,0.0,0.0,0.0,0.0
2026-09-21T02:54:26.658675,1789939466.6581273,0.0,0.0,0.0,0.0
2026-09-21T02:54:26.668609,1789939466.668162,0.0,0.0,0.0,0.0
2026-09-21T02:54:26.678622,1789939466.6781292,0.0,0.0,0.0,0.0
2026-09-21T02:54:26.688670,1789939466.6881163,0.0,0.0,0.0,0.0
2026-09-21T02:54:26.698658,1789939466.6981277,0.0,0.0,0.0,0.0
2026-09-21T02:54:26.708643,1789939466.708128,0.0,0.0,0.0,0.0
2026-09-21T02:54:26.718612,1789939466.7181475,0.0,0.0,0.0,0.0
2026-09-21T02:54:26.728865,1789939466.7281203,0.0,0.0,0.0,0.0
2026-09-21T02:54:26.738717,1789939466.7381265,0.0,0.0,0.0,0.0
2026-09-21T02:54:26.748611,1789939466.7481177,0.0,0.0,0.0,0.0
2026-09-21T02:54:26.758792,1789939466.758133,0.0,0.0,0.0,0.0
2026-09-21T02:54:26.768626,1789939466.768137,0.0,0.0,0.0,0.0
2026-09-21T02:54:26.778698,1789939466.7781208,0.0,0.0,0.0,0.0
2026-09-21T02:54:26.788815,1789939466.788137,0.0,0.0,0.0,0.0
2026-09-21T02:54:26.798587,1789939466.7981207,0.0,0.0,0.0,0.0
2026-09-21T02:54:26.808694,1789939466.8081236,0.0,0.0,0.0,0.0
2026-09-21T02:54:26.818909,1789939466.8181825,0.0,0.0,0.0,0.0
2026-09-21T02:54:26.828694,1789939466.828137,0.0,0.0,0.0,0.0
2026-09-21T02:54:26.838660,1789939466.8381379,0.0,0.0,0.0,0.0
2026-09-21T02:54:26.848629,1789939466.8481228,0.0,0.0,0.0,0.0
2026-09-21T02:54:26.858601,1789939466.8581212,0.0,0.0,0.0,0.0
2026-09-21T02:54:26.868582,1789939466.868112,0.0,0.0,0.0,0.0
2026-09-21T02:54:26.878609,1789939466.8781266,0.0,0.0,0.0,0.0
2026-09-21T02:54:26.888718,1789939466.8881378,0.0,0.0,0.0,0.0
2026-09-21T02:54:26.898535,1789939466.8981214,0.0,0.0,0.0,0.0
2026-09-21T02:54:26.908628,1789939466.9081275,0.0,0.0,0.0,0.0
2026-09-21T02:54:26.918694,1789939466.9181254,0.0,0.0,0.0,0.0
2026-09-21T02:54:26.928764,1789939466.9281726,0.0,0.0,0.0,0.0
2026-09-21T02:54:26.938628,1789939466.938121,0.0,0.0,0.0,0.0
2026-09-21T02:54:26.948827,1789939466.9481316,0.0,0.0,0.0,0.0
2026-09-21T02:54:26.958719,1789939466.9581432,0.0,0.0,0.0,0.0
2026-09-21T02:54:26.968500,1789939466.9681256,0.0,0.0,0.0,0.0
2026-09-21T02:54:26.978676,1789939466.978123,0.0,0.0,0.0,0.0
2026-09-21T02:54:26.988592,1789939466.9881444,0.0,0.0,0.0,0.0
2026-09-21T02:54:26.998587,1789939466.998118,0.0,0.0,0.0,0.0
2026-09-21T02:54:27.008806,1789939467.0081227,0.0,0.0,0.0,0.0
2026-09-21T02:54:27.018699,1789939467.0181437,0.0,0.0,0.0,0.0
2026-09-21T02:54:27.028680,1789939467.0281188,0.0,0.0,0.0,0.0
2026-09-21T02:54:27.038592,1789939467.038137,0.0,0.0,0.0,0.0
2026-09-21T02:54:27.048630,1789939467.0481424,0.0,0.0,0.0,0.0
2026-09-21T02:54:27.058665,1789939467.0581262,0.0,0.0,0.0,0.0
2026-09-21T02:54:27.068580,1789939467.0681176,0.0,0.0,0.0,0.0
2026-09-21T02:54:27.078646,1789939467.078119,0.0,0.0,0.0,0.0
2026-09-21T02:54:27.088610,1789939467.0881226,0.0,0.0,0.0,0.0
2026-09-21T02:54:27.098578,1789939467.0981233,0.0,0.0,0.0,0.0
2026-09-21T02:54:27.108785,1789939467.1081398,0.0,0.0,0.0,0.0
2026-09-21T02:54:27.118556,1789939467.11812,0.0,0.0,0.0,0.0
2026-09-21T02:54:27.128649,1789939467.1281223,0.0,0.0,0.0,0.0
2026-09-21T02:54:27.138677,1789939467.1381338,0.0,0.0,0.0,0.0
2026-09-21T02:54:27.148735,1789939467.148165,0.0,0.0,0.0,0.0
2026-09-21T02:54:27.158612,1789939467.1581316,0.0,0.0,0.0,0.0
2026-09-21T02:54:27.168746,1789939467.1681457,0.0,0.0,0.0,0.0
2026-09-21T02:54:27.178590,1789939467.1781232,0.0,0.0,0.0,0.0
2026-09-21T02:54:27.188581,1789939467.188118,0.0,0.0,0.0,0.0
2026-09-21T02:54:27.198594,1789939467.1981218,0.0,0.0,0.0,0.0
2026-09-21T02:54:27.208701,1789939467.2081351,0.0,0.0,0.0,0.0
2026-09-21T02:54:27.218572,1789939467.2181318,0.0,0.0,0.0,0.0
2026-09-21T02:54:27.228930,1789939467.2281394,0.0,0.0,0.0,0.0
2026-09-21T02:54:27.238609,1789939467.238124,0.0,0.0,0.0,0.0
2026-09-21T02:54:27.248715,1789939467.2481253,0.0,0.0,0.0,0.0
2026-09-21T02:54:27.258578,1789939467.2581217,0.0,0.0,0.0,0.0
2026-09-21T02:54:27.268729,1789939467.2681339,0.0,0.0,0.0,0.0
2026-09-21T02:54:27.278569,1789939467.278123,0.0,0.0,0.0,0.0
2026-09-21T02:54:27.288634,1789939467.288132,0.0,0.0,0.0,0.0
2026-09-21T02:54:27.298830,1789939467.2981253,0.0,0.0,0.0,0.0
2026-09-21T02:54:27.308693,1789939467.3081262,0.0,0.0,0.0,0.0
2026-09-21T02:54:27.318565,1789939467.3181293,0.0,0.0,0.0,0.0
2026-09-21T02:54:27.328737,1789939467.328144,0.0,0.0,0.0,0.0
2026-09-21T02:54:27.338607,1789939467.338128,0.0,0.0,0.0,0.0
2026-09-21T02:54:27.348721,1789939467.348154,0.0,0.0,0.0,0.0
2026-09-21T02:54:27.358571,1789939467.3581278,0.0,0.0,0.0,0.0
2026-09-21T02:54:27.368712,1789939467.3681388,0.0,0.0,0.0,0.0
2026-09-21T02:54:27.378522,1789939467.3781302,0.0,0.0,0.0,0.0
2026-09-21T02:54:27.388739,1789939467.3881457,0.0,0.0,0.0,0.0
2026-09-21T02:54:27.398647,1789939467.3981376,0.0,0.0,0.0,0.0
2026-09-21T02:54:27.408707,1789939467.4081326,0.0,0.0,0.0,0.0
2026-09-21T02:54:27.418580,1789939467.4181192,0.0,0.0,0.0,0.0
2026-09-21T02:54:27.428753,1789939467.428144,0.0,0.0,0.0,0.0
2026-09-21T02:54:27.438584,1789939467.4381185,0.0,0.0,0.0,0.0
2026-09-21T02:54:27.448647,1789939467.4481235,0.0,0.0,0.0,0.0
2026-09-21T02:54:27.458688,1789939467.4581285,0.0,0.0,0.0,0.0
2026-09-21T02:54:27.468593,1789939467.468123,0.0,0.0,0.0,0.0
2026-09-21T02:54:27.478584,1789939467.47812,0.0,0.0,0.0,0.0
2026-09-21T02:54:27.488612,1789939467.4881415,0.0,0.0,0.0,0.0
2026-09-21T02:54:27.498616,1789939467.4981184,0.0,0.0,0.0,0.0
2026-09-21T02:54:27.508685,1789939467.5081394,0.0,0.0,0.0,0.0
2026-09-21T02:54:27.518578,1789939467.5181136,0.0,0.0,0.0,0.0
2026-09-21T02:54:27.528652,1789939467.5281222,0.0,0.0,0.0,0.0
2026-09-21T02:54:27.538609,1789939467.5381203,0.0,0.0,0.0,0.0
2026-09-21T02:54:27.548684,1789939467.5481136,0.0,0.0,0.0,0.0
2026-09-21T02:54:27.558675,1789939467.558133,0.0,0.0,0.0,0.0
2026-09-21T02:54:27.568590,1789939467.5681248,0.0,0.0,0.0,0.0
2026-09-21T02:54:27.578654,1789939467.5781267,0.0,0.0,0.0,0.0
2026-09-21T02:54:27.588745,1789939467.58813,0.0,0.0,0.0,0.0
2026-09-21T02:54:27.598634,1789939467.5981274,0.0,0.0,0.0,0.0
2026-09-21T02:54:27.609042,1789939467.6081593,0.0,0.0,0.0,0.0
2026-09-21T02:54:27.618738,1789939467.6181455,0.0,0.0,0.0,0.0
2026-09-21T02:54:27.628720,1789939467.628129,0.0,0.0,0.0,0.0
2026-09-21T02:54:27.638579,1789939467.6381345,0.0,0.0,0.0,0.0
2026-09-21T02:54:27.648835,1789939467.6481187,0.0,0.0,0.0,0.0
2026-09-21T02:54:27.658958,1789939467.6581428,0.0,0.0,0.0,0.0
2026-09-21T02:54:27.668597,1789939467.668133,0.0,0.0,0.0,0.0
2026-09-21T02:54:27.678569,1789939467.6781213,0.0,0.0,0.0,0.0
2026-09-21T02:54:27.688637,1789939467.6881232,0.0,0.0,0.0,0.0
2026-09-21T02:54:27.698653,1789939467.6981301,0.0,0.0,0.0,0.0
2026-09-21T02:54:27.709041,1789939467.7081604,0.0,0.0,0.0,0.0
2026-09-21T02:54:27.718684,1789939467.7181304,0.0,0.0,0.0,0.0
2026-09-21T02:54:27.728674,1789939467.7281282,0.0,0.0,0.0,0.0
2026-09-21T02:54:27.738579,1789939467.7381132,0.0,0.0,0.0,0.0
2026-09-21T02:54:27.748824,1789939467.7481382,0.0,0.0,0.0,0.0
2026-09-21T02:54:27.759129,1789939467.7581391,0.0,0.0,0.0,0.0
2026-09-21T02:54:27.768583,1789939467.768117,0.0,0.0,0.0,0.0
2026-09-21T02:54:27.778844,1789939467.7781231,0.0,0.0,0.0,0.0
2026-09-21T02:54:27.788776,1789939467.7881234,0.0,0.0,0.0,0.0
2026-09-21T02:54:27.798617,1789939467.7981215,0.0,0.0,0.0,0.0
2026-09-21T02:54:27.809120,1789939467.8081396,0.0,0.0,0.0,0.0
2026-09-21T02:54:27.818610,1789939467.8181405,0.0,0.0,0.0,0.0
2026-09-21T02:54:27.828703,1789939467.8281217,0.0,0.0,0.0,0.0
2026-09-21T02:54:27.838602,1789939467.838123,0.0,0.0,0.0,0.0
2026-09-21T02:54:27.848883,1789939467.8481443,0.0,0.0,0.0,0.0
2026-09-21T02:54:27.859153,1789939467.8581507,0.0,0.0,0.0,0.0
2026-09-21T02:54:27.868614,1789939467.868113,0.0,0.0,0.0,0.0
2026-09-21T02:54:27.878647,1789939467.878118,0.0,0.0,0.0,0.0
2026-09-21T02:54:27.888654,1789939467.8881161,0.0,0.0,0.0,0.0
2026-09-21T02:54:27.898702,1789939467.8981228,0.0,0.0,0.0,0.0
2026-09-21T02:54:27.909137,1789939467.9081385,0.0,0.0,0.0,0.0
2026-09-21T02:54:27.918615,1789939467.9181182,0.0,0.0,0.0,0.0
2026-09-21T02:54:27.928706,1789939467.928121,0.0,0.0,0.0,0.0
2026-09-21T02:54:27.938685,1789939467.9381168,0.0,0.0,0.0,0.0
2026-09-21T02:54:27.948619,1789939467.9481263,0.0,0.0,0.0,0.0
2026-09-21T02:54:27.959107,1789939467.9581563,0.0,0.0,0.0,0.0
2026-09-21T02:54:27.968701,1789939467.968143,0.0,0.0,0.0,0.0
2026-09-21T02:54:27.978621,1789939467.9781382,0.0,0.0,0.0,0.0
2026-09-21T02:54:27.988586,1789939467.9881163,0.0,0.0,0.0,0.0
2026-09-21T02:54:27.998572,1789939467.9981213,0.0,0.0,0.0,0.0
2026-09-21T02:54:28.008932,1789939468.0081513,0.0,0.0,0.0,0.0
2026-09-21T02:54:28.018652,1789939468.0181334,0.0,0.0,0.0,0.0
2026-09-21T02:54:28.028788,1789939468.0281303,0.0,0.0,0.0,0.0
2026-09-21T02:54:28.038594,1789939468.038117,0.0,0.0,0.0,0.0
2026-09-21T02:54:28.048677,1789939468.0481358,0.0,0.0,0.0,0.0
2026-09-21T02:54:28.058566,1789939468.0581245,0.0,0.0,0.0,0.0
2026-09-21T02:54:28.068711,1789939468.0681357,0.0,0.0,0.0,0.0
2026-09-21T02:54:28.078577,1789939468.0781176,0.0,0.0,0.0,0.0
2026-09-21T02:54:28.088626,1789939468.0881195,0.0,0.0,0.0,0.0
2026-09-21T02:54:28.098929,1789939468.0981264,0.0,0.0,0.0,0.0
2026-09-21T02:54:28.109136,1789939468.1081674,0.0,0.0,0.0,0.0
2026-09-21T02:54:28.118613,1789939468.1181254,0.0,0.0,0.0,0.0
2026-09-21T02:54:28.128617,1789939468.1281452,0.0,0.0,0.0,0.0
2026-09-21T02:54:28.138713,1789939468.1381323,0.0,0.0,0.0,0.0
2026-09-21T02:54:28.148706,1789939468.148136,0.0,0.0,0.0,0.0
2026-09-21T02:54:28.159049,1789939468.1581333,0.0,0.0,0.0,0.0
2026-09-21T02:54:28.168925,1789939468.1681566,0.0,0.0,0.0,0.0
2026-09-21T02:54:28.178582,1789939468.1781182,0.0,0.0,0.0,0.0
2026-09-21T02:54:28.188634,1789939468.1881342,0.0,0.0,0.0,0.0
2026-09-21T02:54:28.198575,1789939468.198122,0.0,0.0,0.0,0.0
2026-09-21T02:54:28.209134,1789939468.2081313,0.0,0.0,0.0,0.0
2026-09-21T02:54:28.218683,1789939468.2181222,0.0,0.0,0.0,0.0
2026-09-21T02:54:28.228710,1789939468.228127,0.0,0.0,0.0,0.0
2026-09-21T02:54:28.238603,1789939468.2381265,0.0,0.0,0.0,0.0
2026-09-21T02:54:28.248822,1789939468.248126,0.0,0.0,0.0,0.0
2026-09-21T02:54:28.259267,1789939468.2581513,0.0,0.0,0.0,0.0
2026-09-21T02:54:28.268551,1789939468.2681282,0.0,0.0,0.0,0.0
2026-09-21T02:54:28.278568,1789939468.2781339,0.0,0.0,0.0,0.0
2026-09-21T02:54:28.288611,1789939468.2881207,0.0,0.0,0.0,0.0
2026-09-21T02:54:28.298638,1789939468.2981293,0.0,0.0,0.0,0.0
2026-09-21T02:54:28.308837,1789939468.3081496,0.0,0.0,0.0,0.0
2026-09-21T02:54:28.318581,1789939468.318122,0.0,0.0,0.0,0.0
2026-09-21T02:54:28.328782,1789939468.328138,0.0,0.0,0.0,0.0
2026-09-21T02:54:28.338579,1789939468.3381145,0.0,0.0,0.0,0.0
2026-09-21T02:54:28.348608,1789939468.348126,0.0,0.0,0.0,0.0
2026-09-21T02:54:28.359148,1789939468.3581405,0.0,0.0,0.0,0.0
2026-09-21T02:54:28.368736,1789939468.3681364,0.0,0.0,0.0,0.0
2026-09-21T02:54:28.378677,1789939468.3781345,0.0,0.0,0.0,0.0
2026-09-21T02:54:28.388717,1789939468.3881347,0.0,0.0,0.0,0.0
2026-09-21T02:54:28.398574,1789939468.398122,0.0,0.0,0.0,0.0
2026-09-21T02:54:28.409137,1789939468.4081304,0.0,0.0,0.0,0.0
2026-09-21T02:54:28.418774,1789939468.4181323,0.0,0.0,0.0,0.0
2026-09-21T02:54:28.428712,1789939468.4281273,0.0,0.0,0.0,0.0
2026-09-21T02:54:28.438586,1789939468.4381304,0.0,0.0,0.0,0.0
2026-09-21T02:54:28.448638,1789939468.4481268,0.0,0.0,0.0,0.0
2026-09-21T02:54:28.458739,1789939468.4581456,0.0,0.0,0.0,0.0
2026-09-21T02:54:28.468614,1789939468.4681332,0.0,0.0,0.0,0.0
2026-09-21T02:54:28.478662,1789939468.4781246,0.0,0.0,0.0,0.0
2026-09-21T02:54:28.488678,1789939468.48812,0.0,0.0,0.0,0.0
2026-09-21T02:54:28.498700,1789939468.498142,0.0,0.0,0.0,0.0
2026-09-21T02:54:28.509190,1789939468.5081298,0.0,0.0,0.0,0.0
2026-09-21T02:54:28.518639,1789939468.5181203,0.0,0.0,0.0,0.0
2026-09-21T02:54:28.528761,1789939468.5281186,0.0,0.0,0.0,0.0
2026-09-21T02:54:28.538633,1789939468.5381157,0.0,0.0,0.0,0.0
2026-09-21T02:54:28.548787,1789939468.548131,0.0,0.0,0.0,0.0
2026-09-21T02:54:28.559084,1789939468.5581284,0.0,0.0,0.0,0.0
2026-09-21T02:54:28.568652,1789939468.568124,0.0,0.0,0.0,0.0
2026-09-21T02:54:28.578835,1789939468.578131,0.0,0.0,0.0,0.0
2026-09-21T02:54:28.588628,1789939468.5881224,0.0,0.0,0.0,0.0
2026-09-21T02:54:28.598669,1789939468.5981486,0.0,0.0,0.0,0.0
2026-09-21T02:54:28.608710,1789939468.6081297,0.0,0.0,0.0,0.0
2026-09-21T02:54:28.618679,1789939468.6181295,0.0,0.0,0.0,0.0
2026-09-21T02:54:28.628605,1789939468.6281245,0.0,0.0,0.0,0.0
2026-09-21T02:54:28.638682,1789939468.6381228,0.0,0.0,0.0,0.0
2026-09-21T02:54:28.648673,1789939468.648127,0.0,0.0,0.0,0.0
2026-09-21T02:54:28.658640,1789939468.6581197,0.0,0.0,0.0,0.0
2026-09-21T02:54:28.668603,1789939468.6681294,0.0,0.0,0.0,0.0
2026-09-21T02:54:28.678602,1789939468.678131,0.0,0.0,0.0,0.0
2026-09-21T02:54:28.688627,1789939468.6881478,0.0,0.0,0.0,0.0
2026-09-21T02:54:28.698674,1789939468.6981273,0.0,0.0,0.0,0.0
2026-09-21T02:54:28.708981,1789939468.7081535,0.0,0.0,0.0,0.0
2026-09-21T02:54:28.718588,1789939468.718121,0.0,0.0,0.0,0.0
2026-09-21T02:54:28.728628,1789939468.728125,0.0,0.0,0.0,0.0
2026-09-21T02:54:28.738695,1789939468.738129,0.0,0.0,0.0,0.0
2026-09-21T02:54:28.748643,1789939468.7481163,0.0,0.0,0.0,0.0
2026-09-21T02:54:28.758668,1789939468.7581284,0.0,0.0,0.0,0.0
2026-09-21T02:54:28.768561,1789939468.7681234,0.0,0.0,0.0,0.0
2026-09-21T02:54:28.778639,1789939468.7781293,0.0,0.0,0.0,0.0
2026-09-21T02:54:28.788700,1789939468.7881505,0.0,0.0,0.0,0.0
2026-09-21T02:54:28.798642,1789939468.7981317,0.0,0.0,0.0,0.0
2026-09-21T02:54:28.808924,1789939468.808127,0.0,0.0,0.0,0.0
2026-09-21T02:54:28.818543,1789939468.81813,0.0,0.0,0.0,0.0
2026-09-21T02:54:28.828648,1789939468.8281314,0.0,0.0,0.0,0.0
2026-09-21T02:54:28.838718,1789939468.8381267,0.0,0.0,0.0,0.0
2026-09-21T02:54:28.848703,1789939468.848135,0.0,0.0,0.0,0.0
2026-09-21T02:54:28.858841,1789939468.8581312,0.0,0.0,0.0,0.0
2026-09-21T02:54:28.868776,1789939468.8681285,0.0,0.0,0.0,0.0
2026-09-21T02:54:28.878637,1789939468.8781278,0.0,0.0,0.0,0.0
2026-09-21T02:54:28.888610,1789939468.8881233,0.0,0.0,0.0,0.0
2026-09-21T02:54:28.898711,1789939468.898142,0.0,0.0,0.0,0.0
2026-09-21T02:54:28.908646,1789939468.9081368,0.0,0.0,0.0,0.0
2026-09-21T02:54:28.918592,1789939468.9181232,0.0,0.0,0.0,0.0
2026-09-21T02:54:28.928656,1789939468.9281225,0.0,0.0,0.0,0.0
2026-09-21T02:54:28.938672,1789939468.9381235,0.0,0.0,0.0,0.0
2026-09-21T02:54:28.948666,1789939468.9481297,0.0,0.0,0.0,0.0
2026-09-21T02:54:28.958763,1789939468.9581203,0.0,0.0,0.0,0.0
2026-09-21T02:54:28.968598,1789939468.9681275,0.0,0.0,0.0,0.0
2026-09-21T02:54:28.978585,1789939468.978122,0.0,0.0,0.0,0.0
2026-09-21T02:54:28.988694,1789939468.9881527,0.0,0.0,0.0,0.0
2026-09-21T02:54:28.998612,1789939468.9981263,0.0,0.0,0.0,0.0
2026-09-21T02:54:29.008863,1789939469.0081217,0.0,0.0,0.0,0.0
2026-09-21T02:54:29.018596,1789939469.0181255,0.0,0.0,0.0,0.0
2026-09-21T02:54:29.028882,1789939469.0281365,0.0,0.0,0.0,0.0
2026-09-21T02:54:29.038593,1789939469.0381298,0.0,0.0,0.0,0.0
2026-09-21T02:54:29.048667,1789939469.0481248,0.0,0.0,0.0,0.0
2026-09-21T02:54:29.059035,1789939469.0581477,0.0,0.0,0.0,0.0
2026-09-21T02:54:29.068607,1789939469.0681226,0.0,0.0,0.0,0.0
2026-09-21T02:54:29.078579,1789939469.0781193,0.0,0.0,0.0,0.0
2026-09-21T02:54:29.088679,1789939469.088123,0.0,0.0,0.0,0.0
2026-09-21T02:54:29.098583,1789939469.098121,0.0,0.0,0.0,0.0
2026-09-21T02:54:29.108694,1789939469.1081371,0.0,0.0,0.0,0.0
2026-09-21T02:54:29.118674,1789939469.1181455,0.0,0.0,0.0,0.0
2026-09-21T02:54:29.128859,1789939469.1281285,0.0,0.0,0.0,0.0
2026-09-21T02:54:29.138626,1789939469.138125,0.0,0.0,0.0,0.0
2026-09-21T02:54:29.148598,1789939469.148115,0.0,0.0,0.0,0.0
2026-09-21T02:54:29.158820,1789939469.1581237,0.0,0.0,0.0,0.0
2026-09-21T02:54:29.168592,1789939469.16812,0.0,0.0,0.0,0.0
2026-09-21T02:54:29.178658,1789939469.1781347,0.0,0.0,0.0,0.0
2026-09-21T02:54:29.188797,1789939469.188134,0.0,0.0,0.0,0.0
2026-09-21T02:54:29.198701,1789939469.1981275,0.0,0.0,0.0,0.0
2026-09-21T02:54:29.208677,1789939469.2081444,0.0,0.0,0.0,0.0
2026-09-21T02:54:29.218698,1789939469.2181334,0.0,0.0,0.0,0.0
2026-09-21T02:54:29.228873,1789939469.2281408,0.0,0.0,0.0,0.0
2026-09-21T02:54:29.238582,1789939469.2381215,0.0,0.0,0.0,0.0
2026-09-21T02:54:29.248602,1789939469.248133,0.0,0.0,0.0,0.0
2026-09-21T02:54:29.258718,1789939469.2581813,0.0,0.0,0.0,0.0
2026-09-21T02:54:29.268550,1789939469.268127,0.0,0.0,0.0,0.0
2026-09-21T02:54:29.278624,1789939469.2781231,0.0,0.0,0.0,0.0
2026-09-21T02:54:29.288778,1789939469.2881286,0.0,0.0,0.0,0.0
2026-09-21T02:54:29.298691,1789939469.2981346,0.0,0.0,0.0,0.0
2026-09-21T02:54:29.308669,1789939469.3081214,0.0,0.0,0.0,0.0
2026-09-21T02:54:29.318689,1789939469.3181274,0.0,0.0,0.0,0.0
2026-09-21T02:54:29.328662,1789939469.3281345,0.0,0.0,0.0,0.0
2026-09-21T02:54:29.338701,1789939469.33813,0.0,0.0,0.0,0.0
2026-09-21T02:54:29.348826,1789939469.348147,0.0,0.0,0.0,0.0
2026-09-21T02:54:29.358646,1789939469.3581266,0.0,0.0,0.0,0.0
2026-09-21T02:54:29.368750,1789939469.3681176,0.0,0.0,0.0,0.0
2026-09-21T02:54:29.379031,1789939469.3781464,0.0,0.0,0.0,0.0
2026-09-21T02:54:29.388586,1789939469.3881285,0.0,0.0,0.0,0.0
2026-09-21T02:54:29.398704,1789939469.398147,0.0,0.0,0.0,0.0
2026-09-21T02:54:29.408711,1789939469.4081473,0.0,0.0,0.0,0.0
2026-09-21T02:54:29.418616,1789939469.4181297,0.0,0.0,0.0,0.0
2026-09-21T02:54:29.428676,1789939469.4281218,0.0,0.0,0.0,0.0
2026-09-21T02:54:29.438626,1789939469.4381256,0.0,0.0,0.0,0.0
2026-09-21T02:54:29.448764,1789939469.4481723,0.0,0.0,0.0,0.0
2026-09-21T02:54:29.458668,1789939469.458125,0.0,0.0,0.0,0.0
2026-09-21T02:54:29.468821,1789939469.4681401,0.0,0.0,0.0,0.0
2026-09-21T02:54:29.478607,1789939469.4781268,0.0,0.0,0.0,0.0
2026-09-21T02:54:29.488695,1789939469.4881299,0.0,0.0,0.0,0.0
2026-09-21T02:54:29.498571,1789939469.498122,0.0,0.0,0.0,0.0
2026-09-21T02:54:29.508879,1789939469.508125,0.0,0.0,0.0,0.0
2026-09-21T02:54:29.518569,1789939469.5181203,0.0,0.0,0.0,0.0
2026-09-21T02:54:29.528610,1789939469.5281293,0.0,0.0,0.0,0.0
2026-09-21T02:54:29.538736,1789939469.538124,0.0,0.0,0.0,0.0
2026-09-21T02:54:29.548633,1789939469.5481293,0.0,0.0,0.0,0.0
2026-09-21T02:54:29.558654,1789939469.5581305,0.0,0.0,0.0,0.0
2026-09-21T02:54:29.568703,1789939469.568139,0.0,0.0,0.0,0.0
2026-09-21T02:54:29.578671,1789939469.5781233,0.0,0.0,0.0,0.0
2026-09-21T02:54:29.588586,1789939469.5881147,0.0,0.0,0.0,0.0
2026-09-21T02:54:29.598591,1789939469.5981283,0.0,0.0,0.0,0.0
2026-09-21T02:54:29.608772,1789939469.6081388,0.0,0.0,0.0,0.0
2026-09-21T02:54:29.618582,1789939469.6181242,0.0,0.0,0.0,0.0
2026-09-21T02:54:29.628797,1789939469.6281872,0.0,0.0,0.0,0.0
2026-09-21T02:54:29.638637,1789939469.6381207,0.0,0.0,0.0,0.0
2026-09-21T02:54:29.648679,1789939469.6481457,0.0,0.0,0.0,0.0
2026-09-21T02:54:29.660894,1789939469.6582346,0.0,0.0,0.0,0.0
2026-09-21T02:54:29.668731,1789939469.6681688,0.0,0.0,0.0,0.0
2026-09-21T02:54:29.678672,1789939469.6781304,0.0,0.0,0.0,0.0
2026-09-21T02:54:29.688600,1789939469.688121,0.0,0.0,0.0,0.0
2026-09-21T02:54:29.698758,1789939469.6981273,0.0,0.0,0.0,0.0
2026-09-21T02:54:29.708776,1789939469.708138,0.0,0.0,0.0,0.0
2026-09-21T02:54:29.718608,1789939469.7181184,0.0,0.0,0.0,0.0
2026-09-21T02:54:29.728667,1789939469.7281222,0.0,0.0,0.0,0.0
2026-09-21T02:54:29.738601,1789939469.7381413,0.0,0.0,0.0,0.0
2026-09-21T02:54:29.748618,1789939469.7481234,0.0,0.0,0.0,0.0
2026-09-21T02:54:29.758857,1789939469.7581253,0.0,0.0,0.0,0.0
2026-09-21T02:54:29.768798,1789939469.7681673,0.0,0.0,0.0,0.0
2026-09-21T02:54:29.778637,1789939469.7781231,0.0,0.0,0.0,0.0
2026-09-21T02:54:29.788624,1789939469.7881334,0.0,0.0,0.0,0.0
2026-09-21T02:54:29.798655,1789939469.7981265,0.0,0.0,0.0,0.0
2026-09-21T02:54:29.809101,1789939469.8081405,0.0,0.0,0.0,0.0
2026-09-21T02:54:29.818626,1789939469.8181133,0.0,0.0,0.0,0.0
2026-09-21T02:54:29.828757,1789939469.828126,0.0,0.0,0.0,0.0
2026-09-21T02:54:29.838565,1789939469.838122,0.0,0.0,0.0,0.0
2026-09-21T02:54:29.848599,1789939469.8481202,0.0,0.0,0.0,0.0
2026-09-21T02:54:29.859240,1789939469.8581336,0.0,0.0,0.0,0.0
2026-09-21T02:54:29.868569,1789939469.868121,0.0,0.0,0.0,0.0
2026-09-21T02:54:29.878669,1789939469.8781292,0.0,0.0,0.0,0.0
2026-09-21T02:54:29.888664,1789939469.888167,0.0,0.0,0.0,0.0
2026-09-21T02:54:29.898574,1789939469.8981237,0.0,0.0,0.0,0.0
2026-09-21T02:54:29.908979,1789939469.9081404,0.0,0.0,0.0,0.0
2026-09-21T02:54:29.918565,1789939469.9181187,0.0,0.0,0.0,0.0
2026-09-21T02:54:29.928681,1789939469.9281256,0.0,0.0,0.0,0.0
2026-09-21T02:54:29.938626,1789939469.9381201,0.0,0.0,0.0,0.0
2026-09-21T02:54:29.948616,1789939469.9481254,0.0,0.0,0.0,0.0
2026-09-21T02:54:29.959188,1789939469.9581306,0.0,0.0,0.0,0.0
2026-09-21T02:54:29.968513,1789939469.9681222,0.0,0.0,0.0,0.0
2026-09-21T02:54:29.978581,1789939469.9781303,0.0,0.0,0.0,0.0
2026-09-21T02:54:29.988780,1789939469.9881377,0.0,0.0,0.0,0.0
2026-09-21T02:54:29.998617,1789939469.9981325,0.0,0.0,0.0,0.0
2026-09-21T02:54:30.008794,1789939470.0081491,0.0,0.0,0.0,0.0
2026-09-21T02:54:30.018711,1789939470.018125,0.0,0.0,0.0,0.0
2026-09-21T02:54:30.028731,1789939470.0281253,0.0,0.0,0.0,0.0
2026-09-21T02:54:30.038653,1789939470.0381544,0.0,0.0,0.0,0.0
2026-09-21T02:54:30.048597,1789939470.0481255,0.0,0.0,0.0,0.0
2026-09-21T02:54:30.058821,1789939470.0581398,0.0,0.0,0.0,0.0
2026-09-21T02:54:30.068533,1789939470.068127,0.0,0.0,0.0,0.0
2026-09-21T02:54:30.078573,1789939470.078124,0.0,0.0,0.0,0.0
2026-09-21T02:54:30.088765,1789939470.088162,0.0,0.0,0.0,0.0
2026-09-21T02:54:30.098649,1789939470.0981426,0.0,0.0,0.0,0.0
2026-09-21T02:54:30.109225,1789939470.1081252,0.0,0.0,0.0,0.0
2026-09-21T02:54:30.118672,1789939470.1181407,0.0,0.0,0.0,0.0
2026-09-21T02:54:30.128767,1789939470.12813,0.0,0.0,0.0,0.0
2026-09-21T02:54:30.138620,1789939470.138134,0.0,0.0,0.0,0.0
2026-09-21T02:54:30.148819,1789939470.1481376,0.0,0.0,0.0,0.0
2026-09-21T02:54:30.158731,1789939470.158123,0.0,0.0,0.0,0.0
2026-09-21T02:54:30.168616,1789939470.1681235,0.0,0.0,0.0,0.0
2026-09-21T02:54:30.178805,1789939470.178127,0.0,0.0,0.0,0.0
2026-09-21T02:54:30.188682,1789939470.1881244,0.0,0.0,0.0,0.0
2026-09-21T02:54:30.198587,1789939470.1981218,0.0,0.0,0.0,0.0
2026-09-21T02:54:30.208959,1789939470.2081275,0.0,0.0,0.0,0.0
2026-09-21T02:54:30.218665,1789939470.2181282,0.0,0.0,0.0,0.0
2026-09-21T02:54:30.228646,1789939470.2281191,0.0,0.0,0.0,0.0
2026-09-21T02:54:30.238623,1789939470.2381215,0.0,0.0,0.0,0.0
2026-09-21T02:54:30.248771,1789939470.2481236,0.0,0.0,0.0,0.0
2026-09-21T02:54:30.258958,1789939470.2581332,0.0,0.0,0.0,0.0
2026-09-21T02:54:30.268815,1789939470.2681293,0.0,0.0,0.0,0.0
2026-09-21T02:54:30.278667,1789939470.2781231,0.0,0.0,0.0,0.0
2026-09-21T02:54:30.288568,1789939470.2881224,0.0,0.0,0.0,0.0
2026-09-21T02:54:30.298562,1789939470.2981205,0.0,0.0,0.0,0.0
2026-09-21T02:54:30.308909,1789939470.3081405,0.0,0.0,0.0,0.0
2026-09-21T02:54:30.318630,1789939470.3181345,0.0,0.0,0.0,0.0
2026-09-21T02:54:30.328670,1789939470.3281298,0.0,0.0,0.0,0.0
2026-09-21T02:54:30.338957,1789939470.3381443,0.0,0.0,0.0,0.0
2026-09-21T02:54:30.348617,1789939470.3481147,0.0,0.0,0.0,0.0
2026-09-21T02:54:30.358707,1789939470.3581262,0.0,0.0,0.0,0.0
2026-09-21T02:54:30.368633,1789939470.36812,0.0,0.0,0.0,0.0
2026-09-21T02:54:30.378645,1789939470.3781304,0.0,0.0,0.0,0.0
2026-09-21T02:54:30.388630,1789939470.388119,0.0,0.0,0.0,0.0
2026-09-21T02:54:30.398564,1789939470.3981223,0.0,0.0,0.0,0.0
2026-09-21T02:54:30.408836,1789939470.408128,0.0,0.0,0.0,0.0
2026-09-21T02:54:30.418650,1789939470.4181275,0.0,0.0,0.0,0.0
2026-09-21T02:54:30.428674,1789939470.4281259,0.0,0.0,0.0,0.0
2026-09-21T02:54:30.438662,1789939470.4381368,0.0,0.0,0.0,0.0
2026-09-21T02:54:30.448687,1789939470.4481258,0.0,0.0,0.0,0.0
2026-09-21T02:54:30.458858,1789939470.4581375,0.0,0.0,0.0,0.0
2026-09-21T02:54:30.468797,1789939470.468131,0.0,0.0,0.0,0.0
2026-09-21T02:54:30.478648,1789939470.4781442,0.0,0.0,0.0,0.0
2026-09-21T02:54:30.488719,1789939470.4881165,0.0,0.0,0.0,0.0
2026-09-21T02:54:30.498691,1789939470.4981332,0.0,0.0,0.0,0.0
2026-09-21T02:54:30.508811,1789939470.5081446,0.0,0.0,0.0,0.0
2026-09-21T02:54:30.518605,1789939470.5181346,0.0,0.0,0.0,0.0
2026-09-21T02:54:30.528604,1789939470.5281193,0.0,0.0,0.0,0.0
2026-09-21T02:54:30.538566,1789939470.538134,0.0,0.0,0.0,0.0
2026-09-21T02:54:30.548584,1789939470.5481215,0.0,0.0,0.0,0.0
2026-09-21T02:54:30.558621,1789939470.5581248,0.0,0.0,0.0,0.0
2026-09-21T02:54:30.568499,1789939470.5681207,0.0,0.0,0.0,0.0
2026-09-21T02:54:30.578619,1789939470.5781195,0.0,0.0,0.0,0.0
2026-09-21T02:54:30.588715,1789939470.588124,0.0,0.0,0.0,0.0
2026-09-21T02:54:30.598643,1789939470.5981379,0.0,0.0,0.0,0.0
2026-09-21T02:54:30.608771,1789939470.6081324,0.0,0.0,0.0,0.0
2026-09-21T02:54:30.618650,1789939470.6181238,0.0,0.0,0.0,0.0
2026-09-21T02:54:30.629034,1789939470.6281414,0.0,0.0,0.0,0.0
2026-09-21T02:54:30.638580,1789939470.6381185,0.0,0.0,0.0,0.0
2026-09-21T02:54:30.648754,1789939470.6481476,0.0,0.0,0.0,0.0
2026-09-21T02:54:30.658919,1789939470.6581244,0.0,0.0,0.0,0.0
2026-09-21T02:54:30.668623,1789939470.6681523,0.0,0.0,0.0,0.0
2026-09-21T02:54:30.678586,1789939470.6781209,0.0,0.0,0.0,0.0
2026-09-21T02:54:30.688799,1789939470.6881452,0.0,0.0,0.0,0.0
2026-09-21T02:54:30.698663,1789939470.698141,0.0,0.0,0.0,0.0
2026-09-21T02:54:30.708690,1789939470.708154,0.0,0.0,0.0,0.0
2026-09-21T02:54:30.718576,1789939470.7181296,0.0,0.0,0.0,0.0
2026-09-21T02:54:30.728583,1789939470.7281177,0.0,0.0,0.0,0.0
2026-09-21T02:54:30.738600,1789939470.7381437,0.0,0.0,0.0,0.0
2026-09-21T02:54:30.748908,1789939470.7481358,0.0,0.0,0.0,0.0
2026-09-21T02:54:30.760856,1789939470.760354,0.0,0.0,0.0,0.0
2026-09-21T02:54:30.768545,1789939470.7681196,0.0,0.0,0.0,0.0
2026-09-21T02:54:30.778594,1789939470.7781227,0.0,0.0,0.0,0.0
2026-09-21T02:54:30.788776,1789939470.788125,0.0,0.0,0.0,0.0
2026-09-21T02:54:30.798666,1789939470.7981322,0.0,0.0,0.0,0.0
2026-09-21T02:54:30.808738,1789939470.8081179,0.0,0.0,0.0,0.0
2026-09-21T02:54:30.819540,1789939470.8181326,0.0,0.0,0.0,0.0
2026-09-21T02:54:30.828642,1789939470.8281257,0.0,0.0,0.0,0.0
2026-09-21T02:54:30.838571,1789939470.8381205,0.0,0.0,0.0,0.0
2026-09-21T02:54:30.848776,1789939470.848144,0.0,0.0,0.0,0.0
2026-09-21T02:54:30.858783,1789939470.8581347,0.0,0.0,0.0,0.0
2026-09-21T02:54:30.868556,1789939470.8681393,0.0,0.0,0.0,0.0
2026-09-21T02:54:30.878640,1789939470.878116,0.0,0.0,0.0,0.0
2026-09-21T02:54:30.888595,1789939470.88812,0.0,0.0,0.0,0.0
2026-09-21T02:54:30.898613,1789939470.8981407,0.0,0.0,0.0,0.0
2026-09-21T02:54:30.908629,1789939470.9081259,0.0,0.0,0.0,0.0
2026-09-21T02:54:30.918683,1789939470.9181232,0.0,0.0,0.0,0.0
2026-09-21T02:54:30.928729,1789939470.9281352,0.0,0.0,0.0,0.0
2026-09-21T02:54:30.938557,1789939470.9381154,0.0,0.0,0.0,0.0
2026-09-21T02:54:30.948755,1789939470.9481392,0.0,0.0,0.0,0.0
2026-09-21T02:54:30.958675,1789939470.95812,0.0,0.0,0.0,0.0
2026-09-21T02:54:30.968562,1789939470.968123,0.0,0.0,0.0,0.0
2026-09-21T02:54:30.978625,1789939470.9781208,0.0,0.0,0.0,0.0
2026-09-21T02:54:30.988582,1789939470.9881194,0.0,0.0,0.0,0.0
2026-09-21T02:54:30.998605,1789939470.9981222,0.0,0.0,0.0,0.0
2026-09-21T02:54:31.008786,1789939471.0081341,0.0,0.0,0.0,0.0
2026-09-21T02:54:31.018567,1789939471.0181215,0.0,0.0,0.0,0.0
2026-09-21T02:54:31.028594,1789939471.0281186,0.0,0.0,0.0,0.0
2026-09-21T02:54:31.038616,1789939471.038116,0.0,0.0,0.0,0.0
2026-09-21T02:54:31.048630,1789939471.0481205,0.0,0.0,0.0,0.0
2026-09-21T02:54:31.058772,1789939471.0581236,0.0,0.0,0.0,0.0
2026-09-21T02:54:31.068584,1789939471.068125,0.0,0.0,0.0,0.0
2026-09-21T02:54:31.078560,1789939471.0781229,0.0,0.0,0.0,0.0
2026-09-21T02:54:31.088694,1789939471.088134,0.0,0.0,0.0,0.0
2026-09-21T02:54:31.098639,1789939471.0981236,0.0,0.0,0.0,0.0
2026-09-21T02:54:31.108724,1789939471.1081426,0.0,0.0,0.0,0.0
2026-09-21T02:54:31.118556,1789939471.118122,0.0,0.0,0.0,0.0
2026-09-21T02:54:31.128622,1789939471.1281154,0.0,0.0,0.0,0.0
2026-09-21T02:54:31.138914,1789939471.1381195,0.0,0.0,0.0,0.0
2026-09-21T02:54:31.148667,1789939471.1481237,0.0,0.0,0.0,0.0
2026-09-21T02:54:31.158639,1789939471.1581192,0.0,0.0,0.0,0.0
2026-09-21T02:54:31.168672,1789939471.168132,0.0,0.0,0.0,0.0
2026-09-21T02:54:31.178582,1789939471.1781187,0.0,0.0,0.0,0.0
2026-09-21T02:54:31.188579,1789939471.1881235,0.0,0.0,0.0,0.0
2026-09-21T02:54:31.198618,1789939471.1981285,0.0,0.0,0.0,0.0
2026-09-21T02:54:31.208712,1789939471.208135,0.0,0.0,0.0,0.0
2026-09-21T02:54:31.218548,1789939471.2181175,0.0,0.0,0.0,0.0
2026-09-21T02:54:31.228588,1789939471.2281241,0.0,0.0,0.0,0.0
2026-09-21T02:54:31.238682,1789939471.2381258,0.0,0.0,0.0,0.0
2026-09-21T02:54:31.248593,1789939471.2481275,0.0,0.0,0.0,0.0
2026-09-21T02:54:31.258723,1789939471.2581398,0.0,0.0,0.0,0.0
2026-09-21T02:54:31.268805,1789939471.2681334,0.0,0.0,0.0,0.0
2026-09-21T02:54:31.278650,1789939471.2781398,0.0,0.0,0.0,0.0
2026-09-21T02:54:31.288593,1789939471.288137,0.0,0.0,0.0,0.0
2026-09-21T02:54:31.298670,1789939471.29813,0.0,0.0,0.0,0.0
2026-09-21T02:54:31.308652,1789939471.308122,0.0,0.0,0.0,0.0
2026-09-21T02:54:31.318612,1789939471.3181233,0.0,0.0,0.0,0.0
2026-09-21T02:54:31.328626,1789939471.3281367,0.0,0.0,0.0,0.0
2026-09-21T02:54:31.338615,1789939471.3381255,0.0,0.0,0.0,0.0
2026-09-21T02:54:31.348724,1789939471.348153,0.0,0.0,0.0,0.0
2026-09-21T02:54:31.358646,1789939471.3581254,0.0,0.0,0.0,0.0
2026-09-21T02:54:31.368566,1789939471.3681319,0.0,0.0,0.0,0.0
2026-09-21T02:54:31.378573,1789939471.3781204,0.0,0.0,0.0,0.0
2026-09-21T02:54:31.388806,1789939471.3881574,0.0,0.0,0.0,0.0
2026-09-21T02:54:31.398706,1789939471.3981278,0.0,0.0,0.0,0.0
2026-09-21T02:54:31.408649,1789939471.4081209,0.0,0.0,0.0,0.0
2026-09-21T02:54:31.418669,1789939471.4181252,0.0,0.0,0.0,0.0
2026-09-21T02:54:31.428948,1789939471.428136,0.0,0.0,0.0,0.0
2026-09-21T02:54:31.438563,1789939471.4381237,0.0,0.0,0.0,0.0
2026-09-21T02:54:31.448645,1789939471.4481285,0.0,0.0,0.0,0.0
2026-09-21T02:54:31.458873,1789939471.458133,0.0,0.0,0.0,0.0
2026-09-21T02:54:31.468555,1789939471.4681194,0.0,0.0,0.0,0.0
2026-09-21T02:54:31.478606,1789939471.4781241,0.0,0.0,0.0,0.0
2026-09-21T02:54:31.488667,1789939471.4881406,0.0,0.0,0.0,0.0
2026-09-21T02:54:31.498666,1789939471.4981318,0.0,0.0,0.0,0.0
2026-09-21T02:54:31.508660,1789939471.5081282,0.0,0.0,0.0,0.0
2026-09-21T02:54:31.518578,1789939471.5181239,0.0,0.0,0.0,0.0
2026-09-21T02:54:31.528648,1789939471.5281553,0.0,0.0,0.0,0.0
2026-09-21T02:54:31.538589,1789939471.538119,0.0,0.0,0.0,0.0
2026-09-21T02:54:31.548671,1789939471.5481324,0.0,0.0,0.0,0.0
2026-09-21T02:54:31.558945,1789939471.5581343,0.0,0.0,0.0,0.0
2026-09-21T02:54:31.568576,1789939471.5681367,0.0,0.0,0.0,0.0
2026-09-21T02:54:31.578589,1789939471.5781188,0.0,0.0,0.0,0.0
2026-09-21T02:54:31.588742,1789939471.588121,0.0,0.0,0.0,0.0
2026-09-21T02:54:31.598644,1789939471.598128,0.0,0.0,0.0,0.0
2026-09-21T02:54:31.608633,1789939471.608121,0.0,0.0,0.0,0.0
2026-09-21T02:54:31.618824,1789939471.6181235,0.0,0.0,0.0,0.0
2026-09-21T02:54:31.628753,1789939471.6281388,0.0,0.0,0.0,0.0
2026-09-21T02:54:31.638569,1789939471.638122,0.0,0.0,0.0,0.0
2026-09-21T02:54:31.648716,1789939471.6481373,0.0,0.0,0.0,0.0
2026-09-21T02:54:31.658650,1789939471.6581275,0.0,0.0,0.0,0.0
2026-09-21T02:54:31.668593,1789939471.6681235,0.0,0.0,0.0,0.0
2026-09-21T02:54:31.678575,1789939471.6781194,0.0,0.0,0.0,0.0
2026-09-21T02:54:31.688713,1789939471.6881247,0.0,0.0,0.0,0.0
2026-09-21T02:54:31.698662,1789939471.698127,0.0,0.0,0.0,0.0
2026-09-21T02:54:31.708572,1789939471.7081175,0.0,0.0,0.0,0.0
2026-09-21T02:54:31.718696,1789939471.718128,0.0,0.0,0.0,0.0
2026-09-21T02:54:31.728719,1789939471.7281344,0.0,0.0,0.0,0.0
2026-09-21T02:54:31.738572,1789939471.7381206,0.0,0.0,0.0,0.0
2026-09-21T02:54:31.748755,1789939471.7481344,0.0,0.0,0.0,0.0
2026-09-21T02:54:31.758636,1789939471.7581382,0.0,0.0,0.0,0.0
2026-09-21T02:54:31.768808,1789939471.7681522,0.0,0.0,0.0,0.0
2026-09-21T02:54:31.778673,1789939471.7781298,0.0,0.0,0.0,0.0
2026-09-21T02:54:31.788617,1789939471.788119,0.0,0.0,0.0,0.0
2026-09-21T02:54:31.798649,1789939471.7981448,0.0,0.0,0.0,0.0
2026-09-21T02:54:31.808594,1789939471.80813,0.0,0.0,0.0,0.0
2026-09-21T02:54:31.818658,1789939471.8181543,0.0,0.0,0.0,0.0
2026-09-21T02:54:31.828625,1789939471.8281398,0.0,0.0,0.0,0.0
2026-09-21T02:54:31.838608,1789939471.8381445,0.0,0.0,0.0,0.0
2026-09-21T02:54:31.848683,1789939471.848143,0.0,0.0,0.0,0.0
2026-09-21T02:54:31.858616,1789939471.8581522,0.0,0.0,0.0,0.0
2026-09-21T02:54:31.868591,1789939471.8681412,0.0,0.0,0.0,0.0
2026-09-21T02:54:31.878825,1789939471.878155,0.0,0.0,0.0,0.0
2026-09-21T02:54:31.888596,1789939471.8881288,0.0,0.0,0.0,0.0
2026-09-21T02:54:31.898591,1789939471.8981252,0.0,0.0,0.0,0.0
2026-09-21T02:54:31.908739,1789939471.908128,0.0,0.0,0.0,0.0
2026-09-21T02:54:31.918627,1789939471.9181256,0.0,0.0,0.0,0.0
2026-09-21T02:54:31.928660,1789939471.9281213,0.0,0.0,0.0,0.0
2026-09-21T02:54:31.939005,1789939471.9381316,0.0,0.0,0.0,0.0
2026-09-21T02:54:31.948605,1789939471.948119,0.0,0.0,0.0,0.0
2026-09-21T02:54:31.958608,1789939471.958127,0.0,0.0,0.0,0.0
2026-09-21T02:54:31.968677,1789939471.9681504,0.0,0.0,0.0,0.0
2026-09-21T02:54:31.978708,1789939471.9781213,0.0,0.0,0.0,0.0
2026-09-21T02:54:31.988685,1789939471.9881208,0.0,0.0,0.0,0.0
2026-09-21T02:54:31.998612,1789939471.9981205,0.0,0.0,0.0,0.0
2026-09-21T02:54:32.008759,1789939472.0081367,0.0,0.0,0.0,0.0
2026-09-21T02:54:32.018605,1789939472.0181189,0.0,0.0,0.0,0.0
2026-09-21T02:54:32.028651,1789939472.028133,0.0,0.0,0.0,0.0
2026-09-21T02:54:32.038620,1789939472.038133,0.0,0.0,0.0,0.0
2026-09-21T02:54:32.048622,1789939472.0481179,0.0,0.0,0.0,0.0
2026-09-21T02:54:32.058951,1789939472.058128,0.0,0.0,0.0,0.0
2026-09-21T02:54:32.068753,1789939472.0681355,0.0,0.0,0.0,0.0
2026-09-21T02:54:32.078648,1789939472.0781236,0.0,0.0,0.0,0.0
2026-09-21T02:54:32.088610,1789939472.0881164,0.0,0.0,0.0,0.0
2026-09-21T02:54:32.098694,1789939472.0981216,0.0,0.0,0.0,0.0
2026-09-21T02:54:32.108590,1789939472.108132,0.0,0.0,0.0,0.0
2026-09-21T02:54:32.118586,1789939472.1181297,0.0,0.0,0.0,0.0
2026-09-21T02:54:32.128630,1789939472.128126,0.0,0.0,0.0,0.0
2026-09-21T02:54:32.138641,1789939472.1381354,0.0,0.0,0.0,0.0
2026-09-21T02:54:32.148662,1789939472.1481266,0.0,0.0,0.0,0.0
2026-09-21T02:54:32.158615,1789939472.158126,0.0,0.0,0.0,0.0
2026-09-21T02:54:32.168915,1789939472.168129,0.0,0.0,0.0,0.0
2026-09-21T02:54:32.178563,1789939472.1781223,0.0,0.0,0.0,0.0
2026-09-21T02:54:32.188792,1789939472.1881409,0.0,0.0,0.0,0.0
2026-09-21T02:54:32.198645,1789939472.1981208,0.0,0.0,0.0,0.0
2026-09-21T02:54:32.208576,1789939472.2081316,0.0,0.0,0.0,0.0
2026-09-21T02:54:32.218594,1789939472.2181196,0.0,0.0,0.0,0.0
2026-09-21T02:54:32.228815,1789939472.2281327,0.0,0.0,0.0,0.0
2026-09-21T02:54:32.238581,1789939472.2381186,0.0,0.0,0.0,0.0
2026-09-21T02:54:32.248668,1789939472.248128,0.0,0.0,0.0,0.0
2026-09-21T02:54:32.258729,1789939472.258124,0.0,0.0,0.0,0.0
2026-09-21T02:54:32.268626,1789939472.268133,0.0,0.0,0.0,0.0
2026-09-21T02:54:32.278668,1789939472.2781289,0.0,0.0,0.0,0.0
2026-09-21T02:54:32.288744,1789939472.288134,0.0,0.0,0.0,0.0
2026-09-21T02:54:32.298653,1789939472.2981277,0.0,0.0,0.0,0.0
2026-09-21T02:54:32.308624,1789939472.308121,0.0,0.0,0.0,0.0
2026-09-21T02:54:32.318690,1789939472.318137,0.0,0.0,0.0,0.0
2026-09-21T02:54:32.328614,1789939472.3281262,0.0,0.0,0.0,0.0
2026-09-21T02:54:32.338666,1789939472.3381355,0.0,0.0,0.0,0.0
2026-09-21T02:54:32.348654,1789939472.3481355,0.0,0.0,0.0,0.0
2026-09-21T02:54:32.358581,1789939472.3581164,0.0,0.0,0.0,0.0
2026-09-21T02:54:32.368624,1789939472.3681302,0.0,0.0,0.0,0.0
2026-09-21T02:54:32.378591,1789939472.3781211,0.0,0.0,0.0,0.0
2026-09-21T02:54:32.388744,1789939472.388137,0.0,0.0,0.0,0.0
2026-09-21T02:54:32.398665,1789939472.3981202,0.0,0.0,0.0,0.0
2026-09-21T02:54:32.408626,1789939472.4081275,0.0,0.0,0.0,0.0
2026-09-21T02:54:32.418719,1789939472.4181304,0.0,0.0,0.0,0.0
2026-09-21T02:54:32.428614,1789939472.4281223,0.0,0.0,0.0,0.0
2026-09-21T02:54:32.438573,1789939472.4381204,0.0,0.0,0.0,0.0
2026-09-21T02:54:32.448686,1789939472.448117,0.0,0.0,0.0,0.0
2026-09-21T02:54:32.458634,1789939472.458156,0.0,0.0,0.0,0.0
2026-09-21T02:54:32.468688,1789939472.4681246,0.0,0.0,0.0,0.0
2026-09-21T02:54:32.478622,1789939472.4781203,0.0,0.0,0.0,0.0
2026-09-21T02:54:32.488656,1789939472.4881258,0.0,0.0,0.0,0.0
2026-09-21T02:54:32.498703,1789939472.4981267,0.0,0.0,0.0,0.0
2026-09-21T02:54:32.508622,1789939472.5081239,0.0,0.0,0.0,0.0
2026-09-21T02:54:32.518661,1789939472.5181248,0.0,0.0,0.0,0.0
2026-09-21T02:54:32.528744,1789939472.5281346,0.0,0.0,0.0,0.0
2026-09-21T02:54:32.538599,1789939472.5381184,0.0,0.0,0.0,0.0
2026-09-21T02:54:32.548838,1789939472.5481367,0.0,0.0,0.0,0.0
2026-09-21T02:54:32.558585,1789939472.5581155,0.0,0.0,0.0,0.0
2026-09-21T02:54:32.568716,1789939472.5681279,0.0,0.0,0.0,0.0
2026-09-21T02:54:32.578688,1789939472.578133,0.0,0.0,0.0,0.0
2026-09-21T02:54:32.588618,1789939472.5881307,0.0,0.0,0.0,0.0
2026-09-21T02:54:32.598640,1789939472.598128,0.0,0.0,0.0,0.0
2026-09-21T02:54:32.608654,1789939472.608153,0.0,0.0,0.0,0.0
2026-09-21T02:54:32.618598,1789939472.6181283,0.0,0.0,0.0,0.0
2026-09-21T02:54:32.628684,1789939472.6281369,0.0,0.0,0.0,0.0
2026-09-21T02:54:32.638595,1789939472.638126,0.0,0.0,0.0,0.0
2026-09-21T02:54:32.648604,1789939472.6481235,0.0,0.0,0.0,0.0
2026-09-21T02:54:32.658615,1789939472.658137,0.0,0.0,0.0,0.0
2026-09-21T02:54:32.668826,1789939472.6681294,0.0,0.0,0.0,0.0
2026-09-21T02:54:32.678581,1789939472.6781242,0.0,0.0,0.0,0.0
2026-09-21T02:54:32.688701,1789939472.6881213,0.0,0.0,0.0,0.0
2026-09-21T02:54:32.698581,1789939472.698126,0.0,0.0,0.0,0.0
2026-09-21T02:54:32.708885,1789939472.708139,0.0,0.0,0.0,0.0
2026-09-21T02:54:32.718620,1789939472.7181237,0.0,0.0,0.0,0.0
2026-09-21T02:54:32.728761,1789939472.7281282,0.0,0.0,0.0,0.0
2026-09-21T02:54:32.738696,1789939472.7381387,0.0,0.0,0.0,0.0
2026-09-21T02:54:32.748634,1789939472.7481267,0.0,0.0,0.0,0.0
2026-09-21T02:54:32.758568,1789939472.7581255,0.0,0.0,0.0,0.0
2026-09-21T02:54:32.768623,1789939472.7681222,0.0,0.0,0.0,0.0
2026-09-21T02:54:32.778712,1789939472.7781408,0.0,0.0,0.0,0.0
2026-09-21T02:54:32.788765,1789939472.7881405,0.0,0.0,0.0,0.0
2026-09-21T02:54:32.798607,1789939472.7981358,0.0,0.0,0.0,0.0
2026-09-21T02:54:32.808785,1789939472.8081634,0.0,0.0,0.0,0.0
2026-09-21T02:54:32.818620,1789939472.8181787,0.0,0.0,0.0,0.0
2026-09-21T02:54:32.828757,1789939472.8281345,0.0,0.0,0.0,0.0
2026-09-21T02:54:32.838768,1789939472.8381417,0.0,0.0,0.0,0.0
2026-09-21T02:54:32.848679,1789939472.848162,0.0,0.0,0.0,0.0
2026-09-21T02:54:32.858586,1789939472.8581412,0.0,0.0,0.0,0.0
2026-09-21T02:54:32.868795,1789939472.8681505,0.0,0.0,0.0,0.0
2026-09-21T02:54:32.878698,1789939472.878139,0.0,0.0,0.0,0.0
2026-09-21T02:54:32.888734,1789939472.8881373,0.0,0.0,0.0,0.0
2026-09-21T02:54:32.898709,1789939472.8981225,0.0,0.0,0.0,0.0
2026-09-21T02:54:32.908753,1789939472.9081411,0.0,0.0,0.0,0.0
2026-09-21T02:54:32.918577,1789939472.9181342,0.0,0.0,0.0,0.0
2026-09-21T02:54:32.928658,1789939472.928129,0.0,0.0,0.0,0.0
2026-09-21T02:54:32.938590,1789939472.9381382,0.0,0.0,0.0,0.0
2026-09-21T02:54:32.948674,1789939472.948126,0.0,0.0,0.0,0.0
2026-09-21T02:54:32.958587,1789939472.9581196,0.0,0.0,0.0,0.0
2026-09-21T02:54:32.968788,1789939472.968149,0.0,0.0,0.0,0.0
2026-09-21T02:54:32.978589,1789939472.978125,0.0,0.0,0.0,0.0
2026-09-21T02:54:32.988578,1789939472.9881237,0.0,0.0,0.0,0.0
2026-09-21T02:54:32.998691,1789939472.9981391,0.0,0.0,0.0,0.0
2026-09-21T02:54:33.008758,1789939473.0081444,0.0,0.0,0.0,0.0
2026-09-21T02:54:33.018643,1789939473.0181324,0.0,0.0,0.0,0.0
2026-09-21T02:54:33.028777,1789939473.0281615,0.0,0.0,0.0,0.0
2026-09-21T02:54:33.038623,1789939473.0381742,0.0,0.0,0.0,0.0
2026-09-21T02:54:33.048645,1789939473.0481343,0.0,0.0,0.0,0.0
2026-09-21T02:54:33.058766,1789939473.0581439,0.0,0.0,0.0,0.0
2026-09-21T02:54:33.068509,1789939473.068124,0.0,0.0,0.0,0.0
2026-09-21T02:54:33.078593,1789939473.0781295,0.0,0.0,0.0,0.0
2026-09-21T02:54:33.088800,1789939473.0881221,0.0,0.0,0.0,0.0
2026-09-21T02:54:33.098589,1789939473.098124,0.0,0.0,0.0,0.0
2026-09-21T02:54:33.108576,1789939473.1081228,0.0,0.0,0.0,0.0
2026-09-21T02:54:33.118611,1789939473.1181273,0.0,0.0,0.0,0.0
2026-09-21T02:54:33.128723,1789939473.1281295,0.0,0.0,0.0,0.0
2026-09-21T02:54:33.138633,1789939473.1381345,0.0,0.0,0.0,0.0
2026-09-21T02:54:33.148616,1789939473.148121,0.0,0.0,0.0,0.0
2026-09-21T02:54:33.158607,1789939473.1581197,0.0,0.0,0.0,0.0
2026-09-21T02:54:33.168613,1789939473.1681495,0.0,0.0,0.0,0.0
2026-09-21T02:54:33.178607,1789939473.1781294,0.0,0.0,0.0,0.0
2026-09-21T02:54:33.188729,1789939473.1881275,0.0,0.0,0.0,0.0
2026-09-21T02:54:33.198586,1789939473.1981232,0.0,0.0,0.0,0.0
2026-09-21T02:54:33.208637,1789939473.2081277,0.0,0.0,0.0,0.0
2026-09-21T02:54:33.218850,1789939473.2181365,0.0,0.0,0.0,0.0
2026-09-21T02:54:33.228688,1789939473.228139,0.0,0.0,0.0,0.0
2026-09-21T02:54:33.238586,1789939473.2381268,0.0,0.0,0.0,0.0
2026-09-21T02:54:33.248805,1789939473.2481382,0.0,0.0,0.0,0.0
2026-09-21T02:54:33.258618,1789939473.258173,0.0,0.0,0.0,0.0
2026-09-21T02:54:33.268536,1789939473.2681286,0.0,0.0,0.0,0.0
2026-09-21T02:54:33.278729,1789939473.2781415,0.0,0.0,0.0,0.0
2026-09-21T02:54:33.288802,1789939473.288157,0.0,0.0,0.0,0.0
2026-09-21T02:54:33.298632,1789939473.2981277,0.0,0.0,0.0,0.0
2026-09-21T02:54:33.308682,1789939473.3081255,0.0,0.0,0.0,0.0
2026-09-21T02:54:33.318691,1789939473.318143,0.0,0.0,0.0,0.0
2026-09-21T02:54:33.328740,1789939473.328143,0.0,0.0,0.0,0.0
2026-09-21T02:54:33.338579,1789939473.3381245,0.0,0.0,0.0,0.0
2026-09-21T02:54:33.348768,1789939473.3481176,0.0,0.0,0.0,0.0
2026-09-21T02:54:33.358596,1789939473.3581266,0.0,0.0,0.0,0.0
2026-09-21T02:54:33.368710,1789939473.3681483,0.0,0.0,0.0,0.0
2026-09-21T02:54:33.378725,1789939473.378131,0.0,0.0,0.0,0.0
2026-09-21T02:54:33.388704,1789939473.3881288,0.0,0.0,0.0,0.0
2026-09-21T02:54:33.398679,1789939473.398131,0.0,0.0,0.0,0.0
2026-09-21T02:54:33.408672,1789939473.4081507,0.0,0.0,0.0,0.0
2026-09-21T02:54:33.418560,1789939473.4181235,0.0,0.0,0.0,0.0
2026-09-21T02:54:33.428652,1789939473.4281266,0.0,0.0,0.0,0.0
2026-09-21T02:54:33.438653,1789939473.4381294,0.0,0.0,0.0,0.0
2026-09-21T02:54:33.448691,1789939473.4481208,0.0,0.0,0.0,0.0
2026-09-21T02:54:33.458589,1789939473.4581254,0.0,0.0,0.0,0.0
2026-09-21T02:54:33.468625,1789939473.4681458,0.0,0.0,0.0,0.0
2026-09-21T02:54:33.478615,1789939473.4781268,0.0,0.0,0.0,0.0
2026-09-21T02:54:33.488710,1789939473.4881213,0.0,0.0,0.0,0.0
2026-09-21T02:54:33.498827,1789939473.4981232,0.0,0.0,0.0,0.0
2026-09-21T02:54:33.508654,1789939473.5081255,0.0,0.0,0.0,0.0
2026-09-21T02:54:33.518606,1789939473.518127,0.0,0.0,0.0,0.0
2026-09-21T02:54:33.528684,1789939473.5281253,0.0,0.0,0.0,0.0
2026-09-21T02:54:33.538710,1789939473.538136,0.0,0.0,0.0,0.0
2026-09-21T02:54:33.548706,1789939473.5481374,0.0,0.0,0.0,0.0
2026-09-21T02:54:33.558619,1789939473.5581405,0.0,0.0,0.0,0.0
2026-09-21T02:54:33.568728,1789939473.5681357,0.0,0.0,0.0,0.0
2026-09-21T02:54:33.578741,1789939473.5781503,0.0,0.0,0.0,0.0
2026-09-21T02:54:33.588606,1789939473.5881307,0.0,0.0,0.0,0.0
2026-09-21T02:54:33.598627,1789939473.598133,0.0,0.0,0.0,0.0
2026-09-21T02:54:33.608667,1789939473.608123,0.0,0.0,0.0,0.0
2026-09-21T02:54:33.618599,1789939473.6181407,0.0,0.0,0.0,0.0
2026-09-21T02:54:33.628647,1789939473.6281304,0.0,0.0,0.0,0.0
2026-09-21T02:54:33.638679,1789939473.6381345,0.0,0.0,0.0,0.0
2026-09-21T02:54:33.648683,1789939473.648139,0.0,0.0,0.0,0.0
2026-09-21T02:54:33.658629,1789939473.658121,0.0,0.0,0.0,0.0
2026-09-21T02:54:33.668790,1789939473.6681325,0.0,0.0,0.0,0.0
2026-09-21T02:54:33.678799,1789939473.6781385,0.0,0.0,0.0,0.0
2026-09-21T02:54:33.688718,1789939473.6881459,0.0,0.0,0.0,0.0
2026-09-21T02:54:33.698745,1789939473.6981595,0.0,0.0,0.0,0.0
2026-09-21T02:54:33.708739,1789939473.7081852,0.0,0.0,0.0,0.0
2026-09-21T02:54:33.718672,1789939473.718153,0.0,0.0,0.0,0.0
2026-09-21T02:54:33.728641,1789939473.7281332,0.0,0.0,0.0,0.0
2026-09-21T02:54:33.738625,1789939473.7381313,0.0,0.0,0.0,0.0
2026-09-21T02:54:33.748716,1789939473.748181,0.0,0.0,0.0,0.0
2026-09-21T02:54:33.758581,1789939473.7581217,0.0,0.0,0.0,0.0
2026-09-21T02:54:33.768610,1789939473.768121,0.0,0.0,0.0,0.0
2026-09-21T02:54:33.778658,1789939473.7781353,0.0,0.0,0.0,0.0
2026-09-21T02:54:33.788615,1789939473.7881386,0.0,0.0,0.0,0.0
2026-09-21T02:54:33.798697,1789939473.7981925,0.0,0.0,0.0,0.0
2026-09-21T02:54:33.808708,1789939473.808118,0.0,0.0,0.0,0.0
2026-09-21T02:54:33.818600,1789939473.818136,0.0,0.0,0.0,0.0
2026-09-21T02:54:33.828832,1789939473.828139,0.0,0.0,0.0,0.0
2026-09-21T02:54:33.838637,1789939473.8381183,0.0,0.0,0.0,0.0
2026-09-21T02:54:33.848792,1789939473.8482,0.0,0.0,0.0,0.0
2026-09-21T02:54:33.858678,1789939473.858141,0.0,0.0,0.0,0.0
2026-09-21T02:54:33.868582,1789939473.8681266,0.0,0.0,0.0,0.0
2026-09-21T02:54:33.878588,1789939473.8781238,0.0,0.0,0.0,0.0
2026-09-21T02:54:33.888640,1789939473.88814,0.0,0.0,0.0,0.0
2026-09-21T02:54:33.898759,1789939473.898237,0.0,0.0,0.0,0.0
2026-09-21T02:54:33.908807,1789939473.908147,0.0,0.0,0.0,0.0
2026-09-21T02:54:33.918658,1789939473.918177,0.0,0.0,0.0,0.0
2026-09-21T02:54:33.928691,1789939473.9281454,0.0,0.0,0.0,0.0
2026-09-21T02:54:33.938637,1789939473.9381394,0.0,0.0,0.0,0.0
2026-09-21T02:54:33.948772,1789939473.9482288,0.0,0.0,0.0,0.0
2026-09-21T02:54:33.958625,1789939473.9581463,0.0,0.0,0.0,0.0
2026-09-21T02:54:33.968752,1789939473.9681497,0.0,0.0,0.0,0.0
2026-09-21T02:54:33.978634,1789939473.9781296,0.0,0.0,0.0,0.0
2026-09-21T02:54:33.988760,1789939473.9881315,0.0,0.0,0.0,0.0
2026-09-21T02:54:33.998695,1789939473.998218,0.0,0.0,0.0,0.0
2026-09-21T02:54:34.008755,1789939474.008118,0.0,0.0,0.0,0.0
2026-09-21T02:54:34.018711,1789939474.0181668,0.0,0.0,0.0,0.0
2026-09-21T02:54:34.028810,1789939474.028137,0.0,0.0,0.0,0.0
2026-09-21T02:54:34.038585,1789939474.0381212,0.0,0.0,0.0,0.0
2026-09-21T02:54:34.048816,1789939474.04826,0.0,0.0,0.0,0.0
2026-09-21T02:54:34.058668,1789939474.0581226,0.0,0.0,0.0,0.0
2026-09-21T02:54:34.068602,1789939474.0681338,0.0,0.0,0.0,0.0
2026-09-21T02:54:34.078650,1789939474.078129,0.0,0.0,0.0,0.0
2026-09-21T02:54:34.088802,1789939474.088128,0.0,0.0,0.0,0.0
2026-09-21T02:54:34.098752,1789939474.0981224,0.0,0.0,0.0,0.0
2026-09-21T02:54:34.108861,1789939474.1081498,0.0,0.0,0.0,0.0
2026-09-21T02:54:34.118629,1789939474.1181264,0.0,0.0,0.0,0.0
2026-09-21T02:54:34.128658,1789939474.1281352,0.0,0.0,0.0,0.0
2026-09-21T02:54:34.138804,1789939474.1381295,0.0,0.0,0.0,0.0
2026-09-21T02:54:34.148940,1789939474.148151,0.0,0.0,0.0,0.0
2026-09-21T02:54:34.158576,1789939474.1581242,0.0,0.0,0.0,0.0
2026-09-21T02:54:34.168690,1789939474.1681256,0.0,0.0,0.0,0.0
2026-09-21T02:54:34.178652,1789939474.1781273,0.0,0.0,0.0,0.0
2026-09-21T02:54:34.188667,1789939474.1881428,0.0,0.0,0.0,0.0
2026-09-21T02:54:34.198708,1789939474.198132,0.0,0.0,0.0,0.0
2026-09-21T02:54:34.208720,1789939474.208117,0.0,0.0,0.0,0.0
2026-09-21T02:54:34.218705,1789939474.2181296,0.0,0.0,0.0,0.0
2026-09-21T02:54:34.228694,1789939474.2281425,0.0,0.0,0.0,0.0
2026-09-21T02:54:34.238646,1789939474.2381277,0.0,0.0,0.0,0.0
2026-09-21T02:54:34.248764,1789939474.248122,0.0,0.0,0.0,0.0
2026-09-21T02:54:34.258627,1789939474.2581317,0.0,0.0,0.0,0.0
2026-09-21T02:54:34.268641,1789939474.268134,0.0,0.0,0.0,0.0
2026-09-21T02:54:34.278611,1789939474.2781253,0.0,0.0,0.0,0.0
2026-09-21T02:54:34.288700,1789939474.2881348,0.0,0.0,0.0,0.0
2026-09-21T02:54:34.298733,1789939474.298147,0.0,0.0,0.0,0.0
2026-09-21T02:54:34.308750,1789939474.308143,0.0,0.0,0.0,0.0
2026-09-21T02:54:34.318583,1789939474.318124,0.0,0.0,0.0,0.0
2026-09-21T02:54:34.328761,1789939474.3281233,0.0,0.0,0.0,0.0
2026-09-21T02:54:34.338933,1789939474.338149,0.0,0.0,0.0,0.0
2026-09-21T02:54:34.348901,1789939474.3481274,0.0,0.0,0.0,0.0
2026-09-21T02:54:34.358683,1789939474.3581443,0.0,0.0,0.0,0.0
2026-09-21T02:54:34.368661,1789939474.3681333,0.0,0.0,0.0,0.0
2026-09-21T02:54:34.378816,1789939474.3781435,0.0,0.0,0.0,0.0
2026-09-21T02:54:34.388632,1789939474.3881366,0.0,0.0,0.0,0.0
2026-09-21T02:54:34.398703,1789939474.3981268,0.0,0.0,0.0,0.0
2026-09-21T02:54:34.408691,1789939474.4081461,0.0,0.0,0.0,0.0
2026-09-21T02:54:34.418627,1789939474.418147,0.0,0.0,0.0,0.0
2026-09-21T02:54:34.428598,1789939474.4281216,0.0,0.0,0.0,0.0
2026-09-21T02:54:34.438654,1789939474.4381394,0.0,0.0,0.0,0.0
2026-09-21T02:54:34.448783,1789939474.4481297,0.0,0.0,0.0,0.0
2026-09-21T02:54:34.458607,1789939474.4581358,0.0,0.0,0.0,0.0
2026-09-21T02:54:34.468891,1789939474.4681346,0.0,0.0,0.0,0.0
2026-09-21T02:54:34.478739,1789939474.4781446,0.0,0.0,0.0,0.0
2026-09-21T02:54:34.488581,1789939474.4881268,0.0,0.0,0.0,0.0
2026-09-21T02:54:34.498798,1789939474.4981358,0.0,0.0,0.0,0.0
2026-09-21T02:54:34.508681,1789939474.5081336,0.0,0.0,0.0,0.0
2026-09-21T02:54:34.518702,1789939474.5181448,0.0,0.0,0.0,0.0
2026-09-21T02:54:34.528696,1789939474.528167,0.0,0.0,0.0,0.0
2026-09-21T02:54:34.538645,1789939474.538148,0.0,0.0,0.0,0.0
2026-09-21T02:54:34.548928,1789939474.548138,0.0,0.0,0.0,0.0
2026-09-21T02:54:34.558660,1789939474.55814,0.0,0.0,0.0,0.0
2026-09-21T02:54:34.568708,1789939474.56813,0.0,0.0,0.0,0.0
2026-09-21T02:54:34.579130,1789939474.5782614,0.0,0.0,0.0,0.0
2026-09-21T02:54:34.588586,1789939474.5881293,0.0,0.0,0.0,0.0
2026-09-21T02:54:34.598697,1789939474.5981202,0.0,0.0,0.0,0.0
2026-09-21T02:54:34.608670,1789939474.6081254,0.0,0.0,0.0,0.0
2026-09-21T02:54:34.618695,1789939474.6181352,0.0,0.0,0.0,0.0
2026-09-21T02:54:34.628763,1789939474.6281924,0.0,0.0,0.0,0.0
2026-09-21T02:54:34.638625,1789939474.6381264,0.0,0.0,0.0,0.0
2026-09-21T02:54:34.648735,1789939474.6481254,0.0,0.0,0.0,0.0
2026-09-21T02:54:34.660433,1789939474.658137,0.0,0.0,0.0,0.0
2026-09-21T02:54:34.668590,1789939474.6681364,0.0,0.0,0.0,0.0
2026-09-21T02:54:34.678602,1789939474.678116,0.0,0.0,0.0,0.0
2026-09-21T02:54:34.688624,1789939474.6881213,0.0,0.0,0.0,0.0
2026-09-21T02:54:34.698676,1789939474.6981256,0.0,0.0,0.0,0.0
2026-09-21T02:54:34.708690,1789939474.708132,0.0,0.0,0.0,0.0
2026-09-21T02:54:34.718674,1789939474.718124,0.0,0.0,0.0,0.0
2026-09-21T02:54:34.728675,1789939474.728139,0.0,0.0,0.0,0.0
2026-09-21T02:54:34.738598,1789939474.7381475,0.0,0.0,0.0,0.0
2026-09-21T02:54:34.748827,1789939474.748119,0.0,0.0,0.0,0.0
2026-09-21T02:54:34.758940,1789939474.758128,0.0,0.0,0.0,0.0
2026-09-21T02:54:34.768734,1789939474.7681227,0.0,0.0,0.0,0.0
2026-09-21T02:54:34.778625,1789939474.7781212,0.0,0.0,0.0,0.0
2026-09-21T02:54:34.788642,1789939474.788129,0.0,0.0,0.0,0.0
2026-09-21T02:54:34.798712,1789939474.798127,0.0,0.0,0.0,0.0
2026-09-21T02:54:34.808901,1789939474.8081396,0.0,0.0,0.0,0.0
2026-09-21T02:54:34.818685,1789939474.8181262,0.0,0.0,0.0,0.0
2026-09-21T02:54:34.828683,1789939474.8281462,0.0,0.0,0.0,0.0
2026-09-21T02:54:34.838569,1789939474.838121,0.0,0.0,0.0,0.0
2026-09-21T02:54:34.848674,1789939474.8481212,0.0,0.0,0.0,0.0
2026-09-21T02:54:34.858728,1789939474.8581307,0.0,0.0,0.0,0.0
2026-09-21T02:54:34.868572,1789939474.868118,0.0,0.0,0.0,0.0
2026-09-21T02:54:34.878605,1789939474.8781176,0.0,0.0,0.0,0.0
2026-09-21T02:54:34.888662,1789939474.8881214,0.0,0.0,0.0,0.0
2026-09-21T02:54:34.898690,1789939474.898125,0.0,0.0,0.0,0.0
2026-09-21T02:54:34.908661,1789939474.9081326,0.0,0.0,0.0,0.0
2026-09-21T02:54:34.918760,1789939474.918129,0.0,0.0,0.0,0.0
2026-09-21T02:54:34.928688,1789939474.9281263,0.0,0.0,0.0,0.0
2026-09-21T02:54:34.938616,1789939474.938119,0.0,0.0,0.0,0.0
2026-09-21T02:54:34.948909,1789939474.9481335,0.0,0.0,0.0,0.0
2026-09-21T02:54:34.958749,1789939474.9581249,0.0,0.0,0.0,0.0
2026-09-21T02:54:34.968699,1789939474.9681416,0.0,0.0,0.0,0.0
2026-09-21T02:54:34.978695,1789939474.9781265,0.0,0.0,0.0,0.0
2026-09-21T02:54:34.988698,1789939474.9881253,0.0,0.0,0.0,0.0
2026-09-21T02:54:34.998708,1789939474.9981275,0.0,0.0,0.0,0.0
2026-09-21T02:54:35.008981,1789939475.0081398,0.0,0.0,0.0,0.0
2026-09-21T02:54:35.018635,1789939475.018123,0.0,0.0,0.0,0.0
2026-09-21T02:54:35.028615,1789939475.028117,0.0,0.0,0.0,0.0
2026-09-21T02:54:35.038568,1789939475.0381203,0.0,0.0,0.0,0.0
2026-09-21T02:54:35.048805,1789939475.0481503,0.0,0.0,0.0,0.0
2026-09-21T02:54:35.058664,1789939475.0581355,0.0,0.0,0.0,0.0
2026-09-21T02:54:35.068564,1789939475.0681486,0.0,0.0,0.0,0.0
2026-09-21T02:54:35.078797,1789939475.0781374,0.0,0.0,0.0,0.0
2026-09-21T02:54:35.088690,1789939475.08812,0.0,0.0,0.0,0.0
2026-09-21T02:54:35.098681,1789939475.0981462,0.0,0.0,0.0,0.0
2026-09-21T02:54:35.108779,1789939475.1081808,0.0,0.0,0.0,0.0
2026-09-21T02:54:35.118624,1789939475.1181505,0.0,0.0,0.0,0.0
2026-09-21T02:54:35.128649,1789939475.1281693,0.0,0.0,0.0,0.0
2026-09-21T02:54:35.138721,1789939475.138167,0.0,0.0,0.0,0.0
2026-09-21T02:54:35.148845,1789939475.1481462,0.0,0.0,0.0,0.0
2026-09-21T02:54:35.158689,1789939475.1581395,0.0,0.0,0.0,0.0
2026-09-21T02:54:35.168721,1789939475.16812,0.0,0.0,0.0,0.0
2026-09-21T02:54:35.178672,1789939475.178131,0.0,0.0,0.0,0.0
2026-09-21T02:54:35.188588,1789939475.188139,0.0,0.0,0.0,0.0
2026-09-21T02:54:35.198667,1789939475.1981292,0.0,0.0,0.0,0.0
2026-09-21T02:54:35.208697,1789939475.2081358,0.0,0.0,0.0,0.0
2026-09-21T02:54:35.218579,1789939475.2181234,0.0,0.0,0.0,0.0
2026-09-21T02:54:35.228762,1789939475.228146,0.0,0.0,0.0,0.0
2026-09-21T02:54:35.238600,1789939475.2381184,0.0,0.0,0.0,0.0
2026-09-21T02:54:35.248756,1789939475.2481196,0.0,0.0,0.0,0.0
2026-09-21T02:54:35.258671,1789939475.258124,0.0,0.0,0.0,0.0
2026-09-21T02:54:35.268779,1789939475.268135,0.0,0.0,0.0,0.0
2026-09-21T02:54:35.278671,1789939475.2781239,0.0,0.0,0.0,0.0
2026-09-21T02:54:35.288650,1789939475.288123,0.0,0.0,0.0,0.0
2026-09-21T02:54:35.298836,1789939475.298129,0.0,0.0,0.0,0.0
2026-09-21T02:54:35.308720,1789939475.3081632,0.0,0.0,0.0,0.0
2026-09-21T02:54:35.318598,1789939475.3181317,0.0,0.0,0.0,0.0
2026-09-21T02:54:35.328789,1789939475.328141,0.0,0.0,0.0,0.0
2026-09-21T02:54:35.338743,1789939475.3381617,0.0,0.0,0.0,0.0
2026-09-21T02:54:35.348800,1789939475.3481536,0.0,0.0,0.0,0.0
2026-09-21T02:54:35.358648,1789939475.3581414,0.0,0.0,0.0,0.0
2026-09-21T02:54:35.368633,1789939475.3681517,0.0,0.0,0.0,0.0
2026-09-21T02:54:35.378629,1789939475.378143,0.0,0.0,0.0,0.0
2026-09-21T02:54:35.388623,1789939475.3881567,0.0,0.0,0.0,0.0
2026-09-21T02:54:35.398732,1789939475.3981326,0.0,0.0,0.0,0.0
2026-09-21T02:54:35.408826,1789939475.4081404,0.0,0.0,0.0,0.0
2026-09-21T02:54:35.418606,1789939475.4181328,0.0,0.0,0.0,0.0
2026-09-21T02:54:35.428843,1789939475.428149,0.0,0.0,0.0,0.0
2026-09-21T02:54:35.438624,1789939475.4381285,0.0,0.0,0.0,0.0
2026-09-21T02:54:35.448743,1789939475.4481215,0.0,0.0,0.0,0.0
2026-09-21T02:54:35.460437,1789939475.458132,0.0,0.0,0.0,0.0
2026-09-21T02:54:35.468579,1789939475.4681137,0.0,0.0,0.0,0.0
2026-09-21T02:54:35.478582,1789939475.4781253,0.0,0.0,0.0,0.0
2026-09-21T02:54:35.488630,1789939475.4881177,0.0,0.0,0.0,0.0
2026-09-21T02:54:35.498631,1789939475.4981217,0.0,0.0,0.0,0.0
2026-09-21T02:54:35.508793,1789939475.5081344,0.0,0.0,0.0,0.0
2026-09-21T02:54:35.518611,1789939475.5181458,0.0,0.0,0.0,0.0
2026-09-21T02:54:35.528768,1789939475.5281613,0.0,0.0,0.0,0.0
2026-09-21T02:54:35.538585,1789939475.5381272,0.0,0.0,0.0,0.0
2026-09-21T02:54:35.548825,1789939475.5481458,0.0,0.0,0.0,0.0
2026-09-21T02:54:35.558703,1789939475.5581307,0.0,0.0,0.0,0.0
2026-09-21T02:54:35.568758,1789939475.568143,0.0,0.0,0.0,0.0
2026-09-21T02:54:35.578664,1789939475.5781293,0.0,0.0,0.0,0.0
2026-09-21T02:54:35.589283,1789939475.5881395,0.0,0.0,0.0,0.0
2026-09-21T02:54:35.598596,1789939475.5981178,0.0,0.0,0.0,0.0
2026-09-21T02:54:35.608798,1789939475.6081378,0.0,0.0,0.0,0.0
2026-09-21T02:54:35.619200,1789939475.6181462,0.0,0.0,0.0,0.0
2026-09-21T02:54:35.628657,1789939475.6281304,0.0,0.0,0.0,0.0
2026-09-21T02:54:35.639092,1789939475.6381803,0.0,0.0,0.0,0.0
2026-09-21T02:54:35.649025,1789939475.6481233,0.0,0.0,0.0,0.0
2026-09-21T02:54:35.658787,1789939475.658135,0.0,0.0,0.0,0.0
2026-09-21T02:54:35.669210,1789939475.6681669,0.0,0.0,0.0,0.0
2026-09-21T02:54:35.678839,1789939475.6781647,0.0,0.0,0.0,0.0
2026-09-21T02:54:35.689641,1789939475.688315,0.0,0.0,0.0,0.0
2026-09-21T02:54:35.698905,1789939475.6981323,0.0,0.0,0.0,0.0
2026-09-21T02:54:35.709500,1789939475.7081857,0.0,0.0,0.0,0.0
2026-09-21T02:54:35.718638,1789939475.718124,0.0,0.0,0.0,0.0
2026-09-21T02:54:35.728866,1789939475.7281375,0.0,0.0,0.0,0.0
2026-09-21T02:54:35.738836,1789939475.7381651,0.0,0.0,0.0,0.0
2026-09-21T02:54:35.748907,1789939475.7481565,0.0,0.0,0.0,0.0
2026-09-21T02:54:35.759483,1789939475.7581952,0.0,0.0,0.0,0.0
2026-09-21T02:54:35.768786,1789939475.7681396,0.0,0.0,0.0,0.0
2026-09-21T02:54:35.779030,1789939475.778148,0.0,0.0,0.0,0.0
2026-09-21T02:54:35.788719,1789939475.788126,0.0,0.0,0.0,0.0
2026-09-21T02:54:35.798971,1789939475.798143,0.0,0.0,0.0,0.0
2026-09-21T02:54:35.808848,1789939475.8081574,0.0,0.0,0.0,0.0
2026-09-21T02:54:35.818609,1789939475.8181355,0.0,0.0,0.0,0.0
2026-09-21T02:54:35.828588,1789939475.8281276,0.0,0.0,0.0,0.0
2026-09-21T02:54:35.839142,1789939475.8382483,0.0,0.0,0.0,0.0
2026-09-21T02:54:35.848733,1789939475.848149,0.0,0.0,0.0,0.0
2026-09-21T02:54:35.858653,1789939475.858139,0.0,0.0,0.0,0.0
2026-09-21T02:54:35.868615,1789939475.8681512,0.0,0.0,0.0,0.0
2026-09-21T02:54:35.878576,1789939475.8781185,0.0,0.0,0.0,0.0
2026-09-21T02:54:35.889116,1789939475.88821,0.0,0.0,0.0,0.0
2026-09-21T02:54:35.898660,1789939475.8981283,0.0,0.0,0.0,0.0
2026-09-21T02:54:35.908843,1789939475.90816,0.0,0.0,0.0,0.0
2026-09-21T02:54:35.918647,1789939475.9181306,0.0,0.0,0.0,0.0
2026-09-21T02:54:35.928668,1789939475.928135,0.0,0.0,0.0,0.0
2026-09-21T02:54:35.939766,1789939475.938228,0.0,0.0,0.0,0.0
2026-09-21T02:54:35.948779,1789939475.9481316,0.0,0.0,0.0,0.0
2026-09-21T02:54:35.958622,1789939475.958141,0.0,0.0,0.0,0.0
2026-09-21T02:54:35.968688,1789939475.9681513,0.0,0.0,0.0,0.0
2026-09-21T02:54:35.978584,1789939475.9781272,0.0,0.0,0.0,0.0
2026-09-21T02:54:35.989111,1789939475.988219,0.0,0.0,0.0,0.0
2026-09-21T02:54:35.998596,1789939475.9981217,0.0,0.0,0.0,0.0
2026-09-21T02:54:36.008774,1789939476.0081272,0.0,0.0,0.0,0.0
2026-09-21T02:54:36.018631,1789939476.0181308,0.0,0.0,0.0,0.0
2026-09-21T02:54:36.028655,1789939476.028165,0.0,0.0,0.0,0.0
2026-09-21T02:54:36.039163,1789939476.03827,0.0,0.0,0.0,0.0
2026-09-21T02:54:36.048613,1789939476.0481186,0.0,0.0,0.0,0.0
2026-09-21T02:54:36.058703,1789939476.0581334,0.0,0.0,0.0,0.0
2026-09-21T02:54:36.068802,1789939476.0681345,0.0,0.0,0.0,0.0
2026-09-21T02:54:36.078697,1789939476.0781221,0.0,0.0,0.0,0.0
2026-09-21T02:54:36.089530,1789939476.0881906,0.0,0.0,0.0,0.0
2026-09-21T02:54:36.098796,1789939476.0981228,0.0,0.0,0.0,0.0
2026-09-21T02:54:36.108927,1789939476.1081533,0.0,0.0,0.0,0.0
2026-09-21T02:54:36.118669,1789939476.118159,0.0,0.0,0.0,0.0
2026-09-21T02:54:36.128709,1789939476.1281269,0.0,0.0,0.0,0.0
2026-09-21T02:54:36.139484,1789939476.1381798,0.0,0.0,0.0,0.0
2026-09-21T02:54:36.148980,1789939476.1481667,0.0,0.0,0.0,0.0
2026-09-21T02:54:36.158764,1789939476.158163,0.0,0.0,0.0,0.0
2026-09-21T02:54:36.169167,1789939476.1681561,0.0,0.0,0.0,0.0
2026-09-21T02:54:36.178636,1789939476.1781251,0.0,0.0,0.0,0.0
2026-09-21T02:54:36.189125,1789939476.1881847,0.0,0.0,0.0,0.0
2026-09-21T02:54:36.198555,1789939476.1981237,0.0,0.0,0.0,0.0
2026-09-21T02:54:36.208720,1789939476.2081313,0.0,0.0,0.0,0.0
2026-09-21T02:54:36.218699,1789939476.218125,0.0,0.0,0.0,0.0
2026-09-21T02:54:36.228795,1789939476.2281284,0.0,0.0,0.0,0.0
2026-09-21T02:54:36.239540,1789939476.2381349,0.0,0.0,0.0,0.0
2026-09-21T02:54:36.248665,1789939476.2481198,0.0,0.0,0.0,0.0
2026-09-21T02:54:36.258811,1789939476.2581267,0.0,0.0,0.0,0.0
2026-09-21T02:54:36.268556,1789939476.2681239,0.0,0.0,0.0,0.0
2026-09-21T02:54:36.278592,1789939476.2781243,0.0,0.0,0.0,0.0
2026-09-21T02:54:36.289258,1789939476.2881975,0.0,0.0,0.0,0.0
2026-09-21T02:54:36.298687,1789939476.2981308,0.0,0.0,0.0,0.0
2026-09-21T02:54:36.308716,1789939476.3081303,0.0,0.0,0.0,0.0
2026-09-21T02:54:36.318574,1789939476.3181286,0.0,0.0,0.0,0.0
2026-09-21T02:54:36.328637,1789939476.3281276,0.0,0.0,0.0,0.0
2026-09-21T02:54:36.339668,1789939476.3382022,0.0,0.0,0.0,0.0
2026-09-21T02:54:36.348659,1789939476.3481276,0.0,0.0,0.0,0.0
2026-09-21T02:54:36.358773,1789939476.3581479,0.0,0.0,0.0,0.0
2026-09-21T02:54:36.368602,1789939476.3681326,0.0,0.0,0.0,0.0
2026-09-21T02:54:36.378556,1789939476.3781226,0.0,0.0,0.0,0.0
2026-09-21T02:54:36.389728,1789939476.3881598,0.0,0.0,0.0,0.0
2026-09-21T02:54:36.398590,1789939476.398116,0.0,0.0,0.0,0.0
2026-09-21T02:54:36.408675,1789939476.408122,0.0,0.0,0.0,0.0
2026-09-21T02:54:36.418780,1789939476.418121,0.0,0.0,0.0,0.0
2026-09-21T02:54:36.428718,1789939476.428129,0.0,0.0,0.0,0.0
2026-09-21T02:54:36.439494,1789939476.4381826,0.0,0.0,0.0,0.0
2026-09-21T02:54:36.448839,1789939476.448137,0.0,0.0,0.0,0.0
2026-09-21T02:54:36.458621,1789939476.458135,0.0,0.0,0.0,0.0
2026-09-21T02:54:36.468627,1789939476.468148,0.0,0.0,0.0,0.0
2026-09-21T02:54:36.478594,1789939476.478117,0.0,0.0,0.0,0.0
2026-09-21T02:54:36.488795,1789939476.4881387,0.0,0.0,0.0,0.0
2026-09-21T02:54:36.498603,1789939476.49812,0.0,0.0,0.0,0.0
2026-09-21T02:54:36.508839,1789939476.5081317,0.0,0.0,0.0,0.0
2026-09-21T02:54:36.518637,1789939476.5181222,0.0,0.0,0.0,0.0
2026-09-21T02:54:36.528865,1789939476.5281205,0.0,0.0,0.0,0.0
2026-09-21T02:54:36.539353,1789939476.538172,0.0,0.0,0.0,0.0
2026-09-21T02:54:36.548892,1789939476.5481286,0.0,0.0,0.0,0.0
2026-09-21T02:54:36.558748,1789939476.5581596,0.0,0.0,0.0,0.0
2026-09-21T02:54:36.568554,1789939476.568117,0.0,0.0,0.0,0.0
2026-09-21T02:54:36.578746,1789939476.5781267,0.0,0.0,0.0,0.0
2026-09-21T02:54:36.589321,1789939476.5882018,0.0,0.0,0.0,0.0
2026-09-21T02:54:36.598619,1789939476.5981238,0.0,0.0,0.0,0.0
2026-09-21T02:54:36.608801,1789939476.6081333,0.0,0.0,0.0,0.0
2026-09-21T02:54:36.618638,1789939476.6181283,0.0,0.0,0.0,0.0
2026-09-21T02:54:36.628709,1789939476.6281304,0.0,0.0,0.0,0.0
2026-09-21T02:54:36.638635,1789939476.6381314,0.0,0.0,0.0,0.0
2026-09-21T02:54:36.648641,1789939476.6481254,0.0,0.0,0.0,0.0
2026-09-21T02:54:36.659368,1789939476.6582122,0.0,0.0,0.0,0.0
2026-09-21T02:54:36.668630,1789939476.6681204,0.0,0.0,0.0,0.0
2026-09-21T02:54:36.678688,1789939476.6781363,0.0,0.0,0.0,0.0
2026-09-21T02:54:36.688661,1789939476.6881483,0.0,0.0,0.0,0.0
2026-09-21T02:54:36.698582,1789939476.698119,0.0,0.0,0.0,0.0
2026-09-21T02:54:36.709561,1789939476.7081811,0.0,0.0,0.0,0.0
2026-09-21T02:54:36.718626,1789939476.7181203,0.0,0.0,0.0,0.0
2026-09-21T02:54:36.728635,1789939476.728128,0.0,0.0,0.0,0.0
2026-09-21T02:54:36.738684,1789939476.7381203,0.0,0.0,0.0,0.0
2026-09-21T02:54:36.748624,1789939476.7481387,0.0,0.0,0.0,0.0
2026-09-21T02:54:36.758952,1789939476.7581816,0.0,0.0,0.0,0.0
2026-09-21T02:54:36.768913,1789939476.7681313,0.0,0.0,0.0,0.0
2026-09-21T02:54:36.778628,1789939476.7781308,0.0,0.0,0.0,0.0
2026-09-21T02:54:36.788622,1789939476.7881196,0.0,0.0,0.0,0.0
2026-09-21T02:54:36.798575,1789939476.798117,0.0,0.0,0.0,0.0
2026-09-21T02:54:36.809151,1789939476.8081348,0.0,0.0,0.0,0.0
2026-09-21T02:54:36.818590,1789939476.8181267,0.0,0.0,0.0,0.0
2026-09-21T02:54:36.828841,1789939476.82813,0.0,0.0,0.0,0.0
2026-09-21T02:54:36.838613,1789939476.8381274,0.0,0.0,0.0,0.0
2026-09-21T02:54:36.848681,1789939476.8481383,0.0,0.0,0.0,0.0
2026-09-21T02:54:36.859204,1789939476.8582659,0.0,0.0,0.0,0.0
2026-09-21T02:54:36.868785,1789939476.8681371,0.0,0.0,0.0,0.0
2026-09-21T02:54:36.878746,1789939476.8781419,0.0,0.0,0.0,0.0
2026-09-21T02:54:36.888688,1789939476.8881476,0.0,0.0,0.0,0.0
2026-09-21T02:54:36.898741,1789939476.8981225,0.0,0.0,0.0,0.0
2026-09-21T02:54:36.909090,1789939476.908204,0.0,0.0,0.0,0.0
2026-09-21T02:54:36.918572,1789939476.9181242,0.0,0.0,0.0,0.0
2026-09-21T02:54:36.928712,1789939476.9281263,0.0,0.0,0.0,0.0
2026-09-21T02:54:36.938656,1789939476.9381275,0.0,0.0,0.0,0.0
2026-09-21T02:54:36.948611,1789939476.9481413,0.0,0.0,0.0,0.0
2026-09-21T02:54:36.959519,1789939476.958184,0.0,0.0,0.0,0.0
2026-09-21T02:54:36.968758,1789939476.9681387,0.0,0.0,0.0,0.0
2026-09-21T02:54:36.978804,1789939476.9781296,0.0,0.0,0.0,0.0
2026-09-21T02:54:36.988768,1789939476.9881685,0.0,0.0,0.0,0.0
2026-09-21T02:54:36.998702,1789939476.9981327,0.0,0.0,0.0,0.0
2026-09-21T02:54:37.009161,1789939477.0081675,0.0,0.0,0.0,0.0
2026-09-21T02:54:37.018606,1789939477.0181158,0.0,0.0,0.0,0.0
2026-09-21T02:54:37.028833,1789939477.0281725,0.0,0.0,0.0,0.0
2026-09-21T02:54:37.038663,1789939477.038137,0.0,0.0,0.0,0.0
2026-09-21T02:54:37.048589,1789939477.0481203,0.0,0.0,0.0,0.0
2026-09-21T02:54:37.059347,1789939477.0582364,0.0,0.0,0.0,0.0
2026-09-21T02:54:37.068642,1789939477.0681174,0.0,0.0,0.0,0.0
2026-09-21T02:54:37.078777,1789939477.0781393,0.0,0.0,0.0,0.0
2026-09-21T02:54:37.088642,1789939477.0881443,0.0,0.0,0.0,0.0
2026-09-21T02:54:37.098582,1789939477.0981276,0.0,0.0,0.0,0.0
2026-09-21T02:54:37.108911,1789939477.1081674,0.0,0.0,0.0,0.0
2026-09-21T02:54:37.118576,1789939477.1181178,0.0,0.0,0.0,0.0
2026-09-21T02:54:37.128796,1789939477.1281333,0.0,0.0,0.0,0.0
2026-09-21T02:54:37.138707,1789939477.1381264,0.0,0.0,0.0,0.0
2026-09-21T02:54:37.148587,1789939477.1481156,0.0,0.0,0.0,0.0
2026-09-21T02:54:37.159456,1789939477.158172,0.0,0.0,0.0,0.0
2026-09-21T02:54:37.168583,1789939477.1681273,0.0,0.0,0.0,0.0
2026-09-21T02:54:37.178633,1789939477.178129,0.0,0.0,0.0,0.0
2026-09-21T02:54:37.188745,1789939477.1881478,0.0,0.0,0.0,0.0
2026-09-21T02:54:37.198637,1789939477.198151,0.0,0.0,0.0,0.0
2026-09-21T02:54:37.209336,1789939477.2081583,0.0,0.0,0.0,0.0
2026-09-21T02:54:37.218775,1789939477.2181242,0.0,0.0,0.0,0.0
2026-09-21T02:54:37.228902,1789939477.2281437,0.0,0.0,0.0,0.0
2026-09-21T02:54:37.238593,1789939477.238124,0.0,0.0,0.0,0.0
2026-09-21T02:54:37.248744,1789939477.2481487,0.0,0.0,0.0,0.0
2026-09-21T02:54:37.259128,1789939477.258146,0.0,0.0,0.0,0.0
2026-09-21T02:54:37.268650,1789939477.2681267,0.0,0.0,0.0,0.0
2026-09-21T02:54:37.278660,1789939477.2781265,0.0,0.0,0.0,0.0
2026-09-21T02:54:37.288684,1789939477.288121,0.0,0.0,0.0,0.0
2026-09-21T02:54:37.298642,1789939477.2981386,0.0,0.0,0.0,0.0
2026-09-21T02:54:37.308991,1789939477.308167,0.0,0.0,0.0,0.0
2026-09-21T02:54:37.318794,1789939477.318153,0.0,0.0,0.0,0.0
2026-09-21T02:54:37.328711,1789939477.328129,0.0,0.0,0.0,0.0
2026-09-21T02:54:37.338573,1789939477.3381193,0.0,0.0,0.0,0.0
2026-09-21T02:54:37.348838,1789939477.348146,0.0,0.0,0.0,0.0
2026-09-21T02:54:37.358946,1789939477.3581405,0.0,0.0,0.0,0.0
2026-09-21T02:54:37.368788,1789939477.3681521,0.0,0.0,0.0,0.0
2026-09-21T02:54:37.378734,1789939477.3781302,0.0,0.0,0.0,0.0
2026-09-21T02:54:37.388474,1789939477.388134,0.0,0.0,0.0,0.0
2026-09-21T02:54:37.398713,1789939477.3981214,0.0,0.0,0.0,0.0
2026-09-21T02:54:37.409120,1789939477.408213,0.0,0.0,0.0,0.0
2026-09-21T02:54:37.418620,1789939477.418123,0.0,0.0,0.0,0.0
2026-09-21T02:54:37.428705,1789939477.428126,0.0,0.0,0.0,0.0
2026-09-21T02:54:37.438978,1789939477.4381292,0.0,0.0,0.0,0.0
2026-09-21T02:54:37.448647,1789939477.4481447,0.0,0.0,0.0,0.0
2026-09-21T02:54:37.459368,1789939477.4582005,0.0,0.0,0.0,0.0
2026-09-21T02:54:37.468767,1789939477.4681442,0.0,0.0,0.0,0.0
2026-09-21T02:54:37.478747,1789939477.4781435,0.0,0.0,0.0,0.0
2026-09-21T02:54:37.488656,1789939477.4881375,0.0,0.0,0.0,0.0
2026-09-21T02:54:37.498587,1789939477.4981275,0.0,0.0,0.0,0.0
2026-09-21T02:54:37.509408,1789939477.5081646,0.0,0.0,0.0,0.0
2026-09-21T02:54:37.518556,1789939477.5181298,0.0,0.0,0.0,0.0
2026-09-21T02:54:37.528586,1789939477.5281239,0.0,0.0,0.0,0.0
2026-09-21T02:54:37.538646,1789939477.5381222,0.0,0.0,0.0,0.0
2026-09-21T02:54:37.549010,1789939477.548132,0.0,0.0,0.0,0.0
2026-09-21T02:54:37.559347,1789939477.5581813,0.0,0.0,0.0,0.0
2026-09-21T02:54:37.568587,1789939477.5681355,0.0,0.0,0.0,0.0
2026-09-21T02:54:37.578678,1789939477.5781338,0.0,0.0,0.0,0.0
2026-09-21T02:54:37.588618,1789939477.5881205,0.0,0.0,0.0,0.0
2026-09-21T02:54:37.598608,1789939477.5981307,0.0,0.0,0.0,0.0
2026-09-21T02:54:37.609355,1789939477.6081963,0.0,0.0,0.0,0.0
2026-09-21T02:54:37.618588,1789939477.6181316,0.0,0.0,0.0,0.0
2026-09-21T02:54:37.629146,1789939477.6282184,0.0,0.0,0.0,0.0
2026-09-21T02:54:37.638650,1789939477.6381295,0.0,0.0,0.0,0.0
2026-09-21T02:54:37.648673,1789939477.6481264,0.0,0.0,0.0,0.0
2026-09-21T02:54:37.658618,1789939477.6581185,0.0,0.0,0.0,0.0
2026-09-21T02:54:37.668864,1789939477.6681395,0.0,0.0,0.0,0.0
2026-09-21T02:54:37.678868,1789939477.6781602,0.0,0.0,0.0,0.0
2026-09-21T02:54:37.688621,1789939477.688137,0.0,0.0,0.0,0.0
2026-09-21T02:54:37.698708,1789939477.6981344,0.0,0.0,0.0,0.0
2026-09-21T02:54:37.708723,1789939477.708152,0.0,0.0,0.0,0.0
2026-09-21T02:54:37.718614,1789939477.7181437,0.0,0.0,0.0,0.0
2026-09-21T02:54:37.728929,1789939477.7282236,0.0,0.0,0.0,0.0
2026-09-21T02:54:37.738647,1789939477.738154,0.0,0.0,0.0,0.0
2026-09-21T02:54:37.748685,1789939477.7481253,0.0,0.0,0.0,0.0
2026-09-21T02:54:37.758613,1789939477.7581215,0.0,0.0,0.0,0.0
2026-09-21T02:54:37.768626,1789939477.768117,0.0,0.0,0.0,0.0
2026-09-21T02:54:37.778793,1789939477.7781434,0.0,0.0,0.0,0.0
2026-09-21T02:54:37.788607,1789939477.788129,0.0,0.0,0.0,0.0
2026-09-21T02:54:37.798586,1789939477.7981257,0.0,0.0,0.0,0.0
2026-09-21T02:54:37.808847,1789939477.8081172,0.0,0.0,0.0,0.0
2026-09-21T02:54:37.818671,1789939477.8181348,0.0,0.0,0.0,0.0
2026-09-21T02:54:37.828996,1789939477.8281608,0.0,0.0,0.0,0.0
2026-09-21T02:54:37.838864,1789939477.838129,0.0,0.0,0.0,0.0
2026-09-21T02:54:37.848869,1789939477.848147,0.0,0.0,0.0,0.0
2026-09-21T02:54:37.858822,1789939477.8581376,0.0,0.0,0.0,0.0
2026-09-21T02:54:37.868641,1789939477.8681612,0.0,0.0,0.0,0.0
2026-09-21T02:54:37.878747,1789939477.878157,0.0,0.0,0.0,0.0
2026-09-21T02:54:37.888855,1789939477.888134,0.0,0.0,0.0,0.0
2026-09-21T02:54:37.898695,1789939477.8981478,0.0,0.0,0.0,0.0
2026-09-21T02:54:37.908642,1789939477.9081292,0.0,0.0,0.0,0.0
2026-09-21T02:54:37.918666,1789939477.9181635,0.0,0.0,0.0,0.0
2026-09-21T02:54:37.928854,1789939477.9281516,0.0,0.0,0.0,0.0
2026-09-21T02:54:37.938618,1789939477.9381313,0.0,0.0,0.0,0.0
2026-09-21T02:54:37.948685,1789939477.948137,0.0,0.0,0.0,0.0
2026-09-21T02:54:37.958608,1789939477.9581242,0.0,0.0,0.0,0.0
2026-09-21T02:54:37.968650,1789939477.9681253,0.0,0.0,0.0,0.0
2026-09-21T02:54:37.978784,1789939477.9781408,0.0,0.0,0.0,0.0
2026-09-21T02:54:37.988806,1789939477.988131,0.0,0.0,0.0,0.0
2026-09-21T02:54:37.998643,1789939477.9981337,0.0,0.0,0.0,0.0
2026-09-21T02:54:38.008783,1789939478.0081213,0.0,0.0,0.0,0.0
2026-09-21T02:54:38.018868,1789939478.0181243,0.0,0.0,0.0,0.0
2026-09-21T02:54:38.029245,1789939478.0282018,0.0,0.0,0.0,0.0
2026-09-21T02:54:38.038617,1789939478.0381212,0.0,0.0,0.0,0.0
2026-09-21T02:54:38.048779,1789939478.0481305,0.0,0.0,0.0,0.0
2026-09-21T02:54:38.058720,1789939478.0581272,0.0,0.0,0.0,0.0
2026-09-21T02:54:38.068598,1789939478.0681174,0.0,0.0,0.0,0.0
2026-09-21T02:54:38.078749,1789939478.078137,0.0,0.0,0.0,0.0
2026-09-21T02:54:38.088672,1789939478.0881276,0.0,0.0,0.0,0.0
2026-09-21T02:54:38.098614,1789939478.0981228,0.0,0.0,0.0,0.0
2026-09-21T02:54:38.108590,1789939478.1081214,0.0,0.0,0.0,0.0
2026-09-21T02:54:38.118725,1789939478.1181254,0.0,0.0,0.0,0.0
2026-09-21T02:54:38.129325,1789939478.1282003,0.0,0.0,0.0,0.0
2026-09-21T02:54:38.138566,1789939478.1381264,0.0,0.0,0.0,0.0
2026-09-21T02:54:38.148701,1789939478.1481285,0.0,0.0,0.0,0.0
2026-09-21T02:54:38.158630,1789939478.158133,0.0,0.0,0.0,0.0
2026-09-21T02:54:38.168601,1789939478.1681156,0.0,0.0,0.0,0.0
2026-09-21T02:54:38.179029,1789939478.1781995,0.0,0.0,0.0,0.0
2026-09-21T02:54:38.188621,1789939478.1881485,0.0,0.0,0.0,0.0
2026-09-21T02:54:38.198626,1789939478.1981275,0.0,0.0,0.0,0.0
2026-09-21T02:54:38.208765,1789939478.2081447,0.0,0.0,0.0,0.0
2026-09-21T02:54:38.218567,1789939478.2181194,0.0,0.0,0.0,0.0
2026-09-21T02:54:38.229073,1789939478.2281854,0.0,0.0,0.0,0.0
2026-09-21T02:54:38.238637,1789939478.2381222,0.0,0.0,0.0,0.0
2026-09-21T02:54:38.248687,1789939478.2481272,0.0,0.0,0.0,0.0
2026-09-21T02:54:38.258586,1789939478.2581182,0.0,0.0,0.0,0.0
2026-09-21T02:54:38.268603,1789939478.26814,0.0,0.0,0.0,0.0
2026-09-21T02:54:38.278965,1789939478.27826,0.0,0.0,0.0,0.0
2026-09-21T02:54:38.288636,1789939478.288124,0.0,0.0,0.0,0.0
2026-09-21T02:54:38.298583,1789939478.2981226,0.0,0.0,0.0,0.0
2026-09-21T02:54:38.308736,1789939478.3081307,0.0,0.0,0.0,0.0
2026-09-21T02:54:38.318603,1789939478.31812,0.0,0.0,0.0,0.0
2026-09-21T02:54:38.329004,1789939478.328184,0.0,0.0,0.0,0.0
2026-09-21T02:54:38.338924,1789939478.3381426,0.0,0.0,0.0,0.0
2026-09-21T02:54:38.348645,1789939478.348129,0.0,0.0,0.0,0.0
2026-09-21T02:54:38.358586,1789939478.3581522,0.0,0.0,0.0,0.0
2026-09-21T02:54:38.368671,1789939478.3681278,0.0,0.0,0.0,0.0
2026-09-21T02:54:38.378802,1789939478.3781447,0.0,0.0,0.0,0.0
2026-09-21T02:54:38.388625,1789939478.388142,0.0,0.0,0.0,0.0
2026-09-21T02:54:38.398844,1789939478.398135,0.0,0.0,0.0,0.0
2026-09-21T02:54:38.408694,1789939478.4081273,0.0,0.0,0.0,0.0
2026-09-21T02:54:38.418657,1789939478.4181364,0.0,0.0,0.0,0.0
2026-09-21T02:54:38.428815,1789939478.4281878,0.0,0.0,0.0,0.0
2026-09-21T02:54:38.438671,1789939478.4381297,0.0,0.0,0.0,0.0
2026-09-21T02:54:38.448728,1789939478.4481537,0.0,0.0,0.0,0.0
2026-09-21T02:54:38.458576,1789939478.4581223,0.0,0.0,0.0,0.0
2026-09-21T02:54:38.468924,1789939478.4681284,0.0,0.0,0.0,0.0
2026-09-21T02:54:38.478846,1789939478.47815,0.0,0.0,0.0,0.0
2026-09-21T02:54:38.488692,1789939478.488122,0.0,0.0,0.0,0.0
2026-09-21T02:54:38.498727,1789939478.498123,0.0,0.0,0.0,0.0
2026-09-21T02:54:38.508584,1789939478.5081375,0.0,0.0,0.0,0.0
2026-09-21T02:54:38.518588,1789939478.5181262,0.0,0.0,0.0,0.0
2026-09-21T02:54:38.528832,1789939478.5281928,0.0,0.0,0.0,0.0
2026-09-21T02:54:38.538602,1789939478.5381246,0.0,0.0,0.0,0.0
2026-09-21T02:54:38.548713,1789939478.5481296,0.0,0.0,0.0,0.0
2026-09-21T02:54:38.558589,1789939478.5581307,0.0,0.0,0.0,0.0
2026-09-21T02:54:38.568706,1789939478.568117,0.0,0.0,0.0,0.0
2026-09-21T02:54:38.579029,1789939478.5782042,0.0,0.0,0.0,0.0
2026-09-21T02:54:38.588728,1789939478.5881474,0.0,0.0,0.0,0.0
2026-09-21T02:54:38.598655,1789939478.59813,0.0,0.0,0.0,0.0
2026-09-21T02:54:38.608745,1789939478.6081226,0.0,0.0,0.0,0.0
2026-09-21T02:54:38.618626,1789939478.6181247,0.0,0.0,0.0,0.0
2026-09-21T02:54:38.629298,1789939478.628145,0.0,0.0,0.0,0.0
2026-09-21T02:54:38.638578,1789939478.6381245,0.0,0.0,0.0,0.0
2026-09-21T02:54:38.648691,1789939478.6481397,0.0,0.0,0.0,0.0
2026-09-21T02:54:38.658862,1789939478.6581233,0.0,0.0,0.0,0.0
2026-09-21T02:54:38.668581,1789939478.668133,0.0,0.0,0.0,0.0
2026-09-21T02:54:38.679343,1789939478.6782067,0.0,0.0,0.0,0.0
2026-09-21T02:54:38.688609,1789939478.6881263,0.0,0.0,0.0,0.0
2026-09-21T02:54:38.698633,1789939478.6981432,0.0,0.0,0.0,0.0
2026-09-21T02:54:38.708640,1789939478.708159,0.0,0.0,0.0,0.0
2026-09-21T02:54:38.718701,1789939478.7181222,0.0,0.0,0.0,0.0
2026-09-21T02:54:38.728871,1789939478.7281399,0.0,0.0,0.0,0.0
2026-09-21T02:54:38.738591,1789939478.7381275,0.0,0.0,0.0,0.0
2026-09-21T02:54:38.748684,1789939478.7481277,0.0,0.0,0.0,0.0
2026-09-21T02:54:38.758607,1789939478.758123,0.0,0.0,0.0,0.0
2026-09-21T02:54:38.768829,1789939478.7681253,0.0,0.0,0.0,0.0
2026-09-21T02:54:38.779350,1789939478.778151,0.0,0.0,0.0,0.0
2026-09-21T02:54:38.788754,1789939478.7881339,0.0,0.0,0.0,0.0
2026-09-21T02:54:38.798644,1789939478.798142,0.0,0.0,0.0,0.0
2026-09-21T02:54:38.808712,1789939478.808124,0.0,0.0,0.0,0.0
2026-09-21T02:54:38.818686,1789939478.8181326,0.0,0.0,0.0,0.0
2026-09-21T02:54:38.828997,1789939478.8281329,0.0,0.0,0.0,0.0
2026-09-21T02:54:38.838695,1789939478.8381233,0.0,0.0,0.0,0.0
2026-09-21T02:54:38.848666,1789939478.8481252,0.0,0.0,0.0,0.0
2026-09-21T02:54:38.858599,1789939478.8581252,0.0,0.0,0.0,0.0
2026-09-21T02:54:38.868629,1789939478.8681269,0.0,0.0,0.0,0.0
2026-09-21T02:54:38.879324,1789939478.8781757,0.0,0.0,0.0,0.0
2026-09-21T02:54:38.888743,1789939478.8881376,0.0,0.0,0.0,0.0
2026-09-21T02:54:38.898668,1789939478.8981416,0.0,0.0,0.0,0.0
2026-09-21T02:54:38.908621,1789939478.9081357,0.0,0.0,0.0,0.0
2026-09-21T02:54:38.918658,1789939478.9181263,0.0,0.0,0.0,0.0
2026-09-21T02:54:38.929172,1789939478.9281316,0.0,0.0,0.0,0.0
2026-09-21T02:54:38.938612,1789939478.9381225,0.0,0.0,0.0,0.0
2026-09-21T02:54:38.948996,1789939478.9481602,0.0,0.0,0.0,0.0
2026-09-21T02:54:38.958581,1789939478.9581215,0.0,0.0,0.0,0.0
2026-09-21T02:54:38.968596,1789939478.9681256,0.0,0.0,0.0,0.0
2026-09-21T02:54:38.980432,1789939478.9781632,0.0,0.0,0.0,0.0
2026-09-21T02:54:38.988603,1789939478.9881256,0.0,0.0,0.0,0.0
2026-09-21T02:54:38.998601,1789939478.998134,0.0,0.0,0.0,0.0
2026-09-21T02:54:39.008801,1789939479.0081418,0.0,0.0,0.0,0.0
2026-09-21T02:54:39.018613,1789939479.0181234,0.0,0.0,0.0,0.0
2026-09-21T02:54:39.029134,1789939479.0281267,0.0,0.0,0.0,0.0
2026-09-21T02:54:39.038679,1789939479.038119,0.0,0.0,0.0,0.0
2026-09-21T02:54:39.048809,1789939479.048151,0.0,0.0,0.0,0.0
2026-09-21T02:54:39.058673,1789939479.0581338,0.0,0.0,0.0,0.0
2026-09-21T02:54:39.068634,1789939479.068141,0.0,0.0,0.0,0.0
2026-09-21T02:54:39.079424,1789939479.0784647,0.0,0.0,0.0,0.0
2026-09-21T02:54:39.088640,1789939479.0881236,0.0,0.0,0.0,0.0
2026-09-21T02:54:39.098652,1789939479.0981295,0.0,0.0,0.0,0.0
2026-09-21T02:54:39.108629,1789939479.1081393,0.0,0.0,0.0,0.0
2026-09-21T02:54:39.118657,1789939479.1181521,0.0,0.0,0.0,0.0
2026-09-21T02:54:39.129091,1789939479.1281667,0.0,0.0,0.0,0.0
2026-09-21T02:54:39.138675,1789939479.1381428,0.0,0.0,0.0,0.0
2026-09-21T02:54:39.148699,1789939479.148139,0.0,0.0,0.0,0.0
2026-09-21T02:54:39.158572,1789939479.1581361,0.0,0.0,0.0,0.0
2026-09-21T02:54:39.168626,1789939479.1681397,0.0,0.0,0.0,0.0
2026-09-21T02:54:39.178774,1789939479.178142,0.0,0.0,0.0,0.0
2026-09-21T02:54:39.188716,1789939479.1881478,0.0,0.0,0.0,0.0
2026-09-21T02:54:39.198606,1789939479.1981235,0.0,0.0,0.0,0.0
2026-09-21T02:54:39.208664,1789939479.2081225,0.0,0.0,0.0,0.0
2026-09-21T02:54:39.218719,1789939479.2181342,0.0,0.0,0.0,0.0
2026-09-21T02:54:39.229295,1789939479.2281644,0.0,0.0,0.0,0.0
2026-09-21T02:54:39.238639,1789939479.238127,0.0,0.0,0.0,0.0
2026-09-21T02:54:39.248737,1789939479.2481349,0.0,0.0,0.0,0.0
2026-09-21T02:54:39.258598,1789939479.258125,0.0,0.0,0.0,0.0
2026-09-21T02:54:39.268650,1789939479.268125,0.0,0.0,0.0,0.0
2026-09-21T02:54:39.279382,1789939479.2781513,0.0,0.0,0.0,0.0
2026-09-21T02:54:39.288650,1789939479.2881348,0.0,0.0,0.0,0.0
2026-09-21T02:54:39.298886,1789939479.2981257,0.0,0.0,0.0,0.0
2026-09-21T02:54:39.308593,1789939479.3081248,0.0,0.0,0.0,0.0
2026-09-21T02:54:39.318562,1789939479.318126,0.0,0.0,0.0,0.0
2026-09-21T02:54:39.329334,1789939479.3281555,0.0,0.0,0.0,0.0
2026-09-21T02:54:39.338635,1789939479.3381343,0.0,0.0,0.0,0.0
2026-09-21T02:54:39.348755,1789939479.3481255,0.0,0.0,0.0,0.0
2026-09-21T02:54:39.358614,1789939479.3581333,0.0,0.0,0.0,0.0
2026-09-21T02:54:39.368719,1789939479.3681576,0.0,0.0,0.0,0.0
2026-09-21T02:54:39.379097,1789939479.3781502,0.0,0.0,0.0,0.0
2026-09-21T02:54:39.388634,1789939479.3881397,0.0,0.0,0.0,0.0
2026-09-21T02:54:39.398849,1789939479.3981688,0.0,0.0,0.0,0.0
2026-09-21T02:54:39.408658,1789939479.4081347,0.0,0.0,0.0,0.0
2026-09-21T02:54:39.418640,1789939479.4181638,0.0,0.0,0.0,0.0
2026-09-21T02:54:39.429548,1789939479.4281332,0.0,0.0,0.0,0.0
2026-09-21T02:54:39.438570,1789939479.438117,0.0,0.0,0.0,0.0
2026-09-21T02:54:39.448839,1789939479.4481869,0.0,0.0,0.0,0.0
2026-09-21T02:54:39.458661,1789939479.458131,0.0,0.0,0.0,0.0
2026-09-21T02:54:39.468626,1789939479.4681692,0.0,0.0,0.0,0.0
2026-09-21T02:54:39.479442,1789939479.47816,0.0,0.0,0.0,0.0
2026-09-21T02:54:39.488647,1789939479.4881399,0.0,0.0,0.0,0.0
2026-09-21T02:54:39.498909,1789939479.498135,0.0,0.0,0.0,0.0
2026-09-21T02:54:39.508632,1789939479.5081203,0.0,0.0,0.0,0.0
2026-09-21T02:54:39.518572,1789939479.5181227,0.0,0.0,0.0,0.0
2026-09-21T02:54:39.529570,1789939479.5282235,0.0,0.0,0.0,0.0
2026-09-21T02:54:39.538566,1789939479.5381215,0.0,0.0,0.0,0.0
2026-09-21T02:54:39.548949,1789939479.548164,0.0,0.0,0.0,0.0
2026-09-21T02:54:39.558596,1789939479.5581236,0.0,0.0,0.0,0.0
2026-09-21T02:54:39.568665,1789939479.5681436,0.0,0.0,0.0,0.0
2026-09-21T02:54:39.579316,1789939479.5781553,0.0,0.0,0.0,0.0
2026-09-21T02:54:39.588783,1789939479.588184,0.0,0.0,0.0,0.0
2026-09-21T02:54:39.598684,1789939479.5981514,0.0,0.0,0.0,0.0
2026-09-21T02:54:39.608602,1789939479.608139,0.0,0.0,0.0,0.0
2026-09-21T02:54:39.618721,1789939479.6181383,0.0,0.0,0.0,0.0
2026-09-21T02:54:39.629113,1789939479.628135,0.0,0.0,0.0,0.0
2026-09-21T02:54:39.638660,1789939479.6381567,0.0,0.0,0.0,0.0
2026-09-21T02:54:39.648635,1789939479.6481261,0.0,0.0,0.0,0.0
2026-09-21T02:54:39.658780,1789939479.6581519,0.0,0.0,0.0,0.0
2026-09-21T02:54:39.668632,1789939479.6681268,0.0,0.0,0.0,0.0
2026-09-21T02:54:39.679092,1789939479.6781464,0.0,0.0,0.0,0.0
2026-09-21T02:54:39.688624,1789939479.688119,0.0,0.0,0.0,0.0
2026-09-21T02:54:39.698739,1789939479.6981275,0.0,0.0,0.0,0.0
2026-09-21T02:54:39.708638,1789939479.708127,0.0,0.0,0.0,0.0
2026-09-21T02:54:39.718622,1789939479.718126,0.0,0.0,0.0,0.0
2026-09-21T02:54:39.728809,1789939479.728133,0.0,0.0,0.0,0.0
2026-09-21T02:54:39.738584,1789939479.7381346,0.0,0.0,0.0,0.0
2026-09-21T02:54:39.749403,1789939479.7481878,0.0,0.0,0.0,0.0
2026-09-21T02:54:39.758600,1789939479.7581291,0.0,0.0,0.0,0.0
2026-09-21T02:54:39.769483,1789939479.7681267,0.0,0.0,0.0,0.0
2026-09-21T02:54:39.779501,1789939479.7781677,0.0,0.0,0.0,0.0
2026-09-21T02:54:39.788617,1789939479.7881393,0.0,0.0,0.0,0.0
2026-09-21T02:54:39.798697,1789939479.798148,0.0,0.0,0.0,0.0
2026-09-21T02:54:39.808603,1789939479.8081286,0.0,0.0,0.0,0.0
2026-09-21T02:54:39.818699,1789939479.818142,0.0,0.0,0.0,0.0
2026-09-21T02:54:39.828725,1789939479.828122,0.0,0.0,0.0,0.0
2026-09-21T02:54:39.838599,1789939479.838129,0.0,0.0,0.0,0.0
2026-09-21T02:54:39.848762,1789939479.848153,0.0,0.0,0.0,0.0
2026-09-21T02:54:39.858610,1789939479.8581324,0.0,0.0,0.0,0.0
2026-09-21T02:54:39.868571,1789939479.868119,0.0,0.0,0.0,0.0
2026-09-21T02:54:39.879204,1789939479.878127,0.0,0.0,0.0,0.0
2026-09-21T02:54:39.888706,1789939479.8881218,0.0,0.0,0.0,0.0
2026-09-21T02:54:39.898621,1789939479.898128,0.0,0.0,0.0,0.0
2026-09-21T02:54:39.908647,1789939479.908135,0.0,0.0,0.0,0.0
2026-09-21T02:54:39.918645,1789939479.9181335,0.0,0.0,0.0,0.0
2026-09-21T02:54:39.928846,1789939479.928154,0.0,0.0,0.0,0.0
2026-09-21T02:54:39.938641,1789939479.9381218,0.0,0.0,0.0,0.0
2026-09-21T02:54:39.948692,1789939479.9481425,0.0,0.0,0.0,0.0
2026-09-21T02:54:39.958559,1789939479.95812,0.0,0.0,0.0,0.0
2026-09-21T02:54:39.968659,1789939479.968148,0.0,0.0,0.0,0.0
2026-09-21T02:54:39.979490,1789939479.9781272,0.0,0.0,0.0,0.0
2026-09-21T02:54:39.988599,1789939479.98812,0.0,0.0,0.0,0.0
2026-09-21T02:54:39.998646,1789939479.998133,0.0,0.0,0.0,0.0
2026-09-21T02:54:40.008620,1789939480.0081296,0.0,0.0,0.0,0.0
2026-09-21T02:54:40.018732,1789939480.0181456,0.0,0.0,0.0,0.0
2026-09-21T02:54:40.028843,1789939480.0281312,0.0,0.0,0.0,0.0
2026-09-21T02:54:40.038924,1789939480.0381327,0.0,0.0,0.0,0.0
2026-09-21T02:54:40.049250,1789939480.0481377,0.0,0.0,0.0,0.0
2026-09-21T02:54:40.058584,1789939480.058119,0.0,0.0,0.0,0.0
2026-09-21T02:54:40.068663,1789939480.0681381,0.0,0.0,0.0,0.0
2026-09-21T02:54:40.078831,1789939480.0781288,0.0,0.0,0.0,0.0
2026-09-21T02:54:40.088582,1789939480.088123,0.0,0.0,0.0,0.0
2026-09-21T02:54:40.098898,1789939480.098127,0.0,0.0,0.0,0.0
2026-09-21T02:54:40.108604,1789939480.1081364,0.0,0.0,0.0,0.0
2026-09-21T02:54:40.118585,1789939480.1181211,0.0,0.0,0.0,0.0
2026-09-21T02:54:40.128773,1789939480.128135,0.0,0.0,0.0,0.0
2026-09-21T02:54:40.138685,1789939480.1381285,0.0,0.0,0.0,0.0
2026-09-21T02:54:40.148767,1789939480.1481206,0.0,0.0,0.0,0.0
2026-09-21T02:54:40.158678,1789939480.1581273,0.0,0.0,0.0,0.0
2026-09-21T02:54:40.168649,1789939480.1681306,0.0,0.0,0.0,0.0
2026-09-21T02:54:40.178813,1789939480.178125,0.0,0.0,0.0,0.0
2026-09-21T02:54:40.188587,1789939480.188127,0.0,0.0,0.0,0.0
2026-09-21T02:54:40.198704,1789939480.1981483,0.0,0.0,0.0,0.0
2026-09-21T02:54:40.208636,1789939480.208131,0.0,0.0,0.0,0.0
2026-09-21T02:54:40.218593,1789939480.2181153,0.0,0.0,0.0,0.0
2026-09-21T02:54:40.228868,1789939480.2281363,0.0,0.0,0.0,0.0
2026-09-21T02:54:40.238579,1789939480.2381186,0.0,0.0,0.0,0.0
2026-09-21T02:54:40.248669,1789939480.2481437,0.0,0.0,0.0,0.0
2026-09-21T02:54:40.258837,1789939480.2581184,0.0,0.0,0.0,0.0
2026-09-21T02:54:40.268670,1789939480.2681413,0.0,0.0,0.0,0.0
2026-09-21T02:54:40.278838,1789939480.278127,0.0,0.0,0.0,0.0
2026-09-21T02:54:40.288989,1789939480.2881384,0.0,0.0,0.0,0.0
2026-09-21T02:54:40.298725,1789939480.2981331,0.0,0.0,0.0,0.0
2026-09-21T02:54:40.308600,1789939480.3081214,0.0,0.0,0.0,0.0
2026-09-21T02:54:40.318584,1789939480.3181221,0.0,0.0,0.0,0.0
2026-09-21T02:54:40.328766,1789939480.3281398,0.0,0.0,0.0,0.0
2026-09-21T02:54:40.338567,1789939480.338125,0.0,0.0,0.0,0.0
2026-09-21T02:54:40.348680,1789939480.3481584,0.0,0.0,0.0,0.0
2026-09-21T02:54:40.358627,1789939480.3581371,0.0,0.0,0.0,0.0
2026-09-21T02:54:40.368584,1789939480.3681316,0.0,0.0,0.0,0.0
2026-09-21T02:54:40.378772,1789939480.3781335,0.0,0.0,0.0,0.0
2026-09-21T02:54:40.388829,1789939480.3881245,0.0,0.0,0.0,0.0
2026-09-21T02:54:40.398722,1789939480.3981373,0.0,0.0,0.0,0.0
2026-09-21T02:54:40.408624,1789939480.4081447,0.0,0.0,0.0,0.0
2026-09-21T02:54:40.418783,1789939480.418129,0.0,0.0,0.0,0.0
2026-09-21T02:54:40.428675,1789939480.428127,0.0,0.0,0.0,0.0
2026-09-21T02:54:40.438575,1789939480.4381151,0.0,0.0,0.0,0.0
2026-09-21T02:54:40.448793,1789939480.4481416,0.0,0.0,0.0,0.0
2026-09-21T02:54:40.458709,1789939480.4581335,0.0,0.0,0.0,0.0
2026-09-21T02:54:40.468633,1789939480.4681451,0.0,0.0,0.0,0.0
2026-09-21T02:54:40.478814,1789939480.4781206,0.0,0.0,0.0,0.0
2026-09-21T02:54:40.488739,1789939480.4881275,0.0,0.0,0.0,0.0
2026-09-21T02:54:40.498635,1789939480.498129,0.0,0.0,0.0,0.0
2026-09-21T02:54:40.508603,1789939480.508125,0.0,0.0,0.0,0.0
2026-09-21T02:54:40.518611,1789939480.5181289,0.0,0.0,0.0,0.0
2026-09-21T02:54:40.529122,1789939480.5281453,0.0,0.0,0.0,0.0
2026-09-21T02:54:40.538617,1789939480.5381205,0.0,0.0,0.0,0.0
2026-09-21T02:54:40.549046,1789939480.5481532,0.0,0.0,0.0,0.0
2026-09-21T02:54:40.558581,1789939480.5581172,0.0,0.0,0.0,0.0
2026-09-21T02:54:40.568693,1789939480.5681226,0.0,0.0,0.0,0.0
2026-09-21T02:54:40.578854,1789939480.578142,0.0,0.0,0.0,0.0
2026-09-21T02:54:40.588695,1789939480.588134,0.0,0.0,0.0,0.0
2026-09-21T02:54:40.598641,1789939480.5981348,0.0,0.0,0.0,0.0
2026-09-21T02:54:40.608628,1789939480.6081207,0.0,0.0,0.0,0.0
2026-09-21T02:54:40.618771,1789939480.618138,0.0,0.0,0.0,0.0
2026-09-21T02:54:40.628688,1789939480.6281497,0.0,0.0,0.0,0.0
2026-09-21T02:54:40.638625,1789939480.6381383,0.0,0.0,0.0,0.0
2026-09-21T02:54:40.648783,1789939480.6481402,0.0,0.0,0.0,0.0
2026-09-21T02:54:40.658604,1789939480.6581209,0.0,0.0,0.0,0.0
2026-09-21T02:54:40.668652,1789939480.6681356,0.0,0.0,0.0,0.0
2026-09-21T02:54:40.678672,1789939480.678121,0.0,0.0,0.0,0.0
2026-09-21T02:54:40.688661,1789939480.688149,0.0,0.0,0.0,0.0
2026-09-21T02:54:40.698697,1789939480.6981337,0.0,0.0,0.0,0.0
2026-09-21T02:54:40.708665,1789939480.7081335,0.0,0.0,0.0,0.0
2026-09-21T02:54:40.718701,1789939480.7181537,0.0,0.0,0.0,0.0
2026-09-21T02:54:40.728665,1789939480.7281413,0.0,0.0,0.0,0.0
2026-09-21T02:54:40.738722,1789939480.738135,0.0,0.0,0.0,0.0
2026-09-21T02:54:40.748760,1789939480.7481592,0.0,0.0,0.0,0.0
2026-09-21T02:54:40.758561,1789939480.7581224,0.0,0.0,0.0,0.0
2026-09-21T02:54:40.768583,1789939480.7681282,0.0,0.0,0.0,0.0
2026-09-21T02:54:40.778794,1789939480.7781763,0.0,0.0,0.0,0.0
2026-09-21T02:54:40.788615,1789939480.788135,0.0,0.0,0.0,0.0
2026-09-21T02:54:40.798742,1789939480.798256,0.0,0.0,0.0,0.0
2026-09-21T02:54:40.808746,1789939480.8081446,0.0,0.0,0.0,0.0
2026-09-21T02:54:40.818787,1789939480.8181498,0.0,0.0,0.0,0.0
2026-09-21T02:54:40.828691,1789939480.8281367,0.0,0.0,0.0,0.0
2026-09-21T02:54:40.838776,1789939480.838139,0.0,0.0,0.0,0.0
2026-09-21T02:54:40.848746,1789939480.8481438,0.0,0.0,0.0,0.0
2026-09-21T02:54:40.858663,1789939480.8581347,0.0,0.0,0.0,0.0
2026-09-21T02:54:40.868989,1789939480.8681514,0.0,0.0,0.0,0.0
2026-09-21T02:54:40.878622,1789939480.8781273,0.0,0.0,0.0,0.0
2026-09-21T02:54:40.888763,1789939480.888119,0.0,0.0,0.0,0.0
2026-09-21T02:54:40.898715,1789939480.898136,0.0,0.0,0.0,0.0
2026-09-21T02:54:40.908653,1789939480.9081223,0.0,0.0,0.0,0.0
2026-09-21T02:54:40.918622,1789939480.9181213,0.0,0.0,0.0,0.0
2026-09-21T02:54:40.928708,1789939480.9281354,0.0,0.0,0.0,0.0
2026-09-21T02:54:40.938673,1789939480.938143,0.0,0.0,0.0,0.0
2026-09-21T02:54:40.948743,1789939480.9481368,0.0,0.0,0.0,0.0
2026-09-21T02:54:40.958577,1789939480.9581258,0.0,0.0,0.0,0.0
2026-09-21T02:54:40.968594,1789939480.9681232,0.0,0.0,0.0,0.0
2026-09-21T02:54:40.978671,1789939480.9781241,0.0,0.0,0.0,0.0
2026-09-21T02:54:40.988645,1789939480.9881184,0.0,0.0,0.0,0.0
2026-09-21T02:54:40.999172,1789939480.9981825,0.0,0.0,0.0,0.0
2026-09-21T02:54:41.008577,1789939481.00812,0.0,0.0,0.0,0.0
2026-09-21T02:54:41.018654,1789939481.0181282,0.0,0.0,0.0,0.0
2026-09-21T02:54:41.028823,1789939481.0281372,0.0,0.0,0.0,0.0
2026-09-21T02:54:41.038582,1789939481.0381267,0.0,0.0,0.0,0.0
2026-09-21T02:54:41.048736,1789939481.0481381,0.0,0.0,0.0,0.0
2026-09-21T02:54:41.058815,1789939481.0581276,0.0,0.0,0.0,0.0
2026-09-21T02:54:41.068673,1789939481.0681329,0.0,0.0,0.0,0.0
2026-09-21T02:54:41.078682,1789939481.0781224,0.0,0.0,0.0,0.0
2026-09-21T02:54:41.088641,1789939481.0881493,0.0,0.0,0.0,0.0
2026-09-21T02:54:41.098927,1789939481.0981786,0.0,0.0,0.0,0.0
2026-09-21T02:54:41.108620,1789939481.1081183,0.0,0.0,0.0,0.0
2026-09-21T02:54:41.118657,1789939481.1181214,0.0,0.0,0.0,0.0
2026-09-21T02:54:41.128885,1789939481.1281617,0.0,0.0,0.0,0.0
2026-09-21T02:54:41.138600,1789939481.13813,0.0,0.0,0.0,0.0
2026-09-21T02:54:41.148717,1789939481.14814,0.0,0.0,0.0,0.0
2026-09-21T02:54:41.158690,1789939481.1581438,0.0,0.0,0.0,0.0
2026-09-21T02:54:41.169137,1789939481.1681225,0.0,0.0,0.0,0.0
2026-09-21T02:54:41.178646,1789939481.1781259,0.0,0.0,0.0,0.0
2026-09-21T02:54:41.188668,1789939481.1881273,0.0,0.0,0.0,0.0
2026-09-21T02:54:41.198824,1789939481.1981568,0.0,0.0,0.0,0.0
2026-09-21T02:54:41.208815,1789939481.2081244,0.0,0.0,0.0,0.0
2026-09-21T02:54:41.218696,1789939481.2181325,0.0,0.0,0.0,0.0
2026-09-21T02:54:41.228661,1789939481.2281337,0.0,0.0,0.0,0.0
2026-09-21T02:54:41.238590,1789939481.2381506,0.0,0.0,0.0,0.0
2026-09-21T02:54:41.248766,1789939481.248141,0.0,0.0,0.0,0.0
2026-09-21T02:54:41.258621,1789939481.258124,0.0,0.0,0.0,0.0
2026-09-21T02:54:41.268722,1789939481.2681372,0.0,0.0,0.0,0.0
2026-09-21T02:54:41.278632,1789939481.2781203,0.0,0.0,0.0,0.0
2026-09-21T02:54:41.288682,1789939481.2881565,0.0,0.0,0.0,0.0
2026-09-21T02:54:41.298762,1789939481.2981277,0.0,0.0,0.0,0.0
2026-09-21T02:54:41.308649,1789939481.3081176,0.0,0.0,0.0,0.0
2026-09-21T02:54:41.318695,1789939481.318132,0.0,0.0,0.0,0.0
2026-09-21T02:54:41.328689,1789939481.3281233,0.0,0.0,0.0,0.0
2026-09-21T02:54:41.338696,1789939481.3381467,0.0,0.0,0.0,0.0
2026-09-21T02:54:41.349109,1789939481.3481848,0.0,0.0,0.0,0.0
2026-09-21T02:54:41.358581,1789939481.3581388,0.0,0.0,0.0,0.0
2026-09-21T02:54:41.368631,1789939481.368166,0.0,0.0,0.0,0.0
2026-09-21T02:54:41.378750,1789939481.3781483,0.0,0.0,0.0,0.0
2026-09-21T02:54:41.388653,1789939481.3881485,0.0,0.0,0.0,0.0
2026-09-21T02:54:41.398640,1789939481.3981347,0.0,0.0,0.0,0.0
2026-09-21T02:54:41.408594,1789939481.4081206,0.0,0.0,0.0,0.0
2026-09-21T02:54:41.418559,1789939481.4181268,0.0,0.0,0.0,0.0
2026-09-21T02:54:41.428623,1789939481.4281282,0.0,0.0,0.0,0.0
2026-09-21T02:54:41.438605,1789939481.4381187,0.0,0.0,0.0,0.0
2026-09-21T02:54:41.448785,1789939481.4481447,0.0,0.0,0.0,0.0
2026-09-21T02:54:41.458631,1789939481.4581306,0.0,0.0,0.0,0.0
2026-09-21T02:54:41.468588,1789939481.468125,0.0,0.0,0.0,0.0
2026-09-21T02:54:41.478648,1789939481.4781299,0.0,0.0,0.0,0.0
2026-09-21T02:54:41.488619,1789939481.4881234,0.0,0.0,0.0,0.0
2026-09-21T02:54:41.498666,1789939481.4981325,0.0,0.0,0.0,0.0
2026-09-21T02:54:41.508728,1789939481.5081348,0.0,0.0,0.0,0.0
2026-09-21T02:54:41.518647,1789939481.5181296,0.0,0.0,0.0,0.0
2026-09-21T02:54:41.528725,1789939481.5281184,0.0,0.0,0.0,0.0
2026-09-21T02:54:41.538699,1789939481.538128,0.0,0.0,0.0,0.0
2026-09-21T02:54:41.548795,1789939481.5481408,0.0,0.0,0.0,0.0
2026-09-21T02:54:41.558646,1789939481.5581474,0.0,0.0,0.0,0.0
2026-09-21T02:54:41.568645,1789939481.5681262,0.0,0.0,0.0,0.0
2026-09-21T02:54:41.578659,1789939481.5781255,0.0,0.0,0.0,0.0
2026-09-21T02:54:41.588687,1789939481.5881462,0.0,0.0,0.0,0.0
2026-09-21T02:54:41.598809,1789939481.598145,0.0,0.0,0.0,0.0
2026-09-21T02:54:41.608816,1789939481.6081293,0.0,0.0,0.0,0.0
2026-09-21T02:54:41.618588,1789939481.6181257,0.0,0.0,0.0,0.0
2026-09-21T02:54:41.628664,1789939481.628135,0.0,0.0,0.0,0.0
2026-09-21T02:54:41.638749,1789939481.6381319,0.0,0.0,0.0,0.0
2026-09-21T02:54:41.648924,1789939481.6481347,0.0,0.0,0.0,0.0
2026-09-21T02:54:41.658576,1789939481.6581182,0.0,0.0,0.0,0.0
2026-09-21T02:54:41.668840,1789939481.6681697,0.0,0.0,0.0,0.0
2026-09-21T02:54:41.678713,1789939481.678147,0.0,0.0,0.0,0.0
2026-09-21T02:54:41.688771,1789939481.6881511,0.0,0.0,0.0,0.0
2026-09-21T02:54:41.698776,1789939481.6981466,0.0,0.0,0.0,0.0
2026-09-21T02:54:41.708720,1789939481.7081385,0.0,0.0,0.0,0.0
2026-09-21T02:54:41.718644,1789939481.7181308,0.0,0.0,0.0,0.0
2026-09-21T02:54:41.728589,1789939481.7281454,0.0,0.0,0.0,0.0
2026-09-21T02:54:41.738642,1789939481.7381353,0.0,0.0,0.0,0.0
2026-09-21T02:54:41.749408,1789939481.7482305,0.0,0.0,0.0,0.0
2026-09-21T02:54:41.758586,1789939481.7581224,0.0,0.0,0.0,0.0
2026-09-21T02:54:41.768620,1789939481.7681193,0.0,0.0,0.0,0.0
2026-09-21T02:54:41.778646,1789939481.7781231,0.0,0.0,0.0,0.0
2026-09-21T02:54:41.788626,1789939481.7881396,0.0,0.0,0.0,0.0
2026-09-21T02:54:41.798804,1789939481.7981544,0.0,0.0,0.0,0.0
2026-09-21T02:54:41.808640,1789939481.8081226,0.0,0.0,0.0,0.0
2026-09-21T02:54:41.818609,1789939481.818128,0.0,0.0,0.0,0.0
2026-09-21T02:54:41.828714,1789939481.828135,0.0,0.0,0.0,0.0
2026-09-21T02:54:41.838586,1789939481.8381262,0.0,0.0,0.0,0.0
2026-09-21T02:54:41.848714,1789939481.848137,0.0,0.0,0.0,0.0
2026-09-21T02:54:41.858764,1789939481.8581312,0.0,0.0,0.0,0.0
2026-09-21T02:54:41.868630,1789939481.8681426,0.0,0.0,0.0,0.0
2026-09-21T02:54:41.878647,1789939481.8781273,0.0,0.0,0.0,0.0
2026-09-21T02:54:41.888654,1789939481.8881307,0.0,0.0,0.0,0.0
2026-09-21T02:54:41.899053,1789939481.8981907,0.0,0.0,0.0,0.0
2026-09-21T02:54:41.908651,1789939481.9081388,0.0,0.0,0.0,0.0
2026-09-21T02:54:41.918585,1789939481.9181206,0.0,0.0,0.0,0.0
2026-09-21T02:54:41.928697,1789939481.928143,0.0,0.0,0.0,0.0
2026-09-21T02:54:41.938582,1789939481.938137,0.0,0.0,0.0,0.0
2026-09-21T02:54:41.948764,1789939481.9481432,0.0,0.0,0.0,0.0
2026-09-21T02:54:41.958680,1789939481.9581335,0.0,0.0,0.0,0.0
2026-09-21T02:54:41.968742,1789939481.968124,0.0,0.0,0.0,0.0
2026-09-21T02:54:41.978571,1789939481.9781187,0.0,0.0,0.0,0.0
2026-09-21T02:54:41.988776,1789939481.9881458,0.0,0.0,0.0,0.0
2026-09-21T02:54:41.998760,1789939481.9981441,0.0,0.0,0.0,0.0
2026-09-21T02:54:42.008697,1789939482.0081387,0.0,0.0,0.0,0.0
2026-09-21T02:54:42.018706,1789939482.0181415,0.0,0.0,0.0,0.0
2026-09-21T02:54:42.028635,1789939482.0281367,0.0,0.0,0.0,0.0
2026-09-21T02:54:42.038627,1789939482.0381339,0.0,0.0,0.0,0.0
2026-09-21T02:54:42.048940,1789939482.0482104,0.0,0.0,0.0,0.0
2026-09-21T02:54:42.058612,1789939482.0581412,0.0,0.0,0.0,0.0
2026-09-21T02:54:42.068618,1789939482.0681388,0.0,0.0,0.0,0.0
2026-09-21T02:54:42.078623,1789939482.0781205,0.0,0.0,0.0,0.0
2026-09-21T02:54:42.088662,1789939482.0881462,0.0,0.0,0.0,0.0
2026-09-21T02:54:42.098748,1789939482.098134,0.0,0.0,0.0,0.0
2026-09-21T02:54:42.108719,1789939482.1081371,0.0,0.0,0.0,0.0
2026-09-21T02:54:42.118588,1789939482.1181266,0.0,0.0,0.0,0.0
2026-09-21T02:54:42.128681,1789939482.1281185,0.0,0.0,0.0,0.0
2026-09-21T02:54:42.139073,1789939482.1381283,0.0,0.0,0.0,0.0
2026-09-21T02:54:42.149130,1789939482.1481311,0.0,0.0,0.0,0.0
2026-09-21T02:54:42.158623,1789939482.1581225,0.0,0.0,0.0,0.0
2026-09-21T02:54:42.168663,1789939482.1681385,0.0,0.0,0.0,0.0
2026-09-21T02:54:42.178796,1789939482.1781318,0.0,0.0,0.0,0.0
2026-09-21T02:54:42.189021,1789939482.1881537,0.0,0.0,0.0,0.0
2026-09-21T02:54:42.198688,1789939482.1981385,0.0,0.0,0.0,0.0
2026-09-21T02:54:42.208563,1789939482.2081194,0.0,0.0,0.0,0.0
2026-09-21T02:54:42.218662,1789939482.2181218,0.0,0.0,0.0,0.0
2026-09-21T02:54:42.228634,1789939482.2281253,0.0,0.0,0.0,0.0
2026-09-21T02:54:42.238554,1789939482.2381227,0.0,0.0,0.0,0.0
2026-09-21T02:54:42.248907,1789939482.2481456,0.0,0.0,0.0,0.0
2026-09-21T02:54:42.258573,1789939482.2581208,0.0,0.0,0.0,0.0
2026-09-21T02:54:42.268603,1789939482.2681189,0.0,0.0,0.0,0.0
2026-09-21T02:54:42.278592,1789939482.278133,0.0,0.0,0.0,0.0
2026-09-21T02:54:42.288737,1789939482.288122,0.0,0.0,0.0,0.0
2026-09-21T02:54:42.298961,1789939482.2982254,0.0,0.0,0.0,0.0
2026-09-21T02:54:42.308764,1789939482.308137,0.0,0.0,0.0,0.0
2026-09-21T02:54:42.318625,1789939482.318124,0.0,0.0,0.0,0.0
2026-09-21T02:54:42.328632,1789939482.3281364,0.0,0.0,0.0,0.0
2026-09-21T02:54:42.338786,1789939482.338133,0.0,0.0,0.0,0.0
2026-09-21T02:54:42.349127,1789939482.348164,0.0,0.0,0.0,0.0
2026-09-21T02:54:42.358737,1789939482.3581262,0.0,0.0,0.0,0.0
2026-09-21T02:54:42.368613,1789939482.368122,0.0,0.0,0.0,0.0
2026-09-21T02:54:42.378618,1789939482.378134,0.0,0.0,0.0,0.0
2026-09-21T02:54:42.388618,1789939482.3881493,0.0,0.0,0.0,0.0
2026-09-21T02:54:42.398960,1789939482.3981965,0.0,0.0,0.0,0.0
2026-09-21T02:54:42.408769,1789939482.4081323,0.0,0.0,0.0,0.0
2026-09-21T02:54:42.418637,1789939482.4181213,0.0,0.0,0.0,0.0
2026-09-21T02:54:42.428619,1789939482.4281409,0.0,0.0,0.0,0.0
2026-09-21T02:54:42.438633,1789939482.4381194,0.0,0.0,0.0,0.0
2026-09-21T02:54:42.449159,1789939482.448234,0.0,0.0,0.0,0.0
2026-09-21T02:54:42.458597,1789939482.458134,0.0,0.0,0.0,0.0
2026-09-21T02:54:42.468784,1789939482.4681346,0.0,0.0,0.0,0.0
2026-09-21T02:54:42.478652,1789939482.4781282,0.0,0.0,0.0,0.0
2026-09-21T02:54:42.488699,1789939482.488151,0.0,0.0,0.0,0.0
2026-09-21T02:54:42.499377,1789939482.4982893,0.0,0.0,0.0,0.0
2026-09-21T02:54:42.508659,1789939482.5081294,0.0,0.0,0.0,0.0
2026-09-21T02:54:42.518676,1789939482.5181231,0.0,0.0,0.0,0.0
2026-09-21T02:54:42.528784,1789939482.5281198,0.0,0.0,0.0,0.0
2026-09-21T02:54:42.538751,1789939482.538124,0.0,0.0,0.0,0.0
2026-09-21T02:54:42.549153,1789939482.5482059,0.0,0.0,0.0,0.0
2026-09-21T02:54:42.558579,1789939482.5581212,0.0,0.0,0.0,0.0
2026-09-21T02:54:42.568714,1789939482.5681303,0.0,0.0,0.0,0.0
2026-09-21T02:54:42.578574,1789939482.5781214,0.0,0.0,0.0,0.0
2026-09-21T02:54:42.588592,1789939482.588125,0.0,0.0,0.0,0.0
2026-09-21T02:54:42.598794,1789939482.5981467,0.0,0.0,0.0,0.0
2026-09-21T02:54:42.608666,1789939482.6081717,0.0,0.0,0.0,0.0
2026-09-21T02:54:42.618604,1789939482.6181223,0.0,0.0,0.0,0.0
2026-09-21T02:54:42.628778,1789939482.6281383,0.0,0.0,0.0,0.0
2026-09-21T02:54:42.638604,1789939482.6381235,0.0,0.0,0.0,0.0
2026-09-21T02:54:42.649184,1789939482.6482098,0.0,0.0,0.0,0.0
2026-09-21T02:54:42.659846,1789939482.658124,0.0,0.0,0.0,0.0
2026-09-21T02:54:42.668584,1789939482.668135,0.0,0.0,0.0,0.0
2026-09-21T02:54:42.678634,1789939482.6781156,0.0,0.0,0.0,0.0
2026-09-21T02:54:42.688772,1789939482.6881356,0.0,0.0,0.0,0.0
2026-09-21T02:54:42.699039,1789939482.698158,0.0,0.0,0.0,0.0
2026-09-21T02:54:42.708777,1789939482.7081413,0.0,0.0,0.0,0.0
2026-09-21T02:54:42.718589,1789939482.718121,0.0,0.0,0.0,0.0
2026-09-21T02:54:42.728597,1789939482.7281222,0.0,0.0,0.0,0.0
2026-09-21T02:54:42.738615,1789939482.7381268,0.0,0.0,0.0,0.0
2026-09-21T02:54:42.749355,1789939482.748209,0.0,0.0,0.0,0.0
2026-09-21T02:54:42.758734,1789939482.7581432,0.0,0.0,0.0,0.0
2026-09-21T02:54:42.768618,1789939482.768129,0.0,0.0,0.0,0.0
2026-09-21T02:54:42.778596,1789939482.7781444,0.0,0.0,0.0,0.0
2026-09-21T02:54:42.788768,1789939482.7881362,0.0,0.0,0.0,0.0
2026-09-21T02:54:42.799019,1789939482.7981672,0.0,0.0,0.0,0.0
2026-09-21T02:54:42.808636,1789939482.8081298,0.0,0.0,0.0,0.0
2026-09-21T02:54:42.818701,1789939482.8181326,0.0,0.0,0.0,0.0
2026-09-21T02:54:42.828651,1789939482.8281255,0.0,0.0,0.0,0.0
2026-09-21T02:54:42.838628,1789939482.838126,0.0,0.0,0.0,0.0
2026-09-21T02:54:42.849227,1789939482.8481798,0.0,0.0,0.0,0.0
2026-09-21T02:54:42.858638,1789939482.858126,0.0,0.0,0.0,0.0
2026-09-21T02:54:42.868680,1789939482.8681362,0.0,0.0,0.0,0.0
2026-09-21T02:54:42.878586,1789939482.8781192,0.0,0.0,0.0,0.0
2026-09-21T02:54:42.888640,1789939482.8881328,0.0,0.0,0.0,0.0
2026-09-21T02:54:42.899044,1789939482.8981628,0.0,0.0,0.0,0.0
2026-09-21T02:54:42.908824,1789939482.9081368,0.0,0.0,0.0,0.0
2026-09-21T02:54:42.918612,1789939482.9181252,0.0,0.0,0.0,0.0
2026-09-21T02:54:42.928650,1789939482.9281218,0.0,0.0,0.0,0.0
2026-09-21T02:54:42.938584,1789939482.9381185,0.0,0.0,0.0,0.0
2026-09-21T02:54:42.949178,1789939482.9481776,0.0,0.0,0.0,0.0
2026-09-21T02:54:42.958578,1789939482.958115,0.0,0.0,0.0,0.0
2026-09-21T02:54:42.968603,1789939482.9681249,0.0,0.0,0.0,0.0
2026-09-21T02:54:42.978679,1789939482.978121,0.0,0.0,0.0,0.0
2026-09-21T02:54:42.988698,1789939482.9881425,0.0,0.0,0.0,0.0
2026-09-21T02:54:42.998812,1789939482.9982285,0.0,0.0,0.0,0.0
2026-09-21T02:54:43.008596,1789939483.008118,0.0,0.0,0.0,0.0
2026-09-21T02:54:43.018590,1789939483.0181274,0.0,0.0,0.0,0.0
2026-09-21T02:54:43.028613,1789939483.0281246,0.0,0.0,0.0,0.0
2026-09-21T02:54:43.038598,1789939483.0381358,0.0,0.0,0.0,0.0
2026-09-21T02:54:43.048902,1789939483.0481465,0.0,0.0,0.0,0.0
2026-09-21T02:54:43.058606,1789939483.058127,0.0,0.0,0.0,0.0
2026-09-21T02:54:43.068624,1789939483.0681517,0.0,0.0,0.0,0.0
2026-09-21T02:54:43.078662,1789939483.0781255,0.0,0.0,0.0,0.0
2026-09-21T02:54:43.088630,1789939483.0881205,0.0,0.0,0.0,0.0
2026-09-21T02:54:43.098783,1789939483.0981584,0.0,0.0,0.0,0.0
2026-09-21T02:54:43.108781,1789939483.108132,0.0,0.0,0.0,0.0
2026-09-21T02:54:43.118594,1789939483.118159,0.0,0.0,0.0,0.0
2026-09-21T02:54:43.128697,1789939483.128141,0.0,0.0,0.0,0.0
2026-09-21T02:54:43.138770,1789939483.1381187,0.0,0.0,0.0,0.0
2026-09-21T02:54:43.149196,1789939483.148171,0.0,0.0,0.0,0.0
2026-09-21T02:54:43.158596,1789939483.158124,0.0,0.0,0.0,0.0
2026-09-21T02:54:43.168703,1789939483.1681824,0.0,0.0,0.0,0.0
2026-09-21T02:54:43.178624,1789939483.178124,0.0,0.0,0.0,0.0
2026-09-21T02:54:43.188791,1789939483.1881437,0.0,0.0,0.0,0.0
2026-09-21T02:54:43.198902,1789939483.1981866,0.0,0.0,0.0,0.0
2026-09-21T02:54:43.208702,1789939483.2081308,0.0,0.0,0.0,0.0
2026-09-21T02:54:43.218788,1789939483.2182,0.0,0.0,0.0,0.0
2026-09-21T02:54:43.228660,1789939483.2281153,0.0,0.0,0.0,0.0
2026-09-21T02:54:43.238636,1789939483.2381284,0.0,0.0,0.0,0.0
2026-09-21T02:54:43.249161,1789939483.2481892,0.0,0.0,0.0,0.0
2026-09-21T02:54:43.258671,1789939483.2581227,0.0,0.0,0.0,0.0
2026-09-21T02:54:43.268840,1789939483.2682164,0.0,0.0,0.0,0.0
2026-09-21T02:54:43.278609,1789939483.2781324,0.0,0.0,0.0,0.0
2026-09-21T02:54:43.288752,1789939483.288167,0.0,0.0,0.0,0.0
2026-09-21T02:54:43.298921,1789939483.2982345,0.0,0.0,0.0,0.0
2026-09-21T02:54:43.308860,1789939483.3081372,0.0,0.0,0.0,0.0
2026-09-21T02:54:43.318751,1789939483.318231,0.0,0.0,0.0,0.0
2026-09-21T02:54:43.328606,1789939483.328133,0.0,0.0,0.0,0.0
2026-09-21T02:54:43.338630,1789939483.338135,0.0,0.0,0.0,0.0
2026-09-21T02:54:43.349025,1789939483.348184,0.0,0.0,0.0,0.0
2026-09-21T02:54:43.358640,1789939483.3581195,0.0,0.0,0.0,0.0
2026-09-21T02:54:43.368759,1789939483.368209,0.0,0.0,0.0,0.0
2026-09-21T02:54:43.378616,1789939483.378162,0.0,0.0,0.0,0.0
2026-09-21T02:54:43.388648,1789939483.3881617,0.0,0.0,0.0,0.0
2026-09-21T02:54:43.398892,1789939483.398171,0.0,0.0,0.0,0.0
2026-09-21T02:54:43.408690,1789939483.4081573,0.0,0.0,0.0,0.0
2026-09-21T02:54:43.418712,1789939483.4182134,0.0,0.0,0.0,0.0
2026-09-21T02:54:43.428768,1789939483.4281294,0.0,0.0,0.0,0.0
2026-09-21T02:54:43.438609,1789939483.438119,0.0,0.0,0.0,0.0
2026-09-21T02:54:43.448880,1789939483.448187,0.0,0.0,0.0,0.0
2026-09-21T02:54:43.458732,1789939483.4581244,0.0,0.0,0.0,0.0
2026-09-21T02:54:43.468769,1789939483.4681268,0.0,0.0,0.0,0.0
2026-09-21T02:54:43.478575,1789939483.4781249,0.0,0.0,0.0,0.0
2026-09-21T02:54:43.488689,1789939483.48814,0.0,0.0,0.0,0.0
2026-09-21T02:54:43.498809,1789939483.4981477,0.0,0.0,0.0,0.0
2026-09-21T02:54:43.508695,1789939483.5081491,0.0,0.0,0.0,0.0
2026-09-21T02:54:43.518709,1789939483.5181227,0.0,0.0,0.0,0.0
2026-09-21T02:54:43.528711,1789939483.528125,0.0,0.0,0.0,0.0
2026-09-21T02:54:43.538563,1789939483.5381289,0.0,0.0,0.0,0.0
2026-09-21T02:54:43.548801,1789939483.548195,0.0,0.0,0.0,0.0
2026-09-21T02:54:43.558681,1789939483.5581253,0.0,0.0,0.0,0.0
2026-09-21T02:54:43.568715,1789939483.5681317,0.0,0.0,0.0,0.0
2026-09-21T02:54:43.578660,1789939483.578135,0.0,0.0,0.0,0.0
2026-09-21T02:54:43.588703,1789939483.5881293,0.0,0.0,0.0,0.0
2026-09-21T02:54:43.599039,1789939483.5982158,0.0,0.0,0.0,0.0
2026-09-21T02:54:43.608613,1789939483.6081207,0.0,0.0,0.0,0.0
2026-09-21T02:54:43.618813,1789939483.6181247,0.0,0.0,0.0,0.0
2026-09-21T02:54:43.628611,1789939483.628121,0.0,0.0,0.0,0.0
2026-09-21T02:54:43.638671,1789939483.6381412,0.0,0.0,0.0,0.0
2026-09-21T02:54:43.649146,1789939483.648222,0.0,0.0,0.0,0.0
2026-09-21T02:54:43.658629,1789939483.6581297,0.0,0.0,0.0,0.0
2026-09-21T02:54:43.668750,1789939483.6681273,0.0,0.0,0.0,0.0
2026-09-21T02:54:43.678647,1789939483.6781306,0.0,0.0,0.0,0.0
2026-09-21T02:54:43.688859,1789939483.6881278,0.0,0.0,0.0,0.0
2026-09-21T02:54:43.699115,1789939483.6982038,0.0,0.0,0.0,0.0
2026-09-21T02:54:43.708692,1789939483.7081163,0.0,0.0,0.0,0.0
2026-09-21T02:54:43.718749,1789939483.7181392,0.0,0.0,0.0,0.0
2026-09-21T02:54:43.728621,1789939483.7281194,0.0,0.0,0.0,0.0
2026-09-21T02:54:43.738626,1789939483.7381315,0.0,0.0,0.0,0.0
2026-09-21T02:54:43.750098,1789939483.748237,0.0,0.0,0.0,0.0
2026-09-21T02:54:43.758584,1789939483.7581215,0.0,0.0,0.0,0.0
