wall_time,ros_time_sec,left_pos_rad,left_vel_rad_s,right_pos_rad,right_vel_rad_s
2026-09-21T04:57:26.229948,0.04,3.296507105839604e-05,-5.272263520446226e-12,3.296507105839255e-05,-5.272537384383353e-12
2026-09-21T04:57:26.620434,0.05,3.2965071005670785e-05,-5.272525426178439e-12,3.296507100566754e-05,-5.272500581353758e-12
2026-09-21T04:57:31.023152,0.060000000000000005,3.296507095294676e-05,-5.27240266021003e-12,3.296507095294526e-05,-5.272227769548978e-12
2026-09-21T04:57:31.035074,0.07,3.296507090022622e-05,-5.2720535284973014e-12,3.296507090022429e-05,-5.272097137763868e-12
2026-09-21T04:57:31.049403,0.08,3.2965070847505746e-05,-5.272047256830726e-12,3.296507084750399e-05,-5.272030018016184e-12
2026-09-21T04:57:31.058243,0.09000000000000001,3.296507079478751e-05,-5.2718234849014465e-12,3.2965070794784294e-05,-5.271969429577151e-12
2026-09-21T04:57:31.075310,0.1,3.2965070742069585e-05,-5.27179298493373e-12,3.2965070742065655e-05,-5.2718642524189824e-12
2026-09-21T04:57:31.088347,0.11,3.296507068935397e-05,-5.271561750729657e-12,3.296507068935039e-05,-5.271526534072969e-12
2026-09-21T04:57:31.105065,0.12000000000000001,3.296507063663731e-05,-5.271665839327212e-12,3.2965070636634e-05,-5.27163892013613e-12
2026-09-21T04:57:31.125242,0.13,3.296507058392398e-05,-5.271332599847429e-12,3.296507058392022e-05,-5.271378283480397e-12
2026-09-21T04:57:31.144426,0.14,3.296507053121004e-05,-5.271394388669021e-12,3.2965070531205625e-05,-5.271459433055069e-12
2026-09-21T04:57:31.159621,0.15000000000000002,3.2965070478498275e-05,-5.271176235038878e-12,3.296507047849273e-05,-5.27128898985216e-12
2026-09-21T04:57:31.173479,0.16,3.2965070425785694e-05,-5.27125845474518e-12,3.2965070425781235e-05,-5.2711499438089746e-12
2026-09-21T04:57:31.187272,0.17,3.296507037307585e-05,-5.27098468773697e-12,3.296507037307197e-05,-5.270926653049867e-12
2026-09-21T04:57:31.202682,0.18000000000000002,3.296507032036732e-05,-5.270853212131042e-12,3.296507032036311e-05,-5.270885758110134e-12
2026-09-21T04:57:31.215259,0.19,3.296507026765896e-05,-5.270835846014334e-12,3.29650702676548e-05,-5.2708310533982e-12
2026-09-21T04:57:31.233261,0.2,3.296507021495078e-05,-5.270818590625826e-12,3.2965070214945695e-05,-5.270910601775093e-12
2026-09-21T04:57:31.244827,0.21000000000000002,3.2965070162245704e-05,-5.270507575340808e-12,3.2965070162240235e-05,-5.270545652963637e-12
2026-09-21T04:57:31.261128,0.22,3.296507010954147e-05,-5.270423486885898e-12,3.296507010953586e-05,-5.2704373635673764e-12
2026-09-21T04:57:31.278300,0.23,3.296507005683661e-05,-5.270486039474156e-12,3.2965070056832745e-05,-5.270311840268571e-12
2026-09-21T04:57:31.295249,0.24000000000000002,3.2965070004135207e-05,-5.2701398270929825e-12,3.296507000413118e-05,-5.27015646959633e-12
2026-09-21T04:57:31.315826,0.25,3.296506995143072e-05,-5.2704481922983776e-12,3.2965069951428324e-05,-5.2702857478357346e-12
2026-09-21T04:57:31.333607,0.26,3.296506989873062e-05,-5.270010093782748e-12,3.296506989872703e-05,-5.2701290716952335e-12
2026-09-21T04:57:31.350528,0.27,3.296506984603102e-05,-5.269960525102499e-12,3.2965069846027806e-05,-5.269922542623942e-12
2026-09-21T04:57:31.365034,0.28,3.296506979333375e-05,-5.269726986022533e-12,3.296506979332978e-05,-5.269802402240588e-12
2026-09-21T04:57:31.376526,0.29000000000000004,3.2965069740636586e-05,-5.269716375236616e-12,3.296506974063361e-05,-5.269616853221483e-12
2026-09-21T04:57:31.388969,0.30000000000000004,3.2965069687939156e-05,-5.269743002277653e-12,3.296506968793759e-05,-5.269601992934493e-12
2026-09-21T04:57:31.403494,0.31,3.2965069635244816e-05,-5.269433813099607e-12,3.296506963524273e-05,-5.269486411287248e-12
2026-09-21T04:57:31.419518,0.32,3.296506958255064e-05,-5.269417676966865e-12,3.296506958254906e-05,-5.269366556834434e-12
2026-09-21T04:57:31.434701,0.33,3.296506952985773e-05,-5.269290664995913e-12,3.296506952985713e-05,-5.269192525891716e-12
2026-09-21T04:57:31.448889,0.34,3.296506947716632e-05,-5.2691407223290644e-12,3.296506947716537e-05,-5.269176725585494e-12
2026-09-21T04:57:31.462503,0.35000000000000003,3.296506947709999e-05,-6.633388223044591e-15,3.2965069477097e-05,-6.8368209384484624e-15
2026-09-21T04:57:31.477039,0.36000000000000004,3.296506947710397e-05,3.9774269161858514e-16,3.2965069477100004e-05,3.004127288085384e-16
2026-09-21T04:57:31.491374,0.37,3.296506947710718e-05,3.2111352805917036e-16,3.2965069477104015e-05,4.010760557479025e-16
2026-09-21T04:57:31.505461,0.38,3.296506947711138e-05,4.201570072517784e-16,3.296506947710924e-05,5.223330482596973e-16
2026-09-21T04:57:31.517574,0.39,3.296506947711627e-05,4.888059756044304e-16,3.296506947711292e-05,3.682799270761428e-16
2026-09-21T04:57:31.531685,0.4,3.29650694771207e-05,4.4312827277074513e-16,3.296506947711773e-05,4.81315056496706e-16
2026-09-21T04:57:31.549450,0.41000000000000003,3.296506947712609e-05,5.395887455034299e-16,3.2965069477123186e-05,5.453209290835028e-16
2026-09-21T04:57:31.560701,0.42000000000000004,3.296506947713093e-05,4.838666014157882e-16,3.2965069477128125e-05,4.938818924451866e-16
2026-09-21T04:57:31.573516,0.43000000000000005,3.296506947713527e-05,4.336875042882353e-16,3.296506947713219e-05,4.063847952008587e-16
2026-09-21T04:57:31.586269,0.44,3.2965069477139354e-05,4.0851073032025753e-16,3.296506947713691e-05,4.715032257115393e-16
2026-09-21T04:57:31.598470,0.45,3.2965069477141326e-05,1.9711037979318995e-16,3.296506947714046e-05,3.5480990654451117e-16
2026-09-21T04:57:31.614005,0.46,3.296506947714502e-05,3.6953979955787257e-16,3.296506947714436e-05,3.906212478719012e-16
2026-09-21T04:57:31.627859,0.47000000000000003,3.296506947714671e-05,1.6917378112140666e-16,3.296506947714863e-05,4.271062433493613e-16
2026-09-21T04:57:31.640875,0.48000000000000004,3.2965069477151083e-05,4.372089595506805e-16,3.2965069477153665e-05,5.033444880511089e-16
2026-09-21T04:57:31.653812,0.49000000000000005,3.296506947715572e-05,4.632316057755306e-16,3.2965069477159025e-05,5.356652705787006e-16
2026-09-21T04:57:31.668599,0.5,3.2965069477157236e-05,1.5190395076859575e-16,3.296506947716183e-05,2.806865938040223e-16
2026-09-21T04:57:31.681950,0.51,3.296506947716218e-05,4.946237349437034e-16,3.296506947716607e-05,4.244606624168915e-16
2026-09-21T04:57:31.696133,0.52,3.296506947716658e-05,4.398539160880595e-16,3.296506947716956e-05,3.490997859292541e-16
2026-09-21T04:57:31.710345,0.53,3.296506947717254e-05,5.954811622933192e-16,3.296506947717458e-05,5.014981579352685e-16
2026-09-21T04:57:31.725558,0.54,3.296506947717438e-05,1.8445000934153003e-16,3.2965069477176433e-05,1.8541856106133166e-16
2026-09-21T04:57:31.737831,0.55,3.29650694771787e-05,4.318540877919985e-16,3.296506947718135e-05,4.918806342501678e-16
2026-09-21T04:57:31.752507,0.56,3.296506947718263e-05,3.9287491497633054e-16,3.296506947718631e-05,4.96233739854015e-16
2026-09-21T04:57:31.768040,0.5700000000000001,3.2965069477187336e-05,4.706873014756813e-16,3.296506947718935e-05,3.038651357493898e-16
2026-09-21T04:57:31.782561,0.5800000000000001,3.296506947719173e-05,4.3881296219903545e-16,3.296506947719491e-05,5.562313253045727e-16
2026-09-21T04:57:31.794258,0.5900000000000001,3.2965069477192195e-05,4.651478293879729e-17,3.296506947719636e-05,1.4503552970108098e-16
2026-09-21T04:57:31.807849,0.6000000000000001,3.2965069477195366e-05,3.169697200411677e-16,3.2965069477199886e-05,3.5230644452595825e-16
2026-09-21T04:57:31.820108,0.61,3.2965069477201716e-05,6.347601734679635e-16,3.296506947720569e-05,5.805612647325003e-16
2026-09-21T04:57:31.834971,0.62,3.2965069477206574e-05,4.857323114023719e-16,3.296506947720999e-05,4.2951896465678724e-16
2026-09-21T04:57:31.849755,0.63,3.2965069477211575e-05,5.001868451486169e-16,3.2965069477214726e-05,4.734434958489329e-16
2026-09-21T04:57:31.861617,0.64,3.296506947721511e-05,3.5371552604114136e-16,3.296506947721792e-05,3.194616299980307e-16
2026-09-21T04:57:31.874307,0.65,3.296506947721945e-05,4.3353377467154443e-16,3.2965069477222756e-05,4.840141504237421e-16
2026-09-21T04:57:31.889359,0.66,3.296506947722327e-05,3.8201140153865985e-16,3.296506947722527e-05,2.5133753501804535e-16
2026-09-21T04:57:31.902973,0.67,3.296506947722783e-05,4.56122880637357e-16,3.296506947722984e-05,4.568031852355394e-16
2026-09-21T04:57:31.917020,0.68,3.2965069477231104e-05,3.271710044993201e-16,3.2965069477233286e-05,3.451424225225192e-16
2026-09-21T04:57:31.928794,0.6900000000000001,3.296506947723622e-05,5.11643158682384e-16,3.296506947723804e-05,4.757663849211553e-16
2026-09-21T04:57:31.942158,0.7000000000000001,3.2965069477239514e-05,3.2907628394740203e-16,3.2965069477242204e-05,4.161455591907387e-16
2026-09-21T04:57:31.955551,0.7100000000000001,3.2965069477244765e-05,5.252927761101817e-16,3.2965069477248655e-05,6.450101104753218e-16
2026-09-21T04:57:31.971170,0.7200000000000001,3.2965069477250166e-05,5.400502501427002e-16,3.296506947725388e-05,5.223814941936478e-16
2026-09-21T04:57:31.986240,0.7300000000000001,3.296506947725387e-05,3.707736440538459e-16,3.296506947725793e-05,4.0504676620202635e-16
2026-09-21T04:57:32.000266,0.74,3.296506947726084e-05,6.967768696043982e-16,3.296506947726422e-05,6.287373722848539e-16
2026-09-21T04:57:32.012992,0.75,3.296506947726453e-05,3.693032122937045e-16,3.296506947726767e-05,3.448768971772035e-16
2026-09-21T04:57:32.028195,0.76,3.296506947726981e-05,5.280471842050762e-16,3.296506947727233e-05,4.661392897853586e-16
2026-09-21T04:57:32.044580,0.77,3.29650694772733e-05,3.4912473235711533e-16,3.296506947727681e-05,4.48063880578218e-16
2026-09-21T04:57:32.056853,0.78,3.2965069477276404e-05,3.1040285908268365e-16,3.29650694772791e-05,2.2876839517727545e-16
2026-09-21T04:57:32.069262,0.79,3.296506947728109e-05,4.690064675707771e-16,3.2965069477283234e-05,4.1309461971784953e-16
2026-09-21T04:57:32.080819,0.8,3.2965069477285294e-05,4.199734819884515e-16,3.296506947728684e-05,3.608072692684224e-16
2026-09-21T04:57:32.096235,0.81,3.2965069477291535e-05,6.239024543042122e-16,3.2965069477292646e-05,5.804451610722297e-16
2026-09-21T04:57:32.110925,0.8200000000000001,3.296506947729537e-05,3.833523837005765e-16,3.29650694772976e-05,4.952201960835131e-16
2026-09-21T04:57:32.124076,0.8300000000000001,3.296506947729914e-05,3.7689787871508177e-16,3.296506947730125e-05,3.651492881725453e-16
2026-09-21T04:57:32.138301,0.8400000000000001,3.296506947730091e-05,1.7725321041165734e-16,3.2965069477304423e-05,3.173942249440263e-16
2026-09-21T04:57:32.151269,0.8500000000000001,3.2965069477305596e-05,4.681205131901719e-16,3.296506947730707e-05,2.6492468374437514e-16
2026-09-21T04:57:32.167883,0.8600000000000001,3.2965069477311044e-05,5.450872425104137e-16,3.2965069477312806e-05,5.735805667376572e-16
2026-09-21T04:57:32.181649,0.8700000000000001,3.2965069477316404e-05,5.357769002590333e-16,3.296506947731756e-05,4.756966529621331e-16
2026-09-21T04:57:32.196338,0.88,3.296506947732085e-05,4.443751371840951e-16,3.2965069477322475e-05,4.912914617765935e-16
2026-09-21T04:57:32.207413,0.89,3.296506947732486e-05,4.0108752667566617e-16,3.2965069477326555e-05,4.0776168327982977e-16
2026-09-21T04:57:32.222127,0.9,3.296506947732957e-05,4.709046915045082e-16,3.296506947733237e-05,5.810677521699209e-16
2026-09-21T04:57:32.234192,0.91,3.296506947733413e-05,4.5618056197734755e-16,3.296506947733634e-05,3.9684064132868226e-16
2026-09-21T04:57:32.247566,0.92,3.296506947733632e-05,2.187067867805781e-16,3.2965069477339626e-05,3.288430062791753e-16
2026-09-21T04:57:32.261684,0.93,3.2965069477342086e-05,5.7658555872156e-16,3.296506947734452e-05,4.893423882321175e-16
2026-09-21T04:57:32.274742,0.9400000000000001,3.296506947734666e-05,4.575150050861015e-16,3.296506947734972e-05,5.205951140973658e-16
2026-09-21T04:57:32.286052,0.9500000000000001,3.296506947734946e-05,2.795256319604921e-16,3.29650694773522e-05,2.4828174487904e-16
2026-09-21T04:57:32.300633,0.9600000000000001,3.296506947735452e-05,5.064192271338025e-16,3.2965069477356336e-05,4.133976936285673e-16
2026-09-21T04:57:32.315136,0.9700000000000001,3.29650694773593e-05,4.779073329446154e-16,3.2965069477361215e-05,4.878908028422857e-16
2026-09-21T04:57:32.327393,0.9800000000000001,3.296506947736339e-05,4.0909132907758683e-16,3.296506947736453e-05,3.3124923506217925e-16
2026-09-21T04:57:32.340110,0.9900000000000001,3.296506947736714e-05,3.7477310583536875e-16,3.296506947736849e-05,3.9627515016902488e-16
2026-09-21T04:57:32.354214,1.0,3.2965069477370783e-05,3.6474677377038594e-16,3.296506947737332e-05,4.825618459452088e-16
2026-09-21T04:57:32.369197,1.01,3.2965069477374524e-05,3.7402336789751135e-16,3.2965069477376035e-05,2.715052945230576e-16
2026-09-21T04:57:32.383371,1.02,3.296506947738003e-05,5.510835536365736e-16,3.296506947738077e-05,4.7342090717037905e-16
2026-09-21T04:57:32.396999,1.03,3.2965069477384146e-05,4.11649182757741e-16,3.296506947738475e-05,3.9806340719348714e-16
2026-09-21T04:57:32.409292,1.04,3.296506947739176e-05,7.614328802480659e-16,3.2965069477389953e-05,5.201017455965807e-16
2026-09-21T04:57:32.421722,1.05,3.296506947739673e-05,4.966177534088855e-16,3.2965069477394975e-05,5.0205012622e-16
2026-09-21T04:57:32.435286,1.06,3.2965069477401656e-05,4.928820452328362e-16,3.296506947739869e-05,3.7116283087403297e-16
2026-09-21T04:57:32.448768,1.07,3.296506947740713e-05,5.476929103948678e-16,3.296506947740378e-05,5.090190844766205e-16
2026-09-21T04:57:32.462352,1.08,3.2965069477413155e-05,6.027232213503549e-16,3.2965069477409835e-05,6.055353729619304e-16
2026-09-21T04:57:32.474038,1.09,3.29650694774185e-05,5.344524811747845e-16,3.2965069477415636e-05,5.801376571535382e-16
2026-09-21T04:57:32.486238,1.1,3.296506947742335e-05,4.845756317814328e-16,3.2965069477421246e-05,5.607581128831672e-16
2026-09-21T04:57:32.499940,1.11,3.296506947742649e-05,3.145912395281202e-16,3.2965069477424783e-05,3.540085810245309e-16
2026-09-21T04:57:32.515818,1.12,3.296506947743021e-05,3.7173668290955534e-16,3.2965069477427575e-05,2.792492717427116e-16
2026-09-21T04:57:32.528906,1.13,3.296506947743567e-05,5.458474273497887e-16,3.296506947743194e-05,4.3642653176358016e-16
2026-09-21T04:57:32.541837,1.1400000000000001,3.296506947744005e-05,4.3775014605471915e-16,3.296506947743608e-05,4.142097582554995e-16
2026-09-21T04:57:32.555231,1.15,3.2965069477444475e-05,4.4253235782645316e-16,3.296506947744068e-05,4.601375374131352e-16
2026-09-21T04:57:32.569147,1.16,3.2965069477450764e-05,6.288723007617525e-16,3.296506947744651e-05,5.827099581143518e-16
2026-09-21T04:57:32.583703,1.17,3.296506947745556e-05,4.798190072706425e-16,3.296506947745096e-05,4.4493029231049e-16
2026-09-21T04:57:32.596812,1.18,3.296506947746056e-05,5.001860825400864e-16,3.296506947745473e-05,3.7647851168231276e-16
2026-09-21T04:57:32.609616,1.19,3.2965069477463733e-05,3.1696087960272863e-16,3.296506947745876e-05,4.034484274193597e-16
2026-09-21T04:57:32.621771,1.2,3.296506947746842e-05,4.687611534444571e-16,3.296506947746492e-05,6.1592839203098445e-16
2026-09-21T04:57:32.637893,1.21,3.2965069477473905e-05,5.479810382417695e-16,3.296506947747012e-05,5.196573519411845e-16
2026-09-21T04:57:32.653570,1.22,3.296506947747934e-05,5.437663482304744e-16,3.296506947747319e-05,3.0795343673275253e-16
2026-09-21T04:57:32.667087,1.23,3.296506947748434e-05,5.003850825713663e-16,3.296506947747672e-05,3.52344812308756e-16
2026-09-21T04:57:32.680635,1.24,3.296506947748931e-05,4.968194931616158e-16,3.296506947748144e-05,4.721834286755032e-16
2026-09-21T04:57:32.693144,1.25,3.2965069477494044e-05,4.739854485716674e-16,3.29650694774868e-05,5.362290078838488e-16
2026-09-21T04:57:32.707615,1.26,3.296506947750008e-05,6.036667902867513e-16,3.2965069477492275e-05,5.47856314261954e-16
2026-09-21T04:57:32.721793,1.27,3.29650694775021e-05,2.019503240786964e-16,3.2965069477497e-05,4.72574606713503e-16
2026-09-21T04:57:32.734815,1.28,3.296506947750557e-05,3.4693999379138066e-16,3.296506947750184e-05,4.844645854025335e-16
2026-09-21T04:57:32.746853,1.29,3.296506947751056e-05,4.985273595200339e-16,3.296506947750707e-05,5.222034539595605e-16
2026-09-21T04:57:32.759578,1.3,3.296506947751504e-05,4.488815195674766e-16,3.2965069477513146e-05,6.077170691620988e-16
2026-09-21T04:57:32.775939,1.31,3.2965069477520884e-05,5.838918671345495e-16,3.296506947751957e-05,6.4217677637237e-16
2026-09-21T04:57:32.787607,1.32,3.296506947752415e-05,3.2637327083119574e-16,3.2965069477523595e-05,4.026766215897848e-16
2026-09-21T04:57:32.801957,1.33,3.2965069477528196e-05,4.042075945506856e-16,3.296506947752916e-05,5.563180813590668e-16
2026-09-21T04:57:32.815462,1.34,3.2965069477535284e-05,7.087711767642037e-16,3.296506947753466e-05,5.500135155731945e-16
2026-09-21T04:57:32.827347,1.35,3.296506947754078e-05,5.496129687865711e-16,3.296506947754074e-05,6.07902604770749e-16
2026-09-21T04:57:32.843837,1.36,3.2965069477546756e-05,5.979078877489334e-16,3.29650694775464e-05,5.657825468780026e-16
2026-09-21T04:57:32.855728,1.37,3.29650694775534e-05,6.638286369250498e-16,3.296506947755295e-05,6.550600911485131e-16
2026-09-21T04:57:32.869630,1.38,3.296506947755754e-05,4.1418152741405703e-16,3.296506947755856e-05,5.610178093493783e-16
2026-09-21T04:57:32.880433,1.3900000000000001,3.2965069477562294e-05,4.758987665994312e-16,3.2965069477561806e-05,3.242793364700149e-16
2026-09-21T04:57:32.894264,1.4,3.296506947756689e-05,4.594533311917225e-16,3.296506947756656e-05,4.754213684150292e-16
2026-09-21T04:57:32.905776,1.4100000000000001,3.296506947757148e-05,4.595030380467116e-16,3.296506947757115e-05,4.585297410754527e-16
2026-09-21T04:57:32.921856,1.42,3.296506947757557e-05,4.0827410301582094e-16,3.296506947757527e-05,4.1171111361461395e-16
2026-09-21T04:57:32.937030,1.4300000000000002,3.2965069477579296e-05,3.727582296011646e-16,3.296506947757897e-05,3.7003865306938436e-16
2026-09-21T04:57:32.948785,1.44,3.296506947758456e-05,5.264923587102301e-16,3.2965069477584215e-05,5.247508810497014e-16
2026-09-21T04:57:32.961889,1.45,3.296506947759043e-05,5.867204680026714e-16,3.296506947758927e-05,5.057553451439517e-16
2026-09-21T04:57:32.976252,1.46,3.296506947759547e-05,5.043616478584836e-16,3.296506947759361e-05,4.333888667994045e-16
2026-09-21T04:57:32.990570,1.47,3.296506947760244e-05,6.969122803894352e-16,3.2965069477600445e-05,6.840605854157299e-16
2026-09-21T04:57:33.004081,1.48,3.29650694776077e-05,5.26401592571909e-16,3.296506947760532e-05,4.874860273399524e-16
2026-09-21T04:57:33.016072,1.49,3.2965069477613035e-05,5.332135471999124e-16,3.296506947761059e-05,5.270386346746543e-16
2026-09-21T04:57:33.029510,1.5,3.296506947761892e-05,5.882523596523623e-16,3.2965069477615576e-05,4.989326282006721e-16
2026-09-21T04:57:33.042422,1.51,3.296506947762376e-05,4.846632251459567e-16,3.2965069477620685e-05,5.111848208926658e-16
2026-09-21T04:57:33.056790,1.52,3.296506947762934e-05,5.575504958767975e-16,3.2965069477625435e-05,4.750009845202989e-16
2026-09-21T04:57:33.071645,1.53,3.296506947763485e-05,5.505992137007583e-16,3.2965069477630294e-05,4.860353942652659e-16
2026-09-21T04:57:33.083714,1.54,3.296506947763965e-05,4.803414234226072e-16,3.2965069477634705e-05,4.4122708162508305e-16
2026-09-21T04:57:33.097594,1.55,3.296506947764662e-05,6.969362826082398e-16,3.29650694776414e-05,6.697479439014763e-16
2026-09-21T04:57:33.113364,1.56,3.296506947765197e-05,5.355772848033518e-16,3.296506947764588e-05,4.479157972612755e-16
2026-09-21T04:57:33.128902,1.57,3.29650694776571e-05,5.130021036952326e-16,3.2965069477650026e-05,4.147461206300511e-16
2026-09-21T04:57:33.141898,1.58,3.29650694776612e-05,4.099099552320098e-16,3.2965069477654614e-05,4.58651985605072e-16
2026-09-21T04:57:33.154287,1.59,3.296506947766613e-05,4.928636301274878e-16,3.296506947765915e-05,4.53643358567846e-16
2026-09-21T04:57:33.167158,1.6,3.2965069477671114e-05,4.988681554535648e-16,3.2965069477664385e-05,5.240303051853986e-16
2026-09-21T04:57:33.183989,1.6099999999999999,3.2965069477675566e-05,4.451125212760645e-16,3.296506947766833e-05,3.945384361534678e-16
2026-09-21T04:57:33.198942,1.62,3.2965069477681055e-05,5.48924966957841e-16,3.296506947767418e-05,5.84635188811055e-16
2026-09-21T04:57:33.214043,1.63,3.296506947768679e-05,5.731469148972444e-16,3.296506947767906e-05,4.88331857130385e-16
2026-09-21T04:57:33.226944,1.6400000000000001,3.296506947769281e-05,6.024077557163049e-16,3.296506947768524e-05,6.18308605616388e-16
2026-09-21T04:57:33.239557,1.65,3.29650694776986e-05,5.784076377817348e-16,3.296506947769045e-05,5.202075382546938e-16
2026-09-21T04:57:33.253119,1.6600000000000001,3.29650694777039e-05,5.29947185840427e-16,3.296506947769519e-05,4.74504551969661e-16
2026-09-21T04:57:33.266511,1.67,3.296506947770934e-05,5.443896432770986e-16,3.296506947770125e-05,6.0603881423483125e-16
2026-09-21T04:57:33.279912,1.6800000000000002,3.296506947771661e-05,7.273832356429416e-16,3.296506947770705e-05,5.799304324276138e-16
2026-09-21T04:57:33.291844,1.69,3.29650694777223e-05,5.6952176853605965e-16,3.296506947771242e-05,5.373428297376829e-16
2026-09-21T04:57:33.303999,1.7000000000000002,3.2965069477728374e-05,6.07386625774381e-16,3.2965069477718616e-05,6.192114165968316e-16
2026-09-21T04:57:33.317357,1.71,3.296506947773257e-05,4.1955076041108404e-16,3.296506947772267e-05,4.0496738814685443e-16
2026-09-21T04:57:33.332828,1.7200000000000002,3.296506947773741e-05,4.842131042641877e-16,3.2965069477728414e-05,5.74479348168857e-16
2026-09-21T04:57:33.346819,1.73,3.296506947774245e-05,5.033743462869009e-16,3.2965069477733286e-05,4.874508570241505e-16
2026-09-21T04:57:33.359144,1.74,3.2965069477747476e-05,5.026723760246027e-16,3.296506947773841e-05,5.121320211384464e-16
2026-09-21T04:57:33.370683,1.75,3.2965069477753046e-05,5.56740926930752e-16,3.2965069477744725e-05,6.318132134817815e-16
2026-09-21T04:57:33.385820,1.76,3.296506947775747e-05,4.4239899985317877e-16,3.2965069477749665e-05,4.94214850263725e-16
2026-09-21T04:57:33.399551,1.77,3.2965069477762147e-05,4.678714421985796e-16,3.2965069477755594e-05,5.927143421450751e-16
2026-09-21T04:57:33.412394,1.78,3.2965069477767696e-05,5.549978380293609e-16,3.2965069477760906e-05,5.313289840166408e-16
2026-09-21T04:57:33.424569,1.79,3.296506947777243e-05,4.7366465664062335e-16,3.2965069477766456e-05,5.550084071399489e-16
2026-09-21T04:57:33.437439,1.8,3.296506947777829e-05,5.854888551549097e-16,3.296506947777262e-05,6.164073378882629e-16
2026-09-21T04:57:33.453799,1.81,3.2965069477783756e-05,5.469676830124015e-16,3.296506947777842e-05,5.801929023743732e-16
2026-09-21T04:57:33.466483,1.82,3.2965069477788506e-05,4.747576517950144e-16,3.296506947778201e-05,3.5871787640323754e-16
2026-09-21T04:57:33.481297,1.83,3.296506947779409e-05,5.580475100366935e-16,3.2965069477787436e-05,5.430042928768325e-16
2026-09-21T04:57:33.494393,1.84,3.2965069477799145e-05,5.055414315097302e-16,3.296506947779198e-05,4.545256488212672e-16
2026-09-21T04:57:33.507178,1.85,3.2965069477804864e-05,5.721573226984598e-16,3.2965069477798196e-05,6.21637822783688e-16
2026-09-21T04:57:33.520271,1.86,3.296506947780968e-05,4.820141572866218e-16,3.2965069477802784e-05,4.585130183634062e-16
2026-09-21T04:57:33.535778,1.87,3.296506947781576e-05,6.076869608097358e-16,3.296506947780795e-05,5.160328075007622e-16
2026-09-21T04:57:33.548951,1.88,3.296506947782118e-05,5.418169478753787e-16,3.296506947781251e-05,4.561695607186843e-16
2026-09-21T04:57:33.562174,1.8900000000000001,3.2965069477826135e-05,4.955921349649394e-16,3.29650694778179e-05,5.391106041759144e-16
2026-09-21T04:57:33.574689,1.9,3.296506947782963e-05,3.493461403310237e-16,3.29650694778221e-05,4.2005741252401484e-16
2026-09-21T04:57:33.588822,1.9100000000000001,3.29650694778347e-05,5.066699738548896e-16,3.29650694778271e-05,4.995184817697094e-16
2026-09-21T04:57:33.602957,1.92,3.296506947784077e-05,6.074120241747976e-16,3.296506947783175e-05,4.653390179699081e-16
2026-09-21T04:57:33.616620,1.9300000000000002,3.296506947784594e-05,5.17221436836742e-16,3.2965069477838515e-05,6.760325930439129e-16
2026-09-21T04:57:33.628972,1.94,3.2965069477851275e-05,5.3334242948256e-16,3.2965069477843706e-05,5.188948667699224e-16
2026-09-21T04:57:33.642085,1.9500000000000002,3.296506947785771e-05,6.436548769829983e-16,3.296506947784882e-05,5.112975291034691e-16
2026-09-21T04:57:33.655804,1.96,3.296506947786367e-05,5.957243438467323e-16,3.2965069477854805e-05,5.984005170943469e-16
2026-09-21T04:57:33.671621,1.9700000000000002,3.296506947786908e-05,5.413136062044771e-16,3.296506947786052e-05,5.709350190936367e-16
2026-09-21T04:57:33.684329,1.98,3.296506947787309e-05,4.005651427587608e-16,3.2965069477864834e-05,4.3181297842580653e-16
2026-09-21T04:57:33.697341,1.9900000000000002,3.2965069477878685e-05,5.597387800289947e-16,3.2965069477871014e-05,6.178391773465055e-16
2026-09-21T04:57:33.709695,2.0,3.296506947788366e-05,4.976512362971516e-16,3.2965069477876584e-05,5.567435751002464e-16
2026-09-21T04:57:33.722633,2.01,3.296506947788903e-05,5.374530656065285e-16,3.296506947788239e-05,5.806359358261251e-16
2026-09-21T04:57:33.735978,2.02,3.2965069477895625e-05,6.595272769015748e-16,3.296506947788784e-05,5.447737673623184e-16
2026-09-21T04:57:33.750050,2.03,3.2965069477900965e-05,5.340148559439944e-16,3.2965069477893355e-05,5.514014235116453e-16
2026-09-21T04:57:33.762730,2.04,3.296506947790618e-05,5.219512791597071e-16,3.296506947789937e-05,6.017617069031518e-16
2026-09-21T04:57:33.775766,2.05,3.2965069477910194e-05,4.0145033827374316e-16,3.296506947790432e-05,4.943828891549372e-16
2026-09-21T04:57:33.789311,2.06,3.2965069477915575e-05,5.381635741337987e-16,3.296506947791031e-05,5.9928664134071115e-16
2026-09-21T04:57:33.803224,2.07,3.296506947792092e-05,5.346726928490291e-16,3.296506947791648e-05,6.172540912383415e-16
2026-09-21T04:57:33.817595,2.08,3.296506947792572e-05,4.794574098015153e-16,3.29650694779225e-05,6.016136608809131e-16
2026-09-21T04:57:33.829416,2.09,3.2965069477930394e-05,4.674815183297983e-16,3.296506947792675e-05,4.2501414083496166e-16
2026-09-21T04:57:33.841635,2.1,3.2965069477936066e-05,5.673240435486985e-16,3.2965069477932055e-05,5.307822334562148e-16
2026-09-21T04:57:33.854755,2.11,3.296506947794277e-05,6.699375288626931e-16,3.296506947793804e-05,5.980639649977812e-16
2026-09-21T04:57:33.870343,2.12,3.296506947794911e-05,6.345095393258196e-16,3.296506947794462e-05,6.576862867751567e-16
2026-09-21T04:57:33.882058,2.13,3.2965069477954545e-05,5.434556920567911e-16,3.296506947795031e-05,5.694262842281185e-16
2026-09-21T04:57:33.896701,2.14,3.296506947795803e-05,3.48135428828158e-16,3.296506947795443e-05,4.1186977017900454e-16
2026-09-21T04:57:33.908345,2.15,3.2965069477963e-05,4.971177451056704e-16,3.296506947795971e-05,5.281502605948975e-16
2026-09-21T04:57:33.920560,2.16,3.29650694779689e-05,5.898452320251179e-16,3.296506947796547e-05,5.762048456591994e-16
2026-09-21T04:57:33.933734,2.17,3.29650694779738e-05,4.907618941744893e-16,3.296506947797001e-05,4.538908155544985e-16
2026-09-21T04:57:33.946762,2.18,3.296506947797771e-05,3.908185922964018e-16,3.296506947797519e-05,5.184284957980727e-16
2026-09-21T04:57:33.960386,2.19,3.296506947798229e-05,4.577058685718292e-16,3.2965069477980756e-05,5.564312159264431e-16
2026-09-21T04:57:33.971864,2.2,3.2965069477988426e-05,6.14055528112044e-16,3.296506947798683e-05,6.071845177794676e-16
2026-09-21T04:57:33.986439,2.21,3.2965069477993915e-05,5.486758959102025e-16,3.296506947799234e-05,5.512723897192203e-16
2026-09-21T04:57:33.999909,2.22,3.296506947799829e-05,4.378500499526031e-16,3.2965069477995596e-05,3.249366796515374e-16
2026-09-21T04:57:34.014346,2.23,3.296506947800342e-05,5.127389711565448e-16,3.296506947800113e-05,5.538583633725615e-16
2026-09-21T04:57:34.026972,2.24,3.296506947801073e-05,7.301730767135308e-16,3.296506947800718e-05,6.052006791742162e-16
2026-09-21T04:57:34.038525,2.25,3.296506947801616e-05,5.431760841188798e-16,3.296506947801309e-05,5.91149089740823e-16
2026-09-21T04:57:34.052581,2.26,3.296506947802041e-05,4.2479790766678275e-16,3.296506947801868e-05,5.591749082348019e-16
2026-09-21T04:57:34.066438,2.27,3.296506947802598e-05,5.570795066191874e-16,3.296506947802402e-05,5.342774197197642e-16
2026-09-21T04:57:34.079243,2.2800000000000002,3.296506947803124e-05,5.25535611331513e-16,3.296506947803029e-05,6.269768964994041e-16
2026-09-21T04:57:34.091101,2.29,3.2965069478037e-05,5.759505434021293e-16,3.296506947803596e-05,5.674850158295793e-16
2026-09-21T04:57:34.102590,2.3,3.296506947804108e-05,4.0802883378211187e-16,3.2965069478040515e-05,4.550958234147545e-16
2026-09-21T04:57:34.115770,2.31,3.2965069478047326e-05,6.246565329354694e-16,3.296506947804652e-05,6.007113330732089e-16
2026-09-21T04:57:34.129795,2.32,3.2965069478050544e-05,3.2217256112097795e-16,3.2965069478049995e-05,3.4773217957776223e-16
2026-09-21T04:57:34.144471,2.33,3.296506947805518e-05,4.634525619656714e-16,3.2965069478054664e-05,4.672079526941128e-16
2026-09-21T04:57:34.157807,2.34,3.296506947806062e-05,5.442219903827977e-16,3.2965069478060316e-05,5.649898697197213e-16
2026-09-21T04:57:34.170152,2.35,3.296506947806748e-05,6.858040663503689e-16,3.2965069478067526e-05,7.211918565770575e-16
2026-09-21T04:57:34.184492,2.36,3.296506947807328e-05,5.798891786598829e-16,3.296506947807366e-05,6.13240247643622e-16
2026-09-21T04:57:34.199348,2.37,3.2965069478078185e-05,4.907168886386633e-16,3.2965069478078334e-05,4.67770635975338e-16
2026-09-21T04:57:34.212336,2.38,3.2965069478084066e-05,5.880630314077736e-16,3.296506947808368e-05,5.349251084171876e-16
2026-09-21T04:57:34.224573,2.39,3.2965069478088275e-05,4.2107397225405785e-16,3.296506947808746e-05,3.783476365837808e-16
2026-09-21T04:57:34.236891,2.4,3.296506947809187e-05,3.5973942232331785e-16,3.296506947809147e-05,4.0113389429610056e-16
2026-09-21T04:57:34.252853,2.41,3.296506947809722e-05,5.343815499632325e-16,3.2965069478097294e-05,5.822552939116691e-16
2026-09-21T04:57:34.270152,2.42,3.2965069478102417e-05,5.19418732458618e-16,3.2965069478101624e-05,4.3317003564030858e-16
2026-09-21T04:57:34.285129,2.43,3.296506947810867e-05,6.253567853212259e-16,3.296506947810736e-05,5.736973210663009e-16
2026-09-21T04:57:34.303764,2.44,3.29650694781141e-05,5.430485288074739e-16,3.296506947811366e-05,6.291920370142312e-16
2026-09-21T04:57:34.323327,2.45,3.2965069478119425e-05,5.323044717497545e-16,3.296506947811935e-05,5.694208162381239e-16
2026-09-21T04:57:34.338329,2.46,3.296506947812552e-05,6.091479447755926e-16,3.296506947812434e-05,4.989195352179257e-16
2026-09-21T04:57:34.356627,2.47,3.2965069478130545e-05,5.03094221887801e-16,3.296506947812918e-05,4.843014287737113e-16
2026-09-21T04:57:34.379988,2.48,3.2965069478137e-05,6.460989256986397e-16,3.296506947813495e-05,5.765797035506602e-16
2026-09-21T04:57:34.395011,2.49,3.296506947814174e-05,4.737965986474753e-16,3.296506947813982e-05,4.873366075543843e-16
2026-09-21T04:57:34.410893,2.5,3.2965069478147845e-05,6.106488452690258e-16,3.296506947814584e-05,6.015503557155026e-16
2026-09-21T04:57:34.423768,2.51,3.296506947815361e-05,5.764394762525564e-16,3.2965069478151294e-05,5.455502639602828e-16
2026-09-21T04:57:34.437727,2.52,3.296506947815987e-05,6.260149928761021e-16,3.296506947815767e-05,6.37608088720853e-16
2026-09-21T04:57:34.451798,2.5300000000000002,3.296506947816442e-05,4.549719446992954e-16,3.296506947816352e-05,5.85074362842669e-16
2026-09-21T04:57:34.464149,2.54,3.296506947817095e-05,6.532397138462811e-16,3.296506947816882e-05,5.296998580780118e-16
2026-09-21T04:57:34.477131,2.55,3.296506947817655e-05,5.597751647931405e-16,3.296506947817488e-05,6.062486101331836e-16
2026-09-21T04:57:34.498056,2.56,3.296506947818229e-05,5.740122516943922e-16,3.2965069478179944e-05,5.060565697165078e-16
2026-09-21T04:57:34.515704,2.5700000000000003,3.2965069478187906e-05,5.615033413898133e-16,3.296506947818546e-05,5.513272380729772e-16
2026-09-21T04:57:34.532899,2.58,3.2965069478191626e-05,3.7190846168283994e-16,3.296506947819034e-05,4.879280454913132e-16
2026-09-21T04:57:34.546732,2.59,3.296506947819695e-05,5.322831040080168e-16,3.296506947819538e-05,5.043760466363667e-16
2026-09-21T04:57:34.558527,2.6,3.296506947820128e-05,4.3296183947172835e-16,3.2965069478200706e-05,5.328356173788311e-16
2026-09-21T04:57:34.572748,2.61,3.296506947820572e-05,4.438852131437352e-16,3.2965069478204135e-05,3.4268480472260466e-16
2026-09-21T04:57:34.587771,2.62,3.296506947821085e-05,5.128377818923719e-16,3.296506947820835e-05,4.2167335326850326e-16
2026-09-21T04:57:34.603478,2.63,3.296506947821788e-05,7.030215719397211e-16,3.296506947821491e-05,6.559718670698947e-16
2026-09-21T04:57:34.615842,2.64,3.2965069478221265e-05,3.387761423863652e-16,3.2965069478219693e-05,4.781293095883699e-16
2026-09-21T04:57:34.627691,2.65,3.296506947822639e-05,5.119476845935371e-16,3.296506947822616e-05,6.467498391151709e-16
2026-09-21T04:57:34.641481,2.66,3.2965069478230624e-05,4.236152445005628e-16,3.2965069478229634e-05,3.478073395425561e-16
2026-09-21T04:57:34.656263,2.67,3.2965069478236085e-05,5.461807714846315e-16,3.296506947823507e-05,5.433291836795824e-16
2026-09-21T04:57:34.672721,2.68,3.296506947824226e-05,6.173845037770432e-16,3.296506947824051e-05,5.439493410842894e-16
2026-09-21T04:57:34.685079,2.69,3.296506947824715e-05,4.894263670816687e-16,3.29650694782457e-05,5.188698517329438e-16
2026-09-21T04:57:34.699641,2.7,3.296506947825237e-05,5.219533647332245e-16,3.2965069478251305e-05,5.60369733282261e-16
2026-09-21T04:57:34.713046,2.71,3.296506947825841e-05,6.045050781738802e-16,3.296506947825735e-05,6.046690701386967e-16
2026-09-21T04:57:34.727591,2.72,3.2965069478262485e-05,4.0703409286209093e-16,3.2965069478261266e-05,3.9144181346910145e-16
2026-09-21T04:57:34.740528,2.73,3.296506947826674e-05,4.253006274248108e-16,3.296506947826603e-05,4.765702010063321e-16
2026-09-21T04:57:34.752427,2.74,3.2965069478272785e-05,6.046947813379125e-16,3.2965069478272555e-05,6.524706985179866e-16
2026-09-21T04:57:34.764731,2.75,3.2965069478276567e-05,3.782324403645572e-16,3.296506947827648e-05,3.923604227558582e-16
2026-09-21T04:57:34.779282,2.76,3.296506947828325e-05,6.680246553401828e-16,3.296506947828363e-05,7.149715349716348e-16
2026-09-21T04:57:34.795743,2.77,3.2965069478289204e-05,5.955092444451076e-16,3.296506947828886e-05,5.233882016459087e-16
2026-09-21T04:57:34.809508,2.7800000000000002,3.296506947829598e-05,6.775585197823964e-16,3.2965069478295384e-05,6.528876799480826e-16
2026-09-21T04:57:34.824438,2.79,3.296506947830237e-05,6.387935338861753e-16,3.296506947829995e-05,4.565748359623534e-16
2026-09-21T04:57:34.837477,2.8,3.296506947830653e-05,4.1612235595238424e-16,3.296506947830444e-05,4.48273759829366e-16
2026-09-21T04:57:34.853177,2.81,3.2965069478311884e-05,5.350654183711173e-16,3.2965069478309885e-05,5.446478744840694e-16
2026-09-21T04:57:34.867615,2.8200000000000003,3.296506947831646e-05,4.572935322274706e-16,3.296506947831434e-05,4.451237548220116e-16
2026-09-21T04:57:34.881886,2.83,3.2965069478321575e-05,5.115966944503488e-16,3.296506947831884e-05,4.49850015843894e-16
2026-09-21T04:57:34.896284,2.84,3.296506947832747e-05,5.8967029889006395e-16,3.2965069478324624e-05,5.788282307739375e-16
2026-09-21T04:57:34.907543,2.85,3.2965069478332417e-05,4.945819098356274e-16,3.296506947832964e-05,5.012179992503766e-16
2026-09-21T04:57:34.922704,2.8600000000000003,3.296506947833902e-05,6.601984508299202e-16,3.296506947833647e-05,6.829086852950136e-16
2026-09-21T04:57:34.937426,2.87,3.296506947834532e-05,6.304974746458061e-16,3.29650694783428e-05,6.330548883911892e-16
2026-09-21T04:57:34.952930,2.88,3.296506947835017e-05,4.8538342091908e-16,3.2965069478348314e-05,5.51273243015106e-16
2026-09-21T04:57:34.965982,2.89,3.29650694783559e-05,5.734411601333819e-16,3.296506947835391e-05,5.600417534255074e-16
2026-09-21T04:57:34.979125,2.9,3.296506947836225e-05,6.351491999943344e-16,3.296506947835942e-05,5.510129367668781e-16
2026-09-21T04:57:34.993635,2.91,3.2965069478367247e-05,4.995635748988415e-16,3.2965069478364184e-05,4.761360381689057e-16
2026-09-21T04:57:35.007736,2.92,3.2965069478373386e-05,6.139225100860304e-16,3.2965069478370065e-05,5.878571956700849e-16
2026-09-21T04:57:35.025565,2.93,3.296506947837903e-05,5.644163211162185e-16,3.296506947837489e-05,4.82332478682113e-16
2026-09-21T04:57:35.038374,2.94,3.2965069478385244e-05,6.211241596820192e-16,3.2965069478379905e-05,5.015031986749972e-16
2026-09-21T04:57:35.053450,2.95,3.296506947839018e-05,4.935488345249082e-16,3.2965069478385705e-05,5.799098574702924e-16
2026-09-21T04:57:35.066230,2.96,3.2965069478393505e-05,3.328443992461309e-16,3.29650694783891e-05,3.396698961399176e-16
2026-09-21T04:57:35.080585,2.97,3.296506947839892e-05,5.413552821813422e-16,3.2965069478395083e-05,5.980287929421982e-16
2026-09-21T04:57:35.095296,2.98,3.2965069478402795e-05,3.8735383003322975e-16,3.2965069478398715e-05,3.632415059247589e-16
2026-09-21T04:57:35.110179,2.99,3.2965069478410364e-05,7.566067754167243e-16,3.2965069478405194e-05,6.476004830110115e-16
2026-09-21T04:57:35.122930,3.0,3.296506947841619e-05,5.825534374696857e-16,3.296506947841187e-05,6.675425222848213e-16
2026-09-21T04:57:35.139305,3.01,3.296506947842164e-05,5.447515872856087e-16,3.296506947841675e-05,4.882017130806108e-16
2026-09-21T04:57:35.153235,3.02,3.2965069478428416e-05,6.773558252407445e-16,3.296506947842418e-05,7.436533292101001e-16
2026-09-21T04:57:35.167424,3.03,3.296506947843362e-05,5.202181886483254e-16,3.296506947842897e-05,4.788186337993459e-16
2026-09-21T04:57:35.181167,3.04,3.296506947843783e-05,4.207491828491332e-16,3.296506947843385e-05,4.87605371356702e-16
2026-09-21T04:57:35.192990,3.05,3.296506947844365e-05,5.817989278928598e-16,3.296506947843942e-05,5.568351141905691e-16
2026-09-21T04:57:35.208011,3.06,3.296506947844852e-05,4.874096438794284e-16,3.2965069478443784e-05,4.3645032892869964e-16
2026-09-21T04:57:35.223042,3.07,3.296506947845413e-05,5.610788345689646e-16,3.296506947844887e-05,5.083396463961025e-16
2026-09-21T04:57:35.235502,3.08,3.2965069478458435e-05,4.304653857523946e-16,3.29650694784538e-05,4.935774003015716e-16
2026-09-21T04:57:35.248084,3.09,3.2965069478464e-05,5.566425627593518e-16,3.2965069478458984e-05,5.183386047435746e-16
2026-09-21T04:57:35.259723,3.1,3.2965069478470036e-05,6.040993776830728e-16,3.296506947846498e-05,6.000089603014481e-16
2026-09-21T04:57:35.274514,3.11,3.296506947847603e-05,5.99942955792762e-16,3.2965069478470707e-05,5.724394443913786e-16
2026-09-21T04:57:35.290363,3.12,3.296506947848199e-05,5.958278166514956e-16,3.296506947847731e-05,6.608144925685096e-16
2026-09-21T04:57:35.304553,3.13,3.296506947848797e-05,5.982899577802124e-16,3.296506947848268e-05,5.367224735044157e-16
2026-09-21T04:57:35.317438,3.14,3.2965069478493576e-05,5.606566689103134e-16,3.2965069478487796e-05,5.113741672298884e-16
2026-09-21T04:57:35.330788,3.15,3.2965069478499824e-05,6.245499712363995e-16,3.296506947849379e-05,5.999220941502272e-16
2026-09-21T04:57:35.345407,3.16,3.296506947850627e-05,6.445183793184057e-16,3.29650694785007e-05,6.907313471716791e-16
2026-09-21T04:57:35.359567,3.17,3.2965069478511486e-05,5.214368245718452e-16,3.296506947850493e-05,4.2277223116529908e-16
2026-09-21T04:57:35.373621,3.18,3.2965069478516724e-05,5.234697304972263e-16,3.2965069478510565e-05,5.638596844628662e-16
2026-09-21T04:57:35.386172,3.19,3.296506947852189e-05,5.160507800272875e-16,3.2965069478515464e-05,4.896722342589763e-16
2026-09-21T04:57:35.398708,3.2,3.29650694785264e-05,4.511128425420971e-16,3.2965069478520526e-05,5.061077675027652e-16
2026-09-21T04:57:35.412395,3.21,3.2965069478533157e-05,6.752686924038308e-16,3.2965069478527546e-05,7.02287440579921e-16
2026-09-21T04:57:35.426798,3.22,3.296506947854031e-05,7.155549067573763e-16,3.296506947853363e-05,6.086764098681787e-16
2026-09-21T04:57:35.442018,3.23,3.29650694785458e-05,5.489047861780787e-16,3.296506947853893e-05,5.298522752328838e-16
2026-09-21T04:57:35.454550,3.24,3.2965069478551276e-05,5.473695621202117e-16,3.296506947854469e-05,5.762584137301514e-16
2026-09-21T04:57:35.467900,3.25,3.29650694785556e-05,4.3249461620977644e-16,3.2965069478549284e-05,4.596931495598195e-16
2026-09-21T04:57:35.481642,3.26,3.296506947856062e-05,5.018865613541931e-16,3.296506947855431e-05,5.029011144447948e-16
2026-09-21T04:57:35.495177,3.27,3.296506947856558e-05,4.963234880769855e-16,3.2965069478559164e-05,4.851595791776278e-16
2026-09-21T04:57:35.509355,3.2800000000000002,3.2965069478570704e-05,5.125205486844312e-16,3.296506947856507e-05,5.9103525708264e-16
2026-09-21T04:57:35.521808,3.29,3.29650694785757e-05,4.995669921362464e-16,3.2965069478570575e-05,5.502193032871958e-16
2026-09-21T04:57:35.535270,3.3,3.296506947858029e-05,4.594516537784929e-16,3.2965069478575454e-05,4.880501481121893e-16
2026-09-21T04:57:35.548350,3.31,3.296506947858628e-05,5.989592184830165e-16,3.2965069478581444e-05,5.992377496408158e-16
2026-09-21T04:57:35.563092,3.32,3.2965069478591466e-05,5.1819241530892e-16,3.2965069478587184e-05,5.741228984236225e-16
2026-09-21T04:57:35.575822,3.33,3.2965069478598005e-05,6.537713744786256e-16,3.296506947859365e-05,6.464723403821446e-16
2026-09-21T04:57:35.590468,3.34,3.296506947860322e-05,5.218964401996831e-16,3.296506947859984e-05,6.193099466277351e-16
2026-09-21T04:57:35.605530,3.35,3.2965069478609423e-05,6.198475329104819e-16,3.296506947860566e-05,5.818504757831988e-16
2026-09-21T04:57:35.616245,3.36,3.296506947861441e-05,4.987175196395689e-16,3.296506947861105e-05,5.390320144758597e-16
2026-09-21T04:57:35.632765,3.37,3.296506947861953e-05,5.116811555519924e-16,3.2965069478615705e-05,4.654553394535059e-16
2026-09-21T04:57:35.646600,3.38,3.296506947862563e-05,6.106065461662011e-16,3.296506947862196e-05,6.257340665997319e-16
2026-09-21T04:57:35.658877,3.39,3.296506947863012e-05,4.488965759437612e-16,3.296506947862665e-05,4.6882089986825e-16
2026-09-21T04:57:35.669630,3.4,3.296506947863518e-05,5.062877065275292e-16,3.2965069478631406e-05,4.755432508424521e-16
2026-09-21T04:57:35.684299,3.41,3.2965069478641706e-05,6.528667118374995e-16,3.2965069478637924e-05,6.51572249332489e-16
2026-09-21T04:57:35.698140,3.42,3.29650694786491e-05,7.396224832227085e-16,3.2965069478644396e-05,6.469575658489057e-16
2026-09-21T04:57:35.713905,3.43,3.2965069478654946e-05,5.847435865789027e-16,3.296506947865121e-05,6.814807462469152e-16
2026-09-21T04:57:35.727464,3.44,3.2965069478660394e-05,5.449148674111456e-16,3.296506947865675e-05,5.537282987729783e-16
2026-09-21T04:57:35.738527,3.45,3.2965069478667665e-05,7.271967161228722e-16,3.296506947866409e-05,7.335850733847802e-16
2026-09-21T04:57:35.752826,3.46,3.2965069478673954e-05,6.287950634601341e-16,3.296506947867011e-05,6.025319009466556e-16
2026-09-21T04:57:35.766523,3.47,3.2965069478680845e-05,6.89422299161991e-16,3.296506947867768e-05,7.566812739841622e-16
2026-09-21T04:57:35.781151,3.48,3.296506947868588e-05,5.032658351209747e-16,3.296506947868377e-05,6.090286325523451e-16
2026-09-21T04:57:35.792900,3.49,3.296506947869201e-05,6.134090381965011e-16,3.2965069478690617e-05,6.841823489354332e-16
2026-09-21T04:57:35.803853,3.5,3.29650694786958e-05,3.7892850219390816e-16,3.296506947869437e-05,3.7517950783042386e-16
2026-09-21T04:57:35.818301,3.51,3.296506947870035e-05,4.546824045812741e-16,3.296506947869947e-05,5.103064088384073e-16
2026-09-21T04:57:35.832903,3.52,3.296506947870606e-05,5.714259801932319e-16,3.2965069478704095e-05,4.619384881270942e-16
2026-09-21T04:57:35.846896,3.5300000000000002,3.296506947871162e-05,5.566654663249694e-16,3.2965069478710925e-05,6.830775616559518e-16
2026-09-21T04:57:35.861856,3.54,3.296506947871631e-05,4.686931250682951e-16,3.296506947871501e-05,4.0830648332001037e-16
2026-09-21T04:57:35.877756,3.55,3.2965069478723055e-05,6.740451645608406e-16,3.296506947872163e-05,6.62079903341526e-16
2026-09-21T04:57:35.889648,3.56,3.2965069478729336e-05,6.281889038187941e-16,3.2965069478727466e-05,5.832445424202849e-16
2026-09-21T04:57:35.906902,3.5700000000000003,3.296506947873511e-05,5.774901597502222e-16,3.2965069478733334e-05,5.866115892809532e-16
2026-09-21T04:57:35.923627,3.58,3.296506947874103e-05,5.919309060621716e-16,3.2965069478739e-05,5.663872218692441e-16
2026-09-21T04:57:35.943539,3.59,3.296506947874761e-05,6.576974324247791e-16,3.296506947874524e-05,6.238074958511916e-16
2026-09-21T04:57:35.954472,3.6,3.296506947875173e-05,4.120453232507585e-16,3.2965069478749956e-05,4.714243898641424e-16
2026-09-21T04:57:35.974524,3.61,3.2965069478755594e-05,3.8649737524726786e-16,3.296506947875434e-05,4.385423040437799e-16
2026-09-21T04:57:35.992080,3.62,3.296506947876028e-05,4.686402930216387e-16,3.2965069478757905e-05,3.5629750853086366e-16
2026-09-21T04:57:36.007135,3.63,3.296506947876636e-05,6.080848180698602e-16,3.2965069478763556e-05,5.649340036954469e-16
2026-09-21T04:57:36.023333,3.64,3.2965069478770915e-05,4.555237977716101e-16,3.2965069478770244e-05,6.68492410024881e-16
2026-09-21T04:57:36.036551,3.65,3.296506947877658e-05,5.662356267994959e-16,3.296506947877589e-05,5.644815726174085e-16
2026-09-21T04:57:36.052973,3.66,3.296506947878251e-05,5.931626632448476e-16,3.296506947878088e-05,4.992140122040732e-16
2026-09-21T04:57:36.065326,3.67,3.296506947878766e-05,5.151424773694354e-16,3.296506947878529e-05,4.405918869425091e-16
2026-09-21T04:57:36.080985,3.68,3.296506947879408e-05,6.423497450314047e-16,3.2965069478791366e-05,6.076624232285529e-16
2026-09-21T04:57:36.093544,3.69,3.296506947880082e-05,6.732642922412468e-16,3.296506947879684e-05,5.477343918503074e-16
2026-09-21T04:57:36.109552,3.7,3.296506947880671e-05,5.886285814427708e-16,3.296506947880213e-05,5.282476793150627e-16
2026-09-21T04:57:36.125065,3.71,3.296506947881411e-05,7.401097344379089e-16,3.296506947880816e-05,6.031370563650726e-16
2026-09-21T04:57:36.139922,3.72,3.296506947881905e-05,4.939203060412417e-16,3.296506947881387e-05,5.715560084293354e-16
2026-09-21T04:57:36.156529,3.73,3.296506947882386e-05,4.808053301025422e-16,3.2965069478818065e-05,4.195460128080138e-16
2026-09-21T04:57:36.180612,3.74,3.2965069478828866e-05,5.007561910357654e-16,3.296506947882322e-05,5.156802925635557e-16
2026-09-21T04:57:36.199022,3.75,3.296506947883457e-05,5.706212244589024e-16,3.296506947882971e-05,6.494475604919628e-16
2026-09-21T04:57:36.215356,3.76,3.296506947884233e-05,7.756350306426992e-16,3.2965069478836754e-05,7.039677554938148e-16
2026-09-21T04:57:36.231699,3.77,3.296506947884912e-05,6.7902213089076e-16,3.296506947884186e-05,5.112678676640167e-16
2026-09-21T04:57:36.255736,3.7800000000000002,3.296506947885603e-05,6.913560554100697e-16,3.296506947884843e-05,6.568902154365381e-16
2026-09-21T04:57:36.270923,3.79,3.2965069478861114e-05,5.081997185819473e-16,3.296506947885476e-05,6.327121683143457e-16
2026-09-21T04:57:36.283932,3.8,3.296506947886647e-05,5.351673512896996e-16,3.296506947885911e-05,4.347161321662236e-16
2026-09-21T04:57:36.304482,3.81,3.2965069478873915e-05,7.447350198123478e-16,3.29650694788659e-05,6.79297174331652e-16
2026-09-21T04:57:36.324493,3.8200000000000003,3.2965069478878346e-05,4.432303052913269e-16,3.296506947887115e-05,5.253647729313044e-16
2026-09-21T04:57:36.342607,3.83,3.296506947888247e-05,4.128581925296175e-16,3.2965069478876564e-05,5.411248605564171e-16
2026-09-21T04:57:36.353911,3.84,0.11431867896853323,11.428571389905436,0.11431867896853318,11.42857138990543
2026-09-21T04:57:36.367390,3.85,0.22860439299531726,11.428571402678402,0.22860439299531726,11.428571402678408
2026-09-21T04:57:36.381906,3.8600000000000003,0.34289010702225453,11.428571402693727,0.3428901070222545,11.428571402693722
2026-09-21T04:57:36.400491,3.87,0.4571758210493033,11.428571402704875,0.4571758210493033,11.428571402704886
2026-09-21T04:57:36.417003,3.88,0.5714615350764157,11.42857140271124,0.5714615350764156,11.428571402711235
2026-09-21T04:57:36.429784,3.89,0.6857472492041207,11.428571412770495,0.6857472492041206,11.428571412770495
2026-09-21T04:57:36.443693,3.9,0.8000329634887015,11.42857142845808,0.8000329634887013,11.42857142845808
2026-09-21T04:57:36.465389,3.91,0.9143186777733054,11.428571428460398,0.9143186777733053,11.428571428460396
2026-09-21T04:57:36.481913,3.92,1.0286043920579095,11.428571428460403,1.0286043920579093,11.428571428460403
2026-09-21T04:57:36.495831,3.93,1.1428901063425136,11.428571428460408,1.1428901063425134,11.428571428460408
2026-09-21T04:57:36.510323,3.94,1.2571758206271177,11.428571428460414,1.2571758206271175,11.428571428460414
2026-09-21T04:57:36.525853,3.95,1.3714615349117218,11.428571428460419,1.3714615349117216,11.428571428460419
2026-09-21T04:57:36.542920,3.96,1.4857472491963262,11.428571428460424,1.485747249196326,11.428571428460424
2026-09-21T04:57:36.558605,3.97,1.6000329634809305,11.42857142846043,1.6000329634809303,11.42857142846043
2026-09-21T04:57:36.577964,3.98,1.7143186777655348,11.428571428460435,1.7143186777655346,11.428571428460435
2026-09-21T04:57:36.592739,3.99,1.8286043920501391,11.42857142846044,1.828604392050139,11.42857142846044
2026-09-21T04:57:36.607257,4.0,1.9428901063347437,11.428571428460446,1.9428901063347435,11.428571428460446
2026-09-21T04:57:36.628415,4.01,2.057175820619348,11.428571428460451,2.057175820619348,11.428571428460451
2026-09-21T04:57:36.638966,4.02,2.1714615349039526,11.428571428460456,2.1714615349039526,11.428571428460456
2026-09-21T04:57:36.655404,4.03,2.285747249188557,11.428571428460462,2.285747249188557,11.428571428460462
2026-09-21T04:57:36.669261,4.04,2.4000329634731616,11.428571428460467,2.4000329634731616,11.428571428460467
2026-09-21T04:57:36.683287,4.05,2.514318677757766,11.428571428460472,2.514318677757766,11.428571428460472
2026-09-21T04:57:36.698841,4.06,2.628604392042371,11.428571428460478,2.628604392042371,11.428571428460478
2026-09-21T04:57:36.717640,4.07,2.742890106326976,11.428571428460483,2.742890106326976,11.428571428460483
2026-09-21T04:57:36.731135,4.08,2.857175820611581,11.428571428460488,2.857175820611581,11.428571428460488
2026-09-21T04:57:36.742360,4.09,2.971461534896186,11.428571428460494,2.971461534896186,11.428571428460494
2026-09-21T04:57:36.759304,4.1,3.085747249180791,11.428571428460499,3.085747249180791,11.428571428460499
2026-09-21T04:57:36.775178,4.11,3.200032963465396,11.428571428460504,3.200032963465396,11.428571428460504
2026-09-21T04:57:36.789284,4.12,3.314318677750001,11.42857142846051,3.314318677750001,11.42857142846051
2026-09-21T04:57:36.805614,4.13,3.428604392034606,11.428571428460515,3.428604392034606,11.428571428460515
2026-09-21T04:57:36.820902,4.14,3.542890106319211,11.42857142846052,3.542890106319211,11.42857142846052
2026-09-21T04:57:36.836742,4.15,3.6571758206038165,11.428571428460526,3.6571758206038165,11.428571428460526
2026-09-21T04:57:36.856012,4.16,3.771461534888422,11.42857142846053,3.771461534888422,11.42857142846053
2026-09-21T04:57:36.868010,4.17,3.8857472491730274,11.428571428460536,3.8857472491730274,11.428571428460536
2026-09-21T04:57:36.883137,4.18,4.000032963457633,11.428571428460542,4.000032963457633,11.428571428460542
2026-09-21T04:57:36.896780,4.19,4.114318677742238,11.428571428460547,4.114318677742238,11.428571428460547
2026-09-21T04:57:36.914567,4.2,4.228604392026844,11.428571428460552,4.228604392026844,11.428571428460552
2026-09-21T04:57:36.928280,4.21,4.342890106311449,11.428571428460558,4.342890106311449,11.428571428460558
2026-09-21T04:57:36.948226,4.22,4.4571758205960545,11.428571428460563,4.4571758205960545,11.428571428460563
2026-09-21T04:57:36.963690,4.23,4.57146153488066,11.428571428460568,4.57146153488066,11.428571428460568
2026-09-21T04:57:36.977964,4.24,4.685747249165265,11.428571428460574,4.685747249165265,11.428571428460574
2026-09-21T04:57:36.993280,4.25,4.800032963449871,11.428571428460579,4.800032963449871,11.428571428460579
2026-09-21T04:57:37.009127,4.26,4.914318677734476,11.428571428460584,4.914318677734476,11.428571428460584
2026-09-21T04:57:37.028788,4.27,5.028604392019083,11.42857142846059,5.028604392019083,11.42857142846059
2026-09-21T04:57:37.044298,4.28,5.142890106303689,11.428571428460595,5.142890106303689,11.428571428460595
2026-09-21T04:57:37.059207,4.29,5.257175820588295,11.4285714284606,5.257175820588295,11.4285714284606
2026-09-21T04:57:37.074628,4.3,5.371461534872902,11.428571428460605,5.371461534872902,11.428571428460605
2026-09-21T04:57:37.089102,4.31,5.485747249157508,11.42857142846061,5.485747249157508,11.42857142846061
2026-09-21T04:57:37.105451,4.32,5.600032963442114,11.428571428460616,5.600032963442114,11.428571428460616
2026-09-21T04:57:37.122203,4.33,5.7143186777267205,11.428571428460621,5.7143186777267205,11.428571428460621
2026-09-21T04:57:37.135712,4.34,5.828604392011327,11.428571428460627,5.828604392011327,11.428571428460629
2026-09-21T04:57:37.147451,4.35,5.942890106295933,11.428571428460632,5.942890106295933,11.428571428460632
2026-09-21T04:57:37.162291,4.36,6.0571758205805395,11.428571428460637,6.0571758205805395,11.428571428460637
2026-09-21T04:57:37.176028,4.37,6.171461534865146,11.428571428460643,6.171461534865146,11.428571428460643
2026-09-21T04:57:37.194194,4.38,6.285747249149752,11.428571428460648,6.285747249149752,11.428571428460648
2026-09-21T04:57:37.208812,4.39,6.4000329634343585,11.428571428460653,6.4000329634343585,11.428571428460653
2026-09-21T04:57:37.225055,4.4,6.514318677718965,11.428571428460659,6.514318677718965,11.428571428460659
2026-09-21T04:57:37.240150,4.41,6.628604392003571,11.428571428460664,6.628604392003571,11.428571428460666
2026-09-21T04:57:37.259697,4.42,6.742890106288177,11.428571428460671,6.742890106288177,11.428571428460671
2026-09-21T04:57:37.277811,4.43,6.857175820572785,11.428571428460677,6.857175820572785,11.428571428460677
2026-09-21T04:57:37.289093,4.44,6.971461534857392,11.42857142846068,6.971461534857392,11.428571428460682
2026-09-21T04:57:37.304434,4.45,7.085747249141999,11.428571428460687,7.085747249141999,11.428571428460687
2026-09-21T04:57:37.324826,4.46,7.200032963426606,11.42857142846069,7.200032963426606,11.428571428460693
2026-09-21T04:57:37.339530,4.47,7.3143186777112135,11.428571428460698,7.3143186777112135,11.428571428460698
2026-09-21T04:57:37.354974,4.48,7.428604391995821,11.428571428460703,7.428604391995821,11.428571428460703
2026-09-21T04:57:37.368700,4.49,7.542890106280428,11.428571428460709,7.542890106280428,11.428571428460709
2026-09-21T04:57:37.381211,4.5,7.657175820565035,11.428571428460714,7.657175820565035,11.428571428460714
2026-09-21T04:57:37.397540,4.51,7.771461534849642,11.42857142846072,7.771461534849642,11.42857142846072
2026-09-21T04:57:37.413543,4.52,7.8857472491342495,11.428571428460724,7.8857472491342495,11.428571428460724
2026-09-21T04:57:37.429539,4.53,8.000032963418857,11.42857142846073,8.000032963418857,11.42857142846073
2026-09-21T04:57:37.449625,4.54,8.114318677703464,11.428571428460735,8.114318677703464,11.428571428460735
2026-09-21T04:57:37.461014,4.55,8.228604391988071,11.42857142846074,8.228604391988071,11.42857142846074
2026-09-21T04:57:37.477571,4.5600000000000005,8.342890106272678,11.428571428460746,8.342890106272678,11.428571428460746
2026-09-21T04:57:37.495065,4.57,8.457175820557286,11.428571428460751,8.457175820557286,11.428571428460751
2026-09-21T04:57:37.514597,4.58,8.571461534841893,11.428571428460756,8.571461534841893,11.428571428460756
2026-09-21T04:57:37.528975,4.59,8.6857472491265,11.428571428460762,8.6857472491265,11.428571428460762
2026-09-21T04:57:37.544225,4.6,8.800032963411107,11.428571428460767,8.800032963411107,11.428571428460767
2026-09-21T04:57:37.565085,4.61,8.914318677695714,11.428571428460772,8.914318677695714,11.428571428460772
2026-09-21T04:57:37.580157,4.62,9.028604391980322,11.428571428460778,9.028604391980322,11.428571428460778
2026-09-21T04:57:37.594468,4.63,9.142890106264929,11.428571428460783,9.142890106264929,11.428571428460783
2026-09-21T04:57:37.615005,4.64,9.257175820549536,11.428571428460788,9.257175820549536,11.428571428460788
2026-09-21T04:57:37.625028,4.65,9.371461534834143,11.428571428460794,9.371461534834143,11.428571428460794
2026-09-21T04:57:37.646434,4.66,9.48574724911875,11.428571428460799,9.48574724911875,11.428571428460799
2026-09-21T04:57:37.657516,4.67,9.600032963403358,11.428571428460804,9.600032963403358,11.428571428460804
2026-09-21T04:57:37.674287,4.68,9.714318677687967,11.42857142846081,9.714318677687967,11.42857142846081
2026-09-21T04:57:37.687857,4.69,9.828604391972576,11.428571428460815,9.828604391972576,11.428571428460815
2026-09-21T04:57:37.702734,4.7,9.942890106257185,11.42857142846082,9.942890106257185,11.42857142846082
2026-09-21T04:57:37.717764,4.71,10.057175820541794,11.428571428460826,10.057175820541794,11.428571428460826
2026-09-21T04:57:37.732935,4.72,10.171461534826403,11.428571428460831,10.171461534826403,11.428571428460831
2026-09-21T04:57:37.749308,4.73,10.285747249111012,11.428571428460836,10.285747249111012,11.428571428460836
2026-09-21T04:57:37.763471,4.74,10.40003296339562,11.428571428460842,10.40003296339562,11.428571428460842
2026-09-21T04:57:37.781573,4.75,10.51431867768023,11.428571428460847,10.51431867768023,11.428571428460847
2026-09-21T04:57:37.799977,4.76,10.628604391964839,11.428571428460852,10.628604391964839,11.428571428460852
2026-09-21T04:57:37.817379,4.77,10.742890106249448,11.428571428460858,10.742890106249448,11.428571428460858
2026-09-21T04:57:37.833276,4.78,10.857175820534056,11.428571428460863,10.857175820534056,11.428571428460863
2026-09-21T04:57:37.843147,4.79,10.971461534818665,11.428571428460868,10.971461534818665,11.428571428460868
2026-09-21T04:57:37.856714,4.8,11.085747249103274,11.428571428460874,11.085747249103274,11.428571428460874
2026-09-21T04:57:37.870554,4.8100000000000005,11.200032963387883,11.428571428460879,11.200032963387883,11.428571428460879
2026-09-21T04:57:37.885988,4.82,11.314318677672492,11.428571428460884,11.314318677672492,11.428571428460884
2026-09-21T04:57:37.900715,4.83,11.428604391957101,11.42857142846089,11.428604391957101,11.42857142846089
2026-09-21T04:57:37.918996,4.84,11.54289010624171,11.428571428460895,11.54289010624171,11.428571428460895
2026-09-21T04:57:37.933383,4.85,11.65717582052632,11.4285714284609,11.65717582052632,11.4285714284609
2026-09-21T04:57:37.954791,4.86,11.771461534810928,11.428571428460906,11.771461534810928,11.428571428460906
2026-09-21T04:57:37.968775,4.87,11.885747249095537,11.428571428460911,11.885747249095537,11.428571428460911
2026-09-21T04:57:37.981492,4.88,12.000032963380146,11.428571428460916,12.000032963380146,11.428571428460916
2026-09-21T04:57:37.995463,4.89,12.114318677664755,11.428571428460922,12.114318677664755,11.428571428460922
2026-09-21T04:57:38.008251,4.9,12.228604391949364,11.428571428460927,12.228604391949364,11.428571428460927
2026-09-21T04:57:38.024677,4.91,12.342890106233973,11.428571428460932,12.342890106233973,11.428571428460932
2026-09-21T04:57:38.041496,4.92,12.457175820518582,11.428571428460938,12.457175820518582,11.428571428460938
2026-09-21T04:57:38.055269,4.93,12.571461534803191,11.428571428460943,12.571461534803191,11.428571428460943
2026-09-21T04:57:38.069997,4.94,12.6857472490878,11.428571428460948,12.6857472490878,11.428571428460948
2026-09-21T04:57:38.083256,4.95,12.80003296337241,11.428571428460954,12.80003296337241,11.428571428460954
2026-09-21T04:57:38.098195,4.96,12.914318677657018,11.428571428460959,12.914318677657018,11.428571428460959
2026-09-21T04:57:38.116541,4.97,13.028604391941627,11.428571428460964,13.028604391941627,11.428571428460964
2026-09-21T04:57:38.134303,4.98,13.142890106226236,11.42857142846097,13.142890106226236,11.42857142846097
2026-09-21T04:57:38.146278,4.99,13.257175820510845,11.428571428460975,13.257175820510845,11.428571428460975
2026-09-21T04:57:38.161003,5.0,13.371461534795454,11.42857142846098,13.371461534795454,11.42857142846098
2026-09-21T04:57:38.174449,5.01,13.485747249080063,11.428571428460986,13.485747249080063,11.428571428460986
2026-09-21T04:57:38.187327,5.02,13.600032963364674,11.428571428460991,13.600032963364674,11.428571428460991
2026-09-21T04:57:38.201320,5.03,13.714318677649285,11.428571428460996,13.714318677649285,11.428571428460996
2026-09-21T04:57:38.215517,5.04,13.828604391933895,11.428571428461002,13.828604391933895,11.428571428461002
2026-09-21T04:57:38.229162,5.05,13.942890106218506,11.428571428461007,13.942890106218506,11.428571428461007
2026-09-21T04:57:38.244866,5.06,14.057175820503117,11.428571428461012,14.057175820503117,11.428571428461012
2026-09-21T04:57:38.261238,5.07,14.171461534787728,11.428571428461018,14.171461534787728,11.428571428461018
2026-09-21T04:57:38.277376,5.08,14.285747249072339,11.428571428461023,14.285747249072339,11.428571428461023
2026-09-21T04:57:38.290248,5.09,14.40003296335695,11.428571428461028,14.40003296335695,11.428571428461028
2026-09-21T04:57:38.304511,5.1,14.51431867764156,11.428571428461034,14.51431867764156,11.428571428461034
2026-09-21T04:57:38.320412,5.11,14.62860439192617,11.428571428461039,14.62860439192617,11.428571428461039
2026-09-21T04:57:38.338817,5.12,14.742890106210782,11.428571428461044,14.742890106210782,11.428571428461044
2026-09-21T04:57:38.352256,5.13,14.857175820495392,11.42857142846105,14.857175820495392,11.42857142846105
2026-09-21T04:57:38.368177,5.14,14.971461534780003,11.428571428461055,14.971461534780003,11.428571428461055
2026-09-21T04:57:38.382416,5.15,15.085747249064614,11.42857142846106,15.085747249064614,11.42857142846106
2026-09-21T04:57:38.396205,5.16,15.200032963349225,11.428571428461066,15.200032963349225,11.428571428461066
2026-09-21T04:57:38.413222,5.17,15.314318677633835,11.42857142846107,15.314318677633835,11.42857142846107
2026-09-21T04:57:38.426591,5.18,15.428604391918446,11.428571428461076,15.428604391918446,11.428571428461076
2026-09-21T04:57:38.439945,5.19,15.542890106203057,11.428571428461082,15.542890106203057,11.428571428461082
2026-09-21T04:57:38.453509,5.2,15.657175820487668,11.428571428461087,15.657175820487668,11.428571428461087
2026-09-21T04:57:38.469498,5.21,15.771461534772278,11.428571428461092,15.771461534772278,11.428571428461092
2026-09-21T04:57:38.485712,5.22,15.88574724905689,11.428571428461098,15.88574724905689,11.428571428461098
2026-09-21T04:57:38.502048,5.23,16.0000329633415,11.428571428461103,16.0000329633415,11.428571428461103
2026-09-21T04:57:38.517326,5.24,16.114318677626112,11.428571428461108,16.114318677626112,11.428571428461108
2026-09-21T04:57:38.536423,5.25,16.228604391910725,11.428571428461114,16.228604391910725,11.428571428461114
2026-09-21T04:57:38.548367,5.26,16.342890106195338,11.428571428461119,16.342890106195338,11.428571428461119
2026-09-21T04:57:38.565157,5.27,16.45717582047995,11.428571428461124,16.45717582047995,11.428571428461124
2026-09-21T04:57:38.582069,5.28,16.571461534764563,11.42857142846113,16.571461534764563,11.42857142846113
2026-09-21T04:57:38.595299,5.29,16.685747249049175,11.428571428461135,16.685747249049175,11.428571428461135
2026-09-21T04:57:38.608810,5.3,16.800032963333788,11.42857142846114,16.800032963333788,11.42857142846114
2026-09-21T04:57:38.622828,5.31,16.9143186776184,11.428571428461145,16.9143186776184,11.428571428461145
2026-09-21T04:57:38.641174,5.32,17.028604391903013,11.42857142846115,17.028604391903013,11.42857142846115
2026-09-21T04:57:38.654576,5.33,17.142890106187625,11.428571428461156,17.142890106187625,11.428571428461156
2026-09-21T04:57:38.670241,5.34,17.257175820472238,11.428571428461161,17.257175820472238,11.428571428461161
2026-09-21T04:57:38.683072,5.35,17.37146153475685,11.428571428461167,17.37146153475685,11.428571428461167
2026-09-21T04:57:38.697234,5.36,17.485747249041463,11.428571428461172,17.485747249041463,11.428571428461172
2026-09-21T04:57:38.711739,5.37,17.600032963326075,11.428571428461177,17.600032963326075,11.428571428461177
2026-09-21T04:57:38.725926,5.38,17.714318677610688,11.428571428461183,17.714318677610688,11.428571428461183
2026-09-21T04:57:38.742875,5.39,17.8286043918953,11.428571428461188,17.8286043918953,11.428571428461188
2026-09-21T04:57:38.762721,5.4,17.942890106179913,11.428571428461193,17.942890106179913,11.428571428461193
2026-09-21T04:57:38.776757,5.41,18.057175820464526,11.428571428461199,18.057175820464526,11.428571428461199
2026-09-21T04:57:38.790173,5.42,18.171461534749138,11.428571428461204,18.171461534749138,11.428571428461204
2026-09-21T04:57:38.804137,5.43,18.28574724903375,11.42857142846121,18.28574724903375,11.42857142846121
2026-09-21T04:57:38.818946,5.44,18.400032963318363,11.428571428461215,18.400032963318363,11.428571428461215
2026-09-21T04:57:38.832679,5.45,18.514318677602976,11.42857142846122,18.514318677602976,11.42857142846122
2026-09-21T04:57:38.847407,5.46,18.62860439188759,11.428571428461225,18.62860439188759,11.428571428461225
2026-09-21T04:57:38.861572,5.47,18.7428901061722,11.42857142846123,18.7428901061722,11.42857142846123
2026-09-21T04:57:38.876323,5.48,18.857175820456813,11.428571428461236,18.857175820456813,11.428571428461236
2026-09-21T04:57:38.888308,5.49,18.971461534741426,11.428571428461241,18.971461534741426,11.428571428461241
2026-09-21T04:57:38.903948,5.5,19.08574724902604,11.428571428461247,19.08574724902604,11.428571428461247
2026-09-21T04:57:38.918200,5.51,19.20003296331065,11.428571428461252,19.20003296331065,11.428571428461252
2026-09-21T04:57:38.937301,5.52,19.314318677595264,11.428571428461257,19.314318677595264,11.428571428461257
2026-09-21T04:57:38.953695,5.53,19.428604391879876,11.428571428461263,19.428604391879876,11.428571428461263
2026-09-21T04:57:38.968119,5.54,19.54289010616449,11.428571428461268,19.54289010616449,11.428571428461268
2026-09-21T04:57:38.982503,5.55,19.6571758204491,11.428571428461273,19.6571758204491,11.428571428461273
2026-09-21T04:57:38.995046,5.5600000000000005,19.771461534733714,11.428571428461279,19.771461534733714,11.428571428461279
2026-09-21T04:57:39.010434,5.57,19.885747249018326,11.428571428461284,19.885747249018326,11.428571428461284
2026-09-21T04:57:39.024239,5.58,20.00003296330294,11.42857142846129,20.00003296330294,11.42857142846129
2026-09-21T04:57:39.038457,5.59,20.11431867758755,11.428571428461295,20.11431867758755,11.428571428461295
2026-09-21T04:57:39.054087,5.6,20.228604391872164,11.4285714284613,20.228604391872164,11.4285714284613
2026-09-21T04:57:39.066541,5.61,20.342890106156776,11.428571428461305,20.342890106156776,11.428571428461305
2026-09-21T04:57:39.084257,5.62,20.45717582044139,11.42857142846131,20.45717582044139,11.42857142846131
2026-09-21T04:57:39.099166,5.63,20.571461534726,11.428571428461316,20.571461534726,11.428571428461316
2026-09-21T04:57:39.113923,5.64,20.685747249010614,11.428571428461321,20.685747249010614,11.428571428461321
2026-09-21T04:57:39.129406,5.65,20.800032963295227,11.428571428461327,20.800032963295227,11.428571428461327
2026-09-21T04:57:39.144467,5.66,20.91431867757984,11.428571428461332,20.91431867757984,11.428571428461332
2026-09-21T04:57:39.159747,5.67,21.02860439186445,11.428571428461337,21.02860439186445,11.428571428461337
2026-09-21T04:57:39.176461,5.68,21.142890106149064,11.428571428461343,21.142890106149064,11.428571428461343
2026-09-21T04:57:39.194613,5.69,21.257175820433677,11.428571428461348,21.257175820433677,11.428571428461348
2026-09-21T04:57:39.203280,5.7,21.37146153471829,11.428571428461353,21.37146153471829,11.428571428461353
2026-09-21T04:57:39.218102,5.71,21.48574724900289,11.428571428460188,21.48574724900289,11.428571428460188
2026-09-21T04:57:39.231539,5.72,21.60003296328749,11.428571428459744,21.60003296328749,11.428571428459744
2026-09-21T04:57:39.244368,5.73,21.714318677572088,11.428571428459765,21.714318677572088,11.428571428459765
2026-09-21T04:57:39.258639,5.74,21.828604391856686,11.428571428459787,21.828604391856686,11.428571428459787
2026-09-21T04:57:39.275885,5.75,21.942890106141284,11.428571428459808,21.942890106141284,11.428571428459808
2026-09-21T04:57:39.286303,5.76,22.057175820425883,11.428571428459827,22.057175820425883,11.428571428459827
2026-09-21T04:57:39.298634,5.77,22.17146153471048,11.428571428459849,22.17146153471048,11.428571428459849
2026-09-21T04:57:39.314406,5.78,22.28574724899508,11.428571428459868,22.28574724899508,11.428571428459868
2026-09-21T04:57:39.329647,5.79,22.400032963279678,11.42857142845989,22.400032963279678,11.42857142845989
2026-09-21T04:57:39.344419,5.8,22.514318677564276,11.42857142845991,22.514318677564276,11.42857142845991
2026-09-21T04:57:39.364009,5.8100000000000005,22.628604391848874,11.428571428459929,22.628604391848874,11.428571428459929
2026-09-21T04:57:39.379188,5.82,22.742890106133473,11.428571428459948,22.742890106133473,11.428571428459948
2026-09-21T04:57:39.395275,5.83,22.85717582041807,11.428571428459968,22.85717582041807,11.428571428459968
2026-09-21T04:57:39.410157,5.84,22.97146153470267,11.428571428459986,22.97146153470267,11.428571428459986
2026-09-21T04:57:39.424725,5.85,23.085747248987268,11.428571428460005,23.085747248987268,11.428571428460005
2026-09-21T04:57:39.436103,5.86,23.20003296327187,11.428571428460023,23.20003296327187,11.428571428460023
2026-09-21T04:57:39.451195,5.87,23.31431867755647,11.428571428460042,23.31431867755647,11.428571428460042
2026-09-21T04:57:39.466873,5.88,23.428604391841073,11.42857142846006,23.428604391841073,11.42857142846006
2026-09-21T04:57:39.482018,5.89,23.542890106125675,11.428571428460078,23.542890106125675,11.428571428460078
2026-09-21T04:57:39.498271,5.9,23.657175820410277,11.428571428460096,23.657175820410277,11.428571428460096
2026-09-21T04:57:39.512303,5.91,23.77146153469488,11.428571428460113,23.77146153469488,11.428571428460113
2026-09-21T04:57:39.531356,5.92,23.88574724897948,11.428571428460131,23.88574724897948,11.428571428460131
2026-09-21T04:57:39.550992,5.93,24.000032963264083,11.428571428460149,24.000032963264083,11.428571428460149
2026-09-21T04:57:39.565518,5.94,24.114318677548685,11.428571428460167,24.114318677548685,11.428571428460167
2026-09-21T04:57:39.579502,5.95,24.228604391833287,11.428571428460183,24.228604391833287,11.428571428460183
2026-09-21T04:57:39.596846,5.96,24.34289010611789,11.4285714284602,24.34289010611789,11.4285714284602
2026-09-21T04:57:39.609854,5.97,24.45717582040249,11.428571428460216,24.45717582040249,11.428571428460216
2026-09-21T04:57:39.624116,5.98,24.571461534687092,11.428571428460232,24.571461534687092,11.428571428460232
2026-09-21T04:57:39.636952,5.99,24.685747248971694,11.42857142846025,24.685747248971694,11.42857142846025
2026-09-21T04:57:39.648105,6.0,24.800032963256296,11.428571428460266,24.800032963256296,11.428571428460266
2026-09-21T04:57:39.663737,6.01,24.914318677540898,11.428571428460282,24.914318677540898,11.428571428460282
2026-09-21T04:57:39.679469,6.02,25.0286043918255,11.428571428460298,25.0286043918255,11.428571428460298
2026-09-21T04:57:39.694385,6.03,25.1428901061101,11.428571428460314,25.1428901061101,11.428571428460314
2026-09-21T04:57:39.710702,6.04,25.257175820394703,11.428571428460328,25.257175820394703,11.428571428460328
2026-09-21T04:57:39.720373,6.05,25.371461534679305,11.428571428460344,25.371461534679305,11.428571428460344
2026-09-21T04:57:39.735377,6.06,25.485747248963907,11.42857142846036,25.485747248963907,11.42857142846036
2026-09-21T04:57:39.748380,6.07,25.600032963248513,11.428571428460375,25.600032963248513,11.428571428460375
2026-09-21T04:57:39.762114,6.08,25.714318677533118,11.42857142846039,25.714318677533118,11.42857142846039
2026-09-21T04:57:39.775645,6.09,25.828604391817723,11.428571428460405,25.828604391817723,11.428571428460405
2026-09-21T04:57:39.790980,6.1,25.94289010610233,11.428571428460419,25.94289010610233,11.428571428460419
2026-09-21T04:57:39.803457,6.11,26.057175820386934,11.428571428460433,26.057175820386934,11.428571428460435
2026-09-21T04:57:39.820214,6.12,26.17146153467154,11.42857142846045,26.17146153467154,11.42857142846045
2026-09-21T04:57:39.837587,6.13,26.285747248956145,11.428571428460463,26.285747248956145,11.428571428460463
2026-09-21T04:57:39.850981,6.14,26.40003296324075,11.428571428460476,26.40003296324075,11.428571428460478
2026-09-21T04:57:39.863224,6.15,26.514318677525356,11.42857142846049,26.514318677525356,11.428571428460492
2026-09-21T04:57:39.878895,6.16,26.62860439180996,11.428571428460504,26.62860439180996,11.428571428460504
2026-09-21T04:57:39.892838,6.17,26.742890106094567,11.428571428460518,26.742890106094567,11.428571428460518
2026-09-21T04:57:39.906020,6.18,26.857175820379172,11.428571428460533,26.857175820379172,11.428571428460533
2026-09-21T04:57:39.919110,6.19,26.971461534663778,11.428571428460545,26.971461534663778,11.428571428460545
2026-09-21T04:57:39.933684,6.2,27.085747248948383,11.428571428460558,27.085747248948383,11.42857142846056
2026-09-21T04:57:39.947181,6.21,27.20003296323299,11.428571428460572,27.20003296323299,11.428571428460572
2026-09-21T04:57:39.962490,6.22,27.314318677517594,11.428571428460584,27.314318677517594,11.428571428460584
2026-09-21T04:57:39.979262,6.23,27.4286043918022,11.428571428460597,27.4286043918022,11.428571428460598
2026-09-21T04:57:39.988764,6.24,27.542890106086805,11.42857142846061,27.542890106086805,11.42857142846061
2026-09-21T04:57:40.005164,6.25,27.65717582037141,11.428571428460623,27.65717582037141,11.428571428460623
2026-09-21T04:57:40.014420,6.26,27.771461534656016,11.428571428460636,27.771461534656016,11.428571428460636
2026-09-21T04:57:40.033597,6.27,27.88574724894062,11.428571428460648,27.88574724894062,11.428571428460648
2026-09-21T04:57:40.050445,6.28,28.000032963225227,11.42857142846066,28.000032963225227,11.42857142846066
2026-09-21T04:57:40.059876,6.29,28.114318677509832,11.428571428460673,28.114318677509832,11.428571428460673
2026-09-21T04:57:40.073577,6.3,28.228604391794438,11.428571428460684,28.228604391794438,11.428571428460685
2026-09-21T04:57:40.087198,6.31,28.342890106079043,11.428571428460696,28.342890106079043,11.428571428460696
2026-09-21T04:57:40.101698,6.32,28.45717582036365,11.428571428460709,28.45717582036365,11.428571428460709
2026-09-21T04:57:40.118502,6.33,28.571461534648254,11.42857142846072,28.571461534648254,11.42857142846072
2026-09-21T04:57:40.135733,6.34,28.685747248932863,11.428571428460732,28.685747248932863,11.428571428460732
2026-09-21T04:57:40.148160,6.35,28.800032963217472,11.428571428460742,28.800032963217472,11.428571428460742
2026-09-21T04:57:40.161928,6.36,28.91431867750208,11.428571428460755,28.91431867750208,11.428571428460755
2026-09-21T04:57:40.175051,6.37,29.02860439178669,11.428571428460765,29.02860439178669,11.428571428460765
2026-09-21T04:57:40.188257,6.38,29.1428901060713,11.428571428460776,29.1428901060713,11.428571428460776
2026-09-21T04:57:40.201577,6.39,29.257175820355908,11.428571428460787,29.257175820355908,11.428571428460788
2026-09-21T04:57:40.214565,6.4,29.371461534640517,11.428571428460797,29.371461534640517,11.428571428460799
2026-09-21T04:57:40.228869,6.41,29.485747248925126,11.42857142846081,29.485747248925126,11.42857142846081
2026-09-21T04:57:40.245073,6.42,29.600032963209735,11.42857142846082,29.600032963209735,11.42857142846082
2026-09-21T04:57:40.258761,6.43,29.714318677494344,11.428571428460831,29.714318677494344,11.428571428460831
2026-09-21T04:57:40.273802,6.44,29.828604391778953,11.42857142846084,29.828604391778953,11.428571428460842
2026-09-21T04:57:40.283895,6.45,29.94289010606356,11.42857142846085,29.94289010606356,11.42857142846085
2026-09-21T04:57:40.298108,6.46,30.05717582034817,11.428571428460861,30.05717582034817,11.428571428460861
2026-09-21T04:57:40.309212,6.47,30.17146153463278,11.428571428460872,30.17146153463278,11.428571428460872
2026-09-21T04:57:40.324808,6.48,30.28574724891739,11.42857142846088,30.28574724891739,11.428571428460883
2026-09-21T04:57:40.333984,6.49,30.400032963201998,11.428571428460891,30.400032963201998,11.428571428460891
2026-09-21T04:57:40.346791,6.5,30.514318677486607,11.428571428460902,30.514318677486607,11.428571428460902
2026-09-21T04:57:40.359518,6.51,30.628604391771216,11.428571428460911,30.628604391771216,11.428571428460911
2026-09-21T04:57:40.373285,6.52,30.742890106055825,11.42857142846092,30.742890106055825,11.428571428460922
2026-09-21T04:57:40.387592,6.53,30.857175820340434,11.42857142846093,30.857175820340434,11.42857142846093
2026-09-21T04:57:40.402527,6.54,30.971461534625043,11.42857142846094,30.971461534625043,11.42857142846094
2026-09-21T04:57:40.416008,6.55,31.08574724890965,11.42857142846095,31.08574724890965,11.42857142846095
2026-09-21T04:57:40.426921,6.5600000000000005,31.20003296319426,11.428571428460959,31.20003296319426,11.428571428460959
2026-09-21T04:57:40.443580,6.57,31.31431867747887,11.428571428460968,31.31431867747887,11.428571428460968
2026-09-21T04:57:40.455237,6.58,31.42860439176348,11.428571428460977,31.42860439176348,11.428571428460977
2026-09-21T04:57:40.470887,6.59,31.542890106048088,11.428571428460986,31.542890106048088,11.428571428460986
2026-09-21T04:57:40.482489,6.6,31.657175820332697,11.428571428460994,31.657175820332697,11.428571428460994
2026-09-21T04:57:40.498231,6.61,31.771461534617305,11.428571428461003,31.771461534617305,11.428571428461003
2026-09-21T04:57:40.511910,6.62,31.885747248901914,11.428571428461012,31.885747248901914,11.428571428461012
2026-09-21T04:57:40.526493,6.63,32.00003296318653,11.428571428461021,32.00003296318653,11.428571428461021
2026-09-21T04:57:40.543838,6.64,32.11431867747114,11.42857142846103,32.11431867747114,11.42857142846103
2026-09-21T04:57:40.555437,6.65,32.22860439175575,11.428571428461037,32.22860439175575,11.428571428461037
2026-09-21T04:57:40.567484,6.66,32.342890106040365,11.428571428461046,32.342890106040365,11.428571428461046
2026-09-21T04:57:40.580438,6.67,32.45717582032498,11.428571428461055,32.45717582032498,11.428571428461055
2026-09-21T04:57:40.595348,6.68,32.57146153460959,11.428571428461064,32.57146153460959,11.428571428461062
2026-09-21T04:57:40.606175,6.69,32.6857472488942,11.42857142846107,32.6857472488942,11.42857142846107
2026-09-21T04:57:40.619853,6.7,32.800032963178815,11.42857142846108,32.800032963178815,11.42857142846108
2026-09-21T04:57:40.632152,6.71,32.91431867746343,11.428571428461087,32.91431867746343,11.428571428461087
2026-09-21T04:57:40.646503,6.72,33.02860439174804,11.428571428461096,33.02860439174804,11.428571428461094
2026-09-21T04:57:40.659296,6.73,33.14289010603265,11.428571428461103,33.14289010603265,11.428571428461103
2026-09-21T04:57:40.674399,6.74,33.257175820317265,11.42857142846111,33.257175820317265,11.42857142846111
2026-09-21T04:57:40.687424,6.75,33.37146153460188,11.428571428461119,33.37146153460188,11.428571428461119
2026-09-21T04:57:40.704464,6.76,33.48574724888649,11.428571428461126,33.48574724888649,11.428571428461126
2026-09-21T04:57:40.716487,6.77,33.6000329631711,11.428571428461133,33.6000329631711,11.428571428461133
2026-09-21T04:57:40.729304,6.78,33.714318677455715,11.42857142846114,33.714318677455715,11.42857142846114
2026-09-21T04:57:40.743520,6.79,33.82860439174033,11.428571428461149,33.82860439174033,11.428571428461147
2026-09-21T04:57:40.756725,6.8,33.94289010602494,11.428571428461156,33.94289010602494,11.428571428461154
2026-09-21T04:57:40.771546,6.8100000000000005,34.05717582030955,11.428571428461163,34.05717582030955,11.428571428461163
2026-09-21T04:57:40.787236,6.82,34.171461534594165,11.42857142846117,34.171461534594165,11.42857142846117
2026-09-21T04:57:40.802021,6.83,34.28574724887878,11.428571428461177,34.28574724887878,11.428571428461177
2026-09-21T04:57:40.813907,6.84,34.40003296316339,11.428571428461185,34.40003296316339,11.428571428461185
2026-09-21T04:57:40.824726,6.85,34.514318677448,11.428571428461192,34.514318677448,11.428571428461192
2026-09-21T04:57:40.837992,6.86,34.628604391732615,11.428571428461199,34.628604391732615,11.428571428461197
2026-09-21T04:57:40.862228,6.87,34.74289010601723,11.428571428461204,34.74289010601723,11.428571428461204
2026-09-21T04:57:40.869903,6.88,34.85717582030184,11.428571428461211,34.85717582030184,11.428571428461211
2026-09-21T04:57:40.882106,6.89,34.97146153458645,11.428571428461218,34.97146153458645,11.428571428461218
2026-09-21T04:57:40.897728,6.9,35.085747248871066,11.428571428461225,35.085747248871066,11.428571428461224
2026-09-21T04:57:40.908549,6.91,35.20003296315568,11.42857142846123,35.20003296315568,11.42857142846123
2026-09-21T04:57:40.924095,6.92,35.31431867744029,11.428571428461238,35.31431867744029,11.428571428461238
2026-09-21T04:57:40.933391,6.93,35.4286043917249,11.428571428461243,35.4286043917249,11.428571428461243
2026-09-21T04:57:40.946872,6.94,35.542890106009516,11.42857142846125,35.542890106009516,11.42857142846125
2026-09-21T04:57:40.959337,6.95,35.65717582029413,11.428571428461257,35.65717582029413,11.428571428461256
2026-09-21T04:57:40.971045,6.96,35.77146153457874,11.428571428461263,35.77146153457874,11.428571428461263
2026-09-21T04:57:40.986417,6.97,35.88574724886335,11.42857142846127,35.88574724886335,11.428571428461268
2026-09-21T04:57:41.000035,6.98,36.000032963147966,11.428571428461275,36.000032963147966,11.428571428461275
2026-09-21T04:57:41.014091,6.99,36.11431867743258,11.42857142846128,36.11431867743258,11.42857142846128
2026-09-21T04:57:41.029144,7.0,36.22860439171719,11.428571428461288,36.22860439171719,11.428571428461288
2026-09-21T04:57:41.043841,7.01,36.3428901060018,11.428571428461293,36.3428901060018,11.428571428461293
2026-09-21T04:57:41.056020,7.02,36.457175820286416,11.428571428461298,36.457175820286416,11.428571428461298
2026-09-21T04:57:41.068638,7.03,36.57146153457103,11.428571428461305,36.57146153457103,11.428571428461304
2026-09-21T04:57:41.083302,7.04,36.68574724885564,11.42857142846131,36.68574724885564,11.42857142846131
2026-09-21T04:57:41.095250,7.05,36.800032963140254,11.428571428461316,36.800032963140254,11.428571428461316
2026-09-21T04:57:41.116355,7.06,36.914318677424866,11.428571428461321,36.914318677424866,11.428571428461321
2026-09-21T04:57:41.130400,7.07,37.02860439170948,11.428571428461327,37.02860439170948,11.428571428461327
2026-09-21T04:57:41.141164,7.08,37.14289010599409,11.428571428461332,37.14289010599409,11.428571428461332
2026-09-21T04:57:41.156512,7.09,37.257175820278704,11.428571428461339,37.257175820278704,11.428571428461337
2026-09-21T04:57:41.168888,7.1,37.371461534563316,11.428571428461344,37.371461534563316,11.428571428461343
2026-09-21T04:57:41.183957,7.11,37.48574724884793,11.42857142846135,37.48574724884793,11.428571428461348
2026-09-21T04:57:41.198900,7.12,37.60003296313254,11.428571428461355,37.60003296313254,11.428571428461353
2026-09-21T04:57:41.210748,7.13,37.714318677417154,11.42857142846136,37.714318677417154,11.428571428461359
2026-09-21T04:57:41.226584,7.14,37.82860439170177,11.428571428461364,37.82860439170177,11.428571428461364
2026-09-21T04:57:41.240963,7.15,37.94289010598638,11.42857142846137,37.94289010598638,11.42857142846137
2026-09-21T04:57:41.249703,7.16,38.05717582027099,11.428571428461375,38.05717582027099,11.428571428461375
2026-09-21T04:57:41.267107,7.17,38.171461534555604,11.42857142846138,38.171461534555604,11.42857142846138
2026-09-21T04:57:41.282634,7.18,38.28574724884022,11.428571428461385,38.28574724884022,11.428571428461385
2026-09-21T04:57:41.297342,7.19,38.40003296312483,11.42857142846139,38.40003296312483,11.428571428461389
2026-09-21T04:57:41.308345,7.2,38.51431867740944,11.428571428461394,38.51431867740944,11.428571428461394
2026-09-21T04:57:41.320859,7.21,38.628604391694054,11.4285714284614,38.628604391694054,11.4285714284614
2026-09-21T04:57:41.339071,7.22,38.74289010597867,11.428571428461405,38.74289010597867,11.428571428461405
2026-09-21T04:57:41.354633,7.23,38.85717582026328,11.42857142846141,38.85717582026328,11.428571428461408
2026-09-21T04:57:41.368844,7.24,38.97146153454789,11.428571428461414,38.97146153454789,11.428571428461414
2026-09-21T04:57:41.379102,7.25,39.085747248832504,11.428571428461419,39.085747248832504,11.428571428461417
2026-09-21T04:57:41.394950,7.26,39.20003296311712,11.428571428461424,39.20003296311712,11.428571428461423
2026-09-21T04:57:41.413569,7.27,39.31431867740173,11.428571428461428,39.31431867740173,11.428571428461428
2026-09-21T04:57:41.424047,7.28,39.42860439168634,11.428571428461431,39.42860439168634,11.428571428461431
2026-09-21T04:57:41.435255,7.29,39.542890105970955,11.428571428461437,39.542890105970955,11.428571428461437
2026-09-21T04:57:41.447646,7.3,39.65717582025557,11.42857142846144,39.65717582025557,11.42857142846144
2026-09-21T04:57:41.460532,7.31,39.77146153454018,11.428571428461446,39.77146153454018,11.428571428461446
2026-09-21T04:57:41.473135,7.32,39.88574724882479,11.42857142846145,39.88574724882479,11.42857142846145
2026-09-21T04:57:41.486556,7.33,40.000032963109405,11.428571428461455,40.000032963109405,11.428571428461455
2026-09-21T04:57:41.498483,7.34,40.11431867739402,11.428571428461458,40.11431867739402,11.428571428461458
2026-09-21T04:57:41.510520,7.35,40.22860439167863,11.428571428461463,40.22860439167863,11.428571428461462
2026-09-21T04:57:41.530175,7.36,40.34289010596324,11.428571428461467,40.34289010596324,11.428571428461467
2026-09-21T04:57:41.546036,7.37,40.457175820247855,11.42857142846147,40.457175820247855,11.42857142846147
2026-09-21T04:57:41.565889,7.38,40.57146153453247,11.428571428461474,40.57146153453247,11.428571428461474
2026-09-21T04:57:41.576194,7.39,40.68574724881708,11.42857142846148,40.68574724881708,11.42857142846148
2026-09-21T04:57:41.592477,7.4,40.80003296310169,11.428571428461483,40.80003296310169,11.428571428461483
2026-09-21T04:57:41.606786,7.41,40.914318677386305,11.428571428461487,40.914318677386305,11.428571428461487
2026-09-21T04:57:41.623153,7.42,41.02860439167092,11.428571428461492,41.02860439167092,11.42857142846149
2026-09-21T04:57:41.636456,7.43,41.14289010595553,11.428571428461495,41.14289010595553,11.428571428461494
2026-09-21T04:57:41.651726,7.44,41.25717582024014,11.428571428461499,41.25717582024014,11.428571428461499
2026-09-21T04:57:41.661825,7.45,41.371461534524755,11.428571428461503,41.371461534524755,11.428571428461503
2026-09-21T04:57:41.679485,7.46,41.48574724880937,11.428571428461506,41.48574724880937,11.428571428461506
2026-09-21T04:57:41.695952,7.47,41.60003296309398,11.42857142846151,41.60003296309398,11.42857142846151
2026-09-21T04:57:41.710250,7.48,41.71431867737859,11.428571428461513,41.71431867737859,11.428571428461513
2026-09-21T04:57:41.725419,7.49,41.828604391663205,11.428571428461517,41.828604391663205,11.428571428461517
2026-09-21T04:57:41.738009,7.5,41.94289010594782,11.42857142846152,41.94289010594782,11.42857142846152
2026-09-21T04:57:41.750272,7.51,42.05717582023243,11.428571428461524,42.05717582023243,11.428571428461524
2026-09-21T04:57:41.765692,7.52,42.17146153451704,11.428571428461527,42.17146153451704,11.428571428461527
2026-09-21T04:57:41.780104,7.53,42.285747248801655,11.428571428461531,42.285747248801655,11.428571428461531
2026-09-21T04:57:41.796643,7.54,42.40003296308627,11.428571428461535,42.40003296308627,11.428571428461535
2026-09-21T04:57:41.812089,7.55,42.51431867737088,11.428571428461538,42.51431867737088,11.428571428461538
2026-09-21T04:57:41.821400,7.5600000000000005,42.62860439165549,11.428571428461542,42.62860439165549,11.428571428461542
2026-09-21T04:57:41.834383,7.57,42.742890105940106,11.428571428461545,42.742890105940106,11.428571428461545
2026-09-21T04:57:41.846081,7.58,42.85717582022472,11.428571428461549,42.85717582022472,11.428571428461549
2026-09-21T04:57:41.859419,7.59,42.97146153450933,11.428571428461552,42.97146153450933,11.428571428461552
2026-09-21T04:57:41.871312,7.6,43.08574724879394,11.428571428461556,43.08574724879394,11.428571428461554
2026-09-21T04:57:41.886471,7.61,43.200032963078556,11.428571428461558,43.200032963078556,11.428571428461558
2026-09-21T04:57:41.899983,7.62,43.31431867736317,11.428571428461561,43.31431867736317,11.428571428461561
2026-09-21T04:57:41.913581,7.63,43.42860439164778,11.428571428461565,43.42860439164778,11.428571428461565
2026-09-21T04:57:41.927864,7.64,43.54289010593239,11.428571428461568,43.54289010593239,11.428571428461568
2026-09-21T04:57:41.942970,7.65,43.657175820217006,11.428571428461572,43.657175820217006,11.42857142846157
2026-09-21T04:57:41.956033,7.66,43.77146153450162,11.428571428461574,43.77146153450162,11.428571428461574
2026-09-21T04:57:41.967568,7.67,43.88574724878623,11.428571428461577,43.88574724878623,11.428571428461577
2026-09-21T04:57:41.982540,7.68,44.00003296307084,11.42857142846158,44.00003296307084,11.42857142846158
2026-09-21T04:57:41.995498,7.69,44.114318677355456,11.428571428461582,44.114318677355456,11.428571428461582
2026-09-21T04:57:42.008147,7.7,44.22860439164007,11.428571428461586,44.22860439164007,11.428571428461586
2026-09-21T04:57:42.025544,7.71,44.34289010592468,11.42857142846159,44.34289010592468,11.42857142846159
2026-09-21T04:57:42.038404,7.72,44.457175820209294,11.428571428461591,44.457175820209294,11.428571428461591
2026-09-21T04:57:42.052518,7.73,44.571461534493906,11.428571428461595,44.571461534493906,11.428571428461595
2026-09-21T04:57:42.066881,7.74,44.68574724877852,11.428571428461597,44.68574724877852,11.428571428461598
2026-09-21T04:57:42.078948,7.75,44.80003296306313,11.4285714284616,44.80003296306313,11.4285714284616
2026-09-21T04:57:42.095344,7.76,44.914318677347744,11.428571428461604,44.914318677347744,11.428571428461604
2026-09-21T04:57:42.110257,7.77,45.028604391632356,11.428571428461606,45.028604391632356,11.428571428461606
2026-09-21T04:57:42.134429,7.78,45.142890105916976,11.42857142846161,45.142890105916976,11.42857142846161
2026-09-21T04:57:42.141281,7.79,45.257175820201596,11.428571428461611,45.257175820201596,11.428571428461611
2026-09-21T04:57:42.154824,7.8,45.371461534486215,11.428571428461614,45.371461534486215,11.428571428461614
2026-09-21T04:57:42.169104,7.8100000000000005,45.485747248770835,11.428571428461616,45.485747248770835,11.428571428461616
2026-09-21T04:57:42.180146,7.82,45.600032963055455,11.42857142846162,45.600032963055455,11.42857142846162
2026-09-21T04:57:42.198103,7.83,45.714318677340074,11.428571428461622,45.714318677340074,11.428571428461622
2026-09-21T04:57:42.210529,7.84,45.828604391624694,11.428571428461625,45.828604391624694,11.428571428461625
2026-09-21T04:57:42.222952,7.85,45.94289010590931,11.428571428461627,45.94289010590931,11.428571428461627
2026-09-21T04:57:42.236300,7.86,46.05717582019393,11.428571428461629,46.05717582019393,11.42857142846163
2026-09-21T04:57:42.250624,7.87,46.17146153447855,11.428571428461632,46.17146153447855,11.428571428461632
2026-09-21T04:57:42.266395,7.88,46.28574724876317,11.428571428461634,46.28574724876317,11.428571428461634
2026-09-21T04:57:42.281197,7.89,46.40003296304779,11.428571428461638,46.40003296304779,11.428571428461638
2026-09-21T04:57:42.295525,7.9,46.51431867733241,11.42857142846164,46.51431867733241,11.42857142846164
2026-09-21T04:57:42.307898,7.91,46.62860439161703,11.428571428461641,46.62860439161703,11.428571428461641
2026-09-21T04:57:42.320843,7.92,46.74289010590165,11.428571428461645,46.74289010590165,11.428571428461645
2026-09-21T04:57:42.336951,7.93,46.85717582018627,11.428571428461646,46.85717582018627,11.428571428461646
2026-09-21T04:57:42.353744,7.94,46.97146153447089,11.428571428461648,46.97146153447089,11.42857142846165
2026-09-21T04:57:42.365943,7.95,47.08574724875551,11.428571428461652,47.08574724875551,11.428571428461652
2026-09-21T04:57:42.377599,7.96,47.20003296304013,11.428571428461654,47.20003296304013,11.428571428461654
2026-09-21T04:57:42.389935,7.97,47.31431867732475,11.428571428461655,47.31431867732475,11.428571428461655
2026-09-21T04:57:42.404443,7.98,47.42860439160937,11.428571428461657,47.42860439160937,11.428571428461659
2026-09-21T04:57:42.417864,7.99,47.54289010589399,11.42857142846166,47.54289010589399,11.42857142846166
2026-09-21T04:57:42.429567,8.0,47.65717582017861,11.428571428461662,47.65717582017861,11.428571428461662
2026-09-21T04:57:42.441147,8.01,47.77146153446323,11.428571428461664,47.77146153446323,11.428571428461664
2026-09-21T04:57:42.454377,8.02,47.88574724874785,11.428571428461666,47.88574724874785,11.428571428461668
2026-09-21T04:57:42.466638,8.03,48.00003296303247,11.428571428461668,48.00003296303247,11.42857142846167
2026-09-21T04:57:42.483678,8.04,48.11431867731709,11.428571428461671,48.11431867731709,11.428571428461671
2026-09-21T04:57:42.499265,8.05,48.228604391601706,11.428571428461673,48.228604391601706,11.428571428461673
2026-09-21T04:57:42.512735,8.06,48.342890105886326,11.428571428461675,48.342890105886326,11.428571428461675
2026-09-21T04:57:42.527602,8.07,48.457175820170946,11.428571428461677,48.457175820170946,11.428571428461678
2026-09-21T04:57:42.544990,8.08,48.571461534455565,11.428571428461678,48.571461534455565,11.42857142846168
2026-09-21T04:57:42.561911,8.09,48.685747248740185,11.42857142846168,48.685747248740185,11.428571428461682
2026-09-21T04:57:42.574399,8.1,48.800032963024805,11.428571428461682,48.800032963024805,11.428571428461684
2026-09-21T04:57:42.587327,8.11,48.914318677309424,11.428571428461685,48.914318677309424,11.428571428461685
2026-09-21T04:57:42.600790,8.12,49.028604391594044,11.428571428461687,49.028604391594044,11.428571428461687
2026-09-21T04:57:42.616721,8.13,49.142890105878664,11.428571428461689,49.142890105878664,11.428571428461689
2026-09-21T04:57:42.627524,8.14,49.25717582016328,11.42857142846169,49.25717582016328,11.42857142846169
2026-09-21T04:57:42.641477,8.15,49.3714615344479,11.428571428461693,49.3714615344479,11.428571428461693
2026-09-21T04:57:42.667440,8.16,49.48574724873252,11.428571428461694,49.48574724873252,11.428571428461694
2026-09-21T04:57:42.679398,8.17,49.60003296301714,11.428571428461696,49.60003296301714,11.428571428461696
2026-09-21T04:57:42.695637,8.18,49.71431867730176,11.428571428461698,49.71431867730176,11.428571428461698
2026-09-21T04:57:42.706395,8.19,49.82860439158638,11.4285714284617,49.82860439158638,11.4285714284617
2026-09-21T04:57:42.718732,8.2,49.942890105871,11.428571428461701,49.942890105871,11.428571428461701
2026-09-21T04:57:42.735279,8.21,50.05717582015562,11.428571428461703,50.05717582015562,11.428571428461703
2026-09-21T04:57:42.748390,8.22,50.17146153444024,11.428571428461705,50.17146153444024,11.428571428461705
2026-09-21T04:57:42.761126,8.23,50.28574724872486,11.428571428461707,50.28574724872486,11.428571428461707
2026-09-21T04:57:42.774874,8.24,50.40003296300948,11.428571428461709,50.40003296300948,11.428571428461709
2026-09-21T04:57:42.789002,8.25,50.5143186772941,11.42857142846171,50.5143186772941,11.42857142846171
2026-09-21T04:57:42.799597,8.26,50.62860439157872,11.428571428461712,50.62860439157872,11.428571428461712
2026-09-21T04:57:42.813406,8.27,50.74289010586334,11.428571428461714,50.74289010586334,11.428571428461714
2026-09-21T04:57:42.826703,8.28,50.85717582014796,11.428571428461716,50.85717582014796,11.428571428461716
2026-09-21T04:57:42.840261,8.29,50.97146153443258,11.428571428461717,50.97146153443258,11.428571428461717
2026-09-21T04:57:42.854351,8.3,51.0857472487172,11.42857142846172,51.0857472487172,11.42857142846172
2026-09-21T04:57:42.870450,8.31,51.20003296300182,11.42857142846172,51.20003296300182,11.428571428461721
2026-09-21T04:57:42.886743,8.32,51.31431867728644,11.428571428461721,51.31431867728644,11.428571428461723
2026-09-21T04:57:42.898098,8.33,51.42860439157106,11.428571428461723,51.42860439157106,11.428571428461725
2026-09-21T04:57:42.910193,8.34,51.542890105855676,11.428571428461725,51.542890105855676,11.428571428461726
2026-09-21T04:57:42.924828,8.35,51.657175820140296,11.428571428461726,51.657175820140296,11.428571428461726
2026-09-21T04:57:42.937930,8.36,51.771461534424915,11.428571428461728,51.771461534424915,11.428571428461728
2026-09-21T04:57:42.949559,8.37,51.885747248709535,11.42857142846173,51.885747248709535,11.42857142846173
2026-09-21T04:57:42.967730,8.38,52.000032962994155,11.428571428461732,52.000032962994155,11.428571428461732
2026-09-21T04:57:42.982258,8.39,52.114318677278774,11.428571428461732,52.114318677278774,11.428571428461733
2026-09-21T04:57:42.995877,8.4,52.228604391563394,11.428571428461733,52.228604391563394,11.428571428461735
2026-09-21T04:57:43.014347,8.41,52.342890105848014,11.428571428461735,52.342890105848014,11.428571428461735
2026-09-21T04:57:43.030582,8.42,52.45717582013263,11.428571428461737,52.45717582013263,11.428571428461737
2026-09-21T04:57:43.043221,8.43,52.57146153441725,11.428571428461739,52.57146153441725,11.428571428461739
2026-09-21T04:57:43.058475,8.44,52.68574724870187,11.42857142846174,52.68574724870187,11.42857142846174
2026-09-21T04:57:43.069999,8.45,52.80003296298649,11.42857142846174,52.80003296298649,11.428571428461742
2026-09-21T04:57:43.084414,8.46,52.91431867727111,11.428571428461742,52.91431867727111,11.428571428461742
2026-09-21T04:57:43.095763,8.47,53.02860439155573,11.428571428461744,53.02860439155573,11.428571428461744
2026-09-21T04:57:43.110524,8.48,53.14289010584035,11.428571428461746,53.14289010584035,11.428571428461746
2026-09-21T04:57:43.124573,8.49,53.25717582012497,11.428571428461746,53.25717582012497,11.428571428461748
2026-09-21T04:57:43.137689,8.5,53.37146153440959,11.428571428461748,53.37146153440959,11.428571428461748
2026-09-21T04:57:43.148923,8.51,53.48574724869421,11.42857142846175,53.48574724869421,11.42857142846175
2026-09-21T04:57:43.162526,8.52,53.60003296297883,11.428571428461751,53.60003296297883,11.428571428461751
2026-09-21T04:57:43.178778,8.53,53.71431867726345,11.428571428461751,53.71431867726345,11.428571428461753
2026-09-21T04:57:43.190481,8.54,53.82860439154807,11.428571428461753,53.82860439154807,11.428571428461753
2026-09-21T04:57:43.202819,8.55,53.94289010583269,11.428571428461755,53.94289010583269,11.428571428461755
2026-09-21T04:57:43.240591,8.56,54.05717582011731,11.428571428461755,54.05717582011731,11.428571428461757
2026-09-21T04:57:43.252879,8.57,54.17146153440193,11.428571428461757,54.17146153440193,11.428571428461757
2026-09-21T04:57:43.269435,8.58,54.28574724868655,11.428571428461758,54.28574724868655,11.428571428461758
2026-09-21T04:57:43.286414,8.59,54.40003296297117,11.428571428461758,54.40003296297117,11.42857142846176
2026-09-21T04:57:43.301840,8.6,54.51431867725579,11.42857142846176,54.51431867725579,11.42857142846176
2026-09-21T04:57:43.316588,8.61,54.62860439154041,11.428571428461762,54.62860439154041,11.428571428461762
2026-09-21T04:57:43.335164,8.62,54.742890105825026,11.428571428461762,54.742890105825026,11.428571428461764
2026-09-21T04:57:43.350098,8.63,54.857175820109646,11.428571428461764,54.857175820109646,11.428571428461764
2026-09-21T04:57:43.362419,8.64,54.971461534394265,11.428571428461765,54.971461534394265,11.428571428461765
2026-09-21T04:57:43.379050,8.65,55.085747248678885,11.428571428461765,55.085747248678885,11.428571428461767
2026-09-21T04:57:43.398419,8.66,55.200032962963505,11.428571428461767,55.200032962963505,11.428571428461767
2026-09-21T04:57:43.416237,8.67,55.314318677248124,11.428571428461769,55.314318677248124,11.428571428461769
2026-09-21T04:57:43.431941,8.67,55.428604391532744,11.428571428461769,55.428604391532744,11.42857142846177
2026-09-21T04:57:43.445513,8.69,55.542890105817364,11.42857142846177,55.542890105817364,11.42857142846177
2026-09-21T04:57:43.460291,8.7,55.65717582010198,11.428571428461773,55.65717582010198,11.428571428461773
2026-09-21T04:57:43.474927,8.71,55.7714615343866,11.428571428461773,55.7714615343866,11.428571428461774
2026-09-21T04:57:43.486750,8.72,55.88574724867122,11.428571428461774,55.88574724867122,11.428571428461774
2026-09-21T04:57:43.498686,8.73,56.00003296295584,11.428571428461774,56.00003296295584,11.428571428461776
2026-09-21T04:57:43.514973,8.74,56.11431867724046,11.428571428461776,56.11431867724046,11.428571428461776
2026-09-21T04:57:43.531388,8.75,56.22860439152508,11.428571428461778,56.22860439152508,11.428571428461778
2026-09-21T04:57:43.544470,8.76,56.3428901058097,11.428571428461778,56.3428901058097,11.428571428461778
2026-09-21T04:57:43.562857,8.77,56.45717582009432,11.42857142846178,56.45717582009432,11.42857142846178
2026-09-21T04:57:43.578169,8.78,56.57146153437894,11.42857142846178,56.57146153437894,11.42857142846178
2026-09-21T04:57:43.589253,8.79,56.68574724866356,11.428571428461781,56.68574724866356,11.428571428461781
2026-09-21T04:57:43.600441,8.8,56.80003296294818,11.428571428461781,56.80003296294818,11.428571428461783
2026-09-21T04:57:43.613149,8.81,56.9143186772328,11.428571428461783,56.9143186772328,11.428571428461783
2026-09-21T04:57:43.627628,8.82,57.02860439151742,11.428571428461785,57.02860439151742,11.428571428461785
2026-09-21T04:57:43.639194,8.83,57.14289010580204,11.428571428461785,57.14289010580204,11.428571428461785
2026-09-21T04:57:43.653825,8.84,57.25717582008666,11.428571428461787,57.25717582008666,11.428571428461787
2026-09-21T04:57:43.668180,8.85,57.37146153437128,11.428571428461787,57.37146153437128,11.428571428461787
2026-09-21T04:57:43.679832,8.86,57.4857472486559,11.428571428461789,57.4857472486559,11.428571428461789
2026-09-21T04:57:43.694860,8.870000000000001,57.60003296294052,11.428571428461789,57.60003296294052,11.428571428461789
2026-09-21T04:57:43.708798,8.88,57.71431867722514,11.42857142846179,57.71431867722514,11.42857142846179
2026-09-21T04:57:43.720710,8.89,57.82860439150976,11.42857142846179,57.82860439150976,11.42857142846179
2026-09-21T04:57:43.733384,8.9,57.942890105794376,11.428571428461792,57.942890105794376,11.428571428461792
2026-09-21T04:57:43.747323,8.91,58.057175820078996,11.428571428461792,58.057175820078996,11.428571428461792
2026-09-21T04:57:43.760777,8.92,58.171461534363615,11.428571428461794,58.171461534363615,11.428571428461794
2026-09-21T04:57:43.773516,8.93,58.285747248648235,11.428571428461794,58.285747248648235,11.428571428461794
2026-09-21T04:57:43.785895,8.94,58.400032962932855,11.428571428461796,58.400032962932855,11.428571428461796
2026-09-21T04:57:43.802032,8.95,58.514318677217474,11.428571428461796,58.514318677217474,11.428571428461796
2026-09-21T04:57:43.817468,8.96,58.628604391502094,11.428571428461796,58.628604391502094,11.428571428461797
2026-09-21T04:57:43.830719,8.97,58.742890105786714,11.428571428461797,58.742890105786714,11.428571428461797
2026-09-21T04:57:43.847123,8.98,58.85717582007133,11.428571428461797,58.85717582007133,11.4285714284618
2026-09-21T04:57:43.859831,8.99,58.97146153435595,11.4285714284618,58.97146153435595,11.4285714284618
2026-09-21T04:57:43.874991,9.0,59.08574724864057,11.4285714284618,59.08574724864057,11.428571428461801
2026-09-21T04:57:43.889785,9.01,59.20003296292519,11.428571428461801,59.20003296292519,11.428571428461801
2026-09-21T04:57:43.904640,9.02,59.31431867720981,11.428571428461801,59.31431867720981,11.428571428461801
2026-09-21T04:57:43.919539,9.03,59.42860439149443,11.428571428461803,59.42860439149443,11.428571428461803
2026-09-21T04:57:43.936732,9.04,59.54289010577905,11.428571428461803,59.54289010577905,11.428571428461803
2026-09-21T04:57:43.948723,9.05,59.65717582006367,11.428571428461803,59.65717582006367,11.428571428461805
2026-09-21T04:57:43.960930,9.06,59.77146153434829,11.428571428461805,59.77146153434829,11.428571428461805
2026-09-21T04:57:43.973739,9.07,59.88574724863291,11.428571428461805,59.88574724863291,11.428571428461806
2026-09-21T04:57:43.987213,9.08,60.00003296291753,11.428571428461806,60.00003296291753,11.428571428461806
2026-09-21T04:57:43.999156,9.09,60.11431867720215,11.428571428461806,60.11431867720215,11.428571428461806
2026-09-21T04:57:44.018258,9.1,60.22860439148677,11.428571428461808,60.22860439148677,11.428571428461808
2026-09-21T04:57:44.025108,9.11,60.34289010577139,11.428571428461808,60.34289010577139,11.428571428461808
2026-09-21T04:57:44.038235,9.12,60.45717582005601,11.42857142846181,60.45717582005601,11.42857142846181
2026-09-21T04:57:44.051459,9.13,60.57146153434063,11.42857142846181,60.57146153434063,11.42857142846181
2026-09-21T04:57:44.063549,9.14,60.68574724862525,11.42857142846181,60.68574724862525,11.42857142846181
2026-09-21T04:57:44.076445,9.15,60.80003296290987,11.428571428461812,60.80003296290987,11.428571428461812
2026-09-21T04:57:44.096789,9.16,60.91431867719449,11.428571428461812,60.91431867719449,11.428571428461812
2026-09-21T04:57:44.108149,9.17,61.02860439147911,11.428571428461812,61.02860439147911,11.428571428461812
2026-09-21T04:57:44.122606,9.18,61.142890105763726,11.428571428461813,61.142890105763726,11.428571428461813
2026-09-21T04:57:44.138700,9.19,61.257175820048346,11.428571428461813,61.257175820048346,11.428571428461813
2026-09-21T04:57:44.150646,9.2,61.371461534332965,11.428571428461815,61.371461534332965,11.428571428461815
2026-09-21T04:57:44.162543,9.21,61.485747248617585,11.428571428461815,61.485747248617585,11.428571428461815
2026-09-21T04:57:44.177742,9.22,61.600032962902205,11.428571428461815,61.600032962902205,11.428571428461815
2026-09-21T04:57:44.187763,9.23,61.714318677186824,11.428571428461817,61.714318677186824,11.428571428461817
2026-09-21T04:57:44.204628,9.24,61.828604391471444,11.428571428461817,61.828604391471444,11.428571428461817
2026-09-21T04:57:44.217407,9.25,61.942890105756064,11.428571428461817,61.942890105756064,11.428571428461817
2026-09-21T04:57:44.231356,9.26,62.05717582004068,11.428571428461819,62.05717582004068,11.428571428461819
2026-09-21T04:57:44.244370,9.27,62.1714615343253,11.428571428461819,62.1714615343253,11.428571428461819
2026-09-21T04:57:44.263556,9.28,62.28574724860992,11.428571428461819,62.28574724860992,11.428571428461819
2026-09-21T04:57:44.273412,9.29,62.40003296289454,11.42857142846182,62.40003296289454,11.42857142846182
2026-09-21T04:57:44.285834,9.3,62.51431867717916,11.42857142846182,62.51431867717916,11.42857142846182
2026-09-21T04:57:44.299319,9.31,62.62860439146378,11.42857142846182,62.62860439146378,11.42857142846182
2026-09-21T04:57:44.315274,9.32,62.7428901057484,11.428571428461822,62.7428901057484,11.428571428461822
2026-09-21T04:57:44.327126,9.33,62.85717582003302,11.428571428461822,62.85717582003302,11.428571428461822
2026-09-21T04:57:44.340444,9.34,62.97146153431764,11.428571428461822,62.97146153431764,11.428571428461822
2026-09-21T04:57:44.362597,9.35,63.08574724860226,11.428571428461824,63.08574724860226,11.428571428461824
2026-09-21T04:57:44.368005,9.36,63.20003296288688,11.428571428461824,63.20003296288688,11.428571428461824
2026-09-21T04:57:44.381522,9.37,63.3143186771715,11.428571428461824,63.3143186771715,11.428571428461824
2026-09-21T04:57:44.395395,9.38,63.42860439145612,11.428571428461826,63.42860439145612,11.428571428461826
2026-09-21T04:57:44.405832,9.39,63.54289010574074,11.428571428461826,63.54289010574074,11.428571428461826
2026-09-21T04:57:44.418696,9.4,63.65717582002536,11.428571428461826,63.65717582002536,11.428571428461826
2026-09-21T04:57:44.433808,9.41,63.77146153430998,11.428571428461828,63.77146153430998,11.428571428461826
2026-09-21T04:57:44.449471,9.42,63.8857472485946,11.428571428461828,63.8857472485946,11.428571428461828
2026-09-21T04:57:44.462113,9.43,64.00003296287922,11.428571428461828,64.00003296287922,11.428571428461828
2026-09-21T04:57:44.474837,9.44,64.11431867716384,11.42857142846183,64.11431867716384,11.428571428461828
2026-09-21T04:57:44.489040,9.45,64.22860439144846,11.42857142846183,64.22860439144846,11.42857142846183
2026-09-21T04:57:44.500948,9.46,64.34289010573308,11.42857142846183,64.34289010573308,11.42857142846183
2026-09-21T04:57:44.519928,9.47,64.4571758200177,11.42857142846183,64.4571758200177,11.42857142846183
2026-09-21T04:57:44.533259,9.48,64.57146153430232,11.428571428461831,64.57146153430232,11.42857142846183
2026-09-21T04:57:44.543444,9.49,64.68574724858694,11.428571428461831,64.68574724858694,11.428571428461831
2026-09-21T04:57:44.559949,9.5,64.80003296287155,11.428571428461831,64.80003296287155,11.428571428461831
2026-09-21T04:57:44.571610,9.51,64.91431867715617,11.428571428461833,64.91431867715617,11.428571428461831
2026-09-21T04:57:44.583188,9.52,65.0286043914408,11.428571428461833,65.0286043914408,11.428571428461833
2026-09-21T04:57:44.596237,9.53,65.14289010572541,11.428571428461833,65.14289010572541,11.428571428461833
2026-09-21T04:57:44.609551,9.54,65.25717582001003,11.428571428461833,65.25717582001003,11.428571428461833
2026-09-21T04:57:44.620728,9.55,65.37146153429465,11.428571428461835,65.37146153429465,11.428571428461833
2026-09-21T04:57:44.638972,9.56,65.48574724857927,11.428571428461835,65.48574724857927,11.428571428461833
2026-09-21T04:57:44.651748,9.57,65.60003296286389,11.428571428461835,65.60003296286389,11.428571428461835
2026-09-21T04:57:44.666910,9.58,65.71431867714851,11.428571428461835,65.71431867714851,11.428571428461835
2026-09-21T04:57:44.681364,9.59,65.82860439143313,11.428571428461835,65.82860439143313,11.428571428461835
2026-09-21T04:57:44.695137,9.6,65.94289010571775,11.428571428461836,65.94289010571775,11.428571428461836
2026-09-21T04:57:44.708079,9.61,66.05717582000237,11.428571428461836,66.05717582000237,11.428571428461836
2026-09-21T04:57:44.724002,9.62,66.17146153428699,11.428571428461836,66.17146153428699,11.428571428461836
2026-09-21T04:57:44.737636,9.63,66.28574724857161,11.428571428461836,66.28574724857161,11.428571428461836
2026-09-21T04:57:44.750965,9.64,66.40003296285623,11.428571428461838,66.40003296285623,11.428571428461836
2026-09-21T04:57:44.761039,9.65,66.51431867714085,11.428571428461838,66.51431867714085,11.428571428461838
2026-09-21T04:57:44.773391,9.66,66.62860439142547,11.428571428461838,66.62860439142547,11.428571428461838
2026-09-21T04:57:44.790741,9.67,66.74289010571009,11.42857142846184,66.74289010571009,11.428571428461838
2026-09-21T04:57:44.801886,9.68,66.85717581999471,11.42857142846184,66.85717581999471,11.428571428461838
2026-09-21T04:57:44.814257,9.69,66.97146153427933,11.42857142846184,66.97146153427933,11.42857142846184
2026-09-21T04:57:44.827854,9.7,67.08574724856395,11.42857142846184,67.08574724856395,11.42857142846184
2026-09-21T04:57:44.838067,9.71,67.20003296284857,11.42857142846184,67.20003296284857,11.42857142846184
2026-09-21T04:57:44.851116,9.72,67.31431867713319,11.428571428461842,67.31431867713319,11.42857142846184
2026-09-21T04:57:44.863165,9.73,67.4286043914178,11.428571428461842,67.4286043914178,11.42857142846184
2026-09-21T04:57:44.878282,9.74,67.54289010570243,11.428571428461842,67.54289010570243,11.428571428461842
2026-09-21T04:57:44.890414,9.75,67.65717581998705,11.428571428461842,67.65717581998705,11.428571428461842
2026-09-21T04:57:44.913898,9.76,67.77146153427167,11.428571428461844,67.77146153427167,11.428571428461842
2026-09-21T04:57:44.925921,9.77,67.88574724855629,11.428571428461844,67.88574724855629,11.428571428461842
2026-09-21T04:57:44.939365,9.78,68.0000329628409,11.428571428461844,68.0000329628409,11.428571428461844
2026-09-21T04:57:44.949739,9.79,68.11431867712552,11.428571428461844,68.11431867712552,11.428571428461844
2026-09-21T04:57:44.961053,9.8,68.22860439141014,11.428571428461844,68.22860439141014,11.428571428461844
2026-09-21T04:57:44.973354,9.81,68.34289010569476,11.428571428461845,68.34289010569476,11.428571428461844
2026-09-21T04:57:44.991245,9.82,68.45717581997938,11.428571428461845,68.45717581997938,11.428571428461844
2026-09-21T04:57:45.004076,9.83,68.571461534264,11.428571428461845,68.571461534264,11.428571428461844
2026-09-21T04:57:45.017472,9.84,68.68574724854862,11.428571428461845,68.68574724854862,11.428571428461845
2026-09-21T04:57:45.029828,9.85,68.80003296283324,11.428571428461845,68.80003296283324,11.428571428461845
2026-09-21T04:57:45.044266,9.86,68.91431867711786,11.428571428461847,68.91431867711786,11.428571428461845
2026-09-21T04:57:45.057356,9.870000000000001,69.02860439140248,11.428571428461847,69.02860439140248,11.428571428461845
2026-09-21T04:57:45.075407,9.88,69.1428901056871,11.428571428461847,69.1428901056871,11.428571428461845
2026-09-21T04:57:45.087489,9.89,69.25717581997172,11.428571428461847,69.25717581997172,11.428571428461847
2026-09-21T04:57:45.102738,9.9,69.37146153425634,11.428571428461847,69.37146153425634,11.428571428461847
2026-09-21T04:57:45.113876,9.91,69.48574724854096,11.428571428461849,69.48574724854096,11.428571428461847
2026-09-21T04:57:45.129199,9.92,69.60003296282558,11.428571428461849,69.60003296282558,11.428571428461847
2026-09-21T04:57:45.142449,9.93,69.7143186771102,11.428571428461849,69.7143186771102,11.428571428461847
2026-09-21T04:57:45.158004,9.94,69.82860439139482,11.428571428461849,69.82860439139482,11.428571428461847
2026-09-21T04:57:45.170191,9.95,69.94289010567944,11.428571428461849,69.94289010567944,11.428571428461849
2026-09-21T04:57:45.185561,9.96,70.05717581996406,11.428571428461849,70.05717581996406,11.428571428461849
2026-09-21T04:57:45.199030,9.97,70.17146153424868,11.42857142846185,70.17146153424868,11.428571428461849
2026-09-21T04:57:45.215359,9.98,70.2857472485333,11.42857142846185,70.2857472485333,11.428571428461849
2026-09-21T04:57:45.224383,9.99,70.40003296281792,11.42857142846185,70.40003296281792,11.428571428461849
2026-09-21T04:57:45.237814,10.0,70.51431867710254,11.42857142846185,70.51431867710254,11.42857142846185
2026-09-21T04:57:45.251254,10.01,70.62860439138716,11.42857142846185,70.62860439138716,11.42857142846185
2026-09-21T04:57:45.270856,10.02,70.74289010567178,11.42857142846185,70.74289010567178,11.42857142846185
2026-09-21T04:57:45.283745,10.03,70.8571758199564,11.428571428461852,70.8571758199564,11.42857142846185
2026-09-21T04:57:45.297045,10.04,70.97146153424102,11.428571428461852,70.97146153424102,11.42857142846185
2026-09-21T04:57:45.308218,10.05,71.08574724852564,11.428571428461852,71.08574724852564,11.42857142846185
2026-09-21T04:57:45.321477,10.06,71.20003296281025,11.428571428461852,71.20003296281025,11.42857142846185
2026-09-21T04:57:45.335862,10.07,71.31431867709487,11.428571428461852,71.31431867709487,11.428571428461852
