wall_time,ros_time_sec,left_pos_rad,left_vel_rad_s,right_pos_rad,right_vel_rad_s
2026-09-23T00:23:41.682038,1790103221.681268,0.0,0.0,0.0,0.0
2026-09-23T00:23:41.691905,1790103221.691279,0.0,0.0,0.0,0.0
2026-09-23T00:23:41.703711,1790103221.7013943,0.0,0.0,0.0,0.0
2026-09-23T00:23:41.712122,1790103221.7112708,0.0,0.0,0.0,0.0
2026-09-23T00:23:41.722016,1790103221.721306,0.0,0.0,0.0,0.0
2026-09-23T00:23:41.732057,1790103221.731255,0.0,0.0,0.0,0.0
2026-09-23T00:23:41.742295,1790103221.741275,0.0,0.0,0.0,0.0
2026-09-23T00:23:41.752171,1790103221.7512684,0.0,0.0,0.0,0.0
2026-09-23T00:23:41.761998,1790103221.7612696,0.0,0.0,0.0,0.0
2026-09-23T00:23:41.773326,1790103221.77141,0.0,0.0,0.0,0.0
2026-09-23T00:23:41.781996,1790103221.7812598,0.0,0.0,0.0,0.0
2026-09-23T00:23:41.791902,1790103221.791261,0.0,0.0,0.0,0.0
2026-09-23T00:23:41.802559,1790103221.8012671,0.0,0.0,0.0,0.0
2026-09-23T00:23:41.811855,1790103221.811259,0.0,0.0,0.0,0.0
2026-09-23T00:23:41.821978,1790103221.821274,0.0,0.0,0.0,0.0
2026-09-23T00:23:41.831943,1790103221.831266,0.0,0.0,0.0,0.0
2026-09-23T00:23:41.841912,1790103221.8412578,0.0,0.0,0.0,0.0
2026-09-23T00:23:41.852385,1790103221.8512657,0.0,0.0,0.0,0.0
2026-09-23T00:23:41.861911,1790103221.8612554,0.0,0.0,0.0,0.0
2026-09-23T00:23:41.871868,1790103221.8712568,0.0,0.0,0.0,0.0
2026-09-23T00:23:41.881821,1790103221.8812566,0.0,0.0,0.0,0.0
2026-09-23T00:23:41.891726,1790103221.891252,0.0,0.0,0.0,0.0
2026-09-23T00:23:41.902521,1790103221.901283,0.0,0.0,0.0,0.0
2026-09-23T00:23:41.911801,1790103221.9112537,0.0,0.0,0.0,0.0
2026-09-23T00:23:41.921814,1790103221.9212563,0.0,0.0,0.0,0.0
2026-09-23T00:23:41.931921,1790103221.9312575,0.0,0.0,0.0,0.0
2026-09-23T00:23:41.941844,1790103221.9412441,0.0,0.0,0.0,0.0
2026-09-23T00:23:41.952249,1790103221.9512846,0.0,0.0,0.0,0.0
2026-09-23T00:23:41.961886,1790103221.9612613,0.0,0.0,0.0,0.0
2026-09-23T00:23:41.972015,1790103221.9712548,0.0,0.0,0.0,0.0
2026-09-23T00:23:41.981911,1790103221.981249,0.0,0.0,0.0,0.0
2026-09-23T00:23:41.991810,1790103221.9912813,0.0,0.0,0.0,0.0
2026-09-23T00:23:42.002122,1790103222.001262,0.0,0.0,0.0,0.0
2026-09-23T00:23:42.011751,1790103222.011257,0.0,0.0,0.0,0.0
2026-09-23T00:23:42.022063,1790103222.0212817,0.0,0.0,0.0,0.0
2026-09-23T00:23:42.031764,1790103222.0312543,0.0,0.0,0.0,0.0
2026-09-23T00:23:42.041825,1790103222.0412576,0.0,0.0,0.0,0.0
2026-09-23T00:23:42.052033,1790103222.051291,0.0,0.0,0.0,0.0
2026-09-23T00:23:42.061909,1790103222.061265,0.0,0.0,0.0,0.0
2026-09-23T00:23:42.072006,1790103222.071252,0.0,0.0,0.0,0.0
2026-09-23T00:23:42.081808,1790103222.081256,0.0,0.0,0.0,0.0
2026-09-23T00:23:42.091779,1790103222.0912693,0.0,0.0,0.0,0.0
2026-09-23T00:23:42.101986,1790103222.1012938,0.0,0.0,0.0,0.0
2026-09-23T00:23:42.111745,1790103222.1112537,0.0,0.0,0.0,0.0
2026-09-23T00:23:42.121806,1790103222.1212547,0.0,0.0,0.0,0.0
2026-09-23T00:23:42.131880,1790103222.1312633,0.0,0.0,0.0,0.0
2026-09-23T00:23:42.141771,1790103222.1412554,0.0,0.0,0.0,0.0
2026-09-23T00:23:42.152230,1790103222.1512508,0.0,0.0,0.0,0.0
2026-09-23T00:23:42.161872,1790103222.1612515,0.0,0.0,0.0,0.0
2026-09-23T00:23:42.172067,1790103222.1712558,0.0,0.0,0.0,0.0
2026-09-23T00:23:42.182043,1790103222.1812634,0.0,0.0,0.0,0.0
2026-09-23T00:23:42.191896,1790103222.1912699,0.0,0.0,0.0,0.0
2026-09-23T00:23:42.202039,1790103222.2012665,0.0,0.0,0.0,0.0
2026-09-23T00:23:42.211775,1790103222.211253,0.0,0.0,0.0,0.0
2026-09-23T00:23:42.222237,1790103222.2212636,0.0,0.0,0.0,0.0
2026-09-23T00:23:42.231753,1790103222.2312515,0.0,0.0,0.0,0.0
2026-09-23T00:23:42.241805,1790103222.2412486,0.0,0.0,0.0,0.0
2026-09-23T00:23:42.252131,1790103222.2512555,0.0,0.0,0.0,0.0
2026-09-23T00:23:42.261773,1790103222.2612484,0.0,0.0,0.0,0.0
2026-09-23T00:23:42.271847,1790103222.2712584,0.0,0.0,0.0,0.0
2026-09-23T00:23:42.281753,1790103222.2812524,0.0,0.0,0.0,0.0
2026-09-23T00:23:42.291800,1790103222.2912557,0.0,0.0,0.0,0.0
2026-09-23T00:23:42.302149,1790103222.3012714,0.0,0.0,0.0,0.0
2026-09-23T00:23:42.311740,1790103222.3112555,0.0,0.0,0.0,0.0
2026-09-23T00:23:42.322227,1790103222.3212662,0.0,0.0,0.0,0.0
2026-09-23T00:23:42.331855,1790103222.3312497,0.0,0.0,0.0,0.0
2026-09-23T00:23:42.341766,1790103222.3412516,0.0,0.0,0.0,0.0
2026-09-23T00:23:42.352070,1790103222.351257,0.0,0.0,0.0,0.0
2026-09-23T00:23:42.361781,1790103222.3612547,0.0,0.0,0.0,0.0
2026-09-23T00:23:42.372002,1790103222.3712518,0.0,0.0,0.0,0.0
2026-09-23T00:23:42.382089,1790103222.3812783,0.0,0.0,0.0,0.0
2026-09-23T00:23:42.391683,1790103222.3912554,0.0,0.0,0.0,0.0
2026-09-23T00:23:42.402258,1790103222.401251,0.0,0.0,0.0,0.0
2026-09-23T00:23:42.411897,1790103222.4112525,0.0,0.0,0.0,0.0
2026-09-23T00:23:42.422006,1790103222.4212565,0.0,0.0,0.0,0.0
2026-09-23T00:23:42.431997,1790103222.4312499,0.0,0.0,0.0,0.0
2026-09-23T00:23:42.441774,1790103222.441254,0.0,0.0,0.0,0.0
2026-09-23T00:23:42.452015,1790103222.4512491,0.0,0.0,0.0,0.0
2026-09-23T00:23:42.461849,1790103222.4612575,0.0,0.0,0.0,0.0
2026-09-23T00:23:42.471841,1790103222.4712522,0.0,0.0,0.0,0.0
2026-09-23T00:23:42.481830,1790103222.4812605,0.0,0.0,0.0,0.0
2026-09-23T00:23:42.491742,1790103222.4912524,0.0,0.0,0.0,0.0
2026-09-23T00:23:42.502165,1790103222.5012484,0.0,0.0,0.0,0.0
2026-09-23T00:23:42.511756,1790103222.5112193,0.0,0.0,0.0,0.0
2026-09-23T00:23:42.521946,1790103222.5212529,0.0,0.0,0.0,0.0
2026-09-23T00:23:42.531841,1790103222.5312543,0.0,0.0,0.0,0.0
2026-09-23T00:23:42.542270,1790103222.541272,0.0,0.0,0.0,0.0
2026-09-23T00:23:42.552059,1790103222.5512505,0.0,0.0,0.0,0.0
2026-09-23T00:23:42.561750,1790103222.5612485,0.0,0.0,0.0,0.0
2026-09-23T00:23:42.571964,1790103222.5712636,0.0,0.0,0.0,0.0
2026-09-23T00:23:42.581797,1790103222.5812643,0.0,0.0,0.0,0.0
2026-09-23T00:23:42.591676,1790103222.591252,0.0,0.0,0.0,0.0
2026-09-23T00:23:42.602135,1790103222.6012473,0.0,0.0,0.0,0.0
2026-09-23T00:23:42.611800,1790103222.6112509,0.0,0.0,0.0,0.0
2026-09-23T00:23:42.622051,1790103222.6212573,0.0,0.0,0.0,0.0
2026-09-23T00:23:42.631972,1790103222.6312542,0.0,0.0,0.0,0.0
2026-09-23T00:23:42.641849,1790103222.6412685,0.0,0.0,0.0,0.0
2026-09-23T00:23:42.652665,1790103222.651251,0.0,0.0,0.0,0.0
2026-09-23T00:23:42.661796,1790103222.661253,0.0,0.0,0.0,0.0
2026-09-23T00:23:42.671860,1790103222.6712778,0.0,0.0,0.0,0.0
2026-09-23T00:23:42.681913,1790103222.681254,0.0,0.0,0.0,0.0
2026-09-23T00:23:42.691753,1790103222.6912494,0.0,0.0,0.0,0.0
2026-09-23T00:23:42.702203,1790103222.7012637,0.0,0.0,0.0,0.0
2026-09-23T00:23:42.711829,1790103222.7112608,0.0,0.0,0.0,0.0
2026-09-23T00:23:42.722056,1790103222.7212577,0.0,0.0,0.0,0.0
2026-09-23T00:23:42.731814,1790103222.731252,0.0,0.0,0.0,0.0
2026-09-23T00:23:42.741844,1790103222.7412548,0.0,0.0,0.0,0.0
2026-09-23T00:23:42.752272,1790103222.7512558,0.0,0.0,0.0,0.0
2026-09-23T00:23:42.761665,1790103222.7612526,0.0,0.0,0.0,0.0
2026-09-23T00:23:42.772103,1790103222.771342,0.0,0.0,0.0,0.0
2026-09-23T00:23:42.782287,1790103222.7815883,0.0,0.0,0.0,0.0
2026-09-23T00:23:42.791718,1790103222.7912536,0.0,0.0,0.0,0.0
2026-09-23T00:23:42.802283,1790103222.8012547,0.0,0.0,0.0,0.0
2026-09-23T00:23:42.811792,1790103222.8112469,0.0,0.0,0.0,0.0
2026-09-23T00:23:42.822368,1790103222.8213112,0.0,0.0,0.0,0.0
2026-09-23T00:23:42.832766,1790103222.8312907,0.0,0.0,0.0,0.0
2026-09-23T00:23:42.842026,1790103222.8414166,0.0,0.0,0.0,0.0
2026-09-23T00:23:42.852513,1790103222.8512595,0.0,0.0,0.0,0.0
2026-09-23T00:23:42.861977,1790103222.8612683,0.0,0.0,0.0,0.0
2026-09-23T00:23:42.871803,1790103222.8712494,0.0,0.0,0.0,0.0
2026-09-23T00:23:42.881753,1790103222.8812504,0.0,0.0,0.0,0.0
2026-09-23T00:23:42.891680,1790103222.8912525,0.0,0.0,0.0,0.0
2026-09-23T00:23:42.902138,1790103222.901277,0.0,0.0,0.0,0.0
2026-09-23T00:23:42.911710,1790103222.9112477,0.0,0.0,0.0,0.0
2026-09-23T00:23:42.921854,1790103222.9212644,0.0,0.0,0.0,0.0
2026-09-23T00:23:42.932017,1790103222.9312582,0.0,0.0,0.0,0.0
2026-09-23T00:23:42.941757,1790103222.9412544,0.0,0.0,0.0,0.0
2026-09-23T00:23:42.952058,1790103222.9512613,0.0,0.0,0.0,0.0
2026-09-23T00:23:42.962048,1790103222.9613128,0.0,0.0,0.0,0.0
2026-09-23T00:23:42.971768,1790103222.9712803,0.0,0.0,0.0,0.0
2026-09-23T00:23:42.982025,1790103222.9812717,0.0,0.0,0.0,0.0
2026-09-23T00:23:42.991850,1790103222.991263,0.0,0.0,0.0,0.0
2026-09-23T00:23:43.002068,1790103223.0012577,0.0,0.0,0.0,0.0
2026-09-23T00:23:43.011722,1790103223.011268,0.0,0.0,0.0,0.0
2026-09-23T00:23:43.021992,1790103223.0212724,0.0,0.0,0.0,0.0
2026-09-23T00:23:43.031792,1790103223.0312676,0.0,0.0,0.0,0.0
2026-09-23T00:23:43.041803,1790103223.041272,0.0,0.0,0.0,0.0
2026-09-23T00:23:43.051859,1790103223.0512702,0.0,0.0,0.0,0.0
2026-09-23T00:23:43.061742,1790103223.0612643,0.0,0.0,0.0,0.0
2026-09-23T00:23:43.071704,1790103223.0712585,0.0,0.0,0.0,0.0
2026-09-23T00:23:43.081810,1790103223.0812638,0.0,0.0,0.0,0.0
2026-09-23T00:23:43.091863,1790103223.091269,0.0,0.0,0.0,0.0
2026-09-23T00:23:43.102127,1790103223.101252,0.0,0.0,0.0,0.0
2026-09-23T00:23:43.111684,1790103223.111253,0.0,0.0,0.0,0.0
2026-09-23T00:23:43.121831,1790103223.1212893,0.0,0.0,0.0,0.0
2026-09-23T00:23:43.132275,1790103223.1312644,0.0,0.0,0.0,0.0
2026-09-23T00:23:43.141918,1790103223.1412556,0.0,0.0,0.0,0.0
2026-09-23T00:23:43.151977,1790103223.151256,0.0,0.0,0.0,0.0
2026-09-23T00:23:43.161830,1790103223.1612573,0.0,0.0,0.0,0.0
2026-09-23T00:23:43.171786,1790103223.171253,0.0,0.0,0.0,0.0
2026-09-23T00:23:43.182033,1790103223.181257,0.0,0.0,0.0,0.0
2026-09-23T00:23:43.192736,1790103223.1912584,0.0,0.0,0.0,0.0
2026-09-23T00:23:43.202005,1790103223.201251,0.0,0.0,0.0,0.0
2026-09-23T00:23:43.212560,1790103223.2112722,0.0,0.0,0.0,0.0
2026-09-23T00:23:43.222679,1790103223.2212994,0.0,0.0,0.0,0.0
2026-09-23T00:23:43.231750,1790103223.2312577,0.0,0.0,0.0,0.0
2026-09-23T00:23:43.242130,1790103223.2412617,0.0,0.0,0.0,0.0
2026-09-23T00:23:43.252222,1790103223.2512574,0.0,0.0,0.0,0.0
2026-09-23T00:23:43.261823,1790103223.261255,0.0,0.0,0.0,0.0
2026-09-23T00:23:43.271786,1790103223.2712579,0.0,0.0,0.0,0.0
2026-09-23T00:23:43.281803,1790103223.2812557,0.0,0.0,0.0,0.0
2026-09-23T00:23:43.292353,1790103223.2912621,0.0,0.0,0.0,0.0
2026-09-23T00:23:43.302208,1790103223.301256,0.0,0.0,0.0,0.0
2026-09-23T00:23:43.311756,1790103223.3112605,0.0,0.0,0.0,0.0
2026-09-23T00:23:43.321775,1790103223.3212636,0.0,0.0,0.0,0.0
2026-09-23T00:23:43.331860,1790103223.3312576,0.0,0.0,0.0,0.0
2026-09-23T00:23:43.342360,1790103223.341279,0.0,0.0,0.0,0.0
2026-09-23T00:23:43.352015,1790103223.3512661,0.0,0.0,0.0,0.0
2026-09-23T00:23:43.361695,1790103223.3612058,0.0,0.0,0.0,0.0
2026-09-23T00:23:43.371855,1790103223.3712573,0.0,0.0,0.0,0.0
2026-09-23T00:23:43.381799,1790103223.3812547,0.0,0.0,0.0,0.0
2026-09-23T00:23:43.392260,1790103223.3912613,0.0,0.0,0.0,0.0
2026-09-23T00:23:43.402040,1790103223.4012623,0.0,0.0,0.0,0.0
2026-09-23T00:23:43.411750,1790103223.4112656,0.0,0.0,0.0,0.0
2026-09-23T00:23:43.421770,1790103223.4212706,0.0,0.0,0.0,0.0
2026-09-23T00:23:43.431748,1790103223.431252,0.0,0.0,0.0,0.0
2026-09-23T00:23:43.441763,1790103223.4412172,0.0,0.0,0.0,0.0
2026-09-23T00:23:43.452513,1790103223.451273,0.0,0.0,0.0,0.0
2026-09-23T00:23:43.461801,1790103223.4612732,0.0,0.0,0.0,0.0
2026-09-23T00:23:43.471737,1790103223.471258,0.0,0.0,0.0,0.0
2026-09-23T00:23:43.481938,1790103223.4812152,0.0,0.0,0.0,0.0
2026-09-23T00:23:43.492147,1790103223.4912136,0.0,0.0,0.0,0.0
2026-09-23T00:23:43.502537,1790103223.5012858,0.0,0.0,0.0,0.0
2026-09-23T00:23:43.511694,1790103223.5112176,0.0,0.0,0.0,0.0
2026-09-23T00:23:43.521778,1790103223.52128,0.0,0.0,0.0,0.0
2026-09-23T00:23:43.531871,1790103223.5312545,0.0,0.0,0.0,0.0
2026-09-23T00:23:43.541924,1790103223.5412302,0.0,0.0,0.0,0.0
2026-09-23T00:23:43.551967,1790103223.5512657,0.0,0.0,0.0,0.0
2026-09-23T00:23:43.561831,1790103223.5612705,0.0,0.0,0.0,0.0
2026-09-23T00:23:43.571769,1790103223.571262,0.0,0.0,0.0,0.0
2026-09-23T00:23:43.581852,1790103223.581258,0.0,0.0,0.0,0.0
2026-09-23T00:23:43.592184,1790103223.5912755,0.0,0.0,0.0,0.0
2026-09-23T00:23:43.602170,1790103223.6012666,0.0,0.0,0.0,0.0
2026-09-23T00:23:43.611733,1790103223.6112792,0.0,0.0,0.0,0.0
2026-09-23T00:23:43.621803,1790103223.6212692,0.0,0.0,0.0,0.0
2026-09-23T00:23:43.631782,1790103223.631256,0.0,0.0,0.0,0.0
2026-09-23T00:23:43.642179,1790103223.6412582,0.0,0.0,0.0,0.0
2026-09-23T00:23:43.652047,1790103223.6512635,0.0,0.0,0.0,0.0
2026-09-23T00:23:43.661952,1790103223.661267,0.0,0.0,0.0,0.0
2026-09-23T00:23:43.671854,1790103223.6712506,0.0,0.0,0.0,0.0
2026-09-23T00:23:43.681918,1790103223.681253,0.0,0.0,0.0,0.0
2026-09-23T00:23:43.692195,1790103223.6912634,0.0,0.0,0.0,0.0
2026-09-23T00:23:43.701975,1790103223.701252,0.0,0.0,0.0,0.0
2026-09-23T00:23:43.711730,1790103223.7112546,0.0,0.0,0.0,0.0
2026-09-23T00:23:43.721770,1790103223.7212512,0.0,0.0,0.0,0.0
2026-09-23T00:23:43.731804,1790103223.7312484,0.0,0.0,0.0,0.0
2026-09-23T00:23:43.741924,1790103223.7412553,0.0,0.0,0.0,0.0
2026-09-23T00:23:43.751949,1790103223.7512593,0.0,0.0,0.0,0.0
2026-09-23T00:23:43.761771,1790103223.7612514,0.0,0.0,0.0,0.0
2026-09-23T00:23:43.771756,1790103223.7712572,0.0,0.0,0.0,0.0
2026-09-23T00:23:43.782070,1790103223.7812583,0.0,0.0,0.0,0.0
2026-09-23T00:23:43.792256,1790103223.7913077,0.0,0.0,0.0,0.0
2026-09-23T00:23:43.802419,1790103223.8012714,0.0,0.0,0.0,0.0
2026-09-23T00:23:43.811869,1790103223.8112516,0.0,0.0,0.0,0.0
2026-09-23T00:23:43.821965,1790103223.821258,0.0,0.0,0.0,0.0
2026-09-23T00:23:43.831782,1790103223.8312552,0.0,0.0,0.0,0.0
2026-09-23T00:23:43.842015,1790103223.8412552,0.0,0.0,0.0,0.0
2026-09-23T00:23:43.852485,1790103223.8512535,0.0,0.0,0.0,0.0
2026-09-23T00:23:43.861751,1790103223.8612561,0.0,0.0,0.0,0.0
2026-09-23T00:23:43.871818,1790103223.8712585,0.0,0.0,0.0,0.0
2026-09-23T00:23:43.881800,1790103223.8812487,0.0,0.0,0.0,0.0
2026-09-23T00:23:43.891938,1790103223.8912547,0.0,0.0,0.0,0.0
2026-09-23T00:23:43.902110,1790103223.9012575,0.0,0.0,0.0,0.0
2026-09-23T00:23:43.911817,1790103223.9112573,0.0,0.0,0.0,0.0
2026-09-23T00:23:43.921793,1790103223.9212558,0.0,0.0,0.0,0.0
2026-09-23T00:23:43.931806,1790103223.9312515,0.0,0.0,0.0,0.0
2026-09-23T00:23:43.944971,1790103223.9412599,0.0,0.0,0.0,0.0
2026-09-23T00:23:43.952116,1790103223.9512064,0.0,0.0,0.0,0.0
2026-09-23T00:23:43.961947,1790103223.96126,0.0,0.0,0.0,0.0
2026-09-23T00:23:43.971671,1790103223.971247,0.0,0.0,0.0,0.0
2026-09-23T00:23:43.982014,1790103223.98131,0.0,0.0,0.0,0.0
2026-09-23T00:23:43.991836,1790103223.9912643,0.0,0.0,0.0,0.0
2026-09-23T00:23:44.001975,1790103224.0012627,0.0,0.0,0.0,0.0
2026-09-23T00:23:44.011801,1790103224.0112624,0.0,0.0,0.0,0.0
2026-09-23T00:23:44.021765,1790103224.0212727,0.0,0.0,0.0,0.0
2026-09-23T00:23:44.031879,1790103224.0312705,0.0,0.0,0.0,0.0
2026-09-23T00:23:44.041811,1790103224.0412645,0.0,0.0,0.0,0.0
2026-09-23T00:23:44.051936,1790103224.0512645,0.0,0.0,0.0,0.0
2026-09-23T00:23:44.061818,1790103224.0612588,0.0,0.0,0.0,0.0
2026-09-23T00:23:44.071748,1790103224.0712512,0.0,0.0,0.0,0.0
2026-09-23T00:23:44.081832,1790103224.0812516,0.0,0.0,0.0,0.0
2026-09-23T00:23:44.091791,1790103224.0912926,0.0,0.0,0.0,0.0
2026-09-23T00:23:44.102283,1790103224.1012537,0.0,0.0,0.0,0.0
2026-09-23T00:23:44.111853,1790103224.1112628,0.0,0.0,0.0,0.0
2026-09-23T00:23:44.121834,1790103224.121253,0.0,0.0,0.0,0.0
2026-09-23T00:23:44.131807,1790103224.1312478,0.0,0.0,0.0,0.0
2026-09-23T00:23:44.141834,1790103224.141256,0.0,0.0,0.0,0.0
2026-09-23T00:23:44.151962,1790103224.1512609,0.0,0.0,0.0,0.0
2026-09-23T00:23:44.161773,1790103224.1612546,0.0,0.0,0.0,0.0
2026-09-23T00:23:44.171803,1790103224.1712713,0.0,0.0,0.0,0.0
2026-09-23T00:23:44.181808,1790103224.1812701,0.0,0.0,0.0,0.0
2026-09-23T00:23:44.191716,1790103224.1912549,0.0,0.0,0.0,0.0
2026-09-23T00:23:44.202099,1790103224.201281,0.0,0.0,0.0,0.0
2026-09-23T00:23:44.211858,1790103224.2112684,0.0,0.0,0.0,0.0
2026-09-23T00:23:44.221734,1790103224.2212532,0.0,0.0,0.0,0.0
2026-09-23T00:23:44.231723,1790103224.2312517,0.0,0.0,0.0,0.0
2026-09-23T00:23:44.241778,1790103224.2412515,0.0,0.0,0.0,0.0
2026-09-23T00:23:44.251864,1790103224.251293,0.0,0.0,0.0,0.0
2026-09-23T00:23:44.261904,1790103224.2612677,0.0,0.0,0.0,0.0
2026-09-23T00:23:44.271685,1790103224.2712572,0.0,0.0,0.0,0.0
2026-09-23T00:23:44.281784,1790103224.2812543,0.0,0.0,0.0,0.0
2026-09-23T00:23:44.291734,1790103224.291273,0.0,0.0,0.0,0.0
2026-09-23T00:23:44.302348,1790103224.3012838,0.0,0.0,0.0,0.0
2026-09-23T00:23:44.311923,1790103224.3112493,0.0,0.0,0.0,0.0
2026-09-23T00:23:44.321825,1790103224.3212564,0.0,0.0,0.0,0.0
2026-09-23T00:23:44.331724,1790103224.331255,0.0,0.0,0.0,0.0
2026-09-23T00:23:44.341731,1790103224.341251,0.0,0.0,0.0,0.0
2026-09-23T00:23:44.351847,1790103224.3512528,0.0,0.0,0.0,0.0
2026-09-23T00:23:44.361808,1790103224.3612669,0.0,0.0,0.0,0.0
2026-09-23T00:23:44.371717,1790103224.3712597,0.0,0.0,0.0,0.0
2026-09-23T00:23:44.381823,1790103224.3812582,0.0,0.0,0.0,0.0
2026-09-23T00:23:44.391708,1790103224.391251,0.0,0.0,0.0,0.0
2026-09-23T00:23:44.402006,1790103224.4012651,0.0,0.0,0.0,0.0
2026-09-23T00:23:44.411999,1790103224.4112942,0.0,0.0,0.0,0.0
2026-09-23T00:23:44.421798,1790103224.4212255,0.0,0.0,0.0,0.0
2026-09-23T00:23:44.431866,1790103224.4312713,0.0,0.0,0.0,0.0
2026-09-23T00:23:44.441747,1790103224.4412081,0.0,0.0,0.0,0.0
2026-09-23T00:23:44.451887,1790103224.451247,0.0,0.0,0.0,0.0
2026-09-23T00:23:44.461917,1790103224.4612195,0.0,0.0,0.0,0.0
2026-09-23T00:23:44.471789,1790103224.4712672,0.0,0.0,0.0,0.0
2026-09-23T00:23:44.481748,1790103224.481255,0.0,0.0,0.0,0.0
2026-09-23T00:23:44.491749,1790103224.491251,0.0,0.0,0.0,0.0
2026-09-23T00:23:44.501989,1790103224.501254,0.0,0.0,0.0,0.0
2026-09-23T00:23:44.511923,1790103224.5112767,0.0,0.0,0.0,0.0
2026-09-23T00:23:44.521777,1790103224.521263,0.0,0.0,0.0,0.0
2026-09-23T00:23:44.531864,1790103224.5312636,0.0,0.0,0.0,0.0
2026-09-23T00:23:44.541756,1790103224.5412624,0.0,0.0,0.0,0.0
2026-09-23T00:23:44.551884,1790103224.5512507,0.0,0.0,0.0,0.0
2026-09-23T00:23:44.561831,1790103224.5612197,0.0,0.0,0.0,0.0
2026-09-23T00:23:44.571979,1790103224.5712538,0.0,0.0,0.0,0.0
2026-09-23T00:23:44.582516,1790103224.5812097,0.0,0.0,0.0,0.0
2026-09-23T00:23:44.592213,1790103224.5912614,0.0,0.0,0.0,0.0
2026-09-23T00:23:44.602114,1790103224.6012545,0.0,0.0,0.0,0.0
2026-09-23T00:23:44.612130,1790103224.611317,0.0,0.0,0.0,0.0
2026-09-23T00:23:44.621878,1790103224.6212628,0.0,0.0,0.0,0.0
2026-09-23T00:23:44.631685,1790103224.6312544,0.0,0.0,0.0,0.0
2026-09-23T00:23:44.641706,1790103224.6412067,0.0,0.0,0.0,0.0
2026-09-23T00:23:44.652144,1790103224.6512082,0.0,0.0,0.0,0.0
2026-09-23T00:23:44.661872,1790103224.6612582,0.0,0.0,0.0,0.0
2026-09-23T00:23:44.671836,1790103224.671246,0.0,0.0,0.0,0.0
2026-09-23T00:23:44.681811,1790103224.6812575,0.0,0.0,0.0,0.0
2026-09-23T00:23:44.691782,1790103224.691276,0.0,0.0,0.0,0.0
2026-09-23T00:23:44.702067,1790103224.7012515,0.0,0.0,0.0,0.0
2026-09-23T00:23:44.711843,1790103224.711283,0.0,0.0,0.0,0.0
2026-09-23T00:23:44.721758,1790103224.7212484,0.0,0.0,0.0,0.0
2026-09-23T00:23:44.731812,1790103224.731254,0.0,0.0,0.0,0.0
2026-09-23T00:23:44.741729,1790103224.7412481,0.0,0.0,0.0,0.0
2026-09-23T00:23:44.752044,1790103224.7512631,0.0,0.0,0.0,0.0
2026-09-23T00:23:44.761852,1790103224.7612665,0.0,0.0,0.0,0.0
2026-09-23T00:23:44.771706,1790103224.771253,0.0,0.0,0.0,0.0
2026-09-23T00:23:44.782048,1790103224.781259,0.0,0.0,0.0,0.0
2026-09-23T00:23:44.791786,1790103224.7912753,0.0,0.0,0.0,0.0
2026-09-23T00:23:44.802311,1790103224.8012507,0.0,0.0,0.0,0.0
2026-09-23T00:23:44.814912,1790103224.8113134,0.0,0.0,0.0,0.0
2026-09-23T00:23:44.821784,1790103224.821255,0.0,0.0,0.0,0.0
2026-09-23T00:23:44.831727,1790103224.8312552,0.0,0.0,0.0,0.0
2026-09-23T00:23:44.841762,1790103224.8412516,0.0,0.0,0.0,0.0
2026-09-23T00:23:44.851985,1790103224.8512542,0.0,0.0,0.0,0.0
2026-09-23T00:23:44.861891,1790103224.8612633,0.0,0.0,0.0,0.0
2026-09-23T00:23:44.871770,1790103224.8712559,0.0,0.0,0.0,0.0
2026-09-23T00:23:44.881913,1790103224.8812656,0.0,0.0,0.0,0.0
2026-09-23T00:23:44.891754,1790103224.891259,0.0,0.0,0.0,0.0
2026-09-23T00:23:44.901973,1790103224.9012635,0.0,0.0,0.0,0.0
2026-09-23T00:23:44.911713,1790103224.911261,0.0,0.0,0.0,0.0
2026-09-23T00:23:44.921834,1790103224.921253,0.0,0.0,0.0,0.0
2026-09-23T00:23:44.931784,1790103224.9312541,0.0,0.0,0.0,0.0
2026-09-23T00:23:44.941869,1790103224.9412618,0.0,0.0,0.0,0.0
2026-09-23T00:23:44.951830,1790103224.9512606,0.0,0.0,0.0,0.0
2026-09-23T00:23:44.961791,1790103224.9612567,0.0,0.0,0.0,0.0
2026-09-23T00:23:44.972076,1790103224.971257,0.0,0.0,0.0,0.0
2026-09-23T00:23:44.981797,1790103224.9812512,0.0,0.0,0.0,0.0
2026-09-23T00:23:44.991765,1790103224.99121,0.0,0.0,0.0,0.0
2026-09-23T00:23:45.001936,1790103225.0012918,0.0,0.0,0.0,0.0
2026-09-23T00:23:45.011749,1790103225.0112574,0.0,0.0,0.0,0.0
2026-09-23T00:23:45.021836,1790103225.0212653,0.0,0.0,0.0,0.0
2026-09-23T00:23:45.031829,1790103225.031251,0.0,0.0,0.0,0.0
2026-09-23T00:23:45.042069,1790103225.0413938,0.0,0.0,0.0,0.0
2026-09-23T00:23:45.052108,1790103225.0512528,0.0,0.0,0.0,0.0
2026-09-23T00:23:45.061791,1790103225.0612617,0.0,0.0,0.0,0.0
2026-09-23T00:23:45.071843,1790103225.0712676,0.0,0.0,0.0,0.0
2026-09-23T00:23:45.081770,1790103225.081256,0.0,0.0,0.0,0.0
2026-09-23T00:23:45.091773,1790103225.0912507,0.0,0.0,0.0,0.0
2026-09-23T00:23:45.102295,1790103225.1012747,0.0,0.0,0.0,0.0
2026-09-23T00:23:45.111762,1790103225.1112556,0.0,0.0,0.0,0.0
2026-09-23T00:23:45.121763,1790103225.1212568,0.0,0.0,0.0,0.0
2026-09-23T00:23:45.132109,1790103225.1312656,0.0,0.0,0.0,0.0
2026-09-23T00:23:45.141914,1790103225.1412683,0.0,0.0,0.0,0.0
2026-09-23T00:23:45.152629,1790103225.1512816,0.0,0.0,0.0,0.0
2026-09-23T00:23:45.161972,1790103225.161265,0.0,0.0,0.0,0.0
2026-09-23T00:23:45.171855,1790103225.1712675,0.0,0.0,0.0,0.0
2026-09-23T00:23:45.181982,1790103225.1812975,0.0,0.0,0.0,0.0
2026-09-23T00:23:45.191820,1790103225.1912892,0.0,0.0,0.0,0.0
2026-09-23T00:23:45.202076,1790103225.2012699,0.0,0.0,0.0,0.0
2026-09-23T00:23:45.211886,1790103225.2112858,0.0,0.0,0.0,0.0
2026-09-23T00:23:45.222111,1790103225.221271,0.0,0.0,0.0,0.0
2026-09-23T00:23:45.232888,1790103225.2315676,0.0,0.0,0.0,0.0
2026-09-23T00:23:45.241806,1790103225.2412262,0.0,0.0,0.0,0.0
2026-09-23T00:23:45.252463,1790103225.2512665,0.0,0.0,0.0,0.0
2026-09-23T00:23:45.262170,1790103225.261288,0.0,0.0,0.0,0.0
2026-09-23T00:23:45.271840,1790103225.2712755,0.0,0.0,0.0,0.0
2026-09-23T00:23:45.281825,1790103225.2812674,0.0,0.0,0.0,0.0
2026-09-23T00:23:45.291860,1790103225.2912743,0.0,0.0,0.0,0.0
2026-09-23T00:23:45.302117,1790103225.3012638,0.0,0.0,0.0,0.0
2026-09-23T00:23:45.311882,1790103225.311267,0.0,0.0,0.0,0.0
2026-09-23T00:23:45.322025,1790103225.321276,0.0,0.0,0.0,0.0
2026-09-23T00:23:45.331761,1790103225.3312688,0.0,0.0,0.0,0.0
2026-09-23T00:23:45.341756,1790103225.3412642,0.0,0.0,0.0,0.0
2026-09-23T00:23:45.351878,1790103225.3512762,0.0,0.0,0.0,0.0
2026-09-23T00:23:45.361793,1790103225.3612638,0.0,0.0,0.0,0.0
2026-09-23T00:23:45.371909,1790103225.3712704,0.0,0.0,0.0,0.0
2026-09-23T00:23:45.381789,1790103225.3812687,0.0,0.0,0.0,0.0
2026-09-23T00:23:45.391779,1790103225.391264,0.0,0.0,0.0,0.0
2026-09-23T00:23:45.402061,1790103225.401263,0.0,0.0,0.0,0.0
2026-09-23T00:23:45.411777,1790103225.4112692,0.0,0.0,0.0,0.0
2026-09-23T00:23:45.421949,1790103225.4212751,0.0,0.0,0.0,0.0
2026-09-23T00:23:45.431783,1790103225.4312656,0.0,0.0,0.0,0.0
2026-09-23T00:23:45.441835,1790103225.4412708,0.0,0.0,0.0,0.0
2026-09-23T00:23:45.452163,1790103225.451269,0.0,0.0,0.0,0.0
2026-09-23T00:23:45.461790,1790103225.4612634,0.0,0.0,0.0,0.0
2026-09-23T00:23:45.471811,1790103225.4712696,0.0,0.0,0.0,0.0
2026-09-23T00:23:45.481771,1790103225.4812658,0.0,0.0,0.0,0.0
2026-09-23T00:23:45.491905,1790103225.4912815,0.0,0.0,0.0,0.0
2026-09-23T00:23:45.502337,1790103225.5012712,0.0,0.0,0.0,0.0
2026-09-23T00:23:45.511777,1790103225.5112693,0.0,0.0,0.0,0.0
2026-09-23T00:23:45.521813,1790103225.521257,0.0,0.0,0.0,0.0
2026-09-23T00:23:45.531795,1790103225.5312796,0.0,0.0,0.0,0.0
2026-09-23T00:23:45.541764,1790103225.5412657,0.0,0.0,0.0,0.0
2026-09-23T00:23:45.552042,1790103225.551266,0.0,0.0,0.0,0.0
2026-09-23T00:23:45.561870,1790103225.5612643,0.0,0.0,0.0,0.0
2026-09-23T00:23:45.571705,1790103225.5712543,0.0,0.0,0.0,0.0
2026-09-23T00:23:45.581964,1790103225.5812764,0.0,0.0,0.0,0.0
2026-09-23T00:23:45.591731,1790103225.5912557,0.0,0.0,0.0,0.0
2026-09-23T00:23:45.601940,1790103225.6012573,0.0,0.0,0.0,0.0
2026-09-23T00:23:45.611755,1790103225.6112628,0.0,0.0,0.0,0.0
2026-09-23T00:23:45.621885,1790103225.6212652,0.0,0.0,0.0,0.0
2026-09-23T00:23:45.631825,1790103225.631265,0.0,0.0,0.0,0.0
2026-09-23T00:23:45.641774,1790103225.6412714,0.0,0.0,0.0,0.0
2026-09-23T00:23:45.651794,1790103225.651267,0.0,0.0,0.0,0.0
2026-09-23T00:23:45.661866,1790103225.661265,0.0,0.0,0.0,0.0
2026-09-23T00:23:45.671808,1790103225.671272,0.0,0.0,0.0,0.0
2026-09-23T00:23:45.681790,1790103225.6812704,0.0,0.0,0.0,0.0
2026-09-23T00:23:45.691742,1790103225.6912708,0.0,0.0,0.0,0.0
2026-09-23T00:23:45.701973,1790103225.7012641,0.0,0.0,0.0,0.0
2026-09-23T00:23:45.712048,1790103225.7112746,0.0,0.0,0.0,0.0
2026-09-23T00:23:45.721764,1790103225.7212775,0.0,0.0,0.0,0.0
2026-09-23T00:23:45.731763,1790103225.731273,0.0,0.0,0.0,0.0
2026-09-23T00:23:45.742137,1790103225.741281,0.0,0.0,0.0,0.0
2026-09-23T00:23:45.751834,1790103225.7512748,0.0,0.0,0.0,0.0
2026-09-23T00:23:45.761780,1790103225.7612727,0.0,0.0,0.0,0.0
2026-09-23T00:23:45.771843,1790103225.771267,0.0,0.0,0.0,0.0
2026-09-23T00:23:45.781764,1790103225.78127,0.0,0.0,0.0,0.0
2026-09-23T00:23:45.791745,1790103225.7912648,0.0,0.0,0.0,0.0
2026-09-23T00:23:45.802127,1790103225.8012648,0.0,0.0,0.0,0.0
2026-09-23T00:23:45.811827,1790103225.811258,0.0,0.0,0.0,0.0
2026-09-23T00:23:45.821887,1790103225.821271,0.0,0.0,0.0,0.0
2026-09-23T00:23:45.831697,1790103225.8312693,0.0,0.0,0.0,0.0
2026-09-23T00:23:45.841841,1790103225.8412793,0.0,0.0,0.0,0.0
2026-09-23T00:23:45.851991,1790103225.8512638,0.0,0.0,0.0,0.0
2026-09-23T00:23:45.861902,1790103225.8612723,0.0,0.0,0.0,0.0
2026-09-23T00:23:45.871734,1790103225.871267,0.0,0.0,0.0,0.0
2026-09-23T00:23:45.881901,1790103225.881308,0.0,0.0,0.0,0.0
2026-09-23T00:23:45.891762,1790103225.8912625,0.0,0.0,0.0,0.0
2026-09-23T00:23:45.902173,1790103225.9012814,0.0,0.0,0.0,0.0
2026-09-23T00:23:45.911857,1790103225.9113076,0.0,0.0,0.0,0.0
2026-09-23T00:23:45.921761,1790103225.92125,0.0,0.0,0.0,0.0
2026-09-23T00:23:45.931800,1790103225.931268,0.0,0.0,0.0,0.0
2026-09-23T00:23:45.941805,1790103225.9412625,0.0,0.0,0.0,0.0
2026-09-23T00:23:45.951793,1790103225.9512906,0.0,0.0,0.0,0.0
2026-09-23T00:23:45.961926,1790103225.9612856,0.0,0.0,0.0,0.0
2026-09-23T00:23:45.971822,1790103225.9712567,0.0,0.0,0.0,0.0
2026-09-23T00:23:45.981972,1790103225.9813359,0.0,0.0,0.0,0.0
2026-09-23T00:23:45.991958,1790103225.991305,0.0,0.0,0.0,0.0
2026-09-23T00:23:46.002024,1790103226.001265,0.0,0.0,0.0,0.0
2026-09-23T00:23:46.011778,1790103226.0112612,0.0,0.0,0.0,0.0
2026-09-23T00:23:46.021730,1790103226.0212674,0.0,0.0,0.0,0.0
2026-09-23T00:23:46.032056,1790103226.0312915,0.0,0.0,0.0,0.0
2026-09-23T00:23:46.041782,1790103226.0412815,0.0,0.0,0.0,0.0
2026-09-23T00:23:46.051864,1790103226.05131,0.0,0.0,0.0,0.0
2026-09-23T00:23:46.062528,1790103226.0612726,0.0,0.0,0.0,0.0
2026-09-23T00:23:46.071827,1790103226.0712638,0.0,0.0,0.0,0.0
2026-09-23T00:23:46.081909,1790103226.08129,0.0,0.0,0.0,0.0
2026-09-23T00:23:46.091991,1790103226.0912857,0.0,0.0,0.0,0.0
2026-09-23T00:23:46.102402,1790103226.1013134,0.0,0.0,0.0,0.0
2026-09-23T00:23:46.112489,1790103226.1112735,0.0,0.0,0.0,0.0
2026-09-23T00:23:46.121881,1790103226.1212637,0.0,0.0,0.0,0.0
2026-09-23T00:23:46.131939,1790103226.1313205,0.0,0.0,0.0,0.0
2026-09-23T00:23:46.141732,1790103226.141262,0.0,0.0,0.0,0.0
2026-09-23T00:23:46.151703,1790103226.151265,0.0,0.0,0.0,0.0
2026-09-23T00:23:46.162424,1790103226.1613004,0.0,0.0,0.0,0.0
2026-09-23T00:23:46.171711,1790103226.1712692,0.0,0.0,0.0,0.0
2026-09-23T00:23:46.181758,1790103226.18126,0.0,0.0,0.0,0.0
2026-09-23T00:23:46.191822,1790103226.1912751,0.0,0.0,0.0,0.0
2026-09-23T00:23:46.202273,1790103226.2012594,0.0,0.0,0.0,0.0
2026-09-23T00:23:46.211930,1790103226.211352,0.0,0.0,0.0,0.0
2026-09-23T00:23:46.222152,1790103226.2212815,0.0,0.0,0.0,0.0
2026-09-23T00:23:46.231779,1790103226.231269,0.0,0.0,0.0,0.0
2026-09-23T00:23:46.241938,1790103226.241261,0.0,0.0,0.0,0.0
2026-09-23T00:23:46.252074,1790103226.251268,0.0,0.0,0.0,0.0
2026-09-23T00:23:46.261948,1790103226.2612805,0.0,0.0,0.0,0.0
2026-09-23T00:23:46.271870,1790103226.2712584,0.0,0.0,0.0,0.0
2026-09-23T00:23:46.281761,1790103226.2812545,0.0,0.0,0.0,0.0
2026-09-23T00:23:46.291790,1790103226.2912576,0.0,0.0,0.0,0.0
2026-09-23T00:23:46.302002,1790103226.301258,0.0,0.0,0.0,0.0
2026-09-23T00:23:46.311750,1790103226.311267,0.0,0.0,0.0,0.0
2026-09-23T00:23:46.322036,1790103226.3212857,0.0,0.0,0.0,0.0
2026-09-23T00:23:46.331687,1790103226.3312676,0.0,0.0,0.0,0.0
2026-09-23T00:23:46.341825,1790103226.3412826,0.0,0.0,0.0,0.0
2026-09-23T00:23:46.351892,1790103226.3512673,0.0,0.0,0.0,0.0
2026-09-23T00:23:46.361897,1790103226.3612986,0.0,0.0,0.0,0.0
2026-09-23T00:23:46.371891,1790103226.3712764,0.0,0.0,0.0,0.0
2026-09-23T00:23:46.381993,1790103226.381269,0.0,0.0,0.0,0.0
2026-09-23T00:23:46.391888,1790103226.3913004,0.0,0.0,0.0,0.0
2026-09-23T00:23:46.401978,1790103226.40127,0.0,0.0,0.0,0.0
2026-09-23T00:23:46.411823,1790103226.4112659,0.0,0.0,0.0,0.0
2026-09-23T00:23:46.421752,1790103226.4212644,0.0,0.0,0.0,0.0
2026-09-23T00:23:46.431757,1790103226.4312658,0.0,0.0,0.0,0.0
2026-09-23T00:23:46.441806,1790103226.4412746,0.0,0.0,0.0,0.0
2026-09-23T00:23:46.451854,1790103226.451282,0.0,0.0,0.0,0.0
2026-09-23T00:23:46.461894,1790103226.4612708,0.0,0.0,0.0,0.0
2026-09-23T00:23:46.471816,1790103226.4712875,0.0,0.0,0.0,0.0
2026-09-23T00:23:46.481923,1790103226.481285,0.0,0.0,0.0,0.0
2026-09-23T00:23:46.492024,1790103226.4912844,0.0,0.0,0.0,0.0
2026-09-23T00:23:46.502410,1790103226.501274,0.0,0.0,0.0,0.0
2026-09-23T00:23:46.511965,1790103226.511289,0.0,0.0,0.0,0.0
2026-09-23T00:23:46.521776,1790103226.5212789,0.0,0.0,0.0,0.0
2026-09-23T00:23:46.531736,1790103226.5312827,0.0,0.0,0.0,0.0
2026-09-23T00:23:46.542176,1790103226.541305,0.0,0.0,0.0,0.0
2026-09-23T00:23:46.551736,1790103226.5512753,0.0,0.0,0.0,0.0
2026-09-23T00:23:46.561850,1790103226.561293,0.0,0.0,0.0,0.0
2026-09-23T00:23:46.571796,1790103226.5712743,0.0,0.0,0.0,0.0
2026-09-23T00:23:46.581869,1790103226.5812862,0.0,0.0,0.0,0.0
2026-09-23T00:23:46.591882,1790103226.5912712,0.0,0.0,0.0,0.0
2026-09-23T00:23:46.602027,1790103226.601274,0.0,0.0,0.0,0.0
2026-09-23T00:23:46.611841,1790103226.611306,0.0,0.0,0.0,0.0
2026-09-23T00:23:46.621777,1790103226.6212797,0.0,0.0,0.0,0.0
2026-09-23T00:23:46.631754,1790103226.631267,0.0,0.0,0.0,0.0
2026-09-23T00:23:46.641796,1790103226.6412632,0.0,0.0,0.0,0.0
2026-09-23T00:23:46.652214,1790103226.6512635,0.0,0.0,0.0,0.0
2026-09-23T00:23:46.661977,1790103226.661274,0.0,0.0,0.0,0.0
2026-09-23T00:23:46.671857,1790103226.6712773,0.0,0.0,0.0,0.0
2026-09-23T00:23:46.682393,1790103226.6812766,0.0,0.0,0.0,0.0
2026-09-23T00:23:46.691868,1790103226.6912835,0.0,0.0,0.0,0.0
2026-09-23T00:23:46.702116,1790103226.70128,0.0,0.0,0.0,0.0
2026-09-23T00:23:46.711918,1790103226.7112665,0.0,0.0,0.0,0.0
2026-09-23T00:23:46.721804,1790103226.721263,0.0,0.0,0.0,0.0
2026-09-23T00:23:46.731769,1790103226.73126,0.0,0.0,0.0,0.0
2026-09-23T00:23:46.741736,1790103226.7412624,0.0,0.0,0.0,0.0
2026-09-23T00:23:46.752152,1790103226.7512767,0.0,0.0,0.0,0.0
2026-09-23T00:23:46.761796,1790103226.761277,0.0,0.0,0.0,0.0
2026-09-23T00:23:46.771869,1790103226.7712631,0.0,0.0,0.0,0.0
2026-09-23T00:23:46.781965,1790103226.7812796,0.0,0.0,0.0,0.0
2026-09-23T00:23:46.791748,1790103226.7912798,0.0,0.0,0.0,0.0
2026-09-23T00:23:46.802069,1790103226.801289,0.0,0.0,0.0,0.0
2026-09-23T00:23:46.811951,1790103226.8112786,0.0,0.0,0.0,0.0
2026-09-23T00:23:46.821783,1790103226.821272,0.0,0.0,0.0,0.0
2026-09-23T00:23:46.831838,1790103226.8312922,0.0,0.0,0.0,0.0
2026-09-23T00:23:46.841754,1790103226.8412638,0.0,0.0,0.0,0.0
2026-09-23T00:23:46.852311,1790103226.8512635,0.0,0.0,0.0,0.0
2026-09-23T00:23:46.861995,1790103226.8612864,0.0,0.0,0.0,0.0
2026-09-23T00:23:46.871765,1790103226.8712718,0.0,0.0,0.0,0.0
2026-09-23T00:23:46.881884,1790103226.881277,0.0,0.0,0.0,0.0
2026-09-23T00:23:46.891776,1790103226.8912885,0.0,0.0,0.0,0.0
2026-09-23T00:23:46.902065,1790103226.9012833,0.0,0.0,0.0,0.0
2026-09-23T00:23:46.911811,1790103226.9112616,0.0,0.0,0.0,0.0
2026-09-23T00:23:46.921763,1790103226.921268,0.0,0.0,0.0,0.0
2026-09-23T00:23:46.931858,1790103226.931267,0.0,0.0,0.0,0.0
2026-09-23T00:23:46.941850,1790103226.9412615,0.0,0.0,0.0,0.0
2026-09-23T00:23:46.951864,1790103226.951278,0.0,0.0,0.0,0.0
2026-09-23T00:23:46.962032,1790103226.961264,0.0,0.0,0.0,0.0
2026-09-23T00:23:46.971712,1790103226.9712658,0.0,0.0,0.0,0.0
2026-09-23T00:23:46.981958,1790103226.9812903,0.0,0.0,0.0,0.0
2026-09-23T00:23:46.991837,1790103226.9912784,0.0,0.0,0.0,0.0
2026-09-23T00:23:47.002015,1790103227.0012681,0.0,0.0,0.0,0.0
2026-09-23T00:23:47.012314,1790103227.0112696,0.0,0.0,0.0,0.0
2026-09-23T00:23:47.021948,1790103227.0212874,0.0,0.0,0.0,0.0
2026-09-23T00:23:47.031834,1790103227.0312674,0.0,0.0,0.0,0.0
2026-09-23T00:23:47.041824,1790103227.0412717,0.0,0.0,0.0,0.0
2026-09-23T00:23:47.052223,1790103227.0512643,0.0,0.0,0.0,0.0
2026-09-23T00:23:47.061976,1790103227.0612905,0.0,0.0,0.0,0.0
2026-09-23T00:23:47.071816,1790103227.071274,0.0,0.0,0.0,0.0
2026-09-23T00:23:47.081914,1790103227.081291,0.0,0.0,0.0,0.0
2026-09-23T00:23:47.091854,1790103227.091289,0.0,0.0,0.0,0.0
2026-09-23T00:23:47.102252,1790103227.1012769,0.0,0.0,0.0,0.0
2026-09-23T00:23:47.111764,1790103227.111263,0.0,0.0,0.0,0.0
2026-09-23T00:23:47.121785,1790103227.1212635,0.0,0.0,0.0,0.0
2026-09-23T00:23:47.131849,1790103227.1312888,0.0,0.0,0.0,0.0
2026-09-23T00:23:47.141832,1790103227.141265,0.0,0.0,0.0,0.0
2026-09-23T00:23:47.152092,1790103227.1512916,0.0,0.0,0.0,0.0
2026-09-23T00:23:47.161836,1790103227.1612833,0.0,0.0,0.0,0.0
2026-09-23T00:23:47.171720,1790103227.1712768,0.0,0.0,0.0,0.0
2026-09-23T00:23:47.182009,1790103227.1812859,0.0,0.0,0.0,0.0
2026-09-23T00:23:47.191756,1790103227.191267,0.0,0.0,0.0,0.0
2026-09-23T00:23:47.202069,1790103227.2012813,0.0,0.0,0.0,0.0
2026-09-23T00:23:47.212018,1790103227.2112715,0.0,0.0,0.0,0.0
2026-09-23T00:23:47.221779,1790103227.2212682,0.0,0.0,0.0,0.0
2026-09-23T00:23:47.231840,1790103227.2312746,0.0,0.0,0.0,0.0
2026-09-23T00:23:47.241794,1790103227.2412617,0.0,0.0,0.0,0.0
2026-09-23T00:23:47.251945,1790103227.251271,0.0,0.0,0.0,0.0
2026-09-23T00:23:47.261891,1790103227.2612696,0.0,0.0,0.0,0.0
2026-09-23T00:23:47.271914,1790103227.2712712,0.0,0.0,0.0,0.0
2026-09-23T00:23:47.281811,1790103227.28127,0.0,0.0,0.0,0.0
2026-09-23T00:23:47.291771,1790103227.2912626,0.0,0.0,0.0,0.0
2026-09-23T00:23:47.302284,1790103227.3012707,0.0,0.0,0.0,0.0
2026-09-23T00:23:47.311906,1790103227.3112683,0.0,0.0,0.0,0.0
2026-09-23T00:23:47.321936,1790103227.3212628,0.0,0.0,0.0,0.0
2026-09-23T00:23:47.331868,1790103227.3312924,0.0,0.0,0.0,0.0
2026-09-23T00:23:47.342098,1790103227.3412998,0.0,0.0,0.0,0.0
2026-09-23T00:23:47.351907,1790103227.3512907,0.0,0.0,0.0,0.0
2026-09-23T00:23:47.361872,1790103227.3612716,0.0,0.0,0.0,0.0
2026-09-23T00:23:47.371829,1790103227.3712654,0.0,0.0,0.0,0.0
2026-09-23T00:23:47.381813,1790103227.381267,0.0,0.0,0.0,0.0
2026-09-23T00:23:47.391764,1790103227.3912683,0.0,0.0,0.0,0.0
2026-09-23T00:23:47.402198,1790103227.4012656,0.0,0.0,0.0,0.0
2026-09-23T00:23:47.411830,1790103227.4112842,0.0,0.0,0.0,0.0
2026-09-23T00:23:47.421748,1790103227.4212632,0.0,0.0,0.0,0.0
2026-09-23T00:23:47.431835,1790103227.4312634,0.0,0.0,0.0,0.0
2026-09-23T00:23:47.441758,1790103227.441261,0.0,0.0,0.0,0.0
2026-09-23T00:23:47.452012,1790103227.451261,0.0,0.0,0.0,0.0
2026-09-23T00:23:47.461857,1790103227.4612646,0.0,0.0,0.0,0.0
2026-09-23T00:23:47.471854,1790103227.4712713,0.0,0.0,0.0,0.0
2026-09-23T00:23:47.481899,1790103227.4812756,0.0,0.0,0.0,0.0
2026-09-23T00:23:47.491854,1790103227.4912686,0.0,0.0,0.0,0.0
2026-09-23T00:23:47.502342,1790103227.5012968,0.0,0.0,0.0,0.0
2026-09-23T00:23:47.511841,1790103227.511265,0.0,0.0,0.0,0.0
2026-09-23T00:23:47.521906,1790103227.521304,0.0,0.0,0.0,0.0
2026-09-23T00:23:47.531815,1790103227.5312932,0.0,0.0,0.0,0.0
2026-09-23T00:23:47.541761,1790103227.5412712,0.0,0.0,0.0,0.0
2026-09-23T00:23:47.551763,1790103227.551265,0.0,0.0,0.0,0.0
2026-09-23T00:23:47.561922,1790103227.56128,0.0,0.0,0.0,0.0
2026-09-23T00:23:47.571762,1790103227.5712695,0.0,0.0,0.0,0.0
2026-09-23T00:23:47.581805,1790103227.5812833,0.0,0.0,0.0,0.0
2026-09-23T00:23:47.591713,1790103227.5912728,0.0,0.0,0.0,0.0
2026-09-23T00:23:47.601940,1790103227.6012595,0.0,0.0,0.0,0.0
2026-09-23T00:23:47.611959,1790103227.6112745,0.0,0.0,0.0,0.0
2026-09-23T00:23:47.621808,1790103227.6212611,0.0,0.0,0.0,0.0
2026-09-23T00:23:47.632202,1790103227.6312754,0.0,0.0,0.0,0.0
2026-09-23T00:23:47.641921,1790103227.6412973,0.0,0.0,0.0,0.0
2026-09-23T00:23:47.651889,1790103227.65127,0.0,0.0,0.0,0.0
2026-09-23T00:23:47.661999,1790103227.6612816,0.0,0.0,0.0,0.0
2026-09-23T00:23:47.671814,1790103227.6712635,0.0,0.0,0.0,0.0
2026-09-23T00:23:47.681820,1790103227.6812706,0.0,0.0,0.0,0.0
2026-09-23T00:23:47.691889,1790103227.6912768,0.0,0.0,0.0,0.0
2026-09-23T00:23:47.702034,1790103227.7012846,0.0,0.0,0.0,0.0
2026-09-23T00:23:47.711839,1790103227.7112722,0.0,0.0,0.0,0.0
2026-09-23T00:23:47.721834,1790103227.7212687,0.0,0.0,0.0,0.0
2026-09-23T00:23:47.731893,1790103227.7312684,0.0,0.0,0.0,0.0
2026-09-23T00:23:47.741813,1790103227.7412655,0.0,0.0,0.0,0.0
2026-09-23T00:23:47.751800,1790103227.7512662,0.0,0.0,0.0,0.0
2026-09-23T00:23:47.761857,1790103227.7612615,0.0,0.0,0.0,0.0
2026-09-23T00:23:47.771774,1790103227.7712681,0.0,0.0,0.0,0.0
2026-09-23T00:23:47.781880,1790103227.7812636,0.0,0.0,0.0,0.0
2026-09-23T00:23:47.791801,1790103227.7912633,0.0,0.0,0.0,0.0
2026-09-23T00:23:47.802097,1790103227.8012843,0.0,0.0,0.0,0.0
2026-09-23T00:23:47.811798,1790103227.8112586,0.0,0.0,0.0,0.0
2026-09-23T00:23:47.822203,1790103227.821278,0.0,0.0,0.0,0.0
2026-09-23T00:23:47.831931,1790103227.831269,0.0,0.0,0.0,0.0
2026-09-23T00:23:47.841766,1790103227.8412642,0.0,0.0,0.0,0.0
2026-09-23T00:23:47.852437,1790103227.8513122,0.0,0.0,0.0,0.0
2026-09-23T00:23:47.861844,1790103227.8612864,0.0,0.0,0.0,0.0
2026-09-23T00:23:47.871739,1790103227.871264,0.0,0.0,0.0,0.0
2026-09-23T00:23:47.881851,1790103227.8812761,0.0,0.0,0.0,0.0
2026-09-23T00:23:47.891778,1790103227.8912623,0.0,0.0,0.0,0.0
2026-09-23T00:23:47.901993,1790103227.901279,0.0,0.0,0.0,0.0
2026-09-23T00:23:47.911831,1790103227.911286,0.0,0.0,0.0,0.0
2026-09-23T00:23:47.921784,1790103227.9212732,0.0,0.0,0.0,0.0
2026-09-23T00:23:47.931920,1790103227.9312844,0.0,0.0,0.0,0.0
2026-09-23T00:23:47.941768,1790103227.9412563,0.0,0.0,0.0,0.0
2026-09-23T00:23:47.951939,1790103227.9512787,0.0,0.0,0.0,0.0
2026-09-23T00:23:47.961816,1790103227.961264,0.0,0.0,0.0,0.0
2026-09-23T00:23:47.971728,1790103227.9712632,0.0,0.0,0.0,0.0
2026-09-23T00:23:47.982155,1790103227.9812825,0.0,0.0,0.0,0.0
2026-09-23T00:23:47.991840,1790103227.9912918,0.0,0.0,0.0,0.0
2026-09-23T00:23:48.001988,1790103228.0012782,0.0,0.0,0.0,0.0
2026-09-23T00:23:48.011890,1790103228.0112815,0.0,0.0,0.0,0.0
2026-09-23T00:23:48.021801,1790103228.0212784,0.0,0.0,0.0,0.0
2026-09-23T00:23:48.032068,1790103228.0312777,0.0,0.0,0.0,0.0
2026-09-23T00:23:48.041831,1790103228.0412803,0.0,0.0,0.0,0.0
2026-09-23T00:23:48.051905,1790103228.0512655,0.0,0.0,0.0,0.0
2026-09-23T00:23:48.061854,1790103228.061281,0.0,0.0,0.0,0.0
2026-09-23T00:23:48.071778,1790103228.071264,0.0,0.0,0.0,0.0
2026-09-23T00:23:48.082046,1790103228.0812633,0.0,0.0,0.0,0.0
2026-09-23T00:23:48.091760,1790103228.091268,0.0,0.0,0.0,0.0
2026-09-23T00:23:48.102027,1790103228.1012604,0.0,0.0,0.0,0.0
2026-09-23T00:23:48.111895,1790103228.1112857,0.0,0.0,0.0,0.0
2026-09-23T00:23:48.121987,1790103228.1212716,0.0,0.0,0.0,0.0
2026-09-23T00:23:48.131821,1790103228.1312628,0.0,0.0,0.0,0.0
2026-09-23T00:23:48.141888,1790103228.141284,0.0,0.0,0.0,0.0
2026-09-23T00:23:48.151901,1790103228.1512651,0.0,0.0,0.0,0.0
2026-09-23T00:23:48.161772,1790103228.1612642,0.0,0.0,0.0,0.0
2026-09-23T00:23:48.171876,1790103228.171265,0.0,0.0,0.0,0.0
2026-09-23T00:23:48.181998,1790103228.1812732,0.0,0.0,0.0,0.0
2026-09-23T00:23:48.191929,1790103228.1912668,0.0,0.0,0.0,0.0
2026-09-23T00:23:48.202109,1790103228.2012634,0.0,0.0,0.0,0.0
2026-09-23T00:23:48.211824,1790103228.2112672,0.0,0.0,0.0,0.0
2026-09-23T00:23:48.221809,1790103228.2212744,0.0,0.0,0.0,0.0
2026-09-23T00:23:48.231958,1790103228.2312717,0.0,0.0,0.0,0.0
2026-09-23T00:23:48.241784,1790103228.2412608,0.0,0.0,0.0,0.0
2026-09-23T00:23:48.251897,1790103228.2512596,0.0,0.0,0.0,0.0
2026-09-23T00:23:48.261774,1790103228.261265,0.0,0.0,0.0,0.0
2026-09-23T00:23:48.271941,1790103228.2712877,0.0,0.0,0.0,0.0
2026-09-23T00:23:48.281984,1790103228.2812738,0.0,0.0,0.0,0.0
2026-09-23T00:23:48.291836,1790103228.2912745,0.0,0.0,0.0,0.0
2026-09-23T00:23:48.302346,1790103228.3013034,0.0,0.0,0.0,0.0
2026-09-23T00:23:48.311779,1790103228.311283,0.0,0.0,0.0,0.0
2026-09-23T00:23:48.321740,1790103228.3212566,0.0,0.0,0.0,0.0
2026-09-23T00:23:48.331879,1790103228.3312716,0.0,0.0,0.0,0.0
2026-09-23T00:23:48.341789,1790103228.3412833,0.0,0.0,0.0,0.0
2026-09-23T00:23:48.351765,1790103228.3512647,0.0,0.0,0.0,0.0
2026-09-23T00:23:48.361830,1790103228.3612883,0.0,0.0,0.0,0.0
2026-09-23T00:23:48.371793,1790103228.3712797,0.0,0.0,0.0,0.0
2026-09-23T00:23:48.381886,1790103228.3812768,0.0,0.0,0.0,0.0
2026-09-23T00:23:48.391865,1790103228.3912754,0.0,0.0,0.0,0.0
2026-09-23T00:23:48.401919,1790103228.4012678,0.0,0.0,0.0,0.0
2026-09-23T00:23:48.411821,1790103228.4112825,0.0,0.0,0.0,0.0
2026-09-23T00:23:48.421768,1790103228.4212773,0.0,0.0,0.0,0.0
2026-09-23T00:23:48.431946,1790103228.431276,0.0,0.0,0.0,0.0
2026-09-23T00:23:48.441872,1790103228.4412787,0.0,0.0,0.0,0.0
2026-09-23T00:23:48.451786,1790103228.4512749,0.0,0.0,0.0,0.0
2026-09-23T00:23:48.461979,1790103228.4612894,0.0,0.0,0.0,0.0
2026-09-23T00:23:48.471753,1790103228.471269,0.0,0.0,0.0,0.0
2026-09-23T00:23:48.482299,1790103228.4812644,0.0,0.0,0.0,0.0
2026-09-23T00:23:48.491842,1790103228.4912694,0.0,0.0,0.0,0.0
2026-09-23T00:23:48.502146,1790103228.5012627,0.0,0.0,0.0,0.0
2026-09-23T00:23:48.511872,1790103228.5112886,0.0,0.0,0.0,0.0
2026-09-23T00:23:48.521786,1790103228.5212758,0.0,0.0,0.0,0.0
2026-09-23T00:23:48.531925,1790103228.5312877,0.0,0.0,0.0,0.0
2026-09-23T00:23:48.541795,1790103228.5412745,0.0,0.0,0.0,0.0
2026-09-23T00:23:48.551928,1790103228.5512717,0.0,0.0,0.0,0.0
2026-09-23T00:23:48.561834,1790103228.5612633,0.0,0.0,0.0,0.0
2026-09-23T00:23:48.571791,1790103228.571255,0.0,0.0,0.0,0.0
2026-09-23T00:23:48.581825,1790103228.5812736,0.0,0.0,0.0,0.0
2026-09-23T00:23:48.591788,1790103228.591267,0.0,0.0,0.0,0.0
2026-09-23T00:23:48.602005,1790103228.6012633,0.0,0.0,0.0,0.0
2026-09-23T00:23:48.611854,1790103228.611272,0.0,0.0,0.0,0.0
2026-09-23T00:23:48.622074,1790103228.6212785,0.0,0.0,0.0,0.0
2026-09-23T00:23:48.631772,1790103228.6312635,0.0,0.0,0.0,0.0
2026-09-23T00:23:48.641746,1790103228.6412625,0.0,0.0,0.0,0.0
2026-09-23T00:23:48.651966,1790103228.6512759,0.0,0.0,0.0,0.0
2026-09-23T00:23:48.661805,1790103228.6612675,0.0,0.0,0.0,0.0
2026-09-23T00:23:48.671727,1790103228.671288,0.0,0.0,0.0,0.0
2026-09-23T00:23:48.681891,1790103228.6812806,0.0,0.0,0.0,0.0
2026-09-23T00:23:48.691815,1790103228.6912935,0.0,0.0,0.0,0.0
2026-09-23T00:23:48.701989,1790103228.7012744,0.0,0.0,0.0,0.0
2026-09-23T00:23:48.712241,1790103228.7112784,0.0,0.0,0.0,0.0
2026-09-23T00:23:48.721862,1790103228.7212687,0.0,0.0,0.0,0.0
2026-09-23T00:23:48.731848,1790103228.7312787,0.0,0.0,0.0,0.0
2026-09-23T00:23:48.741854,1790103228.741277,0.0,0.0,0.0,0.0
2026-09-23T00:23:48.751970,1790103228.7513094,0.0,0.0,0.0,0.0
2026-09-23T00:23:48.761811,1790103228.7612762,0.0,0.0,0.0,0.0
2026-09-23T00:23:48.771739,1790103228.771278,0.0,0.0,0.0,0.0
2026-09-23T00:23:48.782065,1790103228.781292,0.0,0.0,0.0,0.0
2026-09-23T00:23:48.791851,1790103228.7912872,0.0,0.0,0.0,0.0
2026-09-23T00:23:48.801947,1790103228.8012595,0.0,0.0,0.0,0.0
2026-09-23T00:23:48.811804,1790103228.811294,0.0,0.0,0.0,0.0
2026-09-23T00:23:48.821883,1790103228.821277,0.0,0.0,0.0,0.0
2026-09-23T00:23:48.831968,1790103228.831288,0.0,0.0,0.0,0.0
2026-09-23T00:23:48.841894,1790103228.8412368,0.0,0.0,0.0,0.0
2026-09-23T00:23:48.851887,1790103228.851266,0.0,0.0,0.0,0.0
2026-09-23T00:23:48.861874,1790103228.8613143,0.0,0.0,0.0,0.0
2026-09-23T00:23:48.871732,1790103228.8712676,0.0,0.0,0.0,0.0
2026-09-23T00:23:48.881787,1790103228.881266,0.0,0.0,0.0,0.0
2026-09-23T00:23:48.891933,1790103228.8913116,0.0,0.0,0.0,0.0
2026-09-23T00:23:48.901965,1790103228.9012735,0.0,0.0,0.0,0.0
2026-09-23T00:23:48.912203,1790103228.911281,0.0,0.0,0.0,0.0
2026-09-23T00:23:48.921885,1790103228.9212759,0.0,0.0,0.0,0.0
2026-09-23T00:23:48.931791,1790103228.931266,0.0,0.0,0.0,0.0
2026-09-23T00:23:48.942017,1790103228.9413166,0.0,0.0,0.0,0.0
2026-09-23T00:23:48.952055,1790103228.9512715,0.0,0.0,0.0,0.0
2026-09-23T00:23:48.961843,1790103228.9612663,0.0,0.0,0.0,0.0
2026-09-23T00:23:48.971792,1790103228.9712844,0.0,0.0,0.0,0.0
2026-09-23T00:23:48.981816,1790103228.9812818,0.0,0.0,0.0,0.0
2026-09-23T00:23:48.991662,1790103228.9912786,0.0,0.0,0.0,0.0
2026-09-23T00:23:49.002081,1790103229.0012815,0.0,0.0,0.0,0.0
2026-09-23T00:23:49.011760,1790103229.011278,0.0,0.0,0.0,0.0
2026-09-23T00:23:49.021750,1790103229.02128,0.0,0.0,0.0,0.0
2026-09-23T00:23:49.031789,1790103229.031282,0.0,0.0,0.0,0.0
2026-09-23T00:23:49.041805,1790103229.041273,0.0,0.0,0.0,0.0
2026-09-23T00:23:49.051877,1790103229.0512414,0.0,0.0,0.0,0.0
2026-09-23T00:23:49.061830,1790103229.0612698,0.0,0.0,0.0,0.0
2026-09-23T00:23:49.071885,1790103229.0712717,0.0,0.0,0.0,0.0
2026-09-23T00:23:49.081804,1790103229.0812604,0.0,0.0,0.0,0.0
2026-09-23T00:23:49.091759,1790103229.091265,0.0,0.0,0.0,0.0
2026-09-23T00:23:49.102145,1790103229.1012723,0.0,0.0,0.0,0.0
2026-09-23T00:23:49.111816,1790103229.1112618,0.0,0.0,0.0,0.0
2026-09-23T00:23:49.121823,1790103229.1212623,0.0,0.0,0.0,0.0
2026-09-23T00:23:49.131800,1790103229.1312711,0.0,0.0,0.0,0.0
2026-09-23T00:23:49.141816,1790103229.1412613,0.0,0.0,0.0,0.0
2026-09-23T00:23:49.151875,1790103229.1512647,0.0,0.0,0.0,0.0
2026-09-23T00:23:49.161773,1790103229.1612635,0.0,0.0,0.0,0.0
2026-09-23T00:23:49.171788,1790103229.1712685,0.0,0.0,0.0,0.0
2026-09-23T00:23:49.182309,1790103229.1812732,0.0,0.0,0.0,0.0
2026-09-23T00:23:49.191718,1790103229.1912792,0.0,0.0,0.0,0.0
2026-09-23T00:23:49.202057,1790103229.2012892,0.0,0.0,0.0,0.0
2026-09-23T00:23:49.211821,1790103229.2112837,0.0,0.0,0.0,0.0
2026-09-23T00:23:49.221849,1790103229.221284,0.0,0.0,0.0,0.0
2026-09-23T00:23:49.231955,1790103229.2312918,0.0,0.0,0.0,0.0
2026-09-23T00:23:49.241768,1790103229.2412906,0.0,0.0,0.0,0.0
2026-09-23T00:23:49.251803,1790103229.2512693,0.0,0.0,0.0,0.0
2026-09-23T00:23:49.261970,1790103229.2612672,0.0,0.0,0.0,0.0
2026-09-23T00:23:49.271718,1790103229.2712588,0.0,0.0,0.0,0.0
2026-09-23T00:23:49.281849,1790103229.2812674,0.0,0.0,0.0,0.0
2026-09-23T00:23:49.291755,1790103229.2912624,0.0,0.0,0.0,0.0
2026-09-23T00:23:49.302002,1790103229.3012745,0.0,0.0,0.0,0.0
2026-09-23T00:23:49.311723,1790103229.3112495,0.0,0.0,0.0,0.0
2026-09-23T00:23:49.321776,1790103229.3212793,0.0,0.0,0.0,0.0
2026-09-23T00:23:49.331904,1790103229.3312764,0.0,0.0,0.0,0.0
2026-09-23T00:23:49.341912,1790103229.3412695,0.0,0.0,0.0,0.0
2026-09-23T00:23:49.351802,1790103229.351247,0.0,0.0,0.0,0.0
2026-09-23T00:23:49.361857,1790103229.3612828,0.0,0.0,0.0,0.0
2026-09-23T00:23:49.371711,1790103229.3712773,0.0,0.0,0.0,0.0
2026-09-23T00:23:49.381770,1790103229.38126,0.0,0.0,0.0,0.0
2026-09-23T00:23:49.391915,1790103229.391277,0.0,0.0,0.0,0.0
2026-09-23T00:23:49.401974,1790103229.401282,0.0,0.0,0.0,0.0
2026-09-23T00:23:49.411741,1790103229.4112458,0.0,0.0,0.0,0.0
2026-09-23T00:23:49.422876,1790103229.4213362,0.0,0.0,0.0,0.0
2026-09-23T00:23:49.431731,1790103229.4312718,0.0,0.0,0.0,0.0
2026-09-23T00:23:49.441811,1790103229.44128,0.0,0.0,0.0,0.0
2026-09-23T00:23:49.451967,1790103229.4512658,0.0,0.0,0.0,0.0
2026-09-23T00:23:49.461838,1790103229.4612675,0.0,0.0,0.0,0.0
2026-09-23T00:23:49.471792,1790103229.471305,0.0,0.0,0.0,0.0
2026-09-23T00:23:49.481843,1790103229.4812853,0.0,0.0,0.0,0.0
2026-09-23T00:23:49.491836,1790103229.491234,0.0,0.0,0.0,0.0
2026-09-23T00:23:49.502081,1790103229.5012658,0.0,0.0,0.0,0.0
2026-09-23T00:23:49.511789,1790103229.5112662,0.0,0.0,0.0,0.0
2026-09-23T00:23:49.521826,1790103229.521328,0.0,0.0,0.0,0.0
2026-09-23T00:23:49.531695,1790103229.5312622,0.0,0.0,0.0,0.0
2026-09-23T00:23:49.541745,1790103229.5412602,0.0,0.0,0.0,0.0
2026-09-23T00:23:49.551909,1790103229.5512683,0.0,0.0,0.0,0.0
2026-09-23T00:23:49.561822,1790103229.5612767,0.0,0.0,0.0,0.0
2026-09-23T00:23:49.571867,1790103229.571346,0.0,0.0,0.0,0.0
2026-09-23T00:23:49.581914,1790103229.5812535,0.0,0.0,0.0,0.0
2026-09-23T00:23:49.591831,1790103229.5912607,0.0,0.0,0.0,0.0
2026-09-23T00:23:49.602300,1790103229.6012588,0.0,0.0,0.0,0.0
2026-09-23T00:23:49.611978,1790103229.6112776,0.0,0.0,0.0,0.0
2026-09-23T00:23:49.621825,1790103229.6213448,0.0,0.0,0.0,0.0
2026-09-23T00:23:49.631826,1790103229.631281,0.0,0.0,0.0,0.0
2026-09-23T00:23:49.641810,1790103229.6412783,0.0,0.0,0.0,0.0
2026-09-23T00:23:49.651801,1790103229.651256,0.0,0.0,0.0,0.0
2026-09-23T00:23:49.661797,1790103229.6612766,0.0,0.0,0.0,0.0
2026-09-23T00:23:49.671914,1790103229.6713536,0.0,0.0,0.0,0.0
2026-09-23T00:23:49.681788,1790103229.6812587,0.0,0.0,0.0,0.0
2026-09-23T00:23:49.691769,1790103229.6912615,0.0,0.0,0.0,0.0
2026-09-23T00:23:49.702053,1790103229.701267,0.0,0.0,0.0,0.0
2026-09-23T00:23:49.711884,1790103229.7112713,0.0,0.0,0.0,0.0
2026-09-23T00:23:49.721909,1790103229.7213597,0.0,0.0,0.0,0.0
2026-09-23T00:23:49.731767,1790103229.731254,0.0,0.0,0.0,0.0
2026-09-23T00:23:49.742069,1790103229.7413235,0.0,0.0,0.0,0.0
2026-09-23T00:23:49.751819,1790103229.7512693,0.0,0.0,0.0,0.0
2026-09-23T00:23:49.761886,1790103229.7612455,0.0,0.0,0.0,0.0
2026-09-23T00:23:49.771975,1790103229.7712693,0.0,0.0,0.0,0.0
2026-09-23T00:23:49.781807,1790103229.7812734,0.0,0.0,0.0,0.0
2026-09-23T00:23:49.791705,1790103229.7912343,0.0,0.0,0.0,0.0
2026-09-23T00:23:49.802041,1790103229.8013158,0.0,0.0,0.0,0.0
2026-09-23T00:23:49.811745,1790103229.8112712,0.0,0.0,0.0,0.0
2026-09-23T00:23:49.821850,1790103229.821289,0.0,0.0,0.0,0.0
2026-09-23T00:23:49.831764,1790103229.831268,0.0,0.0,0.0,0.0
2026-09-23T00:23:49.841944,1790103229.8412673,0.0,0.0,0.0,0.0
2026-09-23T00:23:49.851943,1790103229.851261,0.0,0.0,0.0,0.0
2026-09-23T00:23:49.861782,1790103229.8612592,0.0,0.0,0.0,0.0
2026-09-23T00:23:49.871862,1790103229.871267,0.0,0.0,0.0,0.0
2026-09-23T00:23:49.881889,1790103229.8813777,0.0,0.0,0.0,0.0
2026-09-23T00:23:49.891837,1790103229.891261,0.0,0.0,0.0,0.0
2026-09-23T00:23:49.902432,1790103229.9012787,0.0,0.0,0.0,0.0
2026-09-23T00:23:49.911778,1790103229.9112697,0.0,0.0,0.0,0.0
2026-09-23T00:23:49.921894,1790103229.9212682,0.0,0.0,0.0,0.0
2026-09-23T00:23:49.931753,1790103229.9312637,0.0,0.0,0.0,0.0
2026-09-23T00:23:49.942009,1790103229.941278,0.0,0.0,0.0,0.0
2026-09-23T00:23:49.952139,1790103229.9512742,0.0,0.0,0.0,0.0
2026-09-23T00:23:49.961964,1790103229.9612873,0.0,0.0,0.0,0.0
2026-09-23T00:23:49.971915,1790103229.9712691,0.0,0.0,0.0,0.0
2026-09-23T00:23:49.981826,1790103229.9812605,0.0,0.0,0.0,0.0
2026-09-23T00:23:49.991861,1790103229.9912782,0.0,0.0,0.0,0.0
2026-09-23T00:23:50.002074,1790103230.0012732,0.0,0.0,0.0,0.0
2026-09-23T00:23:50.011901,1790103230.0112793,0.0,0.0,0.0,0.0
2026-09-23T00:23:50.021980,1790103230.0212727,0.0,0.0,0.0,0.0
2026-09-23T00:23:50.031743,1790103230.0312788,0.0,0.0,0.0,0.0
2026-09-23T00:23:50.041785,1790103230.0412772,0.0,0.0,0.0,0.0
2026-09-23T00:23:50.051982,1790103230.051284,0.0,0.0,0.0,0.0
2026-09-23T00:23:50.062059,1790103230.0612934,0.0,0.0,0.0,0.0
2026-09-23T00:23:50.072019,1790103230.071319,0.0,0.0,0.0,0.0
2026-09-23T00:23:50.081776,1790103230.081262,0.0,0.0,0.0,0.0
2026-09-23T00:23:50.091814,1790103230.0912585,0.0,0.0,0.0,0.0
2026-09-23T00:23:50.102096,1790103230.1012866,0.0,0.0,0.0,0.0
2026-09-23T00:23:50.111781,1790103230.1112773,0.0,0.0,0.0,0.0
2026-09-23T00:23:50.121915,1790103230.1212747,0.0,0.0,0.0,0.0
2026-09-23T00:23:50.131707,1790103230.1312795,0.0,0.0,0.0,0.0
2026-09-23T00:23:50.141729,1790103230.1412327,0.0,0.0,0.0,0.0
2026-09-23T00:23:50.151970,1790103230.1512473,0.0,0.0,0.0,0.0
2026-09-23T00:23:50.161872,1790103230.1612883,0.0,0.0,0.0,0.0
2026-09-23T00:23:50.171970,1790103230.171236,0.0,0.0,0.0,0.0
2026-09-23T00:23:50.181933,1790103230.1812778,0.0,0.0,0.0,0.0
2026-09-23T00:23:50.191885,1790103230.1912758,0.0,0.0,0.0,0.0
2026-09-23T00:23:50.202022,1790103230.2012856,0.0,0.0,0.0,0.0
2026-09-23T00:23:50.211965,1790103230.2112536,0.0,0.0,0.0,0.0
2026-09-23T00:23:50.221998,1790103230.2212684,0.0,0.0,0.0,0.0
2026-09-23T00:23:50.231782,1790103230.2312672,0.0,0.0,0.0,0.0
2026-09-23T00:23:50.241803,1790103230.2412703,0.0,0.0,0.0,0.0
2026-09-23T00:23:50.252180,1790103230.2512646,0.0,0.0,0.0,0.0
2026-09-23T00:23:50.261863,1790103230.2612743,0.0,0.0,0.0,0.0
2026-09-23T00:23:50.271929,1790103230.2712662,0.0,0.0,0.0,0.0
2026-09-23T00:23:50.281835,1790103230.2812626,0.0,0.0,0.0,0.0
2026-09-23T00:23:50.291790,1790103230.2912676,0.0,0.0,0.0,0.0
2026-09-23T00:23:50.302210,1790103230.3012753,0.0,0.0,0.0,0.0
2026-09-23T00:23:50.311845,1790103230.3112624,0.0,0.0,0.0,0.0
2026-09-23T00:23:50.321860,1790103230.3212574,0.0,0.0,0.0,0.0
2026-09-23T00:23:50.331672,1790103230.3312728,0.0,0.0,0.0,0.0
2026-09-23T00:23:50.341756,1790103230.3412673,0.0,0.0,0.0,0.0
2026-09-23T00:23:50.351963,1790103230.351317,0.0,0.0,0.0,0.0
2026-09-23T00:23:50.361776,1790103230.3612645,0.0,0.0,0.0,0.0
2026-09-23T00:23:50.371939,1790103230.3712692,0.0,0.0,0.0,0.0
2026-09-23T00:23:50.382159,1790103230.3813791,0.0,0.0,0.0,0.0
2026-09-23T00:23:50.391758,1790103230.3912466,0.0,0.0,0.0,0.0
2026-09-23T00:23:50.402094,1790103230.4012787,0.0,0.0,0.0,0.0
2026-09-23T00:23:50.411706,1790103230.4112778,0.0,0.0,0.0,0.0
2026-09-23T00:23:50.421865,1790103230.421281,0.0,0.0,0.0,0.0
2026-09-23T00:23:50.431817,1790103230.4312763,0.0,0.0,0.0,0.0
2026-09-23T00:23:50.441826,1790103230.4412801,0.0,0.0,0.0,0.0
2026-09-23T00:23:50.452074,1790103230.4512935,0.0,0.0,0.0,0.0
2026-09-23T00:23:50.461899,1790103230.4613075,0.0,0.0,0.0,0.0
2026-09-23T00:23:50.471865,1790103230.4712682,0.0,0.0,0.0,0.0
2026-09-23T00:23:50.481790,1790103230.4812853,0.0,0.0,0.0,0.0
2026-09-23T00:23:50.491890,1790103230.4912767,0.0,0.0,0.0,0.0
2026-09-23T00:23:50.501975,1790103230.5012782,0.0,0.0,0.0,0.0
2026-09-23T00:23:50.511798,1790103230.5112376,0.0,0.0,0.0,0.0
2026-09-23T00:23:50.522064,1790103230.5212717,0.0,0.0,0.0,0.0
2026-09-23T00:23:50.531722,1790103230.5312634,0.0,0.0,0.0,0.0
2026-09-23T00:23:50.541959,1790103230.5412924,0.0,0.0,0.0,0.0
2026-09-23T00:23:50.552164,1790103230.5512972,0.0,0.0,0.0,0.0
2026-09-23T00:23:50.561763,1790103230.5612397,0.0,0.0,0.0,0.0
2026-09-23T00:23:50.571896,1790103230.571269,0.0,0.0,0.0,0.0
2026-09-23T00:23:50.581801,1790103230.5812404,0.0,0.0,0.0,0.0
2026-09-23T00:23:50.591885,1790103230.591264,0.0,0.0,0.0,0.0
2026-09-23T00:23:50.602219,1790103230.6012688,0.0,0.0,0.0,0.0
2026-09-23T00:23:50.611771,1790103230.6112664,0.0,0.0,0.0,0.0
2026-09-23T00:23:50.621982,1790103230.6212904,0.0,0.0,0.0,0.0
2026-09-23T00:23:50.631893,1790103230.631271,0.0,0.0,0.0,0.0
2026-09-23T00:23:50.641869,1790103230.64127,0.0,0.0,0.0,0.0
2026-09-23T00:23:50.652105,1790103230.6512961,0.0,0.0,0.0,0.0
2026-09-23T00:23:50.661846,1790103230.6612673,0.0,0.0,0.0,0.0
2026-09-23T00:23:50.671977,1790103230.6712673,0.0,0.0,0.0,0.0
2026-09-23T00:23:50.681791,1790103230.681267,0.0,0.0,0.0,0.0
2026-09-23T00:23:50.691970,1790103230.6913056,0.0,0.0,0.0,0.0
2026-09-23T00:23:50.702340,1790103230.7013206,0.0,0.0,0.0,0.0
2026-09-23T00:23:50.711811,1790103230.711268,0.0,0.0,0.0,0.0
2026-09-23T00:23:50.721948,1790103230.7212903,0.0,0.0,0.0,0.0
2026-09-23T00:23:50.731795,1790103230.7312627,0.0,0.0,0.0,0.0
2026-09-23T00:23:50.741969,1790103230.7412748,0.0,0.0,0.0,0.0
2026-09-23T00:23:50.752511,1790103230.751292,0.0,0.0,0.0,0.0
2026-09-23T00:23:50.761970,1790103230.7612622,0.0,0.0,0.0,0.0
2026-09-23T00:23:50.771978,1790103230.7712703,0.0,0.0,0.0,0.0
2026-09-23T00:23:50.781750,1790103230.7812593,0.0,0.0,0.0,0.0
2026-09-23T00:23:50.791819,1790103230.7912657,0.0,0.0,0.0,0.0
2026-09-23T00:23:50.802068,1790103230.8012636,0.0,0.0,0.0,0.0
2026-09-23T00:23:50.811918,1790103230.8112624,0.0,0.0,0.0,0.0
2026-09-23T00:23:50.821883,1790103230.821247,0.0,0.0,0.0,0.0
2026-09-23T00:23:50.831727,1790103230.8312645,0.0,0.0,0.0,0.0
2026-09-23T00:23:50.841834,1790103230.8413,0.0,0.0,0.0,0.0
2026-09-23T00:23:50.852221,1790103230.8513021,0.0,0.0,0.0,0.0
2026-09-23T00:23:50.862051,1790103230.8612883,0.0,0.0,0.0,0.0
2026-09-23T00:23:50.871828,1790103230.8712409,0.0,0.0,0.0,0.0
2026-09-23T00:23:50.881734,1790103230.8812435,0.0,0.0,0.0,0.0
2026-09-23T00:23:50.891835,1790103230.8912637,0.0,0.0,0.0,0.0
2026-09-23T00:23:50.902149,1790103230.9012837,0.0,0.0,0.0,0.0
2026-09-23T00:23:50.911757,1790103230.9112468,0.0,0.0,0.0,0.0
2026-09-23T00:23:50.921880,1790103230.9212806,0.0,0.0,0.0,0.0
2026-09-23T00:23:50.931791,1790103230.9312766,0.0,0.0,0.0,0.0
2026-09-23T00:23:50.941787,1790103230.941278,0.0,0.0,0.0,0.0
2026-09-23T00:23:50.952026,1790103230.951311,0.0,0.0,0.0,0.0
2026-09-23T00:23:50.961861,1790103230.9612713,0.0,0.0,0.0,0.0
2026-09-23T00:23:50.971910,1790103230.9712665,0.0,0.0,0.0,0.0
2026-09-23T00:23:50.981931,1790103230.9812906,0.0,0.0,0.0,0.0
2026-09-23T00:23:50.991921,1790103230.99127,0.0,0.0,0.0,0.0
2026-09-23T00:23:51.002573,1790103231.0013654,0.0,0.0,0.0,0.0
2026-09-23T00:23:51.012012,1790103231.0112646,0.0,0.0,0.0,0.0
2026-09-23T00:23:51.022087,1790103231.0212936,0.0,0.0,0.0,0.0
2026-09-23T00:23:51.031759,1790103231.0312762,0.0,0.0,0.0,0.0
2026-09-23T00:23:51.041830,1790103231.0412712,0.0,0.0,0.0,0.0
2026-09-23T00:23:51.052210,1790103231.0513728,0.0,0.0,0.0,0.0
2026-09-23T00:23:51.061912,1790103231.06129,0.0,0.0,0.0,0.0
2026-09-23T00:23:51.071901,1790103231.0712824,0.0,0.0,0.0,0.0
2026-09-23T00:23:51.083175,1790103231.081278,0.0,0.0,0.0,0.0
2026-09-23T00:23:51.092087,1790103231.09128,0.0,0.0,0.0,0.0
2026-09-23T00:23:51.102266,1790103231.1013274,0.0,0.0,0.0,0.0
2026-09-23T00:23:51.111700,1790103231.1112642,0.0,0.0,0.0,0.0
2026-09-23T00:23:51.121790,1790103231.121282,0.0,0.0,0.0,0.0
2026-09-23T00:23:51.131724,1790103231.1312757,0.0,0.0,0.0,0.0
2026-09-23T00:23:51.141743,1790103231.1412594,0.0,0.0,0.0,0.0
2026-09-23T00:23:51.151918,1790103231.1512575,0.0,0.0,0.0,0.0
2026-09-23T00:23:51.161788,1790103231.1612375,0.0,0.0,0.0,0.0
2026-09-23T00:23:51.171742,1790103231.1712673,0.0,0.0,0.0,0.0
2026-09-23T00:23:51.182302,1790103231.1812828,0.0,0.0,0.0,0.0
2026-09-23T00:23:51.191972,1790103231.1912744,0.0,0.0,0.0,0.0
2026-09-23T00:23:51.202400,1790103231.2013466,0.0,0.0,0.0,0.0
2026-09-23T00:23:51.211853,1790103231.2112837,0.0,0.0,0.0,0.0
2026-09-23T00:23:51.221756,1790103231.2212474,0.0,0.0,0.0,0.0
2026-09-23T00:23:51.231756,1790103231.2312748,0.0,0.0,0.0,0.0
2026-09-23T00:23:51.241784,1790103231.2412589,0.0,0.0,0.0,0.0
2026-09-23T00:23:51.252228,1790103231.2513297,0.0,0.0,0.0,0.0
2026-09-23T00:23:51.261865,1790103231.2612677,0.0,0.0,0.0,0.0
2026-09-23T00:23:51.272075,1790103231.2712743,0.0,0.0,0.0,0.0
2026-09-23T00:23:51.281816,1790103231.2812698,0.0,0.0,0.0,0.0
2026-09-23T00:23:51.291765,1790103231.291263,0.0,0.0,0.0,0.0
2026-09-23T00:23:51.302381,1790103231.3013315,0.0,0.0,0.0,0.0
2026-09-23T00:23:51.311915,1790103231.31127,0.0,0.0,0.0,0.0
2026-09-23T00:23:51.321855,1790103231.321268,0.0,0.0,0.0,0.0
2026-09-23T00:23:51.331775,1790103231.331268,0.0,0.0,0.0,0.0
2026-09-23T00:23:51.342075,1790103231.3412821,0.0,0.0,0.0,0.0
2026-09-23T00:23:51.352233,1790103231.3513288,0.0,0.0,0.0,0.0
2026-09-23T00:23:51.361793,1790103231.3612607,0.0,0.0,0.0,0.0
2026-09-23T00:23:51.371891,1790103231.371265,0.0,0.0,0.0,0.0
2026-09-23T00:23:51.381776,1790103231.3812597,0.0,0.0,0.0,0.0
2026-09-23T00:23:51.391730,1790103231.3912644,0.0,0.0,0.0,0.0
2026-09-23T00:23:51.402651,1790103231.401298,0.0,0.0,0.0,0.0
2026-09-23T00:23:51.411774,1790103231.4112613,0.0,0.0,0.0,0.0
2026-09-23T00:23:51.422042,1790103231.4212682,0.0,0.0,0.0,0.0
2026-09-23T00:23:51.431940,1790103231.43126,0.0,0.0,0.0,0.0
2026-09-23T00:23:51.441799,1790103231.441251,0.0,0.0,0.0,0.0
2026-09-23T00:23:51.452307,1790103231.4513488,0.0,0.0,0.0,0.0
2026-09-23T00:23:51.461796,1790103231.4612706,0.0,0.0,0.0,0.0
2026-09-23T00:23:51.471909,1790103231.4712832,0.0,0.0,0.0,0.0
2026-09-23T00:23:51.481857,1790103231.4812717,0.0,0.0,0.0,0.0
2026-09-23T00:23:51.491792,1790103231.4912653,0.0,0.0,0.0,0.0
2026-09-23T00:23:51.502449,1790103231.501342,0.0,0.0,0.0,0.0
2026-09-23T00:23:51.511881,1790103231.511291,0.0,0.0,0.0,0.0
2026-09-23T00:23:51.521832,1790103231.5212696,0.0,0.0,0.0,0.0
2026-09-23T00:23:51.531848,1790103231.5312417,0.0,0.0,0.0,0.0
2026-09-23T00:23:51.541821,1790103231.5412652,0.0,0.0,0.0,0.0
2026-09-23T00:23:51.552412,1790103231.5513403,0.0,0.0,0.0,0.0
2026-09-23T00:23:51.561852,1790103231.5612655,0.0,0.0,0.0,0.0
2026-09-23T00:23:51.571701,1790103231.5712729,0.0,0.0,0.0,0.0
2026-09-23T00:23:51.581803,1790103231.5812693,0.0,0.0,0.0,0.0
2026-09-23T00:23:51.591772,1790103231.591275,0.0,0.0,0.0,0.0
2026-09-23T00:23:51.602384,1790103231.6013231,0.0,0.0,0.0,0.0
2026-09-23T00:23:51.611723,1790103231.6112626,0.0,0.0,0.0,0.0
2026-09-23T00:23:51.621759,1790103231.6212626,0.0,0.0,0.0,0.0
2026-09-23T00:23:51.631857,1790103231.6312706,0.0,0.0,0.0,0.0
2026-09-23T00:23:51.641758,1790103231.641246,0.0,0.0,0.0,0.0
2026-09-23T00:23:51.652289,1790103231.6513147,0.0,0.0,0.0,0.0
2026-09-23T00:23:51.662117,1790103231.661265,0.0,0.0,0.0,0.0
2026-09-23T00:23:51.671741,1790103231.6712706,0.0,0.0,0.0,0.0
2026-09-23T00:23:51.681984,1790103231.6812751,0.0,0.0,0.0,0.0
2026-09-23T00:23:51.692980,1790103231.691271,0.0,0.0,0.0,0.0
2026-09-23T00:23:51.702719,1790103231.7012668,0.0,0.0,0.0,0.0
2026-09-23T00:23:51.711751,1790103231.7112439,0.0,0.0,0.0,0.0
2026-09-23T00:23:51.721849,1790103231.721295,0.0,0.0,0.0,0.0
2026-09-23T00:23:51.731742,1790103231.7312722,0.0,0.0,0.0,0.0
2026-09-23T00:23:51.741838,1790103231.741264,0.0,0.0,0.0,0.0
2026-09-23T00:23:51.752400,1790103231.7512856,0.0,0.0,0.0,0.0
2026-09-23T00:23:51.761785,1790103231.7612665,0.0,0.0,0.0,0.0
2026-09-23T00:23:51.771708,1790103231.7712355,0.0,0.0,0.0,0.0
2026-09-23T00:23:51.781802,1790103231.781262,0.0,0.0,0.0,0.0
2026-09-23T00:23:51.791858,1790103231.7912517,0.0,0.0,0.0,0.0
2026-09-23T00:23:51.802657,1790103231.8012745,0.0,0.0,0.0,0.0
2026-09-23T00:23:51.811742,1790103231.8112657,0.0,0.0,0.0,0.0
2026-09-23T00:23:51.822014,1790103231.8212793,0.0,0.0,0.0,0.0
2026-09-23T00:23:51.831825,1790103231.8312647,0.0,0.0,0.0,0.0
2026-09-23T00:23:51.841896,1790103231.8412669,0.0,0.0,0.0,0.0
2026-09-23T00:23:51.852520,1790103231.851291,0.0,0.0,0.0,0.0
2026-09-23T00:23:51.861792,1790103231.8612657,0.0,0.0,0.0,0.0
2026-09-23T00:23:51.871719,1790103231.8712654,0.0,0.0,0.0,0.0
2026-09-23T00:23:51.881773,1790103231.8812616,0.0,0.0,0.0,0.0
2026-09-23T00:23:51.892025,1790103231.8912714,0.0,0.0,0.0,0.0
2026-09-23T00:23:51.902566,1790103231.9012682,0.0,0.0,0.0,0.0
2026-09-23T00:23:51.911718,1790103231.9112499,0.0,0.0,0.0,0.0
2026-09-23T00:23:51.921957,1790103231.9212928,0.0,0.0,0.0,0.0
2026-09-23T00:23:51.931852,1790103231.9312668,0.0,0.0,0.0,0.0
2026-09-23T00:23:51.941945,1790103231.9413073,0.0,0.0,0.0,0.0
2026-09-23T00:23:51.952602,1790103231.951274,0.0,0.0,0.0,0.0
2026-09-23T00:23:51.961813,1790103231.9612627,0.0,0.0,0.0,0.0
2026-09-23T00:23:51.971695,1790103231.9712605,0.0,0.0,0.0,0.0
2026-09-23T00:23:51.982035,1790103231.9813452,0.0,0.0,0.0,0.0
2026-09-23T00:23:51.991745,1790103231.9912703,0.0,0.0,0.0,0.0
2026-09-23T00:23:52.002587,1790103232.0012949,0.0,0.0,0.0,0.0
2026-09-23T00:23:52.011840,1790103232.011272,0.0,0.0,0.0,0.0
2026-09-23T00:23:52.021764,1790103232.0212638,0.0,0.0,0.0,0.0
2026-09-23T00:23:52.031905,1790103232.031262,0.0,0.0,0.0,0.0
2026-09-23T00:23:52.041950,1790103232.0412686,0.0,0.0,0.0,0.0
2026-09-23T00:23:52.052214,1790103232.0512688,0.0,0.0,0.0,0.0
2026-09-23T00:23:52.061982,1790103232.0613046,0.0,0.0,0.0,0.0
2026-09-23T00:23:52.071740,1790103232.0712602,0.0,0.0,0.0,0.0
2026-09-23T00:23:52.081816,1790103232.0812995,0.0,0.0,0.0,0.0
2026-09-23T00:23:52.091851,1790103232.0913048,0.0,0.0,0.0,0.0
2026-09-23T00:23:52.102306,1790103232.1012652,0.0,0.0,0.0,0.0
2026-09-23T00:23:52.111844,1790103232.1112654,0.0,0.0,0.0,0.0
2026-09-23T00:23:52.121905,1790103232.1212685,0.0,0.0,0.0,0.0
2026-09-23T00:23:52.131770,1790103232.131264,0.0,0.0,0.0,0.0
2026-09-23T00:23:52.142050,1790103232.1412754,0.0,0.0,0.0,0.0
2026-09-23T00:23:52.152345,1790103232.1512747,0.0,0.0,0.0,0.0
2026-09-23T00:23:52.161886,1790103232.1612775,0.0,0.0,0.0,0.0
2026-09-23T00:23:52.171890,1790103232.1712759,0.0,0.0,0.0,0.0
2026-09-23T00:23:52.181766,1790103232.1812649,0.0,0.0,0.0,0.0
2026-09-23T00:23:52.191921,1790103232.1912706,0.0,0.0,0.0,0.0
2026-09-23T00:23:52.202449,1790103232.2012815,0.0,0.0,0.0,0.0
2026-09-23T00:23:52.211802,1790103232.2112727,0.0,0.0,0.0,0.0
2026-09-23T00:23:52.221965,1790103232.221282,0.0,0.0,0.0,0.0
2026-09-23T00:23:52.231802,1790103232.231277,0.0,0.0,0.0,0.0
2026-09-23T00:23:52.241947,1790103232.2412646,0.0,0.0,0.0,0.0
2026-09-23T00:23:52.252269,1790103232.2512715,0.0,0.0,0.0,0.0
2026-09-23T00:23:52.261847,1790103232.2612848,0.0,0.0,0.0,0.0
2026-09-23T00:23:52.271806,1790103232.2712681,0.0,0.0,0.0,0.0
2026-09-23T00:23:52.281845,1790103232.2812963,0.0,0.0,0.0,0.0
2026-09-23T00:23:52.291803,1790103232.2912662,0.0,0.0,0.0,0.0
2026-09-23T00:23:52.302585,1790103232.3013103,0.0,0.0,0.0,0.0
2026-09-23T00:23:52.311735,1790103232.3112693,0.0,0.0,0.0,0.0
2026-09-23T00:23:52.321781,1790103232.3212628,0.0,0.0,0.0,0.0
2026-09-23T00:23:52.331813,1790103232.3312638,0.0,0.0,0.0,0.0
2026-09-23T00:23:52.341927,1790103232.341298,0.0,0.0,0.0,0.0
2026-09-23T00:23:52.352274,1790103232.3512845,0.0,0.0,0.0,0.0
2026-09-23T00:23:52.361824,1790103232.3612738,0.0,0.0,0.0,0.0
2026-09-23T00:23:52.371809,1790103232.3712702,0.0,0.0,0.0,0.0
2026-09-23T00:23:52.381864,1790103232.3812726,0.0,0.0,0.0,0.0
2026-09-23T00:23:52.391766,1790103232.3912697,0.0,0.0,0.0,0.0
2026-09-23T00:23:52.402901,1790103232.401321,0.0,0.0,0.0,0.0
2026-09-23T00:23:52.411744,1790103232.4112878,0.0,0.0,0.0,0.0
2026-09-23T00:23:52.421803,1790103232.421264,0.0,0.0,0.0,0.0
2026-09-23T00:23:52.432320,1790103232.4312763,0.0,0.0,0.0,0.0
2026-09-23T00:23:52.441790,1790103232.4412756,0.0,0.0,0.0,0.0
2026-09-23T00:23:52.452788,1790103232.4512684,0.0,0.0,0.0,0.0
2026-09-23T00:23:52.462012,1790103232.4612935,0.0,0.0,0.0,0.0
2026-09-23T00:23:52.471670,1790103232.4712675,0.0,0.0,0.0,0.0
2026-09-23T00:23:52.481767,1790103232.4812706,0.0,0.0,0.0,0.0
2026-09-23T00:23:52.491831,1790103232.4912753,0.0,0.0,0.0,0.0
2026-09-23T00:23:52.503154,1790103232.501273,0.0,0.0,0.0,0.0
2026-09-23T00:23:52.511783,1790103232.511277,0.0,0.0,0.0,0.0
2026-09-23T00:23:52.521850,1790103232.521268,0.0,0.0,0.0,0.0
2026-09-23T00:23:52.531745,1790103232.5312657,0.0,0.0,0.0,0.0
2026-09-23T00:23:52.541913,1790103232.5412757,0.0,0.0,0.0,0.0
2026-09-23T00:23:52.552566,1790103232.5512655,0.0,0.0,0.0,0.0
2026-09-23T00:23:52.561906,1790103232.5612724,0.0,0.0,0.0,0.0
2026-09-23T00:23:52.571745,1790103232.5712693,0.0,0.0,0.0,0.0
2026-09-23T00:23:52.582011,1790103232.581261,0.0,0.0,0.0,0.0
2026-09-23T00:23:52.592056,1790103232.5912826,0.0,0.0,0.0,0.0
2026-09-23T00:23:52.602283,1790103232.6012795,0.0,0.0,0.0,0.0
2026-09-23T00:23:52.611745,1790103232.6112962,0.0,0.0,0.0,0.0
2026-09-23T00:23:52.622110,1790103232.6212811,0.0,0.0,0.0,0.0
2026-09-23T00:23:52.631746,1790103232.6312692,0.0,0.0,0.0,0.0
2026-09-23T00:23:52.641898,1790103232.6412816,0.0,0.0,0.0,0.0
2026-09-23T00:23:52.652122,1790103232.6512706,0.0,0.0,0.0,0.0
2026-09-23T00:23:52.661848,1790103232.661267,0.0,0.0,0.0,0.0
2026-09-23T00:23:52.671733,1790103232.671268,0.0,0.0,0.0,0.0
2026-09-23T00:23:52.681772,1790103232.681265,0.0,0.0,0.0,0.0
2026-09-23T00:23:52.691810,1790103232.6912704,0.0,0.0,0.0,0.0
2026-09-23T00:23:52.702215,1790103232.7012773,0.0,0.0,0.0,0.0
2026-09-23T00:23:52.711862,1790103232.7112663,0.0,0.0,0.0,0.0
2026-09-23T00:23:52.721806,1790103232.7212734,0.0,0.0,0.0,0.0
2026-09-23T00:23:52.731831,1790103232.7312686,0.0,0.0,0.0,0.0
2026-09-23T00:23:52.741847,1790103232.7412736,0.0,0.0,0.0,0.0
2026-09-23T00:23:52.751898,1790103232.7512681,0.0,0.0,0.0,0.0
2026-09-23T00:23:52.761829,1790103232.7612755,0.0,0.0,0.0,0.0
2026-09-23T00:23:52.771714,1790103232.77127,0.0,0.0,0.0,0.0
2026-09-23T00:23:52.782359,1790103232.7812734,0.0,0.0,0.0,0.0
2026-09-23T00:23:52.791802,1790103232.791262,0.0,0.0,0.0,0.0
2026-09-23T00:23:52.802206,1790103232.8012643,0.0,0.0,0.0,0.0
2026-09-23T00:23:52.811874,1790103232.8112688,0.0,0.0,0.0,0.0
2026-09-23T00:23:52.821776,1790103232.8212693,0.0,0.0,0.0,0.0
2026-09-23T00:23:52.831866,1790103232.831265,0.0,0.0,0.0,0.0
2026-09-23T00:23:52.841908,1790103232.8412683,0.0,0.0,0.0,0.0
2026-09-23T00:23:52.852114,1790103232.8512685,0.0,0.0,0.0,0.0
2026-09-23T00:23:52.862067,1790103232.861296,0.0,0.0,0.0,0.0
2026-09-23T00:23:52.871717,1790103232.8712697,0.0,0.0,0.0,0.0
2026-09-23T00:23:52.881768,1790103232.8812761,0.0,0.0,0.0,0.0
2026-09-23T00:23:52.892173,1790103232.8912716,0.0,0.0,0.0,0.0
2026-09-23T00:23:52.902811,1790103232.901271,0.0,0.0,0.0,0.0
2026-09-23T00:23:52.911992,1790103232.9112856,0.0,0.0,0.0,0.0
2026-09-23T00:23:52.921875,1790103232.9212637,0.0,0.0,0.0,0.0
2026-09-23T00:23:52.931981,1790103232.9312632,0.0,0.0,0.0,0.0
2026-09-23T00:23:52.943260,1790103232.9413028,0.0,0.0,0.0,0.0
2026-09-23T00:23:52.952893,1790103232.9512885,0.0,0.0,0.0,0.0
2026-09-23T00:23:52.962154,1790103232.9613044,0.0,0.0,0.0,0.0
2026-09-23T00:23:52.971820,1790103232.9712758,0.0,0.0,0.0,0.0
2026-09-23T00:23:52.981781,1790103232.9812617,0.0,0.0,0.0,0.0
2026-09-23T00:23:52.991830,1790103232.9912684,0.0,0.0,0.0,0.0
2026-09-23T00:23:53.002139,1790103233.0012748,0.0,0.0,0.0,0.0
2026-09-23T00:23:53.011667,1790103233.0112627,0.0,0.0,0.0,0.0
2026-09-23T00:23:53.021758,1790103233.021258,0.0,0.0,0.0,0.0
2026-09-23T00:23:53.031745,1790103233.0312626,0.0,0.0,0.0,0.0
2026-09-23T00:23:53.041844,1790103233.041286,0.0,0.0,0.0,0.0
2026-09-23T00:23:53.051962,1790103233.0512748,0.0,0.0,0.0,0.0
2026-09-23T00:23:53.061800,1790103233.0612617,0.0,0.0,0.0,0.0
2026-09-23T00:23:53.071911,1790103233.0712707,0.0,0.0,0.0,0.0
2026-09-23T00:23:53.081771,1790103233.0812652,0.0,0.0,0.0,0.0
2026-09-23T00:23:53.091772,1790103233.0912695,0.0,0.0,0.0,0.0
2026-09-23T00:23:53.102540,1790103233.1013734,0.0,0.0,0.0,0.0
2026-09-23T00:23:53.111686,1790103233.1112661,0.0,0.0,0.0,0.0
2026-09-23T00:23:53.121757,1790103233.12126,0.0,0.0,0.0,0.0
2026-09-23T00:23:53.131743,1790103233.1312602,0.0,0.0,0.0,0.0
2026-09-23T00:23:53.141792,1790103233.1412659,0.0,0.0,0.0,0.0
2026-09-23T00:23:53.152180,1790103233.1513014,0.0,0.0,0.0,0.0
2026-09-23T00:23:53.161820,1790103233.1612747,0.0,0.0,0.0,0.0
2026-09-23T00:23:53.171666,1790103233.1712627,0.0,0.0,0.0,0.0
2026-09-23T00:23:53.181754,1790103233.1812592,0.0,0.0,0.0,0.0
2026-09-23T00:23:53.191783,1790103233.191258,0.0,0.0,0.0,0.0
2026-09-23T00:23:53.202710,1790103233.201267,0.0,0.0,0.0,0.0
2026-09-23T00:23:53.211817,1790103233.211261,0.0,0.0,0.0,0.0
2026-09-23T00:23:53.221824,1790103233.2212586,0.0,0.0,0.0,0.0
2026-09-23T00:23:53.231837,1790103233.2312682,0.0,0.0,0.0,0.0
2026-09-23T00:23:53.241857,1790103233.2412612,0.0,0.0,0.0,0.0
2026-09-23T00:23:53.252401,1790103233.2512636,0.0,0.0,0.0,0.0
2026-09-23T00:23:53.261979,1790103233.261275,0.0,0.0,0.0,0.0
2026-09-23T00:23:53.271804,1790103233.2712607,0.0,0.0,0.0,0.0
2026-09-23T00:23:53.281841,1790103233.2812638,0.0,0.0,0.0,0.0
2026-09-23T00:23:53.291946,1790103233.2913048,0.0,0.0,0.0,0.0
2026-09-23T00:23:53.302455,1790103233.3012767,0.0,0.0,0.0,0.0
2026-09-23T00:23:53.311788,1790103233.3112695,0.0,0.0,0.0,0.0
2026-09-23T00:23:53.321861,1790103233.3213022,0.0,0.0,0.0,0.0
2026-09-23T00:23:53.331739,1790103233.3312745,0.0,0.0,0.0,0.0
2026-09-23T00:23:53.341811,1790103233.3412678,0.0,0.0,0.0,0.0
2026-09-23T00:23:53.351918,1790103233.3512726,0.0,0.0,0.0,0.0
2026-09-23T00:23:53.361936,1790103233.36126,0.0,0.0,0.0,0.0
2026-09-23T00:23:53.371714,1790103233.3712642,0.0,0.0,0.0,0.0
2026-09-23T00:23:53.381781,1790103233.3812618,0.0,0.0,0.0,0.0
2026-09-23T00:23:53.391958,1790103233.3912816,0.0,0.0,0.0,0.0
2026-09-23T00:23:53.402056,1790103233.4012663,0.0,0.0,0.0,0.0
2026-09-23T00:23:53.411919,1790103233.4112737,0.0,0.0,0.0,0.0
2026-09-23T00:23:53.422037,1790103233.4212759,0.0,0.0,0.0,0.0
2026-09-23T00:23:53.431797,1790103233.4312637,0.0,0.0,0.0,0.0
2026-09-23T00:23:53.441784,1790103233.4412603,0.0,0.0,0.0,0.0
2026-09-23T00:23:53.451977,1790103233.4512744,0.0,0.0,0.0,0.0
2026-09-23T00:23:53.461833,1790103233.4612799,0.0,0.0,0.0,0.0
2026-09-23T00:23:53.471722,1790103233.471264,0.0,0.0,0.0,0.0
2026-09-23T00:23:53.481816,1790103233.4812608,0.0,0.0,0.0,0.0
2026-09-23T00:23:53.491897,1790103233.4912648,0.0,0.0,0.0,0.0
2026-09-23T00:23:53.502084,1790103233.5012705,0.0,0.0,0.0,0.0
2026-09-23T00:23:53.511758,1790103233.511267,0.0,0.0,0.0,0.0
2026-09-23T00:23:53.521824,1790103233.5212831,0.0,0.0,0.0,0.0
2026-09-23T00:23:53.531842,1790103233.5312667,0.0,0.0,0.0,0.0
2026-09-23T00:23:53.541865,1790103233.5412688,0.0,0.0,0.0,0.0
2026-09-23T00:23:53.551860,1790103233.5512714,0.0,0.0,0.0,0.0
2026-09-23T00:23:53.561851,1790103233.5613062,0.0,0.0,0.0,0.0
2026-09-23T00:23:53.571685,1790103233.5712652,0.0,0.0,0.0,0.0
2026-09-23T00:23:53.581963,1790103233.5812635,0.0,0.0,0.0,0.0
2026-09-23T00:23:53.591929,1790103233.5912797,0.0,0.0,0.0,0.0
2026-09-23T00:23:53.602131,1790103233.6012695,0.0,0.0,0.0,0.0
2026-09-23T00:23:53.611836,1790103233.6112792,0.0,0.0,0.0,0.0
2026-09-23T00:23:53.621891,1790103233.6212723,0.0,0.0,0.0,0.0
2026-09-23T00:23:53.631719,1790103233.6312776,0.0,0.0,0.0,0.0
2026-09-23T00:23:53.641809,1790103233.6412754,0.0,0.0,0.0,0.0
2026-09-23T00:23:53.651928,1790103233.6512713,0.0,0.0,0.0,0.0
2026-09-23T00:23:53.661957,1790103233.6612673,0.0,0.0,0.0,0.0
2026-09-23T00:23:53.671667,1790103233.6712682,0.0,0.0,0.0,0.0
2026-09-23T00:23:53.681765,1790103233.6812832,0.0,0.0,0.0,0.0
2026-09-23T00:23:53.691923,1790103233.691292,0.0,0.0,0.0,0.0
2026-09-23T00:23:53.702801,1790103233.701277,0.0,0.0,0.0,0.0
2026-09-23T00:23:53.711872,1790103233.7112794,0.0,0.0,0.0,0.0
2026-09-23T00:23:53.721779,1790103233.7212663,0.0,0.0,0.0,0.0
2026-09-23T00:23:53.731770,1790103233.731271,0.0,0.0,0.0,0.0
2026-09-23T00:23:53.742624,1790103233.741297,0.0,0.0,0.0,0.0
2026-09-23T00:23:53.751997,1790103233.751281,0.0,0.0,0.0,0.0
2026-09-23T00:23:53.761921,1790103233.7612817,0.0,0.0,0.0,0.0
2026-09-23T00:23:53.771794,1790103233.7712758,0.0,0.0,0.0,0.0
2026-09-23T00:23:53.781771,1790103233.781284,0.0,0.0,0.0,0.0
2026-09-23T00:23:53.791799,1790103233.7912939,0.0,0.0,0.0,0.0
2026-09-23T00:23:53.802073,1790103233.80129,0.0,0.0,0.0,0.0
2026-09-23T00:23:53.811838,1790103233.8112812,0.0,0.0,0.0,0.0
2026-09-23T00:23:53.821812,1790103233.8212788,0.0,0.0,0.0,0.0
2026-09-23T00:23:53.831688,1790103233.8312829,0.0,0.0,0.0,0.0
2026-09-23T00:23:53.841854,1790103233.8412864,0.0,0.0,0.0,0.0
2026-09-23T00:23:53.852282,1790103233.8512936,0.0,0.0,0.0,0.0
2026-09-23T00:23:53.861788,1790103233.8612592,0.0,0.0,0.0,0.0
2026-09-23T00:23:53.871777,1790103233.8712714,0.0,0.0,0.0,0.0
2026-09-23T00:23:53.881828,1790103233.8812976,0.0,0.0,0.0,0.0
2026-09-23T00:23:53.891788,1790103233.8912623,0.0,0.0,0.0,0.0
2026-09-23T00:23:53.902427,1790103233.9013293,0.0,0.0,0.0,0.0
2026-09-23T00:23:53.911671,1790103233.9112687,0.0,0.0,0.0,0.0
2026-09-23T00:23:53.921826,1790103233.921272,0.0,0.0,0.0,0.0
2026-09-23T00:23:53.931876,1790103233.931283,0.0,0.0,0.0,0.0
2026-09-23T00:23:53.941799,1790103233.94128,0.0,0.0,0.0,0.0
2026-09-23T00:23:53.952036,1790103233.951298,0.0,0.0,0.0,0.0
2026-09-23T00:23:53.962128,1790103233.961277,0.0,0.0,0.0,0.0
2026-09-23T00:23:53.971740,1790103233.971286,0.0,0.0,0.0,0.0
2026-09-23T00:23:53.981796,1790103233.9812796,0.0,0.0,0.0,0.0
2026-09-23T00:23:53.991810,1790103233.9912808,0.0,0.0,0.0,0.0
2026-09-23T00:23:54.002081,1790103234.0012705,0.0,0.0,0.0,0.0
2026-09-23T00:23:54.011878,1790103234.0112743,0.0,0.0,0.0,0.0
2026-09-23T00:23:54.021831,1790103234.0212817,0.0,0.0,0.0,0.0
2026-09-23T00:23:54.031729,1790103234.0312822,0.0,0.0,0.0,0.0
2026-09-23T00:23:54.041784,1790103234.0412788,0.0,0.0,0.0,0.0
2026-09-23T00:23:54.051972,1790103234.0512776,0.0,0.0,0.0,0.0
2026-09-23T00:23:54.062017,1790103234.061299,0.0,0.0,0.0,0.0
2026-09-23T00:23:54.071775,1790103234.0712674,0.0,0.0,0.0,0.0
2026-09-23T00:23:54.081830,1790103234.081284,0.0,0.0,0.0,0.0
2026-09-23T00:23:54.091817,1790103234.0912907,0.0,0.0,0.0,0.0
2026-09-23T00:23:54.102140,1790103234.1012764,0.0,0.0,0.0,0.0
2026-09-23T00:23:54.111800,1790103234.1112618,0.0,0.0,0.0,0.0
2026-09-23T00:23:54.121838,1790103234.121272,0.0,0.0,0.0,0.0
2026-09-23T00:23:54.131676,1790103234.1312666,0.0,0.0,0.0,0.0
2026-09-23T00:23:54.141829,1790103234.1412635,0.0,0.0,0.0,0.0
2026-09-23T00:23:54.151925,1790103234.1512723,0.0,0.0,0.0,0.0
2026-09-23T00:23:54.161789,1790103234.1612797,0.0,0.0,0.0,0.0
2026-09-23T00:23:54.171706,1790103234.17126,0.0,0.0,0.0,0.0
2026-09-23T00:23:54.182059,1790103234.1812634,0.0,0.0,0.0,0.0
2026-09-23T00:23:54.191926,1790103234.1912646,0.0,0.0,0.0,0.0
2026-09-23T00:23:54.202098,1790103234.2012856,0.0,0.0,0.0,0.0
2026-09-23T00:23:54.211885,1790103234.211287,0.0,0.0,0.0,0.0
2026-09-23T00:23:54.222016,1790103234.221295,0.0,0.0,0.0,0.0
2026-09-23T00:23:54.231743,1790103234.2312915,0.0,0.0,0.0,0.0
2026-09-23T00:23:54.241851,1790103234.2412758,0.0,0.0,0.0,0.0
2026-09-23T00:23:54.252043,1790103234.2512739,0.0,0.0,0.0,0.0
2026-09-23T00:23:54.261816,1790103234.2612793,0.0,0.0,0.0,0.0
2026-09-23T00:23:54.271693,1790103234.2712784,0.0,0.0,0.0,0.0
2026-09-23T00:23:54.281750,1790103234.281276,0.0,0.0,0.0,0.0
2026-09-23T00:23:54.291826,1790103234.2912836,0.0,0.0,0.0,0.0
2026-09-23T00:23:54.302191,1790103234.3012924,0.0,0.0,0.0,0.0
2026-09-23T00:23:54.311830,1790103234.31129,0.0,0.0,0.0,0.0
2026-09-23T00:23:54.321795,1790103234.3212903,0.0,0.0,0.0,0.0
2026-09-23T00:23:54.331779,1790103234.3312814,0.0,0.0,0.0,0.0
2026-09-23T00:23:54.341764,1790103234.3412616,0.0,0.0,0.0,0.0
2026-09-23T00:23:54.352081,1790103234.3513079,0.0,0.0,0.0,0.0
2026-09-23T00:23:54.361807,1790103234.3612604,0.0,0.0,0.0,0.0
2026-09-23T00:23:54.371696,1790103234.3712602,0.0,0.0,0.0,0.0
2026-09-23T00:23:54.381998,1790103234.3812876,0.0,0.0,0.0,0.0
2026-09-23T00:23:54.391824,1790103234.3912675,0.0,0.0,0.0,0.0
2026-09-23T00:23:54.402049,1790103234.401269,0.0,0.0,0.0,0.0
2026-09-23T00:23:54.411953,1790103234.4112744,0.0,0.0,0.0,0.0
2026-09-23T00:23:54.421891,1790103234.421283,0.0,0.0,0.0,0.0
2026-09-23T00:23:54.431810,1790103234.4312663,0.0,0.0,0.0,0.0
2026-09-23T00:23:54.441868,1790103234.4412758,0.0,0.0,0.0,0.0
2026-09-23T00:23:54.452142,1790103234.4512894,0.0,0.0,0.0,0.0
2026-09-23T00:23:54.461826,1790103234.461266,0.0,0.0,0.0,0.0
2026-09-23T00:23:54.471843,1790103234.4712636,0.0,0.0,0.0,0.0
2026-09-23T00:23:54.481782,1790103234.4812598,0.0,0.0,0.0,0.0
2026-09-23T00:23:54.492013,1790103234.4913297,0.0,0.0,0.0,0.0
2026-09-23T00:23:54.501992,1790103234.5013106,0.0,0.0,0.0,0.0
2026-09-23T00:23:54.511902,1790103234.511274,0.0,0.0,0.0,0.0
2026-09-23T00:23:54.521864,1790103234.5212648,0.0,0.0,0.0,0.0
2026-09-23T00:23:54.531803,1790103234.5312707,0.0,0.0,0.0,0.0
2026-09-23T00:23:54.542191,1790103234.541276,0.0,0.0,0.0,0.0
2026-09-23T00:23:54.552321,1790103234.5513463,0.0,0.0,0.0,0.0
2026-09-23T00:23:54.561799,1790103234.5612628,0.0,0.0,0.0,0.0
2026-09-23T00:23:54.571843,1790103234.5712657,0.0,0.0,0.0,0.0
2026-09-23T00:23:54.581807,1790103234.5812712,0.0,0.0,0.0,0.0
2026-09-23T00:23:54.591868,1790103234.5912824,0.0,0.0,0.0,0.0
2026-09-23T00:23:54.602127,1790103234.6013246,0.0,0.0,0.0,0.0
2026-09-23T00:23:54.611670,1790103234.6112702,0.0,0.0,0.0,0.0
2026-09-23T00:23:54.621879,1790103234.6213038,0.0,0.0,0.0,0.0
2026-09-23T00:23:54.631933,1790103234.631263,0.0,0.0,0.0,0.0
2026-09-23T00:23:54.641769,1790103234.6412659,0.0,0.0,0.0,0.0
2026-09-23T00:23:54.652089,1790103234.6512916,0.0,0.0,0.0,0.0
2026-09-23T00:23:54.661805,1790103234.6612642,0.0,0.0,0.0,0.0
2026-09-23T00:23:54.671764,1790103234.671271,0.0,0.0,0.0,0.0
2026-09-23T00:23:54.681829,1790103234.6812587,0.0,0.0,0.0,0.0
2026-09-23T00:23:54.691794,1790103234.6912663,0.0,0.0,0.0,0.0
2026-09-23T00:23:54.702346,1790103234.7013676,0.0,0.0,0.0,0.0
2026-09-23T00:23:54.711753,1790103234.7112677,0.0,0.0,0.0,0.0
2026-09-23T00:23:54.721834,1790103234.721263,0.0,0.0,0.0,0.0
2026-09-23T00:23:54.731879,1790103234.731274,0.0,0.0,0.0,0.0
2026-09-23T00:23:54.741971,1790103234.741265,0.0,0.0,0.0,0.0
2026-09-23T00:23:54.752166,1790103234.7512712,0.0,0.0,0.0,0.0
2026-09-23T00:23:54.761784,1790103234.7612715,0.0,0.0,0.0,0.0
2026-09-23T00:23:54.771749,1790103234.7712655,0.0,0.0,0.0,0.0
2026-09-23T00:23:54.781752,1790103234.7812598,0.0,0.0,0.0,0.0
2026-09-23T00:23:54.791980,1790103234.7912645,0.0,0.0,0.0,0.0
2026-09-23T00:23:54.802136,1790103234.8012698,0.0,0.0,0.0,0.0
2026-09-23T00:23:54.811765,1790103234.8112636,0.0,0.0,0.0,0.0
2026-09-23T00:23:54.821909,1790103234.8212702,0.0,0.0,0.0,0.0
2026-09-23T00:23:54.831905,1790103234.8312712,0.0,0.0,0.0,0.0
2026-09-23T00:23:54.841892,1790103234.8412662,0.0,0.0,0.0,0.0
2026-09-23T00:23:54.852137,1790103234.8513255,0.0,0.0,0.0,0.0
2026-09-23T00:23:54.861977,1790103234.8612807,0.0,0.0,0.0,0.0
2026-09-23T00:23:54.871749,1790103234.8712983,0.0,0.0,0.0,0.0
2026-09-23T00:23:54.881753,1790103234.8812633,0.0,0.0,0.0,0.0
2026-09-23T00:23:54.891866,1790103234.8912683,0.0,0.0,0.0,0.0
2026-09-23T00:23:54.902220,1790103234.901331,0.0,0.0,0.0,0.0
2026-09-23T00:23:54.911758,1790103234.911273,0.0,0.0,0.0,0.0
2026-09-23T00:23:54.921865,1790103234.921274,0.0,0.0,0.0,0.0
2026-09-23T00:23:54.931745,1790103234.9312625,0.0,0.0,0.0,0.0
2026-09-23T00:23:54.941844,1790103234.941266,0.0,0.0,0.0,0.0
2026-09-23T00:23:54.952121,1790103234.9513648,0.0,0.0,0.0,0.0
2026-09-23T00:23:54.961799,1790103234.9612584,0.0,0.0,0.0,0.0
2026-09-23T00:23:54.971681,1790103234.9712625,0.0,0.0,0.0,0.0
2026-09-23T00:23:54.981793,1790103234.9813035,0.0,0.0,0.0,0.0
2026-09-23T00:23:54.991807,1790103234.9912632,0.0,0.0,0.0,0.0
2026-09-23T00:23:55.002207,1790103235.0013015,0.0,0.0,0.0,0.0
2026-09-23T00:23:55.011785,1790103235.0112646,0.0,0.0,0.0,0.0
2026-09-23T00:23:55.022015,1790103235.0212815,0.0,0.0,0.0,0.0
2026-09-23T00:23:55.031672,1790103235.0312586,0.0,0.0,0.0,0.0
2026-09-23T00:23:55.041759,1790103235.0412583,0.0,0.0,0.0,0.0
2026-09-23T00:23:55.052098,1790103235.051287,0.0,0.0,0.0,0.0
2026-09-23T00:23:55.061754,1790103235.0612645,0.0,0.0,0.0,0.0
2026-09-23T00:23:55.071702,1790103235.0712647,0.0,0.0,0.0,0.0
2026-09-23T00:23:55.081812,1790103235.0812767,0.0,0.0,0.0,0.0
2026-09-23T00:23:55.091777,1790103235.091264,0.0,0.0,0.0,0.0
2026-09-23T00:23:55.102294,1790103235.1012642,0.0,0.0,0.0,0.0
2026-09-23T00:23:55.111754,1790103235.1112602,0.0,0.0,0.0,0.0
2026-09-23T00:23:55.121794,1790103235.1212645,0.0,0.0,0.0,0.0
2026-09-23T00:23:55.131822,1790103235.1312995,0.0,0.0,0.0,0.0
2026-09-23T00:23:55.141849,1790103235.141285,0.0,0.0,0.0,0.0
2026-09-23T00:23:55.151857,1790103235.1512897,0.0,0.0,0.0,0.0
2026-09-23T00:23:55.161832,1790103235.1612842,0.0,0.0,0.0,0.0
2026-09-23T00:23:55.171734,1790103235.1712623,0.0,0.0,0.0,0.0
2026-09-23T00:23:55.182043,1790103235.181307,0.0,0.0,0.0,0.0
2026-09-23T00:23:55.191856,1790103235.1912708,0.0,0.0,0.0,0.0
2026-09-23T00:23:55.202183,1790103235.2012796,0.0,0.0,0.0,0.0
2026-09-23T00:23:55.211721,1790103235.2112775,0.0,0.0,0.0,0.0
2026-09-23T00:23:55.221822,1790103235.2212694,0.0,0.0,0.0,0.0
2026-09-23T00:23:55.231718,1790103235.2312703,0.0,0.0,0.0,0.0
2026-09-23T00:23:55.241830,1790103235.2412777,0.0,0.0,0.0,0.0
2026-09-23T00:23:55.252366,1790103235.2512705,0.0,0.0,0.0,0.0
2026-09-23T00:23:55.261814,1790103235.26128,0.0,0.0,0.0,0.0
2026-09-23T00:23:55.271750,1790103235.2712786,0.0,0.0,0.0,0.0
2026-09-23T00:23:55.281780,1790103235.2812583,0.0,0.0,0.0,0.0
2026-09-23T00:23:55.291799,1790103235.2912698,0.0,0.0,0.0,0.0
2026-09-23T00:23:55.302718,1790103235.3012686,0.0,0.0,0.0,0.0
2026-09-23T00:23:55.311869,1790103235.3112867,0.0,0.0,0.0,0.0
2026-09-23T00:23:55.321870,1790103235.3212867,0.0,0.0,0.0,0.0
2026-09-23T00:23:55.331803,1790103235.331278,0.0,0.0,0.0,0.0
2026-09-23T00:23:55.342177,1790103235.3412902,0.0,0.0,0.0,0.0
2026-09-23T00:23:55.352935,1790103235.351268,0.0,0.0,0.0,0.0
2026-09-23T00:23:55.361921,1790103235.3612678,0.0,0.0,0.0,0.0
2026-09-23T00:23:55.372644,1790103235.3712585,0.0,0.0,0.0,0.0
2026-09-23T00:23:55.382191,1790103235.3812575,0.0,0.0,0.0,0.0
2026-09-23T00:23:55.391778,1790103235.3912733,0.0,0.0,0.0,0.0
2026-09-23T00:23:55.402114,1790103235.401272,0.0,0.0,0.0,0.0
2026-09-23T00:23:55.411790,1790103235.4112847,0.0,0.0,0.0,0.0
2026-09-23T00:23:55.421798,1790103235.4212632,0.0,0.0,0.0,0.0
2026-09-23T00:23:55.431786,1790103235.4312634,0.0,0.0,0.0,0.0
2026-09-23T00:23:55.441785,1790103235.441275,0.0,0.0,0.0,0.0
2026-09-23T00:23:55.451965,1790103235.4512784,0.0,0.0,0.0,0.0
2026-09-23T00:23:55.461850,1790103235.4612792,0.0,0.0,0.0,0.0
2026-09-23T00:23:55.471783,1790103235.4712753,0.0,0.0,0.0,0.0
2026-09-23T00:23:55.481825,1790103235.4812672,0.0,0.0,0.0,0.0
2026-09-23T00:23:55.491874,1790103235.4912803,0.0,0.0,0.0,0.0
2026-09-23T00:23:55.502525,1790103235.5012746,0.0,0.0,0.0,0.0
2026-09-23T00:23:55.511781,1790103235.5112734,0.0,0.0,0.0,0.0
2026-09-23T00:23:55.521856,1790103235.5212777,0.0,0.0,0.0,0.0
2026-09-23T00:23:55.531771,1790103235.5312614,0.0,0.0,0.0,0.0
2026-09-23T00:23:55.541785,1790103235.541265,0.0,0.0,0.0,0.0
2026-09-23T00:23:55.552339,1790103235.5512772,0.0,0.0,0.0,0.0
2026-09-23T00:23:55.562022,1790103235.5612614,0.0,0.0,0.0,0.0
2026-09-23T00:23:55.571727,1790103235.571264,0.0,0.0,0.0,0.0
2026-09-23T00:23:55.581800,1790103235.5812795,0.0,0.0,0.0,0.0
2026-09-23T00:23:55.591802,1790103235.5912685,0.0,0.0,0.0,0.0
2026-09-23T00:23:55.602235,1790103235.6012776,0.0,0.0,0.0,0.0
2026-09-23T00:23:55.611846,1790103235.6112745,0.0,0.0,0.0,0.0
2026-09-23T00:23:55.621866,1790103235.6212656,0.0,0.0,0.0,0.0
2026-09-23T00:23:55.631891,1790103235.6312804,0.0,0.0,0.0,0.0
2026-09-23T00:23:55.641796,1790103235.641265,0.0,0.0,0.0,0.0
2026-09-23T00:23:55.652533,1790103235.6512678,0.0,0.0,0.0,0.0
2026-09-23T00:23:55.662002,1790103235.6612751,0.0,0.0,0.0,0.0
2026-09-23T00:23:55.671676,1790103235.6712651,0.0,0.0,0.0,0.0
2026-09-23T00:23:55.681746,1790103235.6812606,0.0,0.0,0.0,0.0
2026-09-23T00:23:55.691848,1790103235.6912656,0.0,0.0,0.0,0.0
2026-09-23T00:23:55.702047,1790103235.701295,0.0,0.0,0.0,0.0
2026-09-23T00:23:55.711806,1790103235.7112586,0.0,0.0,0.0,0.0
2026-09-23T00:23:55.721824,1790103235.7212608,0.0,0.0,0.0,0.0
2026-09-23T00:23:55.731773,1790103235.7312593,0.0,0.0,0.0,0.0
2026-09-23T00:23:55.741778,1790103235.7412598,0.0,0.0,0.0,0.0
2026-09-23T00:23:55.751991,1790103235.7512681,0.0,0.0,0.0,0.0
2026-09-23T00:23:55.761812,1790103235.761274,0.0,0.0,0.0,0.0
2026-09-23T00:23:55.771672,1790103235.7712667,0.0,0.0,0.0,0.0
2026-09-23T00:23:55.781827,1790103235.7812796,0.0,0.0,0.0,0.0
2026-09-23T00:23:55.791909,1790103235.791276,0.0,0.0,0.0,0.0
2026-09-23T00:23:55.802109,1790103235.8012807,0.0,0.0,0.0,0.0
2026-09-23T00:23:55.811858,1790103235.8112793,0.0,0.0,0.0,0.0
2026-09-23T00:23:55.821954,1790103235.8212721,0.0,0.0,0.0,0.0
2026-09-23T00:23:55.831670,1790103235.8312738,0.0,0.0,0.0,0.0
2026-09-23T00:23:55.841780,1790103235.8412633,0.0,0.0,0.0,0.0
2026-09-23T00:23:55.852089,1790103235.8512638,0.0,0.0,0.0,0.0
2026-09-23T00:23:55.861867,1790103235.861269,0.0,0.0,0.0,0.0
2026-09-23T00:23:55.871737,1790103235.8712578,0.0,0.0,0.0,0.0
2026-09-23T00:23:55.881758,1790103235.8812635,0.0,0.0,0.0,0.0
2026-09-23T00:23:55.891797,1790103235.8912678,0.0,0.0,0.0,0.0
2026-09-23T00:23:55.902643,1790103235.901279,0.0,0.0,0.0,0.0
2026-09-23T00:23:55.911759,1790103235.9112613,0.0,0.0,0.0,0.0
2026-09-23T00:23:55.921886,1790103235.9212623,0.0,0.0,0.0,0.0
2026-09-23T00:23:55.931766,1790103235.9312613,0.0,0.0,0.0,0.0
2026-09-23T00:23:55.941916,1790103235.9412663,0.0,0.0,0.0,0.0
2026-09-23T00:23:55.952102,1790103235.9512806,0.0,0.0,0.0,0.0
2026-09-23T00:23:55.961887,1790103235.9612806,0.0,0.0,0.0,0.0
2026-09-23T00:23:55.971777,1790103235.971271,0.0,0.0,0.0,0.0
2026-09-23T00:23:55.981935,1790103235.981277,0.0,0.0,0.0,0.0
2026-09-23T00:23:55.991746,1790103235.9912615,0.0,0.0,0.0,0.0
2026-09-23T00:23:56.002231,1790103236.0013108,0.0,0.0,0.0,0.0
2026-09-23T00:23:56.011818,1790103236.0112717,0.0,0.0,0.0,0.0
2026-09-23T00:23:56.021864,1790103236.0212748,0.0,0.0,0.0,0.0
2026-09-23T00:23:56.031718,1790103236.0312624,0.0,0.0,0.0,0.0
2026-09-23T00:23:56.041845,1790103236.0412679,0.0,0.0,0.0,0.0
2026-09-23T00:23:56.051944,1790103236.051265,0.0,0.0,0.0,0.0
2026-09-23T00:23:56.061841,1790103236.061266,0.0,0.0,0.0,0.0
2026-09-23T00:23:56.071739,1790103236.0712655,0.0,0.0,0.0,0.0
2026-09-23T00:23:56.082079,1790103236.0812984,0.0,0.0,0.0,0.0
2026-09-23T00:23:56.091847,1790103236.0912676,0.0,0.0,0.0,0.0
2026-09-23T00:23:56.101931,1790103236.1012852,0.0,0.0,0.0,0.0
2026-09-23T00:23:56.111721,1790103236.1112618,0.0,0.0,0.0,0.0
2026-09-23T00:23:56.121843,1790103236.1212683,0.0,0.0,0.0,0.0
2026-09-23T00:23:56.131810,1790103236.131268,0.0,0.0,0.0,0.0
2026-09-23T00:23:56.142037,1790103236.141283,0.0,0.0,0.0,0.0
2026-09-23T00:23:56.151791,1790103236.1512597,0.0,0.0,0.0,0.0
2026-09-23T00:23:56.161856,1790103236.161264,0.0,0.0,0.0,0.0
2026-09-23T00:23:56.172866,1790103236.1712685,0.0,0.0,0.0,0.0
2026-09-23T00:23:56.181904,1790103236.1812608,0.0,0.0,0.0,0.0
2026-09-23T00:23:56.191807,1790103236.1912634,0.0,0.0,0.0,0.0
2026-09-23T00:23:56.202398,1790103236.2013137,0.0,0.0,0.0,0.0
2026-09-23T00:23:56.211772,1790103236.211278,0.0,0.0,0.0,0.0
2026-09-23T00:23:56.221772,1790103236.221278,0.0,0.0,0.0,0.0
2026-09-23T00:23:56.231675,1790103236.2312658,0.0,0.0,0.0,0.0
2026-09-23T00:23:56.241758,1790103236.2412655,0.0,0.0,0.0,0.0
2026-09-23T00:23:56.251890,1790103236.2512727,0.0,0.0,0.0,0.0
2026-09-23T00:23:56.261921,1790103236.2612686,0.0,0.0,0.0,0.0
2026-09-23T00:23:56.271853,1790103236.2712646,0.0,0.0,0.0,0.0
2026-09-23T00:23:56.281827,1790103236.2812734,0.0,0.0,0.0,0.0
2026-09-23T00:23:56.291800,1790103236.2912674,0.0,0.0,0.0,0.0
2026-09-23T00:23:56.302322,1790103236.3012695,0.0,0.0,0.0,0.0
2026-09-23T00:23:56.311699,1790103236.3112774,0.0,0.0,0.0,0.0
2026-09-23T00:23:56.321802,1790103236.3212779,0.0,0.0,0.0,0.0
2026-09-23T00:23:56.331822,1790103236.3312674,0.0,0.0,0.0,0.0
2026-09-23T00:23:56.341847,1790103236.341302,0.0,0.0,0.0,0.0
2026-09-23T00:23:56.351898,1790103236.351264,0.0,0.0,0.0,0.0
2026-09-23T00:23:56.361820,1790103236.361279,0.0,0.0,0.0,0.0
2026-09-23T00:23:56.371762,1790103236.3712685,0.0,0.0,0.0,0.0
2026-09-23T00:23:56.381777,1790103236.3812602,0.0,0.0,0.0,0.0
2026-09-23T00:23:56.391801,1790103236.3912761,0.0,0.0,0.0,0.0
2026-09-23T00:23:56.402003,1790103236.4012687,0.0,0.0,0.0,0.0
2026-09-23T00:23:56.411714,1790103236.4112656,0.0,0.0,0.0,0.0
2026-09-23T00:23:56.421981,1790103236.4212627,0.0,0.0,0.0,0.0
2026-09-23T00:23:56.431807,1790103236.431269,0.0,0.0,0.0,0.0
2026-09-23T00:23:56.441802,1790103236.4412675,0.0,0.0,0.0,0.0
2026-09-23T00:23:56.451762,1790103236.451263,0.0,0.0,0.0,0.0
2026-09-23T00:23:56.461968,1790103236.4612703,0.0,0.0,0.0,0.0
2026-09-23T00:23:56.471771,1790103236.471269,0.0,0.0,0.0,0.0
2026-09-23T00:23:56.481746,1790103236.4812653,0.0,0.0,0.0,0.0
2026-09-23T00:23:56.492732,1790103236.4912674,0.0,0.0,0.0,0.0
2026-09-23T00:23:56.502118,1790103236.501264,0.0,0.0,0.0,0.0
2026-09-23T00:23:56.511725,1790103236.5112646,0.0,0.0,0.0,0.0
2026-09-23T00:23:56.521755,1790103236.521261,0.0,0.0,0.0,0.0
2026-09-23T00:23:56.531811,1790103236.5312638,0.0,0.0,0.0,0.0
2026-09-23T00:23:56.541841,1790103236.5412662,0.0,0.0,0.0,0.0
2026-09-23T00:23:56.551964,1790103236.5512643,0.0,0.0,0.0,0.0
2026-09-23T00:23:56.561951,1790103236.5612836,0.0,0.0,0.0,0.0
2026-09-23T00:23:56.571759,1790103236.5712624,0.0,0.0,0.0,0.0
2026-09-23T00:23:56.581933,1790103236.5812852,0.0,0.0,0.0,0.0
2026-09-23T00:23:56.591953,1790103236.5912683,0.0,0.0,0.0,0.0
2026-09-23T00:23:56.602153,1790103236.6013138,0.0,0.0,0.0,0.0
2026-09-23T00:23:56.611767,1790103236.61127,0.0,0.0,0.0,0.0
2026-09-23T00:23:56.622038,1790103236.6212707,0.0,0.0,0.0,0.0
2026-09-23T00:23:56.631724,1790103236.6312628,0.0,0.0,0.0,0.0
2026-09-23T00:23:56.641843,1790103236.6412668,0.0,0.0,0.0,0.0
2026-09-23T00:23:56.652047,1790103236.6512647,0.0,0.0,0.0,0.0
2026-09-23T00:23:56.661773,1790103236.6612663,0.0,0.0,0.0,0.0
2026-09-23T00:23:56.671801,1790103236.6712682,0.0,0.0,0.0,0.0
2026-09-23T00:23:56.681814,1790103236.681277,0.0,0.0,0.0,0.0
2026-09-23T00:23:56.691748,1790103236.6912675,0.0,0.0,0.0,0.0
2026-09-23T00:23:56.702276,1790103236.7012906,0.0,0.0,0.0,0.0
2026-09-23T00:23:56.711739,1790103236.7112634,0.0,0.0,0.0,0.0
2026-09-23T00:23:56.721791,1790103236.7212825,0.0,0.0,0.0,0.0
2026-09-23T00:23:56.731744,1790103236.7312658,0.0,0.0,0.0,0.0
2026-09-23T00:23:56.741811,1790103236.7412593,0.0,0.0,0.0,0.0
2026-09-23T00:23:56.751959,1790103236.751273,0.0,0.0,0.0,0.0
2026-09-23T00:23:56.761870,1790103236.7612731,0.0,0.0,0.0,0.0
2026-09-23T00:23:56.771766,1790103236.7712724,0.0,0.0,0.0,0.0
2026-09-23T00:23:56.782345,1790103236.7812757,0.0,0.0,0.0,0.0
2026-09-23T00:23:56.791770,1790103236.7912688,0.0,0.0,0.0,0.0
2026-09-23T00:23:56.801947,1790103236.8012638,0.0,0.0,0.0,0.0
2026-09-23T00:23:56.811807,1790103236.8112624,0.0,0.0,0.0,0.0
2026-09-23T00:23:56.821848,1790103236.821272,0.0,0.0,0.0,0.0
2026-09-23T00:23:56.831736,1790103236.8312597,0.0,0.0,0.0,0.0
2026-09-23T00:23:56.841808,1790103236.8412569,0.0,0.0,0.0,0.0
2026-09-23T00:23:56.852119,1790103236.851278,0.0,0.0,0.0,0.0
2026-09-23T00:23:56.861849,1790103236.8612976,0.0,0.0,0.0,0.0
2026-09-23T00:23:56.871782,1790103236.8712606,0.0,0.0,0.0,0.0
2026-09-23T00:23:56.881765,1790103236.881264,0.0,0.0,0.0,0.0
2026-09-23T00:23:56.891729,1790103236.8912668,0.0,0.0,0.0,0.0
2026-09-23T00:23:56.901976,1790103236.9012706,0.0,0.0,0.0,0.0
2026-09-23T00:23:56.911900,1790103236.9112701,0.0,0.0,0.0,0.0
2026-09-23T00:23:56.921847,1790103236.9212775,0.0,0.0,0.0,0.0
2026-09-23T00:23:56.931768,1790103236.9312644,0.0,0.0,0.0,0.0
2026-09-23T00:23:56.941965,1790103236.9412692,0.0,0.0,0.0,0.0
2026-09-23T00:23:56.951915,1790103236.9512663,0.0,0.0,0.0,0.0
2026-09-23T00:23:56.961814,1790103236.961263,0.0,0.0,0.0,0.0
2026-09-23T00:23:56.971811,1790103236.9712656,0.0,0.0,0.0,0.0
2026-09-23T00:23:56.981787,1790103236.9812598,0.0,0.0,0.0,0.0
2026-09-23T00:23:56.991868,1790103236.9912672,0.0,0.0,0.0,0.0
2026-09-23T00:23:57.002137,1790103237.0012765,0.0,0.0,0.0,0.0
2026-09-23T00:23:57.011797,1790103237.011262,0.0,0.0,0.0,0.0
2026-09-23T00:23:57.021857,1790103237.021269,0.0,0.0,0.0,0.0
2026-09-23T00:23:57.031818,1790103237.031264,0.0,0.0,0.0,0.0
2026-09-23T00:23:57.041785,1790103237.0412688,0.0,0.0,0.0,0.0
2026-09-23T00:23:57.051749,1790103237.051259,0.0,0.0,0.0,0.0
2026-09-23T00:23:57.061813,1790103237.0612628,0.0,0.0,0.0,0.0
2026-09-23T00:23:57.072049,1790103237.0712974,0.0,0.0,0.0,0.0
2026-09-23T00:23:57.083506,1790103237.0829778,0.0,0.0,0.0,0.0
2026-09-23T00:23:57.091787,1790103237.091265,0.0,0.0,0.0,0.0
2026-09-23T00:23:57.102261,1790103237.1012933,0.0,0.0,0.0,0.0
2026-09-23T00:23:57.111922,1790103237.1112685,0.0,0.0,0.0,0.0
2026-09-23T00:23:57.121761,1790103237.1212702,0.0,0.0,0.0,0.0
2026-09-23T00:23:57.131704,1790103237.131276,0.0,0.0,0.0,0.0
2026-09-23T00:23:57.141824,1790103237.1412628,0.0,0.0,0.0,0.0
2026-09-23T00:23:57.151769,1790103237.1512592,0.0,0.0,0.0,0.0
2026-09-23T00:23:57.161781,1790103237.1612635,0.0,0.0,0.0,0.0
2026-09-23T00:23:57.171802,1790103237.1712732,0.0,0.0,0.0,0.0
2026-09-23T00:23:57.182085,1790103237.1812773,0.0,0.0,0.0,0.0
2026-09-23T00:23:57.191793,1790103237.1912684,0.0,0.0,0.0,0.0
2026-09-23T00:23:57.202142,1790103237.20126,0.0,0.0,0.0,0.0
2026-09-23T00:23:57.211684,1790103237.211265,0.0,0.0,0.0,0.0
2026-09-23T00:23:57.221804,1790103237.2212687,0.0,0.0,0.0,0.0
2026-09-23T00:23:57.231725,1790103237.2312672,0.0,0.0,0.0,0.0
2026-09-23T00:23:57.241848,1790103237.2412865,0.0,0.0,0.0,0.0
2026-09-23T00:23:57.251786,1790103237.2512765,0.0,0.0,0.0,0.0
2026-09-23T00:23:57.261954,1790103237.2612731,0.0,0.0,0.0,0.0
2026-09-23T00:23:57.271807,1790103237.271266,0.0,0.0,0.0,0.0
2026-09-23T00:23:57.281758,1790103237.2812598,0.0,0.0,0.0,0.0
2026-09-23T00:23:57.291823,1790103237.291272,0.0,0.0,0.0,0.0
2026-09-23T00:23:57.302045,1790103237.301259,0.0,0.0,0.0,0.0
2026-09-23T00:23:57.311761,1790103237.3112652,0.0,0.0,0.0,0.0
2026-09-23T00:23:57.321948,1790103237.3212712,0.0,0.0,0.0,0.0
2026-09-23T00:23:57.331766,1790103237.3312652,0.0,0.0,0.0,0.0
2026-09-23T00:23:57.341849,1790103237.3412664,0.0,0.0,0.0,0.0
2026-09-23T00:23:57.352045,1790103237.3512983,0.0,0.0,0.0,0.0
2026-09-23T00:23:57.361794,1790103237.3612723,0.0,0.0,0.0,0.0
2026-09-23T00:23:57.371864,1790103237.3712697,0.0,0.0,0.0,0.0
2026-09-23T00:23:57.381890,1790103237.3812795,0.0,0.0,0.0,0.0
2026-09-23T00:23:57.391953,1790103237.391273,0.0,0.0,0.0,0.0
2026-09-23T00:23:57.402153,1790103237.401271,0.0,0.0,0.0,0.0
2026-09-23T00:23:57.411767,1790103237.4112625,0.0,0.0,0.0,0.0
2026-09-23T00:23:57.422124,1790103237.4212918,0.0,0.0,0.0,0.0
2026-09-23T00:23:57.431780,1790103237.4312718,0.0,0.0,0.0,0.0
2026-09-23T00:23:57.441805,1790103237.4412658,0.0,0.0,0.0,0.0
2026-09-23T00:23:57.451849,1790103237.4512658,0.0,0.0,0.0,0.0
2026-09-23T00:23:57.461800,1790103237.461259,0.0,0.0,0.0,0.0
2026-09-23T00:23:57.471941,1790103237.4712753,0.0,0.0,0.0,0.0
2026-09-23T00:23:57.481821,1790103237.4812999,0.0,0.0,0.0,0.0
2026-09-23T00:23:57.491883,1790103237.4912672,0.0,0.0,0.0,0.0
2026-09-23T00:23:57.502046,1790103237.5013053,0.0,0.0,0.0,0.0
2026-09-23T00:23:57.511850,1790103237.5112631,0.0,0.0,0.0,0.0
2026-09-23T00:23:57.521892,1790103237.5212286,0.0,0.0,0.0,0.0
2026-09-23T00:23:57.531911,1790103237.5312736,0.0,0.0,0.0,0.0
2026-09-23T00:23:57.541816,1790103237.541269,0.0,0.0,0.0,0.0
2026-09-23T00:23:57.551872,1790103237.551279,0.0,0.0,0.0,0.0
2026-09-23T00:23:57.561914,1790103237.561298,0.0,0.0,0.0,0.0
2026-09-23T00:23:57.571887,1790103237.5712833,0.0,0.0,0.0,0.0
2026-09-23T00:23:57.582095,1790103237.581305,0.0,0.0,0.0,0.0
2026-09-23T00:23:57.591776,1790103237.5912664,0.0,0.0,0.0,0.0
2026-09-23T00:23:57.602102,1790103237.6013052,0.0,0.0,0.0,0.0
2026-09-23T00:23:57.611901,1790103237.6112666,0.0,0.0,0.0,0.0
2026-09-23T00:23:57.621928,1790103237.6212769,0.0,0.0,0.0,0.0
2026-09-23T00:23:57.631747,1790103237.6312695,0.0,0.0,0.0,0.0
2026-09-23T00:23:57.641853,1790103237.64127,0.0,0.0,0.0,0.0
2026-09-23T00:23:57.651741,1790103237.6512656,0.0,0.0,0.0,0.0
2026-09-23T00:23:57.661768,1790103237.6612835,0.0,0.0,0.0,0.0
2026-09-23T00:23:57.671834,1790103237.6712716,0.0,0.0,0.0,0.0
2026-09-23T00:23:57.681779,1790103237.6812627,0.0,0.0,0.0,0.0
2026-09-23T00:23:57.691762,1790103237.6912644,0.0,0.0,0.0,0.0
2026-09-23T00:23:57.702063,1790103237.7013037,0.0,0.0,0.0,0.0
2026-09-23T00:23:57.711773,1790103237.7112753,0.0,0.0,0.0,0.0
2026-09-23T00:23:57.721930,1790103237.721291,0.0,0.0,0.0,0.0
2026-09-23T00:23:57.731648,1790103237.7312624,0.0,0.0,0.0,0.0
2026-09-23T00:23:57.742024,1790103237.7412758,0.0,0.0,0.0,0.0
2026-09-23T00:23:57.751848,1790103237.751268,0.0,0.0,0.0,0.0
2026-09-23T00:23:57.761843,1790103237.7612693,0.0,0.0,0.0,0.0
2026-09-23T00:23:57.771843,1790103237.7712731,0.0,0.0,0.0,0.0
2026-09-23T00:23:57.781763,1790103237.781263,0.0,0.0,0.0,0.0
2026-09-23T00:23:57.791750,1790103237.791236,0.0,0.0,0.0,0.0
2026-09-23T00:23:57.802014,1790103237.8012643,0.0,0.0,0.0,0.0
2026-09-23T00:23:57.812134,1790103237.8115897,0.0,0.0,0.0,0.0
2026-09-23T00:23:57.822341,1790103237.821372,0.0,0.0,0.0,0.0
2026-09-23T00:23:57.831772,1790103237.8313036,0.0,0.0,0.0,0.0
2026-09-23T00:23:57.841820,1790103237.841266,0.0,0.0,0.0,0.0
2026-09-23T00:23:57.851810,1790103237.8512735,0.0,0.0,0.0,0.0
2026-09-23T00:23:57.861759,1790103237.8612676,0.0,0.0,0.0,0.0
2026-09-23T00:23:57.871921,1790103237.8712714,0.0,0.0,0.0,0.0
2026-09-23T00:23:57.881819,1790103237.8812656,0.0,0.0,0.0,0.0
2026-09-23T00:23:57.891745,1790103237.8912685,0.0,0.0,0.0,0.0
2026-09-23T00:23:57.902236,1790103237.9012806,0.0,0.0,0.0,0.0
2026-09-23T00:23:57.911746,1790103237.9112651,0.0,0.0,0.0,0.0
2026-09-23T00:23:57.921900,1790103237.9212637,0.0,0.0,0.0,0.0
2026-09-23T00:23:57.931858,1790103237.9312668,0.0,0.0,0.0,0.0
2026-09-23T00:23:57.941820,1790103237.9412923,0.0,0.0,0.0,0.0
2026-09-23T00:23:57.951796,1790103237.9512653,0.0,0.0,0.0,0.0
2026-09-23T00:23:57.961788,1790103237.961266,0.0,0.0,0.0,0.0
2026-09-23T00:23:57.972142,1790103237.971327,0.0,0.0,0.0,0.0
2026-09-23T00:23:57.981835,1790103237.9812605,0.0,0.0,0.0,0.0
2026-09-23T00:23:57.991861,1790103237.9913187,0.0,0.0,0.0,0.0
2026-09-23T00:23:58.002088,1790103238.0012717,0.0,0.0,0.0,0.0
2026-09-23T00:23:58.011733,1790103238.0112634,0.0,0.0,0.0,0.0
2026-09-23T00:23:58.021818,1790103238.021287,0.0,0.0,0.0,0.0
2026-09-23T00:23:58.031817,1790103238.031264,0.0,0.0,0.0,0.0
2026-09-23T00:23:58.041913,1790103238.0413213,0.0,0.0,0.0,0.0
2026-09-23T00:23:58.051809,1790103238.0512667,0.0,0.0,0.0,0.0
2026-09-23T00:23:58.062421,1790103238.0612981,0.0,0.0,0.0,0.0
2026-09-23T00:23:58.071876,1790103238.0712802,0.0,0.0,0.0,0.0
2026-09-23T00:23:58.081852,1790103238.0812597,0.0,0.0,0.0,0.0
2026-09-23T00:23:58.092058,1790103238.091357,0.0,0.0,0.0,0.0
2026-09-23T00:23:58.101935,1790103238.1012604,0.0,0.0,0.0,0.0
2026-09-23T00:23:58.111727,1790103238.111262,0.0,0.0,0.0,0.0
2026-09-23T00:23:58.121839,1790103238.1212702,0.0,0.0,0.0,0.0
2026-09-23T00:23:58.131786,1790103238.1312985,0.0,0.0,0.0,0.0
2026-09-23T00:23:58.141960,1790103238.1413727,0.0,0.0,0.0,0.0
2026-09-23T00:23:58.151763,1790103238.151299,0.0,0.0,0.0,0.0
2026-09-23T00:23:58.161772,1790103238.1612704,0.0,0.0,0.0,0.0
2026-09-23T00:23:58.171901,1790103238.1712782,0.0,0.0,0.0,0.0
2026-09-23T00:23:58.181809,1790103238.1812644,0.0,0.0,0.0,0.0
2026-09-23T00:23:58.191909,1790103238.1913588,0.0,0.0,0.0,0.0
2026-09-23T00:23:58.202016,1790103238.2012618,0.0,0.0,0.0,0.0
2026-09-23T00:23:58.211633,1790103238.2112737,0.0,0.0,0.0,0.0
2026-09-23T00:23:58.222034,1790103238.2212772,0.0,0.0,0.0,0.0
2026-09-23T00:23:58.231861,1790103238.231273,0.0,0.0,0.0,0.0
2026-09-23T00:23:58.241882,1790103238.2413585,0.0,0.0,0.0,0.0
2026-09-23T00:23:58.252149,1790103238.2512634,0.0,0.0,0.0,0.0
2026-09-23T00:23:58.261857,1790103238.261264,0.0,0.0,0.0,0.0
2026-09-23T00:23:58.271915,1790103238.2712786,0.0,0.0,0.0,0.0
2026-09-23T00:23:58.281779,1790103238.2812645,0.0,0.0,0.0,0.0
2026-09-23T00:23:58.291920,1790103238.2913713,0.0,0.0,0.0,0.0
2026-09-23T00:23:58.302325,1790103238.3012722,0.0,0.0,0.0,0.0
2026-09-23T00:23:58.311686,1790103238.3112674,0.0,0.0,0.0,0.0
2026-09-23T00:23:58.321768,1790103238.3212633,0.0,0.0,0.0,0.0
2026-09-23T00:23:58.331697,1790103238.3312705,0.0,0.0,0.0,0.0
2026-09-23T00:23:58.341907,1790103238.3412693,0.0,0.0,0.0,0.0
2026-09-23T00:23:58.352013,1790103238.351284,0.0,0.0,0.0,0.0
2026-09-23T00:23:58.361761,1790103238.361262,0.0,0.0,0.0,0.0
2026-09-23T00:23:58.371908,1790103238.3712747,0.0,0.0,0.0,0.0
2026-09-23T00:23:58.382065,1790103238.3812754,0.0,0.0,0.0,0.0
2026-09-23T00:23:58.391832,1790103238.3912642,0.0,0.0,0.0,0.0
2026-09-23T00:23:58.402197,1790103238.4013057,0.0,0.0,0.0,0.0
2026-09-23T00:23:58.411736,1790103238.4112687,0.0,0.0,0.0,0.0
2026-09-23T00:23:58.422089,1790103238.4212925,0.0,0.0,0.0,0.0
2026-09-23T00:23:58.431786,1790103238.431261,0.0,0.0,0.0,0.0
2026-09-23T00:23:58.441907,1790103238.441219,0.0,0.0,0.0,0.0
2026-09-23T00:23:58.451859,1790103238.451261,0.0,0.0,0.0,0.0
2026-09-23T00:23:58.461896,1790103238.4612617,0.0,0.0,0.0,0.0
2026-09-23T00:23:58.471849,1790103238.4712808,0.0,0.0,0.0,0.0
2026-09-23T00:23:58.481766,1790103238.4812617,0.0,0.0,0.0,0.0
2026-09-23T00:23:58.491855,1790103238.4912677,0.0,0.0,0.0,0.0
2026-09-23T00:23:58.502396,1790103238.5012715,0.0,0.0,0.0,0.0
2026-09-23T00:23:58.511891,1790103238.5112734,0.0,0.0,0.0,0.0
2026-09-23T00:23:58.521913,1790103238.5212853,0.0,0.0,0.0,0.0
2026-09-23T00:23:58.531755,1790103238.5312662,0.0,0.0,0.0,0.0
2026-09-23T00:23:58.542022,1790103238.5412862,0.0,0.0,0.0,0.0
2026-09-23T00:23:58.551799,1790103238.5512602,0.0,0.0,0.0,0.0
2026-09-23T00:23:58.561861,1790103238.5613043,0.0,0.0,0.0,0.0
2026-09-23T00:23:58.571933,1790103238.5712771,0.0,0.0,0.0,0.0
2026-09-23T00:23:58.581833,1790103238.5812974,0.0,0.0,0.0,0.0
2026-09-23T00:23:58.591811,1790103238.5912213,0.0,0.0,0.0,0.0
2026-09-23T00:23:58.602102,1790103238.6012836,0.0,0.0,0.0,0.0
2026-09-23T00:23:58.611856,1790103238.6113048,0.0,0.0,0.0,0.0
2026-09-23T00:23:58.621920,1790103238.6212797,0.0,0.0,0.0,0.0
2026-09-23T00:23:58.631743,1790103238.6312742,0.0,0.0,0.0,0.0
2026-09-23T00:23:58.642001,1790103238.64128,0.0,0.0,0.0,0.0
2026-09-23T00:23:58.651740,1790103238.6512632,0.0,0.0,0.0,0.0
2026-09-23T00:23:58.661798,1790103238.6612751,0.0,0.0,0.0,0.0
2026-09-23T00:23:58.671972,1790103238.671267,0.0,0.0,0.0,0.0
2026-09-23T00:23:58.681744,1790103238.6812613,0.0,0.0,0.0,0.0
2026-09-23T00:23:58.691898,1790103238.6912596,0.0,0.0,0.0,0.0
2026-09-23T00:23:58.702281,1790103238.7012956,0.0,0.0,0.0,0.0
2026-09-23T00:23:58.711714,1790103238.711265,0.0,0.0,0.0,0.0
2026-09-23T00:23:58.721998,1790103238.7212937,0.0,0.0,0.0,0.0
2026-09-23T00:23:58.731792,1790103238.7312636,0.0,0.0,0.0,0.0
2026-09-23T00:23:58.741882,1790103238.7412686,0.0,0.0,0.0,0.0
2026-09-23T00:23:58.751848,1790103238.751259,0.0,0.0,0.0,0.0
2026-09-23T00:23:58.761854,1790103238.7612824,0.0,0.0,0.0,0.0
2026-09-23T00:23:58.772124,1790103238.7713242,0.0,0.0,0.0,0.0
2026-09-23T00:23:58.781855,1790103238.781279,0.0,0.0,0.0,0.0
2026-09-23T00:23:58.791913,1790103238.7912607,0.0,0.0,0.0,0.0
2026-09-23T00:23:58.801965,1790103238.8012626,0.0,0.0,0.0,0.0
2026-09-23T00:23:58.811697,1790103238.8112626,0.0,0.0,0.0,0.0
2026-09-23T00:23:58.821949,1790103238.8213394,0.0,0.0,0.0,0.0
2026-09-23T00:23:58.831910,1790103238.8312743,0.0,0.0,0.0,0.0
2026-09-23T00:23:58.841909,1790103238.8412852,0.0,0.0,0.0,0.0
2026-09-23T00:23:58.852006,1790103238.8512657,0.0,0.0,0.0,0.0
2026-09-23T00:23:58.861999,1790103238.8612835,0.0,0.0,0.0,0.0
2026-09-23T00:23:58.872037,1790103238.871342,0.0,0.0,0.0,0.0
2026-09-23T00:23:58.881848,1790103238.881306,0.0,0.0,0.0,0.0
2026-09-23T00:23:58.891871,1790103238.8912673,0.0,0.0,0.0,0.0
2026-09-23T00:23:58.902135,1790103238.901262,0.0,0.0,0.0,0.0
2026-09-23T00:23:58.911729,1790103238.9112642,0.0,0.0,0.0,0.0
2026-09-23T00:23:58.921979,1790103238.9213498,0.0,0.0,0.0,0.0
2026-09-23T00:23:58.931792,1790103238.9312682,0.0,0.0,0.0,0.0
2026-09-23T00:23:58.941914,1790103238.9412632,0.0,0.0,0.0,0.0
2026-09-23T00:23:58.951847,1790103238.95128,0.0,0.0,0.0,0.0
2026-09-23T00:23:58.961919,1790103238.9612985,0.0,0.0,0.0,0.0
2026-09-23T00:23:58.972025,1790103238.971334,0.0,0.0,0.0,0.0
2026-09-23T00:23:58.981972,1790103238.9812615,0.0,0.0,0.0,0.0
2026-09-23T00:23:58.991988,1790103238.9912775,0.0,0.0,0.0,0.0
2026-09-23T00:23:59.001920,1790103239.0012753,0.0,0.0,0.0,0.0
2026-09-23T00:23:59.011702,1790103239.0112653,0.0,0.0,0.0,0.0
2026-09-23T00:23:59.022237,1790103239.021344,0.0,0.0,0.0,0.0
2026-09-23T00:23:59.031719,1790103239.031265,0.0,0.0,0.0,0.0
2026-09-23T00:23:59.041857,1790103239.0412688,0.0,0.0,0.0,0.0
2026-09-23T00:23:59.051841,1790103239.0512626,0.0,0.0,0.0,0.0
2026-09-23T00:23:59.061788,1790103239.0612648,0.0,0.0,0.0,0.0
2026-09-23T00:23:59.072038,1790103239.071342,0.0,0.0,0.0,0.0
2026-09-23T00:23:59.081930,1790103239.081279,0.0,0.0,0.0,0.0
2026-09-23T00:23:59.091947,1790103239.091267,0.0,0.0,0.0,0.0
2026-09-23T00:23:59.102087,1790103239.1012793,0.0,0.0,0.0,0.0
2026-09-23T00:23:59.111786,1790103239.111273,0.0,0.0,0.0,0.0
2026-09-23T00:23:59.121899,1790103239.1212738,0.0,0.0,0.0,0.0
2026-09-23T00:23:59.131656,1790103239.1312616,0.0,0.0,0.0,0.0
2026-09-23T00:23:59.141950,1790103239.141263,0.0,0.0,0.0,0.0
2026-09-23T00:23:59.152134,1790103239.1512656,0.0,0.0,0.0,0.0
2026-09-23T00:23:59.161791,1790103239.1612785,0.0,0.0,0.0,0.0
2026-09-23T00:23:59.172104,1790103239.1713164,0.0,0.0,0.0,0.0
2026-09-23T00:23:59.182017,1790103239.1812751,0.0,0.0,0.0,0.0
2026-09-23T00:23:59.191906,1790103239.1912782,0.0,0.0,0.0,0.0
2026-09-23T00:23:59.201993,1790103239.2012665,0.0,0.0,0.0,0.0
2026-09-23T00:23:59.211721,1790103239.2112668,0.0,0.0,0.0,0.0
2026-09-23T00:23:59.222238,1790103239.221354,0.0,0.0,0.0,0.0
2026-09-23T00:23:59.231715,1790103239.2312613,0.0,0.0,0.0,0.0
2026-09-23T00:23:59.241949,1790103239.2412724,0.0,0.0,0.0,0.0
2026-09-23T00:23:59.252017,1790103239.251265,0.0,0.0,0.0,0.0
2026-09-23T00:23:59.261952,1790103239.2612882,0.0,0.0,0.0,0.0
2026-09-23T00:23:59.272460,1790103239.2713473,0.0,0.0,0.0,0.0
2026-09-23T00:23:59.281757,1790103239.281272,0.0,0.0,0.0,0.0
2026-09-23T00:23:59.291922,1790103239.291274,0.0,0.0,0.0,0.0
2026-09-23T00:23:59.302258,1790103239.301306,0.0,0.0,0.0,0.0
2026-09-23T00:23:59.311784,1790103239.3112693,0.0,0.0,0.0,0.0
2026-09-23T00:23:59.322226,1790103239.3213687,0.0,0.0,0.0,0.0
2026-09-23T00:23:59.331782,1790103239.3312547,0.0,0.0,0.0,0.0
2026-09-23T00:23:59.342150,1790103239.3412795,0.0,0.0,0.0,0.0
2026-09-23T00:23:59.351849,1790103239.3512604,0.0,0.0,0.0,0.0
2026-09-23T00:23:59.361816,1790103239.3612592,0.0,0.0,0.0,0.0
2026-09-23T00:23:59.372204,1790103239.371334,0.0,0.0,0.0,0.0
2026-09-23T00:23:59.381823,1790103239.3812978,0.0,0.0,0.0,0.0
2026-09-23T00:23:59.391816,1790103239.3912666,0.0,0.0,0.0,0.0
2026-09-23T00:23:59.401931,1790103239.4012966,0.0,0.0,0.0,0.0
2026-09-23T00:23:59.411865,1790103239.4112747,0.0,0.0,0.0,0.0
2026-09-23T00:23:59.422214,1790103239.4213362,0.0,0.0,0.0,0.0
2026-09-23T00:23:59.431669,1790103239.4312637,0.0,0.0,0.0,0.0
2026-09-23T00:23:59.441905,1790103239.4412625,0.0,0.0,0.0,0.0
2026-09-23T00:23:59.451852,1790103239.4512653,0.0,0.0,0.0,0.0
2026-09-23T00:23:59.461993,1790103239.4612887,0.0,0.0,0.0,0.0
2026-09-23T00:23:59.472114,1790103239.4713376,0.0,0.0,0.0,0.0
2026-09-23T00:23:59.481828,1790103239.4812903,0.0,0.0,0.0,0.0
2026-09-23T00:23:59.491924,1790103239.4912674,0.0,0.0,0.0,0.0
2026-09-23T00:23:59.502302,1790103239.5012918,0.0,0.0,0.0,0.0
2026-09-23T00:23:59.511724,1790103239.5112646,0.0,0.0,0.0,0.0
2026-09-23T00:23:59.522305,1790103239.5213616,0.0,0.0,0.0,0.0
2026-09-23T00:23:59.531806,1790103239.5312676,0.0,0.0,0.0,0.0
2026-09-23T00:23:59.542014,1790103239.5412664,0.0,0.0,0.0,0.0
2026-09-23T00:23:59.551927,1790103239.5512657,0.0,0.0,0.0,0.0
2026-09-23T00:23:59.561772,1790103239.5612633,0.0,0.0,0.0,0.0
2026-09-23T00:23:59.572874,1790103239.57138,0.0,0.0,0.0,0.0
2026-09-23T00:23:59.581766,1790103239.5812776,0.0,0.0,0.0,0.0
2026-09-23T00:23:59.591773,1790103239.5912678,0.0,0.0,0.0,0.0
2026-09-23T00:23:59.601982,1790103239.6012747,0.0,0.0,0.0,0.0
2026-09-23T00:23:59.611659,1790103239.6112766,0.0,0.0,0.0,0.0
2026-09-23T00:23:59.622210,1790103239.6212964,0.0,0.0,0.0,0.0
2026-09-23T00:23:59.631886,1790103239.6312845,0.0,0.0,0.0,0.0
2026-09-23T00:23:59.641896,1790103239.6412728,0.0,0.0,0.0,0.0
2026-09-23T00:23:59.652143,1790103239.6512601,0.0,0.0,0.0,0.0
2026-09-23T00:23:59.661980,1790103239.6612804,0.0,0.0,0.0,0.0
2026-09-23T00:23:59.672537,1790103239.6713612,0.0,0.0,0.0,0.0
2026-09-23T00:23:59.681764,1790103239.681261,0.0,0.0,0.0,0.0
2026-09-23T00:23:59.691809,1790103239.6912696,0.0,0.0,0.0,0.0
2026-09-23T00:23:59.701996,1790103239.70126,0.0,0.0,0.0,0.0
2026-09-23T00:23:59.711712,1790103239.7112648,0.0,0.0,0.0,0.0
2026-09-23T00:23:59.722236,1790103239.7213206,0.0,0.0,0.0,0.0
2026-09-23T00:23:59.731735,1790103239.7312603,0.0,0.0,0.0,0.0
2026-09-23T00:23:59.741952,1790103239.7412746,0.0,0.0,0.0,0.0
2026-09-23T00:23:59.751819,1790103239.7512734,0.0,0.0,0.0,0.0
2026-09-23T00:23:59.761777,1790103239.7612803,0.0,0.0,0.0,0.0
2026-09-23T00:23:59.772337,1790103239.7713509,0.0,0.0,0.0,0.0
2026-09-23T00:23:59.781755,1790103239.781289,0.0,0.0,0.0,0.0
2026-09-23T00:23:59.791950,1790103239.7912676,0.0,0.0,0.0,0.0
2026-09-23T00:23:59.802211,1790103239.8012652,0.0,0.0,0.0,0.0
2026-09-23T00:23:59.811704,1790103239.8112583,0.0,0.0,0.0,0.0
2026-09-23T00:23:59.822352,1790103239.8213937,0.0,0.0,0.0,0.0
2026-09-23T00:23:59.834382,1790103239.8312771,0.0,0.0,0.0,0.0
2026-09-23T00:23:59.841873,1790103239.8412743,0.0,0.0,0.0,0.0
2026-09-23T00:23:59.852453,1790103239.8512657,0.0,0.0,0.0,0.0
2026-09-23T00:23:59.861767,1790103239.8612645,0.0,0.0,0.0,0.0
2026-09-23T00:23:59.872223,1790103239.8713388,0.0,0.0,0.0,0.0
2026-09-23T00:23:59.881868,1790103239.881286,0.0,0.0,0.0,0.0
2026-09-23T00:23:59.891804,1790103239.8912697,0.0,0.0,0.0,0.0
2026-09-23T00:23:59.902082,1790103239.9012842,0.0,0.0,0.0,0.0
2026-09-23T00:23:59.911685,1790103239.9112885,0.0,0.0,0.0,0.0
2026-09-23T00:23:59.921811,1790103239.9212766,0.0,0.0,0.0,0.0
2026-09-23T00:23:59.931715,1790103239.9312866,0.0,0.0,0.0,0.0
2026-09-23T00:23:59.942168,1790103239.9412854,0.0,0.0,0.0,0.0
2026-09-23T00:23:59.952042,1790103239.951287,0.0,0.0,0.0,0.0
2026-09-23T00:23:59.961917,1790103239.9612777,0.0,0.0,0.0,0.0
2026-09-23T00:23:59.972241,1790103239.9713373,0.0,0.0,0.0,0.0
2026-09-23T00:23:59.982036,1790103239.9813118,0.0,0.0,0.0,0.0
2026-09-23T00:23:59.991709,1790103239.9912827,0.0,0.0,0.0,0.0
2026-09-23T00:24:00.001987,1790103240.0012653,0.0,0.0,0.0,0.0
2026-09-23T00:24:00.011838,1790103240.0112734,0.0,0.0,0.0,0.0
2026-09-23T00:24:00.022179,1790103240.0212696,0.0,0.0,0.0,0.0
2026-09-23T00:24:00.031791,1790103240.0312634,0.0,0.0,0.0,0.0
2026-09-23T00:24:00.041895,1790103240.0412834,0.0,0.0,0.0,0.0
2026-09-23T00:24:00.052009,1790103240.0512617,0.0,0.0,0.0,0.0
2026-09-23T00:24:00.061759,1790103240.0612626,0.0,0.0,0.0,0.0
2026-09-23T00:24:00.072276,1790103240.0712876,0.0,0.0,0.0,0.0
2026-09-23T00:24:00.081771,1790103240.081276,0.0,0.0,0.0,0.0
2026-09-23T00:24:00.091760,1790103240.0912602,0.0,0.0,0.0,0.0
2026-09-23T00:24:00.101984,1790103240.101283,0.0,0.0,0.0,0.0
2026-09-23T00:24:00.111743,1790103240.111275,0.0,0.0,0.0,0.0
2026-09-23T00:24:00.122333,1790103240.121298,0.0,0.0,0.0,0.0
2026-09-23T00:24:00.131674,1790103240.131261,0.0,0.0,0.0,0.0
2026-09-23T00:24:00.142126,1790103240.1412888,0.0,0.0,0.0,0.0
2026-09-23T00:24:00.151880,1790103240.1512702,0.0,0.0,0.0,0.0
2026-09-23T00:24:00.161835,1790103240.1612778,0.0,0.0,0.0,0.0
2026-09-23T00:24:00.172535,1790103240.1713328,0.0,0.0,0.0,0.0
2026-09-23T00:24:00.182064,1790103240.1813085,0.0,0.0,0.0,0.0
2026-09-23T00:24:00.191768,1790103240.1912766,0.0,0.0,0.0,0.0
2026-09-23T00:24:00.201952,1790103240.201272,0.0,0.0,0.0,0.0
2026-09-23T00:24:00.211654,1790103240.211262,0.0,0.0,0.0,0.0
2026-09-23T00:24:00.222281,1790103240.2212834,0.0,0.0,0.0,0.0
2026-09-23T00:24:00.231811,1790103240.2312837,0.0,0.0,0.0,0.0
2026-09-23T00:24:00.241799,1790103240.2412627,0.0,0.0,0.0,0.0
2026-09-23T00:24:00.251875,1790103240.2512786,0.0,0.0,0.0,0.0
2026-09-23T00:24:00.261773,1790103240.2612615,0.0,0.0,0.0,0.0
2026-09-23T00:24:00.272168,1790103240.2713158,0.0,0.0,0.0,0.0
2026-09-23T00:24:00.281784,1790103240.2812767,0.0,0.0,0.0,0.0
2026-09-23T00:24:00.291985,1790103240.2912824,0.0,0.0,0.0,0.0
2026-09-23T00:24:00.302278,1790103240.3013062,0.0,0.0,0.0,0.0
2026-09-23T00:24:00.311734,1790103240.311277,0.0,0.0,0.0,0.0
2026-09-23T00:24:00.322159,1790103240.3212957,0.0,0.0,0.0,0.0
2026-09-23T00:24:00.331882,1790103240.331277,0.0,0.0,0.0,0.0
2026-09-23T00:24:00.341857,1790103240.34127,0.0,0.0,0.0,0.0
2026-09-23T00:24:00.351984,1790103240.3512766,0.0,0.0,0.0,0.0
2026-09-23T00:24:00.361793,1790103240.3612833,0.0,0.0,0.0,0.0
2026-09-23T00:24:00.372598,1790103240.371273,0.0,0.0,0.0,0.0
2026-09-23T00:24:00.381782,1790103240.381302,0.0,0.0,0.0,0.0
2026-09-23T00:24:00.391747,1790103240.3912654,0.0,0.0,0.0,0.0
2026-09-23T00:24:00.402298,1790103240.4013007,0.0,0.0,0.0,0.0
2026-09-23T00:24:00.411730,1790103240.4112647,0.0,0.0,0.0,0.0
2026-09-23T00:24:00.422204,1790103240.4212806,0.0,0.0,0.0,0.0
2026-09-23T00:24:00.431787,1790103240.431276,0.0,0.0,0.0,0.0
2026-09-23T00:24:00.441741,1790103240.4412603,0.0,0.0,0.0,0.0
2026-09-23T00:24:00.451769,1790103240.4512665,0.0,0.0,0.0,0.0
2026-09-23T00:24:00.461959,1790103240.4612668,0.0,0.0,0.0,0.0
2026-09-23T00:24:00.472216,1790103240.471272,0.0,0.0,0.0,0.0
2026-09-23T00:24:00.481800,1790103240.481262,0.0,0.0,0.0,0.0
2026-09-23T00:24:00.491799,1790103240.4912684,0.0,0.0,0.0,0.0
2026-09-23T00:24:00.502016,1790103240.5012784,0.0,0.0,0.0,0.0
2026-09-23T00:24:00.511899,1790103240.5112798,0.0,0.0,0.0,0.0
2026-09-23T00:24:00.522353,1790103240.5213144,0.0,0.0,0.0,0.0
2026-09-23T00:24:00.531777,1790103240.5312738,0.0,0.0,0.0,0.0
2026-09-23T00:24:00.541816,1790103240.5412686,0.0,0.0,0.0,0.0
2026-09-23T00:24:00.552004,1790103240.551281,0.0,0.0,0.0,0.0
2026-09-23T00:24:00.561856,1790103240.5612693,0.0,0.0,0.0,0.0
2026-09-23T00:24:00.572944,1790103240.571277,0.0,0.0,0.0,0.0
2026-09-23T00:24:00.581778,1790103240.581263,0.0,0.0,0.0,0.0
2026-09-23T00:24:00.591826,1790103240.591272,0.0,0.0,0.0,0.0
2026-09-23T00:24:00.601970,1790103240.6012652,0.0,0.0,0.0,0.0
2026-09-23T00:24:00.611708,1790103240.611266,0.0,0.0,0.0,0.0
2026-09-23T00:24:00.622512,1790103240.6213372,0.0,0.0,0.0,0.0
2026-09-23T00:24:00.631703,1790103240.6312847,0.0,0.0,0.0,0.0
2026-09-23T00:24:00.641744,1790103240.6412668,0.0,0.0,0.0,0.0
2026-09-23T00:24:00.652065,1790103240.6512616,0.0,0.0,0.0,0.0
2026-09-23T00:24:00.661883,1790103240.661277,0.0,0.0,0.0,0.0
2026-09-23T00:24:00.672137,1790103240.6712813,0.0,0.0,0.0,0.0
2026-09-23T00:24:00.681935,1790103240.6812816,0.0,0.0,0.0,0.0
2026-09-23T00:24:00.691686,1790103240.6912637,0.0,0.0,0.0,0.0
2026-09-23T00:24:00.702114,1790103240.7012732,0.0,0.0,0.0,0.0
2026-09-23T00:24:00.711696,1790103240.7112696,0.0,0.0,0.0,0.0
2026-09-23T00:24:00.722423,1790103240.7213612,0.0,0.0,0.0,0.0
2026-09-23T00:24:00.731772,1790103240.731276,0.0,0.0,0.0,0.0
2026-09-23T00:24:00.742016,1790103240.741282,0.0,0.0,0.0,0.0
2026-09-23T00:24:00.752127,1790103240.75128,0.0,0.0,0.0,0.0
2026-09-23T00:24:00.761779,1790103240.7612762,0.0,0.0,0.0,0.0
2026-09-23T00:24:00.772153,1790103240.7712848,0.0,0.0,0.0,0.0
2026-09-23T00:24:00.782057,1790103240.7812898,0.0,0.0,0.0,0.0
2026-09-23T00:24:00.791692,1790103240.7912667,0.0,0.0,0.0,0.0
2026-09-23T00:24:00.802232,1790103240.8012705,0.0,0.0,0.0,0.0
2026-09-23T00:24:00.811717,1790103240.8112736,0.0,0.0,0.0,0.0
2026-09-23T00:24:00.822668,1790103240.8212953,0.0,0.0,0.0,0.0
2026-09-23T00:24:00.831749,1790103240.831278,0.0,0.0,0.0,0.0
2026-09-23T00:24:00.841987,1790103240.8412924,0.0,0.0,0.0,0.0
2026-09-23T00:24:00.851894,1790103240.8512564,0.0,0.0,0.0,0.0
2026-09-23T00:24:00.861816,1790103240.8612988,0.0,0.0,0.0,0.0
2026-09-23T00:24:00.872194,1790103240.8712995,0.0,0.0,0.0,0.0
2026-09-23T00:24:00.881794,1790103240.8812792,0.0,0.0,0.0,0.0
2026-09-23T00:24:00.891707,1790103240.8912675,0.0,0.0,0.0,0.0
2026-09-23T00:24:00.902002,1790103240.901285,0.0,0.0,0.0,0.0
2026-09-23T00:24:00.911987,1790103240.9112875,0.0,0.0,0.0,0.0
2026-09-23T00:24:00.922247,1790103240.9212694,0.0,0.0,0.0,0.0
2026-09-23T00:24:00.931760,1790103240.9312832,0.0,0.0,0.0,0.0
2026-09-23T00:24:00.942024,1790103240.9412947,0.0,0.0,0.0,0.0
2026-09-23T00:24:00.951816,1790103240.9512684,0.0,0.0,0.0,0.0
2026-09-23T00:24:00.961770,1790103240.9612644,0.0,0.0,0.0,0.0
2026-09-23T00:24:00.973368,1790103240.9712586,0.0,0.0,0.0,0.0
2026-09-23T00:24:00.981815,1790103240.9812675,0.0,0.0,0.0,0.0
2026-09-23T00:24:00.991774,1790103240.9912596,0.0,0.0,0.0,0.0
2026-09-23T00:24:01.002301,1790103241.0012627,0.0,0.0,0.0,0.0
2026-09-23T00:24:01.011837,1790103241.0112607,0.0,0.0,0.0,0.0
2026-09-23T00:24:01.021955,1790103241.0212684,0.0,0.0,0.0,0.0
2026-09-23T00:24:01.031686,1790103241.0312653,0.0,0.0,0.0,0.0
2026-09-23T00:24:01.041800,1790103241.04126,0.0,0.0,0.0,0.0
2026-09-23T00:24:01.052004,1790103241.0512686,0.0,0.0,0.0,0.0
2026-09-23T00:24:01.061793,1790103241.0612702,0.0,0.0,0.0,0.0
2026-09-23T00:24:01.072085,1790103241.0712807,0.0,0.0,0.0,0.0
2026-09-23T00:24:01.081804,1790103241.081269,0.0,0.0,0.0,0.0
2026-09-23T00:24:01.091768,1790103241.0912645,0.0,0.0,0.0,0.0
2026-09-23T00:24:01.102259,1790103241.1012902,0.0,0.0,0.0,0.0
2026-09-23T00:24:01.111728,1790103241.1112719,0.0,0.0,0.0,0.0
2026-09-23T00:24:01.121870,1790103241.121271,0.0,0.0,0.0,0.0
2026-09-23T00:24:01.131728,1790103241.1312656,0.0,0.0,0.0,0.0
2026-09-23T00:24:01.141799,1790103241.1412737,0.0,0.0,0.0,0.0
2026-09-23T00:24:01.151805,1790103241.1512792,0.0,0.0,0.0,0.0
2026-09-23T00:24:01.161805,1790103241.1612773,0.0,0.0,0.0,0.0
2026-09-23T00:24:01.171845,1790103241.1712658,0.0,0.0,0.0,0.0
2026-09-23T00:24:01.181736,1790103241.1812623,0.0,0.0,0.0,0.0
2026-09-23T00:24:01.191711,1790103241.1912634,0.0,0.0,0.0,0.0
2026-09-23T00:24:01.202052,1790103241.2012658,0.0,0.0,0.0,0.0
2026-09-23T00:24:01.211652,1790103241.2112617,0.0,0.0,0.0,0.0
2026-09-23T00:24:01.221845,1790103241.2212706,0.0,0.0,0.0,0.0
2026-09-23T00:24:01.231769,1790103241.2312734,0.0,0.0,0.0,0.0
2026-09-23T00:24:01.241759,1790103241.2412596,0.0,0.0,0.0,0.0
2026-09-23T00:24:01.251893,1790103241.2512639,0.0,0.0,0.0,0.0
2026-09-23T00:24:01.262014,1790103241.2612722,0.0,0.0,0.0,0.0
2026-09-23T00:24:01.271977,1790103241.2712722,0.0,0.0,0.0,0.0
2026-09-23T00:24:01.281761,1790103241.2812653,0.0,0.0,0.0,0.0
2026-09-23T00:24:01.291734,1790103241.2912664,0.0,0.0,0.0,0.0
2026-09-23T00:24:01.302303,1790103241.301269,0.0,0.0,0.0,0.0
2026-09-23T00:24:01.311707,1790103241.3112638,0.0,0.0,0.0,0.0
2026-09-23T00:24:01.322027,1790103241.3212845,0.0,0.0,0.0,0.0
2026-09-23T00:24:01.331718,1790103241.331262,0.0,0.0,0.0,0.0
2026-09-23T00:24:01.341934,1790103241.3412974,0.0,0.0,0.0,0.0
2026-09-23T00:24:01.351873,1790103241.351268,0.0,0.0,0.0,0.0
2026-09-23T00:24:01.361792,1790103241.361276,0.0,0.0,0.0,0.0
2026-09-23T00:24:01.371902,1790103241.3712695,0.0,0.0,0.0,0.0
2026-09-23T00:24:01.381947,1790103241.3812666,0.0,0.0,0.0,0.0
2026-09-23T00:24:01.391778,1790103241.3912787,0.0,0.0,0.0,0.0
2026-09-23T00:24:01.401994,1790103241.40127,0.0,0.0,0.0,0.0
2026-09-23T00:24:01.411686,1790103241.4112642,0.0,0.0,0.0,0.0
2026-09-23T00:24:01.422372,1790103241.4213939,0.0,0.0,0.0,0.0
2026-09-23T00:24:01.431836,1790103241.4312959,0.0,0.0,0.0,0.0
2026-09-23T00:24:01.441879,1790103241.441266,0.0,0.0,0.0,0.0
2026-09-23T00:24:01.451966,1790103241.4512627,0.0,0.0,0.0,0.0
2026-09-23T00:24:01.461844,1790103241.4612703,0.0,0.0,0.0,0.0
2026-09-23T00:24:01.472240,1790103241.4713573,0.0,0.0,0.0,0.0
2026-09-23T00:24:01.481757,1790103241.4812617,0.0,0.0,0.0,0.0
2026-09-23T00:24:01.491671,1790103241.491268,0.0,0.0,0.0,0.0
2026-09-23T00:24:01.501963,1790103241.5012608,0.0,0.0,0.0,0.0
2026-09-23T00:24:01.511718,1790103241.511272,0.0,0.0,0.0,0.0
2026-09-23T00:24:01.521811,1790103241.5212667,0.0,0.0,0.0,0.0
2026-09-23T00:24:01.531840,1790103241.5312665,0.0,0.0,0.0,0.0
2026-09-23T00:24:01.541743,1790103241.5412605,0.0,0.0,0.0,0.0
2026-09-23T00:24:01.551908,1790103241.5512683,0.0,0.0,0.0,0.0
2026-09-23T00:24:01.561777,1790103241.561267,0.0,0.0,0.0,0.0
2026-09-23T00:24:01.572254,1790103241.571349,0.0,0.0,0.0,0.0
2026-09-23T00:24:01.581903,1790103241.581282,0.0,0.0,0.0,0.0
2026-09-23T00:24:01.591723,1790103241.5912685,0.0,0.0,0.0,0.0
2026-09-23T00:24:01.602047,1790103241.6012225,0.0,0.0,0.0,0.0
2026-09-23T00:24:01.611771,1790103241.6112673,0.0,0.0,0.0,0.0
2026-09-23T00:24:01.622282,1790103241.6212747,0.0,0.0,0.0,0.0
2026-09-23T00:24:01.631706,1790103241.631265,0.0,0.0,0.0,0.0
2026-09-23T00:24:01.641927,1790103241.641295,0.0,0.0,0.0,0.0
2026-09-23T00:24:01.651870,1790103241.6512651,0.0,0.0,0.0,0.0
2026-09-23T00:24:01.662003,1790103241.661305,0.0,0.0,0.0,0.0
2026-09-23T00:24:01.672196,1790103241.6713269,0.0,0.0,0.0,0.0
2026-09-23T00:24:01.681840,1790103241.6812663,0.0,0.0,0.0,0.0
2026-09-23T00:24:01.691733,1790103241.6912608,0.0,0.0,0.0,0.0
2026-09-23T00:24:01.701952,1790103241.701265,0.0,0.0,0.0,0.0
2026-09-23T00:24:01.711823,1790103241.711268,0.0,0.0,0.0,0.0
2026-09-23T00:24:01.722212,1790103241.72127,0.0,0.0,0.0,0.0
2026-09-23T00:24:01.731804,1790103241.731273,0.0,0.0,0.0,0.0
2026-09-23T00:24:01.741989,1790103241.741286,0.0,0.0,0.0,0.0
2026-09-23T00:24:01.751878,1790103241.7512977,0.0,0.0,0.0,0.0
2026-09-23T00:24:01.761757,1790103241.7612605,0.0,0.0,0.0,0.0
2026-09-23T00:24:01.772346,1790103241.771268,0.0,0.0,0.0,0.0
2026-09-23T00:24:01.781780,1790103241.7812617,0.0,0.0,0.0,0.0
2026-09-23T00:24:01.791652,1790103241.7912645,0.0,0.0,0.0,0.0
2026-09-23T00:24:01.801970,1790103241.8012602,0.0,0.0,0.0,0.0
2026-09-23T00:24:01.811717,1790103241.8112743,0.0,0.0,0.0,0.0
2026-09-23T00:24:01.822304,1790103241.8212655,0.0,0.0,0.0,0.0
2026-09-23T00:24:01.831714,1790103241.8312604,0.0,0.0,0.0,0.0
2026-09-23T00:24:01.841780,1790103241.841262,0.0,0.0,0.0,0.0
2026-09-23T00:24:01.851811,1790103241.8512597,0.0,0.0,0.0,0.0
2026-09-23T00:24:01.861801,1790103241.8612685,0.0,0.0,0.0,0.0
2026-09-23T00:24:01.871834,1790103241.8712707,0.0,0.0,0.0,0.0
2026-09-23T00:24:01.881775,1790103241.8812623,0.0,0.0,0.0,0.0
2026-09-23T00:24:01.891770,1790103241.8912652,0.0,0.0,0.0,0.0
2026-09-23T00:24:01.902358,1790103241.9012778,0.0,0.0,0.0,0.0
2026-09-23T00:24:01.911777,1790103241.911269,0.0,0.0,0.0,0.0
2026-09-23T00:24:01.922156,1790103241.9212673,0.0,0.0,0.0,0.0
2026-09-23T00:24:01.931697,1790103241.9312649,0.0,0.0,0.0,0.0
2026-09-23T00:24:01.941848,1790103241.941267,0.0,0.0,0.0,0.0
2026-09-23T00:24:01.952089,1790103241.9512677,0.0,0.0,0.0,0.0
2026-09-23T00:24:01.961823,1790103241.9612684,0.0,0.0,0.0,0.0
2026-09-23T00:24:01.972203,1790103241.9712684,0.0,0.0,0.0,0.0
2026-09-23T00:24:01.981800,1790103241.9812858,0.0,0.0,0.0,0.0
2026-09-23T00:24:01.991703,1790103241.9912643,0.0,0.0,0.0,0.0
2026-09-23T00:24:02.002053,1790103242.001263,0.0,0.0,0.0,0.0
2026-09-23T00:24:02.011718,1790103242.0112636,0.0,0.0,0.0,0.0
2026-09-23T00:24:02.022169,1790103242.0212655,0.0,0.0,0.0,0.0
2026-09-23T00:24:02.031812,1790103242.0312731,0.0,0.0,0.0,0.0
2026-09-23T00:24:02.041872,1790103242.0412612,0.0,0.0,0.0,0.0
2026-09-23T00:24:02.051819,1790103242.051261,0.0,0.0,0.0,0.0
2026-09-23T00:24:02.062013,1790103242.0612805,0.0,0.0,0.0,0.0
2026-09-23T00:24:02.072190,1790103242.0712698,0.0,0.0,0.0,0.0
2026-09-23T00:24:02.081830,1790103242.0812619,0.0,0.0,0.0,0.0
2026-09-23T00:24:02.091790,1790103242.0912633,0.0,0.0,0.0,0.0
2026-09-23T00:24:02.102173,1790103242.1012616,0.0,0.0,0.0,0.0
2026-09-23T00:24:02.111679,1790103242.111261,0.0,0.0,0.0,0.0
2026-09-23T00:24:02.122256,1790103242.1212687,0.0,0.0,0.0,0.0
2026-09-23T00:24:02.131709,1790103242.131268,0.0,0.0,0.0,0.0
2026-09-23T00:24:02.141810,1790103242.1412685,0.0,0.0,0.0,0.0
2026-09-23T00:24:02.151972,1790103242.151271,0.0,0.0,0.0,0.0
2026-09-23T00:24:02.161772,1790103242.1612606,0.0,0.0,0.0,0.0
2026-09-23T00:24:02.172175,1790103242.1712656,0.0,0.0,0.0,0.0
2026-09-23T00:24:02.181899,1790103242.1812606,0.0,0.0,0.0,0.0
2026-09-23T00:24:02.191813,1790103242.1912677,0.0,0.0,0.0,0.0
2026-09-23T00:24:02.202300,1790103242.2013004,0.0,0.0,0.0,0.0
2026-09-23T00:24:02.211704,1790103242.211268,0.0,0.0,0.0,0.0
2026-09-23T00:24:02.222258,1790103242.2212763,0.0,0.0,0.0,0.0
2026-09-23T00:24:02.231656,1790103242.231234,0.0,0.0,0.0,0.0
2026-09-23T00:24:02.241815,1790103242.24126,0.0,0.0,0.0,0.0
2026-09-23T00:24:02.251957,1790103242.251268,0.0,0.0,0.0,0.0
2026-09-23T00:24:02.261817,1790103242.2612617,0.0,0.0,0.0,0.0
2026-09-23T00:24:02.272225,1790103242.27127,0.0,0.0,0.0,0.0
2026-09-23T00:24:02.281823,1790103242.2812598,0.0,0.0,0.0,0.0
2026-09-23T00:24:02.291804,1790103242.2912652,0.0,0.0,0.0,0.0
2026-09-23T00:24:02.302132,1790103242.3012972,0.0,0.0,0.0,0.0
2026-09-23T00:24:02.311761,1790103242.3112295,0.0,0.0,0.0,0.0
2026-09-23T00:24:02.322292,1790103242.3213162,0.0,0.0,0.0,0.0
2026-09-23T00:24:02.331749,1790103242.331272,0.0,0.0,0.0,0.0
2026-09-23T00:24:02.341801,1790103242.3412373,0.0,0.0,0.0,0.0
2026-09-23T00:24:02.352311,1790103242.3512635,0.0,0.0,0.0,0.0
2026-09-23T00:24:02.361815,1790103242.3612578,0.0,0.0,0.0,0.0
2026-09-23T00:24:02.372258,1790103242.3712652,0.0,0.0,0.0,0.0
2026-09-23T00:24:02.382131,1790103242.381285,0.0,0.0,0.0,0.0
2026-09-23T00:24:02.391692,1790103242.3912714,0.0,0.0,0.0,0.0
2026-09-23T00:24:02.402237,1790103242.401306,0.0,0.0,0.0,0.0
2026-09-23T00:24:02.411832,1790103242.411269,0.0,0.0,0.0,0.0
2026-09-23T00:24:02.422189,1790103242.4212584,0.0,0.0,0.0,0.0
2026-09-23T00:24:02.431805,1790103242.431263,0.0,0.0,0.0,0.0
2026-09-23T00:24:02.441750,1790103242.4412582,0.0,0.0,0.0,0.0
2026-09-23T00:24:02.451785,1790103242.4512608,0.0,0.0,0.0,0.0
2026-09-23T00:24:02.461846,1790103242.461269,0.0,0.0,0.0,0.0
2026-09-23T00:24:02.472149,1790103242.471268,0.0,0.0,0.0,0.0
2026-09-23T00:24:02.481777,1790103242.481262,0.0,0.0,0.0,0.0
2026-09-23T00:24:02.491736,1790103242.4912684,0.0,0.0,0.0,0.0
2026-09-23T00:24:02.501977,1790103242.5012805,0.0,0.0,0.0,0.0
2026-09-23T00:24:02.511886,1790103242.5112815,0.0,0.0,0.0,0.0
2026-09-23T00:24:02.522170,1790103242.521277,0.0,0.0,0.0,0.0
2026-09-23T00:24:02.531748,1790103242.5313053,0.0,0.0,0.0,0.0
2026-09-23T00:24:02.542036,1790103242.5412788,0.0,0.0,0.0,0.0
2026-09-23T00:24:02.551801,1790103242.5512702,0.0,0.0,0.0,0.0
2026-09-23T00:24:02.561845,1790103242.56128,0.0,0.0,0.0,0.0
2026-09-23T00:24:02.572238,1790103242.571276,0.0,0.0,0.0,0.0
2026-09-23T00:24:02.581752,1790103242.5812624,0.0,0.0,0.0,0.0
2026-09-23T00:24:02.591701,1790103242.5912657,0.0,0.0,0.0,0.0
2026-09-23T00:24:02.602137,1790103242.601285,0.0,0.0,0.0,0.0
2026-09-23T00:24:02.611724,1790103242.6112764,0.0,0.0,0.0,0.0
2026-09-23T00:24:02.622146,1790103242.62127,0.0,0.0,0.0,0.0
2026-09-23T00:24:02.631707,1790103242.6312692,0.0,0.0,0.0,0.0
2026-09-23T00:24:02.641798,1790103242.641262,0.0,0.0,0.0,0.0
2026-09-23T00:24:02.651780,1790103242.6512976,0.0,0.0,0.0,0.0
2026-09-23T00:24:02.661876,1790103242.661267,0.0,0.0,0.0,0.0
2026-09-23T00:24:02.672254,1790103242.671315,0.0,0.0,0.0,0.0
2026-09-23T00:24:02.681762,1790103242.68126,0.0,0.0,0.0,0.0
2026-09-23T00:24:02.691807,1790103242.6912644,0.0,0.0,0.0,0.0
2026-09-23T00:24:02.702290,1790103242.7012916,0.0,0.0,0.0,0.0
2026-09-23T00:24:02.711720,1790103242.7112656,0.0,0.0,0.0,0.0
2026-09-23T00:24:02.722074,1790103242.7212453,0.0,0.0,0.0,0.0
2026-09-23T00:24:02.731733,1790103242.7312617,0.0,0.0,0.0,0.0
2026-09-23T00:24:02.741826,1790103242.741275,0.0,0.0,0.0,0.0
2026-09-23T00:24:02.751780,1790103242.7512667,0.0,0.0,0.0,0.0
2026-09-23T00:24:02.761783,1790103242.761271,0.0,0.0,0.0,0.0
2026-09-23T00:24:02.771838,1790103242.7712681,0.0,0.0,0.0,0.0
2026-09-23T00:24:02.781752,1790103242.7812595,0.0,0.0,0.0,0.0
2026-09-23T00:24:02.791680,1790103242.7912579,0.0,0.0,0.0,0.0
2026-09-23T00:24:02.802008,1790103242.8012645,0.0,0.0,0.0,0.0
2026-09-23T00:24:02.811697,1790103242.8112607,0.0,0.0,0.0,0.0
2026-09-23T00:24:02.821898,1790103242.8212705,0.0,0.0,0.0,0.0
2026-09-23T00:24:02.831774,1790103242.8312733,0.0,0.0,0.0,0.0
2026-09-23T00:24:02.841789,1790103242.841261,0.0,0.0,0.0,0.0
2026-09-23T00:24:02.852204,1790103242.851269,0.0,0.0,0.0,0.0
2026-09-23T00:24:02.861879,1790103242.8612685,0.0,0.0,0.0,0.0
2026-09-23T00:24:02.872089,1790103242.8712683,0.0,0.0,0.0,0.0
2026-09-23T00:24:02.881728,1790103242.8812604,0.0,0.0,0.0,0.0
2026-09-23T00:24:02.891803,1790103242.8912756,0.0,0.0,0.0,0.0
2026-09-23T00:24:02.902088,1790103242.9012854,0.0,0.0,0.0,0.0
2026-09-23T00:24:02.911751,1790103242.9112716,0.0,0.0,0.0,0.0
2026-09-23T00:24:02.921976,1790103242.921286,0.0,0.0,0.0,0.0
2026-09-23T00:24:02.931780,1790103242.9312665,0.0,0.0,0.0,0.0
2026-09-23T00:24:02.941784,1790103242.94127,0.0,0.0,0.0,0.0
2026-09-23T00:24:02.952271,1790103242.9512682,0.0,0.0,0.0,0.0
2026-09-23T00:24:02.961832,1790103242.961278,0.0,0.0,0.0,0.0
2026-09-23T00:24:02.971948,1790103242.9712768,0.0,0.0,0.0,0.0
2026-09-23T00:24:02.981769,1790103242.981265,0.0,0.0,0.0,0.0
2026-09-23T00:24:02.991840,1790103242.991264,0.0,0.0,0.0,0.0
2026-09-23T00:24:03.001959,1790103243.0012681,0.0,0.0,0.0,0.0
2026-09-23T00:24:03.011695,1790103243.0112705,0.0,0.0,0.0,0.0
2026-09-23T00:24:03.022628,1790103243.021269,0.0,0.0,0.0,0.0
2026-09-23T00:24:03.031755,1790103243.031266,0.0,0.0,0.0,0.0
2026-09-23T00:24:03.041797,1790103243.041267,0.0,0.0,0.0,0.0
2026-09-23T00:24:03.052071,1790103243.0512707,0.0,0.0,0.0,0.0
2026-09-23T00:24:03.061761,1790103243.061265,0.0,0.0,0.0,0.0
2026-09-23T00:24:03.071893,1790103243.0712698,0.0,0.0,0.0,0.0
2026-09-23T00:24:03.081751,1790103243.0812657,0.0,0.0,0.0,0.0
2026-09-23T00:24:03.091705,1790103243.0912633,0.0,0.0,0.0,0.0
2026-09-23T00:24:03.101997,1790103243.1012666,0.0,0.0,0.0,0.0
2026-09-23T00:24:03.111767,1790103243.111274,0.0,0.0,0.0,0.0
2026-09-23T00:24:03.122328,1790103243.1212645,0.0,0.0,0.0,0.0
2026-09-23T00:24:03.131905,1790103243.1312745,0.0,0.0,0.0,0.0
2026-09-23T00:24:03.141955,1790103243.1413007,0.0,0.0,0.0,0.0
2026-09-23T00:24:03.152049,1790103243.1512856,0.0,0.0,0.0,0.0
2026-09-23T00:24:03.161829,1790103243.1612847,0.0,0.0,0.0,0.0
2026-09-23T00:24:03.171829,1790103243.171277,0.0,0.0,0.0,0.0
2026-09-23T00:24:03.182434,1790103243.1813102,0.0,0.0,0.0,0.0
2026-09-23T00:24:03.191694,1790103243.1912673,0.0,0.0,0.0,0.0
2026-09-23T00:24:03.202317,1790103243.2012994,0.0,0.0,0.0,0.0
2026-09-23T00:24:03.211813,1790103243.2112634,0.0,0.0,0.0,0.0
2026-09-23T00:24:03.221935,1790103243.221277,0.0,0.0,0.0,0.0
2026-09-23T00:24:03.231734,1790103243.2312634,0.0,0.0,0.0,0.0
2026-09-23T00:24:03.241789,1790103243.2412603,0.0,0.0,0.0,0.0
2026-09-23T00:24:03.252034,1790103243.2512603,0.0,0.0,0.0,0.0
2026-09-23T00:24:03.261790,1790103243.261262,0.0,0.0,0.0,0.0
2026-09-23T00:24:03.271836,1790103243.271262,0.0,0.0,0.0,0.0
2026-09-23T00:24:03.281849,1790103243.2812872,0.0,0.0,0.0,0.0
2026-09-23T00:24:03.291707,1790103243.2912598,0.0,0.0,0.0,0.0
2026-09-23T00:24:03.302086,1790103243.3012624,0.0,0.0,0.0,0.0
2026-09-23T00:24:03.311803,1790103243.3112655,0.0,0.0,0.0,0.0
2026-09-23T00:24:03.322023,1790103243.3212812,0.0,0.0,0.0,0.0
2026-09-23T00:24:03.331789,1790103243.3312743,0.0,0.0,0.0,0.0
2026-09-23T00:24:03.342028,1790103243.3412938,0.0,0.0,0.0,0.0
2026-09-23T00:24:03.351776,1790103243.3512747,0.0,0.0,0.0,0.0
2026-09-23T00:24:03.361800,1790103243.3612761,0.0,0.0,0.0,0.0
2026-09-23T00:24:03.371887,1790103243.3712893,0.0,0.0,0.0,0.0
2026-09-23T00:24:03.381802,1790103243.3812695,0.0,0.0,0.0,0.0
2026-09-23T00:24:03.391794,1790103243.3912807,0.0,0.0,0.0,0.0
2026-09-23T00:24:03.401956,1790103243.4012716,0.0,0.0,0.0,0.0
2026-09-23T00:24:03.411903,1790103243.4112737,0.0,0.0,0.0,0.0
2026-09-23T00:24:03.421820,1790103243.4212646,0.0,0.0,0.0,0.0
2026-09-23T00:24:03.431684,1790103243.431264,0.0,0.0,0.0,0.0
2026-09-23T00:24:03.441820,1790103243.441272,0.0,0.0,0.0,0.0
2026-09-23T00:24:03.451832,1790103243.4512715,0.0,0.0,0.0,0.0
2026-09-23T00:24:03.461839,1790103243.4612644,0.0,0.0,0.0,0.0
2026-09-23T00:24:03.472060,1790103243.471271,0.0,0.0,0.0,0.0
2026-09-23T00:24:03.481755,1790103243.4812672,0.0,0.0,0.0,0.0
2026-09-23T00:24:03.491707,1790103243.4912808,0.0,0.0,0.0,0.0
2026-09-23T00:24:03.502336,1790103243.5013092,0.0,0.0,0.0,0.0
2026-09-23T00:24:03.511734,1790103243.5112717,0.0,0.0,0.0,0.0
2026-09-23T00:24:03.521901,1790103243.5212724,0.0,0.0,0.0,0.0
2026-09-23T00:24:03.531934,1790103243.5312757,0.0,0.0,0.0,0.0
2026-09-23T00:24:03.541841,1790103243.5412621,0.0,0.0,0.0,0.0
2026-09-23T00:24:03.551955,1790103243.5512638,0.0,0.0,0.0,0.0
2026-09-23T00:24:03.561828,1790103243.5612638,0.0,0.0,0.0,0.0
2026-09-23T00:24:03.571839,1790103243.571264,0.0,0.0,0.0,0.0
2026-09-23T00:24:03.581804,1790103243.5812593,0.0,0.0,0.0,0.0
2026-09-23T00:24:03.591856,1790103243.5912678,0.0,0.0,0.0,0.0
2026-09-23T00:24:03.602068,1790103243.60127,0.0,0.0,0.0,0.0
2026-09-23T00:24:03.611774,1790103243.6112661,0.0,0.0,0.0,0.0
2026-09-23T00:24:03.621841,1790103243.621263,0.0,0.0,0.0,0.0
2026-09-23T00:24:03.631901,1790103243.6312723,0.0,0.0,0.0,0.0
2026-09-23T00:24:03.641813,1790103243.6412616,0.0,0.0,0.0,0.0
2026-09-23T00:24:03.651887,1790103243.6512585,0.0,0.0,0.0,0.0
2026-09-23T00:24:03.661905,1790103243.6612792,0.0,0.0,0.0,0.0
2026-09-23T00:24:03.671844,1790103243.6712728,0.0,0.0,0.0,0.0
2026-09-23T00:24:03.681782,1790103243.6812599,0.0,0.0,0.0,0.0
2026-09-23T00:24:03.691711,1790103243.6912658,0.0,0.0,0.0,0.0
2026-09-23T00:24:03.701976,1790103243.701263,0.0,0.0,0.0,0.0
2026-09-23T00:24:03.711814,1790103243.7112632,0.0,0.0,0.0,0.0
2026-09-23T00:24:03.721868,1790103243.7213,0.0,0.0,0.0,0.0
2026-09-23T00:24:03.731733,1790103243.7312639,0.0,0.0,0.0,0.0
2026-09-23T00:24:03.741863,1790103243.7412703,0.0,0.0,0.0,0.0
2026-09-23T00:24:03.752136,1790103243.7512665,0.0,0.0,0.0,0.0
2026-09-23T00:24:03.761811,1790103243.7612627,0.0,0.0,0.0,0.0
2026-09-23T00:24:03.771807,1790103243.7712696,0.0,0.0,0.0,0.0
2026-09-23T00:24:03.781736,1790103243.7812634,0.0,0.0,0.0,0.0
2026-09-23T00:24:03.791796,1790103243.7912643,0.0,0.0,0.0,0.0
2026-09-23T00:24:03.802081,1790103243.8012655,0.0,0.0,0.0,0.0
2026-09-23T00:24:03.811726,1790103243.8112643,0.0,0.0,0.0,0.0
2026-09-23T00:24:03.822418,1790103243.821299,0.0,0.0,0.0,0.0
2026-09-23T00:24:03.831731,1790103243.831266,0.0,0.0,0.0,0.0
2026-09-23T00:24:03.841866,1790103243.8413053,0.0,0.0,0.0,0.0
2026-09-23T00:24:03.851892,1790103243.8513095,0.0,0.0,0.0,0.0
2026-09-23T00:24:03.861818,1790103243.861262,0.0,0.0,0.0,0.0
2026-09-23T00:24:03.871820,1790103243.8712826,0.0,0.0,0.0,0.0
2026-09-23T00:24:03.881749,1790103243.8812714,0.0,0.0,0.0,0.0
2026-09-23T00:24:03.891665,1790103243.89126,0.0,0.0,0.0,0.0
2026-09-23T00:24:03.902006,1790103243.9012666,0.0,0.0,0.0,0.0
2026-09-23T00:24:03.911819,1790103243.9112616,0.0,0.0,0.0,0.0
2026-09-23T00:24:03.921979,1790103243.921278,0.0,0.0,0.0,0.0
2026-09-23T00:24:03.931780,1790103243.9312809,0.0,0.0,0.0,0.0
2026-09-23T00:24:03.941754,1790103243.9412677,0.0,0.0,0.0,0.0
2026-09-23T00:24:03.951979,1790103243.9512775,0.0,0.0,0.0,0.0
2026-09-23T00:24:03.961778,1790103243.9612527,0.0,0.0,0.0,0.0
2026-09-23T00:24:03.971814,1790103243.9712775,0.0,0.0,0.0,0.0
2026-09-23T00:24:03.982022,1790103243.9813182,0.0,0.0,0.0,0.0
2026-09-23T00:24:03.991742,1790103243.9912689,0.0,0.0,0.0,0.0
2026-09-23T00:24:04.002029,1790103244.0012774,0.0,0.0,0.0,0.0
2026-09-23T00:24:04.011808,1790103244.0112722,0.0,0.0,0.0,0.0
2026-09-23T00:24:04.021834,1790103244.0212822,0.0,0.0,0.0,0.0
2026-09-23T00:24:04.031839,1790103244.0312705,0.0,0.0,0.0,0.0
2026-09-23T00:24:04.041752,1790103244.041266,0.0,0.0,0.0,0.0
2026-09-23T00:24:04.051821,1790103244.051261,0.0,0.0,0.0,0.0
2026-09-23T00:24:04.061797,1790103244.0612674,0.0,0.0,0.0,0.0
2026-09-23T00:24:04.071840,1790103244.0712922,0.0,0.0,0.0,0.0
2026-09-23T00:24:04.081921,1790103244.0812693,0.0,0.0,0.0,0.0
2026-09-23T00:24:04.091859,1790103244.0912914,0.0,0.0,0.0,0.0
2026-09-23T00:24:04.102264,1790103244.1012437,0.0,0.0,0.0,0.0
2026-09-23T00:24:04.111812,1790103244.1112647,0.0,0.0,0.0,0.0
2026-09-23T00:24:04.121771,1790103244.121268,0.0,0.0,0.0,0.0
2026-09-23T00:24:04.131661,1790103244.1312714,0.0,0.0,0.0,0.0
2026-09-23T00:24:04.141997,1790103244.1412938,0.0,0.0,0.0,0.0
2026-09-23T00:24:04.151764,1790103244.1512735,0.0,0.0,0.0,0.0
2026-09-23T00:24:04.161804,1790103244.1612856,0.0,0.0,0.0,0.0
2026-09-23T00:24:04.171815,1790103244.1712813,0.0,0.0,0.0,0.0
2026-09-23T00:24:04.181944,1790103244.1812618,0.0,0.0,0.0,0.0
2026-09-23T00:24:04.191802,1790103244.191269,0.0,0.0,0.0,0.0
2026-09-23T00:24:04.202205,1790103244.201273,0.0,0.0,0.0,0.0
2026-09-23T00:24:04.211799,1790103244.2112718,0.0,0.0,0.0,0.0
2026-09-23T00:24:04.221781,1790103244.221261,0.0,0.0,0.0,0.0
2026-09-23T00:24:04.231657,1790103244.231261,0.0,0.0,0.0,0.0
2026-09-23T00:24:04.241783,1790103244.2412617,0.0,0.0,0.0,0.0
2026-09-23T00:24:04.252003,1790103244.2512681,0.0,0.0,0.0,0.0
2026-09-23T00:24:04.261792,1790103244.2612765,0.0,0.0,0.0,0.0
2026-09-23T00:24:04.271803,1790103244.2712717,0.0,0.0,0.0,0.0
2026-09-23T00:24:04.281759,1790103244.2812724,0.0,0.0,0.0,0.0
2026-09-23T00:24:04.291685,1790103244.2912824,0.0,0.0,0.0,0.0
2026-09-23T00:24:04.302439,1790103244.3012948,0.0,0.0,0.0,0.0
2026-09-23T00:24:04.311674,1790103244.3112788,0.0,0.0,0.0,0.0
2026-09-23T00:24:04.321842,1790103244.3212798,0.0,0.0,0.0,0.0
2026-09-23T00:24:04.331780,1790103244.3312771,0.0,0.0,0.0,0.0
2026-09-23T00:24:04.341894,1790103244.341278,0.0,0.0,0.0,0.0
2026-09-23T00:24:04.351945,1790103244.3512638,0.0,0.0,0.0,0.0
2026-09-23T00:24:04.361870,1790103244.3612618,0.0,0.0,0.0,0.0
2026-09-23T00:24:04.371722,1790103244.3712606,0.0,0.0,0.0,0.0
2026-09-23T00:24:04.381756,1790103244.3812642,0.0,0.0,0.0,0.0
2026-09-23T00:24:04.391711,1790103244.391265,0.0,0.0,0.0,0.0
2026-09-23T00:24:04.402093,1790103244.401263,0.0,0.0,0.0,0.0
2026-09-23T00:24:04.411758,1790103244.4112585,0.0,0.0,0.0,0.0
2026-09-23T00:24:04.421885,1790103244.4212716,0.0,0.0,0.0,0.0
2026-09-23T00:24:04.431849,1790103244.431266,0.0,0.0,0.0,0.0
2026-09-23T00:24:04.441806,1790103244.4412732,0.0,0.0,0.0,0.0
2026-09-23T00:24:04.451928,1790103244.4512756,0.0,0.0,0.0,0.0
2026-09-23T00:24:04.461896,1790103244.4612653,0.0,0.0,0.0,0.0
2026-09-23T00:24:04.471873,1790103244.4712605,0.0,0.0,0.0,0.0
2026-09-23T00:24:04.481799,1790103244.481264,0.0,0.0,0.0,0.0
2026-09-23T00:24:04.491778,1790103244.4912782,0.0,0.0,0.0,0.0
2026-09-23T00:24:04.502106,1790103244.5012794,0.0,0.0,0.0,0.0
2026-09-23T00:24:04.511771,1790103244.5112607,0.0,0.0,0.0,0.0
2026-09-23T00:24:04.521824,1790103244.52127,0.0,0.0,0.0,0.0
2026-09-23T00:24:04.531785,1790103244.531261,0.0,0.0,0.0,0.0
2026-09-23T00:24:04.541851,1790103244.5412853,0.0,0.0,0.0,0.0
2026-09-23T00:24:04.551862,1790103244.5512655,0.0,0.0,0.0,0.0
2026-09-23T00:24:04.561746,1790103244.561265,0.0,0.0,0.0,0.0
2026-09-23T00:24:04.571709,1790103244.5712724,0.0,0.0,0.0,0.0
2026-09-23T00:24:04.581777,1790103244.5812662,0.0,0.0,0.0,0.0
2026-09-23T00:24:04.591724,1790103244.5912669,0.0,0.0,0.0,0.0
2026-09-23T00:24:04.602349,1790103244.6012652,0.0,0.0,0.0,0.0
2026-09-23T00:24:04.611753,1790103244.6112664,0.0,0.0,0.0,0.0
2026-09-23T00:24:04.623541,1790103244.6212838,0.0,0.0,0.0,0.0
2026-09-23T00:24:04.631838,1790103244.6312656,0.0,0.0,0.0,0.0
2026-09-23T00:24:04.641874,1790103244.641273,0.0,0.0,0.0,0.0
2026-09-23T00:24:04.652033,1790103244.6512787,0.0,0.0,0.0,0.0
2026-09-23T00:24:04.661781,1790103244.6612687,0.0,0.0,0.0,0.0
2026-09-23T00:24:04.671709,1790103244.6712666,0.0,0.0,0.0,0.0
2026-09-23T00:24:04.681805,1790103244.681266,0.0,0.0,0.0,0.0
2026-09-23T00:24:04.691733,1790103244.6912732,0.0,0.0,0.0,0.0
2026-09-23T00:24:04.702301,1790103244.7012634,0.0,0.0,0.0,0.0
2026-09-23T00:24:04.711788,1790103244.7112615,0.0,0.0,0.0,0.0
2026-09-23T00:24:04.721798,1790103244.7212622,0.0,0.0,0.0,0.0
2026-09-23T00:24:04.731669,1790103244.7312706,0.0,0.0,0.0,0.0
2026-09-23T00:24:04.741751,1790103244.7412634,0.0,0.0,0.0,0.0
2026-09-23T00:24:04.752100,1790103244.7512715,0.0,0.0,0.0,0.0
2026-09-23T00:24:04.761837,1790103244.7612693,0.0,0.0,0.0,0.0
2026-09-23T00:24:04.771719,1790103244.7712634,0.0,0.0,0.0,0.0
2026-09-23T00:24:04.781828,1790103244.781266,0.0,0.0,0.0,0.0
2026-09-23T00:24:04.792031,1790103244.7912745,0.0,0.0,0.0,0.0
2026-09-23T00:24:04.802323,1790103244.8013012,0.0,0.0,0.0,0.0
2026-09-23T00:24:04.811829,1790103244.8112662,0.0,0.0,0.0,0.0
2026-09-23T00:24:04.821995,1790103244.8212998,0.0,0.0,0.0,0.0
2026-09-23T00:24:04.831825,1790103244.8312702,0.0,0.0,0.0,0.0
2026-09-23T00:24:04.841675,1790103244.8412569,0.0,0.0,0.0,0.0
2026-09-23T00:24:04.851902,1790103244.8512726,0.0,0.0,0.0,0.0
2026-09-23T00:24:04.861816,1790103244.8612704,0.0,0.0,0.0,0.0
2026-09-23T00:24:04.871764,1790103244.8712692,0.0,0.0,0.0,0.0
2026-09-23T00:24:04.881916,1790103244.8813,0.0,0.0,0.0,0.0
2026-09-23T00:24:04.891777,1790103244.8912728,0.0,0.0,0.0,0.0
2026-09-23T00:24:04.902241,1790103244.9013083,0.0,0.0,0.0,0.0
2026-09-23T00:24:04.911981,1790103244.9112835,0.0,0.0,0.0,0.0
2026-09-23T00:24:04.921836,1790103244.9212651,0.0,0.0,0.0,0.0
2026-09-23T00:24:04.931983,1790103244.9313126,0.0,0.0,0.0,0.0
2026-09-23T00:24:04.942268,1790103244.9412785,0.0,0.0,0.0,0.0
2026-09-23T00:24:04.951937,1790103244.951267,0.0,0.0,0.0,0.0
2026-09-23T00:24:04.961864,1790103244.9612625,0.0,0.0,0.0,0.0
2026-09-23T00:24:04.971765,1790103244.9712648,0.0,0.0,0.0,0.0
2026-09-23T00:24:04.981919,1790103244.9812772,0.0,0.0,0.0,0.0
2026-09-23T00:24:04.991775,1790103244.9912612,0.0,0.0,0.0,0.0
2026-09-23T00:24:05.002272,1790103245.0012567,0.0,0.0,0.0,0.0
2026-09-23T00:24:05.011803,1790103245.0112731,0.0,0.0,0.0,0.0
2026-09-23T00:24:05.021786,1790103245.0212626,0.0,0.0,0.0,0.0
2026-09-23T00:24:05.031675,1790103245.0312583,0.0,0.0,0.0,0.0
2026-09-23T00:24:05.041800,1790103245.0412657,0.0,0.0,0.0,0.0
2026-09-23T00:24:05.052123,1790103245.0512962,0.0,0.0,0.0,0.0
2026-09-23T00:24:05.061784,1790103245.061268,0.0,0.0,0.0,0.0
2026-09-23T00:24:05.071837,1790103245.0712712,0.0,0.0,0.0,0.0
2026-09-23T00:24:05.081755,1790103245.0812688,0.0,0.0,0.0,0.0
2026-09-23T00:24:05.091721,1790103245.0912645,0.0,0.0,0.0,0.0
2026-09-23T00:24:05.102536,1790103245.1012802,0.0,0.0,0.0,0.0
2026-09-23T00:24:05.111723,1790103245.111274,0.0,0.0,0.0,0.0
2026-09-23T00:24:05.121795,1790103245.121278,0.0,0.0,0.0,0.0
2026-09-23T00:24:05.131833,1790103245.1312814,0.0,0.0,0.0,0.0
2026-09-23T00:24:05.141757,1790103245.141265,0.0,0.0,0.0,0.0
2026-09-23T00:24:05.152035,1790103245.1512637,0.0,0.0,0.0,0.0
2026-09-23T00:24:05.161947,1790103245.1612601,0.0,0.0,0.0,0.0
2026-09-23T00:24:05.171799,1790103245.1712887,0.0,0.0,0.0,0.0
2026-09-23T00:24:05.181824,1790103245.1813047,0.0,0.0,0.0,0.0
2026-09-23T00:24:05.191736,1790103245.1912675,0.0,0.0,0.0,0.0
2026-09-23T00:24:05.202004,1790103245.201262,0.0,0.0,0.0,0.0
2026-09-23T00:24:05.211815,1790103245.211277,0.0,0.0,0.0,0.0
2026-09-23T00:24:05.221822,1790103245.2212667,0.0,0.0,0.0,0.0
2026-09-23T00:24:05.231861,1790103245.2312584,0.0,0.0,0.0,0.0
2026-09-23T00:24:05.242041,1790103245.241272,0.0,0.0,0.0,0.0
2026-09-23T00:24:05.252179,1790103245.2512763,0.0,0.0,0.0,0.0
2026-09-23T00:24:05.261953,1790103245.2612708,0.0,0.0,0.0,0.0
2026-09-23T00:24:05.271768,1790103245.2712655,0.0,0.0,0.0,0.0
2026-09-23T00:24:05.281765,1790103245.2812624,0.0,0.0,0.0,0.0
2026-09-23T00:24:05.291766,1790103245.291264,0.0,0.0,0.0,0.0
2026-09-23T00:24:05.302508,1790103245.3012667,0.0,0.0,0.0,0.0
2026-09-23T00:24:05.311726,1790103245.3112555,0.0,0.0,0.0,0.0
2026-09-23T00:24:05.321859,1790103245.3212795,0.0,0.0,0.0,0.0
2026-09-23T00:24:05.331775,1790103245.3312573,0.0,0.0,0.0,0.0
2026-09-23T00:24:05.341854,1790103245.3412702,0.0,0.0,0.0,0.0
2026-09-23T00:24:05.352022,1790103245.3512642,0.0,0.0,0.0,0.0
2026-09-23T00:24:05.361803,1790103245.361259,0.0,0.0,0.0,0.0
2026-09-23T00:24:05.371669,1790103245.3712645,0.0,0.0,0.0,0.0
2026-09-23T00:24:05.381811,1790103245.381263,0.0,0.0,0.0,0.0
2026-09-23T00:24:05.391792,1790103245.391279,0.0,0.0,0.0,0.0
2026-09-23T00:24:05.402267,1790103245.4013057,0.0,0.0,0.0,0.0
2026-09-23T00:24:05.411804,1790103245.4112592,0.0,0.0,0.0,0.0
2026-09-23T00:24:05.422531,1790103245.4212806,0.0,0.0,0.0,0.0
2026-09-23T00:24:05.431863,1790103245.431274,0.0,0.0,0.0,0.0
2026-09-23T00:24:05.441830,1790103245.441263,0.0,0.0,0.0,0.0
2026-09-23T00:24:05.452525,1790103245.4512658,0.0,0.0,0.0,0.0
2026-09-23T00:24:05.461900,1790103245.4612808,0.0,0.0,0.0,0.0
2026-09-23T00:24:05.471771,1790103245.471266,0.0,0.0,0.0,0.0
2026-09-23T00:24:05.481764,1790103245.4812639,0.0,0.0,0.0,0.0
2026-09-23T00:24:05.491804,1790103245.491263,0.0,0.0,0.0,0.0
2026-09-23T00:24:05.502007,1790103245.5012636,0.0,0.0,0.0,0.0
2026-09-23T00:24:05.511709,1790103245.5112622,0.0,0.0,0.0,0.0
2026-09-23T00:24:05.521772,1790103245.5212674,0.0,0.0,0.0,0.0
2026-09-23T00:24:05.531686,1790103245.5312588,0.0,0.0,0.0,0.0
2026-09-23T00:24:05.541803,1790103245.5412667,0.0,0.0,0.0,0.0
2026-09-23T00:24:05.552052,1790103245.5512722,0.0,0.0,0.0,0.0
2026-09-23T00:24:05.561833,1790103245.5612628,0.0,0.0,0.0,0.0
2026-09-23T00:24:05.571747,1790103245.5712667,0.0,0.0,0.0,0.0
2026-09-23T00:24:05.582048,1790103245.581286,0.0,0.0,0.0,0.0
2026-09-23T00:24:05.591773,1790103245.591269,0.0,0.0,0.0,0.0
2026-09-23T00:24:05.602026,1790103245.60128,0.0,0.0,0.0,0.0
2026-09-23T00:24:05.611822,1790103245.6112711,0.0,0.0,0.0,0.0
2026-09-23T00:24:05.622020,1790103245.6213012,0.0,0.0,0.0,0.0
2026-09-23T00:24:05.631777,1790103245.631267,0.0,0.0,0.0,0.0
2026-09-23T00:24:05.641875,1790103245.6412718,0.0,0.0,0.0,0.0
2026-09-23T00:24:05.652030,1790103245.6512797,0.0,0.0,0.0,0.0
2026-09-23T00:24:05.661814,1790103245.6612678,0.0,0.0,0.0,0.0
2026-09-23T00:24:05.671704,1790103245.6712637,0.0,0.0,0.0,0.0
2026-09-23T00:24:05.681785,1790103245.6812582,0.0,0.0,0.0,0.0
2026-09-23T00:24:05.691778,1790103245.6912785,0.0,0.0,0.0,0.0
2026-09-23T00:24:05.702019,1790103245.7012615,0.0,0.0,0.0,0.0
2026-09-23T00:24:05.711775,1790103245.7112708,0.0,0.0,0.0,0.0
2026-09-23T00:24:05.721901,1790103245.7213032,0.0,0.0,0.0,0.0
2026-09-23T00:24:05.731779,1790103245.7312624,0.0,0.0,0.0,0.0
2026-09-23T00:24:05.742156,1790103245.7412608,0.0,0.0,0.0,0.0
2026-09-23T00:24:05.752247,1790103245.7512636,0.0,0.0,0.0,0.0
2026-09-23T00:24:05.761765,1790103245.7612624,0.0,0.0,0.0,0.0
2026-09-23T00:24:05.771725,1790103245.7712612,0.0,0.0,0.0,0.0
2026-09-23T00:24:05.781757,1790103245.7812681,0.0,0.0,0.0,0.0
2026-09-23T00:24:05.791753,1790103245.7912755,0.0,0.0,0.0,0.0
2026-09-23T00:24:05.802000,1790103245.8012633,0.0,0.0,0.0,0.0
2026-09-23T00:24:05.811810,1790103245.811262,0.0,0.0,0.0,0.0
2026-09-23T00:24:05.821946,1790103245.8213003,0.0,0.0,0.0,0.0
2026-09-23T00:24:05.831830,1790103245.8312666,0.0,0.0,0.0,0.0
2026-09-23T00:24:05.841848,1790103245.8412764,0.0,0.0,0.0,0.0
2026-09-23T00:24:05.852018,1790103245.8512683,0.0,0.0,0.0,0.0
2026-09-23T00:24:05.861915,1790103245.8612723,0.0,0.0,0.0,0.0
2026-09-23T00:24:05.871686,1790103245.871266,0.0,0.0,0.0,0.0
2026-09-23T00:24:05.881830,1790103245.8812737,0.0,0.0,0.0,0.0
2026-09-23T00:24:05.891705,1790103245.891266,0.0,0.0,0.0,0.0
2026-09-23T00:24:05.902310,1790103245.9012725,0.0,0.0,0.0,0.0
2026-09-23T00:24:05.911795,1790103245.9112663,0.0,0.0,0.0,0.0
2026-09-23T00:24:05.921942,1790103245.9213026,0.0,0.0,0.0,0.0
2026-09-23T00:24:05.931750,1790103245.9312677,0.0,0.0,0.0,0.0
2026-09-23T00:24:05.941957,1790103245.9413,0.0,0.0,0.0,0.0
2026-09-23T00:24:05.952226,1790103245.9512632,0.0,0.0,0.0,0.0
2026-09-23T00:24:05.961868,1790103245.9612694,0.0,0.0,0.0,0.0
2026-09-23T00:24:05.971734,1790103245.971268,0.0,0.0,0.0,0.0
2026-09-23T00:24:05.981900,1790103245.9812696,0.0,0.0,0.0,0.0
2026-09-23T00:24:05.991744,1790103245.9912715,0.0,0.0,0.0,0.0
2026-09-23T00:24:06.002139,1790103246.0012748,0.0,0.0,0.0,0.0
2026-09-23T00:24:06.011815,1790103246.011265,0.0,0.0,0.0,0.0
2026-09-23T00:24:06.021803,1790103246.0212617,0.0,0.0,0.0,0.0
2026-09-23T00:24:06.031866,1790103246.0312767,0.0,0.0,0.0,0.0
2026-09-23T00:24:06.041837,1790103246.0412679,0.0,0.0,0.0,0.0
2026-09-23T00:24:06.051883,1790103246.0512655,0.0,0.0,0.0,0.0
2026-09-23T00:24:06.061936,1790103246.0612764,0.0,0.0,0.0,0.0
2026-09-23T00:24:06.071772,1790103246.07126,0.0,0.0,0.0,0.0
2026-09-23T00:24:06.083801,1790103246.083191,0.0,0.0,0.0,0.0
2026-09-23T00:24:06.091810,1790103246.0912719,0.0,0.0,0.0,0.0
2026-09-23T00:24:06.102074,1790103246.1012895,0.0,0.0,0.0,0.0
2026-09-23T00:24:06.111755,1790103246.1112616,0.0,0.0,0.0,0.0
2026-09-23T00:24:06.121842,1790103246.1213043,0.0,0.0,0.0,0.0
2026-09-23T00:24:06.131835,1790103246.1312866,0.0,0.0,0.0,0.0
2026-09-23T00:24:06.141963,1790103246.1412697,0.0,0.0,0.0,0.0
2026-09-23T00:24:06.152024,1790103246.1512938,0.0,0.0,0.0,0.0
2026-09-23T00:24:06.161822,1790103246.1612816,0.0,0.0,0.0,0.0
2026-09-23T00:24:06.171790,1790103246.1712742,0.0,0.0,0.0,0.0
2026-09-23T00:24:06.181822,1790103246.1812766,0.0,0.0,0.0,0.0
2026-09-23T00:24:06.191833,1790103246.1912827,0.0,0.0,0.0,0.0
2026-09-23T00:24:06.201985,1790103246.2012815,0.0,0.0,0.0,0.0
2026-09-23T00:24:06.211865,1790103246.2112763,0.0,0.0,0.0,0.0
2026-09-23T00:24:06.221843,1790103246.2212675,0.0,0.0,0.0,0.0
2026-09-23T00:24:06.231679,1790103246.2312632,0.0,0.0,0.0,0.0
2026-09-23T00:24:06.241870,1790103246.2412653,0.0,0.0,0.0,0.0
2026-09-23T00:24:06.252296,1790103246.2512712,0.0,0.0,0.0,0.0
2026-09-23T00:24:06.261831,1790103246.2612615,0.0,0.0,0.0,0.0
2026-09-23T00:24:06.272265,1790103246.2712786,0.0,0.0,0.0,0.0
2026-09-23T00:24:06.281762,1790103246.2812784,0.0,0.0,0.0,0.0
2026-09-23T00:24:06.292149,1790103246.2913094,0.0,0.0,0.0,0.0
2026-09-23T00:24:06.301986,1790103246.3015666,0.0,0.0,0.0,0.0
2026-09-23T00:24:06.311787,1790103246.3112605,0.0,0.0,0.0,0.0
2026-09-23T00:24:06.321842,1790103246.32127,0.0,0.0,0.0,0.0
2026-09-23T00:24:06.331742,1790103246.331271,0.0,0.0,0.0,0.0
2026-09-23T00:24:06.341753,1790103246.3412628,0.0,0.0,0.0,0.0
2026-09-23T00:24:06.352002,1790103246.3512678,0.0,0.0,0.0,0.0
2026-09-23T00:24:06.361852,1790103246.361263,0.0,0.0,0.0,0.0
2026-09-23T00:24:06.371701,1790103246.37126,0.0,0.0,0.0,0.0
2026-09-23T00:24:06.381862,1790103246.3812754,0.0,0.0,0.0,0.0
2026-09-23T00:24:06.391811,1790103246.391279,0.0,0.0,0.0,0.0
2026-09-23T00:24:06.402102,1790103246.4012616,0.0,0.0,0.0,0.0
2026-09-23T00:24:06.411975,1790103246.4112654,0.0,0.0,0.0,0.0
2026-09-23T00:24:06.421905,1790103246.4212966,0.0,0.0,0.0,0.0
2026-09-23T00:24:06.431774,1790103246.431263,0.0,0.0,0.0,0.0
2026-09-23T00:24:06.441776,1790103246.4412625,0.0,0.0,0.0,0.0
2026-09-23T00:24:06.452059,1790103246.4512658,0.0,0.0,0.0,0.0
2026-09-23T00:24:06.461838,1790103246.4612846,0.0,0.0,0.0,0.0
2026-09-23T00:24:06.471680,1790103246.4712818,0.0,0.0,0.0,0.0
2026-09-23T00:24:06.481815,1790103246.481271,0.0,0.0,0.0,0.0
2026-09-23T00:24:06.491872,1790103246.491279,0.0,0.0,0.0,0.0
2026-09-23T00:24:06.502088,1790103246.5012672,0.0,0.0,0.0,0.0
2026-09-23T00:24:06.511956,1790103246.5113273,0.0,0.0,0.0,0.0
2026-09-23T00:24:06.521801,1790103246.5212657,0.0,0.0,0.0,0.0
2026-09-23T00:24:06.531791,1790103246.53127,0.0,0.0,0.0,0.0
2026-09-23T00:24:06.541986,1790103246.5412822,0.0,0.0,0.0,0.0
2026-09-23T00:24:06.551988,1790103246.5512798,0.0,0.0,0.0,0.0
2026-09-23T00:24:06.562071,1790103246.561326,0.0,0.0,0.0,0.0
2026-09-23T00:24:06.571847,1790103246.571276,0.0,0.0,0.0,0.0
2026-09-23T00:24:06.581970,1790103246.5812733,0.0,0.0,0.0,0.0
2026-09-23T00:24:06.591887,1790103246.5912914,0.0,0.0,0.0,0.0
2026-09-23T00:24:06.602056,1790103246.6012642,0.0,0.0,0.0,0.0
2026-09-23T00:24:06.611891,1790103246.611373,0.0,0.0,0.0,0.0
2026-09-23T00:24:06.621828,1790103246.6212773,0.0,0.0,0.0,0.0
2026-09-23T00:24:06.631713,1790103246.6312754,0.0,0.0,0.0,0.0
2026-09-23T00:24:06.641851,1790103246.641278,0.0,0.0,0.0,0.0
2026-09-23T00:24:06.651878,1790103246.6512828,0.0,0.0,0.0,0.0
2026-09-23T00:24:06.661931,1790103246.6613572,0.0,0.0,0.0,0.0
2026-09-23T00:24:06.671758,1790103246.6712673,0.0,0.0,0.0,0.0
2026-09-23T00:24:06.681846,1790103246.6812618,0.0,0.0,0.0,0.0
2026-09-23T00:24:06.691882,1790103246.6913135,0.0,0.0,0.0,0.0
2026-09-23T00:24:06.702338,1790103246.7012897,0.0,0.0,0.0,0.0
2026-09-23T00:24:06.712054,1790103246.711352,0.0,0.0,0.0,0.0
2026-09-23T00:24:06.721785,1790103246.721261,0.0,0.0,0.0,0.0
2026-09-23T00:24:06.731811,1790103246.7312632,0.0,0.0,0.0,0.0
2026-09-23T00:24:06.742203,1790103246.7413414,0.0,0.0,0.0,0.0
2026-09-23T00:24:06.752019,1790103246.751261,0.0,0.0,0.0,0.0
2026-09-23T00:24:06.761895,1790103246.761364,0.0,0.0,0.0,0.0
2026-09-23T00:24:06.771847,1790103246.7712634,0.0,0.0,0.0,0.0
2026-09-23T00:24:06.781799,1790103246.7812693,0.0,0.0,0.0,0.0
2026-09-23T00:24:06.791826,1790103246.791284,0.0,0.0,0.0,0.0
2026-09-23T00:24:06.802116,1790103246.801267,0.0,0.0,0.0,0.0
2026-09-23T00:24:06.811794,1790103246.8112693,0.0,0.0,0.0,0.0
2026-09-23T00:24:06.822093,1790103246.8213038,0.0,0.0,0.0,0.0
2026-09-23T00:24:06.831831,1790103246.8312876,0.0,0.0,0.0,0.0
2026-09-23T00:24:06.841871,1790103246.8412614,0.0,0.0,0.0,0.0
2026-09-23T00:24:06.851953,1790103246.8512754,0.0,0.0,0.0,0.0
2026-09-23T00:24:06.862083,1790103246.8614,0.0,0.0,0.0,0.0
2026-09-23T00:24:06.871690,1790103246.8712618,0.0,0.0,0.0,0.0
2026-09-23T00:24:06.881744,1790103246.881263,0.0,0.0,0.0,0.0
2026-09-23T00:24:06.891959,1790103246.8912835,0.0,0.0,0.0,0.0
2026-09-23T00:24:06.902033,1790103246.9012647,0.0,0.0,0.0,0.0
2026-09-23T00:24:06.911839,1790103246.9112637,0.0,0.0,0.0,0.0
2026-09-23T00:24:06.921756,1790103246.9212623,0.0,0.0,0.0,0.0
2026-09-23T00:24:06.931735,1790103246.9312818,0.0,0.0,0.0,0.0
2026-09-23T00:24:06.941846,1790103246.941263,0.0,0.0,0.0,0.0
2026-09-23T00:24:06.952122,1790103246.9512658,0.0,0.0,0.0,0.0
2026-09-23T00:24:06.961862,1790103246.961261,0.0,0.0,0.0,0.0
2026-09-23T00:24:06.971701,1790103246.9712632,0.0,0.0,0.0,0.0
2026-09-23T00:24:06.981779,1790103246.9812799,0.0,0.0,0.0,0.0
2026-09-23T00:24:06.991907,1790103246.9912784,0.0,0.0,0.0,0.0
2026-09-23T00:24:07.001971,1790103247.001265,0.0,0.0,0.0,0.0
2026-09-23T00:24:07.011907,1790103247.0112603,0.0,0.0,0.0,0.0
2026-09-23T00:24:07.022075,1790103247.0213177,0.0,0.0,0.0,0.0
2026-09-23T00:24:07.031734,1790103247.0312653,0.0,0.0,0.0,0.0
2026-09-23T00:24:07.041916,1790103247.0413125,0.0,0.0,0.0,0.0
2026-09-23T00:24:07.052140,1790103247.0512707,0.0,0.0,0.0,0.0
2026-09-23T00:24:07.062106,1790103247.0612679,0.0,0.0,0.0,0.0
2026-09-23T00:24:07.071686,1790103247.0712633,0.0,0.0,0.0,0.0
2026-09-23T00:24:07.081844,1790103247.0812674,0.0,0.0,0.0,0.0
2026-09-23T00:24:07.092164,1790103247.0913272,0.0,0.0,0.0,0.0
2026-09-23T00:24:07.102256,1790103247.1012716,0.0,0.0,0.0,0.0
2026-09-23T00:24:07.111911,1790103247.1112616,0.0,0.0,0.0,0.0
2026-09-23T00:24:07.121847,1790103247.1212664,0.0,0.0,0.0,0.0
2026-09-23T00:24:07.131691,1790103247.1312582,0.0,0.0,0.0,0.0
2026-09-23T00:24:07.141829,1790103247.1412947,0.0,0.0,0.0,0.0
2026-09-23T00:24:07.152056,1790103247.1512856,0.0,0.0,0.0,0.0
2026-09-23T00:24:07.161919,1790103247.161274,0.0,0.0,0.0,0.0
2026-09-23T00:24:07.171769,1790103247.1712606,0.0,0.0,0.0,0.0
2026-09-23T00:24:07.181925,1790103247.1812806,0.0,0.0,0.0,0.0
2026-09-23T00:24:07.192013,1790103247.1913261,0.0,0.0,0.0,0.0
2026-09-23T00:24:07.201981,1790103247.2012906,0.0,0.0,0.0,0.0
2026-09-23T00:24:07.212011,1790103247.2112682,0.0,0.0,0.0,0.0
2026-09-23T00:24:07.221738,1790103247.2212741,0.0,0.0,0.0,0.0
2026-09-23T00:24:07.231702,1790103247.2312763,0.0,0.0,0.0,0.0
2026-09-23T00:24:07.241882,1790103247.2413158,0.0,0.0,0.0,0.0
2026-09-23T00:24:07.251951,1790103247.2512794,0.0,0.0,0.0,0.0
2026-09-23T00:24:07.261974,1790103247.261276,0.0,0.0,0.0,0.0
2026-09-23T00:24:07.271767,1790103247.27127,0.0,0.0,0.0,0.0
2026-09-23T00:24:07.281772,1790103247.2812757,0.0,0.0,0.0,0.0
2026-09-23T00:24:07.291906,1790103247.2913027,0.0,0.0,0.0,0.0
2026-09-23T00:24:07.302068,1790103247.301282,0.0,0.0,0.0,0.0
2026-09-23T00:24:07.311959,1790103247.3112783,0.0,0.0,0.0,0.0
2026-09-23T00:24:07.321940,1790103247.3212807,0.0,0.0,0.0,0.0
2026-09-23T00:24:07.331706,1790103247.3312805,0.0,0.0,0.0,0.0
2026-09-23T00:24:07.342781,1790103247.341322,0.0,0.0,0.0,0.0
2026-09-23T00:24:07.352124,1790103247.3512757,0.0,0.0,0.0,0.0
2026-09-23T00:24:07.361935,1790103247.3612785,0.0,0.0,0.0,0.0
2026-09-23T00:24:07.371712,1790103247.3712811,0.0,0.0,0.0,0.0
2026-09-23T00:24:07.381736,1790103247.3812575,0.0,0.0,0.0,0.0
2026-09-23T00:24:07.391991,1790103247.391334,0.0,0.0,0.0,0.0
2026-09-23T00:24:07.402005,1790103247.401293,0.0,0.0,0.0,0.0
2026-09-23T00:24:07.412026,1790103247.411279,0.0,0.0,0.0,0.0
2026-09-23T00:24:07.421979,1790103247.4212809,0.0,0.0,0.0,0.0
2026-09-23T00:24:07.431702,1790103247.431285,0.0,0.0,0.0,0.0
2026-09-23T00:24:07.441853,1790103247.4412882,0.0,0.0,0.0,0.0
2026-09-23T00:24:07.451990,1790103247.4512873,0.0,0.0,0.0,0.0
2026-09-23T00:24:07.462030,1790103247.4612741,0.0,0.0,0.0,0.0
2026-09-23T00:24:07.471951,1790103247.4712996,0.0,0.0,0.0,0.0
2026-09-23T00:24:07.481814,1790103247.4812775,0.0,0.0,0.0,0.0
2026-09-23T00:24:07.491945,1790103247.491319,0.0,0.0,0.0,0.0
2026-09-23T00:24:07.502640,1790103247.5013154,0.0,0.0,0.0,0.0
2026-09-23T00:24:07.511891,1790103247.5112202,0.0,0.0,0.0,0.0
2026-09-23T00:24:07.521926,1790103247.5213037,0.0,0.0,0.0,0.0
2026-09-23T00:24:07.531805,1790103247.5312634,0.0,0.0,0.0,0.0
2026-09-23T00:24:07.541890,1790103247.541329,0.0,0.0,0.0,0.0
2026-09-23T00:24:07.552003,1790103247.551272,0.0,0.0,0.0,0.0
2026-09-23T00:24:07.561990,1790103247.5612764,0.0,0.0,0.0,0.0
2026-09-23T00:24:07.571783,1790103247.5712788,0.0,0.0,0.0,0.0
2026-09-23T00:24:07.581810,1790103247.5812829,0.0,0.0,0.0,0.0
2026-09-23T00:24:07.591966,1790103247.59132,0.0,0.0,0.0,0.0
2026-09-23T00:24:07.602174,1790103247.6012762,0.0,0.0,0.0,0.0
2026-09-23T00:24:07.611911,1790103247.6112738,0.0,0.0,0.0,0.0
2026-09-23T00:24:07.621825,1790103247.6212823,0.0,0.0,0.0,0.0
2026-09-23T00:24:07.631846,1790103247.631285,0.0,0.0,0.0,0.0
2026-09-23T00:24:07.641933,1790103247.6412911,0.0,0.0,0.0,0.0
2026-09-23T00:24:07.651871,1790103247.6512427,0.0,0.0,0.0,0.0
2026-09-23T00:24:07.662076,1790103247.6612804,0.0,0.0,0.0,0.0
2026-09-23T00:24:07.671854,1790103247.67128,0.0,0.0,0.0,0.0
2026-09-23T00:24:07.681996,1790103247.6812887,0.0,0.0,0.0,0.0
2026-09-23T00:24:07.692380,1790103247.6913292,0.0,0.0,0.0,0.0
2026-09-23T00:24:07.702014,1790103247.7012627,0.0,0.0,0.0,0.0
2026-09-23T00:24:07.711885,1790103247.711261,0.0,0.0,0.0,0.0
2026-09-23T00:24:07.721857,1790103247.7212653,0.0,0.0,0.0,0.0
2026-09-23T00:24:07.731687,1790103247.731265,0.0,0.0,0.0,0.0
2026-09-23T00:24:07.742163,1790103247.741317,0.0,0.0,0.0,0.0
2026-09-23T00:24:07.751992,1790103247.7512672,0.0,0.0,0.0,0.0
2026-09-23T00:24:07.761974,1790103247.761296,0.0,0.0,0.0,0.0
2026-09-23T00:24:07.771743,1790103247.7712605,0.0,0.0,0.0,0.0
2026-09-23T00:24:07.781865,1790103247.781289,0.0,0.0,0.0,0.0
2026-09-23T00:24:07.792084,1790103247.791352,0.0,0.0,0.0,0.0
2026-09-23T00:24:07.802016,1790103247.8012831,0.0,0.0,0.0,0.0
2026-09-23T00:24:07.811884,1790103247.811279,0.0,0.0,0.0,0.0
2026-09-23T00:24:07.822198,1790103247.821324,0.0,0.0,0.0,0.0
2026-09-23T00:24:07.831733,1790103247.8312836,0.0,0.0,0.0,0.0
2026-09-23T00:24:07.841965,1790103247.84132,0.0,0.0,0.0,0.0
2026-09-23T00:24:07.852105,1790103247.8512716,0.0,0.0,0.0,0.0
2026-09-23T00:24:07.861947,1790103247.8612819,0.0,0.0,0.0,0.0
2026-09-23T00:24:07.871889,1790103247.8712728,0.0,0.0,0.0,0.0
2026-09-23T00:24:07.881738,1790103247.8812618,0.0,0.0,0.0,0.0
2026-09-23T00:24:07.892220,1790103247.8912625,0.0,0.0,0.0,0.0
2026-09-23T00:24:07.902018,1790103247.9012597,0.0,0.0,0.0,0.0
2026-09-23T00:24:07.911921,1790103247.9112601,0.0,0.0,0.0,0.0
2026-09-23T00:24:07.921824,1790103247.9212663,0.0,0.0,0.0,0.0
2026-09-23T00:24:07.931828,1790103247.931268,0.0,0.0,0.0,0.0
2026-09-23T00:24:07.942142,1790103247.9413455,0.0,0.0,0.0,0.0
2026-09-23T00:24:07.952140,1790103247.9512782,0.0,0.0,0.0,0.0
2026-09-23T00:24:07.961967,1790103247.9612677,0.0,0.0,0.0,0.0
2026-09-23T00:24:07.971726,1790103247.971267,0.0,0.0,0.0,0.0
2026-09-23T00:24:07.982074,1790103247.9812813,0.0,0.0,0.0,0.0
2026-09-23T00:24:07.992312,1790103247.9912822,0.0,0.0,0.0,0.0
2026-09-23T00:24:08.002266,1790103248.0012677,0.0,0.0,0.0,0.0
2026-09-23T00:24:08.011924,1790103248.0112636,0.0,0.0,0.0,0.0
2026-09-23T00:24:08.022074,1790103248.0212765,0.0,0.0,0.0,0.0
2026-09-23T00:24:08.031837,1790103248.0312624,0.0,0.0,0.0,0.0
2026-09-23T00:24:08.041965,1790103248.0413122,0.0,0.0,0.0,0.0
2026-09-23T00:24:08.052145,1790103248.0512588,0.0,0.0,0.0,0.0
2026-09-23T00:24:08.061920,1790103248.0612671,0.0,0.0,0.0,0.0
2026-09-23T00:24:08.071738,1790103248.0712693,0.0,0.0,0.0,0.0
2026-09-23T00:24:08.082055,1790103248.0812678,0.0,0.0,0.0,0.0
2026-09-23T00:24:08.091904,1790103248.0913043,0.0,0.0,0.0,0.0
2026-09-23T00:24:08.102042,1790103248.101269,0.0,0.0,0.0,0.0
2026-09-23T00:24:08.111912,1790103248.1112432,0.0,0.0,0.0,0.0
2026-09-23T00:24:08.121902,1790103248.1213021,0.0,0.0,0.0,0.0
2026-09-23T00:24:08.131888,1790103248.1312664,0.0,0.0,0.0,0.0
2026-09-23T00:24:08.142099,1790103248.141314,0.0,0.0,0.0,0.0
2026-09-23T00:24:08.152047,1790103248.1512668,0.0,0.0,0.0,0.0
2026-09-23T00:24:08.161902,1790103248.1612458,0.0,0.0,0.0,0.0
2026-09-23T00:24:08.172258,1790103248.1712654,0.0,0.0,0.0,0.0
2026-09-23T00:24:08.181853,1790103248.1812637,0.0,0.0,0.0,0.0
2026-09-23T00:24:08.192049,1790103248.191328,0.0,0.0,0.0,0.0
2026-09-23T00:24:08.202218,1790103248.2012691,0.0,0.0,0.0,0.0
2026-09-23T00:24:08.211995,1790103248.2112699,0.0,0.0,0.0,0.0
2026-09-23T00:24:08.221823,1790103248.2212658,0.0,0.0,0.0,0.0
2026-09-23T00:24:08.231709,1790103248.2312505,0.0,0.0,0.0,0.0
2026-09-23T00:24:08.241820,1790103248.2412596,0.0,0.0,0.0,0.0
2026-09-23T00:24:08.252014,1790103248.251265,0.0,0.0,0.0,0.0
2026-09-23T00:24:08.261805,1790103248.2612593,0.0,0.0,0.0,0.0
2026-09-23T00:24:08.271871,1790103248.2712765,0.0,0.0,0.0,0.0
2026-09-23T00:24:08.281764,1790103248.281265,0.0,0.0,0.0,0.0
2026-09-23T00:24:08.291853,1790103248.2913086,0.0,0.0,0.0,0.0
2026-09-23T00:24:08.302333,1790103248.3012772,0.0,0.0,0.0,0.0
2026-09-23T00:24:08.311841,1790103248.311266,0.0,0.0,0.0,0.0
2026-09-23T00:24:08.321960,1790103248.3213027,0.0,0.0,0.0,0.0
2026-09-23T00:24:08.331861,1790103248.331268,0.0,0.0,0.0,0.0
2026-09-23T00:24:08.342031,1790103248.3413396,0.0,0.0,0.0,0.0
2026-09-23T00:24:08.352048,1790103248.3512692,0.0,0.0,0.0,0.0
2026-09-23T00:24:08.361822,1790103248.361267,0.0,0.0,0.0,0.0
2026-09-23T00:24:08.371637,1790103248.3712616,0.0,0.0,0.0,0.0
2026-09-23T00:24:08.381757,1790103248.3812604,0.0,0.0,0.0,0.0
2026-09-23T00:24:08.391980,1790103248.3913326,0.0,0.0,0.0,0.0
2026-09-23T00:24:08.402305,1790103248.4012663,0.0,0.0,0.0,0.0
2026-09-23T00:24:08.411843,1790103248.4112608,0.0,0.0,0.0,0.0
2026-09-23T00:24:08.421788,1790103248.4212651,0.0,0.0,0.0,0.0
2026-09-23T00:24:08.431877,1790103248.4312701,0.0,0.0,0.0,0.0
2026-09-23T00:24:08.441987,1790103248.4413316,0.0,0.0,0.0,0.0
2026-09-23T00:24:08.452081,1790103248.4512694,0.0,0.0,0.0,0.0
2026-09-23T00:24:08.462154,1790103248.461294,0.0,0.0,0.0,0.0
2026-09-23T00:24:08.471878,1790103248.4712794,0.0,0.0,0.0,0.0
2026-09-23T00:24:08.481883,1790103248.4812803,0.0,0.0,0.0,0.0
2026-09-23T00:24:08.491983,1790103248.4913557,0.0,0.0,0.0,0.0
2026-09-23T00:24:08.501993,1790103248.501281,0.0,0.0,0.0,0.0
2026-09-23T00:24:08.511730,1790103248.5112333,0.0,0.0,0.0,0.0
2026-09-23T00:24:08.521772,1790103248.5212655,0.0,0.0,0.0,0.0
2026-09-23T00:24:08.531713,1790103248.531266,0.0,0.0,0.0,0.0
2026-09-23T00:24:08.541995,1790103248.5413501,0.0,0.0,0.0,0.0
2026-09-23T00:24:08.552022,1790103248.5512705,0.0,0.0,0.0,0.0
2026-09-23T00:24:08.561872,1790103248.5612507,0.0,0.0,0.0,0.0
2026-09-23T00:24:08.571752,1790103248.5712733,0.0,0.0,0.0,0.0
2026-09-23T00:24:08.581950,1790103248.581284,0.0,0.0,0.0,0.0
2026-09-23T00:24:08.591836,1790103248.5912793,0.0,0.0,0.0,0.0
2026-09-23T00:24:08.602061,1790103248.6012926,0.0,0.0,0.0,0.0
2026-09-23T00:24:08.611889,1790103248.6112761,0.0,0.0,0.0,0.0
2026-09-23T00:24:08.621903,1790103248.621279,0.0,0.0,0.0,0.0
2026-09-23T00:24:08.631982,1790103248.631306,0.0,0.0,0.0,0.0
2026-09-23T00:24:08.642219,1790103248.641375,0.0,0.0,0.0,0.0
2026-09-23T00:24:08.652247,1790103248.6512675,0.0,0.0,0.0,0.0
2026-09-23T00:24:08.661877,1790103248.6612823,0.0,0.0,0.0,0.0
2026-09-23T00:24:08.671747,1790103248.671273,0.0,0.0,0.0,0.0
2026-09-23T00:24:08.681919,1790103248.6812992,0.0,0.0,0.0,0.0
2026-09-23T00:24:08.692268,1790103248.691267,0.0,0.0,0.0,0.0
2026-09-23T00:24:08.702007,1790103248.7012646,0.0,0.0,0.0,0.0
2026-09-23T00:24:08.711677,1790103248.7112615,0.0,0.0,0.0,0.0
2026-09-23T00:24:08.721803,1790103248.7212853,0.0,0.0,0.0,0.0
2026-09-23T00:24:08.731672,1790103248.7312646,0.0,0.0,0.0,0.0
2026-09-23T00:24:08.742120,1790103248.7413306,0.0,0.0,0.0,0.0
2026-09-23T00:24:08.752217,1790103248.7512715,0.0,0.0,0.0,0.0
2026-09-23T00:24:08.761817,1790103248.761267,0.0,0.0,0.0,0.0
2026-09-23T00:24:08.771781,1790103248.7712693,0.0,0.0,0.0,0.0
2026-09-23T00:24:08.782206,1790103248.7812886,0.0,0.0,0.0,0.0
2026-09-23T00:24:08.792210,1790103248.7913346,0.0,0.0,0.0,0.0
2026-09-23T00:24:08.801970,1790103248.8012695,0.0,0.0,0.0,0.0
2026-09-23T00:24:08.811734,1790103248.8112633,0.0,0.0,0.0,0.0
2026-09-23T00:24:08.821968,1790103248.8212864,0.0,0.0,0.0,0.0
2026-09-23T00:24:08.831768,1790103248.831278,0.0,0.0,0.0,0.0
2026-09-23T00:24:08.842016,1790103248.8413348,0.0,0.0,0.0,0.0
2026-09-23T00:24:08.852063,1790103248.8512654,0.0,0.0,0.0,0.0
2026-09-23T00:24:08.861751,1790103248.8612704,0.0,0.0,0.0,0.0
2026-09-23T00:24:08.871762,1790103248.871273,0.0,0.0,0.0,0.0
2026-09-23T00:24:08.881754,1790103248.881274,0.0,0.0,0.0,0.0
2026-09-23T00:24:08.892048,1790103248.891341,0.0,0.0,0.0,0.0
2026-09-23T00:24:08.901979,1790103248.901272,0.0,0.0,0.0,0.0
2026-09-23T00:24:08.911829,1790103248.9112754,0.0,0.0,0.0,0.0
2026-09-23T00:24:08.921924,1790103248.921271,0.0,0.0,0.0,0.0
2026-09-23T00:24:08.931698,1790103248.9312632,0.0,0.0,0.0,0.0
2026-09-23T00:24:08.942105,1790103248.9413447,0.0,0.0,0.0,0.0
2026-09-23T00:24:08.952331,1790103248.951245,0.0,0.0,0.0,0.0
2026-09-23T00:24:08.961810,1790103248.961265,0.0,0.0,0.0,0.0
2026-09-23T00:24:08.971686,1790103248.9712615,0.0,0.0,0.0,0.0
2026-09-23T00:24:08.981767,1790103248.9812667,0.0,0.0,0.0,0.0
2026-09-23T00:24:08.992126,1790103248.9913504,0.0,0.0,0.0,0.0
2026-09-23T00:24:09.001988,1790103249.0012639,0.0,0.0,0.0,0.0
2026-09-23T00:24:09.011676,1790103249.0112603,0.0,0.0,0.0,0.0
2026-09-23T00:24:09.021798,1790103249.0212798,0.0,0.0,0.0,0.0
2026-09-23T00:24:09.031704,1790103249.031262,0.0,0.0,0.0,0.0
2026-09-23T00:24:09.041938,1790103249.0413096,0.0,0.0,0.0,0.0
2026-09-23T00:24:09.051850,1790103249.051283,0.0,0.0,0.0,0.0
2026-09-23T00:24:09.061778,1790103249.0612495,0.0,0.0,0.0,0.0
2026-09-23T00:24:09.071800,1790103249.0712655,0.0,0.0,0.0,0.0
2026-09-23T00:24:09.081877,1790103249.081298,0.0,0.0,0.0,0.0
2026-09-23T00:24:09.092140,1790103249.0913296,0.0,0.0,0.0,0.0
2026-09-23T00:24:09.102445,1790103249.1012664,0.0,0.0,0.0,0.0
2026-09-23T00:24:09.111762,1790103249.1112807,0.0,0.0,0.0,0.0
2026-09-23T00:24:09.121771,1790103249.121271,0.0,0.0,0.0,0.0
2026-09-23T00:24:09.131740,1790103249.1312628,0.0,0.0,0.0,0.0
2026-09-23T00:24:09.142261,1790103249.1413379,0.0,0.0,0.0,0.0
2026-09-23T00:24:09.151855,1790103249.1512606,0.0,0.0,0.0,0.0
2026-09-23T00:24:09.161925,1790103249.161254,0.0,0.0,0.0,0.0
2026-09-23T00:24:09.171801,1790103249.1712592,0.0,0.0,0.0,0.0
2026-09-23T00:24:09.182011,1790103249.1812634,0.0,0.0,0.0,0.0
2026-09-23T00:24:09.192841,1790103249.1913238,0.0,0.0,0.0,0.0
2026-09-23T00:24:09.202066,1790103249.2012713,0.0,0.0,0.0,0.0
2026-09-23T00:24:09.211875,1790103249.2112646,0.0,0.0,0.0,0.0
2026-09-23T00:24:09.221876,1790103249.2212641,0.0,0.0,0.0,0.0
2026-09-23T00:24:09.231955,1790103249.2312865,0.0,0.0,0.0,0.0
2026-09-23T00:24:09.242349,1790103249.2413015,0.0,0.0,0.0,0.0
2026-09-23T00:24:09.251852,1790103249.251265,0.0,0.0,0.0,0.0
2026-09-23T00:24:09.261992,1790103249.261291,0.0,0.0,0.0,0.0
2026-09-23T00:24:09.271784,1790103249.271267,0.0,0.0,0.0,0.0
2026-09-23T00:24:09.281924,1790103249.2812698,0.0,0.0,0.0,0.0
2026-09-23T00:24:09.292213,1790103249.2912948,0.0,0.0,0.0,0.0
2026-09-23T00:24:09.301975,1790103249.301261,0.0,0.0,0.0,0.0
2026-09-23T00:24:09.311911,1790103249.3112605,0.0,0.0,0.0,0.0
2026-09-23T00:24:09.322003,1790103249.3212996,0.0,0.0,0.0,0.0
2026-09-23T00:24:09.331813,1790103249.3312645,0.0,0.0,0.0,0.0
2026-09-23T00:24:09.342488,1790103249.3413894,0.0,0.0,0.0,0.0
2026-09-23T00:24:09.352026,1790103249.3512807,0.0,0.0,0.0,0.0
2026-09-23T00:24:09.361769,1790103249.3612707,0.0,0.0,0.0,0.0
2026-09-23T00:24:09.371901,1790103249.371268,0.0,0.0,0.0,0.0
2026-09-23T00:24:09.381831,1790103249.3812625,0.0,0.0,0.0,0.0
2026-09-23T00:24:09.392278,1790103249.3912742,0.0,0.0,0.0,0.0
2026-09-23T00:24:09.402098,1790103249.4012454,0.0,0.0,0.0,0.0
2026-09-23T00:24:09.411684,1790103249.4112606,0.0,0.0,0.0,0.0
2026-09-23T00:24:09.421886,1790103249.4212825,0.0,0.0,0.0,0.0
2026-09-23T00:24:09.431732,1790103249.4312677,0.0,0.0,0.0,0.0
2026-09-23T00:24:09.442273,1790103249.4412818,0.0,0.0,0.0,0.0
2026-09-23T00:24:09.452032,1790103249.4512718,0.0,0.0,0.0,0.0
2026-09-23T00:24:09.462016,1790103249.4612927,0.0,0.0,0.0,0.0
2026-09-23T00:24:09.471674,1790103249.4712656,0.0,0.0,0.0,0.0
2026-09-23T00:24:09.481779,1790103249.4812644,0.0,0.0,0.0,0.0
2026-09-23T00:24:09.491886,1790103249.4912689,0.0,0.0,0.0,0.0
2026-09-23T00:24:09.502103,1790103249.5012426,0.0,0.0,0.0,0.0
2026-09-23T00:24:09.511716,1790103249.511263,0.0,0.0,0.0,0.0
2026-09-23T00:24:09.521773,1790103249.5212636,0.0,0.0,0.0,0.0
2026-09-23T00:24:09.531767,1790103249.5312588,0.0,0.0,0.0,0.0
2026-09-23T00:24:09.542255,1790103249.5412853,0.0,0.0,0.0,0.0
2026-09-23T00:24:09.552178,1790103249.5512717,0.0,0.0,0.0,0.0
2026-09-23T00:24:09.561767,1790103249.5612586,0.0,0.0,0.0,0.0
2026-09-23T00:24:09.571823,1790103249.5712655,0.0,0.0,0.0,0.0
2026-09-23T00:24:09.581983,1790103249.581275,0.0,0.0,0.0,0.0
2026-09-23T00:24:09.592299,1790103249.5912783,0.0,0.0,0.0,0.0
2026-09-23T00:24:09.602237,1790103249.601264,0.0,0.0,0.0,0.0
2026-09-23T00:24:09.611834,1790103249.6112704,0.0,0.0,0.0,0.0
2026-09-23T00:24:09.621909,1790103249.6212742,0.0,0.0,0.0,0.0
2026-09-23T00:24:09.631796,1790103249.631265,0.0,0.0,0.0,0.0
2026-09-23T00:24:09.642215,1790103249.641291,0.0,0.0,0.0,0.0
2026-09-23T00:24:09.651843,1790103249.651272,0.0,0.0,0.0,0.0
2026-09-23T00:24:09.661872,1790103249.6612523,0.0,0.0,0.0,0.0
2026-09-23T00:24:09.671787,1790103249.6712744,0.0,0.0,0.0,0.0
2026-09-23T00:24:09.681881,1790103249.681284,0.0,0.0,0.0,0.0
2026-09-23T00:24:09.692266,1790103249.6912806,0.0,0.0,0.0,0.0
2026-09-23T00:24:09.702363,1790103249.7012649,0.0,0.0,0.0,0.0
2026-09-23T00:24:09.711867,1790103249.7112732,0.0,0.0,0.0,0.0
2026-09-23T00:24:09.721886,1790103249.7212636,0.0,0.0,0.0,0.0
2026-09-23T00:24:09.731831,1790103249.7312658,0.0,0.0,0.0,0.0
2026-09-23T00:24:09.742363,1790103249.7412715,0.0,0.0,0.0,0.0
2026-09-23T00:24:09.751830,1790103249.7512672,0.0,0.0,0.0,0.0
2026-09-23T00:24:09.761768,1790103249.7612655,0.0,0.0,0.0,0.0
2026-09-23T00:24:09.771752,1790103249.7712631,0.0,0.0,0.0,0.0
2026-09-23T00:24:09.781839,1790103249.7812712,0.0,0.0,0.0,0.0
2026-09-23T00:24:09.792220,1790103249.7912664,0.0,0.0,0.0,0.0
2026-09-23T00:24:09.802281,1790103249.8012671,0.0,0.0,0.0,0.0
2026-09-23T00:24:09.811844,1790103249.8112814,0.0,0.0,0.0,0.0
2026-09-23T00:24:09.821794,1790103249.8212693,0.0,0.0,0.0,0.0
2026-09-23T00:24:09.831702,1790103249.8312685,0.0,0.0,0.0,0.0
2026-09-23T00:24:09.842132,1790103249.841386,0.0,0.0,0.0,0.0
2026-09-23T00:24:09.852336,1790103249.8512723,0.0,0.0,0.0,0.0
2026-09-23T00:24:09.861794,1790103249.861273,0.0,0.0,0.0,0.0
2026-09-23T00:24:09.871820,1790103249.871265,0.0,0.0,0.0,0.0
2026-09-23T00:24:09.881819,1790103249.8812602,0.0,0.0,0.0,0.0
2026-09-23T00:24:09.892233,1790103249.8912761,0.0,0.0,0.0,0.0
2026-09-23T00:24:09.902175,1790103249.9012687,0.0,0.0,0.0,0.0
2026-09-23T00:24:09.911694,1790103249.9112625,0.0,0.0,0.0,0.0
2026-09-23T00:24:09.921793,1790103249.9212687,0.0,0.0,0.0,0.0
2026-09-23T00:24:09.931787,1790103249.9312627,0.0,0.0,0.0,0.0
2026-09-23T00:24:09.942197,1790103249.9413788,0.0,0.0,0.0,0.0
2026-09-23T00:24:09.951831,1790103249.951265,0.0,0.0,0.0,0.0
2026-09-23T00:24:09.961858,1790103249.9612625,0.0,0.0,0.0,0.0
2026-09-23T00:24:09.971708,1790103249.971263,0.0,0.0,0.0,0.0
2026-09-23T00:24:09.981834,1790103249.981263,0.0,0.0,0.0,0.0
2026-09-23T00:24:09.991929,1790103249.9912846,0.0,0.0,0.0,0.0
2026-09-23T00:24:10.001989,1790103250.0012636,0.0,0.0,0.0,0.0
2026-09-23T00:24:10.011731,1790103250.0112588,0.0,0.0,0.0,0.0
2026-09-23T00:24:10.021806,1790103250.0212653,0.0,0.0,0.0,0.0
2026-09-23T00:24:10.031796,1790103250.031268,0.0,0.0,0.0,0.0
2026-09-23T00:24:10.042144,1790103250.0412667,0.0,0.0,0.0,0.0
2026-09-23T00:24:10.051955,1790103250.0512633,0.0,0.0,0.0,0.0
2026-09-23T00:24:10.062028,1790103250.0612848,0.0,0.0,0.0,0.0
2026-09-23T00:24:10.071819,1790103250.0712988,0.0,0.0,0.0,0.0
2026-09-23T00:24:10.081801,1790103250.0812652,0.0,0.0,0.0,0.0
2026-09-23T00:24:10.091946,1790103250.091269,0.0,0.0,0.0,0.0
2026-09-23T00:24:10.102086,1790103250.1012712,0.0,0.0,0.0,0.0
2026-09-23T00:24:10.111749,1790103250.1112783,0.0,0.0,0.0,0.0
2026-09-23T00:24:10.121848,1790103250.1212795,0.0,0.0,0.0,0.0
2026-09-23T00:24:10.131853,1790103250.131282,0.0,0.0,0.0,0.0
2026-09-23T00:24:10.141905,1790103250.1412761,0.0,0.0,0.0,0.0
2026-09-23T00:24:10.151830,1790103250.1512759,0.0,0.0,0.0,0.0
2026-09-23T00:24:10.161792,1790103250.1612773,0.0,0.0,0.0,0.0
2026-09-23T00:24:10.171702,1790103250.17128,0.0,0.0,0.0,0.0
2026-09-23T00:24:10.181778,1790103250.1812763,0.0,0.0,0.0,0.0
2026-09-23T00:24:10.191775,1790103250.1912901,0.0,0.0,0.0,0.0
2026-09-23T00:24:10.202019,1790103250.2012672,0.0,0.0,0.0,0.0
2026-09-23T00:24:10.211688,1790103250.2112613,0.0,0.0,0.0,0.0
2026-09-23T00:24:10.221976,1790103250.2213047,0.0,0.0,0.0,0.0
2026-09-23T00:24:10.231954,1790103250.231275,0.0,0.0,0.0,0.0
2026-09-23T00:24:10.241966,1790103250.2412846,0.0,0.0,0.0,0.0
2026-09-23T00:24:10.252364,1790103250.2512672,0.0,0.0,0.0,0.0
2026-09-23T00:24:10.263416,1790103250.2612767,0.0,0.0,0.0,0.0
2026-09-23T00:24:10.271850,1790103250.2712655,0.0,0.0,0.0,0.0
2026-09-23T00:24:10.282828,1790103250.2812722,0.0,0.0,0.0,0.0
2026-09-23T00:24:10.291902,1790103250.291275,0.0,0.0,0.0,0.0
2026-09-23T00:24:10.302058,1790103250.3012693,0.0,0.0,0.0,0.0
2026-09-23T00:24:10.311835,1790103250.3112829,0.0,0.0,0.0,0.0
2026-09-23T00:24:10.321953,1790103250.3212724,0.0,0.0,0.0,0.0
2026-09-23T00:24:10.331745,1790103250.3312714,0.0,0.0,0.0,0.0
2026-09-23T00:24:10.341832,1790103250.3412719,0.0,0.0,0.0,0.0
2026-09-23T00:24:10.352019,1790103250.3512669,0.0,0.0,0.0,0.0
2026-09-23T00:24:10.361855,1790103250.361268,0.0,0.0,0.0,0.0
2026-09-23T00:24:10.372096,1790103250.3712816,0.0,0.0,0.0,0.0
2026-09-23T00:24:10.381992,1790103250.381275,0.0,0.0,0.0,0.0
2026-09-23T00:24:10.391796,1790103250.391269,0.0,0.0,0.0,0.0
2026-09-23T00:24:10.402161,1790103250.4012764,0.0,0.0,0.0,0.0
2026-09-23T00:24:10.411801,1790103250.4112704,0.0,0.0,0.0,0.0
2026-09-23T00:24:10.421870,1790103250.4212673,0.0,0.0,0.0,0.0
2026-09-23T00:24:10.431933,1790103250.4313362,0.0,0.0,0.0,0.0
2026-09-23T00:24:10.441781,1790103250.4412644,0.0,0.0,0.0,0.0
2026-09-23T00:24:10.452000,1790103250.4512858,0.0,0.0,0.0,0.0
2026-09-23T00:24:10.461838,1790103250.461266,0.0,0.0,0.0,0.0
2026-09-23T00:24:10.471865,1790103250.4712658,0.0,0.0,0.0,0.0
2026-09-23T00:24:10.482021,1790103250.4812756,0.0,0.0,0.0,0.0
2026-09-23T00:24:10.491819,1790103250.491266,0.0,0.0,0.0,0.0
2026-09-23T00:24:10.502089,1790103250.5012662,0.0,0.0,0.0,0.0
2026-09-23T00:24:10.511801,1790103250.5112643,0.0,0.0,0.0,0.0
2026-09-23T00:24:10.521814,1790103250.5212615,0.0,0.0,0.0,0.0
2026-09-23T00:24:10.531979,1790103250.5313325,0.0,0.0,0.0,0.0
2026-09-23T00:24:10.541977,1790103250.5412984,0.0,0.0,0.0,0.0
2026-09-23T00:24:10.551907,1790103250.5512602,0.0,0.0,0.0,0.0
2026-09-23T00:24:10.561746,1790103250.5612686,0.0,0.0,0.0,0.0
2026-09-23T00:24:10.571980,1790103250.5712924,0.0,0.0,0.0,0.0
2026-09-23T00:24:10.581931,1790103250.5813265,0.0,0.0,0.0,0.0
2026-09-23T00:24:10.591888,1790103250.5912414,0.0,0.0,0.0,0.0
2026-09-23T00:24:10.602153,1790103250.6012652,0.0,0.0,0.0,0.0
2026-09-23T00:24:10.611847,1790103250.6112678,0.0,0.0,0.0,0.0
2026-09-23T00:24:10.621852,1790103250.6212673,0.0,0.0,0.0,0.0
2026-09-23T00:24:10.631955,1790103250.6313205,0.0,0.0,0.0,0.0
2026-09-23T00:24:10.641835,1790103250.6412666,0.0,0.0,0.0,0.0
2026-09-23T00:24:10.652263,1790103250.6512651,0.0,0.0,0.0,0.0
2026-09-23T00:24:10.661978,1790103250.6612635,0.0,0.0,0.0,0.0
2026-09-23T00:24:10.671907,1790103250.6712723,0.0,0.0,0.0,0.0
2026-09-23T00:24:10.681948,1790103250.6813138,0.0,0.0,0.0,0.0
2026-09-23T00:24:10.691718,1790103250.691264,0.0,0.0,0.0,0.0
2026-09-23T00:24:10.702316,1790103250.7012675,0.0,0.0,0.0,0.0
2026-09-23T00:24:10.711676,1790103250.711268,0.0,0.0,0.0,0.0
2026-09-23T00:24:10.721825,1790103250.7212582,0.0,0.0,0.0,0.0
2026-09-23T00:24:10.731978,1790103250.731347,0.0,0.0,0.0,0.0
2026-09-23T00:24:10.741999,1790103250.741265,0.0,0.0,0.0,0.0
2026-09-23T00:24:10.751992,1790103250.7512655,0.0,0.0,0.0,0.0
2026-09-23T00:24:10.762012,1790103250.7612686,0.0,0.0,0.0,0.0
2026-09-23T00:24:10.771971,1790103250.7712686,0.0,0.0,0.0,0.0
2026-09-23T00:24:10.782049,1790103250.7813566,0.0,0.0,0.0,0.0
2026-09-23T00:24:10.791829,1790103250.7912729,0.0,0.0,0.0,0.0
2026-09-23T00:24:10.801976,1790103250.8012688,0.0,0.0,0.0,0.0
2026-09-23T00:24:10.811745,1790103250.8112934,0.0,0.0,0.0,0.0
2026-09-23T00:24:10.821803,1790103250.8212686,0.0,0.0,0.0,0.0
2026-09-23T00:24:10.832106,1790103250.8313177,0.0,0.0,0.0,0.0
2026-09-23T00:24:10.841791,1790103250.8412728,0.0,0.0,0.0,0.0
2026-09-23T00:24:10.852227,1790103250.8512862,0.0,0.0,0.0,0.0
2026-09-23T00:24:10.861999,1790103250.861283,0.0,0.0,0.0,0.0
2026-09-23T00:24:10.871916,1790103250.871281,0.0,0.0,0.0,0.0
2026-09-23T00:24:10.881990,1790103250.881326,0.0,0.0,0.0,0.0
2026-09-23T00:24:10.891814,1790103250.8912675,0.0,0.0,0.0,0.0
2026-09-23T00:24:10.902146,1790103250.901276,0.0,0.0,0.0,0.0
2026-09-23T00:24:10.911741,1790103250.911269,0.0,0.0,0.0,0.0
2026-09-23T00:24:10.921916,1790103250.9212642,0.0,0.0,0.0,0.0
2026-09-23T00:24:10.931850,1790103250.9312692,0.0,0.0,0.0,0.0
2026-09-23T00:24:10.941813,1790103250.941268,0.0,0.0,0.0,0.0
2026-09-23T00:24:10.951851,1790103250.9512708,0.0,0.0,0.0,0.0
2026-09-23T00:24:10.961766,1790103250.9612648,0.0,0.0,0.0,0.0
2026-09-23T00:24:10.971737,1790103250.9712658,0.0,0.0,0.0,0.0
2026-09-23T00:24:10.982045,1790103250.9813395,0.0,0.0,0.0,0.0
2026-09-23T00:24:10.991857,1790103250.9912717,0.0,0.0,0.0,0.0
2026-09-23T00:24:11.001975,1790103251.0012674,0.0,0.0,0.0,0.0
2026-09-23T00:24:11.011755,1790103251.0112743,0.0,0.0,0.0,0.0
2026-09-23T00:24:11.022542,1790103251.0213006,0.0,0.0,0.0,0.0
2026-09-23T00:24:11.032097,1790103251.0313363,0.0,0.0,0.0,0.0
2026-09-23T00:24:11.041840,1790103251.0412714,0.0,0.0,0.0,0.0
2026-09-23T00:24:11.051884,1790103251.0512779,0.0,0.0,0.0,0.0
2026-09-23T00:24:11.061803,1790103251.061271,0.0,0.0,0.0,0.0
2026-09-23T00:24:11.071744,1790103251.071276,0.0,0.0,0.0,0.0
2026-09-23T00:24:11.081987,1790103251.0813367,0.0,0.0,0.0,0.0
2026-09-23T00:24:11.091724,1790103251.0912623,0.0,0.0,0.0,0.0
2026-09-23T00:24:11.102354,1790103251.101267,0.0,0.0,0.0,0.0
2026-09-23T00:24:11.111832,1790103251.1112587,0.0,0.0,0.0,0.0
2026-09-23T00:24:11.121774,1790103251.121265,0.0,0.0,0.0,0.0
2026-09-23T00:24:11.132098,1790103251.1313217,0.0,0.0,0.0,0.0
2026-09-23T00:24:11.141782,1790103251.141274,0.0,0.0,0.0,0.0
2026-09-23T00:24:11.152071,1790103251.151271,0.0,0.0,0.0,0.0
2026-09-23T00:24:11.161864,1790103251.1612906,0.0,0.0,0.0,0.0
2026-09-23T00:24:11.171746,1790103251.1712646,0.0,0.0,0.0,0.0
2026-09-23T00:24:11.182744,1790103251.181313,0.0,0.0,0.0,0.0
2026-09-23T00:24:11.191904,1790103251.191272,0.0,0.0,0.0,0.0
2026-09-23T00:24:11.201958,1790103251.2012706,0.0,0.0,0.0,0.0
2026-09-23T00:24:11.211806,1790103251.211262,0.0,0.0,0.0,0.0
2026-09-23T00:24:11.221811,1790103251.2212749,0.0,0.0,0.0,0.0
2026-09-23T00:24:11.232344,1790103251.2313178,0.0,0.0,0.0,0.0
2026-09-23T00:24:11.241793,1790103251.2412694,0.0,0.0,0.0,0.0
2026-09-23T00:24:11.251886,1790103251.2512748,0.0,0.0,0.0,0.0
2026-09-23T00:24:11.261991,1790103251.2612655,0.0,0.0,0.0,0.0
2026-09-23T00:24:11.272271,1790103251.271273,0.0,0.0,0.0,0.0
2026-09-23T00:24:11.281969,1790103251.2812872,0.0,0.0,0.0,0.0
2026-09-23T00:24:11.291881,1790103251.2913022,0.0,0.0,0.0,0.0
2026-09-23T00:24:11.301957,1790103251.301258,0.0,0.0,0.0,0.0
2026-09-23T00:24:11.311811,1790103251.3112857,0.0,0.0,0.0,0.0
2026-09-23T00:24:11.321798,1790103251.3212702,0.0,0.0,0.0,0.0
2026-09-23T00:24:11.332303,1790103251.3312702,0.0,0.0,0.0,0.0
2026-09-23T00:24:11.341966,1790103251.3412879,0.0,0.0,0.0,0.0
2026-09-23T00:24:11.351931,1790103251.351278,0.0,0.0,0.0,0.0
2026-09-23T00:24:11.361798,1790103251.361271,0.0,0.0,0.0,0.0
2026-09-23T00:24:11.371832,1790103251.3712726,0.0,0.0,0.0,0.0
2026-09-23T00:24:11.382269,1790103251.3812714,0.0,0.0,0.0,0.0
2026-09-23T00:24:11.391745,1790103251.391265,0.0,0.0,0.0,0.0
2026-09-23T00:24:11.402117,1790103251.4012823,0.0,0.0,0.0,0.0
2026-09-23T00:24:11.411757,1790103251.411282,0.0,0.0,0.0,0.0
2026-09-23T00:24:11.421824,1790103251.4212642,0.0,0.0,0.0,0.0
2026-09-23T00:24:11.432491,1790103251.431341,0.0,0.0,0.0,0.0
2026-09-23T00:24:11.441866,1790103251.4412634,0.0,0.0,0.0,0.0
2026-09-23T00:24:11.451810,1790103251.4512591,0.0,0.0,0.0,0.0
2026-09-23T00:24:11.461820,1790103251.461264,0.0,0.0,0.0,0.0
2026-09-23T00:24:11.471897,1790103251.4712706,0.0,0.0,0.0,0.0
2026-09-23T00:24:11.482286,1790103251.4813077,0.0,0.0,0.0,0.0
2026-09-23T00:24:11.491797,1790103251.4912658,0.0,0.0,0.0,0.0
2026-09-23T00:24:11.502265,1790103251.5012717,0.0,0.0,0.0,0.0
2026-09-23T00:24:11.511767,1790103251.511297,0.0,0.0,0.0,0.0
2026-09-23T00:24:11.521755,1790103251.5212672,0.0,0.0,0.0,0.0
2026-09-23T00:24:11.532344,1790103251.5312657,0.0,0.0,0.0,0.0
2026-09-23T00:24:11.541843,1790103251.5412748,0.0,0.0,0.0,0.0
2026-09-23T00:24:11.551739,1790103251.5512588,0.0,0.0,0.0,0.0
2026-09-23T00:24:11.561853,1790103251.5612698,0.0,0.0,0.0,0.0
2026-09-23T00:24:11.571736,1790103251.5712707,0.0,0.0,0.0,0.0
2026-09-23T00:24:11.582229,1790103251.5813255,0.0,0.0,0.0,0.0
2026-09-23T00:24:11.591850,1790103251.5912795,0.0,0.0,0.0,0.0
2026-09-23T00:24:11.601964,1790103251.60127,0.0,0.0,0.0,0.0
2026-09-23T00:24:11.611811,1790103251.6112955,0.0,0.0,0.0,0.0
2026-09-23T00:24:11.621759,1790103251.6212633,0.0,0.0,0.0,0.0
2026-09-23T00:24:11.632351,1790103251.631282,0.0,0.0,0.0,0.0
2026-09-23T00:24:11.642184,1790103251.641272,0.0,0.0,0.0,0.0
2026-09-23T00:24:11.651984,1790103251.6512663,0.0,0.0,0.0,0.0
2026-09-23T00:24:11.661912,1790103251.6612844,0.0,0.0,0.0,0.0
2026-09-23T00:24:11.671785,1790103251.6712694,0.0,0.0,0.0,0.0
2026-09-23T00:24:11.682260,1790103251.6813047,0.0,0.0,0.0,0.0
2026-09-23T00:24:11.691851,1790103251.6912775,0.0,0.0,0.0,0.0
2026-09-23T00:24:11.702233,1790103251.701267,0.0,0.0,0.0,0.0
2026-09-23T00:24:11.711804,1790103251.7112637,0.0,0.0,0.0,0.0
2026-09-23T00:24:11.721796,1790103251.7212648,0.0,0.0,0.0,0.0
2026-09-23T00:24:11.731849,1790103251.7312696,0.0,0.0,0.0,0.0
2026-09-23T00:24:11.741780,1790103251.7412708,0.0,0.0,0.0,0.0
2026-09-23T00:24:11.751931,1790103251.7512908,0.0,0.0,0.0,0.0
2026-09-23T00:24:11.761809,1790103251.7612576,0.0,0.0,0.0,0.0
2026-09-23T00:24:11.771967,1790103251.7712672,0.0,0.0,0.0,0.0
2026-09-23T00:24:11.782356,1790103251.781272,0.0,0.0,0.0,0.0
2026-09-23T00:24:11.791963,1790103251.7912707,0.0,0.0,0.0,0.0
2026-09-23T00:24:11.801980,1790103251.8012667,0.0,0.0,0.0,0.0
2026-09-23T00:24:11.811695,1790103251.811268,0.0,0.0,0.0,0.0
2026-09-23T00:24:11.822053,1790103251.821273,0.0,0.0,0.0,0.0
2026-09-23T00:24:11.832285,1790103251.8312697,0.0,0.0,0.0,0.0
2026-09-23T00:24:11.841768,1790103251.8412673,0.0,0.0,0.0,0.0
2026-09-23T00:24:11.852488,1790103251.851267,0.0,0.0,0.0,0.0
2026-09-23T00:24:11.861960,1790103251.8612733,0.0,0.0,0.0,0.0
2026-09-23T00:24:11.871805,1790103251.8712633,0.0,0.0,0.0,0.0
2026-09-23T00:24:11.882286,1790103251.881304,0.0,0.0,0.0,0.0
2026-09-23T00:24:11.891743,1790103251.8912706,0.0,0.0,0.0,0.0
2026-09-23T00:24:11.901963,1790103251.9012663,0.0,0.0,0.0,0.0
2026-09-23T00:24:11.911689,1790103251.9112647,0.0,0.0,0.0,0.0
2026-09-23T00:24:11.922035,1790103251.9212737,0.0,0.0,0.0,0.0
2026-09-23T00:24:11.932271,1790103251.9312704,0.0,0.0,0.0,0.0
2026-09-23T00:24:11.941762,1790103251.9412813,0.0,0.0,0.0,0.0
2026-09-23T00:24:11.952051,1790103251.951271,0.0,0.0,0.0,0.0
2026-09-23T00:24:11.962052,1790103251.9613314,0.0,0.0,0.0,0.0
2026-09-23T00:24:11.971786,1790103251.9712663,0.0,0.0,0.0,0.0
2026-09-23T00:24:11.982042,1790103251.981282,0.0,0.0,0.0,0.0
2026-09-23T00:24:11.991716,1790103251.991258,0.0,0.0,0.0,0.0
2026-09-23T00:24:12.002110,1790103252.001271,0.0,0.0,0.0,0.0
2026-09-23T00:24:12.012161,1790103252.0113294,0.0,0.0,0.0,0.0
2026-09-23T00:24:12.021868,1790103252.0212655,0.0,0.0,0.0,0.0
2026-09-23T00:24:12.031837,1790103252.0312715,0.0,0.0,0.0,0.0
2026-09-23T00:24:12.041874,1790103252.0412674,0.0,0.0,0.0,0.0
2026-09-23T00:24:12.052041,1790103252.051271,0.0,0.0,0.0,0.0
2026-09-23T00:24:12.062043,1790103252.061323,0.0,0.0,0.0,0.0
2026-09-23T00:24:12.071768,1790103252.07127,0.0,0.0,0.0,0.0
2026-09-23T00:24:12.084256,1790103252.0835652,0.0,0.0,0.0,0.0
2026-09-23T00:24:12.091815,1790103252.0912652,0.0,0.0,0.0,0.0
2026-09-23T00:24:12.102074,1790103252.10128,0.0,0.0,0.0,0.0
2026-09-23T00:24:12.111884,1790103252.1112866,0.0,0.0,0.0,0.0
2026-09-23T00:24:12.121745,1790103252.1212626,0.0,0.0,0.0,0.0
2026-09-23T00:24:12.131846,1790103252.1312633,0.0,0.0,0.0,0.0
2026-09-23T00:24:12.142016,1790103252.1412947,0.0,0.0,0.0,0.0
2026-09-23T00:24:12.151990,1790103252.151261,0.0,0.0,0.0,0.0
2026-09-23T00:24:12.161967,1790103252.1613142,0.0,0.0,0.0,0.0
2026-09-23T00:24:12.171677,1790103252.1712606,0.0,0.0,0.0,0.0
2026-09-23T00:24:12.181863,1790103252.1812627,0.0,0.0,0.0,0.0
2026-09-23T00:24:12.191739,1790103252.1912613,0.0,0.0,0.0,0.0
2026-09-23T00:24:12.201949,1790103252.2012985,0.0,0.0,0.0,0.0
2026-09-23T00:24:12.211956,1790103252.211261,0.0,0.0,0.0,0.0
2026-09-23T00:24:12.221838,1790103252.2213027,0.0,0.0,0.0,0.0
2026-09-23T00:24:12.231874,1790103252.2312744,0.0,0.0,0.0,0.0
2026-09-23T00:24:12.241821,1790103252.241263,0.0,0.0,0.0,0.0
2026-09-23T00:24:12.251921,1790103252.251275,0.0,0.0,0.0,0.0
2026-09-23T00:24:12.262216,1790103252.2613337,0.0,0.0,0.0,0.0
2026-09-23T00:24:12.271855,1790103252.271283,0.0,0.0,0.0,0.0
2026-09-23T00:24:12.281904,1790103252.2812722,0.0,0.0,0.0,0.0
2026-09-23T00:24:12.291852,1790103252.2912636,0.0,0.0,0.0,0.0
2026-09-23T00:24:12.302251,1790103252.3012965,0.0,0.0,0.0,0.0
2026-09-23T00:24:12.312201,1790103252.3113286,0.0,0.0,0.0,0.0
2026-09-23T00:24:12.321816,1790103252.3212714,0.0,0.0,0.0,0.0
2026-09-23T00:24:12.331847,1790103252.3312683,0.0,0.0,0.0,0.0
2026-09-23T00:24:12.341815,1790103252.3412669,0.0,0.0,0.0,0.0
2026-09-23T00:24:12.351858,1790103252.3512747,0.0,0.0,0.0,0.0
2026-09-23T00:24:12.361929,1790103252.3613214,0.0,0.0,0.0,0.0
2026-09-23T00:24:12.371708,1790103252.371265,0.0,0.0,0.0,0.0
2026-09-23T00:24:12.381899,1790103252.381267,0.0,0.0,0.0,0.0
2026-09-23T00:24:12.391801,1790103252.3912673,0.0,0.0,0.0,0.0
2026-09-23T00:24:12.402307,1790103252.4012668,0.0,0.0,0.0,0.0
2026-09-23T00:24:12.412255,1790103252.4112692,0.0,0.0,0.0,0.0
2026-09-23T00:24:12.421877,1790103252.421267,0.0,0.0,0.0,0.0
2026-09-23T00:24:12.431854,1790103252.4312787,0.0,0.0,0.0,0.0
2026-09-23T00:24:12.441803,1790103252.4412708,0.0,0.0,0.0,0.0
2026-09-23T00:24:12.451996,1790103252.4512634,0.0,0.0,0.0,0.0
2026-09-23T00:24:12.462255,1790103252.461336,0.0,0.0,0.0,0.0
2026-09-23T00:24:12.471874,1790103252.4712708,0.0,0.0,0.0,0.0
2026-09-23T00:24:12.481918,1790103252.48128,0.0,0.0,0.0,0.0
2026-09-23T00:24:12.491835,1790103252.4912634,0.0,0.0,0.0,0.0
2026-09-23T00:24:12.502061,1790103252.5012698,0.0,0.0,0.0,0.0
2026-09-23T00:24:12.512225,1790103252.5112612,0.0,0.0,0.0,0.0
2026-09-23T00:24:12.521899,1790103252.5212796,0.0,0.0,0.0,0.0
2026-09-23T00:24:12.531890,1790103252.5312705,0.0,0.0,0.0,0.0
2026-09-23T00:24:12.541936,1790103252.5412598,0.0,0.0,0.0,0.0
2026-09-23T00:24:12.552089,1790103252.551267,0.0,0.0,0.0,0.0
2026-09-23T00:24:12.562098,1790103252.56131,0.0,0.0,0.0,0.0
2026-09-23T00:24:12.571709,1790103252.5712698,0.0,0.0,0.0,0.0
2026-09-23T00:24:12.582066,1790103252.5812726,0.0,0.0,0.0,0.0
2026-09-23T00:24:12.591801,1790103252.5912642,0.0,0.0,0.0,0.0
2026-09-23T00:24:12.601991,1790103252.6012678,0.0,0.0,0.0,0.0
2026-09-23T00:24:12.612171,1790103252.6112833,0.0,0.0,0.0,0.0
2026-09-23T00:24:12.622063,1790103252.6212773,0.0,0.0,0.0,0.0
2026-09-23T00:24:12.631783,1790103252.6312664,0.0,0.0,0.0,0.0
2026-09-23T00:24:12.641740,1790103252.641267,0.0,0.0,0.0,0.0
2026-09-23T00:24:12.651888,1790103252.651271,0.0,0.0,0.0,0.0
2026-09-23T00:24:12.661807,1790103252.661273,0.0,0.0,0.0,0.0
2026-09-23T00:24:12.671831,1790103252.671272,0.0,0.0,0.0,0.0
2026-09-23T00:24:12.681837,1790103252.6812658,0.0,0.0,0.0,0.0
2026-09-23T00:24:12.691723,1790103252.6912699,0.0,0.0,0.0,0.0
2026-09-23T00:24:12.702365,1790103252.7012613,0.0,0.0,0.0,0.0
2026-09-23T00:24:12.712230,1790103252.7112699,0.0,0.0,0.0,0.0
2026-09-23T00:24:12.721800,1790103252.721262,0.0,0.0,0.0,0.0
2026-09-23T00:24:12.731783,1790103252.731263,0.0,0.0,0.0,0.0
2026-09-23T00:24:12.741828,1790103252.7412648,0.0,0.0,0.0,0.0
2026-09-23T00:24:12.752042,1790103252.7512736,0.0,0.0,0.0,0.0
2026-09-23T00:24:12.762085,1790103252.7613091,0.0,0.0,0.0,0.0
2026-09-23T00:24:12.771754,1790103252.771265,0.0,0.0,0.0,0.0
2026-09-23T00:24:12.781952,1790103252.78128,0.0,0.0,0.0,0.0
2026-09-23T00:24:12.791990,1790103252.7912662,0.0,0.0,0.0,0.0
2026-09-23T00:24:12.801971,1790103252.8012657,0.0,0.0,0.0,0.0
2026-09-23T00:24:12.812269,1790103252.811271,0.0,0.0,0.0,0.0
2026-09-23T00:24:12.821730,1790103252.8212667,0.0,0.0,0.0,0.0
2026-09-23T00:24:12.831774,1790103252.831265,0.0,0.0,0.0,0.0
2026-09-23T00:24:12.842016,1790103252.8412697,0.0,0.0,0.0,0.0
2026-09-23T00:24:12.851975,1790103252.8512778,0.0,0.0,0.0,0.0
2026-09-23T00:24:12.862193,1790103252.861321,0.0,0.0,0.0,0.0
2026-09-23T00:24:12.871911,1790103252.87126,0.0,0.0,0.0,0.0
2026-09-23T00:24:12.881862,1790103252.8812742,0.0,0.0,0.0,0.0
2026-09-23T00:24:12.891814,1790103252.8912644,0.0,0.0,0.0,0.0
2026-09-23T00:24:12.902138,1790103252.9012153,0.0,0.0,0.0,0.0
2026-09-23T00:24:12.912145,1790103252.9113355,0.0,0.0,0.0,0.0
2026-09-23T00:24:12.922011,1790103252.921271,0.0,0.0,0.0,0.0
2026-09-23T00:24:12.931820,1790103252.9312708,0.0,0.0,0.0,0.0
2026-09-23T00:24:12.941978,1790103252.941317,0.0,0.0,0.0,0.0
2026-09-23T00:24:12.951964,1790103252.951277,0.0,0.0,0.0,0.0
2026-09-23T00:24:12.961860,1790103252.9612613,0.0,0.0,0.0,0.0
2026-09-23T00:24:12.971911,1790103252.971276,0.0,0.0,0.0,0.0
2026-09-23T00:24:12.981783,1790103252.981265,0.0,0.0,0.0,0.0
2026-09-23T00:24:12.991834,1790103252.9912686,0.0,0.0,0.0,0.0
2026-09-23T00:24:13.002559,1790103253.001263,0.0,0.0,0.0,0.0
2026-09-23T00:24:13.011884,1790103253.0112655,0.0,0.0,0.0,0.0
2026-09-23T00:24:13.021855,1790103253.0212667,0.0,0.0,0.0,0.0
2026-09-23T00:24:13.031819,1790103253.0312676,0.0,0.0,0.0,0.0
2026-09-23T00:24:13.041803,1790103253.0412633,0.0,0.0,0.0,0.0
2026-09-23T00:24:13.052304,1790103253.05127,0.0,0.0,0.0,0.0
2026-09-23T00:24:13.061800,1790103253.0612643,0.0,0.0,0.0,0.0
2026-09-23T00:24:13.071918,1790103253.0712733,0.0,0.0,0.0,0.0
2026-09-23T00:24:13.081908,1790103253.0812774,0.0,0.0,0.0,0.0
2026-09-23T00:24:13.091813,1790103253.0912745,0.0,0.0,0.0,0.0
2026-09-23T00:24:13.102411,1790103253.101306,0.0,0.0,0.0,0.0
2026-09-23T00:24:13.111818,1790103253.1112595,0.0,0.0,0.0,0.0
2026-09-23T00:24:13.121897,1790103253.1212635,0.0,0.0,0.0,0.0
2026-09-23T00:24:13.131834,1790103253.1312706,0.0,0.0,0.0,0.0
2026-09-23T00:24:13.141918,1790103253.1412666,0.0,0.0,0.0,0.0
2026-09-23T00:24:13.152494,1790103253.1512775,0.0,0.0,0.0,0.0
2026-09-23T00:24:13.161757,1790103253.161262,0.0,0.0,0.0,0.0
2026-09-23T00:24:13.171663,1790103253.171261,0.0,0.0,0.0,0.0
2026-09-23T00:24:13.181882,1790103253.181306,0.0,0.0,0.0,0.0
2026-09-23T00:24:13.191673,1790103253.1912682,0.0,0.0,0.0,0.0
2026-09-23T00:24:13.202078,1790103253.2012937,0.0,0.0,0.0,0.0
2026-09-23T00:24:13.211737,1790103253.2112818,0.0,0.0,0.0,0.0
2026-09-23T00:24:13.221773,1790103253.2212641,0.0,0.0,0.0,0.0
2026-09-23T00:24:13.231950,1790103253.2312853,0.0,0.0,0.0,0.0
2026-09-23T00:24:13.241925,1790103253.2412639,0.0,0.0,0.0,0.0
2026-09-23T00:24:13.251913,1790103253.2513018,0.0,0.0,0.0,0.0
2026-09-23T00:24:13.261957,1790103253.261278,0.0,0.0,0.0,0.0
2026-09-23T00:24:13.271777,1790103253.2712681,0.0,0.0,0.0,0.0
2026-09-23T00:24:13.281857,1790103253.281305,0.0,0.0,0.0,0.0
2026-09-23T00:24:13.291869,1790103253.291268,0.0,0.0,0.0,0.0
2026-09-23T00:24:13.302611,1790103253.3012693,0.0,0.0,0.0,0.0
2026-09-23T00:24:13.311772,1790103253.3112676,0.0,0.0,0.0,0.0
2026-09-23T00:24:13.321816,1790103253.3212628,0.0,0.0,0.0,0.0
2026-09-23T00:24:13.331821,1790103253.331263,0.0,0.0,0.0,0.0
2026-09-23T00:24:13.341839,1790103253.3412986,0.0,0.0,0.0,0.0
2026-09-23T00:24:13.352014,1790103253.3512812,0.0,0.0,0.0,0.0
2026-09-23T00:24:13.361826,1790103253.3612702,0.0,0.0,0.0,0.0
2026-09-23T00:24:13.371723,1790103253.3712647,0.0,0.0,0.0,0.0
2026-09-23T00:24:13.381914,1790103253.3812714,0.0,0.0,0.0,0.0
2026-09-23T00:24:13.391878,1790103253.3912642,0.0,0.0,0.0,0.0
2026-09-23T00:24:13.402283,1790103253.4012618,0.0,0.0,0.0,0.0
2026-09-23T00:24:13.411864,1790103253.4112625,0.0,0.0,0.0,0.0
2026-09-23T00:24:13.422127,1790103253.4212735,0.0,0.0,0.0,0.0
2026-09-23T00:24:13.431835,1790103253.431263,0.0,0.0,0.0,0.0
2026-09-23T00:24:13.441894,1790103253.4412775,0.0,0.0,0.0,0.0
2026-09-23T00:24:13.452009,1790103253.4512627,0.0,0.0,0.0,0.0
2026-09-23T00:24:13.461917,1790103253.4612763,0.0,0.0,0.0,0.0
2026-09-23T00:24:13.471718,1790103253.4712753,0.0,0.0,0.0,0.0
2026-09-23T00:24:13.481833,1790103253.4812615,0.0,0.0,0.0,0.0
2026-09-23T00:24:13.491883,1790103253.491269,0.0,0.0,0.0,0.0
2026-09-23T00:24:13.502542,1790103253.5013118,0.0,0.0,0.0,0.0
2026-09-23T00:24:13.511788,1790103253.5112638,0.0,0.0,0.0,0.0
2026-09-23T00:24:13.521769,1790103253.5212674,0.0,0.0,0.0,0.0
2026-09-23T00:24:13.531809,1790103253.531281,0.0,0.0,0.0,0.0
2026-09-23T00:24:13.541807,1790103253.5412679,0.0,0.0,0.0,0.0
2026-09-23T00:24:13.554435,1790103253.5512705,0.0,0.0,0.0,0.0
2026-09-23T00:24:13.561873,1790103253.5612617,0.0,0.0,0.0,0.0
2026-09-23T00:24:13.571750,1790103253.571265,0.0,0.0,0.0,0.0
2026-09-23T00:24:13.581912,1790103253.5812743,0.0,0.0,0.0,0.0
2026-09-23T00:24:13.591759,1790103253.5912607,0.0,0.0,0.0,0.0
2026-09-23T00:24:13.602095,1790103253.6013136,0.0,0.0,0.0,0.0
2026-09-23T00:24:13.611708,1790103253.611258,0.0,0.0,0.0,0.0
2026-09-23T00:24:13.621811,1790103253.6212645,0.0,0.0,0.0,0.0
2026-09-23T00:24:13.631791,1790103253.6312735,0.0,0.0,0.0,0.0
2026-09-23T00:24:13.641914,1790103253.6412604,0.0,0.0,0.0,0.0
2026-09-23T00:24:13.651905,1790103253.6512659,0.0,0.0,0.0,0.0
2026-09-23T00:24:13.661877,1790103253.66127,0.0,0.0,0.0,0.0
2026-09-23T00:24:13.671786,1790103253.6712658,0.0,0.0,0.0,0.0
2026-09-23T00:24:13.681770,1790103253.681264,0.0,0.0,0.0,0.0
2026-09-23T00:24:13.691675,1790103253.6913033,0.0,0.0,0.0,0.0
2026-09-23T00:24:13.702242,1790103253.7012732,0.0,0.0,0.0,0.0
2026-09-23T00:24:13.711817,1790103253.711268,0.0,0.0,0.0,0.0
2026-09-23T00:24:13.721801,1790103253.7212594,0.0,0.0,0.0,0.0
2026-09-23T00:24:13.731892,1790103253.7312653,0.0,0.0,0.0,0.0
2026-09-23T00:24:13.742044,1790103253.7412648,0.0,0.0,0.0,0.0
2026-09-23T00:24:13.751839,1790103253.7512615,0.0,0.0,0.0,0.0
2026-09-23T00:24:13.761804,1790103253.7612832,0.0,0.0,0.0,0.0
2026-09-23T00:24:13.771820,1790103253.7712657,0.0,0.0,0.0,0.0
2026-09-23T00:24:13.781844,1790103253.7812686,0.0,0.0,0.0,0.0
2026-09-23T00:24:13.791795,1790103253.7912683,0.0,0.0,0.0,0.0
2026-09-23T00:24:13.802143,1790103253.801263,0.0,0.0,0.0,0.0
2026-09-23T00:24:13.811828,1790103253.8112712,0.0,0.0,0.0,0.0
2026-09-23T00:24:13.821847,1790103253.8212724,0.0,0.0,0.0,0.0
2026-09-23T00:24:13.831810,1790103253.8312685,0.0,0.0,0.0,0.0
2026-09-23T00:24:13.841861,1790103253.8412802,0.0,0.0,0.0,0.0
2026-09-23T00:24:13.852313,1790103253.8512669,0.0,0.0,0.0,0.0
2026-09-23T00:24:13.861743,1790103253.8612618,0.0,0.0,0.0,0.0
2026-09-23T00:24:13.871854,1790103253.8712797,0.0,0.0,0.0,0.0
2026-09-23T00:24:13.881809,1790103253.881274,0.0,0.0,0.0,0.0
2026-09-23T00:24:13.891689,1790103253.8912652,0.0,0.0,0.0,0.0
2026-09-23T00:24:13.902445,1790103253.9012928,0.0,0.0,0.0,0.0
2026-09-23T00:24:13.911901,1790103253.911275,0.0,0.0,0.0,0.0
2026-09-23T00:24:13.921792,1790103253.9212637,0.0,0.0,0.0,0.0
2026-09-23T00:24:13.931842,1790103253.9312649,0.0,0.0,0.0,0.0
2026-09-23T00:24:13.941828,1790103253.9412813,0.0,0.0,0.0,0.0
2026-09-23T00:24:13.951859,1790103253.9512699,0.0,0.0,0.0,0.0
2026-09-23T00:24:13.961851,1790103253.9612591,0.0,0.0,0.0,0.0
2026-09-23T00:24:13.971839,1790103253.9712756,0.0,0.0,0.0,0.0
2026-09-23T00:24:13.981819,1790103253.9812632,0.0,0.0,0.0,0.0
2026-09-23T00:24:13.991687,1790103253.9912643,0.0,0.0,0.0,0.0
2026-09-23T00:24:14.001930,1790103254.0012567,0.0,0.0,0.0,0.0
2026-09-23T00:24:14.011706,1790103254.011268,0.0,0.0,0.0,0.0
2026-09-23T00:24:14.021913,1790103254.0212986,0.0,0.0,0.0,0.0
2026-09-23T00:24:14.031991,1790103254.0312748,0.0,0.0,0.0,0.0
2026-09-23T00:24:14.041993,1790103254.0412679,0.0,0.0,0.0,0.0
2026-09-23T00:24:14.052212,1790103254.0512807,0.0,0.0,0.0,0.0
2026-09-23T00:24:14.062067,1790103254.0612833,0.0,0.0,0.0,0.0
2026-09-23T00:24:14.071950,1790103254.0712733,0.0,0.0,0.0,0.0
2026-09-23T00:24:14.081810,1790103254.0812638,0.0,0.0,0.0,0.0
2026-09-23T00:24:14.091756,1790103254.0912642,0.0,0.0,0.0,0.0
2026-09-23T00:24:14.101973,1790103254.1012712,0.0,0.0,0.0,0.0
2026-09-23T00:24:14.111794,1790103254.1112757,0.0,0.0,0.0,0.0
2026-09-23T00:24:14.121967,1790103254.1212626,0.0,0.0,0.0,0.0
2026-09-23T00:24:14.131802,1790103254.131262,0.0,0.0,0.0,0.0
2026-09-23T00:24:14.141822,1790103254.1412656,0.0,0.0,0.0,0.0
2026-09-23T00:24:14.152076,1790103254.151301,0.0,0.0,0.0,0.0
2026-09-23T00:24:14.161794,1790103254.1612632,0.0,0.0,0.0,0.0
2026-09-23T00:24:14.171780,1790103254.171309,0.0,0.0,0.0,0.0
2026-09-23T00:24:14.181769,1790103254.181261,0.0,0.0,0.0,0.0
2026-09-23T00:24:14.191732,1790103254.1912735,0.0,0.0,0.0,0.0
2026-09-23T00:24:14.201997,1790103254.2012672,0.0,0.0,0.0,0.0
2026-09-23T00:24:14.211724,1790103254.211268,0.0,0.0,0.0,0.0
2026-09-23T00:24:14.222034,1790103254.221293,0.0,0.0,0.0,0.0
2026-09-23T00:24:14.231860,1790103254.231275,0.0,0.0,0.0,0.0
2026-09-23T00:24:14.241768,1790103254.2412632,0.0,0.0,0.0,0.0
2026-09-23T00:24:14.251764,1790103254.2512724,0.0,0.0,0.0,0.0
2026-09-23T00:24:14.261927,1790103254.26129,0.0,0.0,0.0,0.0
2026-09-23T00:24:14.271731,1790103254.2712686,0.0,0.0,0.0,0.0
2026-09-23T00:24:14.281862,1790103254.2812767,0.0,0.0,0.0,0.0
2026-09-23T00:24:14.291745,1790103254.2912664,0.0,0.0,0.0,0.0
2026-09-23T00:24:14.302558,1790103254.301292,0.0,0.0,0.0,0.0
2026-09-23T00:24:14.311782,1790103254.31126,0.0,0.0,0.0,0.0
2026-09-23T00:24:14.321886,1790103254.3212597,0.0,0.0,0.0,0.0
2026-09-23T00:24:14.331843,1790103254.331279,0.0,0.0,0.0,0.0
2026-09-23T00:24:14.341815,1790103254.3412714,0.0,0.0,0.0,0.0
2026-09-23T00:24:14.351981,1790103254.3512526,0.0,0.0,0.0,0.0
2026-09-23T00:24:14.361941,1790103254.3612778,0.0,0.0,0.0,0.0
2026-09-23T00:24:14.371815,1790103254.371284,0.0,0.0,0.0,0.0
2026-09-23T00:24:14.382090,1790103254.3812892,0.0,0.0,0.0,0.0
2026-09-23T00:24:14.391772,1790103254.3912623,0.0,0.0,0.0,0.0
2026-09-23T00:24:14.402435,1790103254.4012666,0.0,0.0,0.0,0.0
2026-09-23T00:24:14.411988,1790103254.41127,0.0,0.0,0.0,0.0
2026-09-23T00:24:14.421793,1790103254.4212658,0.0,0.0,0.0,0.0
2026-09-23T00:24:14.431832,1790103254.431264,0.0,0.0,0.0,0.0
2026-09-23T00:24:14.441823,1790103254.4412606,0.0,0.0,0.0,0.0
2026-09-23T00:24:14.452101,1790103254.4512725,0.0,0.0,0.0,0.0
2026-09-23T00:24:14.461857,1790103254.4613047,0.0,0.0,0.0,0.0
2026-09-23T00:24:14.471791,1790103254.4712763,0.0,0.0,0.0,0.0
2026-09-23T00:24:14.481805,1790103254.481268,0.0,0.0,0.0,0.0
2026-09-23T00:24:14.491821,1790103254.4912593,0.0,0.0,0.0,0.0
2026-09-23T00:24:14.502054,1790103254.5012677,0.0,0.0,0.0,0.0
2026-09-23T00:24:14.511734,1790103254.5112672,0.0,0.0,0.0,0.0
2026-09-23T00:24:14.521820,1790103254.5212755,0.0,0.0,0.0,0.0
2026-09-23T00:24:14.531802,1790103254.5312722,0.0,0.0,0.0,0.0
2026-09-23T00:24:14.541968,1790103254.5412624,0.0,0.0,0.0,0.0
2026-09-23T00:24:14.551881,1790103254.5512671,0.0,0.0,0.0,0.0
2026-09-23T00:24:14.561874,1790103254.5612998,0.0,0.0,0.0,0.0
2026-09-23T00:24:14.571800,1790103254.571262,0.0,0.0,0.0,0.0
2026-09-23T00:24:14.581814,1790103254.5812776,0.0,0.0,0.0,0.0
2026-09-23T00:24:14.591762,1790103254.5912788,0.0,0.0,0.0,0.0
2026-09-23T00:24:14.601998,1790103254.6012893,0.0,0.0,0.0,0.0
2026-09-23T00:24:14.611684,1790103254.6112776,0.0,0.0,0.0,0.0
2026-09-23T00:24:14.621832,1790103254.6212783,0.0,0.0,0.0,0.0
2026-09-23T00:24:14.631805,1790103254.631276,0.0,0.0,0.0,0.0
2026-09-23T00:24:14.641826,1790103254.6412835,0.0,0.0,0.0,0.0
2026-09-23T00:24:14.651909,1790103254.6512868,0.0,0.0,0.0,0.0
2026-09-23T00:24:14.661857,1790103254.661277,0.0,0.0,0.0,0.0
2026-09-23T00:24:14.671818,1790103254.6712725,0.0,0.0,0.0,0.0
2026-09-23T00:24:14.681863,1790103254.681279,0.0,0.0,0.0,0.0
2026-09-23T00:24:14.691715,1790103254.6912804,0.0,0.0,0.0,0.0
2026-09-23T00:24:14.702163,1790103254.7012856,0.0,0.0,0.0,0.0
2026-09-23T00:24:14.711703,1790103254.711262,0.0,0.0,0.0,0.0
2026-09-23T00:24:14.721915,1790103254.7212832,0.0,0.0,0.0,0.0
2026-09-23T00:24:14.731847,1790103254.731267,0.0,0.0,0.0,0.0
2026-09-23T00:24:14.741836,1790103254.7412732,0.0,0.0,0.0,0.0
2026-09-23T00:24:14.751990,1790103254.7512681,0.0,0.0,0.0,0.0
2026-09-23T00:24:14.761933,1790103254.7612667,0.0,0.0,0.0,0.0
2026-09-23T00:24:14.771753,1790103254.77127,0.0,0.0,0.0,0.0
2026-09-23T00:24:14.781812,1790103254.7812705,0.0,0.0,0.0,0.0
2026-09-23T00:24:14.791759,1790103254.7912781,0.0,0.0,0.0,0.0
2026-09-23T00:24:14.801989,1790103254.8012774,0.0,0.0,0.0,0.0
2026-09-23T00:24:14.811747,1790103254.8112867,0.0,0.0,0.0,0.0
2026-09-23T00:24:14.821814,1790103254.8212829,0.0,0.0,0.0,0.0
2026-09-23T00:24:14.831864,1790103254.8312836,0.0,0.0,0.0,0.0
2026-09-23T00:24:14.841822,1790103254.8412771,0.0,0.0,0.0,0.0
2026-09-23T00:24:14.852416,1790103254.8512738,0.0,0.0,0.0,0.0
2026-09-23T00:24:14.861944,1790103254.8612766,0.0,0.0,0.0,0.0
2026-09-23T00:24:14.871791,1790103254.871266,0.0,0.0,0.0,0.0
2026-09-23T00:24:14.881801,1790103254.8812778,0.0,0.0,0.0,0.0
2026-09-23T00:24:14.891859,1790103254.8912785,0.0,0.0,0.0,0.0
2026-09-23T00:24:14.902136,1790103254.9012809,0.0,0.0,0.0,0.0
2026-09-23T00:24:14.911698,1790103254.91128,0.0,0.0,0.0,0.0
2026-09-23T00:24:14.921912,1790103254.9212713,0.0,0.0,0.0,0.0
2026-09-23T00:24:14.931754,1790103254.931273,0.0,0.0,0.0,0.0
2026-09-23T00:24:14.941860,1790103254.9412787,0.0,0.0,0.0,0.0
2026-09-23T00:24:14.951822,1790103254.9512782,0.0,0.0,0.0,0.0
2026-09-23T00:24:14.961836,1790103254.9612753,0.0,0.0,0.0,0.0
2026-09-23T00:24:14.971732,1790103254.971279,0.0,0.0,0.0,0.0
2026-09-23T00:24:14.981829,1790103254.9813068,0.0,0.0,0.0,0.0
2026-09-23T00:24:14.992295,1790103254.9913027,0.0,0.0,0.0,0.0
2026-09-23T00:24:15.002383,1790103255.0012794,0.0,0.0,0.0,0.0
2026-09-23T00:24:15.011658,1790103255.0112743,0.0,0.0,0.0,0.0
2026-09-23T00:24:15.022206,1790103255.021299,0.0,0.0,0.0,0.0
2026-09-23T00:24:15.031807,1790103255.0313184,0.0,0.0,0.0,0.0
2026-09-23T00:24:15.042193,1790103255.0412865,0.0,0.0,0.0,0.0
2026-09-23T00:24:15.051988,1790103255.0512872,0.0,0.0,0.0,0.0
2026-09-23T00:24:15.061777,1790103255.0612621,0.0,0.0,0.0,0.0
2026-09-23T00:24:15.071790,1790103255.071275,0.0,0.0,0.0,0.0
2026-09-23T00:24:15.081900,1790103255.081321,0.0,0.0,0.0,0.0
2026-09-23T00:24:15.092031,1790103255.091264,0.0,0.0,0.0,0.0
2026-09-23T00:24:15.101966,1790103255.1012638,0.0,0.0,0.0,0.0
2026-09-23T00:24:15.111731,1790103255.1112604,0.0,0.0,0.0,0.0
2026-09-23T00:24:15.121790,1790103255.1212642,0.0,0.0,0.0,0.0
2026-09-23T00:24:15.131862,1790103255.13134,0.0,0.0,0.0,0.0
2026-09-23T00:24:15.142309,1790103255.141326,0.0,0.0,0.0,0.0
2026-09-23T00:24:15.151893,1790103255.1512692,0.0,0.0,0.0,0.0
2026-09-23T00:24:15.161777,1790103255.1612613,0.0,0.0,0.0,0.0
2026-09-23T00:24:15.171714,1790103255.1712623,0.0,0.0,0.0,0.0
2026-09-23T00:24:15.182513,1790103255.1813586,0.0,0.0,0.0,0.0
2026-09-23T00:24:15.192178,1790103255.191281,0.0,0.0,0.0,0.0
2026-09-23T00:24:15.201985,1790103255.2012815,0.0,0.0,0.0,0.0
2026-09-23T00:24:15.211832,1790103255.2112863,0.0,0.0,0.0,0.0
2026-09-23T00:24:15.221912,1790103255.2212853,0.0,0.0,0.0,0.0
2026-09-23T00:24:15.231934,1790103255.231371,0.0,0.0,0.0,0.0
2026-09-23T00:24:15.242072,1790103255.2412817,0.0,0.0,0.0,0.0
2026-09-23T00:24:15.251795,1790103255.2512705,0.0,0.0,0.0,0.0
2026-09-23T00:24:15.261787,1790103255.2612686,0.0,0.0,0.0,0.0
2026-09-23T00:24:15.271719,1790103255.271277,0.0,0.0,0.0,0.0
2026-09-23T00:24:15.281981,1790103255.2813683,0.0,0.0,0.0,0.0
2026-09-23T00:24:15.292409,1790103255.2912815,0.0,0.0,0.0,0.0
2026-09-23T00:24:15.302459,1790103255.3012762,0.0,0.0,0.0,0.0
2026-09-23T00:24:15.311698,1790103255.3112793,0.0,0.0,0.0,0.0
2026-09-23T00:24:15.321931,1790103255.3212798,0.0,0.0,0.0,0.0
2026-09-23T00:24:15.331867,1790103255.3313658,0.0,0.0,0.0,0.0
2026-09-23T00:24:15.342389,1790103255.3412826,0.0,0.0,0.0,0.0
2026-09-23T00:24:15.352094,1790103255.3512695,0.0,0.0,0.0,0.0
2026-09-23T00:24:15.361763,1790103255.361258,0.0,0.0,0.0,0.0
2026-09-23T00:24:15.371755,1790103255.3712664,0.0,0.0,0.0,0.0
2026-09-23T00:24:15.381860,1790103255.3812573,0.0,0.0,0.0,0.0
2026-09-23T00:24:15.391883,1790103255.391272,0.0,0.0,0.0,0.0
2026-09-23T00:24:15.402166,1790103255.401275,0.0,0.0,0.0,0.0
2026-09-23T00:24:15.412017,1790103255.4113295,0.0,0.0,0.0,0.0
2026-09-23T00:24:15.422045,1790103255.421279,0.0,0.0,0.0,0.0
2026-09-23T00:24:15.431903,1790103255.4312618,0.0,0.0,0.0,0.0
2026-09-23T00:24:15.443219,1790103255.44183,0.0,0.0,0.0,0.0
2026-09-23T00:24:15.452217,1790103255.4512718,0.0,0.0,0.0,0.0
2026-09-23T00:24:15.461834,1790103255.4612672,0.0,0.0,0.0,0.0
2026-09-23T00:24:15.471865,1790103255.471263,0.0,0.0,0.0,0.0
2026-09-23T00:24:15.481882,1790103255.4812617,0.0,0.0,0.0,0.0
2026-09-23T00:24:15.491987,1790103255.4912596,0.0,0.0,0.0,0.0
2026-09-23T00:24:15.502666,1790103255.5012875,0.0,0.0,0.0,0.0
2026-09-23T00:24:15.512181,1790103255.5112798,0.0,0.0,0.0,0.0
2026-09-23T00:24:15.521815,1790103255.5212631,0.0,0.0,0.0,0.0
2026-09-23T00:24:15.531924,1790103255.5312657,0.0,0.0,0.0,0.0
2026-09-23T00:24:15.542361,1790103255.5412772,0.0,0.0,0.0,0.0
2026-09-23T00:24:15.552029,1790103255.551264,0.0,0.0,0.0,0.0
2026-09-23T00:24:15.561805,1790103255.561265,0.0,0.0,0.0,0.0
2026-09-23T00:24:15.571823,1790103255.5712652,0.0,0.0,0.0,0.0
2026-09-23T00:24:15.581906,1790103255.581264,0.0,0.0,0.0,0.0
2026-09-23T00:24:15.592233,1790103255.5913062,0.0,0.0,0.0,0.0
2026-09-23T00:24:15.601982,1790103255.601274,0.0,0.0,0.0,0.0
2026-09-23T00:24:15.611879,1790103255.6112761,0.0,0.0,0.0,0.0
2026-09-23T00:24:15.621883,1790103255.6212819,0.0,0.0,0.0,0.0
2026-09-23T00:24:15.631969,1790103255.6312864,0.0,0.0,0.0,0.0
2026-09-23T00:24:15.642287,1790103255.6412826,0.0,0.0,0.0,0.0
2026-09-23T00:24:15.651861,1790103255.6512806,0.0,0.0,0.0,0.0
2026-09-23T00:24:15.662075,1790103255.6613154,0.0,0.0,0.0,0.0
2026-09-23T00:24:15.672038,1790103255.6712933,0.0,0.0,0.0,0.0
2026-09-23T00:24:15.681900,1790103255.6812708,0.0,0.0,0.0,0.0
2026-09-23T00:24:15.692551,1790103255.6912642,0.0,0.0,0.0,0.0
2026-09-23T00:24:15.702093,1790103255.7012615,0.0,0.0,0.0,0.0
2026-09-23T00:24:15.711764,1790103255.7112737,0.0,0.0,0.0,0.0
2026-09-23T00:24:15.721831,1790103255.721263,0.0,0.0,0.0,0.0
2026-09-23T00:24:15.731967,1790103255.731268,0.0,0.0,0.0,0.0
2026-09-23T00:24:15.742464,1790103255.7413008,0.0,0.0,0.0,0.0
2026-09-23T00:24:15.751848,1790103255.7512681,0.0,0.0,0.0,0.0
2026-09-23T00:24:15.761893,1790103255.761273,0.0,0.0,0.0,0.0
2026-09-23T00:24:15.773404,1790103255.7725835,0.0,0.0,0.0,0.0
2026-09-23T00:24:15.782268,1790103255.7812877,0.0,0.0,0.0,0.0
2026-09-23T00:24:15.796555,1790103255.7912776,0.0,0.0,0.0,0.0
2026-09-23T00:24:15.805063,1790103255.8035645,0.0,0.0,0.0,0.0
2026-09-23T00:24:15.814981,1790103255.8113,0.0,0.0,0.0,0.0
2026-09-23T00:24:15.822115,1790103255.821296,0.0,0.0,0.0,0.0
2026-09-23T00:24:15.833161,1790103255.8314004,0.0,0.0,0.0,0.0
2026-09-23T00:24:15.841836,1790103255.8412669,0.0,0.0,0.0,0.0
2026-09-23T00:24:15.852031,1790103255.8512666,0.0,0.0,0.0,0.0
2026-09-23T00:24:15.861894,1790103255.8612623,0.0,0.0,0.0,0.0
2026-09-23T00:24:15.871725,1790103255.8712723,0.0,0.0,0.0,0.0
2026-09-23T00:24:15.881997,1790103255.8812747,0.0,0.0,0.0,0.0
2026-09-23T00:24:15.891876,1790103255.8912654,0.0,0.0,0.0,0.0
2026-09-23T00:24:15.902125,1790103255.901265,0.0,0.0,0.0,0.0
2026-09-23T00:24:15.911702,1790103255.9112628,0.0,0.0,0.0,0.0
2026-09-23T00:24:15.921798,1790103255.9212615,0.0,0.0,0.0,0.0
2026-09-23T00:24:15.931899,1790103255.9312685,0.0,0.0,0.0,0.0
2026-09-23T00:24:15.941993,1790103255.941276,0.0,0.0,0.0,0.0
2026-09-23T00:24:15.951956,1790103255.9512634,0.0,0.0,0.0,0.0
2026-09-23T00:24:15.961792,1790103255.961267,0.0,0.0,0.0,0.0
2026-09-23T00:24:15.971823,1790103255.9712687,0.0,0.0,0.0,0.0
2026-09-23T00:24:15.982339,1790103255.9812944,0.0,0.0,0.0,0.0
2026-09-23T00:24:15.991864,1790103255.9912689,0.0,0.0,0.0,0.0
2026-09-23T00:24:16.002078,1790103256.0012743,0.0,0.0,0.0,0.0
2026-09-23T00:24:16.011746,1790103256.0112674,0.0,0.0,0.0,0.0
2026-09-23T00:24:16.021803,1790103256.0212617,0.0,0.0,0.0,0.0
2026-09-23T00:24:16.031884,1790103256.0312643,0.0,0.0,0.0,0.0
2026-09-23T00:24:16.041976,1790103256.0412624,0.0,0.0,0.0,0.0
2026-09-23T00:24:16.051821,1790103256.0512595,0.0,0.0,0.0,0.0
2026-09-23T00:24:16.061803,1790103256.061263,0.0,0.0,0.0,0.0
2026-09-23T00:24:16.071708,1790103256.0712624,0.0,0.0,0.0,0.0
2026-09-23T00:24:16.081938,1790103256.0812693,0.0,0.0,0.0,0.0
2026-09-23T00:24:16.091842,1790103256.0912707,0.0,0.0,0.0,0.0
2026-09-23T00:24:16.102009,1790103256.101273,0.0,0.0,0.0,0.0
2026-09-23T00:24:16.111900,1790103256.1112735,0.0,0.0,0.0,0.0
2026-09-23T00:24:16.121754,1790103256.1212695,0.0,0.0,0.0,0.0
2026-09-23T00:24:16.131875,1790103256.131268,0.0,0.0,0.0,0.0
2026-09-23T00:24:16.142014,1790103256.141292,0.0,0.0,0.0,0.0
2026-09-23T00:24:16.151926,1790103256.1512673,0.0,0.0,0.0,0.0
2026-09-23T00:24:16.161782,1790103256.1612716,0.0,0.0,0.0,0.0
2026-09-23T00:24:16.171796,1790103256.1712646,0.0,0.0,0.0,0.0
2026-09-23T00:24:16.181946,1790103256.1812644,0.0,0.0,0.0,0.0
2026-09-23T00:24:16.191943,1790103256.1912708,0.0,0.0,0.0,0.0
2026-09-23T00:24:16.202412,1790103256.201275,0.0,0.0,0.0,0.0
2026-09-23T00:24:16.212205,1790103256.2115407,0.0,0.0,0.0,0.0
2026-09-23T00:24:16.221892,1790103256.2212706,0.0,0.0,0.0,0.0
2026-09-23T00:24:16.232013,1790103256.2312717,0.0,0.0,0.0,0.0
2026-09-23T00:24:16.241992,1790103256.2412648,0.0,0.0,0.0,0.0
2026-09-23T00:24:16.252049,1790103256.2512784,0.0,0.0,0.0,0.0
2026-09-23T00:24:16.261828,1790103256.2612634,0.0,0.0,0.0,0.0
2026-09-23T00:24:16.271830,1790103256.2712653,0.0,0.0,0.0,0.0
2026-09-23T00:24:16.281965,1790103256.281263,0.0,0.0,0.0,0.0
2026-09-23T00:24:16.291991,1790103256.2912686,0.0,0.0,0.0,0.0
2026-09-23T00:24:16.302257,1790103256.3012981,0.0,0.0,0.0,0.0
2026-09-23T00:24:16.311836,1790103256.3112783,0.0,0.0,0.0,0.0
2026-09-23T00:24:16.321835,1790103256.3212867,0.0,0.0,0.0,0.0
2026-09-23T00:24:16.332003,1790103256.331268,0.0,0.0,0.0,0.0
2026-09-23T00:24:16.341926,1790103256.3412921,0.0,0.0,0.0,0.0
2026-09-23T00:24:16.351916,1790103256.3512626,0.0,0.0,0.0,0.0
2026-09-23T00:24:16.361838,1790103256.3612685,0.0,0.0,0.0,0.0
2026-09-23T00:24:16.371756,1790103256.371261,0.0,0.0,0.0,0.0
2026-09-23T00:24:16.382020,1790103256.3812714,0.0,0.0,0.0,0.0
2026-09-23T00:24:16.391873,1790103256.3912609,0.0,0.0,0.0,0.0
2026-09-23T00:24:16.402048,1790103256.401275,0.0,0.0,0.0,0.0
2026-09-23T00:24:16.411750,1790103256.4112723,0.0,0.0,0.0,0.0
2026-09-23T00:24:16.422062,1790103256.4213033,0.0,0.0,0.0,0.0
2026-09-23T00:24:16.431882,1790103256.4312675,0.0,0.0,0.0,0.0
2026-09-23T00:24:16.441860,1790103256.441266,0.0,0.0,0.0,0.0
2026-09-23T00:24:16.451936,1790103256.4512892,0.0,0.0,0.0,0.0
2026-09-23T00:24:16.461949,1790103256.4612806,0.0,0.0,0.0,0.0
2026-09-23T00:24:16.471822,1790103256.471271,0.0,0.0,0.0,0.0
2026-09-23T00:24:16.482045,1790103256.4812706,0.0,0.0,0.0,0.0
2026-09-23T00:24:16.491928,1790103256.4912672,0.0,0.0,0.0,0.0
2026-09-23T00:24:16.502073,1790103256.5012739,0.0,0.0,0.0,0.0
2026-09-23T00:24:16.511691,1790103256.511265,0.0,0.0,0.0,0.0
2026-09-23T00:24:16.521783,1790103256.5212646,0.0,0.0,0.0,0.0
2026-09-23T00:24:16.532008,1790103256.5312638,0.0,0.0,0.0,0.0
2026-09-23T00:24:16.541978,1790103256.5412936,0.0,0.0,0.0,0.0
2026-09-23T00:24:16.551891,1790103256.5512633,0.0,0.0,0.0,0.0
2026-09-23T00:24:16.561807,1790103256.5612638,0.0,0.0,0.0,0.0
2026-09-23T00:24:16.571718,1790103256.5712645,0.0,0.0,0.0,0.0
2026-09-23T00:24:16.581948,1790103256.5812652,0.0,0.0,0.0,0.0
2026-09-23T00:24:16.592015,1790103256.5912755,0.0,0.0,0.0,0.0
2026-09-23T00:24:16.602425,1790103256.6012602,0.0,0.0,0.0,0.0
2026-09-23T00:24:16.611696,1790103256.6112652,0.0,0.0,0.0,0.0
2026-09-23T00:24:16.622005,1790103256.621287,0.0,0.0,0.0,0.0
2026-09-23T00:24:16.631754,1790103256.6312652,0.0,0.0,0.0,0.0
2026-09-23T00:24:16.641899,1790103256.641309,0.0,0.0,0.0,0.0
2026-09-23T00:24:16.651935,1790103256.6512697,0.0,0.0,0.0,0.0
2026-09-23T00:24:16.661795,1790103256.6612644,0.0,0.0,0.0,0.0
2026-09-23T00:24:16.671691,1790103256.6712658,0.0,0.0,0.0,0.0
2026-09-23T00:24:16.681985,1790103256.6812794,0.0,0.0,0.0,0.0
2026-09-23T00:24:16.691826,1790103256.6912684,0.0,0.0,0.0,0.0
2026-09-23T00:24:16.702000,1790103256.7012622,0.0,0.0,0.0,0.0
2026-09-23T00:24:16.711826,1790103256.7112718,0.0,0.0,0.0,0.0
2026-09-23T00:24:16.721847,1790103256.7212653,0.0,0.0,0.0,0.0
2026-09-23T00:24:16.732003,1790103256.7312639,0.0,0.0,0.0,0.0
2026-09-23T00:24:16.741844,1790103256.7412672,0.0,0.0,0.0,0.0
2026-09-23T00:24:16.751854,1790103256.7512639,0.0,0.0,0.0,0.0
2026-09-23T00:24:16.761789,1790103256.7612643,0.0,0.0,0.0,0.0
2026-09-23T00:24:16.771981,1790103256.7712674,0.0,0.0,0.0,0.0
2026-09-23T00:24:16.782147,1790103256.781281,0.0,0.0,0.0,0.0
2026-09-23T00:24:16.791804,1790103256.7912712,0.0,0.0,0.0,0.0
2026-09-23T00:24:16.802067,1790103256.8012633,0.0,0.0,0.0,0.0
2026-09-23T00:24:16.811730,1790103256.8112612,0.0,0.0,0.0,0.0
2026-09-23T00:24:16.821909,1790103256.8212636,0.0,0.0,0.0,0.0
2026-09-23T00:24:16.832110,1790103256.8312607,0.0,0.0,0.0,0.0
2026-09-23T00:24:16.841800,1790103256.8412657,0.0,0.0,0.0,0.0
2026-09-23T00:24:16.851754,1790103256.8512802,0.0,0.0,0.0,0.0
2026-09-23T00:24:16.861742,1790103256.8612583,0.0,0.0,0.0,0.0
2026-09-23T00:24:16.871778,1790103256.871267,0.0,0.0,0.0,0.0
2026-09-23T00:24:16.881802,1790103256.881259,0.0,0.0,0.0,0.0
2026-09-23T00:24:16.891918,1790103256.8912654,0.0,0.0,0.0,0.0
2026-09-23T00:24:16.901980,1790103256.901267,0.0,0.0,0.0,0.0
2026-09-23T00:24:16.911879,1790103256.9112713,0.0,0.0,0.0,0.0
2026-09-23T00:24:16.921795,1790103256.9212666,0.0,0.0,0.0,0.0
2026-09-23T00:24:16.931705,1790103256.9312596,0.0,0.0,0.0,0.0
2026-09-23T00:24:16.942069,1790103256.9412754,0.0,0.0,0.0,0.0
2026-09-23T00:24:16.951845,1790103256.9512599,0.0,0.0,0.0,0.0
2026-09-23T00:24:16.961818,1790103256.9612734,0.0,0.0,0.0,0.0
2026-09-23T00:24:16.971839,1790103256.9712663,0.0,0.0,0.0,0.0
2026-09-23T00:24:16.982121,1790103256.9812634,0.0,0.0,0.0,0.0
2026-09-23T00:24:16.991668,1790103256.991266,0.0,0.0,0.0,0.0
2026-09-23T00:24:17.002344,1790103257.0012653,0.0,0.0,0.0,0.0
2026-09-23T00:24:17.011753,1790103257.0112703,0.0,0.0,0.0,0.0
2026-09-23T00:24:17.021796,1790103257.021267,0.0,0.0,0.0,0.0
2026-09-23T00:24:17.031818,1790103257.031278,0.0,0.0,0.0,0.0
2026-09-23T00:24:17.041783,1790103257.0412629,0.0,0.0,0.0,0.0
2026-09-23T00:24:17.051943,1790103257.0512621,0.0,0.0,0.0,0.0
2026-09-23T00:24:17.061842,1790103257.0612762,0.0,0.0,0.0,0.0
2026-09-23T00:24:17.071798,1790103257.071274,0.0,0.0,0.0,0.0
2026-09-23T00:24:17.081811,1790103257.08126,0.0,0.0,0.0,0.0
2026-09-23T00:24:17.091780,1790103257.091261,0.0,0.0,0.0,0.0
2026-09-23T00:24:17.102693,1790103257.1012702,0.0,0.0,0.0,0.0
2026-09-23T00:24:17.111841,1790103257.111274,0.0,0.0,0.0,0.0
2026-09-23T00:24:17.121857,1790103257.1212685,0.0,0.0,0.0,0.0
2026-09-23T00:24:17.131887,1790103257.1312795,0.0,0.0,0.0,0.0
2026-09-23T00:24:17.141785,1790103257.1412642,0.0,0.0,0.0,0.0
2026-09-23T00:24:17.151864,1790103257.1512861,0.0,0.0,0.0,0.0
2026-09-23T00:24:17.161828,1790103257.1612794,0.0,0.0,0.0,0.0
2026-09-23T00:24:17.171798,1790103257.171274,0.0,0.0,0.0,0.0
2026-09-23T00:24:17.181899,1790103257.1812506,0.0,0.0,0.0,0.0
2026-09-23T00:24:17.191852,1790103257.1912847,0.0,0.0,0.0,0.0
2026-09-23T00:24:17.202066,1790103257.2012885,0.0,0.0,0.0,0.0
2026-09-23T00:24:17.211940,1790103257.2112823,0.0,0.0,0.0,0.0
2026-09-23T00:24:17.221841,1790103257.221276,0.0,0.0,0.0,0.0
2026-09-23T00:24:17.231892,1790103257.231278,0.0,0.0,0.0,0.0
2026-09-23T00:24:17.241780,1790103257.241273,0.0,0.0,0.0,0.0
2026-09-23T00:24:17.251825,1790103257.2512739,0.0,0.0,0.0,0.0
2026-09-23T00:24:17.261944,1790103257.2612643,0.0,0.0,0.0,0.0
2026-09-23T00:24:17.271767,1790103257.2712622,0.0,0.0,0.0,0.0
2026-09-23T00:24:17.281841,1790103257.2812665,0.0,0.0,0.0,0.0
2026-09-23T00:24:17.291732,1790103257.2912598,0.0,0.0,0.0,0.0
2026-09-23T00:24:17.301987,1790103257.301276,0.0,0.0,0.0,0.0
2026-09-23T00:24:17.311862,1790103257.3112772,0.0,0.0,0.0,0.0
2026-09-23T00:24:17.321762,1790103257.3212729,0.0,0.0,0.0,0.0
2026-09-23T00:24:17.331929,1790103257.3312871,0.0,0.0,0.0,0.0
2026-09-23T00:24:17.341749,1790103257.341275,0.0,0.0,0.0,0.0
2026-09-23T00:24:17.352039,1790103257.3512805,0.0,0.0,0.0,0.0
2026-09-23T00:24:17.361781,1790103257.3612647,0.0,0.0,0.0,0.0
2026-09-23T00:24:17.371707,1790103257.371264,0.0,0.0,0.0,0.0
2026-09-23T00:24:17.381873,1790103257.381268,0.0,0.0,0.0,0.0
2026-09-23T00:24:17.391818,1790103257.3912718,0.0,0.0,0.0,0.0
2026-09-23T00:24:17.402352,1790103257.401277,0.0,0.0,0.0,0.0
2026-09-23T00:24:17.411756,1790103257.4112775,0.0,0.0,0.0,0.0
2026-09-23T00:24:17.421988,1790103257.421297,0.0,0.0,0.0,0.0
2026-09-23T00:24:17.431721,1790103257.4312844,0.0,0.0,0.0,0.0
2026-09-23T00:24:17.441818,1790103257.4412758,0.0,0.0,0.0,0.0
2026-09-23T00:24:17.451872,1790103257.4512796,0.0,0.0,0.0,0.0
2026-09-23T00:24:17.461812,1790103257.4612727,0.0,0.0,0.0,0.0
2026-09-23T00:24:17.471800,1790103257.4712799,0.0,0.0,0.0,0.0
2026-09-23T00:24:17.481846,1790103257.4812791,0.0,0.0,0.0,0.0
2026-09-23T00:24:17.491851,1790103257.4912767,0.0,0.0,0.0,0.0
2026-09-23T00:24:17.502613,1790103257.501283,0.0,0.0,0.0,0.0
2026-09-23T00:24:17.511818,1790103257.5112796,0.0,0.0,0.0,0.0
2026-09-23T00:24:17.521799,1790103257.5212781,0.0,0.0,0.0,0.0
2026-09-23T00:24:17.531882,1790103257.531275,0.0,0.0,0.0,0.0
2026-09-23T00:24:17.541870,1790103257.5412931,0.0,0.0,0.0,0.0
2026-09-23T00:24:17.551884,1790103257.5512638,0.0,0.0,0.0,0.0
2026-09-23T00:24:17.561923,1790103257.5612676,0.0,0.0,0.0,0.0
2026-09-23T00:24:17.571744,1790103257.5712636,0.0,0.0,0.0,0.0
2026-09-23T00:24:17.581881,1790103257.5812752,0.0,0.0,0.0,0.0
2026-09-23T00:24:17.591761,1790103257.5912669,0.0,0.0,0.0,0.0
2026-09-23T00:24:17.602090,1790103257.6012704,0.0,0.0,0.0,0.0
2026-09-23T00:24:17.612037,1790103257.6112673,0.0,0.0,0.0,0.0
2026-09-23T00:24:17.621865,1790103257.6212707,0.0,0.0,0.0,0.0
2026-09-23T00:24:17.631811,1790103257.6312666,0.0,0.0,0.0,0.0
2026-09-23T00:24:17.641798,1790103257.6412802,0.0,0.0,0.0,0.0
2026-09-23T00:24:17.651786,1790103257.6512744,0.0,0.0,0.0,0.0
2026-09-23T00:24:17.661829,1790103257.6612623,0.0,0.0,0.0,0.0
2026-09-23T00:24:17.671807,1790103257.6712635,0.0,0.0,0.0,0.0
2026-09-23T00:24:17.681851,1790103257.6812658,0.0,0.0,0.0,0.0
2026-09-23T00:24:17.691746,1790103257.6912668,0.0,0.0,0.0,0.0
2026-09-23T00:24:17.701979,1790103257.7012637,0.0,0.0,0.0,0.0
2026-09-23T00:24:17.713050,1790103257.711275,0.0,0.0,0.0,0.0
2026-09-23T00:24:17.721756,1790103257.721263,0.0,0.0,0.0,0.0
2026-09-23T00:24:17.731674,1790103257.7312696,0.0,0.0,0.0,0.0
2026-09-23T00:24:17.742001,1790103257.741285,0.0,0.0,0.0,0.0
2026-09-23T00:24:17.751833,1790103257.7512808,0.0,0.0,0.0,0.0
2026-09-23T00:24:17.761867,1790103257.7612667,0.0,0.0,0.0,0.0
2026-09-23T00:24:17.771904,1790103257.771262,0.0,0.0,0.0,0.0
2026-09-23T00:24:17.781870,1790103257.7812636,0.0,0.0,0.0,0.0
2026-09-23T00:24:17.791705,1790103257.791264,0.0,0.0,0.0,0.0
2026-09-23T00:24:17.802293,1790103257.801261,0.0,0.0,0.0,0.0
2026-09-23T00:24:17.812752,1790103257.8112712,0.0,0.0,0.0,0.0
2026-09-23T00:24:17.821772,1790103257.8212576,0.0,0.0,0.0,0.0
2026-09-23T00:24:17.831817,1790103257.831265,0.0,0.0,0.0,0.0
2026-09-23T00:24:17.841758,1790103257.8412666,0.0,0.0,0.0,0.0
2026-09-23T00:24:17.852324,1790103257.8512635,0.0,0.0,0.0,0.0
2026-09-23T00:24:17.861845,1790103257.8612673,0.0,0.0,0.0,0.0
2026-09-23T00:24:17.871960,1790103257.871269,0.0,0.0,0.0,0.0
2026-09-23T00:24:17.881992,1790103257.8812633,0.0,0.0,0.0,0.0
2026-09-23T00:24:17.891772,1790103257.8912585,0.0,0.0,0.0,0.0
2026-09-23T00:24:17.902351,1790103257.9012697,0.0,0.0,0.0,0.0
2026-09-23T00:24:17.911895,1790103257.9112842,0.0,0.0,0.0,0.0
2026-09-23T00:24:17.921819,1790103257.9212809,0.0,0.0,0.0,0.0
2026-09-23T00:24:17.931928,1790103257.9312787,0.0,0.0,0.0,0.0
2026-09-23T00:24:17.941994,1790103257.9412763,0.0,0.0,0.0,0.0
2026-09-23T00:24:17.952103,1790103257.951266,0.0,0.0,0.0,0.0
2026-09-23T00:24:17.961855,1790103257.9612691,0.0,0.0,0.0,0.0
2026-09-23T00:24:17.971723,1790103257.9712622,0.0,0.0,0.0,0.0
2026-09-23T00:24:17.981755,1790103257.9812732,0.0,0.0,0.0,0.0
2026-09-23T00:24:17.991906,1790103257.9913003,0.0,0.0,0.0,0.0
2026-09-23T00:24:18.002029,1790103258.0012686,0.0,0.0,0.0,0.0
2026-09-23T00:24:18.012177,1790103258.0112767,0.0,0.0,0.0,0.0
2026-09-23T00:24:18.021857,1790103258.021262,0.0,0.0,0.0,0.0
2026-09-23T00:24:18.032080,1790103258.0312881,0.0,0.0,0.0,0.0
2026-09-23T00:24:18.041766,1790103258.0412645,0.0,0.0,0.0,0.0
2026-09-23T00:24:18.051941,1790103258.051267,0.0,0.0,0.0,0.0
2026-09-23T00:24:18.062517,1790103258.0613348,0.0,0.0,0.0,0.0
2026-09-23T00:24:18.071808,1790103258.0712705,0.0,0.0,0.0,0.0
2026-09-23T00:24:18.081772,1790103258.0812669,0.0,0.0,0.0,0.0
2026-09-23T00:24:18.091873,1790103258.0912666,0.0,0.0,0.0,0.0
2026-09-23T00:24:18.102072,1790103258.101268,0.0,0.0,0.0,0.0
2026-09-23T00:24:18.112153,1790103258.111284,0.0,0.0,0.0,0.0
2026-09-23T00:24:18.121749,1790103258.1212606,0.0,0.0,0.0,0.0
2026-09-23T00:24:18.131709,1790103258.1312602,0.0,0.0,0.0,0.0
2026-09-23T00:24:18.141818,1790103258.1412842,0.0,0.0,0.0,0.0
2026-09-23T00:24:18.152130,1790103258.1512694,0.0,0.0,0.0,0.0
2026-09-23T00:24:18.162961,1790103258.161323,0.0,0.0,0.0,0.0
2026-09-23T00:24:18.171716,1790103258.1712625,0.0,0.0,0.0,0.0
2026-09-23T00:24:18.181769,1790103258.1812637,0.0,0.0,0.0,0.0
2026-09-23T00:24:18.191821,1790103258.1912727,0.0,0.0,0.0,0.0
2026-09-23T00:24:18.201967,1790103258.2012653,0.0,0.0,0.0,0.0
2026-09-23T00:24:18.212304,1790103258.2112675,0.0,0.0,0.0,0.0
2026-09-23T00:24:18.222024,1790103258.2212956,0.0,0.0,0.0,0.0
2026-09-23T00:24:18.231725,1790103258.231269,0.0,0.0,0.0,0.0
2026-09-23T00:24:18.241821,1790103258.2412598,0.0,0.0,0.0,0.0
2026-09-23T00:24:18.251893,1790103258.2512686,0.0,0.0,0.0,0.0
2026-09-23T00:24:18.262095,1790103258.261275,0.0,0.0,0.0,0.0
2026-09-23T00:24:18.271682,1790103258.2712643,0.0,0.0,0.0,0.0
2026-09-23T00:24:18.281831,1790103258.2812629,0.0,0.0,0.0,0.0
2026-09-23T00:24:18.291829,1790103258.2912664,0.0,0.0,0.0,0.0
2026-09-23T00:24:18.302270,1790103258.3012874,0.0,0.0,0.0,0.0
2026-09-23T00:24:18.312280,1790103258.3112662,0.0,0.0,0.0,0.0
2026-09-23T00:24:18.321873,1790103258.3212614,0.0,0.0,0.0,0.0
2026-09-23T00:24:18.331725,1790103258.3312597,0.0,0.0,0.0,0.0
2026-09-23T00:24:18.341753,1790103258.3412638,0.0,0.0,0.0,0.0
2026-09-23T00:24:18.351888,1790103258.351278,0.0,0.0,0.0,0.0
2026-09-23T00:24:18.363285,1790103258.3612998,0.0,0.0,0.0,0.0
2026-09-23T00:24:18.371680,1790103258.3712606,0.0,0.0,0.0,0.0
2026-09-23T00:24:18.382389,1790103258.3812768,0.0,0.0,0.0,0.0
2026-09-23T00:24:18.391881,1790103258.391259,0.0,0.0,0.0,0.0
2026-09-23T00:24:18.402260,1790103258.401264,0.0,0.0,0.0,0.0
2026-09-23T00:24:18.412357,1790103258.4112952,0.0,0.0,0.0,0.0
2026-09-23T00:24:18.421881,1790103258.421282,0.0,0.0,0.0,0.0
2026-09-23T00:24:18.431762,1790103258.4312751,0.0,0.0,0.0,0.0
2026-09-23T00:24:18.441958,1790103258.441284,0.0,0.0,0.0,0.0
2026-09-23T00:24:18.451999,1790103258.4512749,0.0,0.0,0.0,0.0
2026-09-23T00:24:18.462531,1790103258.4612947,0.0,0.0,0.0,0.0
2026-09-23T00:24:18.471885,1790103258.471278,0.0,0.0,0.0,0.0
2026-09-23T00:24:18.481787,1790103258.481274,0.0,0.0,0.0,0.0
2026-09-23T00:24:18.491699,1790103258.4912744,0.0,0.0,0.0,0.0
2026-09-23T00:24:18.501985,1790103258.5012789,0.0,0.0,0.0,0.0
2026-09-23T00:24:18.511900,1790103258.5112886,0.0,0.0,0.0,0.0
2026-09-23T00:24:18.521766,1790103258.5212562,0.0,0.0,0.0,0.0
2026-09-23T00:24:18.531677,1790103258.5312617,0.0,0.0,0.0,0.0
2026-09-23T00:24:18.542059,1790103258.541271,0.0,0.0,0.0,0.0
2026-09-23T00:24:18.551886,1790103258.551266,0.0,0.0,0.0,0.0
2026-09-23T00:24:18.562547,1790103258.56129,0.0,0.0,0.0,0.0
2026-09-23T00:24:18.571878,1790103258.5712686,0.0,0.0,0.0,0.0
2026-09-23T00:24:18.581830,1790103258.5812616,0.0,0.0,0.0,0.0
2026-09-23T00:24:18.591740,1790103258.591261,0.0,0.0,0.0,0.0
2026-09-23T00:24:18.602173,1790103258.6012642,0.0,0.0,0.0,0.0
2026-09-23T00:24:18.612272,1790103258.6112678,0.0,0.0,0.0,0.0
2026-09-23T00:24:18.622053,1790103258.6212814,0.0,0.0,0.0,0.0
2026-09-23T00:24:18.631731,1790103258.631261,0.0,0.0,0.0,0.0
2026-09-23T00:24:18.641801,1790103258.6412768,0.0,0.0,0.0,0.0
2026-09-23T00:24:18.652042,1790103258.6512938,0.0,0.0,0.0,0.0
2026-09-23T00:24:18.662455,1790103258.6612957,0.0,0.0,0.0,0.0
2026-09-23T00:24:18.671901,1790103258.671259,0.0,0.0,0.0,0.0
2026-09-23T00:24:18.681793,1790103258.6812582,0.0,0.0,0.0,0.0
2026-09-23T00:24:18.691669,1790103258.6912618,0.0,0.0,0.0,0.0
2026-09-23T00:24:18.702238,1790103258.7012815,0.0,0.0,0.0,0.0
2026-09-23T00:24:18.712306,1790103258.711284,0.0,0.0,0.0,0.0
2026-09-23T00:24:18.721777,1790103258.721276,0.0,0.0,0.0,0.0
2026-09-23T00:24:18.731791,1790103258.7312737,0.0,0.0,0.0,0.0
2026-09-23T00:24:18.741919,1790103258.7412798,0.0,0.0,0.0,0.0
2026-09-23T00:24:18.751915,1790103258.751278,0.0,0.0,0.0,0.0
2026-09-23T00:24:18.762300,1790103258.7613153,0.0,0.0,0.0,0.0
2026-09-23T00:24:18.771718,1790103258.7712798,0.0,0.0,0.0,0.0
2026-09-23T00:24:18.781794,1790103258.7812772,0.0,0.0,0.0,0.0
2026-09-23T00:24:18.791712,1790103258.7912724,0.0,0.0,0.0,0.0
2026-09-23T00:24:18.802108,1790103258.8012812,0.0,0.0,0.0,0.0
2026-09-23T00:24:18.813276,1790103258.812431,0.0,0.0,0.0,0.0
2026-09-23T00:24:18.821792,1790103258.8212717,0.0,0.0,0.0,0.0
2026-09-23T00:24:18.831815,1790103258.8312752,0.0,0.0,0.0,0.0
2026-09-23T00:24:18.841844,1790103258.8412771,0.0,0.0,0.0,0.0
2026-09-23T00:24:18.851825,1790103258.8512805,0.0,0.0,0.0,0.0
2026-09-23T00:24:18.862117,1790103258.8612924,0.0,0.0,0.0,0.0
2026-09-23T00:24:18.871782,1790103258.8712687,0.0,0.0,0.0,0.0
2026-09-23T00:24:18.881762,1790103258.881265,0.0,0.0,0.0,0.0
2026-09-23T00:24:18.891784,1790103258.8912756,0.0,0.0,0.0,0.0
2026-09-23T00:24:18.902547,1790103258.9013124,0.0,0.0,0.0,0.0
2026-09-23T00:24:18.912047,1790103258.911346,0.0,0.0,0.0,0.0
2026-09-23T00:24:18.921834,1790103258.9212885,0.0,0.0,0.0,0.0
2026-09-23T00:24:18.931744,1790103258.9312632,0.0,0.0,0.0,0.0
2026-09-23T00:24:18.941803,1790103258.9412766,0.0,0.0,0.0,0.0
2026-09-23T00:24:18.951934,1790103258.9512796,0.0,0.0,0.0,0.0
2026-09-23T00:24:18.961882,1790103258.9612815,0.0,0.0,0.0,0.0
2026-09-23T00:24:18.971755,1790103258.9712832,0.0,0.0,0.0,0.0
2026-09-23T00:24:18.981778,1790103258.981275,0.0,0.0,0.0,0.0
2026-09-23T00:24:18.991735,1790103258.9912848,0.0,0.0,0.0,0.0
2026-09-23T00:24:19.002058,1790103259.0012765,0.0,0.0,0.0,0.0
2026-09-23T00:24:19.012016,1790103259.011377,0.0,0.0,0.0,0.0
2026-09-23T00:24:19.022049,1790103259.021313,0.0,0.0,0.0,0.0
2026-09-23T00:24:19.031838,1790103259.0312757,0.0,0.0,0.0,0.0
2026-09-23T00:24:19.041983,1790103259.041286,0.0,0.0,0.0,0.0
2026-09-23T00:24:19.052091,1790103259.0512807,0.0,0.0,0.0,0.0
2026-09-23T00:24:19.061970,1790103259.0613008,0.0,0.0,0.0,0.0
2026-09-23T00:24:19.071761,1790103259.0712795,0.0,0.0,0.0,0.0
2026-09-23T00:24:19.081807,1790103259.0812778,0.0,0.0,0.0,0.0
2026-09-23T00:24:19.091694,1790103259.0912826,0.0,0.0,0.0,0.0
2026-09-23T00:24:19.101998,1790103259.1012862,0.0,0.0,0.0,0.0
2026-09-23T00:24:19.111833,1790103259.111277,0.0,0.0,0.0,0.0
2026-09-23T00:24:19.121780,1790103259.1212785,0.0,0.0,0.0,0.0
2026-09-23T00:24:19.131786,1790103259.131287,0.0,0.0,0.0,0.0
2026-09-23T00:24:19.141887,1790103259.1412814,0.0,0.0,0.0,0.0
2026-09-23T00:24:19.152196,1790103259.1512704,0.0,0.0,0.0,0.0
2026-09-23T00:24:19.161988,1790103259.1612983,0.0,0.0,0.0,0.0
2026-09-23T00:24:19.171658,1790103259.1712613,0.0,0.0,0.0,0.0
2026-09-23T00:24:19.181976,1790103259.1812947,0.0,0.0,0.0,0.0
2026-09-23T00:24:19.191726,1790103259.1912801,0.0,0.0,0.0,0.0
2026-09-23T00:24:19.201950,1790103259.2012844,0.0,0.0,0.0,0.0
2026-09-23T00:24:19.212081,1790103259.2113593,0.0,0.0,0.0,0.0
2026-09-23T00:24:19.221802,1790103259.2212765,0.0,0.0,0.0,0.0
2026-09-23T00:24:19.231752,1790103259.2312858,0.0,0.0,0.0,0.0
2026-09-23T00:24:19.241790,1790103259.2412767,0.0,0.0,0.0,0.0
2026-09-23T00:24:19.251766,1790103259.2512794,0.0,0.0,0.0,0.0
2026-09-23T00:24:19.261962,1790103259.2613003,0.0,0.0,0.0,0.0
2026-09-23T00:24:19.271798,1790103259.271279,0.0,0.0,0.0,0.0
2026-09-23T00:24:19.281762,1790103259.2812736,0.0,0.0,0.0,0.0
2026-09-23T00:24:19.291773,1790103259.291277,0.0,0.0,0.0,0.0
2026-09-23T00:24:19.302203,1790103259.3012805,0.0,0.0,0.0,0.0
2026-09-23T00:24:19.311844,1790103259.3112683,0.0,0.0,0.0,0.0
2026-09-23T00:24:19.321721,1790103259.321266,0.0,0.0,0.0,0.0
2026-09-23T00:24:19.331699,1790103259.331285,0.0,0.0,0.0,0.0
2026-09-23T00:24:19.341992,1790103259.341278,0.0,0.0,0.0,0.0
2026-09-23T00:24:19.352091,1790103259.3512766,0.0,0.0,0.0,0.0
2026-09-23T00:24:19.362011,1790103259.3613048,0.0,0.0,0.0,0.0
2026-09-23T00:24:19.371832,1790103259.371275,0.0,0.0,0.0,0.0
2026-09-23T00:24:19.381817,1790103259.3812711,0.0,0.0,0.0,0.0
2026-09-23T00:24:19.391741,1790103259.391276,0.0,0.0,0.0,0.0
2026-09-23T00:24:19.402139,1790103259.4012792,0.0,0.0,0.0,0.0
2026-09-23T00:24:19.411877,1790103259.411283,0.0,0.0,0.0,0.0
2026-09-23T00:24:19.421801,1790103259.4212794,0.0,0.0,0.0,0.0
2026-09-23T00:24:19.431686,1790103259.4312813,0.0,0.0,0.0,0.0
2026-09-23T00:24:19.441782,1790103259.4412858,0.0,0.0,0.0,0.0
2026-09-23T00:24:19.451799,1790103259.4512866,0.0,0.0,0.0,0.0
2026-09-23T00:24:19.461868,1790103259.4612768,0.0,0.0,0.0,0.0
2026-09-23T00:24:19.471846,1790103259.4712946,0.0,0.0,0.0,0.0
2026-09-23T00:24:19.481793,1790103259.4812748,0.0,0.0,0.0,0.0
2026-09-23T00:24:19.491766,1790103259.4912746,0.0,0.0,0.0,0.0
2026-09-23T00:24:19.502351,1790103259.5013022,0.0,0.0,0.0,0.0
2026-09-23T00:24:19.512224,1790103259.511397,0.0,0.0,0.0,0.0
2026-09-23T00:24:19.521830,1790103259.5212731,0.0,0.0,0.0,0.0
2026-09-23T00:24:19.531832,1790103259.531292,0.0,0.0,0.0,0.0
2026-09-23T00:24:19.541831,1790103259.5412834,0.0,0.0,0.0,0.0
2026-09-23T00:24:19.551759,1790103259.5512757,0.0,0.0,0.0,0.0
2026-09-23T00:24:19.561978,1790103259.561301,0.0,0.0,0.0,0.0
2026-09-23T00:24:19.571817,1790103259.571273,0.0,0.0,0.0,0.0
2026-09-23T00:24:19.581806,1790103259.5812664,0.0,0.0,0.0,0.0
2026-09-23T00:24:19.591702,1790103259.5912657,0.0,0.0,0.0,0.0
2026-09-23T00:24:19.602081,1790103259.6012611,0.0,0.0,0.0,0.0
2026-09-23T00:24:19.612208,1790103259.611372,0.0,0.0,0.0,0.0
2026-09-23T00:24:19.621854,1790103259.6212823,0.0,0.0,0.0,0.0
2026-09-23T00:24:19.631740,1790103259.6312788,0.0,0.0,0.0,0.0
2026-09-23T00:24:19.641765,1790103259.6412764,0.0,0.0,0.0,0.0
2026-09-23T00:24:19.651974,1790103259.6512792,0.0,0.0,0.0,0.0
2026-09-23T00:24:19.662311,1790103259.6613693,0.0,0.0,0.0,0.0
2026-09-23T00:24:19.671716,1790103259.6712859,0.0,0.0,0.0,0.0
2026-09-23T00:24:19.681850,1790103259.6812966,0.0,0.0,0.0,0.0
2026-09-23T00:24:19.691714,1790103259.691277,0.0,0.0,0.0,0.0
2026-09-23T00:24:19.702100,1790103259.701273,0.0,0.0,0.0,0.0
2026-09-23T00:24:19.712036,1790103259.7113464,0.0,0.0,0.0,0.0
2026-09-23T00:24:19.721929,1790103259.7212844,0.0,0.0,0.0,0.0
2026-09-23T00:24:19.731817,1790103259.7312813,0.0,0.0,0.0,0.0
2026-09-23T00:24:19.741774,1790103259.7412767,0.0,0.0,0.0,0.0
2026-09-23T00:24:19.751877,1790103259.7512772,0.0,0.0,0.0,0.0
2026-09-23T00:24:19.761980,1790103259.7612994,0.0,0.0,0.0,0.0
2026-09-23T00:24:19.771712,1790103259.771266,0.0,0.0,0.0,0.0
2026-09-23T00:24:19.782086,1790103259.781304,0.0,0.0,0.0,0.0
2026-09-23T00:24:19.791924,1790103259.7912753,0.0,0.0,0.0,0.0
2026-09-23T00:24:19.801945,1790103259.8013039,0.0,0.0,0.0,0.0
2026-09-23T00:24:19.812202,1790103259.811306,0.0,0.0,0.0,0.0
2026-09-23T00:24:19.822360,1790103259.8212826,0.0,0.0,0.0,0.0
2026-09-23T00:24:19.831671,1790103259.8312714,0.0,0.0,0.0,0.0
2026-09-23T00:24:19.841836,1790103259.841266,0.0,0.0,0.0,0.0
2026-09-23T00:24:19.851855,1790103259.8512719,0.0,0.0,0.0,0.0
2026-09-23T00:24:19.861999,1790103259.8612509,0.0,0.0,0.0,0.0
2026-09-23T00:24:19.871769,1790103259.8712628,0.0,0.0,0.0,0.0
2026-09-23T00:24:19.881848,1790103259.8812668,0.0,0.0,0.0,0.0
2026-09-23T00:24:19.891784,1790103259.8912609,0.0,0.0,0.0,0.0
2026-09-23T00:24:19.902276,1790103259.9012496,0.0,0.0,0.0,0.0
2026-09-23T00:24:19.912191,1790103259.9112892,0.0,0.0,0.0,0.0
2026-09-23T00:24:19.921804,1790103259.9212687,0.0,0.0,0.0,0.0
2026-09-23T00:24:19.931720,1790103259.9312637,0.0,0.0,0.0,0.0
2026-09-23T00:24:19.941762,1790103259.941274,0.0,0.0,0.0,0.0
2026-09-23T00:24:19.952151,1790103259.9512744,0.0,0.0,0.0,0.0
2026-09-23T00:24:19.962027,1790103259.9613094,0.0,0.0,0.0,0.0
2026-09-23T00:24:19.971723,1790103259.9712696,0.0,0.0,0.0,0.0
2026-09-23T00:24:19.982004,1790103259.9812772,0.0,0.0,0.0,0.0
2026-09-23T00:24:19.991767,1790103259.9912634,0.0,0.0,0.0,0.0
2026-09-23T00:24:20.001981,1790103260.0012617,0.0,0.0,0.0,0.0
2026-09-23T00:24:20.012267,1790103260.0113027,0.0,0.0,0.0,0.0
2026-09-23T00:24:20.021797,1790103260.021262,0.0,0.0,0.0,0.0
2026-09-23T00:24:20.031718,1790103260.031263,0.0,0.0,0.0,0.0
2026-09-23T00:24:20.041815,1790103260.0412862,0.0,0.0,0.0,0.0
2026-09-23T00:24:20.051985,1790103260.0512671,0.0,0.0,0.0,0.0
2026-09-23T00:24:20.062021,1790103260.0613024,0.0,0.0,0.0,0.0
2026-09-23T00:24:20.071761,1790103260.071268,0.0,0.0,0.0,0.0
2026-09-23T00:24:20.081823,1790103260.0812726,0.0,0.0,0.0,0.0
2026-09-23T00:24:20.091776,1790103260.0912697,0.0,0.0,0.0,0.0
2026-09-23T00:24:20.101988,1790103260.1012754,0.0,0.0,0.0,0.0
2026-09-23T00:24:20.111972,1790103260.1112912,0.0,0.0,0.0,0.0
2026-09-23T00:24:20.121935,1790103260.121269,0.0,0.0,0.0,0.0
2026-09-23T00:24:20.131748,1790103260.1312644,0.0,0.0,0.0,0.0
2026-09-23T00:24:20.142161,1790103260.141285,0.0,0.0,0.0,0.0
2026-09-23T00:24:20.151791,1790103260.151263,0.0,0.0,0.0,0.0
2026-09-23T00:24:20.162222,1790103260.1613011,0.0,0.0,0.0,0.0
2026-09-23T00:24:20.172037,1790103260.1712837,0.0,0.0,0.0,0.0
2026-09-23T00:24:20.181808,1790103260.1812599,0.0,0.0,0.0,0.0
2026-09-23T00:24:20.191746,1790103260.1912744,0.0,0.0,0.0,0.0
2026-09-23T00:24:20.202105,1790103260.201263,0.0,0.0,0.0,0.0
2026-09-23T00:24:20.211824,1790103260.2112656,0.0,0.0,0.0,0.0
2026-09-23T00:24:20.221817,1790103260.2212603,0.0,0.0,0.0,0.0
2026-09-23T00:24:20.231714,1790103260.2312691,0.0,0.0,0.0,0.0
2026-09-23T00:24:20.241795,1790103260.2412615,0.0,0.0,0.0,0.0
2026-09-23T00:24:20.251917,1790103260.251261,0.0,0.0,0.0,0.0
2026-09-23T00:24:20.262024,1790103260.261342,0.0,0.0,0.0,0.0
2026-09-23T00:24:20.271799,1790103260.2712855,0.0,0.0,0.0,0.0
2026-09-23T00:24:20.281892,1790103260.2812836,0.0,0.0,0.0,0.0
2026-09-23T00:24:20.291719,1790103260.291282,0.0,0.0,0.0,0.0
2026-09-23T00:24:20.302469,1790103260.3013391,0.0,0.0,0.0,0.0
2026-09-23T00:24:20.312213,1790103260.3113198,0.0,0.0,0.0,0.0
2026-09-23T00:24:20.321785,1790103260.3212817,0.0,0.0,0.0,0.0
2026-09-23T00:24:20.331858,1790103260.3312893,0.0,0.0,0.0,0.0
2026-09-23T00:24:20.341785,1790103260.3412745,0.0,0.0,0.0,0.0
2026-09-23T00:24:20.351909,1790103260.3512845,0.0,0.0,0.0,0.0
2026-09-23T00:24:20.362110,1790103260.3613281,0.0,0.0,0.0,0.0
2026-09-23T00:24:20.371733,1790103260.371276,0.0,0.0,0.0,0.0
2026-09-23T00:24:20.381757,1790103260.3812578,0.0,0.0,0.0,0.0
2026-09-23T00:24:20.391700,1790103260.3912618,0.0,0.0,0.0,0.0
2026-09-23T00:24:20.402124,1790103260.401264,0.0,0.0,0.0,0.0
2026-09-23T00:24:20.412258,1790103260.4112937,0.0,0.0,0.0,0.0
2026-09-23T00:24:20.421772,1790103260.4212654,0.0,0.0,0.0,0.0
2026-09-23T00:24:20.431894,1790103260.4312649,0.0,0.0,0.0,0.0
2026-09-23T00:24:20.441805,1790103260.4412856,0.0,0.0,0.0,0.0
2026-09-23T00:24:20.451919,1790103260.451286,0.0,0.0,0.0,0.0
2026-09-23T00:24:20.462156,1790103260.4612844,0.0,0.0,0.0,0.0
2026-09-23T00:24:20.471654,1790103260.4712663,0.0,0.0,0.0,0.0
2026-09-23T00:24:20.481776,1790103260.481276,0.0,0.0,0.0,0.0
2026-09-23T00:24:20.491745,1790103260.4912648,0.0,0.0,0.0,0.0
2026-09-23T00:24:20.502056,1790103260.5012546,0.0,0.0,0.0,0.0
2026-09-23T00:24:20.512262,1790103260.5112717,0.0,0.0,0.0,0.0
2026-09-23T00:24:20.521776,1790103260.5212777,0.0,0.0,0.0,0.0
2026-09-23T00:24:20.531728,1790103260.5312772,0.0,0.0,0.0,0.0
2026-09-23T00:24:20.541766,1790103260.5412755,0.0,0.0,0.0,0.0
2026-09-23T00:24:20.551862,1790103260.5512576,0.0,0.0,0.0,0.0
2026-09-23T00:24:20.562248,1790103260.5613427,0.0,0.0,0.0,0.0
2026-09-23T00:24:20.571678,1790103260.5712712,0.0,0.0,0.0,0.0
2026-09-23T00:24:20.581961,1790103260.5813048,0.0,0.0,0.0,0.0
2026-09-23T00:24:20.591730,1790103260.5912406,0.0,0.0,0.0,0.0
2026-09-23T00:24:20.602254,1790103260.6013064,0.0,0.0,0.0,0.0
2026-09-23T00:24:20.612377,1790103260.611288,0.0,0.0,0.0,0.0
2026-09-23T00:24:20.622026,1790103260.6212852,0.0,0.0,0.0,0.0
2026-09-23T00:24:20.631748,1790103260.6312652,0.0,0.0,0.0,0.0
2026-09-23T00:24:20.641775,1790103260.6412592,0.0,0.0,0.0,0.0
2026-09-23T00:24:20.651904,1790103260.6512632,0.0,0.0,0.0,0.0
2026-09-23T00:24:20.662296,1790103260.6612968,0.0,0.0,0.0,0.0
2026-09-23T00:24:20.671764,1790103260.6712658,0.0,0.0,0.0,0.0
2026-09-23T00:24:20.681846,1790103260.6813004,0.0,0.0,0.0,0.0
2026-09-23T00:24:20.691791,1790103260.6912766,0.0,0.0,0.0,0.0
2026-09-23T00:24:20.702144,1790103260.701277,0.0,0.0,0.0,0.0
2026-09-23T00:24:20.712294,1790103260.7112694,0.0,0.0,0.0,0.0
2026-09-23T00:24:20.721918,1790103260.7212799,0.0,0.0,0.0,0.0
2026-09-23T00:24:20.731757,1790103260.7312593,0.0,0.0,0.0,0.0
2026-09-23T00:24:20.741762,1790103260.7412615,0.0,0.0,0.0,0.0
2026-09-23T00:24:20.751828,1790103260.7512667,0.0,0.0,0.0,0.0
2026-09-23T00:24:20.762173,1790103260.761296,0.0,0.0,0.0,0.0
2026-09-23T00:24:20.771836,1790103260.7712657,0.0,0.0,0.0,0.0
2026-09-23T00:24:20.782338,1790103260.7812908,0.0,0.0,0.0,0.0
2026-09-23T00:24:20.791755,1790103260.7912612,0.0,0.0,0.0,0.0
2026-09-23T00:24:20.801991,1790103260.801266,0.0,0.0,0.0,0.0
2026-09-23T00:24:20.812202,1790103260.8112698,0.0,0.0,0.0,0.0
2026-09-23T00:24:20.821722,1790103260.8212671,0.0,0.0,0.0,0.0
2026-09-23T00:24:20.831712,1790103260.8312664,0.0,0.0,0.0,0.0
2026-09-23T00:24:20.841795,1790103260.8412654,0.0,0.0,0.0,0.0
2026-09-23T00:24:20.851889,1790103260.8512757,0.0,0.0,0.0,0.0
2026-09-23T00:24:20.862145,1790103260.8613012,0.0,0.0,0.0,0.0
2026-09-23T00:24:20.871704,1790103260.8712645,0.0,0.0,0.0,0.0
2026-09-23T00:24:20.881787,1790103260.8812852,0.0,0.0,0.0,0.0
2026-09-23T00:24:20.891835,1790103260.8912656,0.0,0.0,0.0,0.0
2026-09-23T00:24:20.902177,1790103260.9012628,0.0,0.0,0.0,0.0
2026-09-23T00:24:20.911869,1790103260.911274,0.0,0.0,0.0,0.0
2026-09-23T00:24:20.921803,1790103260.9212654,0.0,0.0,0.0,0.0
2026-09-23T00:24:20.931725,1790103260.9313014,0.0,0.0,0.0,0.0
2026-09-23T00:24:20.942076,1790103260.9412735,0.0,0.0,0.0,0.0
2026-09-23T00:24:20.951822,1790103260.9512706,0.0,0.0,0.0,0.0
2026-09-23T00:24:20.962214,1790103260.9613,0.0,0.0,0.0,0.0
2026-09-23T00:24:20.971763,1790103260.9712622,0.0,0.0,0.0,0.0
2026-09-23T00:24:20.981799,1790103260.9812624,0.0,0.0,0.0,0.0
2026-09-23T00:24:20.991768,1790103260.9912686,0.0,0.0,0.0,0.0
2026-09-23T00:24:21.002103,1790103261.0012739,0.0,0.0,0.0,0.0
2026-09-23T00:24:21.011941,1790103261.0112658,0.0,0.0,0.0,0.0
2026-09-23T00:24:21.021776,1790103261.021285,0.0,0.0,0.0,0.0
2026-09-23T00:24:21.031703,1790103261.0312757,0.0,0.0,0.0,0.0
2026-09-23T00:24:21.041764,1790103261.0412664,0.0,0.0,0.0,0.0
2026-09-23T00:24:21.051856,1790103261.0512607,0.0,0.0,0.0,0.0
2026-09-23T00:24:21.061935,1790103261.061269,0.0,0.0,0.0,0.0
2026-09-23T00:24:21.071724,1790103261.0712607,0.0,0.0,0.0,0.0
2026-09-23T00:24:21.081747,1790103261.0812714,0.0,0.0,0.0,0.0
2026-09-23T00:24:21.091742,1790103261.091267,0.0,0.0,0.0,0.0
2026-09-23T00:24:21.102378,1790103261.1012716,0.0,0.0,0.0,0.0
2026-09-23T00:24:21.111803,1790103261.111266,0.0,0.0,0.0,0.0
2026-09-23T00:24:21.121814,1790103261.1212697,0.0,0.0,0.0,0.0
2026-09-23T00:24:21.131773,1790103261.1312757,0.0,0.0,0.0,0.0
2026-09-23T00:24:21.141759,1790103261.1412702,0.0,0.0,0.0,0.0
2026-09-23T00:24:21.151945,1790103261.1512637,0.0,0.0,0.0,0.0
2026-09-23T00:24:21.161874,1790103261.161266,0.0,0.0,0.0,0.0
2026-09-23T00:24:21.171709,1790103261.1712658,0.0,0.0,0.0,0.0
2026-09-23T00:24:21.181837,1790103261.1812801,0.0,0.0,0.0,0.0
2026-09-23T00:24:21.191705,1790103261.1912646,0.0,0.0,0.0,0.0
2026-09-23T00:24:21.201977,1790103261.2012668,0.0,0.0,0.0,0.0
2026-09-23T00:24:21.212656,1790103261.2112622,0.0,0.0,0.0,0.0
2026-09-23T00:24:21.221764,1790103261.2212613,0.0,0.0,0.0,0.0
2026-09-23T00:24:21.231856,1790103261.2312715,0.0,0.0,0.0,0.0
2026-09-23T00:24:21.241920,1790103261.241275,0.0,0.0,0.0,0.0
2026-09-23T00:24:21.251973,1790103261.251261,0.0,0.0,0.0,0.0
2026-09-23T00:24:21.261965,1790103261.2612753,0.0,0.0,0.0,0.0
2026-09-23T00:24:21.271901,1790103261.2712622,0.0,0.0,0.0,0.0
2026-09-23T00:24:21.281771,1790103261.2812617,0.0,0.0,0.0,0.0
2026-09-23T00:24:21.291701,1790103261.2912626,0.0,0.0,0.0,0.0
2026-09-23T00:24:21.302030,1790103261.3012943,0.0,0.0,0.0,0.0
2026-09-23T00:24:21.311842,1790103261.3112626,0.0,0.0,0.0,0.0
2026-09-23T00:24:21.321762,1790103261.32128,0.0,0.0,0.0,0.0
2026-09-23T00:24:21.331841,1790103261.3312714,0.0,0.0,0.0,0.0
2026-09-23T00:24:21.341748,1790103261.3412597,0.0,0.0,0.0,0.0
2026-09-23T00:24:21.351958,1790103261.3512611,0.0,0.0,0.0,0.0
2026-09-23T00:24:21.361897,1790103261.3612657,0.0,0.0,0.0,0.0
2026-09-23T00:24:21.371675,1790103261.3712606,0.0,0.0,0.0,0.0
2026-09-23T00:24:21.381731,1790103261.3812604,0.0,0.0,0.0,0.0
2026-09-23T00:24:21.391929,1790103261.3912802,0.0,0.0,0.0,0.0
2026-09-23T00:24:21.402302,1790103261.4012878,0.0,0.0,0.0,0.0
2026-09-23T00:24:21.412194,1790103261.4112694,0.0,0.0,0.0,0.0
2026-09-23T00:24:21.422018,1790103261.4212873,0.0,0.0,0.0,0.0
2026-09-23T00:24:21.431805,1790103261.4312646,0.0,0.0,0.0,0.0
2026-09-23T00:24:21.441882,1790103261.441267,0.0,0.0,0.0,0.0
2026-09-23T00:24:21.452195,1790103261.451269,0.0,0.0,0.0,0.0
2026-09-23T00:24:21.461923,1790103261.461271,0.0,0.0,0.0,0.0
2026-09-23T00:24:21.471745,1790103261.4712665,0.0,0.0,0.0,0.0
2026-09-23T00:24:21.481782,1790103261.4812646,0.0,0.0,0.0,0.0
2026-09-23T00:24:21.492841,1790103261.4912724,0.0,0.0,0.0,0.0
2026-09-23T00:24:21.502184,1790103261.5012653,0.0,0.0,0.0,0.0
2026-09-23T00:24:21.511922,1790103261.511276,0.0,0.0,0.0,0.0
2026-09-23T00:24:21.521886,1790103261.52127,0.0,0.0,0.0,0.0
2026-09-23T00:24:21.531859,1790103261.5312767,0.0,0.0,0.0,0.0
2026-09-23T00:24:21.541800,1790103261.5412705,0.0,0.0,0.0,0.0
2026-09-23T00:24:21.551992,1790103261.5512714,0.0,0.0,0.0,0.0
2026-09-23T00:24:21.561979,1790103261.5612679,0.0,0.0,0.0,0.0
2026-09-23T00:24:21.571789,1790103261.571271,0.0,0.0,0.0,0.0
2026-09-23T00:24:21.582143,1790103261.5812774,0.0,0.0,0.0,0.0
2026-09-23T00:24:21.591818,1790103261.5912633,0.0,0.0,0.0,0.0
2026-09-23T00:24:21.602131,1790103261.6012669,0.0,0.0,0.0,0.0
2026-09-23T00:24:21.611916,1790103261.6112719,0.0,0.0,0.0,0.0
2026-09-23T00:24:21.621892,1790103261.6212683,0.0,0.0,0.0,0.0
2026-09-23T00:24:21.631834,1790103261.6312664,0.0,0.0,0.0,0.0
2026-09-23T00:24:21.641797,1790103261.6412606,0.0,0.0,0.0,0.0
2026-09-23T00:24:21.651942,1790103261.6512346,0.0,0.0,0.0,0.0
2026-09-23T00:24:21.661938,1790103261.6612756,0.0,0.0,0.0,0.0
2026-09-23T00:24:21.672537,1790103261.6719325,0.0,0.0,0.0,0.0
2026-09-23T00:24:21.682164,1790103261.6812797,0.0,0.0,0.0,0.0
2026-09-23T00:24:21.691828,1790103261.6912963,0.0,0.0,0.0,0.0
2026-09-23T00:24:21.701958,1790103261.70127,0.0,0.0,0.0,0.0
2026-09-23T00:24:21.711858,1790103261.71127,0.0,0.0,0.0,0.0
2026-09-23T00:24:21.721791,1790103261.7212698,0.0,0.0,0.0,0.0
2026-09-23T00:24:21.731709,1790103261.7312624,0.0,0.0,0.0,0.0
2026-09-23T00:24:21.742211,1790103261.7413187,0.0,0.0,0.0,0.0
2026-09-23T00:24:21.751986,1790103261.7512598,0.0,0.0,0.0,0.0
2026-09-23T00:24:21.761906,1790103261.7612767,0.0,0.0,0.0,0.0
2026-09-23T00:24:21.771755,1790103261.7712638,0.0,0.0,0.0,0.0
2026-09-23T00:24:21.781773,1790103261.7812607,0.0,0.0,0.0,0.0
2026-09-23T00:24:21.791707,1790103261.7912743,0.0,0.0,0.0,0.0
2026-09-23T00:24:21.802071,1790103261.8012712,0.0,0.0,0.0,0.0
2026-09-23T00:24:21.811752,1790103261.8112671,0.0,0.0,0.0,0.0
2026-09-23T00:24:21.821813,1790103261.8212624,0.0,0.0,0.0,0.0
2026-09-23T00:24:21.831698,1790103261.8312624,0.0,0.0,0.0,0.0
2026-09-23T00:24:21.841832,1790103261.8412628,0.0,0.0,0.0,0.0
2026-09-23T00:24:21.852168,1790103261.8512645,0.0,0.0,0.0,0.0
2026-09-23T00:24:21.861957,1790103261.8612742,0.0,0.0,0.0,0.0
2026-09-23T00:24:21.871845,1790103261.8712802,0.0,0.0,0.0,0.0
2026-09-23T00:24:21.881769,1790103261.8812616,0.0,0.0,0.0,0.0
2026-09-23T00:24:21.891669,1790103261.8912582,0.0,0.0,0.0,0.0
2026-09-23T00:24:21.902311,1790103261.9012947,0.0,0.0,0.0,0.0
2026-09-23T00:24:21.912028,1790103261.9112642,0.0,0.0,0.0,0.0
2026-09-23T00:24:21.921833,1790103261.9212656,0.0,0.0,0.0,0.0
2026-09-23T00:24:21.931798,1790103261.9312677,0.0,0.0,0.0,0.0
2026-09-23T00:24:21.941844,1790103261.9412823,0.0,0.0,0.0,0.0
2026-09-23T00:24:21.952322,1790103261.9512744,0.0,0.0,0.0,0.0
2026-09-23T00:24:21.961812,1790103261.9612603,0.0,0.0,0.0,0.0
2026-09-23T00:24:21.971672,1790103261.9712598,0.0,0.0,0.0,0.0
2026-09-23T00:24:21.981813,1790103261.9812632,0.0,0.0,0.0,0.0
2026-09-23T00:24:21.991759,1790103261.9912772,0.0,0.0,0.0,0.0
2026-09-23T00:24:22.002133,1790103262.001271,0.0,0.0,0.0,0.0
2026-09-23T00:24:22.011770,1790103262.0112638,0.0,0.0,0.0,0.0
2026-09-23T00:24:22.021744,1790103262.02126,0.0,0.0,0.0,0.0
2026-09-23T00:24:22.031798,1790103262.0312667,0.0,0.0,0.0,0.0
2026-09-23T00:24:22.041842,1790103262.041313,0.0,0.0,0.0,0.0
2026-09-23T00:24:22.052001,1790103262.051252,0.0,0.0,0.0,0.0
2026-09-23T00:24:22.062107,1790103262.0612803,0.0,0.0,0.0,0.0
2026-09-23T00:24:22.071681,1790103262.0712655,0.0,0.0,0.0,0.0
2026-09-23T00:24:22.081740,1790103262.0812624,0.0,0.0,0.0,0.0
2026-09-23T00:24:22.091815,1790103262.091258,0.0,0.0,0.0,0.0
2026-09-23T00:24:22.101952,1790103262.1012635,0.0,0.0,0.0,0.0
2026-09-23T00:24:22.111796,1790103262.111263,0.0,0.0,0.0,0.0
2026-09-23T00:24:22.121751,1790103262.1212587,0.0,0.0,0.0,0.0
2026-09-23T00:24:22.131805,1790103262.131263,0.0,0.0,0.0,0.0
2026-09-23T00:24:22.141783,1790103262.141261,0.0,0.0,0.0,0.0
2026-09-23T00:24:22.151807,1790103262.151268,0.0,0.0,0.0,0.0
2026-09-23T00:24:22.161836,1790103262.16127,0.0,0.0,0.0,0.0
2026-09-23T00:24:22.171999,1790103262.1712797,0.0,0.0,0.0,0.0
2026-09-23T00:24:22.181944,1790103262.1812716,0.0,0.0,0.0,0.0
2026-09-23T00:24:22.191895,1790103262.1912527,0.0,0.0,0.0,0.0
2026-09-23T00:24:22.202132,1790103262.2012694,0.0,0.0,0.0,0.0
2026-09-23T00:24:22.211804,1790103262.2112663,0.0,0.0,0.0,0.0
2026-09-23T00:24:22.222073,1790103262.2212849,0.0,0.0,0.0,0.0
2026-09-23T00:24:22.231770,1790103262.2312737,0.0,0.0,0.0,0.0
2026-09-23T00:24:22.241906,1790103262.2412775,0.0,0.0,0.0,0.0
2026-09-23T00:24:22.252012,1790103262.251266,0.0,0.0,0.0,0.0
2026-09-23T00:24:22.261934,1790103262.2612836,0.0,0.0,0.0,0.0
2026-09-23T00:24:22.271837,1790103262.2712698,0.0,0.0,0.0,0.0
2026-09-23T00:24:22.281847,1790103262.2812667,0.0,0.0,0.0,0.0
2026-09-23T00:24:22.291851,1790103262.2912798,0.0,0.0,0.0,0.0
2026-09-23T00:24:22.302236,1790103262.301274,0.0,0.0,0.0,0.0
2026-09-23T00:24:22.311781,1790103262.311277,0.0,0.0,0.0,0.0
2026-09-23T00:24:22.321950,1790103262.3212724,0.0,0.0,0.0,0.0
2026-09-23T00:24:22.331737,1790103262.331264,0.0,0.0,0.0,0.0
2026-09-23T00:24:22.341859,1790103262.3412912,0.0,0.0,0.0,0.0
2026-09-23T00:24:22.352032,1790103262.351265,0.0,0.0,0.0,0.0
2026-09-23T00:24:22.361847,1790103262.361265,0.0,0.0,0.0,0.0
2026-09-23T00:24:22.371802,1790103262.37125,0.0,0.0,0.0,0.0
2026-09-23T00:24:22.381976,1790103262.3812778,0.0,0.0,0.0,0.0
2026-09-23T00:24:22.391864,1790103262.3912702,0.0,0.0,0.0,0.0
2026-09-23T00:24:22.402280,1790103262.4012847,0.0,0.0,0.0,0.0
2026-09-23T00:24:22.411883,1790103262.411294,0.0,0.0,0.0,0.0
2026-09-23T00:24:22.421898,1790103262.4212818,0.0,0.0,0.0,0.0
2026-09-23T00:24:22.431882,1790103262.431278,0.0,0.0,0.0,0.0
2026-09-23T00:24:22.441796,1790103262.441254,0.0,0.0,0.0,0.0
2026-09-23T00:24:22.452167,1790103262.4512649,0.0,0.0,0.0,0.0
2026-09-23T00:24:22.461854,1790103262.4612677,0.0,0.0,0.0,0.0
2026-09-23T00:24:22.471890,1790103262.4712846,0.0,0.0,0.0,0.0
2026-09-23T00:24:22.481781,1790103262.4812763,0.0,0.0,0.0,0.0
2026-09-23T00:24:22.491890,1790103262.4912622,0.0,0.0,0.0,0.0
2026-09-23T00:24:22.502104,1790103262.5012732,0.0,0.0,0.0,0.0
2026-09-23T00:24:22.511921,1790103262.5112753,0.0,0.0,0.0,0.0
2026-09-23T00:24:22.521819,1790103262.5212765,0.0,0.0,0.0,0.0
2026-09-23T00:24:22.531900,1790103262.5313256,0.0,0.0,0.0,0.0
2026-09-23T00:24:22.542123,1790103262.5412872,0.0,0.0,0.0,0.0
2026-09-23T00:24:22.552071,1790103262.5512688,0.0,0.0,0.0,0.0
2026-09-23T00:24:22.561785,1790103262.5612695,0.0,0.0,0.0,0.0
2026-09-23T00:24:22.571895,1790103262.571283,0.0,0.0,0.0,0.0
2026-09-23T00:24:22.581802,1790103262.5812614,0.0,0.0,0.0,0.0
2026-09-23T00:24:22.591689,1790103262.5912795,0.0,0.0,0.0,0.0
2026-09-23T00:24:22.602354,1790103262.6012757,0.0,0.0,0.0,0.0
2026-09-23T00:24:22.611831,1790103262.6112747,0.0,0.0,0.0,0.0
2026-09-23T00:24:22.621776,1790103262.621265,0.0,0.0,0.0,0.0
2026-09-23T00:24:22.631703,1790103262.631272,0.0,0.0,0.0,0.0
2026-09-23T00:24:22.641886,1790103262.6412675,0.0,0.0,0.0,0.0
2026-09-23T00:24:22.652094,1790103262.6512737,0.0,0.0,0.0,0.0
2026-09-23T00:24:22.661897,1790103262.66128,0.0,0.0,0.0,0.0
2026-09-23T00:24:22.671806,1790103262.6712675,0.0,0.0,0.0,0.0
2026-09-23T00:24:22.681912,1790103262.6813107,0.0,0.0,0.0,0.0
2026-09-23T00:24:22.691736,1790103262.6912618,0.0,0.0,0.0,0.0
2026-09-23T00:24:22.702676,1790103262.7012944,0.0,0.0,0.0,0.0
2026-09-23T00:24:22.711643,1790103262.71127,0.0,0.0,0.0,0.0
2026-09-23T00:24:22.721880,1790103262.7212656,0.0,0.0,0.0,0.0
2026-09-23T00:24:22.731774,1790103262.7312624,0.0,0.0,0.0,0.0
2026-09-23T00:24:22.741778,1790103262.7412689,0.0,0.0,0.0,0.0
2026-09-23T00:24:22.752041,1790103262.7512784,0.0,0.0,0.0,0.0
2026-09-23T00:24:22.761799,1790103262.7612653,0.0,0.0,0.0,0.0
2026-09-23T00:24:22.771702,1790103262.7712724,0.0,0.0,0.0,0.0
2026-09-23T00:24:22.782668,1790103262.7812796,0.0,0.0,0.0,0.0
2026-09-23T00:24:22.791703,1790103262.7912593,0.0,0.0,0.0,0.0
2026-09-23T00:24:22.802257,1790103262.8012705,0.0,0.0,0.0,0.0
2026-09-23T00:24:22.811736,1790103262.8112679,0.0,0.0,0.0,0.0
2026-09-23T00:24:22.821769,1790103262.8212688,0.0,0.0,0.0,0.0
2026-09-23T00:24:22.831874,1790103262.8312752,0.0,0.0,0.0,0.0
2026-09-23T00:24:22.841787,1790103262.8412695,0.0,0.0,0.0,0.0
2026-09-23T00:24:22.852066,1790103262.851274,0.0,0.0,0.0,0.0
2026-09-23T00:24:22.861949,1790103262.8612697,0.0,0.0,0.0,0.0
2026-09-23T00:24:22.871664,1790103262.8712735,0.0,0.0,0.0,0.0
2026-09-23T00:24:22.881809,1790103262.8812685,0.0,0.0,0.0,0.0
2026-09-23T00:24:22.891842,1790103262.8912697,0.0,0.0,0.0,0.0
2026-09-23T00:24:22.902092,1790103262.9012687,0.0,0.0,0.0,0.0
2026-09-23T00:24:22.911752,1790103262.9112723,0.0,0.0,0.0,0.0
2026-09-23T00:24:22.921774,1790103262.9212806,0.0,0.0,0.0,0.0
2026-09-23T00:24:22.931745,1790103262.9312677,0.0,0.0,0.0,0.0
2026-09-23T00:24:22.941789,1790103262.9412682,0.0,0.0,0.0,0.0
2026-09-23T00:24:22.952277,1790103262.9512773,0.0,0.0,0.0,0.0
2026-09-23T00:24:22.961853,1790103262.9612682,0.0,0.0,0.0,0.0
2026-09-23T00:24:22.971778,1790103262.9712682,0.0,0.0,0.0,0.0
2026-09-23T00:24:22.981789,1790103262.9812665,0.0,0.0,0.0,0.0
2026-09-23T00:24:22.991869,1790103262.9912803,0.0,0.0,0.0,0.0
2026-09-23T00:24:23.002121,1790103263.0012667,0.0,0.0,0.0,0.0
2026-09-23T00:24:23.011686,1790103263.0112615,0.0,0.0,0.0,0.0
2026-09-23T00:24:23.022024,1790103263.0212893,0.0,0.0,0.0,0.0
2026-09-23T00:24:23.031763,1790103263.0312767,0.0,0.0,0.0,0.0
2026-09-23T00:24:23.041671,1790103263.0412655,0.0,0.0,0.0,0.0
2026-09-23T00:24:23.052122,1790103263.0512938,0.0,0.0,0.0,0.0
2026-09-23T00:24:23.061943,1790103263.061284,0.0,0.0,0.0,0.0
2026-09-23T00:24:23.071694,1790103263.071253,0.0,0.0,0.0,0.0
2026-09-23T00:24:23.081878,1790103263.0812652,0.0,0.0,0.0,0.0
2026-09-23T00:24:23.091761,1790103263.091265,0.0,0.0,0.0,0.0
2026-09-23T00:24:23.102132,1790103263.1012769,0.0,0.0,0.0,0.0
2026-09-23T00:24:23.111756,1790103263.111267,0.0,0.0,0.0,0.0
2026-09-23T00:24:23.121829,1790103263.121263,0.0,0.0,0.0,0.0
2026-09-23T00:24:23.131750,1790103263.1312802,0.0,0.0,0.0,0.0
2026-09-23T00:24:23.141845,1790103263.1412826,0.0,0.0,0.0,0.0
2026-09-23T00:24:23.152112,1790103263.1512904,0.0,0.0,0.0,0.0
2026-09-23T00:24:23.161815,1790103263.1612806,0.0,0.0,0.0,0.0
2026-09-23T00:24:23.171714,1790103263.171268,0.0,0.0,0.0,0.0
2026-09-23T00:24:23.181976,1790103263.181311,0.0,0.0,0.0,0.0
2026-09-23T00:24:23.191856,1790103263.1912696,0.0,0.0,0.0,0.0
2026-09-23T00:24:23.202340,1790103263.201268,0.0,0.0,0.0,0.0
2026-09-23T00:24:23.211775,1790103263.2112854,0.0,0.0,0.0,0.0
2026-09-23T00:24:23.221849,1790103263.2212772,0.0,0.0,0.0,0.0
2026-09-23T00:24:23.231679,1790103263.2312765,0.0,0.0,0.0,0.0
2026-09-23T00:24:23.241776,1790103263.24128,0.0,0.0,0.0,0.0
2026-09-23T00:24:23.252215,1790103263.2512937,0.0,0.0,0.0,0.0
2026-09-23T00:24:23.261979,1790103263.2612765,0.0,0.0,0.0,0.0
2026-09-23T00:24:23.271753,1790103263.271284,0.0,0.0,0.0,0.0
2026-09-23T00:24:23.281803,1790103263.281281,0.0,0.0,0.0,0.0
2026-09-23T00:24:23.291675,1790103263.2912772,0.0,0.0,0.0,0.0
2026-09-23T00:24:23.302049,1790103263.3012764,0.0,0.0,0.0,0.0
2026-09-23T00:24:23.311803,1790103263.3112874,0.0,0.0,0.0,0.0
2026-09-23T00:24:23.321797,1790103263.3212817,0.0,0.0,0.0,0.0
2026-09-23T00:24:23.331817,1790103263.3312783,0.0,0.0,0.0,0.0
2026-09-23T00:24:23.342048,1790103263.341302,0.0,0.0,0.0,0.0
2026-09-23T00:24:23.352218,1790103263.3512971,0.0,0.0,0.0,0.0
2026-09-23T00:24:23.361859,1790103263.3612947,0.0,0.0,0.0,0.0
2026-09-23T00:24:23.371790,1790103263.3712823,0.0,0.0,0.0,0.0
2026-09-23T00:24:23.381783,1790103263.3812819,0.0,0.0,0.0,0.0
2026-09-23T00:24:23.391981,1790103263.391266,0.0,0.0,0.0,0.0
2026-09-23T00:24:23.401976,1790103263.4012678,0.0,0.0,0.0,0.0
2026-09-23T00:24:23.411761,1790103263.411263,0.0,0.0,0.0,0.0
2026-09-23T00:24:23.421863,1790103263.4212723,0.0,0.0,0.0,0.0
2026-09-23T00:24:23.431737,1790103263.431271,0.0,0.0,0.0,0.0
2026-09-23T00:24:23.441893,1790103263.4412642,0.0,0.0,0.0,0.0
2026-09-23T00:24:23.452257,1790103263.4512658,0.0,0.0,0.0,0.0
2026-09-23T00:24:23.461812,1790103263.4612749,0.0,0.0,0.0,0.0
2026-09-23T00:24:23.471840,1790103263.471279,0.0,0.0,0.0,0.0
2026-09-23T00:24:23.481827,1790103263.481271,0.0,0.0,0.0,0.0
2026-09-23T00:24:23.491734,1790103263.4912655,0.0,0.0,0.0,0.0
2026-09-23T00:24:23.502570,1790103263.5013037,0.0,0.0,0.0,0.0
2026-09-23T00:24:23.511778,1790103263.511271,0.0,0.0,0.0,0.0
2026-09-23T00:24:23.521872,1790103263.5212884,0.0,0.0,0.0,0.0
2026-09-23T00:24:23.531809,1790103263.5312908,0.0,0.0,0.0,0.0
2026-09-23T00:24:23.541811,1790103263.5412784,0.0,0.0,0.0,0.0
2026-09-23T00:24:23.552212,1790103263.5513253,0.0,0.0,0.0,0.0
2026-09-23T00:24:23.564281,1790103263.561279,0.0,0.0,0.0,0.0
2026-09-23T00:24:23.571722,1790103263.5712497,0.0,0.0,0.0,0.0
2026-09-23T00:24:23.581819,1790103263.5812683,0.0,0.0,0.0,0.0
2026-09-23T00:24:23.591815,1790103263.5912733,0.0,0.0,0.0,0.0
2026-09-23T00:24:23.602241,1790103263.6013217,0.0,0.0,0.0,0.0
2026-09-23T00:24:23.611762,1790103263.6112645,0.0,0.0,0.0,0.0
2026-09-23T00:24:23.621893,1790103263.6212823,0.0,0.0,0.0,0.0
2026-09-23T00:24:23.631878,1790103263.6312866,0.0,0.0,0.0,0.0
2026-09-23T00:24:23.641767,1790103263.6412754,0.0,0.0,0.0,0.0
2026-09-23T00:24:23.652111,1790103263.6513283,0.0,0.0,0.0,0.0
2026-09-23T00:24:23.661979,1790103263.6612806,0.0,0.0,0.0,0.0
2026-09-23T00:24:23.671743,1790103263.671269,0.0,0.0,0.0,0.0
2026-09-23T00:24:23.681910,1790103263.6812646,0.0,0.0,0.0,0.0
2026-09-23T00:24:23.691921,1790103263.6912615,0.0,0.0,0.0,0.0
2026-09-23T00:24:23.702177,1790103263.7013414,0.0,0.0,0.0,0.0
2026-09-23T00:24:23.711808,1790103263.7112675,0.0,0.0,0.0,0.0
2026-09-23T00:24:23.721739,1790103263.7212667,0.0,0.0,0.0,0.0
2026-09-23T00:24:23.731674,1790103263.7312715,0.0,0.0,0.0,0.0
2026-09-23T00:24:23.741821,1790103263.741264,0.0,0.0,0.0,0.0
2026-09-23T00:24:23.752144,1790103263.7513611,0.0,0.0,0.0,0.0
2026-09-23T00:24:23.761810,1790103263.7612617,0.0,0.0,0.0,0.0
2026-09-23T00:24:23.771673,1790103263.771273,0.0,0.0,0.0,0.0
2026-09-23T00:24:23.781749,1790103263.7812717,0.0,0.0,0.0,0.0
2026-09-23T00:24:23.791813,1790103263.7912729,0.0,0.0,0.0,0.0
2026-09-23T00:24:23.802247,1790103263.8013644,0.0,0.0,0.0,0.0
2026-09-23T00:24:23.811902,1790103263.811284,0.0,0.0,0.0,0.0
2026-09-23T00:24:23.822035,1790103263.821294,0.0,0.0,0.0,0.0
2026-09-23T00:24:23.831813,1790103263.8312669,0.0,0.0,0.0,0.0
2026-09-23T00:24:23.841796,1790103263.8412635,0.0,0.0,0.0,0.0
2026-09-23T00:24:23.852365,1790103263.8512838,0.0,0.0,0.0,0.0
2026-09-23T00:24:23.862091,1790103263.8612745,0.0,0.0,0.0,0.0
2026-09-23T00:24:23.871756,1790103263.871267,0.0,0.0,0.0,0.0
2026-09-23T00:24:23.881910,1790103263.881246,0.0,0.0,0.0,0.0
2026-09-23T00:24:23.891757,1790103263.8912632,0.0,0.0,0.0,0.0
2026-09-23T00:24:23.902091,1790103263.9012659,0.0,0.0,0.0,0.0
2026-09-23T00:24:23.911753,1790103263.9112659,0.0,0.0,0.0,0.0
2026-09-23T00:24:23.921924,1790103263.9212692,0.0,0.0,0.0,0.0
2026-09-23T00:24:23.931755,1790103263.9312732,0.0,0.0,0.0,0.0
2026-09-23T00:24:23.941764,1790103263.9412708,0.0,0.0,0.0,0.0
2026-09-23T00:24:23.951972,1790103263.9512684,0.0,0.0,0.0,0.0
2026-09-23T00:24:23.961910,1790103263.9613035,0.0,0.0,0.0,0.0
2026-09-23T00:24:23.971731,1790103263.9712627,0.0,0.0,0.0,0.0
2026-09-23T00:24:23.982112,1790103263.9812734,0.0,0.0,0.0,0.0
2026-09-23T00:24:23.991799,1790103263.9912605,0.0,0.0,0.0,0.0
2026-09-23T00:24:24.002043,1790103264.0012453,0.0,0.0,0.0,0.0
2026-09-23T00:24:24.011740,1790103264.0112634,0.0,0.0,0.0,0.0
2026-09-23T00:24:24.021858,1790103264.0212545,0.0,0.0,0.0,0.0
2026-09-23T00:24:24.031822,1790103264.031267,0.0,0.0,0.0,0.0
2026-09-23T00:24:24.041961,1790103264.0412638,0.0,0.0,0.0,0.0
2026-09-23T00:24:24.051929,1790103264.0512612,0.0,0.0,0.0,0.0
2026-09-23T00:24:24.061795,1790103264.0612655,0.0,0.0,0.0,0.0
2026-09-23T00:24:24.071731,1790103264.0712633,0.0,0.0,0.0,0.0
2026-09-23T00:24:24.084419,1790103264.0836947,0.0,0.0,0.0,0.0
2026-09-23T00:24:24.091723,1790103264.0912678,0.0,0.0,0.0,0.0
2026-09-23T00:24:24.102066,1790103264.1012688,0.0,0.0,0.0,0.0
2026-09-23T00:24:24.111684,1790103264.1112614,0.0,0.0,0.0,0.0
2026-09-23T00:24:24.121790,1790103264.12127,0.0,0.0,0.0,0.0
2026-09-23T00:24:24.131746,1790103264.1312637,0.0,0.0,0.0,0.0
2026-09-23T00:24:24.142189,1790103264.1412675,0.0,0.0,0.0,0.0
2026-09-23T00:24:24.152121,1790103264.1512644,0.0,0.0,0.0,0.0
2026-09-23T00:24:24.161852,1790103264.161271,0.0,0.0,0.0,0.0
2026-09-23T00:24:24.172018,1790103264.171267,0.0,0.0,0.0,0.0
2026-09-23T00:24:24.181813,1790103264.1812654,0.0,0.0,0.0,0.0
2026-09-23T00:24:24.191766,1790103264.1912742,0.0,0.0,0.0,0.0
2026-09-23T00:24:24.202084,1790103264.2012618,0.0,0.0,0.0,0.0
2026-09-23T00:24:24.211752,1790103264.2112496,0.0,0.0,0.0,0.0
2026-09-23T00:24:24.221826,1790103264.2212684,0.0,0.0,0.0,0.0
2026-09-23T00:24:24.231723,1790103264.2312663,0.0,0.0,0.0,0.0
2026-09-23T00:24:24.241850,1790103264.2412586,0.0,0.0,0.0,0.0
2026-09-23T00:24:24.252000,1790103264.2512724,0.0,0.0,0.0,0.0
2026-09-23T00:24:24.262019,1790103264.261277,0.0,0.0,0.0,0.0
2026-09-23T00:24:24.271723,1790103264.2712655,0.0,0.0,0.0,0.0
2026-09-23T00:24:24.282026,1790103264.2812972,0.0,0.0,0.0,0.0
2026-09-23T00:24:24.291858,1790103264.2912655,0.0,0.0,0.0,0.0
2026-09-23T00:24:24.302650,1790103264.3012908,0.0,0.0,0.0,0.0
2026-09-23T00:24:24.311731,1790103264.3112643,0.0,0.0,0.0,0.0
2026-09-23T00:24:24.321867,1790103264.3212578,0.0,0.0,0.0,0.0
2026-09-23T00:24:24.331829,1790103264.331304,0.0,0.0,0.0,0.0
2026-09-23T00:24:24.341843,1790103264.3412664,0.0,0.0,0.0,0.0
2026-09-23T00:24:24.352235,1790103264.3512769,0.0,0.0,0.0,0.0
2026-09-23T00:24:24.361932,1790103264.361283,0.0,0.0,0.0,0.0
2026-09-23T00:24:24.371805,1790103264.371281,0.0,0.0,0.0,0.0
2026-09-23T00:24:24.381773,1790103264.381271,0.0,0.0,0.0,0.0
2026-09-23T00:24:24.391847,1790103264.3912885,0.0,0.0,0.0,0.0
2026-09-23T00:24:24.402046,1790103264.401265,0.0,0.0,0.0,0.0
2026-09-23T00:24:24.411741,1790103264.4112685,0.0,0.0,0.0,0.0
2026-09-23T00:24:24.421794,1790103264.4212573,0.0,0.0,0.0,0.0
2026-09-23T00:24:24.432000,1790103264.4312751,0.0,0.0,0.0,0.0
2026-09-23T00:24:24.441916,1790103264.4412875,0.0,0.0,0.0,0.0
2026-09-23T00:24:24.452054,1790103264.4512694,0.0,0.0,0.0,0.0
2026-09-23T00:24:24.461971,1790103264.4612713,0.0,0.0,0.0,0.0
2026-09-23T00:24:24.471866,1790103264.471311,0.0,0.0,0.0,0.0
2026-09-23T00:24:24.481852,1790103264.4812634,0.0,0.0,0.0,0.0
2026-09-23T00:24:24.492055,1790103264.491292,0.0,0.0,0.0,0.0
2026-09-23T00:24:24.502253,1790103264.5012903,0.0,0.0,0.0,0.0
2026-09-23T00:24:24.511786,1790103264.511274,0.0,0.0,0.0,0.0
2026-09-23T00:24:24.521937,1790103264.5213015,0.0,0.0,0.0,0.0
2026-09-23T00:24:24.531899,1790103264.5312736,0.0,0.0,0.0,0.0
2026-09-23T00:24:24.541798,1790103264.5412621,0.0,0.0,0.0,0.0
2026-09-23T00:24:24.552033,1790103264.5512693,0.0,0.0,0.0,0.0
2026-09-23T00:24:24.561801,1790103264.5612624,0.0,0.0,0.0,0.0
2026-09-23T00:24:24.571749,1790103264.5712638,0.0,0.0,0.0,0.0
2026-09-23T00:24:24.581796,1790103264.581264,0.0,0.0,0.0,0.0
2026-09-23T00:24:24.592008,1790103264.591273,0.0,0.0,0.0,0.0
2026-09-23T00:24:24.601912,1790103264.6012638,0.0,0.0,0.0,0.0
2026-09-23T00:24:24.611735,1790103264.6112688,0.0,0.0,0.0,0.0
2026-09-23T00:24:24.622055,1790103264.621268,0.0,0.0,0.0,0.0
2026-09-23T00:24:24.631804,1790103264.6312718,0.0,0.0,0.0,0.0
2026-09-23T00:24:24.641786,1790103264.641261,0.0,0.0,0.0,0.0
2026-09-23T00:24:24.652204,1790103264.6512842,0.0,0.0,0.0,0.0
2026-09-23T00:24:24.661869,1790103264.661274,0.0,0.0,0.0,0.0
2026-09-23T00:24:24.671746,1790103264.6712797,0.0,0.0,0.0,0.0
2026-09-23T00:24:24.681765,1790103264.6812854,0.0,0.0,0.0,0.0
2026-09-23T00:24:24.691840,1790103264.6912987,0.0,0.0,0.0,0.0
2026-09-23T00:24:24.702135,1790103264.7012885,0.0,0.0,0.0,0.0
2026-09-23T00:24:24.711760,1790103264.7112634,0.0,0.0,0.0,0.0
2026-09-23T00:24:24.721812,1790103264.7212753,0.0,0.0,0.0,0.0
2026-09-23T00:24:24.731715,1790103264.7312598,0.0,0.0,0.0,0.0
2026-09-23T00:24:24.741905,1790103264.7412791,0.0,0.0,0.0,0.0
2026-09-23T00:24:24.752062,1790103264.7512736,0.0,0.0,0.0,0.0
2026-09-23T00:24:24.761872,1790103264.7612982,0.0,0.0,0.0,0.0
2026-09-23T00:24:24.771851,1790103264.7712674,0.0,0.0,0.0,0.0
2026-09-23T00:24:24.781957,1790103264.7812707,0.0,0.0,0.0,0.0
2026-09-23T00:24:24.791916,1790103264.7912958,0.0,0.0,0.0,0.0
2026-09-23T00:24:24.801888,1790103264.8012788,0.0,0.0,0.0,0.0
2026-09-23T00:24:24.811826,1790103264.8112836,0.0,0.0,0.0,0.0
2026-09-23T00:24:24.821816,1790103264.8212621,0.0,0.0,0.0,0.0
2026-09-23T00:24:24.831824,1790103264.83126,0.0,0.0,0.0,0.0
2026-09-23T00:24:24.842068,1790103264.8412876,0.0,0.0,0.0,0.0
2026-09-23T00:24:24.852395,1790103264.8512883,0.0,0.0,0.0,0.0
2026-09-23T00:24:24.861806,1790103264.8612611,0.0,0.0,0.0,0.0
2026-09-23T00:24:24.871748,1790103264.871258,0.0,0.0,0.0,0.0
2026-09-23T00:24:24.881641,1790103264.8812628,0.0,0.0,0.0,0.0
2026-09-23T00:24:24.891821,1790103264.8912609,0.0,0.0,0.0,0.0
2026-09-23T00:24:24.902165,1790103264.901269,0.0,0.0,0.0,0.0
2026-09-23T00:24:24.911804,1790103264.9112623,0.0,0.0,0.0,0.0
2026-09-23T00:24:24.921748,1790103264.9212642,0.0,0.0,0.0,0.0
2026-09-23T00:24:24.931820,1790103264.9312906,0.0,0.0,0.0,0.0
2026-09-23T00:24:24.942188,1790103264.9413276,0.0,0.0,0.0,0.0
2026-09-23T00:24:24.952206,1790103264.951264,0.0,0.0,0.0,0.0
2026-09-23T00:24:24.961997,1790103264.961277,0.0,0.0,0.0,0.0
2026-09-23T00:24:24.971770,1790103264.971265,0.0,0.0,0.0,0.0
2026-09-23T00:24:24.981788,1790103264.9812734,0.0,0.0,0.0,0.0
2026-09-23T00:24:24.991917,1790103264.9912858,0.0,0.0,0.0,0.0
2026-09-23T00:24:25.002335,1790103265.00131,0.0,0.0,0.0,0.0
2026-09-23T00:24:25.011693,1790103265.0112705,0.0,0.0,0.0,0.0
2026-09-23T00:24:25.021776,1790103265.0212626,0.0,0.0,0.0,0.0
2026-09-23T00:24:25.031692,1790103265.0312662,0.0,0.0,0.0,0.0
2026-09-23T00:24:25.042356,1790103265.041264,0.0,0.0,0.0,0.0
2026-09-23T00:24:25.052224,1790103265.0512807,0.0,0.0,0.0,0.0
2026-09-23T00:24:25.061862,1790103265.0613039,0.0,0.0,0.0,0.0
2026-09-23T00:24:25.071864,1790103265.0712752,0.0,0.0,0.0,0.0
2026-09-23T00:24:25.081788,1790103265.0812643,0.0,0.0,0.0,0.0
2026-09-23T00:24:25.091908,1790103265.0912836,0.0,0.0,0.0,0.0
2026-09-23T00:24:25.102359,1790103265.1012683,0.0,0.0,0.0,0.0
2026-09-23T00:24:25.111730,1790103265.111263,0.0,0.0,0.0,0.0
2026-09-23T00:24:25.122035,1790103265.1212764,0.0,0.0,0.0,0.0
2026-09-23T00:24:25.131797,1790103265.1312656,0.0,0.0,0.0,0.0
2026-09-23T00:24:25.142062,1790103265.141284,0.0,0.0,0.0,0.0
2026-09-23T00:24:25.151981,1790103265.151263,0.0,0.0,0.0,0.0
2026-09-23T00:24:25.161807,1790103265.1612718,0.0,0.0,0.0,0.0
2026-09-23T00:24:25.171695,1790103265.1712673,0.0,0.0,0.0,0.0
2026-09-23T00:24:25.181829,1790103265.1812723,0.0,0.0,0.0,0.0
2026-09-23T00:24:25.191916,1790103265.191277,0.0,0.0,0.0,0.0
2026-09-23T00:24:25.202148,1790103265.2012668,0.0,0.0,0.0,0.0
2026-09-23T00:24:25.211800,1790103265.2112837,0.0,0.0,0.0,0.0
2026-09-23T00:24:25.221794,1790103265.2212636,0.0,0.0,0.0,0.0
2026-09-23T00:24:25.231829,1790103265.2312703,0.0,0.0,0.0,0.0
2026-09-23T00:24:25.241983,1790103265.2412748,0.0,0.0,0.0,0.0
2026-09-23T00:24:25.252093,1790103265.251281,0.0,0.0,0.0,0.0
2026-09-23T00:24:25.261949,1790103265.2612758,0.0,0.0,0.0,0.0
2026-09-23T00:24:25.271718,1790103265.2712595,0.0,0.0,0.0,0.0
2026-09-23T00:24:25.281790,1790103265.2812626,0.0,0.0,0.0,0.0
2026-09-23T00:24:25.291990,1790103265.2912807,0.0,0.0,0.0,0.0
2026-09-23T00:24:25.302273,1790103265.3012652,0.0,0.0,0.0,0.0
2026-09-23T00:24:25.312052,1790103265.3112679,0.0,0.0,0.0,0.0
2026-09-23T00:24:25.321774,1790103265.321267,0.0,0.0,0.0,0.0
2026-09-23T00:24:25.331706,1790103265.331279,0.0,0.0,0.0,0.0
2026-09-23T00:24:25.342164,1790103265.3412814,0.0,0.0,0.0,0.0
2026-09-23T00:24:25.351984,1790103265.3512633,0.0,0.0,0.0,0.0
2026-09-23T00:24:25.361707,1790103265.3612669,0.0,0.0,0.0,0.0
2026-09-23T00:24:25.371709,1790103265.371263,0.0,0.0,0.0,0.0
2026-09-23T00:24:25.381752,1790103265.3812733,0.0,0.0,0.0,0.0
2026-09-23T00:24:25.391905,1790103265.3912687,0.0,0.0,0.0,0.0
2026-09-23T00:24:25.402307,1790103265.4012654,0.0,0.0,0.0,0.0
2026-09-23T00:24:25.411752,1790103265.4112594,0.0,0.0,0.0,0.0
2026-09-23T00:24:25.422051,1790103265.421262,0.0,0.0,0.0,0.0
2026-09-23T00:24:25.431733,1790103265.4312654,0.0,0.0,0.0,0.0
2026-09-23T00:24:25.441925,1790103265.4412863,0.0,0.0,0.0,0.0
2026-09-23T00:24:25.452169,1790103265.4512632,0.0,0.0,0.0,0.0
2026-09-23T00:24:25.462118,1790103265.461268,0.0,0.0,0.0,0.0
2026-09-23T00:24:25.471700,1790103265.471266,0.0,0.0,0.0,0.0
2026-09-23T00:24:25.481778,1790103265.4812648,0.0,0.0,0.0,0.0
2026-09-23T00:24:25.492235,1790103265.4912665,0.0,0.0,0.0,0.0
2026-09-23T00:24:25.502224,1790103265.5012963,0.0,0.0,0.0,0.0
2026-09-23T00:24:25.512878,1790103265.5112753,0.0,0.0,0.0,0.0
2026-09-23T00:24:25.521667,1790103265.5212662,0.0,0.0,0.0,0.0
2026-09-23T00:24:25.531866,1790103265.531276,0.0,0.0,0.0,0.0
2026-09-23T00:24:25.542011,1790103265.5412843,0.0,0.0,0.0,0.0
2026-09-23T00:24:25.552259,1790103265.5512702,0.0,0.0,0.0,0.0
2026-09-23T00:24:25.561781,1790103265.5612676,0.0,0.0,0.0,0.0
2026-09-23T00:24:25.571687,1790103265.5712664,0.0,0.0,0.0,0.0
2026-09-23T00:24:25.582057,1790103265.5812852,0.0,0.0,0.0,0.0
2026-09-23T00:24:25.592123,1790103265.5913537,0.0,0.0,0.0,0.0
2026-09-23T00:24:25.601867,1790103265.6012564,0.0,0.0,0.0,0.0
2026-09-23T00:24:25.611745,1790103265.6112614,0.0,0.0,0.0,0.0
2026-09-23T00:24:25.621966,1790103265.6213102,0.0,0.0,0.0,0.0
2026-09-23T00:24:25.631788,1790103265.6312664,0.0,0.0,0.0,0.0
2026-09-23T00:24:25.642098,1790103265.6413434,0.0,0.0,0.0,0.0
2026-09-23T00:24:25.651796,1790103265.6512673,0.0,0.0,0.0,0.0
2026-09-23T00:24:25.661817,1790103265.6612737,0.0,0.0,0.0,0.0
2026-09-23T00:24:25.671808,1790103265.671276,0.0,0.0,0.0,0.0
2026-09-23T00:24:25.681915,1790103265.6812606,0.0,0.0,0.0,0.0
2026-09-23T00:24:25.692146,1790103265.6913357,0.0,0.0,0.0,0.0
2026-09-23T00:24:25.702329,1790103265.7012637,0.0,0.0,0.0,0.0
2026-09-23T00:24:25.711888,1790103265.7112763,0.0,0.0,0.0,0.0
2026-09-23T00:24:25.721773,1790103265.7212594,0.0,0.0,0.0,0.0
2026-09-23T00:24:25.731722,1790103265.7312608,0.0,0.0,0.0,0.0
2026-09-23T00:24:25.742365,1790103265.741356,0.0,0.0,0.0,0.0
2026-09-23T00:24:25.751779,1790103265.7512867,0.0,0.0,0.0,0.0
2026-09-23T00:24:25.761799,1790103265.7612653,0.0,0.0,0.0,0.0
2026-09-23T00:24:25.771870,1790103265.771278,0.0,0.0,0.0,0.0
2026-09-23T00:24:25.781827,1790103265.7812626,0.0,0.0,0.0,0.0
2026-09-23T00:24:25.792007,1790103265.79135,0.0,0.0,0.0,0.0
2026-09-23T00:24:25.801951,1790103265.8012626,0.0,0.0,0.0,0.0
2026-09-23T00:24:25.811805,1790103265.8112595,0.0,0.0,0.0,0.0
2026-09-23T00:24:25.821729,1790103265.821261,0.0,0.0,0.0,0.0
2026-09-23T00:24:25.831688,1790103265.8312647,0.0,0.0,0.0,0.0
2026-09-23T00:24:25.841957,1790103265.841278,0.0,0.0,0.0,0.0
2026-09-23T00:24:25.851961,1790103265.851285,0.0,0.0,0.0,0.0
2026-09-23T00:24:25.861957,1790103265.861263,0.0,0.0,0.0,0.0
2026-09-23T00:24:25.871791,1790103265.8712711,0.0,0.0,0.0,0.0
2026-09-23T00:24:25.881796,1790103265.8812578,0.0,0.0,0.0,0.0
2026-09-23T00:24:25.892124,1790103265.8913386,0.0,0.0,0.0,0.0
2026-09-23T00:24:25.902428,1790103265.9013062,0.0,0.0,0.0,0.0
2026-09-23T00:24:25.911809,1790103265.9112647,0.0,0.0,0.0,0.0
2026-09-23T00:24:25.921749,1790103265.9212682,0.0,0.0,0.0,0.0
2026-09-23T00:24:25.931805,1790103265.931261,0.0,0.0,0.0,0.0
2026-09-23T00:24:25.942134,1790103265.9413416,0.0,0.0,0.0,0.0
2026-09-23T00:24:25.951987,1790103265.9512863,0.0,0.0,0.0,0.0
2026-09-23T00:24:25.961802,1790103265.9612799,0.0,0.0,0.0,0.0
2026-09-23T00:24:25.971671,1790103265.9712765,0.0,0.0,0.0,0.0
2026-09-23T00:24:25.981885,1790103265.9812822,0.0,0.0,0.0,0.0
2026-09-23T00:24:25.991772,1790103265.991268,0.0,0.0,0.0,0.0
2026-09-23T00:24:26.002070,1790103266.0012615,0.0,0.0,0.0,0.0
2026-09-23T00:24:26.012112,1790103266.0113392,0.0,0.0,0.0,0.0
2026-09-23T00:24:26.021644,1790103266.0212643,0.0,0.0,0.0,0.0
2026-09-23T00:24:26.031931,1790103266.031273,0.0,0.0,0.0,0.0
2026-09-23T00:24:26.041832,1790103266.0412683,0.0,0.0,0.0,0.0
2026-09-23T00:24:26.052046,1790103266.0512996,0.0,0.0,0.0,0.0
2026-09-23T00:24:26.062314,1790103266.0613282,0.0,0.0,0.0,0.0
2026-09-23T00:24:26.071721,1790103266.0712743,0.0,0.0,0.0,0.0
2026-09-23T00:24:26.081939,1790103266.0812788,0.0,0.0,0.0,0.0
2026-09-23T00:24:26.091826,1790103266.0912738,0.0,0.0,0.0,0.0
2026-09-23T00:24:26.102018,1790103266.1012647,0.0,0.0,0.0,0.0
2026-09-23T00:24:26.112136,1790103266.1113718,0.0,0.0,0.0,0.0
2026-09-23T00:24:26.121776,1790103266.1212726,0.0,0.0,0.0,0.0
2026-09-23T00:24:26.131854,1790103266.1312823,0.0,0.0,0.0,0.0
2026-09-23T00:24:26.141801,1790103266.1412768,0.0,0.0,0.0,0.0
2026-09-23T00:24:26.152046,1790103266.1512768,0.0,0.0,0.0,0.0
2026-09-23T00:24:26.161810,1790103266.161267,0.0,0.0,0.0,0.0
2026-09-23T00:24:26.171801,1790103266.1712832,0.0,0.0,0.0,0.0
2026-09-23T00:24:26.181942,1790103266.181299,0.0,0.0,0.0,0.0
2026-09-23T00:24:26.191766,1790103266.1912682,0.0,0.0,0.0,0.0
2026-09-23T00:24:26.202021,1790103266.2012808,0.0,0.0,0.0,0.0
2026-09-23T00:24:26.212080,1790103266.2113364,0.0,0.0,0.0,0.0
2026-09-23T00:24:26.222127,1790103266.2212963,0.0,0.0,0.0,0.0
2026-09-23T00:24:26.231685,1790103266.2313008,0.0,0.0,0.0,0.0
2026-09-23T00:24:26.241798,1790103266.2412803,0.0,0.0,0.0,0.0
2026-09-23T00:24:26.252022,1790103266.2512646,0.0,0.0,0.0,0.0
2026-09-23T00:24:26.261954,1790103266.2613044,0.0,0.0,0.0,0.0
2026-09-23T00:24:26.271721,1790103266.2712643,0.0,0.0,0.0,0.0
2026-09-23T00:24:26.281823,1790103266.2812815,0.0,0.0,0.0,0.0
2026-09-23T00:24:26.291809,1790103266.2912676,0.0,0.0,0.0,0.0
2026-09-23T00:24:26.302457,1790103266.3012729,0.0,0.0,0.0,0.0
2026-09-23T00:24:26.312000,1790103266.311335,0.0,0.0,0.0,0.0
2026-09-23T00:24:26.321791,1790103266.3212638,0.0,0.0,0.0,0.0
2026-09-23T00:24:26.331645,1790103266.331264,0.0,0.0,0.0,0.0
2026-09-23T00:24:26.341843,1790103266.341269,0.0,0.0,0.0,0.0
2026-09-23T00:24:26.351971,1790103266.3512838,0.0,0.0,0.0,0.0
2026-09-23T00:24:26.361946,1790103266.3612862,0.0,0.0,0.0,0.0
2026-09-23T00:24:26.371728,1790103266.3712618,0.0,0.0,0.0,0.0
2026-09-23T00:24:26.381999,1790103266.3812912,0.0,0.0,0.0,0.0
2026-09-23T00:24:26.391874,1790103266.3912683,0.0,0.0,0.0,0.0
2026-09-23T00:24:26.402086,1790103266.4012609,0.0,0.0,0.0,0.0
2026-09-23T00:24:26.412080,1790103266.411334,0.0,0.0,0.0,0.0
2026-09-23T00:24:26.421767,1790103266.421258,0.0,0.0,0.0,0.0
2026-09-23T00:24:26.431758,1790103266.431273,0.0,0.0,0.0,0.0
2026-09-23T00:24:26.441791,1790103266.4412658,0.0,0.0,0.0,0.0
2026-09-23T00:24:26.452001,1790103266.4512634,0.0,0.0,0.0,0.0
2026-09-23T00:24:26.462000,1790103266.4613192,0.0,0.0,0.0,0.0
2026-09-23T00:24:26.471848,1790103266.471286,0.0,0.0,0.0,0.0
2026-09-23T00:24:26.481690,1790103266.4812655,0.0,0.0,0.0,0.0
2026-09-23T00:24:26.492050,1790103266.491278,0.0,0.0,0.0,0.0
2026-09-23T00:24:26.502487,1790103266.5012655,0.0,0.0,0.0,0.0
2026-09-23T00:24:26.511873,1790103266.5112505,0.0,0.0,0.0,0.0
2026-09-23T00:24:26.521883,1790103266.5212822,0.0,0.0,0.0,0.0
2026-09-23T00:24:26.531876,1790103266.5312958,0.0,0.0,0.0,0.0
2026-09-23T00:24:26.542091,1790103266.5412796,0.0,0.0,0.0,0.0
2026-09-23T00:24:26.551944,1790103266.5512996,0.0,0.0,0.0,0.0
2026-09-23T00:24:26.562081,1790103266.5613003,0.0,0.0,0.0,0.0
2026-09-23T00:24:26.571762,1790103266.571263,0.0,0.0,0.0,0.0
2026-09-23T00:24:26.581739,1790103266.5812695,0.0,0.0,0.0,0.0
2026-09-23T00:24:26.592799,1790103266.59128,0.0,0.0,0.0,0.0
2026-09-23T00:24:26.601942,1790103266.6012704,0.0,0.0,0.0,0.0
2026-09-23T00:24:26.612211,1790103266.6112857,0.0,0.0,0.0,0.0
2026-09-23T00:24:26.621753,1790103266.6212745,0.0,0.0,0.0,0.0
2026-09-23T00:24:26.631710,1790103266.6312625,0.0,0.0,0.0,0.0
2026-09-23T00:24:26.641786,1790103266.641269,0.0,0.0,0.0,0.0
2026-09-23T00:24:26.652140,1790103266.6512687,0.0,0.0,0.0,0.0
2026-09-23T00:24:26.662015,1790103266.6613193,0.0,0.0,0.0,0.0
2026-09-23T00:24:26.671759,1790103266.6712644,0.0,0.0,0.0,0.0
2026-09-23T00:24:26.681774,1790103266.6812646,0.0,0.0,0.0,0.0
2026-09-23T00:24:26.691757,1790103266.6912699,0.0,0.0,0.0,0.0
2026-09-23T00:24:26.702547,1790103266.701284,0.0,0.0,0.0,0.0
2026-09-23T00:24:26.712254,1790103266.7113235,0.0,0.0,0.0,0.0
2026-09-23T00:24:26.721807,1790103266.7212694,0.0,0.0,0.0,0.0
2026-09-23T00:24:26.731840,1790103266.731289,0.0,0.0,0.0,0.0
2026-09-23T00:24:26.741825,1790103266.7412825,0.0,0.0,0.0,0.0
2026-09-23T00:24:26.751775,1790103266.7512698,0.0,0.0,0.0,0.0
2026-09-23T00:24:26.761958,1790103266.7613451,0.0,0.0,0.0,0.0
2026-09-23T00:24:26.771656,1790103266.7712662,0.0,0.0,0.0,0.0
2026-09-23T00:24:26.782007,1790103266.781312,0.0,0.0,0.0,0.0
2026-09-23T00:24:26.791803,1790103266.7912662,0.0,0.0,0.0,0.0
2026-09-23T00:24:26.801957,1790103266.80128,0.0,0.0,0.0,0.0
2026-09-23T00:24:26.812188,1790103266.8113108,0.0,0.0,0.0,0.0
2026-09-23T00:24:26.821889,1790103266.8212771,0.0,0.0,0.0,0.0
2026-09-23T00:24:26.831955,1790103266.8312848,0.0,0.0,0.0,0.0
2026-09-23T00:24:26.841773,1790103266.8412716,0.0,0.0,0.0,0.0
2026-09-23T00:24:26.851770,1790103266.851279,0.0,0.0,0.0,0.0
2026-09-23T00:24:26.862276,1790103266.8613486,0.0,0.0,0.0,0.0
2026-09-23T00:24:26.871927,1790103266.8712807,0.0,0.0,0.0,0.0
2026-09-23T00:24:26.881673,1790103266.88128,0.0,0.0,0.0,0.0
2026-09-23T00:24:26.891807,1790103266.8912723,0.0,0.0,0.0,0.0
2026-09-23T00:24:26.902007,1790103266.901275,0.0,0.0,0.0,0.0
2026-09-23T00:24:26.912290,1790103266.9113128,0.0,0.0,0.0,0.0
2026-09-23T00:24:26.921750,1790103266.9212627,0.0,0.0,0.0,0.0
2026-09-23T00:24:26.931807,1790103266.931278,0.0,0.0,0.0,0.0
2026-09-23T00:24:26.941786,1790103266.9412806,0.0,0.0,0.0,0.0
2026-09-23T00:24:26.951737,1790103266.9512742,0.0,0.0,0.0,0.0
2026-09-23T00:24:26.962082,1790103266.961334,0.0,0.0,0.0,0.0
2026-09-23T00:24:26.971755,1790103266.9712765,0.0,0.0,0.0,0.0
2026-09-23T00:24:26.981779,1790103266.9812694,0.0,0.0,0.0,0.0
2026-09-23T00:24:26.991916,1790103266.9912772,0.0,0.0,0.0,0.0
2026-09-23T00:24:27.001797,1790103267.0012836,0.0,0.0,0.0,0.0
2026-09-23T00:24:27.011849,1790103267.0112708,0.0,0.0,0.0,0.0
2026-09-23T00:24:27.022074,1790103267.0212834,0.0,0.0,0.0,0.0
2026-09-23T00:24:27.031738,1790103267.031268,0.0,0.0,0.0,0.0
2026-09-23T00:24:27.041751,1790103267.0412652,0.0,0.0,0.0,0.0
2026-09-23T00:24:27.051953,1790103267.051262,0.0,0.0,0.0,0.0
2026-09-23T00:24:27.061829,1790103267.0613055,0.0,0.0,0.0,0.0
2026-09-23T00:24:27.071728,1790103267.0712678,0.0,0.0,0.0,0.0
2026-09-23T00:24:27.081768,1790103267.0812674,0.0,0.0,0.0,0.0
2026-09-23T00:24:27.091676,1790103267.091289,0.0,0.0,0.0,0.0
2026-09-23T00:24:27.102260,1790103267.101283,0.0,0.0,0.0,0.0
2026-09-23T00:24:27.111871,1790103267.1112807,0.0,0.0,0.0,0.0
2026-09-23T00:24:27.121799,1790103267.1212785,0.0,0.0,0.0,0.0
2026-09-23T00:24:27.131775,1790103267.131282,0.0,0.0,0.0,0.0
2026-09-23T00:24:27.141824,1790103267.1412814,0.0,0.0,0.0,0.0
2026-09-23T00:24:27.152105,1790103267.1512833,0.0,0.0,0.0,0.0
2026-09-23T00:24:27.161832,1790103267.161293,0.0,0.0,0.0,0.0
2026-09-23T00:24:27.171791,1790103267.17128,0.0,0.0,0.0,0.0
2026-09-23T00:24:27.182954,1790103267.1812854,0.0,0.0,0.0,0.0
2026-09-23T00:24:27.191823,1790103267.1912675,0.0,0.0,0.0,0.0
2026-09-23T00:24:27.201977,1790103267.2012763,0.0,0.0,0.0,0.0
2026-09-23T00:24:27.211783,1790103267.2112901,0.0,0.0,0.0,0.0
2026-09-23T00:24:27.221882,1790103267.2212763,0.0,0.0,0.0,0.0
2026-09-23T00:24:27.231766,1790103267.2312822,0.0,0.0,0.0,0.0
2026-09-23T00:24:27.241717,1790103267.2412722,0.0,0.0,0.0,0.0
2026-09-23T00:24:27.251923,1790103267.2512708,0.0,0.0,0.0,0.0
2026-09-23T00:24:27.261842,1790103267.261274,0.0,0.0,0.0,0.0
2026-09-23T00:24:27.271990,1790103267.2712598,0.0,0.0,0.0,0.0
2026-09-23T00:24:27.281787,1790103267.2812734,0.0,0.0,0.0,0.0
2026-09-23T00:24:27.291775,1790103267.291282,0.0,0.0,0.0,0.0
2026-09-23T00:24:27.301940,1790103267.3012798,0.0,0.0,0.0,0.0
2026-09-23T00:24:27.311788,1790103267.3112833,0.0,0.0,0.0,0.0
2026-09-23T00:24:27.321891,1790103267.3212783,0.0,0.0,0.0,0.0
2026-09-23T00:24:27.331749,1790103267.331277,0.0,0.0,0.0,0.0
2026-09-23T00:24:27.342013,1790103267.3412745,0.0,0.0,0.0,0.0
2026-09-23T00:24:27.351868,1790103267.3512845,0.0,0.0,0.0,0.0
2026-09-23T00:24:27.361796,1790103267.3612766,0.0,0.0,0.0,0.0
2026-09-23T00:24:27.371750,1790103267.371278,0.0,0.0,0.0,0.0
2026-09-23T00:24:27.381813,1790103267.3812754,0.0,0.0,0.0,0.0
2026-09-23T00:24:27.391810,1790103267.3912797,0.0,0.0,0.0,0.0
2026-09-23T00:24:27.401930,1790103267.4012754,0.0,0.0,0.0,0.0
2026-09-23T00:24:27.411706,1790103267.4112682,0.0,0.0,0.0,0.0
2026-09-23T00:24:27.421663,1790103267.4212792,0.0,0.0,0.0,0.0
2026-09-23T00:24:27.431745,1790103267.4312632,0.0,0.0,0.0,0.0
2026-09-23T00:24:27.441823,1790103267.4412718,0.0,0.0,0.0,0.0
2026-09-23T00:24:27.451774,1790103267.4512806,0.0,0.0,0.0,0.0
2026-09-23T00:24:27.464984,1790103267.4613194,0.0,0.0,0.0,0.0
2026-09-23T00:24:27.473876,1790103267.471814,0.0,0.0,0.0,0.0
2026-09-23T00:24:27.482898,1790103267.481281,0.0,0.0,0.0,0.0
2026-09-23T00:24:27.496317,1790103267.491272,0.0,0.0,0.0,0.0
2026-09-23T00:24:27.505414,1790103267.5012684,0.0,0.0,0.0,0.0
2026-09-23T00:24:27.512848,1790103267.5112708,0.0,0.0,0.0,0.0
2026-09-23T00:24:27.522339,1790103267.5212398,0.0,0.0,0.0,0.0
2026-09-23T00:24:27.534798,1790103267.5314322,0.0,0.0,0.0,0.0
2026-09-23T00:24:27.542092,1790103267.5412738,0.0,0.0,0.0,0.0
2026-09-23T00:24:27.554214,1790103267.551293,0.0,0.0,0.0,0.0
2026-09-23T00:24:27.562142,1790103267.5612931,0.0,0.0,0.0,0.0
2026-09-23T00:24:27.572021,1790103267.5712647,0.0,0.0,0.0,0.0
2026-09-23T00:24:27.581910,1790103267.581267,0.0,0.0,0.0,0.0
2026-09-23T00:24:27.591884,1790103267.5912797,0.0,0.0,0.0,0.0
2026-09-23T00:24:27.601990,1790103267.6012666,0.0,0.0,0.0,0.0
2026-09-23T00:24:27.611885,1790103267.6112988,0.0,0.0,0.0,0.0
2026-09-23T00:24:27.621839,1790103267.6212654,0.0,0.0,0.0,0.0
2026-09-23T00:24:27.631852,1790103267.631284,0.0,0.0,0.0,0.0
2026-09-23T00:24:27.641760,1790103267.6412663,0.0,0.0,0.0,0.0
2026-09-23T00:24:27.651899,1790103267.6512797,0.0,0.0,0.0,0.0
2026-09-23T00:24:27.661997,1790103267.6612792,0.0,0.0,0.0,0.0
2026-09-23T00:24:27.671725,1790103267.6712644,0.0,0.0,0.0,0.0
2026-09-23T00:24:27.681612,1790103267.681258,0.0,0.0,0.0,0.0
2026-09-23T00:24:27.691816,1790103267.691276,0.0,0.0,0.0,0.0
2026-09-23T00:24:27.702060,1790103267.7012608,0.0,0.0,0.0,0.0
2026-09-23T00:24:27.711850,1790103267.711265,0.0,0.0,0.0,0.0
2026-09-23T00:24:27.722075,1790103267.721274,0.0,0.0,0.0,0.0
2026-09-23T00:24:27.731733,1790103267.7312634,0.0,0.0,0.0,0.0
2026-09-23T00:24:27.741791,1790103267.741267,0.0,0.0,0.0,0.0
2026-09-23T00:24:27.752028,1790103267.7512584,0.0,0.0,0.0,0.0
2026-09-23T00:24:27.761698,1790103267.7612603,0.0,0.0,0.0,0.0
2026-09-23T00:24:27.771799,1790103267.7712646,0.0,0.0,0.0,0.0
2026-09-23T00:24:27.781793,1790103267.7812774,0.0,0.0,0.0,0.0
2026-09-23T00:24:27.791779,1790103267.7912724,0.0,0.0,0.0,0.0
2026-09-23T00:24:27.801764,1790103267.8012648,0.0,0.0,0.0,0.0
2026-09-23T00:24:27.811671,1790103267.8112714,0.0,0.0,0.0,0.0
2026-09-23T00:24:27.822123,1790103267.8212476,0.0,0.0,0.0,0.0
2026-09-23T00:24:27.831821,1790103267.8312778,0.0,0.0,0.0,0.0
2026-09-23T00:24:27.841770,1790103267.8412707,0.0,0.0,0.0,0.0
2026-09-23T00:24:27.851831,1790103267.8512673,0.0,0.0,0.0,0.0
2026-09-23T00:24:27.861891,1790103267.8612726,0.0,0.0,0.0,0.0
2026-09-23T00:24:27.871785,1790103267.8712661,0.0,0.0,0.0,0.0
2026-09-23T00:24:27.881810,1790103267.8812635,0.0,0.0,0.0,0.0
2026-09-23T00:24:27.891772,1790103267.8912632,0.0,0.0,0.0,0.0
2026-09-23T00:24:27.902078,1790103267.9012382,0.0,0.0,0.0,0.0
2026-09-23T00:24:27.911772,1790103267.911272,0.0,0.0,0.0,0.0
2026-09-23T00:24:27.921820,1790103267.9212756,0.0,0.0,0.0,0.0
2026-09-23T00:24:27.931795,1790103267.9312804,0.0,0.0,0.0,0.0
2026-09-23T00:24:27.941830,1790103267.9412687,0.0,0.0,0.0,0.0
2026-09-23T00:24:27.952097,1790103267.9512913,0.0,0.0,0.0,0.0
2026-09-23T00:24:27.961676,1790103267.9612753,0.0,0.0,0.0,0.0
2026-09-23T00:24:27.971700,1790103267.9712708,0.0,0.0,0.0,0.0
2026-09-23T00:24:27.982089,1790103267.9813068,0.0,0.0,0.0,0.0
2026-09-23T00:24:27.991821,1790103267.9912717,0.0,0.0,0.0,0.0
2026-09-23T00:24:28.002007,1790103268.001282,0.0,0.0,0.0,0.0
2026-09-23T00:24:28.011754,1790103268.011273,0.0,0.0,0.0,0.0
2026-09-23T00:24:28.021745,1790103268.0212765,0.0,0.0,0.0,0.0
2026-09-23T00:24:28.031809,1790103268.031288,0.0,0.0,0.0,0.0
2026-09-23T00:24:28.041840,1790103268.0412772,0.0,0.0,0.0,0.0
2026-09-23T00:24:28.051766,1790103268.0512304,0.0,0.0,0.0,0.0
2026-09-23T00:24:28.061762,1790103268.0612671,0.0,0.0,0.0,0.0
2026-09-23T00:24:28.071711,1790103268.071265,0.0,0.0,0.0,0.0
2026-09-23T00:24:28.081826,1790103268.081272,0.0,0.0,0.0,0.0
2026-09-23T00:24:28.091800,1790103268.0912626,0.0,0.0,0.0,0.0
2026-09-23T00:24:28.102174,1790103268.1012726,0.0,0.0,0.0,0.0
2026-09-23T00:24:28.111810,1790103268.111279,0.0,0.0,0.0,0.0
2026-09-23T00:24:28.121688,1790103268.1212604,0.0,0.0,0.0,0.0
2026-09-23T00:24:28.131728,1790103268.1312647,0.0,0.0,0.0,0.0
2026-09-23T00:24:28.142088,1790103268.1412933,0.0,0.0,0.0,0.0
2026-09-23T00:24:28.151978,1790103268.1512659,0.0,0.0,0.0,0.0
2026-09-23T00:24:28.161839,1790103268.1612663,0.0,0.0,0.0,0.0
2026-09-23T00:24:28.171722,1790103268.1712623,0.0,0.0,0.0,0.0
2026-09-23T00:24:28.181806,1790103268.181282,0.0,0.0,0.0,0.0
2026-09-23T00:24:28.191757,1790103268.191266,0.0,0.0,0.0,0.0
2026-09-23T00:24:28.202169,1790103268.201298,0.0,0.0,0.0,0.0
2026-09-23T00:24:28.211856,1790103268.211214,0.0,0.0,0.0,0.0
2026-09-23T00:24:28.222162,1790103268.2212682,0.0,0.0,0.0,0.0
2026-09-23T00:24:28.231678,1790103268.231221,0.0,0.0,0.0,0.0
2026-09-23T00:24:28.241752,1790103268.241262,0.0,0.0,0.0,0.0
2026-09-23T00:24:28.252104,1790103268.251292,0.0,0.0,0.0,0.0
2026-09-23T00:24:28.261818,1790103268.2612555,0.0,0.0,0.0,0.0
2026-09-23T00:24:28.271764,1790103268.2712684,0.0,0.0,0.0,0.0
2026-09-23T00:24:28.281784,1790103268.281269,0.0,0.0,0.0,0.0
2026-09-23T00:24:28.291742,1790103268.2912645,0.0,0.0,0.0,0.0
2026-09-23T00:24:28.302247,1790103268.3012753,0.0,0.0,0.0,0.0
2026-09-23T00:24:28.311738,1790103268.3112679,0.0,0.0,0.0,0.0
2026-09-23T00:24:28.321922,1790103268.3212998,0.0,0.0,0.0,0.0
2026-09-23T00:24:28.331829,1790103268.3312643,0.0,0.0,0.0,0.0
2026-09-23T00:24:28.341858,1790103268.341231,0.0,0.0,0.0,0.0
2026-09-23T00:24:28.351903,1790103268.3513014,0.0,0.0,0.0,0.0
2026-09-23T00:24:28.362662,1790103268.361281,0.0,0.0,0.0,0.0
2026-09-23T00:24:28.371700,1790103268.3712707,0.0,0.0,0.0,0.0
2026-09-23T00:24:28.381852,1790103268.3812783,0.0,0.0,0.0,0.0
2026-09-23T00:24:28.391797,1790103268.3912737,0.0,0.0,0.0,0.0
2026-09-23T00:24:28.401931,1790103268.4012654,0.0,0.0,0.0,0.0
2026-09-23T00:24:28.411710,1790103268.4112835,0.0,0.0,0.0,0.0
2026-09-23T00:24:28.421817,1790103268.4212825,0.0,0.0,0.0,0.0
2026-09-23T00:24:28.432157,1790103268.4312947,0.0,0.0,0.0,0.0
2026-09-23T00:24:28.441732,1790103268.4412591,0.0,0.0,0.0,0.0
2026-09-23T00:24:28.451897,1790103268.4512837,0.0,0.0,0.0,0.0
2026-09-23T00:24:28.462202,1790103268.4612699,0.0,0.0,0.0,0.0
2026-09-23T00:24:28.471728,1790103268.4712594,0.0,0.0,0.0,0.0
2026-09-23T00:24:28.481763,1790103268.4812741,0.0,0.0,0.0,0.0
2026-09-23T00:24:28.491855,1790103268.49127,0.0,0.0,0.0,0.0
2026-09-23T00:24:28.501958,1790103268.5013125,0.0,0.0,0.0,0.0
2026-09-23T00:24:28.511690,1790103268.5112677,0.0,0.0,0.0,0.0
2026-09-23T00:24:28.521796,1790103268.5212955,0.0,0.0,0.0,0.0
2026-09-23T00:24:28.531759,1790103268.531266,0.0,0.0,0.0,0.0
2026-09-23T00:24:28.541941,1790103268.541304,0.0,0.0,0.0,0.0
2026-09-23T00:24:28.551814,1790103268.5512626,0.0,0.0,0.0,0.0
2026-09-23T00:24:28.561640,1790103268.5612614,0.0,0.0,0.0,0.0
2026-09-23T00:24:28.572562,1790103268.57127,0.0,0.0,0.0,0.0
2026-09-23T00:24:28.581812,1790103268.5812626,0.0,0.0,0.0,0.0
2026-09-23T00:24:28.591869,1790103268.5912728,0.0,0.0,0.0,0.0
2026-09-23T00:24:28.601897,1790103268.601277,0.0,0.0,0.0,0.0
2026-09-23T00:24:28.611695,1790103268.6112149,0.0,0.0,0.0,0.0
2026-09-23T00:24:28.622093,1790103268.6212726,0.0,0.0,0.0,0.0
2026-09-23T00:24:28.631783,1790103268.6312673,0.0,0.0,0.0,0.0
2026-09-23T00:24:28.641668,1790103268.6412609,0.0,0.0,0.0,0.0
2026-09-23T00:24:28.652062,1790103268.6512704,0.0,0.0,0.0,0.0
2026-09-23T00:24:28.661966,1790103268.6613002,0.0,0.0,0.0,0.0
2026-09-23T00:24:28.671704,1790103268.6712239,0.0,0.0,0.0,0.0
2026-09-23T00:24:28.681682,1790103268.6812801,0.0,0.0,0.0,0.0
2026-09-23T00:24:28.691787,1790103268.6912658,0.0,0.0,0.0,0.0
2026-09-23T00:24:28.701964,1790103268.7012691,0.0,0.0,0.0,0.0
2026-09-23T00:24:28.711768,1790103268.7112699,0.0,0.0,0.0,0.0
2026-09-23T00:24:28.721995,1790103268.721276,0.0,0.0,0.0,0.0
2026-09-23T00:24:28.731782,1790103268.7312758,0.0,0.0,0.0,0.0
2026-09-23T00:24:28.741770,1790103268.741277,0.0,0.0,0.0,0.0
2026-09-23T00:24:28.752159,1790103268.7512894,0.0,0.0,0.0,0.0
2026-09-23T00:24:28.761790,1790103268.7612886,0.0,0.0,0.0,0.0
2026-09-23T00:24:28.771881,1790103268.7712784,0.0,0.0,0.0,0.0
2026-09-23T00:24:28.781933,1790103268.7812686,0.0,0.0,0.0,0.0
2026-09-23T00:24:28.791680,1790103268.7912297,0.0,0.0,0.0,0.0
2026-09-23T00:24:28.802378,1790103268.8012645,0.0,0.0,0.0,0.0
2026-09-23T00:24:28.811826,1790103268.811272,0.0,0.0,0.0,0.0
2026-09-23T00:24:28.821806,1790103268.8212752,0.0,0.0,0.0,0.0
2026-09-23T00:24:28.831820,1790103268.8312633,0.0,0.0,0.0,0.0
2026-09-23T00:24:28.841787,1790103268.8412642,0.0,0.0,0.0,0.0
2026-09-23T00:24:28.851873,1790103268.851264,0.0,0.0,0.0,0.0
2026-09-23T00:24:28.861783,1790103268.861274,0.0,0.0,0.0,0.0
2026-09-23T00:24:28.872136,1790103268.8712661,0.0,0.0,0.0,0.0
2026-09-23T00:24:28.881616,1790103268.881219,0.0,0.0,0.0,0.0
2026-09-23T00:24:28.891991,1790103268.8913014,0.0,0.0,0.0,0.0
2026-09-23T00:24:28.902237,1790103268.9012978,0.0,0.0,0.0,0.0
2026-09-23T00:24:28.912024,1790103268.911331,0.0,0.0,0.0,0.0
2026-09-23T00:24:28.921662,1790103268.921263,0.0,0.0,0.0,0.0
2026-09-23T00:24:28.931730,1790103268.9312174,0.0,0.0,0.0,0.0
2026-09-23T00:24:28.942127,1790103268.9412878,0.0,0.0,0.0,0.0
2026-09-23T00:24:28.951927,1790103268.9512625,0.0,0.0,0.0,0.0
2026-09-23T00:24:28.961833,1790103268.9612627,0.0,0.0,0.0,0.0
2026-09-23T00:24:28.972015,1790103268.9712822,0.0,0.0,0.0,0.0
2026-09-23T00:24:28.982181,1790103268.9812775,0.0,0.0,0.0,0.0
2026-09-23T00:24:28.991759,1790103268.991266,0.0,0.0,0.0,0.0
2026-09-23T00:24:29.002093,1790103269.0012782,0.0,0.0,0.0,0.0
2026-09-23T00:24:29.011861,1790103269.0112677,0.0,0.0,0.0,0.0
2026-09-23T00:24:29.021808,1790103269.021277,0.0,0.0,0.0,0.0
2026-09-23T00:24:29.032263,1790103269.0312839,0.0,0.0,0.0,0.0
2026-09-23T00:24:29.041782,1790103269.0412607,0.0,0.0,0.0,0.0
2026-09-23T00:24:29.051729,1790103269.0512645,0.0,0.0,0.0,0.0
2026-09-23T00:24:29.061849,1790103269.0612597,0.0,0.0,0.0,0.0
2026-09-23T00:24:29.071700,1790103269.0712657,0.0,0.0,0.0,0.0
2026-09-23T00:24:29.082286,1790103269.0812757,0.0,0.0,0.0,0.0
2026-09-23T00:24:29.091759,1790103269.091266,0.0,0.0,0.0,0.0
2026-09-23T00:24:29.102236,1790103269.1012933,0.0,0.0,0.0,0.0
2026-09-23T00:24:29.111669,1790103269.1112604,0.0,0.0,0.0,0.0
2026-09-23T00:24:29.121754,1790103269.1212587,0.0,0.0,0.0,0.0
2026-09-23T00:24:29.132140,1790103269.1312702,0.0,0.0,0.0,0.0
2026-09-23T00:24:29.141899,1790103269.1412773,0.0,0.0,0.0,0.0
2026-09-23T00:24:29.151795,1790103269.1512618,0.0,0.0,0.0,0.0
2026-09-23T00:24:29.161850,1790103269.1612618,0.0,0.0,0.0,0.0
2026-09-23T00:24:29.171736,1790103269.1712787,0.0,0.0,0.0,0.0
2026-09-23T00:24:29.182216,1790103269.1812792,0.0,0.0,0.0,0.0
2026-09-23T00:24:29.191854,1790103269.1912644,0.0,0.0,0.0,0.0
2026-09-23T00:24:29.201685,1790103269.201259,0.0,0.0,0.0,0.0
2026-09-23T00:24:29.211938,1790103269.2112672,0.0,0.0,0.0,0.0
2026-09-23T00:24:29.221752,1790103269.2212706,0.0,0.0,0.0,0.0
2026-09-23T00:24:29.231866,1790103269.231276,0.0,0.0,0.0,0.0
2026-09-23T00:24:29.241848,1790103269.241272,0.0,0.0,0.0,0.0
2026-09-23T00:24:29.251855,1790103269.2512767,0.0,0.0,0.0,0.0
2026-09-23T00:24:29.262083,1790103269.2612758,0.0,0.0,0.0,0.0
2026-09-23T00:24:29.271746,1790103269.2712624,0.0,0.0,0.0,0.0
2026-09-23T00:24:29.282228,1790103269.2812705,0.0,0.0,0.0,0.0
2026-09-23T00:24:29.291875,1790103269.2912822,0.0,0.0,0.0,0.0
2026-09-23T00:24:29.301941,1790103269.3012764,0.0,0.0,0.0,0.0
2026-09-23T00:24:29.311730,1790103269.3112679,0.0,0.0,0.0,0.0
2026-09-23T00:24:29.321757,1790103269.3212657,0.0,0.0,0.0,0.0
2026-09-23T00:24:29.332167,1790103269.3312721,0.0,0.0,0.0,0.0
2026-09-23T00:24:29.341966,1790103269.341257,0.0,0.0,0.0,0.0
2026-09-23T00:24:29.351981,1790103269.351287,0.0,0.0,0.0,0.0
2026-09-23T00:24:29.361778,1790103269.361268,0.0,0.0,0.0,0.0
2026-09-23T00:24:29.371950,1790103269.3712745,0.0,0.0,0.0,0.0
2026-09-23T00:24:29.382080,1790103269.3812654,0.0,0.0,0.0,0.0
2026-09-23T00:24:29.391874,1790103269.3912652,0.0,0.0,0.0,0.0
2026-09-23T00:24:29.402091,1790103269.4012723,0.0,0.0,0.0,0.0
2026-09-23T00:24:29.411715,1790103269.4112756,0.0,0.0,0.0,0.0
2026-09-23T00:24:29.422299,1790103269.4212847,0.0,0.0,0.0,0.0
2026-09-23T00:24:29.432212,1790103269.431273,0.0,0.0,0.0,0.0
2026-09-23T00:24:29.441893,1790103269.4412627,0.0,0.0,0.0,0.0
2026-09-23T00:24:29.451895,1790103269.451261,0.0,0.0,0.0,0.0
2026-09-23T00:24:29.461852,1790103269.4612234,0.0,0.0,0.0,0.0
2026-09-23T00:24:29.471812,1790103269.471266,0.0,0.0,0.0,0.0
2026-09-23T00:24:29.482159,1790103269.4812746,0.0,0.0,0.0,0.0
2026-09-23T00:24:29.491765,1790103269.491275,0.0,0.0,0.0,0.0
2026-09-23T00:24:29.501972,1790103269.5012653,0.0,0.0,0.0,0.0
2026-09-23T00:24:29.511769,1790103269.5112987,0.0,0.0,0.0,0.0
2026-09-23T00:24:29.521974,1790103269.5212715,0.0,0.0,0.0,0.0
2026-09-23T00:24:29.532174,1790103269.5312736,0.0,0.0,0.0,0.0
2026-09-23T00:24:29.542013,1790103269.5412676,0.0,0.0,0.0,0.0
2026-09-23T00:24:29.552359,1790103269.551284,0.0,0.0,0.0,0.0
2026-09-23T00:24:29.561875,1790103269.561269,0.0,0.0,0.0,0.0
2026-09-23T00:24:29.571795,1790103269.5712647,0.0,0.0,0.0,0.0
2026-09-23T00:24:29.582281,1790103269.5812697,0.0,0.0,0.0,0.0
2026-09-23T00:24:29.591769,1790103269.5912657,0.0,0.0,0.0,0.0
2026-09-23T00:24:29.602138,1790103269.6012688,0.0,0.0,0.0,0.0
2026-09-23T00:24:29.611779,1790103269.6112695,0.0,0.0,0.0,0.0
2026-09-23T00:24:29.621885,1790103269.6212664,0.0,0.0,0.0,0.0
2026-09-23T00:24:29.632209,1790103269.6312754,0.0,0.0,0.0,0.0
2026-09-23T00:24:29.641814,1790103269.641269,0.0,0.0,0.0,0.0
2026-09-23T00:24:29.651829,1790103269.6512625,0.0,0.0,0.0,0.0
2026-09-23T00:24:29.661907,1790103269.6612637,0.0,0.0,0.0,0.0
2026-09-23T00:24:29.671702,1790103269.6712666,0.0,0.0,0.0,0.0
2026-09-23T00:24:29.682319,1790103269.6813264,0.0,0.0,0.0,0.0
2026-09-23T00:24:29.691746,1790103269.6912644,0.0,0.0,0.0,0.0
2026-09-23T00:24:29.701964,1790103269.7012758,0.0,0.0,0.0,0.0
2026-09-23T00:24:29.711818,1790103269.7112658,0.0,0.0,0.0,0.0
2026-09-23T00:24:29.721750,1790103269.7212684,0.0,0.0,0.0,0.0
2026-09-23T00:24:29.732173,1790103269.7312765,0.0,0.0,0.0,0.0
2026-09-23T00:24:29.741950,1790103269.7412322,0.0,0.0,0.0,0.0
2026-09-23T00:24:29.751881,1790103269.7512686,0.0,0.0,0.0,0.0
2026-09-23T00:24:29.761938,1790103269.761281,0.0,0.0,0.0,0.0
2026-09-23T00:24:29.771859,1790103269.7712913,0.0,0.0,0.0,0.0
2026-09-23T00:24:29.782273,1790103269.7813854,0.0,0.0,0.0,0.0
2026-09-23T00:24:29.791692,1790103269.7912676,0.0,0.0,0.0,0.0
2026-09-23T00:24:29.802155,1790103269.801273,0.0,0.0,0.0,0.0
2026-09-23T00:24:29.811750,1790103269.8112712,0.0,0.0,0.0,0.0
2026-09-23T00:24:29.821803,1790103269.8212655,0.0,0.0,0.0,0.0
2026-09-23T00:24:29.832255,1790103269.831372,0.0,0.0,0.0,0.0
2026-09-23T00:24:29.841891,1790103269.8412662,0.0,0.0,0.0,0.0
2026-09-23T00:24:29.851829,1790103269.8512616,0.0,0.0,0.0,0.0
2026-09-23T00:24:29.861766,1790103269.8612664,0.0,0.0,0.0,0.0
2026-09-23T00:24:29.871975,1790103269.871268,0.0,0.0,0.0,0.0
2026-09-23T00:24:29.882150,1790103269.8812747,0.0,0.0,0.0,0.0
2026-09-23T00:24:29.891684,1790103269.8912673,0.0,0.0,0.0,0.0
2026-09-23T00:24:29.902387,1790103269.9012394,0.0,0.0,0.0,0.0
2026-09-23T00:24:29.911793,1790103269.9112618,0.0,0.0,0.0,0.0
2026-09-23T00:24:29.921767,1790103269.9212642,0.0,0.0,0.0,0.0
2026-09-23T00:24:29.932191,1790103269.9312747,0.0,0.0,0.0,0.0
2026-09-23T00:24:29.941770,1790103269.9412656,0.0,0.0,0.0,0.0
2026-09-23T00:24:29.951777,1790103269.9512722,0.0,0.0,0.0,0.0
2026-09-23T00:24:29.961772,1790103269.9612656,0.0,0.0,0.0,0.0
2026-09-23T00:24:29.971732,1790103269.9712644,0.0,0.0,0.0,0.0
2026-09-23T00:24:29.982042,1790103269.9812875,0.0,0.0,0.0,0.0
2026-09-23T00:24:29.991870,1790103269.9912632,0.0,0.0,0.0,0.0
2026-09-23T00:24:30.001938,1790103270.0012696,0.0,0.0,0.0,0.0
2026-09-23T00:24:30.011794,1790103270.0112727,0.0,0.0,0.0,0.0
2026-09-23T00:24:30.021792,1790103270.021266,0.0,0.0,0.0,0.0
2026-09-23T00:24:30.031791,1790103270.031262,0.0,0.0,0.0,0.0
2026-09-23T00:24:30.041840,1790103270.0412679,0.0,0.0,0.0,0.0
2026-09-23T00:24:30.051759,1790103270.051265,0.0,0.0,0.0,0.0
2026-09-23T00:24:30.061960,1790103270.0612922,0.0,0.0,0.0,0.0
2026-09-23T00:24:30.071789,1790103270.0712638,0.0,0.0,0.0,0.0
2026-09-23T00:24:30.081882,1790103270.081303,0.0,0.0,0.0,0.0
2026-09-23T00:24:30.091858,1790103270.0912914,0.0,0.0,0.0,0.0
2026-09-23T00:24:30.102013,1790103270.1012683,0.0,0.0,0.0,0.0
2026-09-23T00:24:30.111721,1790103270.111261,0.0,0.0,0.0,0.0
2026-09-23T00:24:30.121784,1790103270.1212637,0.0,0.0,0.0,0.0
2026-09-23T00:24:30.131788,1790103270.1312673,0.0,0.0,0.0,0.0
2026-09-23T00:24:30.141881,1790103270.1413007,0.0,0.0,0.0,0.0
2026-09-23T00:24:30.151870,1790103270.1512651,0.0,0.0,0.0,0.0
2026-09-23T00:24:30.161820,1790103270.1612859,0.0,0.0,0.0,0.0
2026-09-23T00:24:30.171766,1790103270.1712632,0.0,0.0,0.0,0.0
2026-09-23T00:24:30.181796,1790103270.1812656,0.0,0.0,0.0,0.0
2026-09-23T00:24:30.191877,1790103270.1912684,0.0,0.0,0.0,0.0
2026-09-23T00:24:30.202442,1790103270.2012615,0.0,0.0,0.0,0.0
2026-09-23T00:24:30.211688,1790103270.2112625,0.0,0.0,0.0,0.0
2026-09-23T00:24:30.222015,1790103270.221265,0.0,0.0,0.0,0.0
2026-09-23T00:24:30.231791,1790103270.2312744,0.0,0.0,0.0,0.0
2026-09-23T00:24:30.241766,1790103270.2412148,0.0,0.0,0.0,0.0
2026-09-23T00:24:30.251924,1790103270.2512646,0.0,0.0,0.0,0.0
2026-09-23T00:24:30.261852,1790103270.2612643,0.0,0.0,0.0,0.0
2026-09-23T00:24:30.271745,1790103270.2712665,0.0,0.0,0.0,0.0
2026-09-23T00:24:30.281802,1790103270.2812634,0.0,0.0,0.0,0.0
2026-09-23T00:24:30.291734,1790103270.2912676,0.0,0.0,0.0,0.0
2026-09-23T00:24:30.302202,1790103270.3012674,0.0,0.0,0.0,0.0
2026-09-23T00:24:30.311794,1790103270.3112583,0.0,0.0,0.0,0.0
2026-09-23T00:24:30.321939,1790103270.3212996,0.0,0.0,0.0,0.0
2026-09-23T00:24:30.331836,1790103270.3312678,0.0,0.0,0.0,0.0
2026-09-23T00:24:30.341834,1790103270.341267,0.0,0.0,0.0,0.0
2026-09-23T00:24:30.352293,1790103270.3512757,0.0,0.0,0.0,0.0
2026-09-23T00:24:30.361731,1790103270.361259,0.0,0.0,0.0,0.0
2026-09-23T00:24:30.371702,1790103270.3712215,0.0,0.0,0.0,0.0
2026-09-23T00:24:30.382637,1790103270.3812754,0.0,0.0,0.0,0.0
2026-09-23T00:24:30.391873,1790103270.3913035,0.0,0.0,0.0,0.0
2026-09-23T00:24:30.402080,1790103270.4012702,0.0,0.0,0.0,0.0
2026-09-23T00:24:30.411854,1790103270.4112766,0.0,0.0,0.0,0.0
2026-09-23T00:24:30.421899,1790103270.4212723,0.0,0.0,0.0,0.0
2026-09-23T00:24:30.431696,1790103270.4312596,0.0,0.0,0.0,0.0
2026-09-23T00:24:30.441714,1790103270.4412622,0.0,0.0,0.0,0.0
2026-09-23T00:24:30.452072,1790103270.4512138,0.0,0.0,0.0,0.0
2026-09-23T00:24:30.461787,1790103270.4612668,0.0,0.0,0.0,0.0
2026-09-23T00:24:30.471809,1790103270.4712658,0.0,0.0,0.0,0.0
2026-09-23T00:24:30.481801,1790103270.4812658,0.0,0.0,0.0,0.0
2026-09-23T00:24:30.491742,1790103270.4912655,0.0,0.0,0.0,0.0
2026-09-23T00:24:30.502052,1790103270.5012784,0.0,0.0,0.0,0.0
2026-09-23T00:24:30.511820,1790103270.511274,0.0,0.0,0.0,0.0
2026-09-23T00:24:30.521809,1790103270.5212648,0.0,0.0,0.0,0.0
2026-09-23T00:24:30.531732,1790103270.5312674,0.0,0.0,0.0,0.0
2026-09-23T00:24:30.541881,1790103270.541306,0.0,0.0,0.0,0.0
2026-09-23T00:24:30.551802,1790103270.5512629,0.0,0.0,0.0,0.0
2026-09-23T00:24:30.561805,1790103270.5612683,0.0,0.0,0.0,0.0
2026-09-23T00:24:30.571778,1790103270.5712636,0.0,0.0,0.0,0.0
2026-09-23T00:24:30.581884,1790103270.581278,0.0,0.0,0.0,0.0
2026-09-23T00:24:30.591786,1790103270.5912623,0.0,0.0,0.0,0.0
2026-09-23T00:24:30.602070,1790103270.601262,0.0,0.0,0.0,0.0
2026-09-23T00:24:30.611777,1790103270.6112635,0.0,0.0,0.0,0.0
2026-09-23T00:24:30.621787,1790103270.6212702,0.0,0.0,0.0,0.0
2026-09-23T00:24:30.631896,1790103270.6312737,0.0,0.0,0.0,0.0
2026-09-23T00:24:30.641835,1790103270.641263,0.0,0.0,0.0,0.0
2026-09-23T00:24:30.651868,1790103270.6512659,0.0,0.0,0.0,0.0
2026-09-23T00:24:30.661762,1790103270.6612606,0.0,0.0,0.0,0.0
2026-09-23T00:24:30.671831,1790103270.6712754,0.0,0.0,0.0,0.0
2026-09-23T00:24:30.681782,1790103270.6812592,0.0,0.0,0.0,0.0
2026-09-23T00:24:30.691765,1790103270.691267,0.0,0.0,0.0,0.0
2026-09-23T00:24:30.702528,1790103270.701288,0.0,0.0,0.0,0.0
2026-09-23T00:24:30.711775,1790103270.7112644,0.0,0.0,0.0,0.0
2026-09-23T00:24:30.721777,1790103270.7212672,0.0,0.0,0.0,0.0
2026-09-23T00:24:30.731857,1790103270.731264,0.0,0.0,0.0,0.0
2026-09-23T00:24:30.741808,1790103270.741267,0.0,0.0,0.0,0.0
2026-09-23T00:24:30.752107,1790103270.7512653,0.0,0.0,0.0,0.0
2026-09-23T00:24:30.761696,1790103270.761263,0.0,0.0,0.0,0.0
2026-09-23T00:24:30.771908,1790103270.7712665,0.0,0.0,0.0,0.0
2026-09-23T00:24:30.781848,1790103270.7812827,0.0,0.0,0.0,0.0
2026-09-23T00:24:30.791617,1790103270.7912652,0.0,0.0,0.0,0.0
2026-09-23T00:24:30.801944,1790103270.8012657,0.0,0.0,0.0,0.0
2026-09-23T00:24:30.811737,1790103270.8112783,0.0,0.0,0.0,0.0
2026-09-23T00:24:30.821797,1790103270.821221,0.0,0.0,0.0,0.0
2026-09-23T00:24:30.831897,1790103270.8312736,0.0,0.0,0.0,0.0
2026-09-23T00:24:30.841600,1790103270.8412168,0.0,0.0,0.0,0.0
2026-09-23T00:24:30.851892,1790103270.8512595,0.0,0.0,0.0,0.0
2026-09-23T00:24:30.862215,1790103270.86129,0.0,0.0,0.0,0.0
2026-09-23T00:24:30.871854,1790103270.8712952,0.0,0.0,0.0,0.0
2026-09-23T00:24:30.881828,1790103270.8812811,0.0,0.0,0.0,0.0
2026-09-23T00:24:30.891733,1790103270.8912783,0.0,0.0,0.0,0.0
2026-09-23T00:24:30.902091,1790103270.9012635,0.0,0.0,0.0,0.0
2026-09-23T00:24:30.911687,1790103270.9112647,0.0,0.0,0.0,0.0
2026-09-23T00:24:30.921948,1790103270.9212656,0.0,0.0,0.0,0.0
2026-09-23T00:24:30.931772,1790103270.9312668,0.0,0.0,0.0,0.0
2026-09-23T00:24:30.941808,1790103270.9412658,0.0,0.0,0.0,0.0
2026-09-23T00:24:30.951864,1790103270.9512727,0.0,0.0,0.0,0.0
2026-09-23T00:24:30.961820,1790103270.9612615,0.0,0.0,0.0,0.0
2026-09-23T00:24:30.972159,1790103270.971264,0.0,0.0,0.0,0.0
2026-09-23T00:24:30.981830,1790103270.9812634,0.0,0.0,0.0,0.0
2026-09-23T00:24:30.991823,1790103270.9912772,0.0,0.0,0.0,0.0
2026-09-23T00:24:31.002029,1790103271.001275,0.0,0.0,0.0,0.0
2026-09-23T00:24:31.011720,1790103271.0112605,0.0,0.0,0.0,0.0
2026-09-23T00:24:31.022002,1790103271.0212681,0.0,0.0,0.0,0.0
2026-09-23T00:24:31.031797,1790103271.0312772,0.0,0.0,0.0,0.0
2026-09-23T00:24:31.041820,1790103271.0412676,0.0,0.0,0.0,0.0
2026-09-23T00:24:31.051939,1790103271.051267,0.0,0.0,0.0,0.0
2026-09-23T00:24:31.061757,1790103271.06126,0.0,0.0,0.0,0.0
2026-09-23T00:24:31.071831,1790103271.0712717,0.0,0.0,0.0,0.0
2026-09-23T00:24:31.081759,1790103271.0812645,0.0,0.0,0.0,0.0
2026-09-23T00:24:31.091944,1790103271.0912905,0.0,0.0,0.0,0.0
2026-09-23T00:24:31.102001,1790103271.101276,0.0,0.0,0.0,0.0
2026-09-23T00:24:31.112064,1790103271.1112661,0.0,0.0,0.0,0.0
2026-09-23T00:24:31.121827,1790103271.121267,0.0,0.0,0.0,0.0
2026-09-23T00:24:31.131782,1790103271.1312916,0.0,0.0,0.0,0.0
2026-09-23T00:24:31.141767,1790103271.141266,0.0,0.0,0.0,0.0
2026-09-23T00:24:31.151926,1790103271.1512663,0.0,0.0,0.0,0.0
2026-09-23T00:24:31.161926,1790103271.1612735,0.0,0.0,0.0,0.0
2026-09-23T00:24:31.171849,1790103271.171277,0.0,0.0,0.0,0.0
2026-09-23T00:24:31.182041,1790103271.1812665,0.0,0.0,0.0,0.0
2026-09-23T00:24:31.191713,1790103271.1912644,0.0,0.0,0.0,0.0
2026-09-23T00:24:31.202005,1790103271.2012691,0.0,0.0,0.0,0.0
2026-09-23T00:24:31.211867,1790103271.211306,0.0,0.0,0.0,0.0
2026-09-23T00:24:31.221866,1790103271.2212634,0.0,0.0,0.0,0.0
2026-09-23T00:24:31.231728,1790103271.2312634,0.0,0.0,0.0,0.0
2026-09-23T00:24:31.241789,1790103271.241286,0.0,0.0,0.0,0.0
2026-09-23T00:24:31.252119,1790103271.2512772,0.0,0.0,0.0,0.0
2026-09-23T00:24:31.261767,1790103271.2612634,0.0,0.0,0.0,0.0
2026-09-23T00:24:31.271852,1790103271.2712693,0.0,0.0,0.0,0.0
2026-09-23T00:24:31.281747,1790103271.2812696,0.0,0.0,0.0,0.0
2026-09-23T00:24:31.291712,1790103271.291276,0.0,0.0,0.0,0.0
2026-09-23T00:24:31.302059,1790103271.3012648,0.0,0.0,0.0,0.0
2026-09-23T00:24:31.311826,1790103271.311268,0.0,0.0,0.0,0.0
2026-09-23T00:24:31.321799,1790103271.3212736,0.0,0.0,0.0,0.0
2026-09-23T00:24:31.331706,1790103271.3312724,0.0,0.0,0.0,0.0
2026-09-23T00:24:31.342084,1790103271.3412898,0.0,0.0,0.0,0.0
2026-09-23T00:24:31.351888,1790103271.351263,0.0,0.0,0.0,0.0
2026-09-23T00:24:31.361813,1790103271.3612661,0.0,0.0,0.0,0.0
2026-09-23T00:24:31.371996,1790103271.371283,0.0,0.0,0.0,0.0
2026-09-23T00:24:31.381855,1790103271.3812833,0.0,0.0,0.0,0.0
2026-09-23T00:24:31.391718,1790103271.3912702,0.0,0.0,0.0,0.0
2026-09-23T00:24:31.402004,1790103271.4012783,0.0,0.0,0.0,0.0
2026-09-23T00:24:31.411957,1790103271.4112985,0.0,0.0,0.0,0.0
2026-09-23T00:24:31.421841,1790103271.4212766,0.0,0.0,0.0,0.0
2026-09-23T00:24:31.431836,1790103271.431297,0.0,0.0,0.0,0.0
2026-09-23T00:24:31.441808,1790103271.4412634,0.0,0.0,0.0,0.0
2026-09-23T00:24:31.452034,1790103271.4512742,0.0,0.0,0.0,0.0
2026-09-23T00:24:31.461877,1790103271.4612646,0.0,0.0,0.0,0.0
2026-09-23T00:24:31.471875,1790103271.4712634,0.0,0.0,0.0,0.0
2026-09-23T00:24:31.481901,1790103271.4813077,0.0,0.0,0.0,0.0
2026-09-23T00:24:31.491734,1790103271.4913054,0.0,0.0,0.0,0.0
2026-09-23T00:24:31.502345,1790103271.5012882,0.0,0.0,0.0,0.0
2026-09-23T00:24:31.511797,1790103271.5112734,0.0,0.0,0.0,0.0
2026-09-23T00:24:31.521803,1790103271.5212743,0.0,0.0,0.0,0.0
2026-09-23T00:24:31.532061,1790103271.5312703,0.0,0.0,0.0,0.0
2026-09-23T00:24:31.541864,1790103271.5412943,0.0,0.0,0.0,0.0
2026-09-23T00:24:31.551943,1790103271.551269,0.0,0.0,0.0,0.0
2026-09-23T00:24:31.561756,1790103271.561265,0.0,0.0,0.0,0.0
2026-09-23T00:24:31.571861,1790103271.571264,0.0,0.0,0.0,0.0
2026-09-23T00:24:31.581920,1790103271.581283,0.0,0.0,0.0,0.0
2026-09-23T00:24:31.591673,1790103271.5912638,0.0,0.0,0.0,0.0
2026-09-23T00:24:31.602414,1790103271.601267,0.0,0.0,0.0,0.0
2026-09-23T00:24:31.611765,1790103271.611272,0.0,0.0,0.0,0.0
2026-09-23T00:24:31.621868,1790103271.6212785,0.0,0.0,0.0,0.0
2026-09-23T00:24:31.631697,1790103271.6312613,0.0,0.0,0.0,0.0
2026-09-23T00:24:31.641975,1790103271.6412978,0.0,0.0,0.0,0.0
2026-09-23T00:24:31.651910,1790103271.6512704,0.0,0.0,0.0,0.0
2026-09-23T00:24:31.662775,1790103271.661272,0.0,0.0,0.0,0.0
2026-09-23T00:24:31.671874,1790103271.6712782,0.0,0.0,0.0,0.0
2026-09-23T00:24:31.682162,1790103271.6812997,0.0,0.0,0.0,0.0
2026-09-23T00:24:31.691813,1790103271.6912656,0.0,0.0,0.0,0.0
2026-09-23T00:24:31.702607,1790103271.7013347,0.0,0.0,0.0,0.0
2026-09-23T00:24:31.711688,1790103271.711271,0.0,0.0,0.0,0.0
2026-09-23T00:24:31.721799,1790103271.7212636,0.0,0.0,0.0,0.0
2026-09-23T00:24:31.731711,1790103271.7312644,0.0,0.0,0.0,0.0
2026-09-23T00:24:31.742008,1790103271.741305,0.0,0.0,0.0,0.0
2026-09-23T00:24:31.751897,1790103271.7512226,0.0,0.0,0.0,0.0
2026-09-23T00:24:31.761828,1790103271.761263,0.0,0.0,0.0,0.0
2026-09-23T00:24:31.771844,1790103271.7712646,0.0,0.0,0.0,0.0
2026-09-23T00:24:31.781796,1790103271.7812965,0.0,0.0,0.0,0.0
2026-09-23T00:24:31.791911,1790103271.7912695,0.0,0.0,0.0,0.0
2026-09-23T00:24:31.802167,1790103271.8012724,0.0,0.0,0.0,0.0
2026-09-23T00:24:31.811673,1790103271.8112624,0.0,0.0,0.0,0.0
2026-09-23T00:24:31.822149,1790103271.821278,0.0,0.0,0.0,0.0
2026-09-23T00:24:31.831722,1790103271.831262,0.0,0.0,0.0,0.0
2026-09-23T00:24:31.841745,1790103271.8412676,0.0,0.0,0.0,0.0
2026-09-23T00:24:31.852053,1790103271.8512635,0.0,0.0,0.0,0.0
2026-09-23T00:24:31.861866,1790103271.8612633,0.0,0.0,0.0,0.0
2026-09-23T00:24:31.871807,1790103271.8712707,0.0,0.0,0.0,0.0
2026-09-23T00:24:31.881819,1790103271.88126,0.0,0.0,0.0,0.0
2026-09-23T00:24:31.891710,1790103271.8912647,0.0,0.0,0.0,0.0
2026-09-23T00:24:31.902005,1790103271.9012783,0.0,0.0,0.0,0.0
2026-09-23T00:24:31.911713,1790103271.9112632,0.0,0.0,0.0,0.0
2026-09-23T00:24:31.921775,1790103271.9212613,0.0,0.0,0.0,0.0
2026-09-23T00:24:31.931823,1790103271.9312754,0.0,0.0,0.0,0.0
2026-09-23T00:24:31.941747,1790103271.9412622,0.0,0.0,0.0,0.0
2026-09-23T00:24:31.952189,1790103271.9512699,0.0,0.0,0.0,0.0
2026-09-23T00:24:31.961994,1790103271.961298,0.0,0.0,0.0,0.0
2026-09-23T00:24:31.971842,1790103271.9712694,0.0,0.0,0.0,0.0
2026-09-23T00:24:31.981919,1790103271.9812882,0.0,0.0,0.0,0.0
2026-09-23T00:24:31.991710,1790103271.9912658,0.0,0.0,0.0,0.0
2026-09-23T00:24:32.002040,1790103272.001294,0.0,0.0,0.0,0.0
2026-09-23T00:24:32.011744,1790103272.0112653,0.0,0.0,0.0,0.0
2026-09-23T00:24:32.021826,1790103272.02128,0.0,0.0,0.0,0.0
2026-09-23T00:24:32.031802,1790103272.031259,0.0,0.0,0.0,0.0
2026-09-23T00:24:32.042003,1790103272.0412836,0.0,0.0,0.0,0.0
2026-09-23T00:24:32.052083,1790103272.0512753,0.0,0.0,0.0,0.0
2026-09-23T00:24:32.061804,1790103272.0612676,0.0,0.0,0.0,0.0
2026-09-23T00:24:32.071944,1790103272.071336,0.0,0.0,0.0,0.0
2026-09-23T00:24:32.081883,1790103272.0812798,0.0,0.0,0.0,0.0
2026-09-23T00:24:32.091721,1790103272.091267,0.0,0.0,0.0,0.0
2026-09-23T00:24:32.102190,1790103272.101331,0.0,0.0,0.0,0.0
2026-09-23T00:24:32.111838,1790103272.1112788,0.0,0.0,0.0,0.0
2026-09-23T00:24:32.121833,1790103272.1213121,0.0,0.0,0.0,0.0
2026-09-23T00:24:32.131740,1790103272.1312628,0.0,0.0,0.0,0.0
2026-09-23T00:24:32.142074,1790103272.1413095,0.0,0.0,0.0,0.0
2026-09-23T00:24:32.151987,1790103272.1512873,0.0,0.0,0.0,0.0
2026-09-23T00:24:32.161828,1790103272.1612802,0.0,0.0,0.0,0.0
2026-09-23T00:24:32.171875,1790103272.171333,0.0,0.0,0.0,0.0
2026-09-23T00:24:32.181968,1790103272.1812694,0.0,0.0,0.0,0.0
2026-09-23T00:24:32.191870,1790103272.1912606,0.0,0.0,0.0,0.0
2026-09-23T00:24:32.202039,1790103272.2012923,0.0,0.0,0.0,0.0
2026-09-23T00:24:32.211767,1790103272.211269,0.0,0.0,0.0,0.0
2026-09-23T00:24:32.221911,1790103272.2213469,0.0,0.0,0.0,0.0
2026-09-23T00:24:32.231678,1790103272.23126,0.0,0.0,0.0,0.0
2026-09-23T00:24:32.241787,1790103272.241261,0.0,0.0,0.0,0.0
2026-09-23T00:24:32.252068,1790103272.2513297,0.0,0.0,0.0,0.0
2026-09-23T00:24:32.261777,1790103272.2612708,0.0,0.0,0.0,0.0
2026-09-23T00:24:32.271959,1790103272.271354,0.0,0.0,0.0,0.0
2026-09-23T00:24:32.281797,1790103272.2812688,0.0,0.0,0.0,0.0
2026-09-23T00:24:32.291705,1790103272.2912636,0.0,0.0,0.0,0.0
2026-09-23T00:24:32.302311,1790103272.3013391,0.0,0.0,0.0,0.0
2026-09-23T00:24:32.312180,1790103272.3112788,0.0,0.0,0.0,0.0
2026-09-23T00:24:32.321888,1790103272.321353,0.0,0.0,0.0,0.0
2026-09-23T00:24:32.331926,1790103272.331281,0.0,0.0,0.0,0.0
2026-09-23T00:24:32.341902,1790103272.3412786,0.0,0.0,0.0,0.0
2026-09-23T00:24:32.352121,1790103272.351341,0.0,0.0,0.0,0.0
2026-09-23T00:24:32.361775,1790103272.3612807,0.0,0.0,0.0,0.0
2026-09-23T00:24:32.371908,1790103272.371364,0.0,0.0,0.0,0.0
2026-09-23T00:24:32.381941,1790103272.381268,0.0,0.0,0.0,0.0
2026-09-23T00:24:32.391741,1790103272.3912644,0.0,0.0,0.0,0.0
2026-09-23T00:24:32.402043,1790103272.40128,0.0,0.0,0.0,0.0
2026-09-23T00:24:32.411748,1790103272.4112668,0.0,0.0,0.0,0.0
2026-09-23T00:24:32.421878,1790103272.4212658,0.0,0.0,0.0,0.0
2026-09-23T00:24:32.431795,1790103272.4312844,0.0,0.0,0.0,0.0
2026-09-23T00:24:32.441959,1790103272.4413078,0.0,0.0,0.0,0.0
2026-09-23T00:24:32.452027,1790103272.4513304,0.0,0.0,0.0,0.0
2026-09-23T00:24:32.461914,1790103272.4612947,0.0,0.0,0.0,0.0
2026-09-23T00:24:32.471962,1790103272.47129,0.0,0.0,0.0,0.0
2026-09-23T00:24:32.481876,1790103272.481278,0.0,0.0,0.0,0.0
2026-09-23T00:24:32.491758,1790103272.4912744,0.0,0.0,0.0,0.0
2026-09-23T00:24:32.502265,1790103272.5013473,0.0,0.0,0.0,0.0
2026-09-23T00:24:32.511700,1790103272.511273,0.0,0.0,0.0,0.0
2026-09-23T00:24:32.521994,1790103272.5212774,0.0,0.0,0.0,0.0
2026-09-23T00:24:32.531735,1790103272.531253,0.0,0.0,0.0,0.0
2026-09-23T00:24:32.541788,1790103272.5412767,0.0,0.0,0.0,0.0
2026-09-23T00:24:32.551984,1790103272.5513182,0.0,0.0,0.0,0.0
2026-09-23T00:24:32.561888,1790103272.5612657,0.0,0.0,0.0,0.0
2026-09-23T00:24:32.571991,1790103272.5712724,0.0,0.0,0.0,0.0
2026-09-23T00:24:32.583022,1790103272.5812666,0.0,0.0,0.0,0.0
2026-09-23T00:24:32.591885,1790103272.5912855,0.0,0.0,0.0,0.0
2026-09-23T00:24:32.602246,1790103272.6013472,0.0,0.0,0.0,0.0
2026-09-23T00:24:32.611724,1790103272.6112673,0.0,0.0,0.0,0.0
2026-09-23T00:24:32.622089,1790103272.621284,0.0,0.0,0.0,0.0
2026-09-23T00:24:32.631969,1790103272.6312664,0.0,0.0,0.0,0.0
2026-09-23T00:24:32.641670,1790103272.6412594,0.0,0.0,0.0,0.0
2026-09-23T00:24:32.652286,1790103272.6513286,0.0,0.0,0.0,0.0
2026-09-23T00:24:32.661938,1790103272.661265,0.0,0.0,0.0,0.0
2026-09-23T00:24:32.671932,1790103272.6712615,0.0,0.0,0.0,0.0
2026-09-23T00:24:32.681764,1790103272.6812634,0.0,0.0,0.0,0.0
2026-09-23T00:24:32.691779,1790103272.6912704,0.0,0.0,0.0,0.0
2026-09-23T00:24:32.702226,1790103272.7013428,0.0,0.0,0.0,0.0
2026-09-23T00:24:32.711737,1790103272.7112598,0.0,0.0,0.0,0.0
2026-09-23T00:24:32.721951,1790103272.7212622,0.0,0.0,0.0,0.0
2026-09-23T00:24:32.731761,1790103272.731261,0.0,0.0,0.0,0.0
2026-09-23T00:24:32.741777,1790103272.7412796,0.0,0.0,0.0,0.0
2026-09-23T00:24:32.752366,1790103272.7512789,0.0,0.0,0.0,0.0
2026-09-23T00:24:32.761946,1790103272.7612653,0.0,0.0,0.0,0.0
2026-09-23T00:24:32.771884,1790103272.7712617,0.0,0.0,0.0,0.0
2026-09-23T00:24:32.782052,1790103272.7813003,0.0,0.0,0.0,0.0
2026-09-23T00:24:32.791786,1790103272.7912583,0.0,0.0,0.0,0.0
2026-09-23T00:24:32.802040,1790103272.8013089,0.0,0.0,0.0,0.0
2026-09-23T00:24:32.811949,1790103272.8112676,0.0,0.0,0.0,0.0
2026-09-23T00:24:32.821975,1790103272.8212695,0.0,0.0,0.0,0.0
2026-09-23T00:24:32.831801,1790103272.8312674,0.0,0.0,0.0,0.0
2026-09-23T00:24:32.841704,1790103272.8412583,0.0,0.0,0.0,0.0
2026-09-23T00:24:32.852139,1790103272.851264,0.0,0.0,0.0,0.0
2026-09-23T00:24:32.861775,1790103272.8612816,0.0,0.0,0.0,0.0
2026-09-23T00:24:32.871886,1790103272.8712664,0.0,0.0,0.0,0.0
2026-09-23T00:24:32.881965,1790103272.8812666,0.0,0.0,0.0,0.0
2026-09-23T00:24:32.891796,1790103272.8912618,0.0,0.0,0.0,0.0
2026-09-23T00:24:32.902129,1790103272.90136,0.0,0.0,0.0,0.0
2026-09-23T00:24:32.911789,1790103272.9112673,0.0,0.0,0.0,0.0
2026-09-23T00:24:32.921893,1790103272.9212692,0.0,0.0,0.0,0.0
2026-09-23T00:24:32.931695,1790103272.9312665,0.0,0.0,0.0,0.0
2026-09-23T00:24:32.942565,1790103272.9412737,0.0,0.0,0.0,0.0
2026-09-23T00:24:32.952210,1790103272.9513502,0.0,0.0,0.0,0.0
2026-09-23T00:24:32.961777,1790103272.961265,0.0,0.0,0.0,0.0
2026-09-23T00:24:32.972338,1790103272.9712908,0.0,0.0,0.0,0.0
2026-09-23T00:24:32.981802,1790103272.981282,0.0,0.0,0.0,0.0
2026-09-23T00:24:32.991888,1790103272.9912837,0.0,0.0,0.0,0.0
2026-09-23T00:24:33.002261,1790103273.0013602,0.0,0.0,0.0,0.0
2026-09-23T00:24:33.011776,1790103273.011269,0.0,0.0,0.0,0.0
2026-09-23T00:24:33.021862,1790103273.0212677,0.0,0.0,0.0,0.0
2026-09-23T00:24:33.031698,1790103273.031278,0.0,0.0,0.0,0.0
2026-09-23T00:24:33.041876,1790103273.041267,0.0,0.0,0.0,0.0
2026-09-23T00:24:33.052203,1790103273.0513515,0.0,0.0,0.0,0.0
2026-09-23T00:24:33.061789,1790103273.0612757,0.0,0.0,0.0,0.0
2026-09-23T00:24:33.071870,1790103273.071271,0.0,0.0,0.0,0.0
2026-09-23T00:24:33.081759,1790103273.0812752,0.0,0.0,0.0,0.0
2026-09-23T00:24:33.091845,1790103273.091278,0.0,0.0,0.0,0.0
2026-09-23T00:24:33.102467,1790103273.1013525,0.0,0.0,0.0,0.0
2026-09-23T00:24:33.111822,1790103273.1112683,0.0,0.0,0.0,0.0
2026-09-23T00:24:33.121882,1790103273.1212835,0.0,0.0,0.0,0.0
2026-09-23T00:24:33.131830,1790103273.1312923,0.0,0.0,0.0,0.0
2026-09-23T00:24:33.141842,1790103273.141279,0.0,0.0,0.0,0.0
2026-09-23T00:24:33.152195,1790103273.151354,0.0,0.0,0.0,0.0
2026-09-23T00:24:33.161844,1790103273.1612787,0.0,0.0,0.0,0.0
2026-09-23T00:24:33.171923,1790103273.171279,0.0,0.0,0.0,0.0
2026-09-23T00:24:33.181900,1790103273.1812801,0.0,0.0,0.0,0.0
2026-09-23T00:24:33.191837,1790103273.1912782,0.0,0.0,0.0,0.0
2026-09-23T00:24:33.201835,1790103273.2012665,0.0,0.0,0.0,0.0
2026-09-23T00:24:33.211807,1790103273.2112646,0.0,0.0,0.0,0.0
2026-09-23T00:24:33.221884,1790103273.2212694,0.0,0.0,0.0,0.0
2026-09-23T00:24:33.231733,1790103273.2312732,0.0,0.0,0.0,0.0
2026-09-23T00:24:33.241778,1790103273.241275,0.0,0.0,0.0,0.0
2026-09-23T00:24:33.252099,1790103273.2513502,0.0,0.0,0.0,0.0
2026-09-23T00:24:33.262035,1790103273.2612953,0.0,0.0,0.0,0.0
2026-09-23T00:24:33.271913,1790103273.2712772,0.0,0.0,0.0,0.0
2026-09-23T00:24:33.281763,1790103273.2812827,0.0,0.0,0.0,0.0
2026-09-23T00:24:33.291786,1790103273.2912753,0.0,0.0,0.0,0.0
2026-09-23T00:24:33.302207,1790103273.3013723,0.0,0.0,0.0,0.0
2026-09-23T00:24:33.311860,1790103273.3112898,0.0,0.0,0.0,0.0
2026-09-23T00:24:33.321948,1790103273.3212678,0.0,0.0,0.0,0.0
2026-09-23T00:24:33.331750,1790103273.3312657,0.0,0.0,0.0,0.0
2026-09-23T00:24:33.341872,1790103273.341267,0.0,0.0,0.0,0.0
2026-09-23T00:24:33.352223,1790103273.351346,0.0,0.0,0.0,0.0
2026-09-23T00:24:33.361690,1790103273.3612614,0.0,0.0,0.0,0.0
2026-09-23T00:24:33.371907,1790103273.3712673,0.0,0.0,0.0,0.0
2026-09-23T00:24:33.381805,1790103273.3812768,0.0,0.0,0.0,0.0
2026-09-23T00:24:33.391852,1790103273.39127,0.0,0.0,0.0,0.0
2026-09-23T00:24:33.402447,1790103273.401361,0.0,0.0,0.0,0.0
2026-09-23T00:24:33.411739,1790103273.4112875,0.0,0.0,0.0,0.0
2026-09-23T00:24:33.422101,1790103273.42128,0.0,0.0,0.0,0.0
2026-09-23T00:24:33.431771,1790103273.4312692,0.0,0.0,0.0,0.0
2026-09-23T00:24:33.441725,1790103273.4412613,0.0,0.0,0.0,0.0
2026-09-23T00:24:33.452198,1790103273.451344,0.0,0.0,0.0,0.0
2026-09-23T00:24:33.461875,1790103273.4612718,0.0,0.0,0.0,0.0
2026-09-23T00:24:33.471942,1790103273.471266,0.0,0.0,0.0,0.0
2026-09-23T00:24:33.481877,1790103273.4812737,0.0,0.0,0.0,0.0
2026-09-23T00:24:33.491858,1790103273.4912732,0.0,0.0,0.0,0.0
2026-09-23T00:24:33.502273,1790103273.5013328,0.0,0.0,0.0,0.0
2026-09-23T00:24:33.511757,1790103273.5112824,0.0,0.0,0.0,0.0
2026-09-23T00:24:33.522029,1790103273.5212736,0.0,0.0,0.0,0.0
2026-09-23T00:24:33.531733,1790103273.531288,0.0,0.0,0.0,0.0
2026-09-23T00:24:33.541825,1790103273.5412722,0.0,0.0,0.0,0.0
2026-09-23T00:24:33.552506,1790103273.5512788,0.0,0.0,0.0,0.0
2026-09-23T00:24:33.561787,1790103273.5612757,0.0,0.0,0.0,0.0
2026-09-23T00:24:33.573742,1790103273.571278,0.0,0.0,0.0,0.0
2026-09-23T00:24:33.582033,1790103273.5812762,0.0,0.0,0.0,0.0
2026-09-23T00:24:33.591785,1790103273.5912669,0.0,0.0,0.0,0.0
2026-09-23T00:24:33.602443,1790103273.6013448,0.0,0.0,0.0,0.0
2026-09-23T00:24:33.611726,1790103273.6112967,0.0,0.0,0.0,0.0
2026-09-23T00:24:33.621939,1790103273.6212635,0.0,0.0,0.0,0.0
2026-09-23T00:24:33.631835,1790103273.6312625,0.0,0.0,0.0,0.0
2026-09-23T00:24:33.641745,1790103273.6412697,0.0,0.0,0.0,0.0
2026-09-23T00:24:33.652237,1790103273.6513352,0.0,0.0,0.0,0.0
2026-09-23T00:24:33.662020,1790103273.6612647,0.0,0.0,0.0,0.0
2026-09-23T00:24:33.671924,1790103273.6712775,0.0,0.0,0.0,0.0
2026-09-23T00:24:33.681769,1790103273.6812685,0.0,0.0,0.0,0.0
2026-09-23T00:24:33.691701,1790103273.691264,0.0,0.0,0.0,0.0
2026-09-23T00:24:33.702388,1790103273.7013178,0.0,0.0,0.0,0.0
2026-09-23T00:24:33.711799,1790103273.7112684,0.0,0.0,0.0,0.0
2026-09-23T00:24:33.721950,1790103273.7212658,0.0,0.0,0.0,0.0
2026-09-23T00:24:33.731832,1790103273.7312639,0.0,0.0,0.0,0.0
2026-09-23T00:24:33.741939,1790103273.7412949,0.0,0.0,0.0,0.0
2026-09-23T00:24:33.752469,1790103273.7513213,0.0,0.0,0.0,0.0
2026-09-23T00:24:33.761963,1790103273.761278,0.0,0.0,0.0,0.0
2026-09-23T00:24:33.771806,1790103273.771263,0.0,0.0,0.0,0.0
2026-09-23T00:24:33.781832,1790103273.7813025,0.0,0.0,0.0,0.0
2026-09-23T00:24:33.791649,1790103273.7912679,0.0,0.0,0.0,0.0
2026-09-23T00:24:33.802535,1790103273.8013244,0.0,0.0,0.0,0.0
2026-09-23T00:24:33.811758,1790103273.8112702,0.0,0.0,0.0,0.0
2026-09-23T00:24:33.822095,1790103273.8212757,0.0,0.0,0.0,0.0
2026-09-23T00:24:33.831813,1790103273.8312852,0.0,0.0,0.0,0.0
2026-09-23T00:24:33.841929,1790103273.8413055,0.0,0.0,0.0,0.0
2026-09-23T00:24:33.852560,1790103273.8513377,0.0,0.0,0.0,0.0
2026-09-23T00:24:33.861873,1790103273.861276,0.0,0.0,0.0,0.0
2026-09-23T00:24:33.871753,1790103273.871272,0.0,0.0,0.0,0.0
2026-09-23T00:24:33.881725,1790103273.881277,0.0,0.0,0.0,0.0
2026-09-23T00:24:33.891790,1790103273.891275,0.0,0.0,0.0,0.0
2026-09-23T00:24:33.902720,1790103273.9013925,0.0,0.0,0.0,0.0
2026-09-23T00:24:33.911698,1790103273.9112668,0.0,0.0,0.0,0.0
2026-09-23T00:24:33.921855,1790103273.9212646,0.0,0.0,0.0,0.0
2026-09-23T00:24:33.931793,1790103273.931266,0.0,0.0,0.0,0.0
2026-09-23T00:24:33.941818,1790103273.941271,0.0,0.0,0.0,0.0
2026-09-23T00:24:33.952363,1790103273.9512925,0.0,0.0,0.0,0.0
2026-09-23T00:24:33.961865,1790103273.9612668,0.0,0.0,0.0,0.0
2026-09-23T00:24:33.971800,1790103273.971264,0.0,0.0,0.0,0.0
2026-09-23T00:24:33.981776,1790103273.9812782,0.0,0.0,0.0,0.0
2026-09-23T00:24:33.991802,1790103273.991283,0.0,0.0,0.0,0.0
2026-09-23T00:24:34.002358,1790103274.0013826,0.0,0.0,0.0,0.0
2026-09-23T00:24:34.011681,1790103274.0112662,0.0,0.0,0.0,0.0
2026-09-23T00:24:34.021790,1790103274.0212648,0.0,0.0,0.0,0.0
2026-09-23T00:24:34.031935,1790103274.0312738,0.0,0.0,0.0,0.0
2026-09-23T00:24:34.041966,1790103274.0412633,0.0,0.0,0.0,0.0
2026-09-23T00:24:34.052328,1790103274.0512764,0.0,0.0,0.0,0.0
2026-09-23T00:24:34.062075,1790103274.0612936,0.0,0.0,0.0,0.0
2026-09-23T00:24:34.071819,1790103274.0712702,0.0,0.0,0.0,0.0
2026-09-23T00:24:34.081717,1790103274.081277,0.0,0.0,0.0,0.0
2026-09-23T00:24:34.091930,1790103274.0912805,0.0,0.0,0.0,0.0
2026-09-23T00:24:34.102591,1790103274.101269,0.0,0.0,0.0,0.0
2026-09-23T00:24:34.112249,1790103274.1112657,0.0,0.0,0.0,0.0
2026-09-23T00:24:34.121665,1790103274.1212733,0.0,0.0,0.0,0.0
2026-09-23T00:24:34.131795,1790103274.1312687,0.0,0.0,0.0,0.0
2026-09-23T00:24:34.141858,1790103274.1412797,0.0,0.0,0.0,0.0
2026-09-23T00:24:34.152356,1790103274.1512764,0.0,0.0,0.0,0.0
2026-09-23T00:24:34.161784,1790103274.1612632,0.0,0.0,0.0,0.0
2026-09-23T00:24:34.172197,1790103274.1712623,0.0,0.0,0.0,0.0
2026-09-23T00:24:34.181906,1790103274.1812668,0.0,0.0,0.0,0.0
2026-09-23T00:24:34.191734,1790103274.1912665,0.0,0.0,0.0,0.0
2026-09-23T00:24:34.202338,1790103274.2012787,0.0,0.0,0.0,0.0
2026-09-23T00:24:34.211741,1790103274.2112677,0.0,0.0,0.0,0.0
2026-09-23T00:24:34.221969,1790103274.2212837,0.0,0.0,0.0,0.0
2026-09-23T00:24:34.232070,1790103274.2312734,0.0,0.0,0.0,0.0
2026-09-23T00:24:34.241656,1790103274.241265,0.0,0.0,0.0,0.0
2026-09-23T00:24:34.252347,1790103274.2512956,0.0,0.0,0.0,0.0
2026-09-23T00:24:34.261796,1790103274.2612696,0.0,0.0,0.0,0.0
2026-09-23T00:24:34.271829,1790103274.271268,0.0,0.0,0.0,0.0
2026-09-23T00:24:34.281908,1790103274.2812767,0.0,0.0,0.0,0.0
2026-09-23T00:24:34.291825,1790103274.291279,0.0,0.0,0.0,0.0
2026-09-23T00:24:34.302385,1790103274.3012927,0.0,0.0,0.0,0.0
2026-09-23T00:24:34.311764,1790103274.311266,0.0,0.0,0.0,0.0
2026-09-23T00:24:34.321787,1790103274.321264,0.0,0.0,0.0,0.0
2026-09-23T00:24:34.331686,1790103274.3312624,0.0,0.0,0.0,0.0
2026-09-23T00:24:34.342710,1790103274.3412695,0.0,0.0,0.0,0.0
2026-09-23T00:24:34.352060,1790103274.351269,0.0,0.0,0.0,0.0
2026-09-23T00:24:34.361884,1790103274.3612638,0.0,0.0,0.0,0.0
2026-09-23T00:24:34.371780,1790103274.371266,0.0,0.0,0.0,0.0
2026-09-23T00:24:34.382064,1790103274.3812902,0.0,0.0,0.0,0.0
2026-09-23T00:24:34.392032,1790103274.391284,0.0,0.0,0.0,0.0
2026-09-23T00:24:34.402293,1790103274.4012918,0.0,0.0,0.0,0.0
2026-09-23T00:24:34.412119,1790103274.411289,0.0,0.0,0.0,0.0
2026-09-23T00:24:34.421861,1790103274.4212677,0.0,0.0,0.0,0.0
2026-09-23T00:24:34.431814,1790103274.4312842,0.0,0.0,0.0,0.0
2026-09-23T00:24:34.441757,1790103274.441268,0.0,0.0,0.0,0.0
2026-09-23T00:24:34.452547,1790103274.4512925,0.0,0.0,0.0,0.0
2026-09-23T00:24:34.461987,1790103274.4612617,0.0,0.0,0.0,0.0
2026-09-23T00:24:34.471843,1790103274.4712684,0.0,0.0,0.0,0.0
2026-09-23T00:24:34.481771,1790103274.4812694,0.0,0.0,0.0,0.0
2026-09-23T00:24:34.491917,1790103274.4912822,0.0,0.0,0.0,0.0
2026-09-23T00:24:34.502228,1790103274.501288,0.0,0.0,0.0,0.0
2026-09-23T00:24:34.511844,1790103274.5112836,0.0,0.0,0.0,0.0
2026-09-23T00:24:34.521835,1790103274.521281,0.0,0.0,0.0,0.0
2026-09-23T00:24:34.531633,1790103274.5312676,0.0,0.0,0.0,0.0
2026-09-23T00:24:34.542089,1790103274.5412915,0.0,0.0,0.0,0.0
2026-09-23T00:24:34.552379,1790103274.5512862,0.0,0.0,0.0,0.0
2026-09-23T00:24:34.561835,1790103274.5612695,0.0,0.0,0.0,0.0
2026-09-23T00:24:34.571858,1790103274.5712821,0.0,0.0,0.0,0.0
2026-09-23T00:24:34.581746,1790103274.5812795,0.0,0.0,0.0,0.0
2026-09-23T00:24:34.591775,1790103274.5912673,0.0,0.0,0.0,0.0
2026-09-23T00:24:34.602168,1790103274.6012895,0.0,0.0,0.0,0.0
2026-09-23T00:24:34.611785,1790103274.611269,0.0,0.0,0.0,0.0
2026-09-23T00:24:34.621911,1790103274.6212869,0.0,0.0,0.0,0.0
2026-09-23T00:24:34.631748,1790103274.631271,0.0,0.0,0.0,0.0
2026-09-23T00:24:34.641835,1790103274.6412864,0.0,0.0,0.0,0.0
2026-09-23T00:24:34.652296,1790103274.6512687,0.0,0.0,0.0,0.0
2026-09-23T00:24:34.661817,1790103274.6612797,0.0,0.0,0.0,0.0
2026-09-23T00:24:34.671706,1790103274.6712608,0.0,0.0,0.0,0.0
2026-09-23T00:24:34.681789,1790103274.681269,0.0,0.0,0.0,0.0
2026-09-23T00:24:34.691659,1790103274.6912649,0.0,0.0,0.0,0.0
2026-09-23T00:24:34.702849,1790103274.7012951,0.0,0.0,0.0,0.0
2026-09-23T00:24:34.711803,1790103274.711266,0.0,0.0,0.0,0.0
2026-09-23T00:24:34.721831,1790103274.7212622,0.0,0.0,0.0,0.0
2026-09-23T00:24:34.731795,1790103274.7312627,0.0,0.0,0.0,0.0
2026-09-23T00:24:34.741903,1790103274.741263,0.0,0.0,0.0,0.0
2026-09-23T00:24:34.752509,1790103274.7512784,0.0,0.0,0.0,0.0
2026-09-23T00:24:34.761900,1790103274.7612884,0.0,0.0,0.0,0.0
2026-09-23T00:24:34.771745,1790103274.7712657,0.0,0.0,0.0,0.0
2026-09-23T00:24:34.781839,1790103274.781266,0.0,0.0,0.0,0.0
2026-09-23T00:24:34.791806,1790103274.791267,0.0,0.0,0.0,0.0
2026-09-23T00:24:34.802636,1790103274.801301,0.0,0.0,0.0,0.0
2026-09-23T00:24:34.811694,1790103274.8112805,0.0,0.0,0.0,0.0
2026-09-23T00:24:34.821769,1790103274.8212597,0.0,0.0,0.0,0.0
2026-09-23T00:24:34.831957,1790103274.8312702,0.0,0.0,0.0,0.0
2026-09-23T00:24:34.841761,1790103274.841259,0.0,0.0,0.0,0.0
2026-09-23T00:24:34.852362,1790103274.8512895,0.0,0.0,0.0,0.0
2026-09-23T00:24:34.862110,1790103274.8612885,0.0,0.0,0.0,0.0
2026-09-23T00:24:34.871812,1790103274.8712733,0.0,0.0,0.0,0.0
2026-09-23T00:24:34.881979,1790103274.8812664,0.0,0.0,0.0,0.0
2026-09-23T00:24:34.891772,1790103274.8912647,0.0,0.0,0.0,0.0
2026-09-23T00:24:34.902414,1790103274.901285,0.0,0.0,0.0,0.0
2026-09-23T00:24:34.911982,1790103274.9112668,0.0,0.0,0.0,0.0
2026-09-23T00:24:34.921765,1790103274.9212635,0.0,0.0,0.0,0.0
2026-09-23T00:24:34.931771,1790103274.931263,0.0,0.0,0.0,0.0
2026-09-23T00:24:34.941736,1790103274.9412627,0.0,0.0,0.0,0.0
2026-09-23T00:24:34.952287,1790103274.9512856,0.0,0.0,0.0,0.0
2026-09-23T00:24:34.961842,1790103274.9612648,0.0,0.0,0.0,0.0
2026-09-23T00:24:34.971730,1790103274.9712634,0.0,0.0,0.0,0.0
2026-09-23T00:24:34.981771,1790103274.9812741,0.0,0.0,0.0,0.0
2026-09-23T00:24:34.991752,1790103274.9912655,0.0,0.0,0.0,0.0
2026-09-23T00:24:35.002161,1790103275.0012853,0.0,0.0,0.0,0.0
2026-09-23T00:24:35.011655,1790103275.011267,0.0,0.0,0.0,0.0
2026-09-23T00:24:35.022124,1790103275.0213256,0.0,0.0,0.0,0.0
2026-09-23T00:24:35.031671,1790103275.0312576,0.0,0.0,0.0,0.0
2026-09-23T00:24:35.041784,1790103275.0412786,0.0,0.0,0.0,0.0
2026-09-23T00:24:35.052534,1790103275.0512664,0.0,0.0,0.0,0.0
2026-09-23T00:24:35.061864,1790103275.061272,0.0,0.0,0.0,0.0
2026-09-23T00:24:35.071748,1790103275.0712616,0.0,0.0,0.0,0.0
2026-09-23T00:24:35.081730,1790103275.081273,0.0,0.0,0.0,0.0
2026-09-23T00:24:35.091736,1790103275.0912726,0.0,0.0,0.0,0.0
2026-09-23T00:24:35.102766,1790103275.1012793,0.0,0.0,0.0,0.0
2026-09-23T00:24:35.111718,1790103275.111267,0.0,0.0,0.0,0.0
2026-09-23T00:24:35.121765,1790103275.121259,0.0,0.0,0.0,0.0
2026-09-23T00:24:35.131653,1790103275.131263,0.0,0.0,0.0,0.0
2026-09-23T00:24:35.142189,1790103275.141271,0.0,0.0,0.0,0.0
2026-09-23T00:24:35.151855,1790103275.1512678,0.0,0.0,0.0,0.0
2026-09-23T00:24:35.161784,1790103275.161284,0.0,0.0,0.0,0.0
2026-09-23T00:24:35.171743,1790103275.1712668,0.0,0.0,0.0,0.0
2026-09-23T00:24:35.181949,1790103275.1813,0.0,0.0,0.0,0.0
2026-09-23T00:24:35.191727,1790103275.1912684,0.0,0.0,0.0,0.0
2026-09-23T00:24:35.202727,1790103275.2012782,0.0,0.0,0.0,0.0
2026-09-23T00:24:35.211901,1790103275.2112644,0.0,0.0,0.0,0.0
2026-09-23T00:24:35.221767,1790103275.2212574,0.0,0.0,0.0,0.0
2026-09-23T00:24:35.231629,1790103275.231262,0.0,0.0,0.0,0.0
2026-09-23T00:24:35.241784,1790103275.2412817,0.0,0.0,0.0,0.0
2026-09-23T00:24:35.252132,1790103275.2512715,0.0,0.0,0.0,0.0
2026-09-23T00:24:35.261831,1790103275.2612612,0.0,0.0,0.0,0.0
2026-09-23T00:24:35.271728,1790103275.2712622,0.0,0.0,0.0,0.0
2026-09-23T00:24:35.281841,1790103275.2812524,0.0,0.0,0.0,0.0
2026-09-23T00:24:35.291651,1790103275.2912564,0.0,0.0,0.0,0.0
2026-09-23T00:24:35.302044,1790103275.301265,0.0,0.0,0.0,0.0
2026-09-23T00:24:35.311994,1790103275.3112733,0.0,0.0,0.0,0.0
2026-09-23T00:24:35.321797,1790103275.3212812,0.0,0.0,0.0,0.0
2026-09-23T00:24:35.331740,1790103275.3312745,0.0,0.0,0.0,0.0
2026-09-23T00:24:35.342068,1790103275.341273,0.0,0.0,0.0,0.0
2026-09-23T00:24:35.352833,1790103275.3512723,0.0,0.0,0.0,0.0
2026-09-23T00:24:35.361655,1790103275.361262,0.0,0.0,0.0,0.0
2026-09-23T00:24:35.371855,1790103275.3712668,0.0,0.0,0.0,0.0
2026-09-23T00:24:35.381786,1790103275.3812697,0.0,0.0,0.0,0.0
2026-09-23T00:24:35.392306,1790103275.3912733,0.0,0.0,0.0,0.0
2026-09-23T00:24:35.402058,1790103275.4012947,0.0,0.0,0.0,0.0
2026-09-23T00:24:35.411846,1790103275.4112744,0.0,0.0,0.0,0.0
2026-09-23T00:24:35.421789,1790103275.421261,0.0,0.0,0.0,0.0
2026-09-23T00:24:35.431779,1790103275.4312751,0.0,0.0,0.0,0.0
2026-09-23T00:24:35.441786,1790103275.4412668,0.0,0.0,0.0,0.0
2026-09-23T00:24:35.452080,1790103275.4512842,0.0,0.0,0.0,0.0
2026-09-23T00:24:35.461881,1790103275.4612741,0.0,0.0,0.0,0.0
2026-09-23T00:24:35.471878,1790103275.4712698,0.0,0.0,0.0,0.0
2026-09-23T00:24:35.481827,1790103275.4812727,0.0,0.0,0.0,0.0
2026-09-23T00:24:35.491719,1790103275.4912782,0.0,0.0,0.0,0.0
2026-09-23T00:24:35.502710,1790103275.501358,0.0,0.0,0.0,0.0
2026-09-23T00:24:35.512208,1790103275.5112689,0.0,0.0,0.0,0.0
2026-09-23T00:24:35.521906,1790103275.5212698,0.0,0.0,0.0,0.0
2026-09-23T00:24:35.531861,1790103275.531268,0.0,0.0,0.0,0.0
2026-09-23T00:24:35.541802,1790103275.5412595,0.0,0.0,0.0,0.0
2026-09-23T00:24:35.552309,1790103275.551275,0.0,0.0,0.0,0.0
2026-09-23T00:24:35.561904,1790103275.561277,0.0,0.0,0.0,0.0
2026-09-23T00:24:35.571761,1790103275.5712614,0.0,0.0,0.0,0.0
2026-09-23T00:24:35.581809,1790103275.5812635,0.0,0.0,0.0,0.0
2026-09-23T00:24:35.591748,1790103275.591263,0.0,0.0,0.0,0.0
2026-09-23T00:24:35.602669,1790103275.6013222,0.0,0.0,0.0,0.0
2026-09-23T00:24:35.611728,1790103275.6112628,0.0,0.0,0.0,0.0
2026-09-23T00:24:35.621850,1790103275.6212614,0.0,0.0,0.0,0.0
2026-09-23T00:24:35.631788,1790103275.63127,0.0,0.0,0.0,0.0
2026-09-23T00:24:35.641928,1790103275.6412613,0.0,0.0,0.0,0.0
2026-09-23T00:24:35.652470,1790103275.6512773,0.0,0.0,0.0,0.0
2026-09-23T00:24:35.662123,1790103275.661289,0.0,0.0,0.0,0.0
2026-09-23T00:24:35.671724,1790103275.6712632,0.0,0.0,0.0,0.0
2026-09-23T00:24:35.681824,1790103275.6812792,0.0,0.0,0.0,0.0
2026-09-23T00:24:35.691864,1790103275.691267,0.0,0.0,0.0,0.0
2026-09-23T00:24:35.702704,1790103275.701275,0.0,0.0,0.0,0.0
2026-09-23T00:24:35.711723,1790103275.7112598,0.0,0.0,0.0,0.0
2026-09-23T00:24:35.721942,1790103275.7212636,0.0,0.0,0.0,0.0
2026-09-23T00:24:35.731766,1790103275.7312725,0.0,0.0,0.0,0.0
2026-09-23T00:24:35.741820,1790103275.7412734,0.0,0.0,0.0,0.0
2026-09-23T00:24:35.752218,1790103275.751281,0.0,0.0,0.0,0.0
2026-09-23T00:24:35.761843,1790103275.7612643,0.0,0.0,0.0,0.0
2026-09-23T00:24:35.771657,1790103275.7712607,0.0,0.0,0.0,0.0
2026-09-23T00:24:35.781856,1790103275.7812707,0.0,0.0,0.0,0.0
2026-09-23T00:24:35.791788,1790103275.7912807,0.0,0.0,0.0,0.0
2026-09-23T00:24:35.802455,1790103275.801282,0.0,0.0,0.0,0.0
2026-09-23T00:24:35.811767,1790103275.811272,0.0,0.0,0.0,0.0
2026-09-23T00:24:35.821996,1790103275.8212779,0.0,0.0,0.0,0.0
2026-09-23T00:24:35.831910,1790103275.8312557,0.0,0.0,0.0,0.0
2026-09-23T00:24:35.841873,1790103275.8412635,0.0,0.0,0.0,0.0
2026-09-23T00:24:35.852507,1790103275.8512816,0.0,0.0,0.0,0.0
2026-09-23T00:24:35.861809,1790103275.8612823,0.0,0.0,0.0,0.0
2026-09-23T00:24:35.871672,1790103275.8712654,0.0,0.0,0.0,0.0
2026-09-23T00:24:35.882273,1790103275.881276,0.0,0.0,0.0,0.0
2026-09-23T00:24:35.891755,1790103275.8912683,0.0,0.0,0.0,0.0
2026-09-23T00:24:35.902682,1790103275.9012928,0.0,0.0,0.0,0.0
2026-09-23T00:24:35.911776,1790103275.9112747,0.0,0.0,0.0,0.0
2026-09-23T00:24:35.921759,1790103275.9212587,0.0,0.0,0.0,0.0
2026-09-23T00:24:35.931818,1790103275.9312763,0.0,0.0,0.0,0.0
2026-09-23T00:24:35.941822,1790103275.941277,0.0,0.0,0.0,0.0
2026-09-23T00:24:35.951999,1790103275.9512734,0.0,0.0,0.0,0.0
2026-09-23T00:24:35.961996,1790103275.9612863,0.0,0.0,0.0,0.0
2026-09-23T00:24:35.971673,1790103275.9712586,0.0,0.0,0.0,0.0
2026-09-23T00:24:35.981947,1790103275.9812963,0.0,0.0,0.0,0.0
2026-09-23T00:24:35.991823,1790103275.9912724,0.0,0.0,0.0,0.0
2026-09-23T00:24:36.002522,1790103276.0012755,0.0,0.0,0.0,0.0
2026-09-23T00:24:36.011832,1790103276.0112684,0.0,0.0,0.0,0.0
2026-09-23T00:24:36.021797,1790103276.0212617,0.0,0.0,0.0,0.0
2026-09-23T00:24:36.031770,1790103276.0312629,0.0,0.0,0.0,0.0
2026-09-23T00:24:36.041802,1790103276.0412633,0.0,0.0,0.0,0.0
2026-09-23T00:24:36.052844,1790103276.0512667,0.0,0.0,0.0,0.0
2026-09-23T00:24:36.061998,1790103276.0612612,0.0,0.0,0.0,0.0
2026-09-23T00:24:36.071715,1790103276.0712583,0.0,0.0,0.0,0.0
2026-09-23T00:24:36.081769,1790103276.0812638,0.0,0.0,0.0,0.0
2026-09-23T00:24:36.091772,1790103276.0912735,0.0,0.0,0.0,0.0
2026-09-23T00:24:36.102555,1790103276.101274,0.0,0.0,0.0,0.0
2026-09-23T00:24:36.111906,1790103276.1112652,0.0,0.0,0.0,0.0
2026-09-23T00:24:36.121827,1790103276.1212573,0.0,0.0,0.0,0.0
2026-09-23T00:24:36.131727,1790103276.1312594,0.0,0.0,0.0,0.0
2026-09-23T00:24:36.141929,1790103276.1412866,0.0,0.0,0.0,0.0
2026-09-23T00:24:36.152567,1790103276.1512876,0.0,0.0,0.0,0.0
2026-09-23T00:24:36.161804,1790103276.1612644,0.0,0.0,0.0,0.0
2026-09-23T00:24:36.171764,1790103276.171263,0.0,0.0,0.0,0.0
2026-09-23T00:24:36.181806,1790103276.181261,0.0,0.0,0.0,0.0
2026-09-23T00:24:36.191718,1790103276.191261,0.0,0.0,0.0,0.0
2026-09-23T00:24:36.202666,1790103276.2012858,0.0,0.0,0.0,0.0
2026-09-23T00:24:36.211742,1790103276.211265,0.0,0.0,0.0,0.0
2026-09-23T00:24:36.221863,1790103276.2212725,0.0,0.0,0.0,0.0
2026-09-23T00:24:36.231815,1790103276.2313046,0.0,0.0,0.0,0.0
2026-09-23T00:24:36.241800,1790103276.2412667,0.0,0.0,0.0,0.0
2026-09-23T00:24:36.252835,1790103276.2512672,0.0,0.0,0.0,0.0
2026-09-23T00:24:36.261796,1790103276.26127,0.0,0.0,0.0,0.0
2026-09-23T00:24:36.271847,1790103276.2712772,0.0,0.0,0.0,0.0
2026-09-23T00:24:36.281770,1790103276.281277,0.0,0.0,0.0,0.0
2026-09-23T00:24:36.291929,1790103276.29126,0.0,0.0,0.0,0.0
2026-09-23T00:24:36.302722,1790103276.3012753,0.0,0.0,0.0,0.0
2026-09-23T00:24:36.311810,1790103276.3112624,0.0,0.0,0.0,0.0
2026-09-23T00:24:36.321810,1790103276.3212786,0.0,0.0,0.0,0.0
2026-09-23T00:24:36.331919,1790103276.331284,0.0,0.0,0.0,0.0
2026-09-23T00:24:36.341890,1790103276.3412573,0.0,0.0,0.0,0.0
2026-09-23T00:24:36.352088,1790103276.351262,0.0,0.0,0.0,0.0
2026-09-23T00:24:36.361805,1790103276.3612869,0.0,0.0,0.0,0.0
2026-09-23T00:24:36.371727,1790103276.3712616,0.0,0.0,0.0,0.0
2026-09-23T00:24:36.381826,1790103276.3812668,0.0,0.0,0.0,0.0
2026-09-23T00:24:36.391777,1790103276.391269,0.0,0.0,0.0,0.0
2026-09-23T00:24:36.402404,1790103276.401276,0.0,0.0,0.0,0.0
2026-09-23T00:24:36.411724,1790103276.4112828,0.0,0.0,0.0,0.0
2026-09-23T00:24:36.421898,1790103276.4212558,0.0,0.0,0.0,0.0
2026-09-23T00:24:36.431767,1790103276.4312763,0.0,0.0,0.0,0.0
2026-09-23T00:24:36.441754,1790103276.4412668,0.0,0.0,0.0,0.0
2026-09-23T00:24:36.452891,1790103276.4512737,0.0,0.0,0.0,0.0
2026-09-23T00:24:36.461925,1790103276.4612772,0.0,0.0,0.0,0.0
2026-09-23T00:24:36.471695,1790103276.4712703,0.0,0.0,0.0,0.0
2026-09-23T00:24:36.481881,1790103276.4812605,0.0,0.0,0.0,0.0
2026-09-23T00:24:36.491751,1790103276.491268,0.0,0.0,0.0,0.0
2026-09-23T00:24:36.502079,1790103276.5012991,0.0,0.0,0.0,0.0
2026-09-23T00:24:36.511794,1790103276.5112567,0.0,0.0,0.0,0.0
2026-09-23T00:24:36.523031,1790103276.5222042,0.0,0.0,0.0,0.0
2026-09-23T00:24:36.531721,1790103276.5312634,0.0,0.0,0.0,0.0
2026-09-23T00:24:36.541812,1790103276.5412583,0.0,0.0,0.0,0.0
2026-09-23T00:24:36.552672,1790103276.5513115,0.0,0.0,0.0,0.0
2026-09-23T00:24:36.561737,1790103276.5612574,0.0,0.0,0.0,0.0
2026-09-23T00:24:36.571719,1790103276.5712733,0.0,0.0,0.0,0.0
2026-09-23T00:24:36.581774,1790103276.5812638,0.0,0.0,0.0,0.0
2026-09-23T00:24:36.591839,1790103276.5912738,0.0,0.0,0.0,0.0
2026-09-23T00:24:36.602270,1790103276.6012664,0.0,0.0,0.0,0.0
2026-09-23T00:24:36.611957,1790103276.6112683,0.0,0.0,0.0,0.0
2026-09-23T00:24:36.622023,1790103276.62128,0.0,0.0,0.0,0.0
2026-09-23T00:24:36.631670,1790103276.6312675,0.0,0.0,0.0,0.0
2026-09-23T00:24:36.641751,1790103276.6412578,0.0,0.0,0.0,0.0
2026-09-23T00:24:36.652044,1790103276.6512644,0.0,0.0,0.0,0.0
2026-09-23T00:24:36.661818,1790103276.661269,0.0,0.0,0.0,0.0
2026-09-23T00:24:36.671671,1790103276.6712534,0.0,0.0,0.0,0.0
2026-09-23T00:24:36.681749,1790103276.6812634,0.0,0.0,0.0,0.0
2026-09-23T00:24:36.691779,1790103276.6912632,0.0,0.0,0.0,0.0
2026-09-23T00:24:36.702301,1790103276.7012787,0.0,0.0,0.0,0.0
2026-09-23T00:24:36.711773,1790103276.7112617,0.0,0.0,0.0,0.0
2026-09-23T00:24:36.721823,1790103276.7212653,0.0,0.0,0.0,0.0
2026-09-23T00:24:36.731760,1790103276.7312582,0.0,0.0,0.0,0.0
2026-09-23T00:24:36.741806,1790103276.7412584,0.0,0.0,0.0,0.0
2026-09-23T00:24:36.752133,1790103276.7512786,0.0,0.0,0.0,0.0
2026-09-23T00:24:36.761845,1790103276.76126,0.0,0.0,0.0,0.0
2026-09-23T00:24:36.771740,1790103276.7712665,0.0,0.0,0.0,0.0
2026-09-23T00:24:36.782104,1790103276.7812846,0.0,0.0,0.0,0.0
2026-09-23T00:24:36.791760,1790103276.791263,0.0,0.0,0.0,0.0
2026-09-23T00:24:36.802005,1790103276.8012602,0.0,0.0,0.0,0.0
2026-09-23T00:24:36.811905,1790103276.811273,0.0,0.0,0.0,0.0
2026-09-23T00:24:36.821806,1790103276.8212667,0.0,0.0,0.0,0.0
2026-09-23T00:24:36.831746,1790103276.8312633,0.0,0.0,0.0,0.0
2026-09-23T00:24:36.841832,1790103276.8412638,0.0,0.0,0.0,0.0
2026-09-23T00:24:36.852412,1790103276.851266,0.0,0.0,0.0,0.0
2026-09-23T00:24:36.861795,1790103276.8612683,0.0,0.0,0.0,0.0
2026-09-23T00:24:36.871748,1790103276.8712733,0.0,0.0,0.0,0.0
2026-09-23T00:24:36.881915,1790103276.8812673,0.0,0.0,0.0,0.0
2026-09-23T00:24:36.892116,1790103276.891275,0.0,0.0,0.0,0.0
2026-09-23T00:24:36.902095,1790103276.9012966,0.0,0.0,0.0,0.0
2026-09-23T00:24:36.911813,1790103276.9112823,0.0,0.0,0.0,0.0
2026-09-23T00:24:36.921755,1790103276.9212687,0.0,0.0,0.0,0.0
2026-09-23T00:24:36.931733,1790103276.9312696,0.0,0.0,0.0,0.0
2026-09-23T00:24:36.942152,1790103276.9412696,0.0,0.0,0.0,0.0
2026-09-23T00:24:36.952050,1790103276.9512753,0.0,0.0,0.0,0.0
2026-09-23T00:24:36.961856,1790103276.9612648,0.0,0.0,0.0,0.0
2026-09-23T00:24:36.971770,1790103276.9712684,0.0,0.0,0.0,0.0
2026-09-23T00:24:36.981862,1790103276.9812655,0.0,0.0,0.0,0.0
2026-09-23T00:24:36.991866,1790103276.9912648,0.0,0.0,0.0,0.0
2026-09-23T00:24:37.002083,1790103277.001267,0.0,0.0,0.0,0.0
2026-09-23T00:24:37.011768,1790103277.0112665,0.0,0.0,0.0,0.0
2026-09-23T00:24:37.021806,1790103277.021273,0.0,0.0,0.0,0.0
2026-09-23T00:24:37.031758,1790103277.0312643,0.0,0.0,0.0,0.0
2026-09-23T00:24:37.041835,1790103277.041268,0.0,0.0,0.0,0.0
2026-09-23T00:24:37.052126,1790103277.051265,0.0,0.0,0.0,0.0
2026-09-23T00:24:37.061944,1790103277.0612292,0.0,0.0,0.0,0.0
2026-09-23T00:24:37.071851,1790103277.0712752,0.0,0.0,0.0,0.0
2026-09-23T00:24:37.081782,1790103277.0812557,0.0,0.0,0.0,0.0
2026-09-23T00:24:37.091963,1790103277.0912747,0.0,0.0,0.0,0.0
2026-09-23T00:24:37.102274,1790103277.1012757,0.0,0.0,0.0,0.0
2026-09-23T00:24:37.111703,1790103277.1112652,0.0,0.0,0.0,0.0
2026-09-23T00:24:37.121874,1790103277.121292,0.0,0.0,0.0,0.0
2026-09-23T00:24:37.131820,1790103277.131285,0.0,0.0,0.0,0.0
2026-09-23T00:24:37.141967,1790103277.1412647,0.0,0.0,0.0,0.0
2026-09-23T00:24:37.152684,1790103277.1512723,0.0,0.0,0.0,0.0
2026-09-23T00:24:37.161800,1790103277.1612647,0.0,0.0,0.0,0.0
2026-09-23T00:24:37.171723,1790103277.171269,0.0,0.0,0.0,0.0
2026-09-23T00:24:37.181777,1790103277.1812806,0.0,0.0,0.0,0.0
2026-09-23T00:24:37.191697,1790103277.1912632,0.0,0.0,0.0,0.0
2026-09-23T00:24:37.202222,1790103277.2012782,0.0,0.0,0.0,0.0
2026-09-23T00:24:37.211721,1790103277.2112706,0.0,0.0,0.0,0.0
2026-09-23T00:24:37.221821,1790103277.2212656,0.0,0.0,0.0,0.0
2026-09-23T00:24:37.231841,1790103277.2312741,0.0,0.0,0.0,0.0
2026-09-23T00:24:37.241800,1790103277.2412617,0.0,0.0,0.0,0.0
2026-09-23T00:24:37.252385,1790103277.2512708,0.0,0.0,0.0,0.0
2026-09-23T00:24:37.261877,1790103277.2612777,0.0,0.0,0.0,0.0
2026-09-23T00:24:37.271683,1790103277.2712724,0.0,0.0,0.0,0.0
2026-09-23T00:24:37.281752,1790103277.2812629,0.0,0.0,0.0,0.0
2026-09-23T00:24:37.291676,1790103277.2912683,0.0,0.0,0.0,0.0
2026-09-23T00:24:37.302659,1790103277.3012745,0.0,0.0,0.0,0.0
2026-09-23T00:24:37.311722,1790103277.31126,0.0,0.0,0.0,0.0
2026-09-23T00:24:37.321800,1790103277.3212655,0.0,0.0,0.0,0.0
2026-09-23T00:24:37.331684,1790103277.331264,0.0,0.0,0.0,0.0
2026-09-23T00:24:37.341817,1790103277.3412771,0.0,0.0,0.0,0.0
2026-09-23T00:24:37.353594,1790103277.3512635,0.0,0.0,0.0,0.0
2026-09-23T00:24:37.361750,1790103277.3612602,0.0,0.0,0.0,0.0
2026-09-23T00:24:37.371787,1790103277.371281,0.0,0.0,0.0,0.0
2026-09-23T00:24:37.381908,1790103277.3812637,0.0,0.0,0.0,0.0
2026-09-23T00:24:37.391727,1790103277.3912632,0.0,0.0,0.0,0.0
2026-09-23T00:24:37.402343,1790103277.4013035,0.0,0.0,0.0,0.0
2026-09-23T00:24:37.411773,1790103277.411301,0.0,0.0,0.0,0.0
2026-09-23T00:24:37.422083,1790103277.4212818,0.0,0.0,0.0,0.0
2026-09-23T00:24:37.431833,1790103277.431264,0.0,0.0,0.0,0.0
2026-09-23T00:24:37.441829,1790103277.441268,0.0,0.0,0.0,0.0
2026-09-23T00:24:37.452161,1790103277.4512856,0.0,0.0,0.0,0.0
2026-09-23T00:24:37.461778,1790103277.4612718,0.0,0.0,0.0,0.0
2026-09-23T00:24:37.471671,1790103277.4712768,0.0,0.0,0.0,0.0
2026-09-23T00:24:37.481827,1790103277.4812796,0.0,0.0,0.0,0.0
2026-09-23T00:24:37.491695,1790103277.491268,0.0,0.0,0.0,0.0
2026-09-23T00:24:37.502179,1790103277.501321,0.0,0.0,0.0,0.0
2026-09-23T00:24:37.511742,1790103277.511262,0.0,0.0,0.0,0.0
2026-09-23T00:24:37.521783,1790103277.5212607,0.0,0.0,0.0,0.0
2026-09-23T00:24:37.531897,1790103277.5312643,0.0,0.0,0.0,0.0
2026-09-23T00:24:37.541880,1790103277.5412629,0.0,0.0,0.0,0.0
2026-09-23T00:24:37.552375,1790103277.551263,0.0,0.0,0.0,0.0
2026-09-23T00:24:37.561843,1790103277.5612879,0.0,0.0,0.0,0.0
2026-09-23T00:24:37.571672,1790103277.5712616,0.0,0.0,0.0,0.0
2026-09-23T00:24:37.582112,1790103277.5812705,0.0,0.0,0.0,0.0
2026-09-23T00:24:37.591949,1790103277.591271,0.0,0.0,0.0,0.0
2026-09-23T00:24:37.602116,1790103277.6013112,0.0,0.0,0.0,0.0
2026-09-23T00:24:37.611808,1790103277.6112761,0.0,0.0,0.0,0.0
2026-09-23T00:24:37.621826,1790103277.6212635,0.0,0.0,0.0,0.0
2026-09-23T00:24:37.631861,1790103277.6312678,0.0,0.0,0.0,0.0
2026-09-23T00:24:37.641848,1790103277.641261,0.0,0.0,0.0,0.0
2026-09-23T00:24:37.652416,1790103277.6512952,0.0,0.0,0.0,0.0
2026-09-23T00:24:37.661903,1790103277.6612785,0.0,0.0,0.0,0.0
2026-09-23T00:24:37.671659,1790103277.6712537,0.0,0.0,0.0,0.0
2026-09-23T00:24:37.681847,1790103277.6812923,0.0,0.0,0.0,0.0
2026-09-23T00:24:37.691743,1790103277.6912646,0.0,0.0,0.0,0.0
2026-09-23T00:24:37.702082,1790103277.7012627,0.0,0.0,0.0,0.0
2026-09-23T00:24:37.711881,1790103277.711258,0.0,0.0,0.0,0.0
2026-09-23T00:24:37.721758,1790103277.7212653,0.0,0.0,0.0,0.0
2026-09-23T00:24:37.731855,1790103277.731265,0.0,0.0,0.0,0.0
2026-09-23T00:24:37.742023,1790103277.7412658,0.0,0.0,0.0,0.0
2026-09-23T00:24:37.752165,1790103277.7512662,0.0,0.0,0.0,0.0
2026-09-23T00:24:37.761790,1790103277.7612631,0.0,0.0,0.0,0.0
2026-09-23T00:24:37.771763,1790103277.7712617,0.0,0.0,0.0,0.0
2026-09-23T00:24:37.781824,1790103277.7812846,0.0,0.0,0.0,0.0
2026-09-23T00:24:37.791752,1790103277.7912657,0.0,0.0,0.0,0.0
2026-09-23T00:24:37.802047,1790103277.8012664,0.0,0.0,0.0,0.0
2026-09-23T00:24:37.811963,1790103277.8112712,0.0,0.0,0.0,0.0
2026-09-23T00:24:37.821803,1790103277.821267,0.0,0.0,0.0,0.0
2026-09-23T00:24:37.831687,1790103277.8312733,0.0,0.0,0.0,0.0
2026-09-23T00:24:37.841860,1790103277.8412788,0.0,0.0,0.0,0.0
2026-09-23T00:24:37.851900,1790103277.8512886,0.0,0.0,0.0,0.0
2026-09-23T00:24:37.861811,1790103277.8612761,0.0,0.0,0.0,0.0
2026-09-23T00:24:37.871770,1790103277.8712723,0.0,0.0,0.0,0.0
2026-09-23T00:24:37.881804,1790103277.881302,0.0,0.0,0.0,0.0
2026-09-23T00:24:37.891747,1790103277.8912659,0.0,0.0,0.0,0.0
2026-09-23T00:24:37.902297,1790103277.9012697,0.0,0.0,0.0,0.0
2026-09-23T00:24:37.911946,1790103277.9112604,0.0,0.0,0.0,0.0
2026-09-23T00:24:37.921843,1790103277.9212563,0.0,0.0,0.0,0.0
2026-09-23T00:24:37.931790,1790103277.9312737,0.0,0.0,0.0,0.0
2026-09-23T00:24:37.941835,1790103277.9412608,0.0,0.0,0.0,0.0
2026-09-23T00:24:37.952517,1790103277.9512668,0.0,0.0,0.0,0.0
2026-09-23T00:24:37.961948,1790103277.9613183,0.0,0.0,0.0,0.0
2026-09-23T00:24:37.971860,1790103277.9712732,0.0,0.0,0.0,0.0
2026-09-23T00:24:37.981877,1790103277.9812634,0.0,0.0,0.0,0.0
2026-09-23T00:24:37.992536,1790103277.9912665,0.0,0.0,0.0,0.0
2026-09-23T00:24:38.002294,1790103278.001274,0.0,0.0,0.0,0.0
2026-09-23T00:24:38.011857,1790103278.011262,0.0,0.0,0.0,0.0
2026-09-23T00:24:38.021875,1790103278.0212986,0.0,0.0,0.0,0.0
2026-09-23T00:24:38.031731,1790103278.0312524,0.0,0.0,0.0,0.0
2026-09-23T00:24:38.041783,1790103278.0412605,0.0,0.0,0.0,0.0
2026-09-23T00:24:38.052059,1790103278.0512857,0.0,0.0,0.0,0.0
2026-09-23T00:24:38.061979,1790103278.061272,0.0,0.0,0.0,0.0
2026-09-23T00:24:38.071764,1790103278.0712688,0.0,0.0,0.0,0.0
2026-09-23T00:24:38.081781,1790103278.0812573,0.0,0.0,0.0,0.0
2026-09-23T00:24:38.091811,1790103278.0912752,0.0,0.0,0.0,0.0
2026-09-23T00:24:38.102056,1790103278.1012716,0.0,0.0,0.0,0.0
2026-09-23T00:24:38.111687,1790103278.1112666,0.0,0.0,0.0,0.0
2026-09-23T00:24:38.121987,1790103278.1212988,0.0,0.0,0.0,0.0
2026-09-23T00:24:38.131803,1790103278.1312718,0.0,0.0,0.0,0.0
2026-09-23T00:24:38.141764,1790103278.1412616,0.0,0.0,0.0,0.0
2026-09-23T00:24:38.152132,1790103278.151272,0.0,0.0,0.0,0.0
2026-09-23T00:24:38.161813,1790103278.1612957,0.0,0.0,0.0,0.0
2026-09-23T00:24:38.171717,1790103278.1712604,0.0,0.0,0.0,0.0
2026-09-23T00:24:38.181785,1790103278.181262,0.0,0.0,0.0,0.0
2026-09-23T00:24:38.191795,1790103278.1912704,0.0,0.0,0.0,0.0
2026-09-23T00:24:38.202092,1790103278.2013147,0.0,0.0,0.0,0.0
2026-09-23T00:24:38.211688,1790103278.2112625,0.0,0.0,0.0,0.0
2026-09-23T00:24:38.222028,1790103278.2212818,0.0,0.0,0.0,0.0
2026-09-23T00:24:38.231904,1790103278.2312634,0.0,0.0,0.0,0.0
2026-09-23T00:24:38.241924,1790103278.2412698,0.0,0.0,0.0,0.0
2026-09-23T00:24:38.252363,1790103278.2512774,0.0,0.0,0.0,0.0
2026-09-23T00:24:38.261788,1790103278.2612605,0.0,0.0,0.0,0.0
2026-09-23T00:24:38.271725,1790103278.2712734,0.0,0.0,0.0,0.0
2026-09-23T00:24:38.281782,1790103278.281269,0.0,0.0,0.0,0.0
2026-09-23T00:24:38.291771,1790103278.291263,0.0,0.0,0.0,0.0
2026-09-23T00:24:38.302058,1790103278.3012733,0.0,0.0,0.0,0.0
2026-09-23T00:24:38.311825,1790103278.3112636,0.0,0.0,0.0,0.0
2026-09-23T00:24:38.321795,1790103278.3212502,0.0,0.0,0.0,0.0
2026-09-23T00:24:38.331788,1790103278.3312743,0.0,0.0,0.0,0.0
2026-09-23T00:24:38.341796,1790103278.341266,0.0,0.0,0.0,0.0
2026-09-23T00:24:38.352100,1790103278.3512702,0.0,0.0,0.0,0.0
2026-09-23T00:24:38.361891,1790103278.3613012,0.0,0.0,0.0,0.0
2026-09-23T00:24:38.371717,1790103278.371263,0.0,0.0,0.0,0.0
2026-09-23T00:24:38.382001,1790103278.3813028,0.0,0.0,0.0,0.0
2026-09-23T00:24:38.391875,1790103278.3912616,0.0,0.0,0.0,0.0
2026-09-23T00:24:38.402189,1790103278.4012702,0.0,0.0,0.0,0.0
2026-09-23T00:24:38.411791,1790103278.4112637,0.0,0.0,0.0,0.0
2026-09-23T00:24:38.421814,1790103278.4212644,0.0,0.0,0.0,0.0
2026-09-23T00:24:38.431714,1790103278.4312644,0.0,0.0,0.0,0.0
2026-09-23T00:24:38.441764,1790103278.4412637,0.0,0.0,0.0,0.0
2026-09-23T00:24:38.452139,1790103278.4512687,0.0,0.0,0.0,0.0
2026-09-23T00:24:38.461883,1790103278.4612658,0.0,0.0,0.0,0.0
2026-09-23T00:24:38.471711,1790103278.4712667,0.0,0.0,0.0,0.0
2026-09-23T00:24:38.481911,1790103278.481264,0.0,0.0,0.0,0.0
2026-09-23T00:24:38.492049,1790103278.491265,0.0,0.0,0.0,0.0
2026-09-23T00:24:38.502431,1790103278.5012674,0.0,0.0,0.0,0.0
2026-09-23T00:24:38.511771,1790103278.5112653,0.0,0.0,0.0,0.0
2026-09-23T00:24:38.521780,1790103278.5212646,0.0,0.0,0.0,0.0
2026-09-23T00:24:38.531674,1790103278.53126,0.0,0.0,0.0,0.0
2026-09-23T00:24:38.541876,1790103278.5412672,0.0,0.0,0.0,0.0
2026-09-23T00:24:38.552611,1790103278.5512671,0.0,0.0,0.0,0.0
2026-09-23T00:24:38.561815,1790103278.5612907,0.0,0.0,0.0,0.0
2026-09-23T00:24:38.571786,1790103278.571257,0.0,0.0,0.0,0.0
2026-09-23T00:24:38.582052,1790103278.5812993,0.0,0.0,0.0,0.0
2026-09-23T00:24:38.591761,1790103278.5912702,0.0,0.0,0.0,0.0
2026-09-23T00:24:38.602259,1790103278.6012712,0.0,0.0,0.0,0.0
2026-09-23T00:24:38.611745,1790103278.6112576,0.0,0.0,0.0,0.0
2026-09-23T00:24:38.621764,1790103278.621257,0.0,0.0,0.0,0.0
2026-09-23T00:24:38.631664,1790103278.6312664,0.0,0.0,0.0,0.0
2026-09-23T00:24:38.641892,1790103278.6412606,0.0,0.0,0.0,0.0
2026-09-23T00:24:38.652149,1790103278.6512613,0.0,0.0,0.0,0.0
2026-09-23T00:24:38.661776,1790103278.661278,0.0,0.0,0.0,0.0
2026-09-23T00:24:38.671985,1790103278.6712747,0.0,0.0,0.0,0.0
2026-09-23T00:24:38.681834,1790103278.6812704,0.0,0.0,0.0,0.0
2026-09-23T00:24:38.691753,1790103278.6912737,0.0,0.0,0.0,0.0
2026-09-23T00:24:38.702274,1790103278.7013085,0.0,0.0,0.0,0.0
2026-09-23T00:24:38.711854,1790103278.7112668,0.0,0.0,0.0,0.0
2026-09-23T00:24:38.721752,1790103278.7212665,0.0,0.0,0.0,0.0
2026-09-23T00:24:38.731779,1790103278.731266,0.0,0.0,0.0,0.0
2026-09-23T00:24:38.741770,1790103278.7412648,0.0,0.0,0.0,0.0
2026-09-23T00:24:38.752326,1790103278.7512646,0.0,0.0,0.0,0.0
2026-09-23T00:24:38.761788,1790103278.7612703,0.0,0.0,0.0,0.0
2026-09-23T00:24:38.771729,1790103278.7712598,0.0,0.0,0.0,0.0
2026-09-23T00:24:38.781865,1790103278.7812996,0.0,0.0,0.0,0.0
2026-09-23T00:24:38.791747,1790103278.7912652,0.0,0.0,0.0,0.0
2026-09-23T00:24:38.802237,1790103278.801262,0.0,0.0,0.0,0.0
2026-09-23T00:24:38.811783,1790103278.8112617,0.0,0.0,0.0,0.0
2026-09-23T00:24:38.822005,1790103278.821276,0.0,0.0,0.0,0.0
2026-09-23T00:24:38.831865,1790103278.831284,0.0,0.0,0.0,0.0
2026-09-23T00:24:38.841768,1790103278.8412685,0.0,0.0,0.0,0.0
2026-09-23T00:24:38.852085,1790103278.851267,0.0,0.0,0.0,0.0
2026-09-23T00:24:38.862026,1790103278.8612714,0.0,0.0,0.0,0.0
2026-09-23T00:24:38.871830,1790103278.871281,0.0,0.0,0.0,0.0
2026-09-23T00:24:38.881853,1790103278.8813102,0.0,0.0,0.0,0.0
2026-09-23T00:24:38.891851,1790103278.8912756,0.0,0.0,0.0,0.0
2026-09-23T00:24:38.902127,1790103278.9012864,0.0,0.0,0.0,0.0
2026-09-23T00:24:38.911791,1790103278.911273,0.0,0.0,0.0,0.0
2026-09-23T00:24:38.922022,1790103278.921272,0.0,0.0,0.0,0.0
2026-09-23T00:24:38.931972,1790103278.9312675,0.0,0.0,0.0,0.0
2026-09-23T00:24:38.941825,1790103278.9412708,0.0,0.0,0.0,0.0
2026-09-23T00:24:38.952361,1790103278.9512765,0.0,0.0,0.0,0.0
2026-09-23T00:24:38.961747,1790103278.9612694,0.0,0.0,0.0,0.0
2026-09-23T00:24:38.971749,1790103278.9712868,0.0,0.0,0.0,0.0
2026-09-23T00:24:38.981901,1790103278.9812686,0.0,0.0,0.0,0.0
2026-09-23T00:24:38.991904,1790103278.9912994,0.0,0.0,0.0,0.0
2026-09-23T00:24:39.002036,1790103279.001273,0.0,0.0,0.0,0.0
2026-09-23T00:24:39.011748,1790103279.011271,0.0,0.0,0.0,0.0
2026-09-23T00:24:39.022024,1790103279.0212798,0.0,0.0,0.0,0.0
2026-09-23T00:24:39.031743,1790103279.0312774,0.0,0.0,0.0,0.0
2026-09-23T00:24:39.041820,1790103279.0412912,0.0,0.0,0.0,0.0
2026-09-23T00:24:39.051977,1790103279.0512748,0.0,0.0,0.0,0.0
2026-09-23T00:24:39.061689,1790103279.0612657,0.0,0.0,0.0,0.0
2026-09-23T00:24:39.071701,1790103279.0712674,0.0,0.0,0.0,0.0
2026-09-23T00:24:39.081828,1790103279.0812798,0.0,0.0,0.0,0.0
2026-09-23T00:24:39.091725,1790103279.0912743,0.0,0.0,0.0,0.0
2026-09-23T00:24:39.102174,1790103279.101278,0.0,0.0,0.0,0.0
2026-09-23T00:24:39.111660,1790103279.1112773,0.0,0.0,0.0,0.0
2026-09-23T00:24:39.121875,1790103279.1212802,0.0,0.0,0.0,0.0
2026-09-23T00:24:39.131859,1790103279.1312997,0.0,0.0,0.0,0.0
2026-09-23T00:24:39.141801,1790103279.141261,0.0,0.0,0.0,0.0
2026-09-23T00:24:39.152112,1790103279.151288,0.0,0.0,0.0,0.0
2026-09-23T00:24:39.161812,1790103279.1612642,0.0,0.0,0.0,0.0
2026-09-23T00:24:39.171727,1790103279.1712675,0.0,0.0,0.0,0.0
2026-09-23T00:24:39.181972,1790103279.181283,0.0,0.0,0.0,0.0
2026-09-23T00:24:39.191849,1790103279.1912646,0.0,0.0,0.0,0.0
2026-09-23T00:24:39.202164,1790103279.2012756,0.0,0.0,0.0,0.0
2026-09-23T00:24:39.211711,1790103279.2112627,0.0,0.0,0.0,0.0
2026-09-23T00:24:39.221774,1790103279.221264,0.0,0.0,0.0,0.0
2026-09-23T00:24:39.231847,1790103279.2312624,0.0,0.0,0.0,0.0
2026-09-23T00:24:39.241922,1790103279.2412934,0.0,0.0,0.0,0.0
2026-09-23T00:24:39.251988,1790103279.2512727,0.0,0.0,0.0,0.0
2026-09-23T00:24:39.261801,1790103279.2612662,0.0,0.0,0.0,0.0
2026-09-23T00:24:39.271745,1790103279.2712574,0.0,0.0,0.0,0.0
2026-09-23T00:24:39.281919,1790103279.2813056,0.0,0.0,0.0,0.0
2026-09-23T00:24:39.291854,1790103279.2912686,0.0,0.0,0.0,0.0
2026-09-23T00:24:39.302345,1790103279.301259,0.0,0.0,0.0,0.0
2026-09-23T00:24:39.311903,1790103279.3112655,0.0,0.0,0.0,0.0
2026-09-23T00:24:39.321764,1790103279.3212638,0.0,0.0,0.0,0.0
2026-09-23T00:24:39.331721,1790103279.3312755,0.0,0.0,0.0,0.0
2026-09-23T00:24:39.342222,1790103279.34129,0.0,0.0,0.0,0.0
2026-09-23T00:24:39.352233,1790103279.3512769,0.0,0.0,0.0,0.0
2026-09-23T00:24:39.361683,1790103279.361266,0.0,0.0,0.0,0.0
2026-09-23T00:24:39.371817,1790103279.37126,0.0,0.0,0.0,0.0
2026-09-23T00:24:39.381795,1790103279.3812668,0.0,0.0,0.0,0.0
2026-09-23T00:24:39.391776,1790103279.391262,0.0,0.0,0.0,0.0
2026-09-23T00:24:39.402076,1790103279.4012733,0.0,0.0,0.0,0.0
2026-09-23T00:24:39.411664,1790103279.4112554,0.0,0.0,0.0,0.0
2026-09-23T00:24:39.421761,1790103279.4212596,0.0,0.0,0.0,0.0
2026-09-23T00:24:39.431713,1790103279.4312792,0.0,0.0,0.0,0.0
2026-09-23T00:24:39.441873,1790103279.4412727,0.0,0.0,0.0,0.0
2026-09-23T00:24:39.452007,1790103279.451268,0.0,0.0,0.0,0.0
2026-09-23T00:24:39.461690,1790103279.4612644,0.0,0.0,0.0,0.0
2026-09-23T00:24:39.471775,1790103279.4712694,0.0,0.0,0.0,0.0
2026-09-23T00:24:39.481753,1790103279.4812615,0.0,0.0,0.0,0.0
2026-09-23T00:24:39.492002,1790103279.4912767,0.0,0.0,0.0,0.0
2026-09-23T00:24:39.502706,1790103279.5012937,0.0,0.0,0.0,0.0
2026-09-23T00:24:39.511693,1790103279.5112665,0.0,0.0,0.0,0.0
2026-09-23T00:24:39.521854,1790103279.5212593,0.0,0.0,0.0,0.0
2026-09-23T00:24:39.531823,1790103279.5312717,0.0,0.0,0.0,0.0
2026-09-23T00:24:39.541846,1790103279.5412683,0.0,0.0,0.0,0.0
2026-09-23T00:24:39.552209,1790103279.5512717,0.0,0.0,0.0,0.0
2026-09-23T00:24:39.561899,1790103279.5612593,0.0,0.0,0.0,0.0
2026-09-23T00:24:39.571742,1790103279.5712643,0.0,0.0,0.0,0.0
2026-09-23T00:24:39.581869,1790103279.5812664,0.0,0.0,0.0,0.0
2026-09-23T00:24:39.591757,1790103279.5912657,0.0,0.0,0.0,0.0
2026-09-23T00:24:39.602070,1790103279.6012745,0.0,0.0,0.0,0.0
2026-09-23T00:24:39.611726,1790103279.611269,0.0,0.0,0.0,0.0
2026-09-23T00:24:39.621819,1790103279.6212752,0.0,0.0,0.0,0.0
2026-09-23T00:24:39.631834,1790103279.6312747,0.0,0.0,0.0,0.0
2026-09-23T00:24:39.641775,1790103279.6412642,0.0,0.0,0.0,0.0
2026-09-23T00:24:39.651906,1790103279.6512616,0.0,0.0,0.0,0.0
2026-09-23T00:24:39.661729,1790103279.6612694,0.0,0.0,0.0,0.0
2026-09-23T00:24:39.671753,1790103279.671261,0.0,0.0,0.0,0.0
2026-09-23T00:24:39.681887,1790103279.6812768,0.0,0.0,0.0,0.0
2026-09-23T00:24:39.691783,1790103279.6912665,0.0,0.0,0.0,0.0
2026-09-23T00:24:39.702103,1790103279.7012682,0.0,0.0,0.0,0.0
2026-09-23T00:24:39.711910,1790103279.7112606,0.0,0.0,0.0,0.0
2026-09-23T00:24:39.721819,1790103279.7212737,0.0,0.0,0.0,0.0
2026-09-23T00:24:39.731749,1790103279.7313015,0.0,0.0,0.0,0.0
2026-09-23T00:24:39.741803,1790103279.7412734,0.0,0.0,0.0,0.0
2026-09-23T00:24:39.752008,1790103279.751264,0.0,0.0,0.0,0.0
2026-09-23T00:24:39.761809,1790103279.7612588,0.0,0.0,0.0,0.0
2026-09-23T00:24:39.771741,1790103279.771266,0.0,0.0,0.0,0.0
2026-09-23T00:24:39.781839,1790103279.781267,0.0,0.0,0.0,0.0
2026-09-23T00:24:39.791850,1790103279.7912621,0.0,0.0,0.0,0.0
2026-09-23T00:24:39.802021,1790103279.801271,0.0,0.0,0.0,0.0
2026-09-23T00:24:39.811627,1790103279.81127,0.0,0.0,0.0,0.0
2026-09-23T00:24:39.823266,1790103279.8212821,0.0,0.0,0.0,0.0
2026-09-23T00:24:39.831739,1790103279.8312693,0.0,0.0,0.0,0.0
2026-09-23T00:24:39.841837,1790103279.8412647,0.0,0.0,0.0,0.0
2026-09-23T00:24:39.852040,1790103279.8512664,0.0,0.0,0.0,0.0
2026-09-23T00:24:39.862284,1790103279.8612692,0.0,0.0,0.0,0.0
2026-09-23T00:24:39.871773,1790103279.8712716,0.0,0.0,0.0,0.0
2026-09-23T00:24:39.881803,1790103279.8812675,0.0,0.0,0.0,0.0
2026-09-23T00:24:39.891815,1790103279.8912637,0.0,0.0,0.0,0.0
2026-09-23T00:24:39.902207,1790103279.901268,0.0,0.0,0.0,0.0
2026-09-23T00:24:39.911837,1790103279.9112716,0.0,0.0,0.0,0.0
2026-09-23T00:24:39.921789,1790103279.9212666,0.0,0.0,0.0,0.0
2026-09-23T00:24:39.931815,1790103279.9312806,0.0,0.0,0.0,0.0
2026-09-23T00:24:39.941773,1790103279.9412634,0.0,0.0,0.0,0.0
2026-09-23T00:24:39.951845,1790103279.9512653,0.0,0.0,0.0,0.0
2026-09-23T00:24:39.961775,1790103279.9612608,0.0,0.0,0.0,0.0
2026-09-23T00:24:39.971853,1790103279.971264,0.0,0.0,0.0,0.0
2026-09-23T00:24:39.982046,1790103279.9812756,0.0,0.0,0.0,0.0
2026-09-23T00:24:39.991800,1790103279.9912663,0.0,0.0,0.0,0.0
2026-09-23T00:24:40.002280,1790103280.0012784,0.0,0.0,0.0,0.0
2026-09-23T00:24:40.011915,1790103280.0112762,0.0,0.0,0.0,0.0
2026-09-23T00:24:40.021991,1790103280.0213377,0.0,0.0,0.0,0.0
2026-09-23T00:24:40.031749,1790103280.0312622,0.0,0.0,0.0,0.0
2026-09-23T00:24:40.041814,1790103280.0412626,0.0,0.0,0.0,0.0
2026-09-23T00:24:40.051958,1790103280.0512676,0.0,0.0,0.0,0.0
2026-09-23T00:24:40.061821,1790103280.0612693,0.0,0.0,0.0,0.0
2026-09-23T00:24:40.071857,1790103280.0712776,0.0,0.0,0.0,0.0
2026-09-23T00:24:40.081912,1790103280.0812633,0.0,0.0,0.0,0.0
2026-09-23T00:24:40.091713,1790103280.0912716,0.0,0.0,0.0,0.0
2026-09-23T00:24:40.102044,1790103280.1012683,0.0,0.0,0.0,0.0
2026-09-23T00:24:40.111894,1790103280.1112697,0.0,0.0,0.0,0.0
2026-09-23T00:24:40.121888,1790103280.1212585,0.0,0.0,0.0,0.0
2026-09-23T00:24:40.131764,1790103280.1312623,0.0,0.0,0.0,0.0
2026-09-23T00:24:40.141868,1790103280.1412752,0.0,0.0,0.0,0.0
2026-09-23T00:24:40.151950,1790103280.1512651,0.0,0.0,0.0,0.0
2026-09-23T00:24:40.161737,1790103280.1612644,0.0,0.0,0.0,0.0
2026-09-23T00:24:40.171804,1790103280.171263,0.0,0.0,0.0,0.0
2026-09-23T00:24:40.181802,1790103280.181273,0.0,0.0,0.0,0.0
2026-09-23T00:24:40.191767,1790103280.1912625,0.0,0.0,0.0,0.0
2026-09-23T00:24:40.202029,1790103280.2012603,0.0,0.0,0.0,0.0
2026-09-23T00:24:40.211921,1790103280.2112665,0.0,0.0,0.0,0.0
2026-09-23T00:24:40.221910,1790103280.2212732,0.0,0.0,0.0,0.0
2026-09-23T00:24:40.231711,1790103280.2312617,0.0,0.0,0.0,0.0
2026-09-23T00:24:40.241897,1790103280.241269,0.0,0.0,0.0,0.0
2026-09-23T00:24:40.252258,1790103280.2512636,0.0,0.0,0.0,0.0
2026-09-23T00:24:40.261826,1790103280.26127,0.0,0.0,0.0,0.0
2026-09-23T00:24:40.271912,1790103280.2712688,0.0,0.0,0.0,0.0
2026-09-23T00:24:40.281823,1790103280.281264,0.0,0.0,0.0,0.0
2026-09-23T00:24:40.291772,1790103280.2912667,0.0,0.0,0.0,0.0
2026-09-23T00:24:40.302422,1790103280.3013012,0.0,0.0,0.0,0.0
2026-09-23T00:24:40.311816,1790103280.3112724,0.0,0.0,0.0,0.0
2026-09-23T00:24:40.321913,1790103280.3212929,0.0,0.0,0.0,0.0
2026-09-23T00:24:40.331889,1790103280.331276,0.0,0.0,0.0,0.0
2026-09-23T00:24:40.341822,1790103280.3412805,0.0,0.0,0.0,0.0
2026-09-23T00:24:40.351954,1790103280.351283,0.0,0.0,0.0,0.0
2026-09-23T00:24:40.362545,1790103280.3612764,0.0,0.0,0.0,0.0
2026-09-23T00:24:40.372182,1790103280.3712656,0.0,0.0,0.0,0.0
2026-09-23T00:24:40.381797,1790103280.3812635,0.0,0.0,0.0,0.0
2026-09-23T00:24:40.391837,1790103280.3912709,0.0,0.0,0.0,0.0
2026-09-23T00:24:40.402143,1790103280.401266,0.0,0.0,0.0,0.0
2026-09-23T00:24:40.411767,1790103280.4112656,0.0,0.0,0.0,0.0
2026-09-23T00:24:40.421812,1790103280.4212654,0.0,0.0,0.0,0.0
2026-09-23T00:24:40.431890,1790103280.4312441,0.0,0.0,0.0,0.0
2026-09-23T00:24:40.441842,1790103280.4413006,0.0,0.0,0.0,0.0
2026-09-23T00:24:40.452011,1790103280.451269,0.0,0.0,0.0,0.0
2026-09-23T00:24:40.462041,1790103280.4612832,0.0,0.0,0.0,0.0
2026-09-23T00:24:40.471907,1790103280.4712799,0.0,0.0,0.0,0.0
2026-09-23T00:24:40.481867,1790103280.481261,0.0,0.0,0.0,0.0
2026-09-23T00:24:40.491854,1790103280.4912908,0.0,0.0,0.0,0.0
2026-09-23T00:24:40.502026,1790103280.5012832,0.0,0.0,0.0,0.0
2026-09-23T00:24:40.511778,1790103280.5112774,0.0,0.0,0.0,0.0
2026-09-23T00:24:40.521908,1790103280.521286,0.0,0.0,0.0,0.0
2026-09-23T00:24:40.531760,1790103280.5312767,0.0,0.0,0.0,0.0
2026-09-23T00:24:40.541811,1790103280.5412788,0.0,0.0,0.0,0.0
2026-09-23T00:24:40.551980,1790103280.5512688,0.0,0.0,0.0,0.0
2026-09-23T00:24:40.561806,1790103280.5612838,0.0,0.0,0.0,0.0
2026-09-23T00:24:40.571870,1790103280.5712898,0.0,0.0,0.0,0.0
2026-09-23T00:24:40.581972,1790103280.5812726,0.0,0.0,0.0,0.0
2026-09-23T00:24:40.591965,1790103280.5913138,0.0,0.0,0.0,0.0
2026-09-23T00:24:40.602084,1790103280.6012855,0.0,0.0,0.0,0.0
2026-09-23T00:24:40.611675,1790103280.611274,0.0,0.0,0.0,0.0
2026-09-23T00:24:40.622056,1790103280.6213207,0.0,0.0,0.0,0.0
2026-09-23T00:24:40.631708,1790103280.6312823,0.0,0.0,0.0,0.0
2026-09-23T00:24:40.641865,1790103280.6413305,0.0,0.0,0.0,0.0
2026-09-23T00:24:40.651972,1790103280.6512725,0.0,0.0,0.0,0.0
2026-09-23T00:24:40.661940,1790103280.6612787,0.0,0.0,0.0,0.0
2026-09-23T00:24:40.671839,1790103280.671288,0.0,0.0,0.0,0.0
2026-09-23T00:24:40.681832,1790103280.6812727,0.0,0.0,0.0,0.0
2026-09-23T00:24:40.691932,1790103280.6913497,0.0,0.0,0.0,0.0
2026-09-23T00:24:40.702558,1790103280.7012773,0.0,0.0,0.0,0.0
2026-09-23T00:24:40.711814,1790103280.7112632,0.0,0.0,0.0,0.0
2026-09-23T00:24:40.721771,1790103280.7212648,0.0,0.0,0.0,0.0
2026-09-23T00:24:40.731806,1790103280.7312686,0.0,0.0,0.0,0.0
2026-09-23T00:24:40.741952,1790103280.7413437,0.0,0.0,0.0,0.0
2026-09-23T00:24:40.751928,1790103280.7512677,0.0,0.0,0.0,0.0
2026-09-23T00:24:40.761827,1790103280.761277,0.0,0.0,0.0,0.0
2026-09-23T00:24:40.771818,1790103280.771272,0.0,0.0,0.0,0.0
2026-09-23T00:24:40.782088,1790103280.7812736,0.0,0.0,0.0,0.0
2026-09-23T00:24:40.791947,1790103280.7913723,0.0,0.0,0.0,0.0
2026-09-23T00:24:40.801983,1790103280.8012824,0.0,0.0,0.0,0.0
2026-09-23T00:24:40.811778,1790103280.8112774,0.0,0.0,0.0,0.0
2026-09-23T00:24:40.821910,1790103280.8212912,0.0,0.0,0.0,0.0
2026-09-23T00:24:40.831847,1790103280.8312798,0.0,0.0,0.0,0.0
2026-09-23T00:24:40.841966,1790103280.841375,0.0,0.0,0.0,0.0
2026-09-23T00:24:40.851947,1790103280.8512604,0.0,0.0,0.0,0.0
2026-09-23T00:24:40.861815,1790103280.8612769,0.0,0.0,0.0,0.0
2026-09-23T00:24:40.871853,1790103280.8712697,0.0,0.0,0.0,0.0
2026-09-23T00:24:40.882055,1790103280.8812678,0.0,0.0,0.0,0.0
2026-09-23T00:24:40.891885,1790103280.8912663,0.0,0.0,0.0,0.0
2026-09-23T00:24:40.902568,1790103280.9012637,0.0,0.0,0.0,0.0
2026-09-23T00:24:40.911836,1790103280.9112794,0.0,0.0,0.0,0.0
2026-09-23T00:24:40.921943,1790103280.9212918,0.0,0.0,0.0,0.0
2026-09-23T00:24:40.931851,1790103280.9312668,0.0,0.0,0.0,0.0
2026-09-23T00:24:40.942037,1790103280.9412758,0.0,0.0,0.0,0.0
2026-09-23T00:24:40.952165,1790103280.9512718,0.0,0.0,0.0,0.0
2026-09-23T00:24:40.961788,1790103280.9612682,0.0,0.0,0.0,0.0
2026-09-23T00:24:40.971837,1790103280.9712727,0.0,0.0,0.0,0.0
2026-09-23T00:24:40.981787,1790103280.981278,0.0,0.0,0.0,0.0
2026-09-23T00:24:40.991800,1790103280.9912627,0.0,0.0,0.0,0.0
2026-09-23T00:24:41.001973,1790103281.0012655,0.0,0.0,0.0,0.0
2026-09-23T00:24:41.011797,1790103281.0112653,0.0,0.0,0.0,0.0
2026-09-23T00:24:41.022105,1790103281.0213227,0.0,0.0,0.0,0.0
2026-09-23T00:24:41.031731,1790103281.031266,0.0,0.0,0.0,0.0
2026-09-23T00:24:41.041855,1790103281.0412595,0.0,0.0,0.0,0.0
2026-09-23T00:24:41.052094,1790103281.0512667,0.0,0.0,0.0,0.0
2026-09-23T00:24:41.061876,1790103281.061283,0.0,0.0,0.0,0.0
2026-09-23T00:24:41.072130,1790103281.0712664,0.0,0.0,0.0,0.0
2026-09-23T00:24:41.081910,1790103281.0812998,0.0,0.0,0.0,0.0
2026-09-23T00:24:41.091889,1790103281.0912762,0.0,0.0,0.0,0.0
2026-09-23T00:24:41.102301,1790103281.1012938,0.0,0.0,0.0,0.0
2026-09-23T00:24:41.111808,1790103281.1112983,0.0,0.0,0.0,0.0
2026-09-23T00:24:41.122186,1790103281.121355,0.0,0.0,0.0,0.0
2026-09-23T00:24:41.131851,1790103281.131275,0.0,0.0,0.0,0.0
2026-09-23T00:24:41.141965,1790103281.1412704,0.0,0.0,0.0,0.0
2026-09-23T00:24:41.152178,1790103281.1512692,0.0,0.0,0.0,0.0
2026-09-23T00:24:41.162031,1790103281.1613047,0.0,0.0,0.0,0.0
2026-09-23T00:24:41.172084,1790103281.1713028,0.0,0.0,0.0,0.0
2026-09-23T00:24:41.181922,1790103281.1812754,0.0,0.0,0.0,0.0
2026-09-23T00:24:41.192029,1790103281.1912677,0.0,0.0,0.0,0.0
2026-09-23T00:24:41.203025,1790103281.2012734,0.0,0.0,0.0,0.0
2026-09-23T00:24:41.211904,1790103281.2112691,0.0,0.0,0.0,0.0
2026-09-23T00:24:41.222638,1790103281.2212832,0.0,0.0,0.0,0.0
2026-09-23T00:24:41.231899,1790103281.2312694,0.0,0.0,0.0,0.0
2026-09-23T00:24:41.241998,1790103281.2412715,0.0,0.0,0.0,0.0
2026-09-23T00:24:41.252250,1790103281.251272,0.0,0.0,0.0,0.0
2026-09-23T00:24:41.261923,1790103281.2612646,0.0,0.0,0.0,0.0
2026-09-23T00:24:41.272077,1790103281.2712748,0.0,0.0,0.0,0.0
2026-09-23T00:24:41.282371,1790103281.281269,0.0,0.0,0.0,0.0
2026-09-23T00:24:41.292031,1790103281.2912674,0.0,0.0,0.0,0.0
2026-09-23T00:24:41.302341,1790103281.3012874,0.0,0.0,0.0,0.0
2026-09-23T00:24:41.311746,1790103281.3112674,0.0,0.0,0.0,0.0
2026-09-23T00:24:41.322251,1790103281.321368,0.0,0.0,0.0,0.0
2026-09-23T00:24:41.332155,1790103281.331492,0.0,0.0,0.0,0.0
2026-09-23T00:24:41.341886,1790103281.3412654,0.0,0.0,0.0,0.0
2026-09-23T00:24:41.352218,1790103281.3512595,0.0,0.0,0.0,0.0
2026-09-23T00:24:41.361874,1790103281.3612623,0.0,0.0,0.0,0.0
2026-09-23T00:24:41.372002,1790103281.371348,0.0,0.0,0.0,0.0
2026-09-23T00:24:41.381780,1790103281.3812644,0.0,0.0,0.0,0.0
2026-09-23T00:24:41.392218,1790103281.3912668,0.0,0.0,0.0,0.0
2026-09-23T00:24:41.402147,1790103281.4012673,0.0,0.0,0.0,0.0
2026-09-23T00:24:41.411738,1790103281.4112623,0.0,0.0,0.0,0.0
2026-09-23T00:24:41.422246,1790103281.4213285,0.0,0.0,0.0,0.0
2026-09-23T00:24:41.431703,1790103281.4312751,0.0,0.0,0.0,0.0
2026-09-23T00:24:41.442132,1790103281.4412863,0.0,0.0,0.0,0.0
2026-09-23T00:24:41.452062,1790103281.451271,0.0,0.0,0.0,0.0
2026-09-23T00:24:41.461986,1790103281.4612932,0.0,0.0,0.0,0.0
2026-09-23T00:24:41.472103,1790103281.471331,0.0,0.0,0.0,0.0
2026-09-23T00:24:41.481854,1790103281.4812856,0.0,0.0,0.0,0.0
2026-09-23T00:24:41.491902,1790103281.491265,0.0,0.0,0.0,0.0
2026-09-23T00:24:41.502304,1790103281.501266,0.0,0.0,0.0,0.0
2026-09-23T00:24:41.511761,1790103281.5112603,0.0,0.0,0.0,0.0
2026-09-23T00:24:41.521714,1790103281.52122,0.0,0.0,0.0,0.0
2026-09-23T00:24:41.531790,1790103281.5312686,0.0,0.0,0.0,0.0
2026-09-23T00:24:41.541943,1790103281.5412986,0.0,0.0,0.0,0.0
2026-09-23T00:24:41.551995,1790103281.5512223,0.0,0.0,0.0,0.0
2026-09-23T00:24:41.561976,1790103281.561265,0.0,0.0,0.0,0.0
2026-09-23T00:24:41.572076,1790103281.571318,0.0,0.0,0.0,0.0
2026-09-23T00:24:41.581993,1790103281.5812814,0.0,0.0,0.0,0.0
2026-09-23T00:24:41.591862,1790103281.5912566,0.0,0.0,0.0,0.0
2026-09-23T00:24:41.602059,1790103281.6012828,0.0,0.0,0.0,0.0
2026-09-23T00:24:41.611857,1790103281.6112697,0.0,0.0,0.0,0.0
2026-09-23T00:24:41.622096,1790103281.6212835,0.0,0.0,0.0,0.0
2026-09-23T00:24:41.631685,1790103281.6312635,0.0,0.0,0.0,0.0
2026-09-23T00:24:41.642061,1790103281.6412678,0.0,0.0,0.0,0.0
2026-09-23T00:24:41.651961,1790103281.651274,0.0,0.0,0.0,0.0
2026-09-23T00:24:41.661939,1790103281.6612725,0.0,0.0,0.0,0.0
2026-09-23T00:24:41.672072,1790103281.6713288,0.0,0.0,0.0,0.0
2026-09-23T00:24:41.681943,1790103281.6812656,0.0,0.0,0.0,0.0
2026-09-23T00:24:41.691911,1790103281.691242,0.0,0.0,0.0,0.0
2026-09-23T00:24:41.702280,1790103281.7012606,0.0,0.0,0.0,0.0
2026-09-23T00:24:41.711775,1790103281.7112234,0.0,0.0,0.0,0.0
2026-09-23T00:24:41.722240,1790103281.7213297,0.0,0.0,0.0,0.0
2026-09-23T00:24:41.731654,1790103281.7312515,0.0,0.0,0.0,0.0
2026-09-23T00:24:41.742142,1790103281.7412806,0.0,0.0,0.0,0.0
2026-09-23T00:24:41.751820,1790103281.7512665,0.0,0.0,0.0,0.0
2026-09-23T00:24:41.761849,1790103281.7612653,0.0,0.0,0.0,0.0
2026-09-23T00:24:41.772104,1790103281.7713587,0.0,0.0,0.0,0.0
2026-09-23T00:24:41.781815,1790103281.7812672,0.0,0.0,0.0,0.0
2026-09-23T00:24:41.791873,1790103281.7912629,0.0,0.0,0.0,0.0
2026-09-23T00:24:41.802053,1790103281.8012722,0.0,0.0,0.0,0.0
2026-09-23T00:24:41.811717,1790103281.8112624,0.0,0.0,0.0,0.0
2026-09-23T00:24:41.822202,1790103281.8213074,0.0,0.0,0.0,0.0
2026-09-23T00:24:41.831803,1790103281.831275,0.0,0.0,0.0,0.0
2026-09-23T00:24:41.842008,1790103281.8412752,0.0,0.0,0.0,0.0
2026-09-23T00:24:41.852260,1790103281.8512726,0.0,0.0,0.0,0.0
2026-09-23T00:24:41.861833,1790103281.8612661,0.0,0.0,0.0,0.0
2026-09-23T00:24:41.871980,1790103281.8713243,0.0,0.0,0.0,0.0
2026-09-23T00:24:41.881734,1790103281.8812277,0.0,0.0,0.0,0.0
2026-09-23T00:24:41.891899,1790103281.8912992,0.0,0.0,0.0,0.0
2026-09-23T00:24:41.902199,1790103281.901285,0.0,0.0,0.0,0.0
2026-09-23T00:24:41.911793,1790103281.9112685,0.0,0.0,0.0,0.0
2026-09-23T00:24:41.922094,1790103281.9213254,0.0,0.0,0.0,0.0
2026-09-23T00:24:41.931713,1790103281.9312701,0.0,0.0,0.0,0.0
2026-09-23T00:24:41.941873,1790103281.9412374,0.0,0.0,0.0,0.0
2026-09-23T00:24:41.951947,1790103281.9512663,0.0,0.0,0.0,0.0
2026-09-23T00:24:41.961795,1790103281.9612772,0.0,0.0,0.0,0.0
2026-09-23T00:24:41.971908,1790103281.9712713,0.0,0.0,0.0,0.0
2026-09-23T00:24:41.981769,1790103281.9812639,0.0,0.0,0.0,0.0
2026-09-23T00:24:41.991904,1790103281.9912684,0.0,0.0,0.0,0.0
2026-09-23T00:24:42.002396,1790103282.0012624,0.0,0.0,0.0,0.0
2026-09-23T00:24:42.011818,1790103282.0112662,0.0,0.0,0.0,0.0
2026-09-23T00:24:42.022113,1790103282.0213327,0.0,0.0,0.0,0.0
2026-09-23T00:24:42.031812,1790103282.0312877,0.0,0.0,0.0,0.0
2026-09-23T00:24:42.041849,1790103282.0412614,0.0,0.0,0.0,0.0
2026-09-23T00:24:42.052052,1790103282.0512626,0.0,0.0,0.0,0.0
2026-09-23T00:24:42.062023,1790103282.0612776,0.0,0.0,0.0,0.0
2026-09-23T00:24:42.072147,1790103282.0713327,0.0,0.0,0.0,0.0
2026-09-23T00:24:42.081768,1790103282.081218,0.0,0.0,0.0,0.0
2026-09-23T00:24:42.091997,1790103282.0912642,0.0,0.0,0.0,0.0
2026-09-23T00:24:42.102030,1790103282.1012604,0.0,0.0,0.0,0.0
2026-09-23T00:24:42.111788,1790103282.1112738,0.0,0.0,0.0,0.0
2026-09-23T00:24:42.122169,1790103282.1212797,0.0,0.0,0.0,0.0
2026-09-23T00:24:42.131694,1790103282.1312764,0.0,0.0,0.0,0.0
2026-09-23T00:24:42.141881,1790103282.1412792,0.0,0.0,0.0,0.0
2026-09-23T00:24:42.151814,1790103282.151291,0.0,0.0,0.0,0.0
2026-09-23T00:24:42.161860,1790103282.161271,0.0,0.0,0.0,0.0
2026-09-23T00:24:42.172214,1790103282.1713407,0.0,0.0,0.0,0.0
2026-09-23T00:24:42.181836,1790103282.1812825,0.0,0.0,0.0,0.0
2026-09-23T00:24:42.191907,1790103282.1912923,0.0,0.0,0.0,0.0
2026-09-23T00:24:42.202019,1790103282.201285,0.0,0.0,0.0,0.0
2026-09-23T00:24:42.211889,1790103282.2112806,0.0,0.0,0.0,0.0
2026-09-23T00:24:42.222224,1790103282.2213285,0.0,0.0,0.0,0.0
2026-09-23T00:24:42.231676,1790103282.231267,0.0,0.0,0.0,0.0
2026-09-23T00:24:42.241922,1790103282.2412624,0.0,0.0,0.0,0.0
2026-09-23T00:24:42.251821,1790103282.2512636,0.0,0.0,0.0,0.0
2026-09-23T00:24:42.262122,1790103282.2612984,0.0,0.0,0.0,0.0
2026-09-23T00:24:42.272129,1790103282.27132,0.0,0.0,0.0,0.0
2026-09-23T00:24:42.282065,1790103282.2812977,0.0,0.0,0.0,0.0
2026-09-23T00:24:42.291742,1790103282.2912257,0.0,0.0,0.0,0.0
2026-09-23T00:24:42.301984,1790103282.30128,0.0,0.0,0.0,0.0
2026-09-23T00:24:42.311597,1790103282.311212,0.0,0.0,0.0,0.0
2026-09-23T00:24:42.321872,1790103282.321268,0.0,0.0,0.0,0.0
2026-09-23T00:24:42.331769,1790103282.331286,0.0,0.0,0.0,0.0
2026-09-23T00:24:42.342001,1790103282.3412635,0.0,0.0,0.0,0.0
2026-09-23T00:24:42.352043,1790103282.351249,0.0,0.0,0.0,0.0
2026-09-23T00:24:42.362014,1790103282.361281,0.0,0.0,0.0,0.0
2026-09-23T00:24:42.372196,1790103282.371305,0.0,0.0,0.0,0.0
2026-09-23T00:24:42.381979,1790103282.3812943,0.0,0.0,0.0,0.0
2026-09-23T00:24:42.391773,1790103282.3912604,0.0,0.0,0.0,0.0
2026-09-23T00:24:42.402241,1790103282.401265,0.0,0.0,0.0,0.0
2026-09-23T00:24:42.411691,1790103282.4112656,0.0,0.0,0.0,0.0
2026-09-23T00:24:42.422302,1790103282.4213152,0.0,0.0,0.0,0.0
2026-09-23T00:24:42.431763,1790103282.4312732,0.0,0.0,0.0,0.0
2026-09-23T00:24:42.441816,1790103282.4412665,0.0,0.0,0.0,0.0
2026-09-23T00:24:42.452111,1790103282.4512768,0.0,0.0,0.0,0.0
2026-09-23T00:24:42.461894,1790103282.4612873,0.0,0.0,0.0,0.0
2026-09-23T00:24:42.472242,1790103282.4712949,0.0,0.0,0.0,0.0
2026-09-23T00:24:42.481632,1790103282.48123,0.0,0.0,0.0,0.0
2026-09-23T00:24:42.491789,1790103282.49128,0.0,0.0,0.0,0.0
2026-09-23T00:24:42.502150,1790103282.5012798,0.0,0.0,0.0,0.0
2026-09-23T00:24:42.511802,1790103282.5112731,0.0,0.0,0.0,0.0
2026-09-23T00:24:42.521783,1790103282.5212712,0.0,0.0,0.0,0.0
2026-09-23T00:24:42.531726,1790103282.531224,0.0,0.0,0.0,0.0
2026-09-23T00:24:42.542057,1790103282.5412939,0.0,0.0,0.0,0.0
2026-09-23T00:24:42.552025,1790103282.5512877,0.0,0.0,0.0,0.0
2026-09-23T00:24:42.561724,1790103282.561279,0.0,0.0,0.0,0.0
2026-09-23T00:24:42.572214,1790103282.5713325,0.0,0.0,0.0,0.0
2026-09-23T00:24:42.581771,1790103282.5812788,0.0,0.0,0.0,0.0
2026-09-23T00:24:42.591918,1790103282.5912776,0.0,0.0,0.0,0.0
2026-09-23T00:24:42.602042,1790103282.6012769,0.0,0.0,0.0,0.0
2026-09-23T00:24:42.611823,1790103282.6112804,0.0,0.0,0.0,0.0
2026-09-23T00:24:42.622185,1790103282.6212566,0.0,0.0,0.0,0.0
2026-09-23T00:24:42.631806,1790103282.6312754,0.0,0.0,0.0,0.0
2026-09-23T00:24:42.641866,1790103282.6412787,0.0,0.0,0.0,0.0
2026-09-23T00:24:42.652028,1790103282.6512659,0.0,0.0,0.0,0.0
2026-09-23T00:24:42.661910,1790103282.6612816,0.0,0.0,0.0,0.0
2026-09-23T00:24:42.672185,1790103282.671321,0.0,0.0,0.0,0.0
2026-09-23T00:24:42.681788,1790103282.6812673,0.0,0.0,0.0,0.0
2026-09-23T00:24:42.691720,1790103282.6912627,0.0,0.0,0.0,0.0
2026-09-23T00:24:42.702279,1790103282.7012823,0.0,0.0,0.0,0.0
2026-09-23T00:24:42.711758,1790103282.711264,0.0,0.0,0.0,0.0
2026-09-23T00:24:42.722184,1790103282.7212806,0.0,0.0,0.0,0.0
2026-09-23T00:24:42.731786,1790103282.7312644,0.0,0.0,0.0,0.0
2026-09-23T00:24:42.741786,1790103282.741267,0.0,0.0,0.0,0.0
2026-09-23T00:24:42.751845,1790103282.751266,0.0,0.0,0.0,0.0
2026-09-23T00:24:42.761766,1790103282.7612674,0.0,0.0,0.0,0.0
2026-09-23T00:24:42.772071,1790103282.7712307,0.0,0.0,0.0,0.0
2026-09-23T00:24:42.781864,1790103282.7812805,0.0,0.0,0.0,0.0
2026-09-23T00:24:42.791769,1790103282.7912662,0.0,0.0,0.0,0.0
2026-09-23T00:24:42.802097,1790103282.8012772,0.0,0.0,0.0,0.0
2026-09-23T00:24:42.811723,1790103282.811219,0.0,0.0,0.0,0.0
2026-09-23T00:24:42.822098,1790103282.8212667,0.0,0.0,0.0,0.0
2026-09-23T00:24:42.831972,1790103282.831273,0.0,0.0,0.0,0.0
2026-09-23T00:24:42.841967,1790103282.8412626,0.0,0.0,0.0,0.0
2026-09-23T00:24:42.851861,1790103282.851303,0.0,0.0,0.0,0.0
2026-09-23T00:24:42.862047,1790103282.8612895,0.0,0.0,0.0,0.0
2026-09-23T00:24:42.872142,1790103282.871269,0.0,0.0,0.0,0.0
2026-09-23T00:24:42.881823,1790103282.8812785,0.0,0.0,0.0,0.0
2026-09-23T00:24:42.891801,1790103282.891222,0.0,0.0,0.0,0.0
2026-09-23T00:24:42.902135,1790103282.901273,0.0,0.0,0.0,0.0
2026-09-23T00:24:42.911757,1790103282.9112713,0.0,0.0,0.0,0.0
2026-09-23T00:24:42.922110,1790103282.9212692,0.0,0.0,0.0,0.0
2026-09-23T00:24:42.931799,1790103282.9312694,0.0,0.0,0.0,0.0
2026-09-23T00:24:42.942059,1790103282.941266,0.0,0.0,0.0,0.0
2026-09-23T00:24:42.951943,1790103282.95127,0.0,0.0,0.0,0.0
2026-09-23T00:24:42.961902,1790103282.9612741,0.0,0.0,0.0,0.0
2026-09-23T00:24:42.972264,1790103282.971268,0.0,0.0,0.0,0.0
2026-09-23T00:24:42.981878,1790103282.9812713,0.0,0.0,0.0,0.0
2026-09-23T00:24:42.992003,1790103282.9912806,0.0,0.0,0.0,0.0
2026-09-23T00:24:43.001956,1790103283.0012705,0.0,0.0,0.0,0.0
2026-09-23T00:24:43.011806,1790103283.0112703,0.0,0.0,0.0,0.0
2026-09-23T00:24:43.022913,1790103283.0213103,0.0,0.0,0.0,0.0
2026-09-23T00:24:43.031800,1790103283.0312686,0.0,0.0,0.0,0.0
2026-09-23T00:24:43.041797,1790103283.041259,0.0,0.0,0.0,0.0
2026-09-23T00:24:43.051858,1790103283.0512164,0.0,0.0,0.0,0.0
2026-09-23T00:24:43.061849,1790103283.0612662,0.0,0.0,0.0,0.0
2026-09-23T00:24:43.072232,1790103283.0712397,0.0,0.0,0.0,0.0
2026-09-23T00:24:43.081836,1790103283.0812144,0.0,0.0,0.0,0.0
2026-09-23T00:24:43.091857,1790103283.091265,0.0,0.0,0.0,0.0
2026-09-23T00:24:43.102122,1790103283.1012208,0.0,0.0,0.0,0.0
2026-09-23T00:24:43.112002,1790103283.11127,0.0,0.0,0.0,0.0
2026-09-23T00:24:43.121885,1790103283.121278,0.0,0.0,0.0,0.0
2026-09-23T00:24:43.131782,1790103283.1312625,0.0,0.0,0.0,0.0
2026-09-23T00:24:43.141738,1790103283.1412613,0.0,0.0,0.0,0.0
2026-09-23T00:24:43.152026,1790103283.1512668,0.0,0.0,0.0,0.0
2026-09-23T00:24:43.161695,1790103283.1612196,0.0,0.0,0.0,0.0
2026-09-23T00:24:43.172323,1790103283.171326,0.0,0.0,0.0,0.0
2026-09-23T00:24:43.182150,1790103283.181289,0.0,0.0,0.0,0.0
2026-09-23T00:24:43.191717,1790103283.191266,0.0,0.0,0.0,0.0
2026-09-23T00:24:43.202079,1790103283.201285,0.0,0.0,0.0,0.0
2026-09-23T00:24:43.211890,1790103283.2112741,0.0,0.0,0.0,0.0
2026-09-23T00:24:43.222354,1790103283.2212586,0.0,0.0,0.0,0.0
2026-09-23T00:24:43.231742,1790103283.2312665,0.0,0.0,0.0,0.0
2026-09-23T00:24:43.242099,1790103283.2412863,0.0,0.0,0.0,0.0
2026-09-23T00:24:43.251856,1790103283.251265,0.0,0.0,0.0,0.0
2026-09-23T00:24:43.261803,1790103283.2612782,0.0,0.0,0.0,0.0
2026-09-23T00:24:43.272153,1790103283.271286,0.0,0.0,0.0,0.0
2026-09-23T00:24:43.281739,1790103283.281267,0.0,0.0,0.0,0.0
2026-09-23T00:24:43.291726,1790103283.2912753,0.0,0.0,0.0,0.0
2026-09-23T00:24:43.302119,1790103283.3012767,0.0,0.0,0.0,0.0
2026-09-23T00:24:43.311911,1790103283.31123,0.0,0.0,0.0,0.0
2026-09-23T00:24:43.322323,1790103283.3212724,0.0,0.0,0.0,0.0
2026-09-23T00:24:43.331906,1790103283.3312619,0.0,0.0,0.0,0.0
2026-09-23T00:24:43.342159,1790103283.3412774,0.0,0.0,0.0,0.0
2026-09-23T00:24:43.351822,1790103283.3512676,0.0,0.0,0.0,0.0
2026-09-23T00:24:43.361838,1790103283.3612816,0.0,0.0,0.0,0.0
2026-09-23T00:24:43.372397,1790103283.3712733,0.0,0.0,0.0,0.0
2026-09-23T00:24:43.381844,1790103283.3812623,0.0,0.0,0.0,0.0
2026-09-23T00:24:43.391723,1790103283.3912628,0.0,0.0,0.0,0.0
2026-09-23T00:24:43.401821,1790103283.4012651,0.0,0.0,0.0,0.0
2026-09-23T00:24:43.411734,1790103283.411264,0.0,0.0,0.0,0.0
2026-09-23T00:24:43.422276,1790103283.4212668,0.0,0.0,0.0,0.0
2026-09-23T00:24:43.431795,1790103283.4312644,0.0,0.0,0.0,0.0
2026-09-23T00:24:43.441854,1790103283.4412675,0.0,0.0,0.0,0.0
2026-09-23T00:24:43.451778,1790103283.4512362,0.0,0.0,0.0,0.0
2026-09-23T00:24:43.461832,1790103283.4612677,0.0,0.0,0.0,0.0
2026-09-23T00:24:43.472267,1790103283.471278,0.0,0.0,0.0,0.0
2026-09-23T00:24:43.481951,1790103283.481282,0.0,0.0,0.0,0.0
2026-09-23T00:24:43.491698,1790103283.4912667,0.0,0.0,0.0,0.0
2026-09-23T00:24:43.502394,1790103283.5012681,0.0,0.0,0.0,0.0
2026-09-23T00:24:43.511863,1790103283.511261,0.0,0.0,0.0,0.0
2026-09-23T00:24:43.522216,1790103283.521277,0.0,0.0,0.0,0.0
2026-09-23T00:24:43.531958,1790103283.5312934,0.0,0.0,0.0,0.0
2026-09-23T00:24:43.541775,1790103283.5412726,0.0,0.0,0.0,0.0
2026-09-23T00:24:43.551790,1790103283.5512888,0.0,0.0,0.0,0.0
2026-09-23T00:24:43.561898,1790103283.5612786,0.0,0.0,0.0,0.0
2026-09-23T00:24:43.571866,1790103283.5712843,0.0,0.0,0.0,0.0
2026-09-23T00:24:43.581818,1790103283.5812504,0.0,0.0,0.0,0.0
2026-09-23T00:24:43.591737,1790103283.5912654,0.0,0.0,0.0,0.0
2026-09-23T00:24:43.601987,1790103283.601275,0.0,0.0,0.0,0.0
2026-09-23T00:24:43.611648,1790103283.6112628,0.0,0.0,0.0,0.0
2026-09-23T00:24:43.622094,1790103283.6212833,0.0,0.0,0.0,0.0
2026-09-23T00:24:43.631968,1790103283.6312797,0.0,0.0,0.0,0.0
2026-09-23T00:24:43.641758,1790103283.64127,0.0,0.0,0.0,0.0
2026-09-23T00:24:43.651988,1790103283.651273,0.0,0.0,0.0,0.0
2026-09-23T00:24:43.661898,1790103283.6612747,0.0,0.0,0.0,0.0
2026-09-23T00:24:43.672062,1790103283.671272,0.0,0.0,0.0,0.0
2026-09-23T00:24:43.681773,1790103283.6812606,0.0,0.0,0.0,0.0
2026-09-23T00:24:43.691776,1790103283.6912665,0.0,0.0,0.0,0.0
2026-09-23T00:24:43.702071,1790103283.7012646,0.0,0.0,0.0,0.0
2026-09-23T00:24:43.711676,1790103283.7112591,0.0,0.0,0.0,0.0
2026-09-23T00:24:43.721896,1790103283.7212706,0.0,0.0,0.0,0.0
2026-09-23T00:24:43.731747,1790103283.7312682,0.0,0.0,0.0,0.0
2026-09-23T00:24:43.741763,1790103283.7412643,0.0,0.0,0.0,0.0
2026-09-23T00:24:43.751942,1790103283.751261,0.0,0.0,0.0,0.0
2026-09-23T00:24:43.761885,1790103283.761267,0.0,0.0,0.0,0.0
2026-09-23T00:24:43.772226,1790103283.7712717,0.0,0.0,0.0,0.0
2026-09-23T00:24:43.781811,1790103283.7812665,0.0,0.0,0.0,0.0
2026-09-23T00:24:43.791825,1790103283.7912657,0.0,0.0,0.0,0.0
2026-09-23T00:24:43.801775,1790103283.8012655,0.0,0.0,0.0,0.0
2026-09-23T00:24:43.811872,1790103283.8113053,0.0,0.0,0.0,0.0
2026-09-23T00:24:43.822055,1790103283.8212948,0.0,0.0,0.0,0.0
2026-09-23T00:24:43.831890,1790103283.8312695,0.0,0.0,0.0,0.0
2026-09-23T00:24:43.841718,1790103283.8412626,0.0,0.0,0.0,0.0
2026-09-23T00:24:43.851918,1790103283.8512669,0.0,0.0,0.0,0.0
2026-09-23T00:24:43.861811,1790103283.8612835,0.0,0.0,0.0,0.0
2026-09-23T00:24:43.872670,1790103283.8712573,0.0,0.0,0.0,0.0
2026-09-23T00:24:43.881804,1790103283.8812702,0.0,0.0,0.0,0.0
2026-09-23T00:24:43.891653,1790103283.8912716,0.0,0.0,0.0,0.0
2026-09-23T00:24:43.901963,1790103283.901266,0.0,0.0,0.0,0.0
2026-09-23T00:24:43.911636,1790103283.9112763,0.0,0.0,0.0,0.0
2026-09-23T00:24:43.922359,1790103283.921291,0.0,0.0,0.0,0.0
2026-09-23T00:24:43.932041,1790103283.9312747,0.0,0.0,0.0,0.0
2026-09-23T00:24:43.941825,1790103283.941301,0.0,0.0,0.0,0.0
2026-09-23T00:24:43.951885,1790103283.951267,0.0,0.0,0.0,0.0
2026-09-23T00:24:43.961701,1790103283.961262,0.0,0.0,0.0,0.0
2026-09-23T00:24:43.971814,1790103283.9712632,0.0,0.0,0.0,0.0
2026-09-23T00:24:43.982036,1790103283.9812965,0.0,0.0,0.0,0.0
2026-09-23T00:24:43.991704,1790103283.9912667,0.0,0.0,0.0,0.0
2026-09-23T00:24:44.001998,1790103284.0012887,0.0,0.0,0.0,0.0
2026-09-23T00:24:44.011747,1790103284.0112653,0.0,0.0,0.0,0.0
2026-09-23T00:24:44.021956,1790103284.0212586,0.0,0.0,0.0,0.0
2026-09-23T00:24:44.031813,1790103284.0312722,0.0,0.0,0.0,0.0
2026-09-23T00:24:44.041865,1790103284.0412865,0.0,0.0,0.0,0.0
2026-09-23T00:24:44.051910,1790103284.0512607,0.0,0.0,0.0,0.0
2026-09-23T00:24:44.061868,1790103284.0612786,0.0,0.0,0.0,0.0
2026-09-23T00:24:44.071892,1790103284.0712862,0.0,0.0,0.0,0.0
2026-09-23T00:24:44.081804,1790103284.0812633,0.0,0.0,0.0,0.0
2026-09-23T00:24:44.091690,1790103284.091261,0.0,0.0,0.0,0.0
2026-09-23T00:24:44.102050,1790103284.1012836,0.0,0.0,0.0,0.0
2026-09-23T00:24:44.112046,1790103284.111272,0.0,0.0,0.0,0.0
2026-09-23T00:24:44.121870,1790103284.1212676,0.0,0.0,0.0,0.0
2026-09-23T00:24:44.131789,1790103284.1312644,0.0,0.0,0.0,0.0
2026-09-23T00:24:44.141991,1790103284.1412785,0.0,0.0,0.0,0.0
2026-09-23T00:24:44.152065,1790103284.1512606,0.0,0.0,0.0,0.0
2026-09-23T00:24:44.161734,1790103284.1612647,0.0,0.0,0.0,0.0
2026-09-23T00:24:44.171811,1790103284.1712637,0.0,0.0,0.0,0.0
2026-09-23T00:24:44.181864,1790103284.1812925,0.0,0.0,0.0,0.0
2026-09-23T00:24:44.191771,1790103284.1912625,0.0,0.0,0.0,0.0
2026-09-23T00:24:44.202103,1790103284.2012627,0.0,0.0,0.0,0.0
2026-09-23T00:24:44.211780,1790103284.211255,0.0,0.0,0.0,0.0
2026-09-23T00:24:44.222254,1790103284.2212698,0.0,0.0,0.0,0.0
2026-09-23T00:24:44.231842,1790103284.2312648,0.0,0.0,0.0,0.0
2026-09-23T00:24:44.241893,1790103284.2412665,0.0,0.0,0.0,0.0
2026-09-23T00:24:44.251767,1790103284.2512662,0.0,0.0,0.0,0.0
2026-09-23T00:24:44.261913,1790103284.2612705,0.0,0.0,0.0,0.0
2026-09-23T00:24:44.271980,1790103284.2712803,0.0,0.0,0.0,0.0
2026-09-23T00:24:44.281836,1790103284.2812626,0.0,0.0,0.0,0.0
2026-09-23T00:24:44.291838,1790103284.2912698,0.0,0.0,0.0,0.0
2026-09-23T00:24:44.302413,1790103284.301295,0.0,0.0,0.0,0.0
2026-09-23T00:24:44.311744,1790103284.311268,0.0,0.0,0.0,0.0
2026-09-23T00:24:44.322323,1790103284.3212814,0.0,0.0,0.0,0.0
2026-09-23T00:24:44.331798,1790103284.3312685,0.0,0.0,0.0,0.0
2026-09-23T00:24:44.341771,1790103284.3412738,0.0,0.0,0.0,0.0
2026-09-23T00:24:44.351771,1790103284.3512578,0.0,0.0,0.0,0.0
2026-09-23T00:24:44.361842,1790103284.361265,0.0,0.0,0.0,0.0
2026-09-23T00:24:44.371824,1790103284.3712656,0.0,0.0,0.0,0.0
2026-09-23T00:24:44.381884,1790103284.3812566,0.0,0.0,0.0,0.0
2026-09-23T00:24:44.391970,1790103284.3912685,0.0,0.0,0.0,0.0
2026-09-23T00:24:44.401777,1790103284.4012475,0.0,0.0,0.0,0.0
2026-09-23T00:24:44.411799,1790103284.4112623,0.0,0.0,0.0,0.0
2026-09-23T00:24:44.422193,1790103284.4212725,0.0,0.0,0.0,0.0
2026-09-23T00:24:44.431821,1790103284.4312663,0.0,0.0,0.0,0.0
2026-09-23T00:24:44.441761,1790103284.4412603,0.0,0.0,0.0,0.0
2026-09-23T00:24:44.451997,1790103284.451266,0.0,0.0,0.0,0.0
2026-09-23T00:24:44.461941,1790103284.4612753,0.0,0.0,0.0,0.0
2026-09-23T00:24:44.472181,1790103284.4712858,0.0,0.0,0.0,0.0
2026-09-23T00:24:44.482063,1790103284.4812703,0.0,0.0,0.0,0.0
2026-09-23T00:24:44.491803,1790103284.4912884,0.0,0.0,0.0,0.0
2026-09-23T00:24:44.502011,1790103284.5012786,0.0,0.0,0.0,0.0
2026-09-23T00:24:44.511753,1790103284.511272,0.0,0.0,0.0,0.0
2026-09-23T00:24:44.522096,1790103284.521283,0.0,0.0,0.0,0.0
2026-09-23T00:24:44.531895,1790103284.5312977,0.0,0.0,0.0,0.0
2026-09-23T00:24:44.541755,1790103284.5412621,0.0,0.0,0.0,0.0
2026-09-23T00:24:44.551754,1790103284.5512812,0.0,0.0,0.0,0.0
2026-09-23T00:24:44.561893,1790103284.561289,0.0,0.0,0.0,0.0
2026-09-23T00:24:44.572186,1790103284.5712671,0.0,0.0,0.0,0.0
2026-09-23T00:24:44.581955,1790103284.5812643,0.0,0.0,0.0,0.0
2026-09-23T00:24:44.591961,1790103284.5912895,0.0,0.0,0.0,0.0
2026-09-23T00:24:44.601784,1790103284.6012893,0.0,0.0,0.0,0.0
2026-09-23T00:24:44.611730,1790103284.6112645,0.0,0.0,0.0,0.0
2026-09-23T00:24:44.622268,1790103284.6212742,0.0,0.0,0.0,0.0
2026-09-23T00:24:44.631973,1790103284.631271,0.0,0.0,0.0,0.0
2026-09-23T00:24:44.641777,1790103284.6412773,0.0,0.0,0.0,0.0
2026-09-23T00:24:44.652066,1790103284.6512995,0.0,0.0,0.0,0.0
2026-09-23T00:24:44.661763,1790103284.6612666,0.0,0.0,0.0,0.0
2026-09-23T00:24:44.672129,1790103284.6712627,0.0,0.0,0.0,0.0
2026-09-23T00:24:44.681862,1790103284.6812644,0.0,0.0,0.0,0.0
2026-09-23T00:24:44.691674,1790103284.6912615,0.0,0.0,0.0,0.0
2026-09-23T00:24:44.701947,1790103284.7012706,0.0,0.0,0.0,0.0
2026-09-23T00:24:44.711803,1790103284.711275,0.0,0.0,0.0,0.0
2026-09-23T00:24:44.721692,1790103284.7212608,0.0,0.0,0.0,0.0
2026-09-23T00:24:44.731827,1790103284.7312646,0.0,0.0,0.0,0.0
2026-09-23T00:24:44.741755,1790103284.74126,0.0,0.0,0.0,0.0
2026-09-23T00:24:44.752096,1790103284.7512772,0.0,0.0,0.0,0.0
2026-09-23T00:24:44.761711,1790103284.7612634,0.0,0.0,0.0,0.0
2026-09-23T00:24:44.772248,1790103284.7712753,0.0,0.0,0.0,0.0
2026-09-23T00:24:44.782051,1790103284.7813008,0.0,0.0,0.0,0.0
2026-09-23T00:24:44.791676,1790103284.7912745,0.0,0.0,0.0,0.0
2026-09-23T00:24:44.801820,1790103284.801275,0.0,0.0,0.0,0.0
2026-09-23T00:24:44.811710,1790103284.8112612,0.0,0.0,0.0,0.0
2026-09-23T00:24:44.822408,1790103284.8212965,0.0,0.0,0.0,0.0
2026-09-23T00:24:44.831817,1790103284.8312743,0.0,0.0,0.0,0.0
2026-09-23T00:24:44.841795,1790103284.841266,0.0,0.0,0.0,0.0
2026-09-23T00:24:44.852003,1790103284.8512743,0.0,0.0,0.0,0.0
2026-09-23T00:24:44.861867,1790103284.861273,0.0,0.0,0.0,0.0
2026-09-23T00:24:44.872076,1790103284.8712728,0.0,0.0,0.0,0.0
2026-09-23T00:24:44.881843,1790103284.8812659,0.0,0.0,0.0,0.0
2026-09-23T00:24:44.891728,1790103284.8912714,0.0,0.0,0.0,0.0
2026-09-23T00:24:44.901907,1790103284.9012654,0.0,0.0,0.0,0.0
2026-09-23T00:24:44.911852,1790103284.911272,0.0,0.0,0.0,0.0
2026-09-23T00:24:44.921994,1790103284.9213023,0.0,0.0,0.0,0.0
2026-09-23T00:24:44.931837,1790103284.9312615,0.0,0.0,0.0,0.0
2026-09-23T00:24:44.942101,1790103284.941281,0.0,0.0,0.0,0.0
2026-09-23T00:24:44.951892,1790103284.951266,0.0,0.0,0.0,0.0
2026-09-23T00:24:44.961803,1790103284.961232,0.0,0.0,0.0,0.0
2026-09-23T00:24:44.972283,1790103284.971268,0.0,0.0,0.0,0.0
2026-09-23T00:24:44.981828,1790103284.9812663,0.0,0.0,0.0,0.0
2026-09-23T00:24:44.991706,1790103284.9912627,0.0,0.0,0.0,0.0
2026-09-23T00:24:45.001814,1790103285.0012684,0.0,0.0,0.0,0.0
2026-09-23T00:24:45.011773,1790103285.01126,0.0,0.0,0.0,0.0
2026-09-23T00:24:45.021956,1790103285.0212696,0.0,0.0,0.0,0.0
2026-09-23T00:24:45.031829,1790103285.031265,0.0,0.0,0.0,0.0
2026-09-23T00:24:45.041760,1790103285.0412507,0.0,0.0,0.0,0.0
2026-09-23T00:24:45.051766,1790103285.0512614,0.0,0.0,0.0,0.0
2026-09-23T00:24:45.061809,1790103285.0612636,0.0,0.0,0.0,0.0
2026-09-23T00:24:45.071950,1790103285.0712736,0.0,0.0,0.0,0.0
2026-09-23T00:24:45.081765,1790103285.0812547,0.0,0.0,0.0,0.0
2026-09-23T00:24:45.091653,1790103285.0912704,0.0,0.0,0.0,0.0
2026-09-23T00:24:45.102339,1790103285.101306,0.0,0.0,0.0,0.0
2026-09-23T00:24:45.111763,1790103285.1112528,0.0,0.0,0.0,0.0
2026-09-23T00:24:45.121860,1790103285.1212645,0.0,0.0,0.0,0.0
2026-09-23T00:24:45.131782,1790103285.131258,0.0,0.0,0.0,0.0
2026-09-23T00:24:45.141730,1790103285.1412604,0.0,0.0,0.0,0.0
2026-09-23T00:24:45.152157,1790103285.151283,0.0,0.0,0.0,0.0
2026-09-23T00:24:45.161773,1790103285.1612718,0.0,0.0,0.0,0.0
2026-09-23T00:24:45.171850,1790103285.1712465,0.0,0.0,0.0,0.0
2026-09-23T00:24:45.181838,1790103285.181263,0.0,0.0,0.0,0.0
2026-09-23T00:24:45.191802,1790103285.1912637,0.0,0.0,0.0,0.0
2026-09-23T00:24:45.201794,1790103285.2012742,0.0,0.0,0.0,0.0
2026-09-23T00:24:45.211733,1790103285.2112708,0.0,0.0,0.0,0.0
2026-09-23T00:24:45.221877,1790103285.221261,0.0,0.0,0.0,0.0
2026-09-23T00:24:45.232089,1790103285.2313383,0.0,0.0,0.0,0.0
2026-09-23T00:24:45.241798,1790103285.2412531,0.0,0.0,0.0,0.0
2026-09-23T00:24:45.251789,1790103285.251252,0.0,0.0,0.0,0.0
2026-09-23T00:24:45.261897,1790103285.2612689,0.0,0.0,0.0,0.0
2026-09-23T00:24:45.271832,1790103285.2712722,0.0,0.0,0.0,0.0
2026-09-23T00:24:45.281768,1790103285.2812529,0.0,0.0,0.0,0.0
2026-09-23T00:24:45.292009,1790103285.2912266,0.0,0.0,0.0,0.0
2026-09-23T00:24:45.301955,1790103285.3013134,0.0,0.0,0.0,0.0
2026-09-23T00:24:45.312126,1790103285.3112698,0.0,0.0,0.0,0.0
2026-09-23T00:24:45.321782,1790103285.321267,0.0,0.0,0.0,0.0
2026-09-23T00:24:45.331778,1790103285.3312635,0.0,0.0,0.0,0.0
2026-09-23T00:24:45.341826,1790103285.3412585,0.0,0.0,0.0,0.0
2026-09-23T00:24:45.351969,1790103285.351267,0.0,0.0,0.0,0.0
2026-09-23T00:24:45.361748,1790103285.361268,0.0,0.0,0.0,0.0
2026-09-23T00:24:45.371979,1790103285.371265,0.0,0.0,0.0,0.0
2026-09-23T00:24:45.381971,1790103285.381273,0.0,0.0,0.0,0.0
2026-09-23T00:24:45.391882,1790103285.3912663,0.0,0.0,0.0,0.0
2026-09-23T00:24:45.401996,1790103285.4012833,0.0,0.0,0.0,0.0
2026-09-23T00:24:45.411661,1790103285.411266,0.0,0.0,0.0,0.0
2026-09-23T00:24:45.422180,1790103285.4212804,0.0,0.0,0.0,0.0
2026-09-23T00:24:45.431759,1790103285.4312632,0.0,0.0,0.0,0.0
2026-09-23T00:24:45.441746,1790103285.4412622,0.0,0.0,0.0,0.0
2026-09-23T00:24:45.452143,1790103285.4512784,0.0,0.0,0.0,0.0
2026-09-23T00:24:45.461788,1790103285.461263,0.0,0.0,0.0,0.0
2026-09-23T00:24:45.471862,1790103285.4712691,0.0,0.0,0.0,0.0
2026-09-23T00:24:45.481909,1790103285.4812708,0.0,0.0,0.0,0.0
2026-09-23T00:24:45.491772,1790103285.491268,0.0,0.0,0.0,0.0
2026-09-23T00:24:45.502013,1790103285.5012653,0.0,0.0,0.0,0.0
2026-09-23T00:24:45.511717,1790103285.5112655,0.0,0.0,0.0,0.0
2026-09-23T00:24:45.522163,1790103285.521273,0.0,0.0,0.0,0.0
2026-09-23T00:24:45.531792,1790103285.531261,0.0,0.0,0.0,0.0
2026-09-23T00:24:45.541761,1790103285.5412662,0.0,0.0,0.0,0.0
2026-09-23T00:24:45.552153,1790103285.551266,0.0,0.0,0.0,0.0
2026-09-23T00:24:45.561735,1790103285.5612674,0.0,0.0,0.0,0.0
2026-09-23T00:24:45.571881,1790103285.5712676,0.0,0.0,0.0,0.0
2026-09-23T00:24:45.582073,1790103285.5813046,0.0,0.0,0.0,0.0
2026-09-23T00:24:45.591809,1790103285.5912628,0.0,0.0,0.0,0.0
2026-09-23T00:24:45.601836,1790103285.601264,0.0,0.0,0.0,0.0
2026-09-23T00:24:45.611902,1790103285.6112776,0.0,0.0,0.0,0.0
2026-09-23T00:24:45.621953,1790103285.621279,0.0,0.0,0.0,0.0
2026-09-23T00:24:45.631806,1790103285.6312797,0.0,0.0,0.0,0.0
2026-09-23T00:24:45.641612,1790103285.641262,0.0,0.0,0.0,0.0
2026-09-23T00:24:45.651769,1790103285.6512973,0.0,0.0,0.0,0.0
2026-09-23T00:24:45.661783,1790103285.661261,0.0,0.0,0.0,0.0
2026-09-23T00:24:45.671883,1790103285.671276,0.0,0.0,0.0,0.0
2026-09-23T00:24:45.681663,1790103285.6812704,0.0,0.0,0.0,0.0
2026-09-23T00:24:45.691789,1790103285.6912615,0.0,0.0,0.0,0.0
2026-09-23T00:24:45.701950,1790103285.701261,0.0,0.0,0.0,0.0
2026-09-23T00:24:45.711758,1790103285.7112677,0.0,0.0,0.0,0.0
2026-09-23T00:24:45.721989,1790103285.7212937,0.0,0.0,0.0,0.0
2026-09-23T00:24:45.731749,1790103285.7312713,0.0,0.0,0.0,0.0
2026-09-23T00:24:45.741979,1790103285.7412798,0.0,0.0,0.0,0.0
2026-09-23T00:24:45.752051,1790103285.751268,0.0,0.0,0.0,0.0
2026-09-23T00:24:45.761750,1790103285.7612648,0.0,0.0,0.0,0.0
2026-09-23T00:24:45.772016,1790103285.7712667,0.0,0.0,0.0,0.0
2026-09-23T00:24:45.781821,1790103285.7812634,0.0,0.0,0.0,0.0
2026-09-23T00:24:45.792023,1790103285.7912638,0.0,0.0,0.0,0.0
2026-09-23T00:24:45.801745,1790103285.8012626,0.0,0.0,0.0,0.0
2026-09-23T00:24:45.811728,1790103285.8112657,0.0,0.0,0.0,0.0
2026-09-23T00:24:45.821849,1790103285.8212574,0.0,0.0,0.0,0.0
2026-09-23T00:24:45.831786,1790103285.831264,0.0,0.0,0.0,0.0
2026-09-23T00:24:45.841658,1790103285.8412542,0.0,0.0,0.0,0.0
2026-09-23T00:24:45.851718,1790103285.8513029,0.0,0.0,0.0,0.0
2026-09-23T00:24:45.861746,1790103285.8612633,0.0,0.0,0.0,0.0
2026-09-23T00:24:45.871906,1790103285.8712811,0.0,0.0,0.0,0.0
2026-09-23T00:24:45.881789,1790103285.8812625,0.0,0.0,0.0,0.0
2026-09-23T00:24:45.891752,1790103285.8912697,0.0,0.0,0.0,0.0
2026-09-23T00:24:45.902268,1790103285.9012892,0.0,0.0,0.0,0.0
2026-09-23T00:24:45.911784,1790103285.9112713,0.0,0.0,0.0,0.0
2026-09-23T00:24:45.921887,1790103285.9212618,0.0,0.0,0.0,0.0
2026-09-23T00:24:45.931848,1790103285.931265,0.0,0.0,0.0,0.0
2026-09-23T00:24:45.941764,1790103285.9412608,0.0,0.0,0.0,0.0
2026-09-23T00:24:45.951948,1790103285.9512634,0.0,0.0,0.0,0.0
2026-09-23T00:24:45.961829,1790103285.9612632,0.0,0.0,0.0,0.0
2026-09-23T00:24:45.971839,1790103285.9712746,0.0,0.0,0.0,0.0
2026-09-23T00:24:45.981819,1790103285.9812663,0.0,0.0,0.0,0.0
2026-09-23T00:24:45.991786,1790103285.991257,0.0,0.0,0.0,0.0
2026-09-23T00:24:46.001779,1790103286.0012598,0.0,0.0,0.0,0.0
2026-09-23T00:24:46.011789,1790103286.0112698,0.0,0.0,0.0,0.0
2026-09-23T00:24:46.021770,1790103286.021261,0.0,0.0,0.0,0.0
2026-09-23T00:24:46.031849,1790103286.0312638,0.0,0.0,0.0,0.0
2026-09-23T00:24:46.041780,1790103286.0412624,0.0,0.0,0.0,0.0
2026-09-23T00:24:46.051785,1790103286.051261,0.0,0.0,0.0,0.0
2026-09-23T00:24:46.062065,1790103286.0612903,0.0,0.0,0.0,0.0
2026-09-23T00:24:46.072508,1790103286.0712655,0.0,0.0,0.0,0.0
2026-09-23T00:24:46.081755,1790103286.081271,0.0,0.0,0.0,0.0
2026-09-23T00:24:46.092441,1790103286.0912743,0.0,0.0,0.0,0.0
2026-09-23T00:24:46.102092,1790103286.1012747,0.0,0.0,0.0,0.0
2026-09-23T00:24:46.111805,1790103286.111267,0.0,0.0,0.0,0.0
2026-09-23T00:24:46.121806,1790103286.1212652,0.0,0.0,0.0,0.0
2026-09-23T00:24:46.131778,1790103286.1312628,0.0,0.0,0.0,0.0
2026-09-23T00:24:46.141760,1790103286.141264,0.0,0.0,0.0,0.0
2026-09-23T00:24:46.151944,1790103286.1512687,0.0,0.0,0.0,0.0
2026-09-23T00:24:46.161742,1790103286.1612656,0.0,0.0,0.0,0.0
2026-09-23T00:24:46.171806,1790103286.1712668,0.0,0.0,0.0,0.0
2026-09-23T00:24:46.181839,1790103286.1812963,0.0,0.0,0.0,0.0
2026-09-23T00:24:46.191946,1790103286.191271,0.0,0.0,0.0,0.0
2026-09-23T00:24:46.201892,1790103286.201261,0.0,0.0,0.0,0.0
2026-09-23T00:24:46.211779,1790103286.211262,0.0,0.0,0.0,0.0
2026-09-23T00:24:46.222035,1790103286.221259,0.0,0.0,0.0,0.0
2026-09-23T00:24:46.231820,1790103286.2312605,0.0,0.0,0.0,0.0
2026-09-23T00:24:46.241887,1790103286.2412956,0.0,0.0,0.0,0.0
2026-09-23T00:24:46.252070,1790103286.251264,0.0,0.0,0.0,0.0
2026-09-23T00:24:46.261856,1790103286.2612817,0.0,0.0,0.0,0.0
2026-09-23T00:24:46.271837,1790103286.2712579,0.0,0.0,0.0,0.0
2026-09-23T00:24:46.281842,1790103286.281263,0.0,0.0,0.0,0.0
2026-09-23T00:24:46.291769,1790103286.2912643,0.0,0.0,0.0,0.0
2026-09-23T00:24:46.301988,1790103286.301262,0.0,0.0,0.0,0.0
2026-09-23T00:24:46.311794,1790103286.3112688,0.0,0.0,0.0,0.0
2026-09-23T00:24:46.321810,1790103286.3212628,0.0,0.0,0.0,0.0
2026-09-23T00:24:46.331749,1790103286.331262,0.0,0.0,0.0,0.0
2026-09-23T00:24:46.341894,1790103286.3412697,0.0,0.0,0.0,0.0
2026-09-23T00:24:46.352021,1790103286.3512797,0.0,0.0,0.0,0.0
2026-09-23T00:24:46.361832,1790103286.3612652,0.0,0.0,0.0,0.0
2026-09-23T00:24:46.371801,1790103286.3712642,0.0,0.0,0.0,0.0
2026-09-23T00:24:46.382070,1790103286.3812735,0.0,0.0,0.0,0.0
2026-09-23T00:24:46.391782,1790103286.3912675,0.0,0.0,0.0,0.0
2026-09-23T00:24:46.401940,1790103286.4012706,0.0,0.0,0.0,0.0
2026-09-23T00:24:46.411755,1790103286.4112592,0.0,0.0,0.0,0.0
2026-09-23T00:24:46.421768,1790103286.421267,0.0,0.0,0.0,0.0
2026-09-23T00:24:46.431756,1790103286.4312673,0.0,0.0,0.0,0.0
2026-09-23T00:24:46.441811,1790103286.4412713,0.0,0.0,0.0,0.0
2026-09-23T00:24:46.451826,1790103286.451265,0.0,0.0,0.0,0.0
2026-09-23T00:24:46.461820,1790103286.4612665,0.0,0.0,0.0,0.0
2026-09-23T00:24:46.471740,1790103286.4712617,0.0,0.0,0.0,0.0
2026-09-23T00:24:46.481831,1790103286.4812658,0.0,0.0,0.0,0.0
2026-09-23T00:24:46.491723,1790103286.491261,0.0,0.0,0.0,0.0
2026-09-23T00:24:46.502132,1790103286.5012598,0.0,0.0,0.0,0.0
2026-09-23T00:24:46.512105,1790103286.5112798,0.0,0.0,0.0,0.0
2026-09-23T00:24:46.521807,1790103286.5212698,0.0,0.0,0.0,0.0
2026-09-23T00:24:46.531767,1790103286.5312634,0.0,0.0,0.0,0.0
2026-09-23T00:24:46.542019,1790103286.5412948,0.0,0.0,0.0,0.0
2026-09-23T00:24:46.551874,1790103286.5512886,0.0,0.0,0.0,0.0
2026-09-23T00:24:46.561865,1790103286.561301,0.0,0.0,0.0,0.0
2026-09-23T00:24:46.571858,1790103286.5712802,0.0,0.0,0.0,0.0
2026-09-23T00:24:46.581797,1790103286.5812697,0.0,0.0,0.0,0.0
2026-09-23T00:24:46.591707,1790103286.591282,0.0,0.0,0.0,0.0
2026-09-23T00:24:46.602124,1790103286.6012838,0.0,0.0,0.0,0.0
2026-09-23T00:24:46.611740,1790103286.6112835,0.0,0.0,0.0,0.0
2026-09-23T00:24:46.622022,1790103286.6212819,0.0,0.0,0.0,0.0
2026-09-23T00:24:46.631772,1790103286.6312706,0.0,0.0,0.0,0.0
2026-09-23T00:24:46.641768,1790103286.64127,0.0,0.0,0.0,0.0
2026-09-23T00:24:46.651739,1790103286.6512697,0.0,0.0,0.0,0.0
2026-09-23T00:24:46.661771,1790103286.661262,0.0,0.0,0.0,0.0
2026-09-23T00:24:46.671859,1790103286.6712658,0.0,0.0,0.0,0.0
2026-09-23T00:24:46.681698,1790103286.6812575,0.0,0.0,0.0,0.0
2026-09-23T00:24:46.691697,1790103286.6912594,0.0,0.0,0.0,0.0
2026-09-23T00:24:46.702455,1790103286.7012916,0.0,0.0,0.0,0.0
2026-09-23T00:24:46.711839,1790103286.7112696,0.0,0.0,0.0,0.0
2026-09-23T00:24:46.721850,1790103286.7212734,0.0,0.0,0.0,0.0
2026-09-23T00:24:46.731836,1790103286.7312653,0.0,0.0,0.0,0.0
2026-09-23T00:24:46.741838,1790103286.7412689,0.0,0.0,0.0,0.0
2026-09-23T00:24:46.751844,1790103286.751262,0.0,0.0,0.0,0.0
2026-09-23T00:24:46.761824,1790103286.7612693,0.0,0.0,0.0,0.0
2026-09-23T00:24:46.771700,1790103286.7712727,0.0,0.0,0.0,0.0
2026-09-23T00:24:46.781790,1790103286.7812595,0.0,0.0,0.0,0.0
2026-09-23T00:24:46.791747,1790103286.7912602,0.0,0.0,0.0,0.0
2026-09-23T00:24:46.801963,1790103286.8012795,0.0,0.0,0.0,0.0
2026-09-23T00:24:46.811767,1790103286.8112733,0.0,0.0,0.0,0.0
2026-09-23T00:24:46.821873,1790103286.821264,0.0,0.0,0.0,0.0
2026-09-23T00:24:46.831878,1790103286.8312721,0.0,0.0,0.0,0.0
2026-09-23T00:24:46.841731,1790103286.8412576,0.0,0.0,0.0,0.0
2026-09-23T00:24:46.852079,1790103286.8512657,0.0,0.0,0.0,0.0
2026-09-23T00:24:46.861946,1790103286.8612726,0.0,0.0,0.0,0.0
2026-09-23T00:24:46.871733,1790103286.871268,0.0,0.0,0.0,0.0
2026-09-23T00:24:46.881860,1790103286.881269,0.0,0.0,0.0,0.0
2026-09-23T00:24:46.891874,1790103286.8912606,0.0,0.0,0.0,0.0
2026-09-23T00:24:46.902029,1790103286.9012737,0.0,0.0,0.0,0.0
2026-09-23T00:24:46.911746,1790103286.9112775,0.0,0.0,0.0,0.0
2026-09-23T00:24:46.921734,1790103286.9212682,0.0,0.0,0.0,0.0
2026-09-23T00:24:46.931849,1790103286.931263,0.0,0.0,0.0,0.0
2026-09-23T00:24:46.941814,1790103286.9412677,0.0,0.0,0.0,0.0
2026-09-23T00:24:46.951991,1790103286.9512699,0.0,0.0,0.0,0.0
2026-09-23T00:24:46.961896,1790103286.961265,0.0,0.0,0.0,0.0
2026-09-23T00:24:46.971710,1790103286.9712682,0.0,0.0,0.0,0.0
2026-09-23T00:24:46.981790,1790103286.9812634,0.0,0.0,0.0,0.0
2026-09-23T00:24:46.991778,1790103286.9912667,0.0,0.0,0.0,0.0
2026-09-23T00:24:47.001959,1790103287.0012655,0.0,0.0,0.0,0.0
2026-09-23T00:24:47.011738,1790103287.01126,0.0,0.0,0.0,0.0
2026-09-23T00:24:47.022061,1790103287.0212688,0.0,0.0,0.0,0.0
2026-09-23T00:24:47.031764,1790103287.031264,0.0,0.0,0.0,0.0
2026-09-23T00:24:47.041808,1790103287.0412633,0.0,0.0,0.0,0.0
2026-09-23T00:24:47.051916,1790103287.051264,0.0,0.0,0.0,0.0
2026-09-23T00:24:47.061764,1790103287.0612683,0.0,0.0,0.0,0.0
2026-09-23T00:24:47.071977,1790103287.0712624,0.0,0.0,0.0,0.0
2026-09-23T00:24:47.081725,1790103287.081265,0.0,0.0,0.0,0.0
2026-09-23T00:24:47.091685,1790103287.0912647,0.0,0.0,0.0,0.0
2026-09-23T00:24:47.102043,1790103287.1012669,0.0,0.0,0.0,0.0
2026-09-23T00:24:47.111754,1790103287.1112626,0.0,0.0,0.0,0.0
2026-09-23T00:24:47.121893,1790103287.121268,0.0,0.0,0.0,0.0
2026-09-23T00:24:47.131881,1790103287.1312673,0.0,0.0,0.0,0.0
2026-09-23T00:24:47.141779,1790103287.141263,0.0,0.0,0.0,0.0
2026-09-23T00:24:47.151953,1790103287.1512938,0.0,0.0,0.0,0.0
2026-09-23T00:24:47.161830,1790103287.1612883,0.0,0.0,0.0,0.0
2026-09-23T00:24:47.171648,1790103287.1712725,0.0,0.0,0.0,0.0
2026-09-23T00:24:47.182027,1790103287.1813135,0.0,0.0,0.0,0.0
2026-09-23T00:24:47.191747,1790103287.19128,0.0,0.0,0.0,0.0
2026-09-23T00:24:47.201724,1790103287.201276,0.0,0.0,0.0,0.0
2026-09-23T00:24:47.211869,1790103287.2112818,0.0,0.0,0.0,0.0
2026-09-23T00:24:47.221755,1790103287.2212818,0.0,0.0,0.0,0.0
2026-09-23T00:24:47.231821,1790103287.2312868,0.0,0.0,0.0,0.0
2026-09-23T00:24:47.241854,1790103287.241283,0.0,0.0,0.0,0.0
2026-09-23T00:24:47.251784,1790103287.2512813,0.0,0.0,0.0,0.0
2026-09-23T00:24:47.261802,1790103287.2612844,0.0,0.0,0.0,0.0
2026-09-23T00:24:47.271760,1790103287.2712817,0.0,0.0,0.0,0.0
2026-09-23T00:24:47.281854,1790103287.2812865,0.0,0.0,0.0,0.0
2026-09-23T00:24:47.291821,1790103287.2912714,0.0,0.0,0.0,0.0
2026-09-23T00:24:47.302226,1790103287.3012784,0.0,0.0,0.0,0.0
2026-09-23T00:24:47.311936,1790103287.3112934,0.0,0.0,0.0,0.0
2026-09-23T00:24:47.321815,1790103287.321281,0.0,0.0,0.0,0.0
2026-09-23T00:24:47.331751,1790103287.331273,0.0,0.0,0.0,0.0
2026-09-23T00:24:47.341969,1790103287.3412871,0.0,0.0,0.0,0.0
2026-09-23T00:24:47.351914,1790103287.351265,0.0,0.0,0.0,0.0
2026-09-23T00:24:47.361864,1790103287.3612697,0.0,0.0,0.0,0.0
2026-09-23T00:24:47.371748,1790103287.371265,0.0,0.0,0.0,0.0
2026-09-23T00:24:47.381867,1790103287.381261,0.0,0.0,0.0,0.0
2026-09-23T00:24:47.391805,1790103287.3912833,0.0,0.0,0.0,0.0
2026-09-23T00:24:47.401773,1790103287.4012687,0.0,0.0,0.0,0.0
2026-09-23T00:24:47.411900,1790103287.4112782,0.0,0.0,0.0,0.0
2026-09-23T00:24:47.421718,1790103287.4212618,0.0,0.0,0.0,0.0
2026-09-23T00:24:47.431714,1790103287.4312592,0.0,0.0,0.0,0.0
2026-09-23T00:24:47.441769,1790103287.4412627,0.0,0.0,0.0,0.0
2026-09-23T00:24:47.451891,1790103287.451262,0.0,0.0,0.0,0.0
2026-09-23T00:24:47.461794,1790103287.4612646,0.0,0.0,0.0,0.0
2026-09-23T00:24:47.471765,1790103287.4712608,0.0,0.0,0.0,0.0
2026-09-23T00:24:47.481809,1790103287.4812682,0.0,0.0,0.0,0.0
2026-09-23T00:24:47.491737,1790103287.491268,0.0,0.0,0.0,0.0
2026-09-23T00:24:47.502283,1790103287.5012975,0.0,0.0,0.0,0.0
2026-09-23T00:24:47.511765,1790103287.511266,0.0,0.0,0.0,0.0
2026-09-23T00:24:47.521879,1790103287.521265,0.0,0.0,0.0,0.0
2026-09-23T00:24:47.531820,1790103287.5312734,0.0,0.0,0.0,0.0
2026-09-23T00:24:47.541829,1790103287.541267,0.0,0.0,0.0,0.0
2026-09-23T00:24:47.551985,1790103287.5512733,0.0,0.0,0.0,0.0
2026-09-23T00:24:47.561683,1790103287.5612657,0.0,0.0,0.0,0.0
2026-09-23T00:24:47.571797,1790103287.5712721,0.0,0.0,0.0,0.0
2026-09-23T00:24:47.581880,1790103287.5812705,0.0,0.0,0.0,0.0
2026-09-23T00:24:47.591737,1790103287.591259,0.0,0.0,0.0,0.0
2026-09-23T00:24:47.602110,1790103287.6012747,0.0,0.0,0.0,0.0
2026-09-23T00:24:47.611751,1790103287.6112645,0.0,0.0,0.0,0.0
2026-09-23T00:24:47.621863,1790103287.6212678,0.0,0.0,0.0,0.0
2026-09-23T00:24:47.631883,1790103287.6312637,0.0,0.0,0.0,0.0
2026-09-23T00:24:47.641832,1790103287.6412747,0.0,0.0,0.0,0.0
2026-09-23T00:24:47.651910,1790103287.6512656,0.0,0.0,0.0,0.0
2026-09-23T00:24:47.661981,1790103287.661286,0.0,0.0,0.0,0.0
2026-09-23T00:24:47.671740,1790103287.6712651,0.0,0.0,0.0,0.0
2026-09-23T00:24:47.681781,1790103287.6812632,0.0,0.0,0.0,0.0
2026-09-23T00:24:47.691846,1790103287.6912682,0.0,0.0,0.0,0.0
2026-09-23T00:24:47.701970,1790103287.7012646,0.0,0.0,0.0,0.0
2026-09-23T00:24:47.711770,1790103287.7112694,0.0,0.0,0.0,0.0
2026-09-23T00:24:47.721765,1790103287.7212784,0.0,0.0,0.0,0.0
2026-09-23T00:24:47.731748,1790103287.7312636,0.0,0.0,0.0,0.0
2026-09-23T00:24:47.741756,1790103287.7412643,0.0,0.0,0.0,0.0
2026-09-23T00:24:47.752024,1790103287.7512684,0.0,0.0,0.0,0.0
2026-09-23T00:24:47.761870,1790103287.761279,0.0,0.0,0.0,0.0
2026-09-23T00:24:47.771839,1790103287.7712731,0.0,0.0,0.0,0.0
2026-09-23T00:24:47.781768,1790103287.7812617,0.0,0.0,0.0,0.0
2026-09-23T00:24:47.791866,1790103287.7912903,0.0,0.0,0.0,0.0
2026-09-23T00:24:47.802038,1790103287.801275,0.0,0.0,0.0,0.0
2026-09-23T00:24:47.811749,1790103287.8112679,0.0,0.0,0.0,0.0
2026-09-23T00:24:47.821984,1790103287.8213043,0.0,0.0,0.0,0.0
2026-09-23T00:24:47.831849,1790103287.8312995,0.0,0.0,0.0,0.0
2026-09-23T00:24:47.841797,1790103287.841267,0.0,0.0,0.0,0.0
2026-09-23T00:24:47.851897,1790103287.8512688,0.0,0.0,0.0,0.0
2026-09-23T00:24:47.862021,1790103287.861295,0.0,0.0,0.0,0.0
2026-09-23T00:24:47.871723,1790103287.871269,0.0,0.0,0.0,0.0
2026-09-23T00:24:47.881818,1790103287.8812623,0.0,0.0,0.0,0.0
2026-09-23T00:24:47.891755,1790103287.8912647,0.0,0.0,0.0,0.0
2026-09-23T00:24:47.902189,1790103287.901309,0.0,0.0,0.0,0.0
2026-09-23T00:24:47.911748,1790103287.9112635,0.0,0.0,0.0,0.0
2026-09-23T00:24:47.921695,1790103287.9212666,0.0,0.0,0.0,0.0
2026-09-23T00:24:47.931742,1790103287.9312687,0.0,0.0,0.0,0.0
2026-09-23T00:24:47.941786,1790103287.9412696,0.0,0.0,0.0,0.0
2026-09-23T00:24:47.952129,1790103287.9512804,0.0,0.0,0.0,0.0
2026-09-23T00:24:47.961857,1790103287.961272,0.0,0.0,0.0,0.0
2026-09-23T00:24:47.971645,1790103287.971258,0.0,0.0,0.0,0.0
2026-09-23T00:24:47.982104,1790103287.9812756,0.0,0.0,0.0,0.0
2026-09-23T00:24:47.991813,1790103287.9912705,0.0,0.0,0.0,0.0
2026-09-23T00:24:48.002075,1790103288.0012944,0.0,0.0,0.0,0.0
2026-09-23T00:24:48.011902,1790103288.011273,0.0,0.0,0.0,0.0
2026-09-23T00:24:48.021733,1790103288.0212588,0.0,0.0,0.0,0.0
2026-09-23T00:24:48.031751,1790103288.0312653,0.0,0.0,0.0,0.0
2026-09-23T00:24:48.041842,1790103288.041262,0.0,0.0,0.0,0.0
2026-09-23T00:24:48.051779,1790103288.0512826,0.0,0.0,0.0,0.0
2026-09-23T00:24:48.061794,1790103288.0612652,0.0,0.0,0.0,0.0
2026-09-23T00:24:48.071703,1790103288.0712585,0.0,0.0,0.0,0.0
2026-09-23T00:24:48.081779,1790103288.0812702,0.0,0.0,0.0,0.0
2026-09-23T00:24:48.091879,1790103288.0912623,0.0,0.0,0.0,0.0
2026-09-23T00:24:48.101979,1790103288.1012688,0.0,0.0,0.0,0.0
2026-09-23T00:24:48.111809,1790103288.1112702,0.0,0.0,0.0,0.0
2026-09-23T00:24:48.121774,1790103288.1212604,0.0,0.0,0.0,0.0
2026-09-23T00:24:48.131795,1790103288.1312692,0.0,0.0,0.0,0.0
2026-09-23T00:24:48.142104,1790103288.141279,0.0,0.0,0.0,0.0
2026-09-23T00:24:48.152024,1790103288.151263,0.0,0.0,0.0,0.0
2026-09-23T00:24:48.161835,1790103288.1612663,0.0,0.0,0.0,0.0
2026-09-23T00:24:48.171842,1790103288.1712697,0.0,0.0,0.0,0.0
2026-09-23T00:24:48.181812,1790103288.1812704,0.0,0.0,0.0,0.0
2026-09-23T00:24:48.191792,1790103288.1912582,0.0,0.0,0.0,0.0
2026-09-23T00:24:48.201807,1790103288.2012815,0.0,0.0,0.0,0.0
2026-09-23T00:24:48.211784,1790103288.211277,0.0,0.0,0.0,0.0
2026-09-23T00:24:48.221920,1790103288.2212727,0.0,0.0,0.0,0.0
2026-09-23T00:24:48.231788,1790103288.2312715,0.0,0.0,0.0,0.0
2026-09-23T00:24:48.241645,1790103288.2412398,0.0,0.0,0.0,0.0
2026-09-23T00:24:48.251775,1790103288.2512813,0.0,0.0,0.0,0.0
2026-09-23T00:24:48.261844,1790103288.2612643,0.0,0.0,0.0,0.0
2026-09-23T00:24:48.271739,1790103288.2712572,0.0,0.0,0.0,0.0
2026-09-23T00:24:48.281725,1790103288.2812638,0.0,0.0,0.0,0.0
2026-09-23T00:24:48.291837,1790103288.2912798,0.0,0.0,0.0,0.0
2026-09-23T00:24:48.302137,1790103288.301281,0.0,0.0,0.0,0.0
2026-09-23T00:24:48.312125,1790103288.3112757,0.0,0.0,0.0,0.0
2026-09-23T00:24:48.321689,1790103288.3212764,0.0,0.0,0.0,0.0
2026-09-23T00:24:48.331826,1790103288.3312774,0.0,0.0,0.0,0.0
2026-09-23T00:24:48.341864,1790103288.3412728,0.0,0.0,0.0,0.0
2026-09-23T00:24:48.351820,1790103288.3512716,0.0,0.0,0.0,0.0
2026-09-23T00:24:48.361881,1790103288.3612993,0.0,0.0,0.0,0.0
2026-09-23T00:24:48.371826,1790103288.3712678,0.0,0.0,0.0,0.0
2026-09-23T00:24:48.381829,1790103288.381271,0.0,0.0,0.0,0.0
2026-09-23T00:24:48.391760,1790103288.391264,0.0,0.0,0.0,0.0
2026-09-23T00:24:48.402192,1790103288.4012988,0.0,0.0,0.0,0.0
2026-09-23T00:24:48.411944,1790103288.4112937,0.0,0.0,0.0,0.0
2026-09-23T00:24:48.421831,1790103288.421276,0.0,0.0,0.0,0.0
2026-09-23T00:24:48.431790,1790103288.4312656,0.0,0.0,0.0,0.0
2026-09-23T00:24:48.441828,1790103288.4412796,0.0,0.0,0.0,0.0
2026-09-23T00:24:48.451765,1790103288.451271,0.0,0.0,0.0,0.0
2026-09-23T00:24:48.462007,1790103288.461282,0.0,0.0,0.0,0.0
2026-09-23T00:24:48.471824,1790103288.47127,0.0,0.0,0.0,0.0
2026-09-23T00:24:48.481706,1790103288.4812663,0.0,0.0,0.0,0.0
2026-09-23T00:24:48.491871,1790103288.4912698,0.0,0.0,0.0,0.0
2026-09-23T00:24:48.501946,1790103288.501301,0.0,0.0,0.0,0.0
2026-09-23T00:24:48.511777,1790103288.5112677,0.0,0.0,0.0,0.0
2026-09-23T00:24:48.521726,1790103288.5212605,0.0,0.0,0.0,0.0
2026-09-23T00:24:48.531746,1790103288.531268,0.0,0.0,0.0,0.0
2026-09-23T00:24:48.541818,1790103288.5412698,0.0,0.0,0.0,0.0
2026-09-23T00:24:48.551765,1790103288.551281,0.0,0.0,0.0,0.0
2026-09-23T00:24:48.561866,1790103288.5612717,0.0,0.0,0.0,0.0
2026-09-23T00:24:48.571740,1790103288.5712647,0.0,0.0,0.0,0.0
2026-09-23T00:24:48.581846,1790103288.5812802,0.0,0.0,0.0,0.0
2026-09-23T00:24:48.591883,1790103288.591274,0.0,0.0,0.0,0.0
2026-09-23T00:24:48.602016,1790103288.6012619,0.0,0.0,0.0,0.0
2026-09-23T00:24:48.611754,1790103288.6112611,0.0,0.0,0.0,0.0
2026-09-23T00:24:48.622014,1790103288.6212602,0.0,0.0,0.0,0.0
2026-09-23T00:24:48.631908,1790103288.6312635,0.0,0.0,0.0,0.0
2026-09-23T00:24:48.641836,1790103288.6412768,0.0,0.0,0.0,0.0
2026-09-23T00:24:48.651980,1790103288.6512656,0.0,0.0,0.0,0.0
2026-09-23T00:24:48.661855,1790103288.6612635,0.0,0.0,0.0,0.0
2026-09-23T00:24:48.671747,1790103288.6712651,0.0,0.0,0.0,0.0
2026-09-23T00:24:48.681776,1790103288.681263,0.0,0.0,0.0,0.0
2026-09-23T00:24:48.691986,1790103288.691345,0.0,0.0,0.0,0.0
2026-09-23T00:24:48.701973,1790103288.7012744,0.0,0.0,0.0,0.0
2026-09-23T00:24:48.711775,1790103288.7112794,0.0,0.0,0.0,0.0
2026-09-23T00:24:48.721757,1790103288.7212622,0.0,0.0,0.0,0.0
2026-09-23T00:24:48.731732,1790103288.7312608,0.0,0.0,0.0,0.0
2026-09-23T00:24:48.741813,1790103288.7412767,0.0,0.0,0.0,0.0
2026-09-23T00:24:48.752016,1790103288.7512617,0.0,0.0,0.0,0.0
2026-09-23T00:24:48.761756,1790103288.7612262,0.0,0.0,0.0,0.0
2026-09-23T00:24:48.771748,1790103288.7712576,0.0,0.0,0.0,0.0
2026-09-23T00:24:48.782096,1790103288.7812645,0.0,0.0,0.0,0.0
2026-09-23T00:24:48.791991,1790103288.7913432,0.0,0.0,0.0,0.0
2026-09-23T00:24:48.802076,1790103288.8013117,0.0,0.0,0.0,0.0
2026-09-23T00:24:48.813789,1790103288.813065,0.0,0.0,0.0,0.0
2026-09-23T00:24:48.821702,1790103288.8212314,0.0,0.0,0.0,0.0
2026-09-23T00:24:48.831767,1790103288.8312547,0.0,0.0,0.0,0.0
2026-09-23T00:24:48.841911,1790103288.8412795,0.0,0.0,0.0,0.0
2026-09-23T00:24:48.851874,1790103288.8512793,0.0,0.0,0.0,0.0
2026-09-23T00:24:48.861996,1790103288.8612847,0.0,0.0,0.0,0.0
2026-09-23T00:24:48.871713,1790103288.8712807,0.0,0.0,0.0,0.0
2026-09-23T00:24:48.881904,1790103288.8812726,0.0,0.0,0.0,0.0
2026-09-23T00:24:48.891924,1790103288.8912885,0.0,0.0,0.0,0.0
2026-09-23T00:24:48.902121,1790103288.9012783,0.0,0.0,0.0,0.0
2026-09-23T00:24:48.911971,1790103288.9113004,0.0,0.0,0.0,0.0
2026-09-23T00:24:48.921737,1790103288.921279,0.0,0.0,0.0,0.0
2026-09-23T00:24:48.931748,1790103288.9312792,0.0,0.0,0.0,0.0
2026-09-23T00:24:48.942026,1790103288.941291,0.0,0.0,0.0,0.0
2026-09-23T00:24:48.951895,1790103288.951239,0.0,0.0,0.0,0.0
2026-09-23T00:24:48.961758,1790103288.9612715,0.0,0.0,0.0,0.0
2026-09-23T00:24:48.971883,1790103288.9712908,0.0,0.0,0.0,0.0
2026-09-23T00:24:48.981784,1790103288.9812872,0.0,0.0,0.0,0.0
2026-09-23T00:24:48.992069,1790103288.991361,0.0,0.0,0.0,0.0
2026-09-23T00:24:49.002133,1790103289.0012448,0.0,0.0,0.0,0.0
2026-09-23T00:24:49.011751,1790103289.011267,0.0,0.0,0.0,0.0
2026-09-23T00:24:49.021891,1790103289.02125,0.0,0.0,0.0,0.0
2026-09-23T00:24:49.032123,1790103289.0312648,0.0,0.0,0.0,0.0
2026-09-23T00:24:49.041757,1790103289.0412745,0.0,0.0,0.0,0.0
2026-09-23T00:24:49.051816,1790103289.0512671,0.0,0.0,0.0,0.0
2026-09-23T00:24:49.061898,1790103289.061275,0.0,0.0,0.0,0.0
2026-09-23T00:24:49.071798,1790103289.071268,0.0,0.0,0.0,0.0
2026-09-23T00:24:49.081642,1790103289.0812638,0.0,0.0,0.0,0.0
2026-09-23T00:24:49.091927,1790103289.091338,0.0,0.0,0.0,0.0
2026-09-23T00:24:49.102305,1790103289.1012352,0.0,0.0,0.0,0.0
2026-09-23T00:24:49.111795,1790103289.1113005,0.0,0.0,0.0,0.0
2026-09-23T00:24:49.121775,1790103289.1212835,0.0,0.0,0.0,0.0
2026-09-23T00:24:49.131696,1790103289.1312613,0.0,0.0,0.0,0.0
2026-09-23T00:24:49.142000,1790103289.141266,0.0,0.0,0.0,0.0
2026-09-23T00:24:49.152024,1790103289.1512673,0.0,0.0,0.0,0.0
2026-09-23T00:24:49.161819,1790103289.16131,0.0,0.0,0.0,0.0
2026-09-23T00:24:49.171772,1790103289.1712778,0.0,0.0,0.0,0.0
2026-09-23T00:24:49.181818,1790103289.1812603,0.0,0.0,0.0,0.0
2026-09-23T00:24:49.191912,1790103289.191324,0.0,0.0,0.0,0.0
2026-09-23T00:24:49.202139,1790103289.2012715,0.0,0.0,0.0,0.0
2026-09-23T00:24:49.211809,1790103289.2113278,0.0,0.0,0.0,0.0
2026-09-23T00:24:49.221824,1790103289.2212713,0.0,0.0,0.0,0.0
2026-09-23T00:24:49.231817,1790103289.231265,0.0,0.0,0.0,0.0
2026-09-23T00:24:49.242004,1790103289.241329,0.0,0.0,0.0,0.0
2026-09-23T00:24:49.252189,1790103289.2512825,0.0,0.0,0.0,0.0
2026-09-23T00:24:49.261991,1790103289.261351,0.0,0.0,0.0,0.0
2026-09-23T00:24:49.271854,1790103289.2712686,0.0,0.0,0.0,0.0
2026-09-23T00:24:49.281708,1790103289.2812183,0.0,0.0,0.0,0.0
2026-09-23T00:24:49.291986,1790103289.2913399,0.0,0.0,0.0,0.0
2026-09-23T00:24:49.302015,1790103289.301282,0.0,0.0,0.0,0.0
2026-09-23T00:24:49.311881,1790103289.3113475,0.0,0.0,0.0,0.0
2026-09-23T00:24:49.321890,1790103289.3212974,0.0,0.0,0.0,0.0
2026-09-23T00:24:49.331739,1790103289.3312693,0.0,0.0,0.0,0.0
2026-09-23T00:24:49.342093,1790103289.3413343,0.0,0.0,0.0,0.0
2026-09-23T00:24:49.352059,1790103289.3512623,0.0,0.0,0.0,0.0
2026-09-23T00:24:49.362112,1790103289.361356,0.0,0.0,0.0,0.0
2026-09-23T00:24:49.371681,1790103289.3712614,0.0,0.0,0.0,0.0
2026-09-23T00:24:49.381809,1790103289.3812602,0.0,0.0,0.0,0.0
2026-09-23T00:24:49.391863,1790103289.391264,0.0,0.0,0.0,0.0
2026-09-23T00:24:49.401908,1790103289.4012809,0.0,0.0,0.0,0.0
2026-09-23T00:24:49.411850,1790103289.411351,0.0,0.0,0.0,0.0
2026-09-23T00:24:49.422083,1790103289.421308,0.0,0.0,0.0,0.0
2026-09-23T00:24:49.431770,1790103289.4312665,0.0,0.0,0.0,0.0
2026-09-23T00:24:49.442046,1790103289.4413326,0.0,0.0,0.0,0.0
2026-09-23T00:24:49.451829,1790103289.451297,0.0,0.0,0.0,0.0
2026-09-23T00:24:49.461888,1790103289.4612586,0.0,0.0,0.0,0.0
2026-09-23T00:24:49.471742,1790103289.4712715,0.0,0.0,0.0,0.0
2026-09-23T00:24:49.481720,1790103289.4812624,0.0,0.0,0.0,0.0
2026-09-23T00:24:49.491781,1790103289.4912608,0.0,0.0,0.0,0.0
2026-09-23T00:24:49.502225,1790103289.5013082,0.0,0.0,0.0,0.0
2026-09-23T00:24:49.511875,1790103289.5112638,0.0,0.0,0.0,0.0
2026-09-23T00:24:49.521706,1790103289.5212677,0.0,0.0,0.0,0.0
2026-09-23T00:24:49.531805,1790103289.5312963,0.0,0.0,0.0,0.0
2026-09-23T00:24:49.542019,1790103289.5413291,0.0,0.0,0.0,0.0
2026-09-23T00:24:49.552074,1790103289.5512702,0.0,0.0,0.0,0.0
2026-09-23T00:24:49.561908,1790103289.5612803,0.0,0.0,0.0,0.0
2026-09-23T00:24:49.571749,1790103289.571281,0.0,0.0,0.0,0.0
2026-09-23T00:24:49.582171,1790103289.5812836,0.0,0.0,0.0,0.0
2026-09-23T00:24:49.592164,1790103289.5912738,0.0,0.0,0.0,0.0
2026-09-23T00:24:49.601789,1790103289.60126,0.0,0.0,0.0,0.0
2026-09-23T00:24:49.612094,1790103289.6112773,0.0,0.0,0.0,0.0
2026-09-23T00:24:49.621719,1790103289.6212647,0.0,0.0,0.0,0.0
2026-09-23T00:24:49.631635,1790103289.6312616,0.0,0.0,0.0,0.0
2026-09-23T00:24:49.642087,1790103289.6413388,0.0,0.0,0.0,0.0
2026-09-23T00:24:49.651843,1790103289.6512604,0.0,0.0,0.0,0.0
2026-09-23T00:24:49.661883,1790103289.6612594,0.0,0.0,0.0,0.0
2026-09-23T00:24:49.672276,1790103289.6712713,0.0,0.0,0.0,0.0
2026-09-23T00:24:49.681658,1790103289.68126,0.0,0.0,0.0,0.0
2026-09-23T00:24:49.692186,1790103289.6913214,0.0,0.0,0.0,0.0
2026-09-23T00:24:49.702114,1790103289.7012625,0.0,0.0,0.0,0.0
2026-09-23T00:24:49.712726,1790103289.711273,0.0,0.0,0.0,0.0
2026-09-23T00:24:49.721753,1790103289.7212718,0.0,0.0,0.0,0.0
2026-09-23T00:24:49.731688,1790103289.7312632,0.0,0.0,0.0,0.0
2026-09-23T00:24:49.742695,1790103289.7413466,0.0,0.0,0.0,0.0
2026-09-23T00:24:49.752181,1790103289.7512746,0.0,0.0,0.0,0.0
2026-09-23T00:24:49.761859,1790103289.761259,0.0,0.0,0.0,0.0
2026-09-23T00:24:49.771921,1790103289.7712636,0.0,0.0,0.0,0.0
2026-09-23T00:24:49.781755,1790103289.781262,0.0,0.0,0.0,0.0
2026-09-23T00:24:49.791887,1790103289.7912834,0.0,0.0,0.0,0.0
2026-09-23T00:24:49.804021,1790103289.8012698,0.0,0.0,0.0,0.0
2026-09-23T00:24:49.811909,1790103289.8112643,0.0,0.0,0.0,0.0
2026-09-23T00:24:49.821799,1790103289.8212724,0.0,0.0,0.0,0.0
2026-09-23T00:24:49.831711,1790103289.8312612,0.0,0.0,0.0,0.0
2026-09-23T00:24:49.841848,1790103289.8412673,0.0,0.0,0.0,0.0
2026-09-23T00:24:49.851887,1790103289.8512828,0.0,0.0,0.0,0.0
2026-09-23T00:24:49.862029,1790103289.86127,0.0,0.0,0.0,0.0
2026-09-23T00:24:49.871779,1790103289.8712726,0.0,0.0,0.0,0.0
2026-09-23T00:24:49.881704,1790103289.881278,0.0,0.0,0.0,0.0
2026-09-23T00:24:49.891832,1790103289.891263,0.0,0.0,0.0,0.0
2026-09-23T00:24:49.902308,1790103289.9012833,0.0,0.0,0.0,0.0
2026-09-23T00:24:49.911975,1790103289.9112732,0.0,0.0,0.0,0.0
2026-09-23T00:24:49.921895,1790103289.9212773,0.0,0.0,0.0,0.0
2026-09-23T00:24:49.931791,1790103289.9312723,0.0,0.0,0.0,0.0
2026-09-23T00:24:49.941914,1790103289.9412851,0.0,0.0,0.0,0.0
2026-09-23T00:24:49.951913,1790103289.951274,0.0,0.0,0.0,0.0
2026-09-23T00:24:49.961983,1790103289.961264,0.0,0.0,0.0,0.0
2026-09-23T00:24:49.971738,1790103289.9712582,0.0,0.0,0.0,0.0
2026-09-23T00:24:49.981757,1790103289.9812787,0.0,0.0,0.0,0.0
2026-09-23T00:24:49.991790,1790103289.9912634,0.0,0.0,0.0,0.0
2026-09-23T00:24:50.001985,1790103290.0012698,0.0,0.0,0.0,0.0
2026-09-23T00:24:50.011976,1790103290.011298,0.0,0.0,0.0,0.0
2026-09-23T00:24:50.021877,1790103290.021272,0.0,0.0,0.0,0.0
2026-09-23T00:24:50.031827,1790103290.0312753,0.0,0.0,0.0,0.0
2026-09-23T00:24:50.041801,1790103290.041266,0.0,0.0,0.0,0.0
2026-09-23T00:24:50.051897,1790103290.0512667,0.0,0.0,0.0,0.0
2026-09-23T00:24:50.062159,1790103290.0613122,0.0,0.0,0.0,0.0
2026-09-23T00:24:50.071744,1790103290.0712643,0.0,0.0,0.0,0.0
2026-09-23T00:24:50.081810,1790103290.0812726,0.0,0.0,0.0,0.0
2026-09-23T00:24:50.091814,1790103290.0912735,0.0,0.0,0.0,0.0
2026-09-23T00:24:50.101955,1790103290.1012619,0.0,0.0,0.0,0.0
2026-09-23T00:24:50.112184,1790103290.111279,0.0,0.0,0.0,0.0
2026-09-23T00:24:50.121787,1790103290.121266,0.0,0.0,0.0,0.0
2026-09-23T00:24:50.131766,1790103290.1312656,0.0,0.0,0.0,0.0
2026-09-23T00:24:50.141893,1790103290.1412807,0.0,0.0,0.0,0.0
2026-09-23T00:24:50.151854,1790103290.1512668,0.0,0.0,0.0,0.0
2026-09-23T00:24:50.161930,1790103290.1612644,0.0,0.0,0.0,0.0
2026-09-23T00:24:50.171753,1790103290.17128,0.0,0.0,0.0,0.0
2026-09-23T00:24:50.181938,1790103290.1812966,0.0,0.0,0.0,0.0
2026-09-23T00:24:50.191778,1790103290.1912782,0.0,0.0,0.0,0.0
2026-09-23T00:24:50.202277,1790103290.2012622,0.0,0.0,0.0,0.0
2026-09-23T00:24:50.212434,1790103290.2120533,0.0,0.0,0.0,0.0
2026-09-23T00:24:50.222101,1790103290.2212973,0.0,0.0,0.0,0.0
2026-09-23T00:24:50.231841,1790103290.2312758,0.0,0.0,0.0,0.0
2026-09-23T00:24:50.241795,1790103290.24127,0.0,0.0,0.0,0.0
2026-09-23T00:24:50.251957,1790103290.2512817,0.0,0.0,0.0,0.0
2026-09-23T00:24:50.262030,1790103290.261276,0.0,0.0,0.0,0.0
2026-09-23T00:24:50.271751,1790103290.2712626,0.0,0.0,0.0,0.0
2026-09-23T00:24:50.281874,1790103290.281265,0.0,0.0,0.0,0.0
2026-09-23T00:24:50.292179,1790103290.2912815,0.0,0.0,0.0,0.0
2026-09-23T00:24:50.301972,1790103290.3012714,0.0,0.0,0.0,0.0
2026-09-23T00:24:50.311971,1790103290.311294,0.0,0.0,0.0,0.0
2026-09-23T00:24:50.321782,1790103290.3212855,0.0,0.0,0.0,0.0
2026-09-23T00:24:50.331668,1790103290.331268,0.0,0.0,0.0,0.0
2026-09-23T00:24:50.341803,1790103290.3412666,0.0,0.0,0.0,0.0
2026-09-23T00:24:50.352105,1790103290.351275,0.0,0.0,0.0,0.0
2026-09-23T00:24:50.362012,1790103290.3612719,0.0,0.0,0.0,0.0
2026-09-23T00:24:50.371780,1790103290.3712747,0.0,0.0,0.0,0.0
2026-09-23T00:24:50.382058,1790103290.3812792,0.0,0.0,0.0,0.0
2026-09-23T00:24:50.391818,1790103290.3912716,0.0,0.0,0.0,0.0
2026-09-23T00:24:50.401981,1790103290.4012654,0.0,0.0,0.0,0.0
2026-09-23T00:24:50.412096,1790103290.4112663,0.0,0.0,0.0,0.0
2026-09-23T00:24:50.421777,1790103290.4212716,0.0,0.0,0.0,0.0
2026-09-23T00:24:50.431699,1790103290.4312615,0.0,0.0,0.0,0.0
2026-09-23T00:24:50.441808,1790103290.4412718,0.0,0.0,0.0,0.0
2026-09-23T00:24:50.451859,1790103290.451258,0.0,0.0,0.0,0.0
2026-09-23T00:24:50.461935,1790103290.4612715,0.0,0.0,0.0,0.0
2026-09-23T00:24:50.471733,1790103290.471263,0.0,0.0,0.0,0.0
2026-09-23T00:24:50.481950,1790103290.4812775,0.0,0.0,0.0,0.0
2026-09-23T00:24:50.491877,1790103290.4912674,0.0,0.0,0.0,0.0
2026-09-23T00:24:50.502000,1790103290.5012636,0.0,0.0,0.0,0.0
2026-09-23T00:24:50.512018,1790103290.5112772,0.0,0.0,0.0,0.0
2026-09-23T00:24:50.521814,1790103290.5212622,0.0,0.0,0.0,0.0
2026-09-23T00:24:50.531795,1790103290.5312638,0.0,0.0,0.0,0.0
2026-09-23T00:24:50.542083,1790103290.5412781,0.0,0.0,0.0,0.0
2026-09-23T00:24:50.551782,1790103290.5512795,0.0,0.0,0.0,0.0
2026-09-23T00:24:50.561971,1790103290.5612657,0.0,0.0,0.0,0.0
2026-09-23T00:24:50.571803,1790103290.5712624,0.0,0.0,0.0,0.0
2026-09-23T00:24:50.581848,1790103290.5812776,0.0,0.0,0.0,0.0
2026-09-23T00:24:50.591829,1790103290.5912735,0.0,0.0,0.0,0.0
2026-09-23T00:24:50.602331,1790103290.6013088,0.0,0.0,0.0,0.0
2026-09-23T00:24:50.612543,1790103290.6112638,0.0,0.0,0.0,0.0
2026-09-23T00:24:50.621787,1790103290.62127,0.0,0.0,0.0,0.0
2026-09-23T00:24:50.631709,1790103290.6312666,0.0,0.0,0.0,0.0
2026-09-23T00:24:50.642026,1790103290.6412716,0.0,0.0,0.0,0.0
2026-09-23T00:24:50.651743,1790103290.651272,0.0,0.0,0.0,0.0
2026-09-23T00:24:50.662151,1790103290.6612778,0.0,0.0,0.0,0.0
2026-09-23T00:24:50.671831,1790103290.671277,0.0,0.0,0.0,0.0
2026-09-23T00:24:50.681788,1790103290.6812632,0.0,0.0,0.0,0.0
2026-09-23T00:24:50.691937,1790103290.6912827,0.0,0.0,0.0,0.0
2026-09-23T00:24:50.702583,1790103290.701272,0.0,0.0,0.0,0.0
2026-09-23T00:24:50.712061,1790103290.7112646,0.0,0.0,0.0,0.0
2026-09-23T00:24:50.721881,1790103290.7212992,0.0,0.0,0.0,0.0
2026-09-23T00:24:50.731740,1790103290.7312675,0.0,0.0,0.0,0.0
2026-09-23T00:24:50.742163,1790103290.7413082,0.0,0.0,0.0,0.0
2026-09-23T00:24:50.751882,1790103290.7512748,0.0,0.0,0.0,0.0
2026-09-23T00:24:50.762027,1790103290.7612708,0.0,0.0,0.0,0.0
2026-09-23T00:24:50.771774,1790103290.7712717,0.0,0.0,0.0,0.0
2026-09-23T00:24:50.781844,1790103290.7812967,0.0,0.0,0.0,0.0
2026-09-23T00:24:50.791919,1790103290.791336,0.0,0.0,0.0,0.0
2026-09-23T00:24:50.802054,1790103290.801264,0.0,0.0,0.0,0.0
2026-09-23T00:24:50.811932,1790103290.8112614,0.0,0.0,0.0,0.0
2026-09-23T00:24:50.821802,1790103290.8212757,0.0,0.0,0.0,0.0
2026-09-23T00:24:50.831871,1790103290.8312774,0.0,0.0,0.0,0.0
2026-09-23T00:24:50.841908,1790103290.8412678,0.0,0.0,0.0,0.0
2026-09-23T00:24:50.851983,1790103290.8512664,0.0,0.0,0.0,0.0
2026-09-23T00:24:50.862405,1790103290.861283,0.0,0.0,0.0,0.0
2026-09-23T00:24:50.871998,1790103290.8712804,0.0,0.0,0.0,0.0
2026-09-23T00:24:50.881804,1790103290.8812842,0.0,0.0,0.0,0.0
2026-09-23T00:24:50.892002,1790103290.8913393,0.0,0.0,0.0,0.0
2026-09-23T00:24:50.902103,1790103290.9013028,0.0,0.0,0.0,0.0
2026-09-23T00:24:50.911941,1790103290.9112911,0.0,0.0,0.0,0.0
2026-09-23T00:24:50.921768,1790103290.9212615,0.0,0.0,0.0,0.0
2026-09-23T00:24:50.931732,1790103290.9312813,0.0,0.0,0.0,0.0
2026-09-23T00:24:50.941978,1790103290.941285,0.0,0.0,0.0,0.0
2026-09-23T00:24:50.952191,1790103290.9512684,0.0,0.0,0.0,0.0
2026-09-23T00:24:50.961959,1790103290.961268,0.0,0.0,0.0,0.0
2026-09-23T00:24:50.971688,1790103290.9712808,0.0,0.0,0.0,0.0
2026-09-23T00:24:50.981796,1790103290.981274,0.0,0.0,0.0,0.0
2026-09-23T00:24:50.991859,1790103290.9912815,0.0,0.0,0.0,0.0
2026-09-23T00:24:51.002038,1790103291.001276,0.0,0.0,0.0,0.0
2026-09-23T00:24:51.011855,1790103291.0112696,0.0,0.0,0.0,0.0
2026-09-23T00:24:51.022058,1790103291.0212944,0.0,0.0,0.0,0.0
2026-09-23T00:24:51.031765,1790103291.031284,0.0,0.0,0.0,0.0
2026-09-23T00:24:51.042207,1790103291.0412781,0.0,0.0,0.0,0.0
2026-09-23T00:24:51.052121,1790103291.0512779,0.0,0.0,0.0,0.0
2026-09-23T00:24:51.061835,1790103291.0612605,0.0,0.0,0.0,0.0
2026-09-23T00:24:51.071750,1790103291.0712638,0.0,0.0,0.0,0.0
2026-09-23T00:24:51.081854,1790103291.0812879,0.0,0.0,0.0,0.0
2026-09-23T00:24:51.092151,1790103291.091298,0.0,0.0,0.0,0.0
2026-09-23T00:24:51.102111,1790103291.1012619,0.0,0.0,0.0,0.0
2026-09-23T00:24:51.112051,1790103291.111262,0.0,0.0,0.0,0.0
2026-09-23T00:24:51.121805,1790103291.1212704,0.0,0.0,0.0,0.0
2026-09-23T00:24:51.131670,1790103291.1312628,0.0,0.0,0.0,0.0
2026-09-23T00:24:51.142233,1790103291.1412883,0.0,0.0,0.0,0.0
2026-09-23T00:24:51.151952,1790103291.151264,0.0,0.0,0.0,0.0
2026-09-23T00:24:51.161908,1790103291.161265,0.0,0.0,0.0,0.0
2026-09-23T00:24:51.171843,1790103291.171263,0.0,0.0,0.0,0.0
2026-09-23T00:24:51.182137,1790103291.1812978,0.0,0.0,0.0,0.0
2026-09-23T00:24:51.192319,1790103291.1913033,0.0,0.0,0.0,0.0
2026-09-23T00:24:51.202142,1790103291.2012622,0.0,0.0,0.0,0.0
2026-09-23T00:24:51.212058,1790103291.2112765,0.0,0.0,0.0,0.0
2026-09-23T00:24:51.221791,1790103291.2212627,0.0,0.0,0.0,0.0
2026-09-23T00:24:51.231715,1790103291.2312644,0.0,0.0,0.0,0.0
2026-09-23T00:24:51.242253,1790103291.2412796,0.0,0.0,0.0,0.0
2026-09-23T00:24:51.251943,1790103291.2512784,0.0,0.0,0.0,0.0
2026-09-23T00:24:51.262138,1790103291.2612782,0.0,0.0,0.0,0.0
2026-09-23T00:24:51.271934,1790103291.2712712,0.0,0.0,0.0,0.0
2026-09-23T00:24:51.281780,1790103291.2812645,0.0,0.0,0.0,0.0
2026-09-23T00:24:51.292211,1790103291.291274,0.0,0.0,0.0,0.0
2026-09-23T00:24:51.301985,1790103291.3012686,0.0,0.0,0.0,0.0
2026-09-23T00:24:51.311865,1790103291.3112688,0.0,0.0,0.0,0.0
2026-09-23T00:24:51.321814,1790103291.3212762,0.0,0.0,0.0,0.0
2026-09-23T00:24:51.331726,1790103291.3312614,0.0,0.0,0.0,0.0
2026-09-23T00:24:51.341957,1790103291.3412888,0.0,0.0,0.0,0.0
2026-09-23T00:24:51.352289,1790103291.3512669,0.0,0.0,0.0,0.0
2026-09-23T00:24:51.361922,1790103291.3612623,0.0,0.0,0.0,0.0
2026-09-23T00:24:51.371830,1790103291.371266,0.0,0.0,0.0,0.0
2026-09-23T00:24:51.381840,1790103291.381263,0.0,0.0,0.0,0.0
2026-09-23T00:24:51.392136,1790103291.3912761,0.0,0.0,0.0,0.0
2026-09-23T00:24:51.401934,1790103291.4013057,0.0,0.0,0.0,0.0
2026-09-23T00:24:51.411806,1790103291.4112737,0.0,0.0,0.0,0.0
2026-09-23T00:24:51.421763,1790103291.42126,0.0,0.0,0.0,0.0
2026-09-23T00:24:51.431930,1790103291.4312649,0.0,0.0,0.0,0.0
2026-09-23T00:24:51.442086,1790103291.441298,0.0,0.0,0.0,0.0
2026-09-23T00:24:51.452246,1790103291.4512649,0.0,0.0,0.0,0.0
2026-09-23T00:24:51.461941,1790103291.4612691,0.0,0.0,0.0,0.0
2026-09-23T00:24:51.471846,1790103291.471268,0.0,0.0,0.0,0.0
2026-09-23T00:24:51.481820,1790103291.4812703,0.0,0.0,0.0,0.0
2026-09-23T00:24:51.492166,1790103291.491272,0.0,0.0,0.0,0.0
2026-09-23T00:24:51.502587,1790103291.5012877,0.0,0.0,0.0,0.0
2026-09-23T00:24:51.511881,1790103291.5112827,0.0,0.0,0.0,0.0
2026-09-23T00:24:51.521929,1790103291.5212665,0.0,0.0,0.0,0.0
2026-09-23T00:24:51.532062,1790103291.53128,0.0,0.0,0.0,0.0
2026-09-23T00:24:51.542187,1790103291.5412788,0.0,0.0,0.0,0.0
2026-09-23T00:24:51.551722,1790103291.5512645,0.0,0.0,0.0,0.0
2026-09-23T00:24:51.561906,1790103291.5612652,0.0,0.0,0.0,0.0
2026-09-23T00:24:51.571711,1790103291.5712714,0.0,0.0,0.0,0.0
2026-09-23T00:24:51.581894,1790103291.5812724,0.0,0.0,0.0,0.0
2026-09-23T00:24:51.592235,1790103291.591271,0.0,0.0,0.0,0.0
2026-09-23T00:24:51.602301,1790103291.6012592,0.0,0.0,0.0,0.0
2026-09-23T00:24:51.611835,1790103291.6112795,0.0,0.0,0.0,0.0
2026-09-23T00:24:51.622012,1790103291.6213012,0.0,0.0,0.0,0.0
2026-09-23T00:24:51.631796,1790103291.631262,0.0,0.0,0.0,0.0
2026-09-23T00:24:51.642337,1790103291.6412742,0.0,0.0,0.0,0.0
2026-09-23T00:24:51.651871,1790103291.6512613,0.0,0.0,0.0,0.0
2026-09-23T00:24:51.662033,1790103291.6612844,0.0,0.0,0.0,0.0
2026-09-23T00:24:51.671940,1790103291.6713037,0.0,0.0,0.0,0.0
2026-09-23T00:24:51.681776,1790103291.6812632,0.0,0.0,0.0,0.0
2026-09-23T00:24:51.692188,1790103291.69127,0.0,0.0,0.0,0.0
2026-09-23T00:24:51.702096,1790103291.701299,0.0,0.0,0.0,0.0
2026-09-23T00:24:51.711814,1790103291.7112706,0.0,0.0,0.0,0.0
2026-09-23T00:24:51.721863,1790103291.7212858,0.0,0.0,0.0,0.0
2026-09-23T00:24:51.731862,1790103291.731268,0.0,0.0,0.0,0.0
2026-09-23T00:24:51.742257,1790103291.7412715,0.0,0.0,0.0,0.0
2026-09-23T00:24:51.751792,1790103291.7512722,0.0,0.0,0.0,0.0
2026-09-23T00:24:51.761894,1790103291.7612872,0.0,0.0,0.0,0.0
2026-09-23T00:24:51.771866,1790103291.7712793,0.0,0.0,0.0,0.0
2026-09-23T00:24:51.781938,1790103291.7812617,0.0,0.0,0.0,0.0
2026-09-23T00:24:51.792293,1790103291.791273,0.0,0.0,0.0,0.0
2026-09-23T00:24:51.801995,1790103291.8012683,0.0,0.0,0.0,0.0
2026-09-23T00:24:51.811820,1790103291.8112628,0.0,0.0,0.0,0.0
2026-09-23T00:24:51.822331,1790103291.8212914,0.0,0.0,0.0,0.0
2026-09-23T00:24:51.831764,1790103291.8312738,0.0,0.0,0.0,0.0
2026-09-23T00:24:51.842270,1790103291.8413754,0.0,0.0,0.0,0.0
2026-09-23T00:24:51.851836,1790103291.85128,0.0,0.0,0.0,0.0
2026-09-23T00:24:51.861785,1790103291.8612583,0.0,0.0,0.0,0.0
2026-09-23T00:24:51.871755,1790103291.8712697,0.0,0.0,0.0,0.0
2026-09-23T00:24:51.881939,1790103291.8812814,0.0,0.0,0.0,0.0
2026-09-23T00:24:51.892143,1790103291.89127,0.0,0.0,0.0,0.0
2026-09-23T00:24:51.901995,1790103291.9012632,0.0,0.0,0.0,0.0
2026-09-23T00:24:51.911831,1790103291.9112642,0.0,0.0,0.0,0.0
2026-09-23T00:24:51.921819,1790103291.9212723,0.0,0.0,0.0,0.0
2026-09-23T00:24:51.931676,1790103291.9312668,0.0,0.0,0.0,0.0
2026-09-23T00:24:51.942246,1790103291.9412735,0.0,0.0,0.0,0.0
2026-09-23T00:24:51.951896,1790103291.9512599,0.0,0.0,0.0,0.0
2026-09-23T00:24:51.961768,1790103291.9612627,0.0,0.0,0.0,0.0
2026-09-23T00:24:51.971728,1790103291.971223,0.0,0.0,0.0,0.0
2026-09-23T00:24:51.982057,1790103291.981276,0.0,0.0,0.0,0.0
2026-09-23T00:24:51.992306,1790103291.9912786,0.0,0.0,0.0,0.0
2026-09-23T00:24:52.002209,1790103292.0012696,0.0,0.0,0.0,0.0
2026-09-23T00:24:52.012034,1790103292.0112786,0.0,0.0,0.0,0.0
2026-09-23T00:24:52.021797,1790103292.021265,0.0,0.0,0.0,0.0
2026-09-23T00:24:52.031749,1790103292.0312617,0.0,0.0,0.0,0.0
2026-09-23T00:24:52.042130,1790103292.0412765,0.0,0.0,0.0,0.0
2026-09-23T00:24:52.051944,1790103292.0512571,0.0,0.0,0.0,0.0
2026-09-23T00:24:52.061835,1790103292.0612614,0.0,0.0,0.0,0.0
2026-09-23T00:24:52.071696,1790103292.0712698,0.0,0.0,0.0,0.0
2026-09-23T00:24:52.081989,1790103292.0812757,0.0,0.0,0.0,0.0
2026-09-23T00:24:52.091869,1790103292.0912642,0.0,0.0,0.0,0.0
2026-09-23T00:24:52.102313,1790103292.1012664,0.0,0.0,0.0,0.0
2026-09-23T00:24:52.111931,1790103292.111315,0.0,0.0,0.0,0.0
2026-09-23T00:24:52.121771,1790103292.1212623,0.0,0.0,0.0,0.0
2026-09-23T00:24:52.131828,1790103292.1312656,0.0,0.0,0.0,0.0
2026-09-23T00:24:52.141923,1790103292.1413414,0.0,0.0,0.0,0.0
2026-09-23T00:24:52.151783,1790103292.1512647,0.0,0.0,0.0,0.0
2026-09-23T00:24:52.161859,1790103292.1612647,0.0,0.0,0.0,0.0
2026-09-23T00:24:52.171854,1790103292.171302,0.0,0.0,0.0,0.0
2026-09-23T00:24:52.181807,1790103292.1812654,0.0,0.0,0.0,0.0
2026-09-23T00:24:52.191844,1790103292.1912744,0.0,0.0,0.0,0.0
2026-09-23T00:24:52.201939,1790103292.2012608,0.0,0.0,0.0,0.0
2026-09-23T00:24:52.211827,1790103292.2112648,0.0,0.0,0.0,0.0
2026-09-23T00:24:52.221853,1790103292.221312,0.0,0.0,0.0,0.0
2026-09-23T00:24:52.231763,1790103292.2312636,0.0,0.0,0.0,0.0
2026-09-23T00:24:52.241855,1790103292.2412822,0.0,0.0,0.0,0.0
2026-09-23T00:24:52.251886,1790103292.2513182,0.0,0.0,0.0,0.0
2026-09-23T00:24:52.261911,1790103292.261287,0.0,0.0,0.0,0.0
2026-09-23T00:24:52.271872,1790103292.2712748,0.0,0.0,0.0,0.0
2026-09-23T00:24:52.281978,1790103292.2812796,0.0,0.0,0.0,0.0
2026-09-23T00:24:52.291831,1790103292.291272,0.0,0.0,0.0,0.0
2026-09-23T00:24:52.302387,1790103292.3012793,0.0,0.0,0.0,0.0
2026-09-23T00:24:52.311762,1790103292.311263,0.0,0.0,0.0,0.0
2026-09-23T00:24:52.321844,1790103292.3212852,0.0,0.0,0.0,0.0
2026-09-23T00:24:52.332034,1790103292.3313167,0.0,0.0,0.0,0.0
2026-09-23T00:24:52.341890,1790103292.341297,0.0,0.0,0.0,0.0
2026-09-23T00:24:52.352130,1790103292.3512871,0.0,0.0,0.0,0.0
2026-09-23T00:24:52.361887,1790103292.3613064,0.0,0.0,0.0,0.0
2026-09-23T00:24:52.371887,1790103292.3712766,0.0,0.0,0.0,0.0
2026-09-23T00:24:52.381917,1790103292.3812711,0.0,0.0,0.0,0.0
2026-09-23T00:24:52.392014,1790103292.3913474,0.0,0.0,0.0,0.0
2026-09-23T00:24:52.402014,1790103292.401259,0.0,0.0,0.0,0.0
2026-09-23T00:24:52.411839,1790103292.4112656,0.0,0.0,0.0,0.0
2026-09-23T00:24:52.421789,1790103292.4212625,0.0,0.0,0.0,0.0
2026-09-23T00:24:52.431806,1790103292.4312723,0.0,0.0,0.0,0.0
2026-09-23T00:24:52.441841,1790103292.4412935,0.0,0.0,0.0,0.0
2026-09-23T00:24:52.451834,1790103292.451274,0.0,0.0,0.0,0.0
2026-09-23T00:24:52.461911,1790103292.4612844,0.0,0.0,0.0,0.0
2026-09-23T00:24:52.471811,1790103292.4712799,0.0,0.0,0.0,0.0
2026-09-23T00:24:52.481816,1790103292.4812799,0.0,0.0,0.0,0.0
2026-09-23T00:24:52.491810,1790103292.491283,0.0,0.0,0.0,0.0
2026-09-23T00:24:52.502123,1790103292.5012698,0.0,0.0,0.0,0.0
2026-09-23T00:24:52.511880,1790103292.5112643,0.0,0.0,0.0,0.0
2026-09-23T00:24:52.521795,1790103292.5212605,0.0,0.0,0.0,0.0
2026-09-23T00:24:52.531790,1790103292.5312636,0.0,0.0,0.0,0.0
2026-09-23T00:24:52.541836,1790103292.5412762,0.0,0.0,0.0,0.0
2026-09-23T00:24:52.551881,1790103292.5512855,0.0,0.0,0.0,0.0
2026-09-23T00:24:52.561812,1790103292.5612693,0.0,0.0,0.0,0.0
2026-09-23T00:24:52.571839,1790103292.5712767,0.0,0.0,0.0,0.0
2026-09-23T00:24:52.581807,1790103292.581276,0.0,0.0,0.0,0.0
2026-09-23T00:24:52.591940,1790103292.5912738,0.0,0.0,0.0,0.0
2026-09-23T00:24:52.602260,1790103292.6012647,0.0,0.0,0.0,0.0
2026-09-23T00:24:52.611812,1790103292.6112645,0.0,0.0,0.0,0.0
2026-09-23T00:24:52.622069,1790103292.6212857,0.0,0.0,0.0,0.0
2026-09-23T00:24:52.631714,1790103292.631264,0.0,0.0,0.0,0.0
2026-09-23T00:24:52.641790,1790103292.6412718,0.0,0.0,0.0,0.0
2026-09-23T00:24:52.652425,1790103292.6512635,0.0,0.0,0.0,0.0
2026-09-23T00:24:52.661895,1790103292.6612704,0.0,0.0,0.0,0.0
2026-09-23T00:24:52.671731,1790103292.6712656,0.0,0.0,0.0,0.0
2026-09-23T00:24:52.681760,1790103292.681283,0.0,0.0,0.0,0.0
2026-09-23T00:24:52.691725,1790103292.6912715,0.0,0.0,0.0,0.0
2026-09-23T00:24:52.702076,1790103292.7013009,0.0,0.0,0.0,0.0
2026-09-23T00:24:52.711758,1790103292.7112606,0.0,0.0,0.0,0.0
2026-09-23T00:24:52.721901,1790103292.7212985,0.0,0.0,0.0,0.0
2026-09-23T00:24:52.731757,1790103292.7312794,0.0,0.0,0.0,0.0
2026-09-23T00:24:52.741832,1790103292.7412598,0.0,0.0,0.0,0.0
2026-09-23T00:24:52.752000,1790103292.7512684,0.0,0.0,0.0,0.0
2026-09-23T00:24:52.761801,1790103292.7612667,0.0,0.0,0.0,0.0
2026-09-23T00:24:52.771691,1790103292.7712674,0.0,0.0,0.0,0.0
2026-09-23T00:24:52.782171,1790103292.7813196,0.0,0.0,0.0,0.0
2026-09-23T00:24:52.791837,1790103292.791264,0.0,0.0,0.0,0.0
2026-09-23T00:24:52.802124,1790103292.8012664,0.0,0.0,0.0,0.0
2026-09-23T00:24:52.811822,1790103292.811275,0.0,0.0,0.0,0.0
2026-09-23T00:24:52.821951,1790103292.8212855,0.0,0.0,0.0,0.0
2026-09-23T00:24:52.831860,1790103292.8312624,0.0,0.0,0.0,0.0
2026-09-23T00:24:52.841992,1790103292.84127,0.0,0.0,0.0,0.0
2026-09-23T00:24:52.852551,1790103292.8512733,0.0,0.0,0.0,0.0
2026-09-23T00:24:52.861885,1790103292.861288,0.0,0.0,0.0,0.0
2026-09-23T00:24:52.872103,1790103292.8713164,0.0,0.0,0.0,0.0
2026-09-23T00:24:52.882043,1790103292.881287,0.0,0.0,0.0,0.0
2026-09-23T00:24:52.892456,1790103292.891319,0.0,0.0,0.0,0.0
2026-09-23T00:24:52.902448,1790103292.9012773,0.0,0.0,0.0,0.0
2026-09-23T00:24:52.914336,1790103292.9132667,0.0,0.0,0.0,0.0
2026-09-23T00:24:52.921825,1790103292.92127,0.0,0.0,0.0,0.0
2026-09-23T00:24:52.931779,1790103292.9312737,0.0,0.0,0.0,0.0
2026-09-23T00:24:52.941865,1790103292.941271,0.0,0.0,0.0,0.0
2026-09-23T00:24:52.952267,1790103292.9512718,0.0,0.0,0.0,0.0
2026-09-23T00:24:52.963185,1790103292.961305,0.0,0.0,0.0,0.0
2026-09-23T00:24:52.971908,1790103292.9712687,0.0,0.0,0.0,0.0
2026-09-23T00:24:52.982215,1790103292.9812908,0.0,0.0,0.0,0.0
2026-09-23T00:24:52.991806,1790103292.991277,0.0,0.0,0.0,0.0
2026-09-23T00:24:53.002094,1790103293.001269,0.0,0.0,0.0,0.0
2026-09-23T00:24:53.011865,1790103293.0112777,0.0,0.0,0.0,0.0
2026-09-23T00:24:53.021928,1790103293.0212755,0.0,0.0,0.0,0.0
2026-09-23T00:24:53.031697,1790103293.0312674,0.0,0.0,0.0,0.0
2026-09-23T00:24:53.041756,1790103293.0412612,0.0,0.0,0.0,0.0
2026-09-23T00:24:53.052288,1790103293.0512822,0.0,0.0,0.0,0.0
2026-09-23T00:24:53.061836,1790103293.0612645,0.0,0.0,0.0,0.0
2026-09-23T00:24:53.071921,1790103293.071275,0.0,0.0,0.0,0.0
2026-09-23T00:24:53.081780,1790103293.081269,0.0,0.0,0.0,0.0
2026-09-23T00:24:53.091793,1790103293.0912604,0.0,0.0,0.0,0.0
2026-09-23T00:24:53.102928,1790103293.101309,0.0,0.0,0.0,0.0
2026-09-23T00:24:53.111855,1790103293.1112695,0.0,0.0,0.0,0.0
2026-09-23T00:24:53.122030,1790103293.1212838,0.0,0.0,0.0,0.0
2026-09-23T00:24:53.132005,1790103293.1313035,0.0,0.0,0.0,0.0
2026-09-23T00:24:53.141812,1790103293.1412725,0.0,0.0,0.0,0.0
2026-09-23T00:24:53.152696,1790103293.1513538,0.0,0.0,0.0,0.0
2026-09-23T00:24:53.161839,1790103293.1612642,0.0,0.0,0.0,0.0
2026-09-23T00:24:53.171719,1790103293.1712742,0.0,0.0,0.0,0.0
2026-09-23T00:24:53.181907,1790103293.1812737,0.0,0.0,0.0,0.0
2026-09-23T00:24:53.191694,1790103293.1912649,0.0,0.0,0.0,0.0
2026-09-23T00:24:53.202225,1790103293.201345,0.0,0.0,0.0,0.0
2026-09-23T00:24:53.211779,1790103293.2112625,0.0,0.0,0.0,0.0
2026-09-23T00:24:53.221859,1790103293.2212815,0.0,0.0,0.0,0.0
2026-09-23T00:24:53.231765,1790103293.2312722,0.0,0.0,0.0,0.0
2026-09-23T00:24:53.241888,1790103293.2412763,0.0,0.0,0.0,0.0
2026-09-23T00:24:53.252382,1790103293.2513285,0.0,0.0,0.0,0.0
2026-09-23T00:24:53.262017,1790103293.2612875,0.0,0.0,0.0,0.0
2026-09-23T00:24:53.271731,1790103293.2712624,0.0,0.0,0.0,0.0
2026-09-23T00:24:53.281756,1790103293.2812734,0.0,0.0,0.0,0.0
2026-09-23T00:24:53.291735,1790103293.2912662,0.0,0.0,0.0,0.0
2026-09-23T00:24:53.302663,1790103293.3013194,0.0,0.0,0.0,0.0
2026-09-23T00:24:53.311742,1790103293.311284,0.0,0.0,0.0,0.0
2026-09-23T00:24:53.321898,1790103293.3212957,0.0,0.0,0.0,0.0
2026-09-23T00:24:53.331831,1790103293.3312824,0.0,0.0,0.0,0.0
2026-09-23T00:24:53.341773,1790103293.3412719,0.0,0.0,0.0,0.0
2026-09-23T00:24:53.352389,1790103293.3513186,0.0,0.0,0.0,0.0
2026-09-23T00:24:53.361843,1790103293.361272,0.0,0.0,0.0,0.0
2026-09-23T00:24:53.371719,1790103293.3712857,0.0,0.0,0.0,0.0
2026-09-23T00:24:53.381760,1790103293.381281,0.0,0.0,0.0,0.0
2026-09-23T00:24:53.391917,1790103293.3912878,0.0,0.0,0.0,0.0
2026-09-23T00:24:53.402515,1790103293.401252,0.0,0.0,0.0,0.0
2026-09-23T00:24:53.411820,1790103293.4112787,0.0,0.0,0.0,0.0
2026-09-23T00:24:53.422093,1790103293.421286,0.0,0.0,0.0,0.0
2026-09-23T00:24:53.431784,1790103293.4312608,0.0,0.0,0.0,0.0
2026-09-23T00:24:53.441910,1790103293.4412665,0.0,0.0,0.0,0.0
2026-09-23T00:24:53.452499,1790103293.4513507,0.0,0.0,0.0,0.0
2026-09-23T00:24:53.461812,1790103293.4612696,0.0,0.0,0.0,0.0
2026-09-23T00:24:53.471726,1790103293.4712715,0.0,0.0,0.0,0.0
2026-09-23T00:24:53.481917,1790103293.4812777,0.0,0.0,0.0,0.0
2026-09-23T00:24:53.491707,1790103293.4912593,0.0,0.0,0.0,0.0
2026-09-23T00:24:53.502653,1790103293.5013351,0.0,0.0,0.0,0.0
2026-09-23T00:24:53.511795,1790103293.5112658,0.0,0.0,0.0,0.0
2026-09-23T00:24:53.521874,1790103293.5212739,0.0,0.0,0.0,0.0
2026-09-23T00:24:53.531804,1790103293.5312622,0.0,0.0,0.0,0.0
2026-09-23T00:24:53.541821,1790103293.5412648,0.0,0.0,0.0,0.0
2026-09-23T00:24:53.552315,1790103293.5512967,0.0,0.0,0.0,0.0
2026-09-23T00:24:53.561782,1790103293.5612645,0.0,0.0,0.0,0.0
2026-09-23T00:24:53.571873,1790103293.5712593,0.0,0.0,0.0,0.0
2026-09-23T00:24:53.582265,1790103293.5812802,0.0,0.0,0.0,0.0
2026-09-23T00:24:53.591760,1790103293.5912762,0.0,0.0,0.0,0.0
2026-09-23T00:24:53.602339,1790103293.601333,0.0,0.0,0.0,0.0
2026-09-23T00:24:53.611815,1790103293.6112692,0.0,0.0,0.0,0.0
2026-09-23T00:24:53.621796,1790103293.6212635,0.0,0.0,0.0,0.0
2026-09-23T00:24:53.631741,1790103293.6312728,0.0,0.0,0.0,0.0
2026-09-23T00:24:53.641780,1790103293.641275,0.0,0.0,0.0,0.0
2026-09-23T00:24:53.652756,1790103293.6513326,0.0,0.0,0.0,0.0
2026-09-23T00:24:53.661845,1790103293.6612833,0.0,0.0,0.0,0.0
2026-09-23T00:24:53.671735,1790103293.671271,0.0,0.0,0.0,0.0
2026-09-23T00:24:53.681921,1790103293.6812773,0.0,0.0,0.0,0.0
2026-09-23T00:24:53.691868,1790103293.6912796,0.0,0.0,0.0,0.0
2026-09-23T00:24:53.702400,1790103293.7013066,0.0,0.0,0.0,0.0
2026-09-23T00:24:53.711866,1790103293.711277,0.0,0.0,0.0,0.0
2026-09-23T00:24:53.721887,1790103293.7212853,0.0,0.0,0.0,0.0
2026-09-23T00:24:53.731691,1790103293.731263,0.0,0.0,0.0,0.0
2026-09-23T00:24:53.741900,1790103293.7412765,0.0,0.0,0.0,0.0
2026-09-23T00:24:53.752375,1790103293.751289,0.0,0.0,0.0,0.0
2026-09-23T00:24:53.761800,1790103293.7612612,0.0,0.0,0.0,0.0
2026-09-23T00:24:53.771803,1790103293.771264,0.0,0.0,0.0,0.0
2026-09-23T00:24:53.781791,1790103293.7812676,0.0,0.0,0.0,0.0
2026-09-23T00:24:53.791785,1790103293.7912633,0.0,0.0,0.0,0.0
2026-09-23T00:24:53.802750,1790103293.801301,0.0,0.0,0.0,0.0
2026-09-23T00:24:53.811791,1790103293.8112626,0.0,0.0,0.0,0.0
2026-09-23T00:24:53.821919,1790103293.8212712,0.0,0.0,0.0,0.0
2026-09-23T00:24:53.831744,1790103293.8312669,0.0,0.0,0.0,0.0
2026-09-23T00:24:53.841812,1790103293.8412724,0.0,0.0,0.0,0.0
2026-09-23T00:24:53.852704,1790103293.8512857,0.0,0.0,0.0,0.0
2026-09-23T00:24:53.861860,1790103293.8612797,0.0,0.0,0.0,0.0
2026-09-23T00:24:53.872029,1790103293.8712666,0.0,0.0,0.0,0.0
2026-09-23T00:24:53.881816,1790103293.8812823,0.0,0.0,0.0,0.0
2026-09-23T00:24:53.891706,1790103293.891302,0.0,0.0,0.0,0.0
2026-09-23T00:24:53.903275,1790103293.901336,0.0,0.0,0.0,0.0
2026-09-23T00:24:53.911987,1790103293.911305,0.0,0.0,0.0,0.0
2026-09-23T00:24:53.921929,1790103293.9212718,0.0,0.0,0.0,0.0
2026-09-23T00:24:53.931838,1790103293.9312587,0.0,0.0,0.0,0.0
2026-09-23T00:24:53.942002,1790103293.9412696,0.0,0.0,0.0,0.0
2026-09-23T00:24:53.953040,1790103293.951317,0.0,0.0,0.0,0.0
2026-09-23T00:24:53.961853,1790103293.9612968,0.0,0.0,0.0,0.0
2026-09-23T00:24:53.971679,1790103293.9712715,0.0,0.0,0.0,0.0
2026-09-23T00:24:53.982059,1790103293.9813163,0.0,0.0,0.0,0.0
2026-09-23T00:24:53.991864,1790103293.9913049,0.0,0.0,0.0,0.0
2026-09-23T00:24:54.001985,1790103294.001266,0.0,0.0,0.0,0.0
2026-09-23T00:24:54.011735,1790103294.0112612,0.0,0.0,0.0,0.0
2026-09-23T00:24:54.021994,1790103294.021312,0.0,0.0,0.0,0.0
2026-09-23T00:24:54.031920,1790103294.031287,0.0,0.0,0.0,0.0
2026-09-23T00:24:54.041816,1790103294.0412672,0.0,0.0,0.0,0.0
2026-09-23T00:24:54.051877,1790103294.0512638,0.0,0.0,0.0,0.0
2026-09-23T00:24:54.061956,1790103294.061279,0.0,0.0,0.0,0.0
2026-09-23T00:24:54.071990,1790103294.0712795,0.0,0.0,0.0,0.0
2026-09-23T00:24:54.081947,1790103294.0812676,0.0,0.0,0.0,0.0
2026-09-23T00:24:54.091773,1790103294.0912654,0.0,0.0,0.0,0.0
2026-09-23T00:24:54.101970,1790103294.1012585,0.0,0.0,0.0,0.0
2026-09-23T00:24:54.111760,1790103294.1112661,0.0,0.0,0.0,0.0
2026-09-23T00:24:54.121983,1790103294.121267,0.0,0.0,0.0,0.0
