wall_time,ros_time_sec,x,y,z,yaw,qx,qy,qz,qw,lin_vel_x,lin_vel_y,lin_vel_z,ang_vel_x,ang_vel_y,ang_vel_z
2026-09-21T04:57:26.224203,0.030000000000000002,0.0,0.0,0.0,0.0,0.0,0.0,0.0,1.0,0.0,0.0,0.0,0.0,0.0,-0.00027922005791681094
2026-09-21T04:57:31.015202,0.05,0.0,0.0,0.0,-3.3013073879040174e-06,0.0,0.0,-1.6506536939512593e-06,0.9999999999986376,0.0,0.0,0.0,0.0,0.0,-9.124875388594468e-05
2026-09-21T04:57:31.040192,0.07,-3.690809921843901e-15,-3.712185379922684e-25,0.0,1.1763804805831057e-06,0.0,0.0,5.88190240291519e-07,0.999999999999827,-1.8454866117481818e-13,-3.8075027073031487e-23,0.0,0.0,0.0,-2.3290093724035235e-05
2026-09-21T04:57:31.064849,0.09000000000000001,-7.381198012063616e-15,-1.559609938327504e-25,0.0,1.3833596232970535e-06,0.0,0.0,6.916798116484716e-07,0.9999999999997607,-1.8453370395824872e-13,-1.5320818723212157e-23,0.0,0.0,0.0,-8.372202932390859e-05
2026-09-21T04:57:31.093401,0.11,-1.107151270376369e-14,4.0715067938821183e-25,0.0,7.936869428348814e-07,0.0,0.0,3.9684347141743027e-07,0.9999999999999213,-1.8452743643058369e-13,4.100715727454211e-23,0.0,0.0,0.0,0.0001373116028832508
2026-09-21T04:57:31.134631,0.13,-1.4761569691120922e-14,2.0676401669286614e-25,0.0,-1.425442433866664e-06,0.0,0.0,-7.127212169332716e-07,0.999999999999746,-1.8451509331799296e-13,2.0957754607312942e-23,0.0,0.0,0.0,-0.00010242634216994617
2026-09-21T04:57:31.161859,0.15000000000000002,-1.845155635460799e-14,3.767555442614853e-26,0.0,2.4864632579557626e-06,0.0,0.0,1.243231628977561e-06,0.9999999999992272,-1.8450847725317733e-13,3.3539781611111675e-24,0.0,0.0,0.0,6.229053300837347e-05
2026-09-21T04:57:31.191917,0.16,-2.0296457640081404e-14,-1.716622784899008e-27,0.0,2.5917046286849654e-12,0.0,0.0,1.2958523143424827e-12,1.0,-1.8449314584314124e-13,1.0208412228119077e-22,0.0,0.0,0.0,0.00022594789892483235
2026-09-21T04:57:31.217710,0.19,-2.5831102977587423e-14,1.8164918252379634e-24,0.0,-3.077258310391074e-06,0.0,0.0,-1.5386291551949296e-06,0.9999999999988163,-1.8449445507547649e-13,1.8228632990190053e-22,0.0,0.0,0.0,5.6830490287422325e-05
2026-09-21T04:57:31.248097,0.21000000000000002,-2.9520656187673365e-14,-7.746596049069791e-25,0.0,-1.5974887102032655e-06,0.0,0.0,-7.987443551015477e-07,0.999999999999681,-1.844901697818812e-13,-7.82059175115252e-23,0.0,0.0,0.0,-4.961584046881631e-05
2026-09-21T04:57:31.285154,0.23,-3.3210035520125275e-14,-1.6642651731940488e-24,0.0,-1.300370596535316e-06,0.0,0.0,-6.501852982676123e-07,0.9999999999997886,-1.8447940322660894e-13,-1.668831664470197e-22,0.0,0.0,0.0,0.00017494819824056797
2026-09-21T04:57:31.323199,0.25,-3.689928098192057e-14,-4.402578703160715e-24,0.0,1.9718397843426776e-06,0.0,0.0,9.85919892171179e-07,0.9999999999995139,-1.8447491209268014e-13,-4.405559485909127e-22,0.0,0.0,0.0,-4.163137935410895e-05
2026-09-21T04:57:31.353791,0.26,-3.8743766953422905e-14,-2.206665453320145e-27,0.0,1.2962964035523328e-12,0.0,0.0,6.481482017761664e-13,1.0,-1.8446284746787616e-13,-2.0355446821816375e-22,0.0,0.0,0.0,-9.339372536152758e-06
2026-09-21T04:57:31.379132,0.29000000000000004,-4.427730485507263e-14,-4.636352655263858e-24,0.0,-2.897853671246508e-06,0.0,0.0,-1.4489268356227474e-06,0.9999999999989503,-1.8445884926996835e-13,-4.636115843991047e-22,0.0,0.0,0.0,8.460676387865525e-05
2026-09-21T04:57:31.410336,0.31,-4.7966009514725356e-14,-9.009762281494547e-24,0.0,-2.0194598566725124e-06,0.0,0.0,-1.0097299283360844e-06,0.9999999999994902,-1.844492003164587e-13,-9.018426374450163e-22,0.0,0.0,0.0,0.00010283475420679665
2026-09-21T04:57:31.436893,0.33,-5.1654633419426847e-14,-1.284762809406132e-23,0.0,-5.832625427082405e-07,0.0,0.0,-2.9163127135411613e-07,0.9999999999999575,-1.844419351433117e-13,-1.285505740300653e-21,0.0,0.0,0.0,-0.0005342005633383973
2026-09-21T04:57:31.467848,0.35000000000000003,-5.5343078841272264e-14,-6.372853308190535e-24,0.0,6.127267373479128e-07,0.0,0.0,3.063633686739516e-07,0.999999999999953,-1.844342641533937e-13,-6.378780894594978e-22,0.0,0.0,0.0,-2.43259429147572e-05
2026-09-21T04:57:31.494590,0.37,-5.534662472607564e-14,-6.4600384945676845e-24,0.0,1.1438406333219577e-06,0.0,0.0,5.719203166609476e-07,0.9999999999998365,-1.809135220221003e-17,-6.461050441904094e-22,0.0,0.0,0.0,0.00020428346095268253
2026-09-21T04:57:31.521327,0.39,-5.534388917513405e-14,-6.442296208793972e-24,0.0,2.6654672096171343e-06,0.0,0.0,1.3327336048081724e-06,0.9999999999991119,2.303932239896507e-16,-6.443526948829642e-22,0.0,0.0,0.0,-0.00022655590706936258
2026-09-21T04:57:31.548982,0.41000000000000003,-5.534355386520127e-14,-6.4239978651907576e-24,0.0,5.932259465879498e-07,0.0,0.0,2.966129732939705e-07,0.999999999999956,2.321375813183428e-16,-6.425221708461769e-22,0.0,0.0,0.0,-0.00022082968623934527
2026-09-21T04:57:31.575892,0.43000000000000005,-5.534316546227764e-14,-6.410289151879606e-24,0.0,1.7967253409523214e-06,0.0,0.0,8.983626704760397e-07,0.9999999999995964,2.3550119272061566e-16,-6.411504906768754e-22,0.0,0.0,0.0,-0.00035156783665878604
2026-09-21T04:57:31.602197,0.45,-5.534289348802522e-14,-6.3962915659741036e-24,0.0,2.0753548919394404e-06,0.0,0.0,1.037677445969534e-06,0.9999999999994617,2.305444176950606e-16,-6.397501632752528e-22,0.0,0.0,0.0,7.716928214749675e-05
2026-09-21T04:57:31.634200,0.47000000000000003,-5.5342696736687224e-14,-6.3652953204221666e-24,0.0,-2.2116781610570513e-06,0.0,0.0,-1.1058390805283003e-06,0.9999999999993886,2.24796964229997e-16,-6.36648779409557e-22,0.0,0.0,0.0,-6.539786285641761e-05
2026-09-21T04:57:31.656592,0.49000000000000005,-5.534245538000698e-14,-6.3523881505749586e-24,0.0,2.7026161384391405e-06,0.0,0.0,1.3513080692191588e-06,0.999999999999087,2.2483996598605787e-16,-6.353572014303951e-22,0.0,0.0,0.0,-6.926955585042174e-06
2026-09-21T04:57:31.685810,0.51,-5.534204904344253e-14,-6.3197015986693334e-24,0.0,-1.6276232313039434e-06,0.0,0.0,-8.138116156518817e-07,0.9999999999996688,2.311499733599445e-16,-6.320871044813081e-22,0.0,0.0,0.0,-5.735707184756949e-05
2026-09-21T04:57:31.712834,0.53,-5.5341830644349337e-14,-6.303028347343376e-24,0.0,-1.6699538818443216e-06,0.0,0.0,-8.349769409220638e-07,0.9999999999996514,2.2894935281534855e-16,-6.30418574910337e-22,0.0,0.0,0.0,-0.00012349449336761866
2026-09-21T04:57:31.740314,0.55,-5.534147348049884e-14,-6.2880774277038995e-24,0.0,1.142504273854428e-06,0.0,0.0,5.712521369271829e-07,0.9999999999998368,2.312591859628269e-16,-6.289225695449063e-22,0.0,0.0,0.0,-0.000259850661397875
2026-09-21T04:57:31.777679,0.5700000000000001,-5.534128170193762e-14,-6.267188561498711e-24,0.0,-1.575648825635767e-06,0.0,0.0,-7.87824412817802e-07,0.9999999999996897,2.273750249263049e-16,-6.268326647454915e-22,0.0,0.0,0.0,0.0001845301383630451
2026-09-21T04:57:31.797380,0.5900000000000001,-5.5341021038377894e-14,-6.236890619895273e-24,0.0,3.376739722060762e-06,0.0,0.0,1.6883698610295789e-06,0.9999999999985747,2.2389158431886524e-16,-6.238006161352004e-22,0.0,0.0,0.0,0.0005240072708503826
2026-09-21T04:57:31.824268,0.6000000000000001,-5.534200051141308e-14,-2.268648991142159e-29,0.0,7.179590255645962e-12,0.0,0.0,3.589795127822981e-12,1.0,3.356802615957182e-18,-6.167844158003786e-22,0.0,0.0,0.0,-0.00012380122207746925
2026-09-21T04:57:31.851825,0.63,-5.534041517141147e-14,-6.144470538235391e-24,0.0,-1.4903612766126173e-06,0.0,0.0,-7.451806383062397e-07,0.9999999999997223,2.298126829089167e-16,-6.145532562116691e-22,0.0,0.0,0.0,0.00030465896443963007
2026-09-21T04:57:31.878491,0.65,-5.5340131670334165e-14,-6.104435889036897e-24,0.0,-9.0344799419384e-07,0.0,0.0,-4.5172399709690466e-07,0.999999999999898,2.2462350109717925e-16,-6.105470252127175e-22,0.0,0.0,0.0,-7.170839565900998e-05
2026-09-21T04:57:31.907746,0.67,-5.533986805874248e-14,-6.079334622048351e-24,0.0,3.0323085997707727e-07,0.0,0.0,1.5161542998853803e-07,0.9999999999999885,2.226664701178215e-16,-6.080354492309701e-22,0.0,0.0,0.0,-0.00012126532135325806
2026-09-21T04:57:31.931309,0.6900000000000001,-5.5339603250679526e-14,-6.0501910772509795e-24,0.0,4.2939400879404854e-07,0.0,0.0,2.1469700439702257e-07,0.9999999999999769,2.2158908400413182e-16,-6.051191634000964e-22,0.0,0.0,0.0,0.00043691599603585727
2026-09-21T04:57:31.958842,0.7100000000000001,-5.533930486275822e-14,-5.9903662882538506e-24,0.0,5.773858258173448e-07,0.0,0.0,2.8869291290866836e-07,0.9999999999999584,2.2187950603193563e-16,-5.991323331885311e-22,0.0,0.0,0.0,2.673667285521848e-07
2026-09-21T04:57:31.988555,0.7300000000000001,-5.533894276383638e-14,-5.951702185140181e-24,0.0,1.1109979940471248e-06,0.0,0.0,5.554989970235338e-07,0.9999999999998457,2.2404977772027245e-16,-5.952634608805038e-22,0.0,0.0,0.0,0.00037052533463693635
2026-09-21T04:57:32.016646,0.75,-5.533869545684888e-14,-5.8886096861521046e-24,0.0,-1.6174606543017946e-06,0.0,0.0,-8.08730327150809e-07,0.9999999999996729,2.1606876973133451e-16,-5.889495512290731e-22,0.0,0.0,0.0,-9.632521414742486e-05
2026-09-21T04:57:32.046562,0.77,-5.5338354734905786e-14,-5.864310036848868e-24,0.0,-2.348542455621328e-06,0.0,0.0,-1.174271227810394e-06,0.9999999999993106,2.1390438851120787e-16,-5.86517865883839e-22,0.0,0.0,0.0,-0.00012420180016898833
2026-09-21T04:57:32.071214,0.79,-5.533803234229823e-14,-5.8446402310907275e-24,0.0,1.2180079345114336e-07,0.0,0.0,6.090039672557164e-08,0.9999999999999981,2.1425235625059825e-16,-5.845492467234459e-22,0.0,0.0,0.0,-0.00017509404231205985
2026-09-21T04:57:32.102083,0.81,-5.533777420127831e-14,-5.814421191097245e-24,0.0,3.0223416569441497e-07,0.0,0.0,1.511170828472069e-07,0.9999999999999886,2.1462827870760372e-16,-5.81525092873659e-22,0.0,0.0,0.0,-4.1839376942036575e-05
2026-09-21T04:57:32.126642,0.8300000000000001,-5.5337375928665283e-14,-5.7746320799618844e-24,0.0,-1.6779198408478635e-06,0.0,0.0,-8.389599204238333e-07,0.9999999999996481,2.1914761541904196e-16,-5.775429527892451e-22,0.0,0.0,0.0,-0.0003922382222661915
2026-09-21T04:57:32.154824,0.8500000000000001,-5.533717918512345e-14,-5.766863530098567e-24,0.0,2.8775623159837944e-06,0.0,0.0,1.438781157991401e-06,0.9999999999989649,2.098647321710345e-16,-5.767654121646501e-22,0.0,0.0,0.0,0.00020621017383288273
2026-09-21T04:57:32.186912,0.8700000000000001,-5.533697174072931e-14,-5.6951216487699694e-24,0.0,3.8443517027531016e-06,0.0,0.0,1.922175851375367e-06,0.9999999999981526,2.0853274103507892e-16,-5.695853201643459e-22,0.0,0.0,0.0,6.00450513457542e-05
2026-09-21T04:57:32.210335,0.89,-5.533655618838156e-14,-5.627105071235627e-24,0.0,-3.7499680085595352e-06,0.0,0.0,-1.8749840042786686e-06,0.9999999999982422,2.1222713980655898e-16,-5.627782712239687e-22,0.0,0.0,0.0,0.00010977929287139143
2026-09-21T04:57:32.237197,0.91,-5.5336292397897515e-14,-5.597987517803119e-24,0.0,3.071399831799937e-06,0.0,0.0,1.5356999158993647e-06,0.9999999999988208,2.0745980698091412e-16,-5.598635449064244e-22,0.0,0.0,0.0,-0.0002595885518543149
2026-09-21T04:57:32.265192,0.93,-5.533595734861697e-14,-5.552097861062724e-24,0.0,-6.560184564463611e-07,0.0,0.0,-3.280092282231747e-07,0.9999999999999462,2.070069084347835e-16,-5.552711885757108e-22,0.0,0.0,0.0,-3.108400109274447e-05
2026-09-21T04:57:32.293726,0.9600000000000001,-5.5336521190950985e-14,-1.1767169819829545e-29,0.0,-1.1324274851176597e-12,0.0,0.0,-5.662137425588298e-13,1.0,9.23851840236157e-18,-5.473257157151816e-22,0.0,0.0,0.0,0.00013026634279897793
2026-09-21T04:57:32.343430,0.9900000000000001,-5.533508070801993e-14,-5.420556841141094e-24,0.0,-3.1683573267216047e-06,0.0,0.0,-1.5841786633601398e-06,0.9999999999987452,2.0521709885172804e-16,-5.421050253454234e-22,0.0,0.0,0.0,-9.796944833761963e-05
2026-09-21T04:57:32.373202,1.01,-5.5334856645460684e-14,-5.3994976448278374e-24,0.0,-2.7067737677910486e-06,0.0,0.0,-1.3533868838951112e-06,0.9999999999990842,2.0052048792050999e-16,-5.399969936870208e-22,0.0,0.0,0.0,-2.3802650460615017e-06
2026-09-21T04:57:32.399531,1.03,-5.533462384869382e-14,-5.368024278138544e-24,0.0,-2.578104467687581e-07,0.0,0.0,-1.289052233843787e-07,0.9999999999999917,1.9702529827466997e-16,-5.368466492023292e-22,0.0,0.0,0.0,3.4115346961096174e-05
2026-09-21T04:57:32.424555,1.05,-5.53342808561431e-14,-5.3176467640747385e-24,0.0,-1.6392287793820513e-06,0.0,0.0,-8.196143896909339e-07,0.9999999999996642,1.9858796043455992e-16,-5.3180424165986e-22,0.0,0.0,0.0,6.342318513687627e-05
2026-09-21T04:57:32.453171,1.07,-5.5333855018498355e-14,-5.272908403362741e-24,0.0,-7.69592484406445e-07,0.0,0.0,-3.8479624220321303e-07,0.999999999999926,2.0060397152720325e-16,-5.273260331015847e-22,0.0,0.0,0.0,-0.00013850983520588445
2026-09-21T04:57:32.477027,1.09,-5.5333515484232025e-14,-5.2369860148974694e-24,0.0,4.033281813864421e-06,0.0,0.0,2.0166409069308433e-06,0.9999999999979666,2.0028907688297227e-16,-5.237304399856868e-22,0.0,0.0,0.0,-1.83501172026407e-05
2026-09-21T04:57:32.502714,1.11,-5.5333105439920665e-14,-5.161148622918774e-24,0.0,-4.891079765201312e-06,0.0,0.0,-2.445539882598218e-06,0.9999999999970096,1.9997651914011569e-16,-5.161395265943291e-22,0.0,0.0,0.0,-6.749716990727143e-05
2026-09-21T04:57:32.531373,1.13,-5.5332890557673863e-14,-5.147484979657027e-24,0.0,-1.2949892544966703e-06,0.0,0.0,-6.474946272482899e-07,0.9999999999997904,1.907875714191514e-16,-5.147713410939419e-22,0.0,0.0,0.0,0.00015437653538094077
2026-09-21T04:57:32.559739,1.16,-5.5333310038390244e-14,-1.0823520687797888e-29,0.0,-6.812328479099961e-13,0.0,0.0,-3.4061642395499803e-13,1.0,1.5796178784794513e-17,-5.043066033643619e-22,0.0,0.0,0.0,9.947635744627127e-05
2026-09-21T04:57:32.586517,1.17,-5.533227009904587e-14,-5.0432135304739114e-24,0.0,6.023538041688426e-07,0.0,0.0,3.011769020844167e-07,0.9999999999999546,1.9219169009006138e-16,-5.043337372933744e-22,0.0,0.0,0.0,-0.000200393027546358
2026-09-21T04:57:32.611189,1.19,-5.533189912187466e-14,-5.000505675282149e-24,0.0,2.4690090261181297e-06,0.0,0.0,1.2345045130587512e-06,0.999999999999238,1.9121636735839768e-16,-5.000588535507804e-22,0.0,0.0,0.0,-0.00025281436227138164
2026-09-21T04:57:32.641780,1.21,-5.533166237414339e-14,-4.948195992848965e-24,0.0,-4.193006231112406e-07,0.0,0.0,-2.0965031155561877e-07,0.999999999999978,1.8624636644273768e-16,-4.948225871194025e-22,0.0,0.0,0.0,-0.0001063399886831611
2026-09-21T04:57:32.669852,1.23,-5.5331231578874004e-14,-4.904062128316068e-24,0.0,6.794190703374172e-07,0.0,0.0,3.39709535168702e-07,0.9999999999999423,1.9097341841055946e-16,-4.9040436983026975e-22,0.0,0.0,0.0,0.00040543785133056824
2026-09-21T04:57:32.697482,1.25,-5.533097817282739e-14,-4.8120807914025604e-24,0.0,-1.2150350681139344e-07,0.0,0.0,-6.075175340569668e-08,0.9999999999999981,1.8580123368737951e-16,-4.811963179452143e-22,0.0,0.0,0.0,2.322138126695012e-05
2026-09-21T04:57:32.724597,1.27,-5.533061129193e-14,-4.755493835461091e-24,0.0,2.59227489696201e-06,0.0,0.0,1.2961374484806421e-06,0.99999999999916,1.871728758978133e-16,-4.755317964922278e-22,0.0,0.0,0.0,-0.0001645091982378701
2026-09-21T04:57:32.749258,1.29,-5.5330357620077325e-14,-4.694144851945293e-24,0.0,-8.946747644955622e-07,0.0,0.0,-4.4733738224776615e-07,0.9999999999999,1.7988377901030508e-16,-4.6939054951400035e-22,0.0,0.0,0.0,-9.403630970169364e-05
2026-09-21T04:57:32.778391,1.31,-5.532997956098555e-14,-4.6512241980590914e-24,0.0,-1.9129428352471223e-06,0.0,0.0,-9.564714176234152e-07,0.9999999999995426,1.8458204362975315e-16,-4.65093684569297e-22,0.0,0.0,0.0,6.498469684396952e-05
2026-09-21T04:57:32.804784,1.33,-5.5329551052025416e-14,-4.602279035477737e-24,0.0,-1.8904656595708502e-07,0.0,0.0,-9.452328297854237e-08,0.9999999999999956,1.867884065308995e-16,-4.601937362800032e-22,0.0,0.0,0.0,-0.00014312662122567738
2026-09-21T04:57:32.831625,1.35,-5.5329308908747133e-14,-4.558253281933884e-24,0.0,7.654605691520545e-07,0.0,0.0,3.8273028457601783e-07,0.9999999999999267,1.807155394098956e-16,-4.557865761693097e-22,0.0,0.0,0.0,3.188253593908683e-05
2026-09-21T04:57:32.858209,1.37,-5.5328858605912544e-14,-4.493040015599862e-24,0.0,2.570332857665392e-07,0.0,0.0,1.2851664288326924e-07,0.9999999999999918,1.82762667301894e-16,-4.49257984647129e-22,0.0,0.0,0.0,0.00035278395259084563
2026-09-21T04:57:32.884480,1.3900000000000001,-5.532840275030765e-14,-4.404634897039468e-24,0.0,1.7464336985462126e-06,0.0,0.0,8.732168492729953e-07,0.9999999999996187,1.8420080825495272e-16,-4.404073697203227e-22,0.0,0.0,0.0,0.00024908346292966475
2026-09-21T04:57:32.908189,1.4100000000000001,-5.5328190140566456e-14,-4.313045978801656e-24,0.0,-3.270797572341166e-06,0.0,0.0,-1.6353987861698541e-06,0.9999999999986627,1.736679614885686e-16,-4.312382010830268e-22,0.0,0.0,0.0,-5.293090447127768e-05
2026-09-21T04:57:32.939714,1.4300000000000002,-5.5327852182081685e-14,-4.2827380618708855e-24,0.0,-1.0916186679033049e-06,0.0,0.0,-5.458093339516252e-07,0.999999999999851,1.7433056169486954e-16,-4.28204102940898e-22,0.0,0.0,0.0,0.00014792257741575566
2026-09-21T04:57:32.968204,1.45,-5.5327616439766784e-14,-4.2206628731162056e-24,0.0,1.325809565688729e-06,0.0,0.0,6.62904782844316e-07,0.9999999999997803,1.6983541088685775e-16,-4.219895706330668e-22,0.0,0.0,0.0,-0.00010452453314521441
2026-09-21T04:57:32.992593,1.47,-5.532718707860526e-14,-4.161955780563078e-24,0.0,-2.587900893580297e-07,0.0,0.0,-1.293950446790145e-07,0.9999999999999917,1.7457210130909755e-16,-4.1611243430063064e-22,0.0,0.0,0.0,-0.0002834401118460858
2026-09-21T04:57:33.018843,1.49,-5.532673793446743e-14,-4.1290809853829224e-24,0.0,2.221993684603518e-06,0.0,0.0,1.1109968423015306e-06,0.9999999999993828,1.7822547977152354e-16,-4.1282137538334785e-22,0.0,0.0,0.0,-0.0003175856993923731
2026-09-21T04:57:33.045393,1.51,-5.532643808858127e-14,-4.081025211972445e-24,0.0,-4.868872418573034e-06,0.0,0.0,-2.434436209284112e-06,0.9999999999970368,1.7119432014737826e-16,-4.0801051222888987e-22,0.0,0.0,0.0,-0.00019573173893469673
2026-09-21T04:57:33.074973,1.53,-5.532609212180974e-14,-4.07353223846092e-24,0.0,-6.097776861224702e-08,0.0,0.0,-3.04888843061235e-08,0.9999999999999996,1.6864401942313452e-16,-4.072603505446714e-22,0.0,0.0,0.0,2.3071141953615044e-05
2026-09-21T04:57:33.103498,1.55,-5.5325729737282656e-14,-4.012705860111651e-24,0.0,1.6571808418852643e-06,0.0,0.0,8.285904209425373e-07,0.9999999999996567,1.6796609169010972e-16,-4.011707398407046e-22,0.0,0.0,0.0,0.00010928602104651514
2026-09-21T04:57:33.130766,1.57,-5.5325278640569287e-14,-3.93267616890678e-24,0.0,3.361052706374324e-06,0.0,0.0,1.6805263531863708e-06,0.9999999999985879,1.7235390978674002e-16,-3.93158292675237e-22,0.0,0.0,0.0,0.0002839762920438832
2026-09-21T04:57:33.157108,1.59,-5.5325028136290673e-14,-3.823472370422303e-24,0.0,6.010924513688566e-06,0.0,0.0,3.005462256839758e-06,0.9999999999954836,1.6324542737242756e-16,-3.822246072127638e-22,0.0,0.0,0.0,-4.39158565473535e-05
2026-09-21T04:57:33.188788,1.6099999999999999,-5.532471434008034e-14,-3.724786456851243e-24,0.0,2.4838314849340293e-06,0.0,0.0,1.2419157424666953e-06,0.9999999999992288,1.621706161535285e-16,-3.7234431305115035e-22,0.0,0.0,0.0,-7.414982935450448e-05
2026-09-21T04:57:33.218249,1.63,-5.5324414097319004e-14,-3.6545470814445746e-24,0.0,-2.3237033861533978e-06,0.0,0.0,-1.1618516930764374e-06,0.9999999999993251,1.58906850355407e-16,-3.653118707286183e-22,0.0,0.0,0.0,0.00011391717562092866
2026-09-21T04:57:33.243079,1.65,-5.5323997840147666e-14,-3.60282458176874e-24,0.0,-3.143925071391607e-07,0.0,0.0,-1.571962535695797e-07,0.9999999999999877,1.6142591344450256e-16,-3.601333592627943e-22,0.0,0.0,0.0,0.0005067078858655322
2026-09-21T04:57:33.270828,1.67,-5.532359231359966e-14,-3.503920066231487e-24,0.0,3.381090939669207e-06,0.0,0.0,1.690545469833798e-06,0.999999999998571,1.6069597571871506e-16,-3.5023068240502413e-22,0.0,0.0,0.0,7.912997043254004e-05
2026-09-21T04:57:33.294764,1.69,-5.5323213322264826e-14,-3.4153731126304126e-24,0.0,-3.3772330869652487e-06,0.0,0.0,-1.6886165434818213e-06,0.9999999999985743,1.6020876149012287e-16,-3.4136551519917477e-22,0.0,0.0,0.0,-4.52892265170452e-05
2026-09-21T04:57:33.322605,1.7000000000000002,-5.532369258956843e-14,-5.381948562747659e-30,0.0,-3.1916691511924e-12,0.0,0.0,-1.5958345755962e-12,1.0,1.9365423578849125e-17,-3.387208848121219e-22,0.0,0.0,0.0,7.1607784168723e-05
2026-09-21T04:57:33.349973,1.73,-5.532250276672514e-14,-3.3349136866077486e-24,0.0,-1.2401660067773437e-06,0.0,0.0,-6.20083003388632e-07,0.9999999999998077,1.517411350327624e-16,-3.333106456020034e-22,0.0,0.0,0.0,9.99482782622677e-05
2026-09-21T04:57:33.374711,1.75,-5.532212175135534e-14,-3.2777404280610544e-24,0.0,1.142268287956938e-06,0.0,0.0,5.711341439784379e-07,0.9999999999998369,1.5329523098104023e-16,-3.2758639943664315e-22,0.0,0.0,0.0,0.0004131324900130247
2026-09-21T04:57:33.402054,1.77,-5.5321708202040183e-14,-3.17779855709209e-24,0.0,-1.6300499763310943e-06,0.0,0.0,-8.150249881654567e-07,0.9999999999996678,1.5541499365589065e-16,-3.175796522994329e-22,0.0,0.0,0.0,8.721089409029578e-05
2026-09-21T04:57:33.428763,1.78,-5.5322239809454793e-14,-6.826662292467988e-30,0.0,-6.31494856406789e-13,0.0,0.0,-3.157474282033945e-13,1.0,1.8559029355097954e-17,-3.12754633279247e-22,0.0,0.0,0.0,-4.239738881862661e-06
2026-09-21T04:57:33.455825,1.81,-5.532103020164532e-14,-3.0622966562477387e-24,0.0,2.322403336751933e-06,0.0,0.0,1.1612016683757054e-06,0.9999999999993258,1.4989938790524824e-16,-3.0601590119602437e-22,0.0,0.0,0.0,4.672712004250178e-05
2026-09-21T04:57:33.485069,1.83,-5.5320612097917506e-14,-2.9862649938313273e-24,0.0,-4.450301771097288e-06,0.0,0.0,-2.225150885546807e-06,0.9999999999975243,1.5028561387370364e-16,-2.984034997876674e-22,0.0,0.0,0.0,-0.00018057825031458523
2026-09-21T04:57:33.509492,1.85,-5.532028473408576e-14,-2.977679458013539e-24,0.0,2.2019857102151268e-06,0.0,0.0,1.1009928551073408e-06,0.9999999999993939,1.484971731233996e-16,-2.975447723396336e-22,0.0,0.0,0.0,-7.35677369463565e-06
2026-09-21T04:57:33.538524,1.87,-5.5319898346880294e-14,-2.906928724625186e-24,0.0,2.0825301039195665e-08,0.0,0.0,1.0412650519597832e-08,1.0,1.4878950315585332e-16,-2.9046125524673504e-22,0.0,0.0,0.0,-0.00034179574301349073
2026-09-21T04:57:33.565567,1.8900000000000001,-5.531955575537063e-14,-2.8801599523349703e-24,0.0,1.426534742776653e-06,0.0,0.0,7.13267371388266e-07,0.9999999999997456,1.4625190079686749e-16,-2.877819227701583e-22,0.0,0.0,0.0,-8.797964251099977e-06
2026-09-21T04:57:33.590529,1.9100000000000001,-5.531922226804092e-14,-2.815153168116844e-24,0.0,-5.470947827213024e-06,0.0,0.0,-2.7354739136031006e-06,0.9999999999962585,1.4336392736054372e-16,-2.812732653033638e-22,0.0,0.0,0.0,8.774715202804781e-05
2026-09-21T04:57:33.619961,1.9300000000000002,-5.531892298662159e-14,-2.791523185775207e-24,0.0,2.6446268219793012e-06,0.0,0.0,1.3223134109892652e-06,0.9999999999991257,1.4155621886360166e-16,-2.7890794784394233e-22,0.0,0.0,0.0,0.00034756536129137554
2026-09-21T04:57:33.646147,1.9500000000000002,-5.531850012197957e-14,-2.689690954140371e-24,0.0,6.350596866155911e-07,0.0,0.0,3.175298433077902e-07,0.9999999999999496,1.4354685364723845e-16,-2.6871174584445552e-22,0.0,0.0,0.0,0.0002147383982612339
2026-09-21T04:57:33.673846,1.9700000000000002,-5.531812689085272e-14,-2.6127028600831355e-24,0.0,-2.2567257764727344e-06,0.0,0.0,-1.1283628882361277e-06,0.9999999999993634,1.4158740796985566e-16,-2.6100322438375187e-22,0.0,0.0,0.0,0.0002035631521113326
2026-09-21T04:57:33.700687,1.9900000000000002,-5.5317737139146015e-14,-2.5569277133750693e-24,0.0,7.579188432416117e-07,0.0,0.0,3.789594216207968e-07,0.9999999999999282,1.395524418664279e-16,-2.554190220855363e-22,0.0,0.0,0.0,-4.128779663839394e-05
2026-09-21T04:57:33.731265,2.01,-5.531738038195799e-14,-2.5015862385022984e-24,0.0,1.106452598431673e-06,0.0,0.0,5.532262992158083e-07,0.999999999999847,1.394210770905966e-16,-2.4987859470647487e-22,0.0,0.0,0.0,-4.392521205155368e-05
2026-09-21T04:57:33.752100,2.03,-5.5317017001325626e-14,-2.4445330933531983e-24,0.0,-9.925588737580428e-07,0.0,0.0,-4.96279436879001e-07,0.9999999999998769,1.3710430113952606e-16,-2.4416654489615643e-22,0.0,0.0,0.0,3.4531954321137846e-05
2026-09-21T04:57:33.780275,2.05,-5.531662830757622e-14,-2.3954653368320905e-24,0.0,1.0891065391760437e-06,0.0,0.0,5.445532695879949e-07,0.9999999999998518,1.352727922805758e-16,-2.392540885591014e-22,0.0,0.0,0.0,0.0004225309144245633
2026-09-21T04:57:33.805469,2.07,-5.5316314472041566e-14,-2.300789717921712e-24,0.0,-2.131300423702243e-06,0.0,0.0,-1.0656502118509197e-06,0.9999999999994322,1.3068383692131361e-16,-2.2977412941187467e-22,0.0,0.0,0.0,0.00031584365393099784
2026-09-21T04:57:33.831003,2.09,-5.53158751571471e-14,-2.2371137073628095e-24,0.0,-6.429760937010087e-07,0.0,0.0,-3.214880468504988e-07,0.9999999999999484,1.3394859100244832e-16,-2.2339875390871655e-22,0.0,0.0,0.0,-8.797922271971263e-05
2026-09-21T04:57:33.858832,2.1,-5.531630026219017e-14,-3.438754932089883e-30,0.0,-1.2687628725416289e-12,0.0,0.0,-6.343814362708144e-13,1.0,1.5618052690194316e-17,-2.200893163984668e-22,0.0,0.0,0.0,-0.00018026488579332781
2026-09-21T04:57:33.887987,2.14,-5.5315465307982493e-14,-4.420989946489147e-30,0.0,2.5517365997984598e-12,0.0,0.0,1.2758682998992299e-12,1.0,1.9472039294398983e-17,-2.121380395964519e-22,0.0,0.0,0.0,-5.385623993756388e-05
2026-09-21T04:57:33.935679,2.17,-5.531442893268637e-14,-2.079975884834399e-24,0.0,5.796830127025032e-08,0.0,0.0,2.8984150635125158e-08,0.9999999999999996,1.268386683061152e-16,-2.0766941074435514e-22,0.0,0.0,0.0,0.00010169689174747809
2026-09-21T04:57:33.961838,2.19,-5.531407979787652e-14,-2.021629511046558e-24,0.0,-4.7854045290840475e-06,0.0,0.0,-2.3927022645397405e-06,0.9999999999971375,1.2422231525721089e-16,-2.018274498012017e-22,0.0,0.0,0.0,0.00020645813999951753
2026-09-21T04:57:33.992225,2.21,-5.531373706662937e-14,-1.9866923241426203e-24,0.0,1.544960837041032e-06,0.0,0.0,7.72480418520439e-07,0.9999999999997017,1.2425038432776888e-16,-1.9833020636835844e-22,0.0,0.0,0.0,-6.405775035301265e-05
2026-09-21T04:57:34.020169,2.23,-5.5313321469853653e-14,-1.9333365092902465e-24,0.0,2.5477402689766393e-06,0.0,0.0,1.2738701344879751e-06,0.9999999999991886,1.2459769630375413e-16,-1.9298881511823489e-22,0.0,0.0,0.0,-0.000626395484437353
2026-09-21T04:57:34.042355,2.25,-5.531301308565359e-14,-1.918038540143676e-24,0.0,-3.3642677936818193e-06,0.0,0.0,-1.6821338968401162e-06,0.9999999999985852,1.228317502064197e-16,-1.9145898835222886e-22,0.0,0.0,0.0,5.788395178227696e-05
2026-09-21T04:57:34.071890,2.27,-5.531257475496678e-14,-1.885064808013469e-24,0.0,-6.149066007488103e-07,0.0,0.0,-3.074533003744003e-07,0.9999999999999527,1.2286389232916192e-16,-1.8815818444142473e-22,0.0,0.0,0.0,-6.241669603803574e-06
2026-09-21T04:57:34.094219,2.29,-5.531222501407563e-14,-1.8413295427420986e-24,0.0,1.4825055063560912e-06,0.0,0.0,7.412527531779776e-07,0.9999999999997252,1.209497817312314e-16,-1.8378013450204076e-22,0.0,0.0,0.0,-0.0003259408123573977
2026-09-21T04:57:34.119130,2.31,-5.531181979987115e-14,-1.810325909176163e-24,0.0,-2.6405467754564427e-06,0.0,0.0,-1.3202733877278378e-06,0.9999999999991285,1.207266068589499e-16,-1.806772930342763e-22,0.0,0.0,0.0,-0.0003011678663401938
2026-09-21T04:57:34.148181,2.33,-5.531144559257146e-14,-1.802870375659618e-24,0.0,1.3982042097460123e-06,0.0,0.0,6.991021048729492e-07,0.9999999999997556,1.2103763412502538e-16,-1.7993262055968886e-22,0.0,0.0,0.0,0.00012333850305482926
2026-09-21T04:57:34.171962,2.34,-5.531187800486939e-14,-4.790394350035461e-30,0.0,2.192024339819909e-12,0.0,0.0,1.0960121699099545e-12,1.0,1.6282071413320868e-17,-1.7399972842556854e-22,0.0,0.0,0.0,-0.00036103921032571405
2026-09-21T04:57:34.202622,2.37,-5.53107046136044e-14,-1.696938125488037e-24,0.0,-9.158102542983217e-08,0.0,0.0,-4.579051271491606e-08,0.999999999999999,1.219988225753459e-16,-1.6932699238083366e-22,0.0,0.0,0.0,-7.258076647760992e-06
2026-09-21T04:57:34.229620,2.4,-5.5310724888267453e-14,-3.0376698207475048e-30,0.0,-7.7982065249671e-13,0.0,0.0,-3.89910326248355e-13,1.0,1.3981511896763693e-17,-1.615706875540312e-22,0.0,0.0,0.0,-7.0835515543872445e-06
2026-09-21T04:57:34.256523,2.41,-5.531010945612396e-14,-1.6119627547317872e-24,0.0,-2.5556376397339875e-06,0.0,0.0,-1.277818819866646e-06,0.9999999999991835,1.0910491680136141e-16,-1.6082078593660372e-22,0.0,0.0,0.0,0.0002144673122471334
2026-09-21T04:57:34.290130,2.43,-5.5309730500579145e-14,-1.5655014415350291e-24,0.0,4.0884944585428684e-07,0.0,0.0,2.04424722927142e-07,0.9999999999999791,1.136148393860968e-16,-1.561694853115791e-22,0.0,0.0,0.0,-0.00029866727869155705
2026-09-21T04:57:34.327495,2.45,-5.5309344737242636e-14,-1.5410777817293299e-24,0.0,-3.2581407629628245e-06,0.0,0.0,-1.6290703814806916e-06,0.9999999999986731,1.1399581811897632e-16,-1.5372588032661747e-22,0.0,0.0,0.0,-3.485043743487658e-05
2026-09-21T04:57:34.363114,2.47,-5.530896921435735e-14,-1.5181405470869744e-24,0.0,8.755096336798829e-07,0.0,0.0,4.3775481683992746e-07,0.9999999999999042,1.1121402338170668e-16,-1.5143071402503762e-22,0.0,0.0,0.0,2.9335575672050878e-05
2026-09-21T04:57:34.397935,2.48,-5.530925503201283e-14,-3.317388995009472e-30,0.0,9.729994587814872e-13,0.0,0.0,4.864997293907436e-13,1.0,1.7278145531136e-17,-1.470563213726766e-22,0.0,0.0,0.0,-0.0005239440935073244
2026-09-21T04:57:34.427801,2.51,-5.530825570429949e-14,-1.4539657252189834e-24,0.0,-1.1775725683449424e-07,0.0,0.0,-5.887862841724708e-08,0.9999999999999982,1.066339716801873e-16,-1.4500778126463526e-22,0.0,0.0,0.0,-6.638431451376816e-05
2026-09-21T04:57:34.454178,2.5300000000000002,-5.530782405102716e-14,-1.416007335996609e-24,0.0,-1.1439482796582467e-06,0.0,0.0,-5.719741398290921e-07,0.9999999999998365,1.0843753080988139e-16,-1.4120848146707572e-22,0.0,0.0,0.0,0.00011732181611736435
2026-09-21T04:57:34.486067,2.55,-5.530744061841253e-14,-1.37068487564386e-24,0.0,2.2314362011499615e-06,0.0,0.0,1.115718100574749e-06,0.9999999999993776,1.05956955906099e-16,-1.3667130444422892e-22,0.0,0.0,0.0,2.082739432793449e-05
2026-09-21T04:57:34.519340,2.5700000000000003,-5.530701232474577e-14,-1.3151330625064362e-24,0.0,-1.0930629650296453e-06,0.0,0.0,-5.465314825147954e-07,0.9999999999998507,1.0717160369726401e-16,-1.3110976667320687e-22,0.0,0.0,0.0,7.5795291723920386e-06
2026-09-21T04:57:34.548233,2.59,-5.5306642773584114e-14,-1.278938571810617e-24,0.0,3.7155331034099964e-07,0.0,0.0,1.8577665517049873e-07,0.9999999999999828,1.052351064030648e-16,-1.2748688677852761e-22,0.0,0.0,0.0,-0.0004914422534157267
2026-09-21T04:57:34.576490,2.61,-5.5306329276510885e-14,-1.271201612123744e-24,0.0,-1.7634463089777341e-06,0.0,0.0,-8.817231544887528e-07,0.9999999999996113,1.0289085995182177e-16,-1.2671477737557562e-22,0.0,0.0,0.0,-6.732404483146311e-05
2026-09-21T04:57:34.606507,2.63,-5.530607143538894e-14,-1.2450690199282171e-24,0.0,-3.05259628863297e-06,0.0,0.0,-1.526298144315892e-06,0.9999999999988352,9.750289824860416e-17,-1.2409971242110038e-22,0.0,0.0,0.0,0.00022711436994294243
2026-09-21T04:57:34.635076,2.65,-5.5305574652212e-14,-1.2029998038042442e-24,0.0,-1.3200968314031056e-06,0.0,0.0,-6.60048415701505e-07,0.9999999999997822,1.0659298283541668e-16,-1.1988838012514998e-22,0.0,0.0,0.0,0.0001310647746464135
2026-09-21T04:57:34.659508,2.67,-5.5305268783215734e-14,-1.160820222411915e-24,0.0,1.699480571382139e-06,0.0,0.0,8.497402856909674e-07,0.999999999999639,1.021064233716717e-16,-1.1566623060847433e-22,0.0,0.0,0.0,1.9009372270898468e-05
2026-09-21T04:57:34.688240,2.69,-5.530496007146427e-14,-1.1105284912813655e-24,0.0,3.845502229982147e-06,0.0,0.0,1.922751114989888e-06,0.9999999999981515,9.993168550648763e-17,-1.1063157826566798e-22,0.0,0.0,0.0,8.128220369748657e-05
2026-09-21T04:57:34.718451,2.71,-5.530459937786388e-14,-1.0462168048660313e-24,0.0,-4.1505421588539093e-07,0.0,0.0,-2.0752710794269398e-07,0.9999999999999785,9.755185619556613e-17,-1.0419251965042231e-22,0.0,0.0,0.0,1.7037080172905146e-05
2026-09-21T04:57:34.742478,2.73,-5.53041679336339e-14,-1.0090682952458296e-24,0.0,3.8051486259682576e-06,0.0,0.0,1.902574312982981e-06,0.9999999999981901,1.0014370298973743e-16,-1.0047417672233992e-22,0.0,0.0,0.0,7.531842496138309e-05
2026-09-21T04:57:34.770173,2.75,-5.530392881110836e-14,-9.448585037031427e-25,0.0,1.9004762514818199e-06,0.0,0.0,9.502381257407668e-07,0.9999999999995485,9.381057770329971e-17,-9.40454288931003e-23,0.0,0.0,0.0,0.00018675230155775852
2026-09-21T04:57:34.800426,2.77,-5.530360167862336e-14,-8.864522061658945e-25,0.0,9.54072691516927e-07,0.0,0.0,4.770363457584455e-07,0.9999999999998862,9.057662558862321e-17,-8.819782415292549e-23,0.0,0.0,0.0,-0.00040299955747872347
2026-09-21T04:57:34.827296,2.79,-5.530310728358629e-14,-8.730320783160702e-25,0.0,1.1045183567759412e-07,0.0,0.0,5.522591783879702e-08,0.9999999999999984,9.579754540279634e-17,-8.685665821657422e-23,0.0,0.0,0.0,2.0180386583367477e-05
2026-09-21T04:57:34.855611,2.81,-5.530269130118146e-14,-8.357295435172492e-25,0.0,-1.529570364589006e-06,0.0,0.0,-7.647851822944283e-07,0.9999999999997076,9.449060330642815e-17,-8.312300990311223e-23,0.0,0.0,0.0,-8.427945616310602e-06
2026-09-21T04:57:34.883672,2.8200000000000003,-5.530291929346159e-14,-1.4400814286691513e-30,0.0,-1.3447021274259896e-12,0.0,0.0,-6.723510637129948e-13,1.0,1.890268548386606e-17,-8.135966500019042e-23,0.0,0.0,0.0,6.72192545449619e-05
2026-09-21T04:57:34.911047,2.85,-5.5302057160565655e-14,-7.9812206306845825e-25,0.0,1.5549616843024694e-06,0.0,0.0,7.774808421511563e-07,0.9999999999996978,9.035387239859136e-17,-7.936211309119866e-23,0.0,0.0,0.0,0.00024438263816885247
2026-09-21T04:57:34.942783,2.87,-5.5301676702831284e-14,-7.409986304064812e-25,0.0,-2.3149915056031034e-06,0.0,0.0,-1.1574957528012931e-06,0.9999999999993301,9.008881391838594e-17,-7.364299780176907e-23,0.0,0.0,0.0,-0.0003507042616718007
2026-09-21T04:57:34.969435,2.89,-5.530117808684208e-14,-7.396702368353122e-25,0.0,-2.5051291445699064e-06,0.0,0.0,-1.2525645722846256e-06,0.9999999999992155,9.392451612887986e-17,-7.35130111736335e-23,0.0,0.0,0.0,-7.907494520524602e-05
2026-09-21T04:57:34.996228,2.91,-5.530082549242129e-14,-7.236932975960615e-25,0.0,-1.2593023264173553e-06,0.0,0.0,-6.29651163208636e-07,0.9999999999998018,9.077860323357741e-17,-7.191566045908285e-23,0.0,0.0,0.0,3.5055601347800666e-05
2026-09-21T04:57:35.028115,2.93,-5.5300479032857215e-14,-6.943078027953608e-25,0.0,2.5646178380966944e-06,0.0,0.0,1.2823089190479957e-06,0.9999999999991779,8.716470973692311e-17,-6.897521490762462e-23,0.0,0.0,0.0,0.00020187568160780263
2026-09-21T04:57:35.057413,2.94,-5.530060665648563e-14,-2.7628163662634625e-30,0.0,3.8187231155006884e-12,0.0,0.0,1.9093615577503442e-12,1.0,1.8321597194765412e-17,-6.428267594565012e-23,0.0,0.0,0.0,-0.00038706552488614596
2026-09-21T04:57:35.086538,2.96,-5.5300222323734164e-14,2.0988437897258594e-31,0.0,-4.844125101044483e-12,0.0,0.0,-2.4220625505222415e-12,1.0,1.878407544710162e-17,-6.402781960546902e-23,0.0,0.0,0.0,-6.727365421981335e-05
2026-09-21T04:57:35.114874,2.99,-5.5299367663480276e-14,-5.87322173445335e-25,0.0,1.3052407554781098e-07,0.0,0.0,6.526203777390544e-08,0.9999999999999979,8.75667855778631e-17,-5.82676903149655e-23,0.0,0.0,0.0,-0.0005407560589627964
2026-09-21T04:57:35.144022,3.01,-5.5298947993771415e-14,-5.902038767683314e-25,0.0,-5.984228819144732e-07,0.0,0.0,-2.9921144095723217e-07,0.9999999999999553,9.142055399887122e-17,-5.855972516549189e-23,0.0,0.0,0.0,-6.12266409475913e-05
2026-09-21T04:57:35.173091,3.03,-5.5298617791497826e-14,-5.663101984065416e-25,0.0,-1.392624767504458e-06,0.0,0.0,-6.963123837521727e-07,0.9999999999997575,8.406897178202687e-17,-5.616933255448356e-23,0.0,0.0,0.0,3.8255672936163016e-05
2026-09-21T04:57:35.195154,3.05,-5.529820400089747e-14,-5.392411025897409e-25,0.0,-2.7000004179100756e-06,0.0,0.0,-1.3500002089546278e-06,0.9999999999990887,8.269135076689788e-17,-5.346088861847608e-23,0.0,0.0,0.0,0.00017310278020861848
2026-09-21T04:57:35.225023,3.07,-5.529782505813486e-14,-5.101635660040433e-25,0.0,-1.2945067973113566e-06,0.0,0.0,-6.472533986556331e-07,0.9999999999997905,8.436451732536595e-17,-5.055123491892965e-23,0.0,0.0,0.0,-9.992783569038826e-05
2026-09-21T04:57:35.252342,3.09,-5.529749243146715e-14,-4.92677767727364e-25,0.0,9.280479762452388e-08,0.0,0.0,4.6402398812261916e-08,0.9999999999999989,8.235979258048229e-17,-4.8802948680068186e-23,0.0,0.0,0.0,0.00014480171115525826
2026-09-21T04:57:35.278906,3.11,-5.529714561068428e-14,-4.54714046292656e-25,0.0,1.8734430726752298e-06,0.0,0.0,9.367215363374777e-07,0.9999999999995612,8.168788793634961e-17,-4.5003207609768415e-23,0.0,0.0,0.0,-9.295633656814303e-05
2026-09-21T04:57:35.306459,3.13,-5.529671651987191e-14,-4.250206354324839e-25,0.0,9.258395712308243e-07,0.0,0.0,4.629197856153956e-07,0.9999999999998929,8.264692055737893e-17,-4.2032050736924316e-23,0.0,0.0,0.0,3.1136748526996918e-06
2026-09-21T04:57:35.337276,3.15,-5.529630832965693e-14,-3.935918252979996e-25,0.0,-3.94232852585219e-07,0.0,0.0,-1.9711642629260823e-07,0.9999999999999806,8.124015521886541e-17,-3.888691100781663e-23,0.0,0.0,0.0,-1.863543050655492e-05
2026-09-21T04:57:35.362173,3.17,-5.529589445713692e-14,-3.690507966717065e-25,0.0,-8.22075839401748e-07,0.0,0.0,-4.110379197008624e-07,0.9999999999999155,8.207269780817087e-17,-3.643177503321608e-23,0.0,0.0,0.0,-7.595523061809503e-05
2026-09-21T04:57:35.388071,3.19,-5.529554833245224e-14,-3.5019839523512305e-25,0.0,-8.390049899276165e-07,0.0,0.0,-4.195024949637959e-07,0.999999999999912,7.641144314568283e-17,-3.4546553016246585e-23,0.0,0.0,0.0,9.413627099251335e-05
2026-09-21T04:57:35.414862,3.21,-5.5295174709888096e-14,-3.2168618849066285e-25,0.0,-2.334524994651588e-06,0.0,0.0,-1.1672624973255288e-06,0.9999999999993188,7.677156878401271e-17,-3.1693622421078764e-23,0.0,0.0,0.0,0.00032001321972150245
2026-09-21T04:57:35.443858,3.23,-5.529470447338448e-14,-2.8555485839470057e-25,0.0,-4.0753506835855546e-07,0.0,0.0,-2.0376753417927633e-07,0.9999999999999792,8.259193133472563e-17,-2.807739175594075e-23,0.0,0.0,0.0,-0.00016187382049458014
2026-09-21T04:57:35.473799,3.25,-5.5294339975981525e-14,-2.7168811248692863e-25,0.0,8.662709745088648e-07,0.0,0.0,4.3313548725441885e-07,0.9999999999999062,7.662075517601142e-17,-2.6691784765492364e-23,0.0,0.0,0.0,0.0003664581591099372
2026-09-21T04:57:35.501400,3.27,-5.529402364163783e-14,-2.2284357840589387e-25,0.0,-1.4772938898843793e-06,0.0,0.0,-7.386469449421224e-07,0.9999999999997272,7.262644527665252e-17,-2.180202826107999e-23,0.0,0.0,0.0,0.00011272267537662181
2026-09-21T04:57:35.526029,3.29,-5.529366383611905e-14,-1.9797183774240753e-25,0.0,1.2868586685144123e-06,0.0,0.0,6.434293342571618e-07,0.999999999999793,7.350795324279483e-17,-1.9313843023185912e-23,0.0,0.0,0.0,-0.00050673240167401
2026-09-21T04:57:35.553345,3.31,-5.5293278507183276e-14,-1.977845399960866e-25,0.0,-4.513022307417458e-06,0.0,0.0,-2.256511153706814e-06,0.999999999997454,7.402737622910186e-17,-1.9298675125600557e-23,0.0,0.0,0.0,0.0001328901958644182
2026-09-21T04:57:35.578934,3.33,-5.5292880408535787e-14,-1.8251886240438732e-25,0.0,-3.768482930155415e-07,0.0,0.0,-1.8842414650776962e-07,0.9999999999999822,7.596232632313415e-17,-1.7772528162933804e-23,0.0,0.0,0.0,-0.00022254983102308054
2026-09-21T04:57:35.605076,3.35,-5.5292447077078196e-14,-1.7317653920586927e-25,0.0,-1.5409794573706397e-06,0.0,0.0,-7.704897286852434e-07,0.9999999999997031,7.70935381819979e-17,-1.6840233011577555e-23,0.0,0.0,0.0,-0.00014520738696923837
2026-09-21T04:57:35.634911,3.37,-5.529205757262694e-14,-1.6398137476609426e-25,0.0,1.0416408313673742e-07,0.0,0.0,5.208204156836868e-08,0.9999999999999987,7.470077886617685e-17,-1.5922437167343483e-23,0.0,0.0,0.0,0.00023098349193630816
2026-09-21T04:57:35.660881,3.39,-5.529174778618159e-14,-1.2841976654897149e-25,0.0,-3.1493581964525674e-08,0.0,0.0,-1.5746790982262837e-08,0.9999999999999999,7.008466364499413e-17,-1.2363342297338495e-23,0.0,0.0,0.0,2.64054636535576e-05
2026-09-21T04:57:35.688183,3.41,-5.529138462807827e-14,-1.0531213017235119e-25,0.0,-2.0494262540360353e-06,0.0,0.0,-1.0247131270178383e-06,0.999999999999475,6.838747654623265e-17,-1.005190098421838e-23,0.0,0.0,0.0,0.00019426048850490515
2026-09-21T04:57:35.715805,3.43,-5.5290919803691694e-14,-7.96939968555759e-26,0.0,2.1242532000087522e-07,0.0,0.0,1.0621266000043741e-07,0.9999999999999943,7.456029611657917e-17,-7.488854198075285e-24,0.0,0.0,0.0,-2.3986791892498675e-05
2026-09-21T04:57:35.743033,3.45,-5.529046537011327e-14,-5.952483187682639e-26,0.0,-1.6898362056316787e-06,0.0,0.0,-8.449181028157388e-07,0.9999999999996431,7.325931608828093e-17,-5.471873817317798e-24,0.0,0.0,0.0,0.00010439537986857585
2026-09-21T04:57:35.769166,3.47,-5.528998646562729e-14,-3.832433136831675e-26,0.0,-1.369810245233083e-06,0.0,0.0,-6.849051226164879e-07,0.9999999999997654,7.60580256111238e-17,-3.3513864398610126e-24,0.0,0.0,0.0,-0.00023187955061984022
2026-09-21T04:57:35.794860,3.49,-5.528952364708351e-14,-3.527552322474977e-26,0.0,-1.1850738874663593e-06,0.0,0.0,-5.925369437331449e-07,0.9999999999998245,7.517705019371292e-17,-3.0494537049416838e-24,0.0,0.0,0.0,0.00010485405559982277
2026-09-21T04:57:35.824684,3.52,-5.528930340841685e-14,1.9433714786797127e-30,0.0,-5.002220859751105e-12,0.0,0.0,-2.5011104298755527e-12,1.0,1.688665489807551e-17,-2.7805027565318366e-24,0.0,0.0,0.0,-0.0004007209503571885
2026-09-21T04:57:35.881631,3.54,-5.528890567579201e-14,-5.517403514574786e-31,0.0,2.8692603848412546e-12,0.0,0.0,1.4346301924206273e-12,1.0,2.1689308190975016e-17,3.1189524242091384e-25,0.0,0.0,0.0,0.00018927667001191552
2026-09-21T04:57:35.912828,3.56,-5.528851825977756e-14,-1.9207836964924266e-31,0.0,1.9695356456850277e-12,0.0,0.0,9.847678228425139e-13,1.0,2.3385072046858447e-17,2.9927500455819036e-24,0.0,0.0,0.0,-6.152426921209633e-05
2026-09-21T04:57:35.943037,3.59,-5.5287664492620816e-14,7.080008948046112e-26,0.0,9.304270349730361e-07,0.0,0.0,4.652135174865012e-07,0.9999999999998918,6.722887588272435e-17,7.5600645095466e-24,0.0,0.0,0.0,-0.00010554033895457418
2026-09-21T04:57:35.980139,3.61,-5.5287219534155124e-14,8.548215156665974e-26,0.0,3.1335081196459674e-07,0.0,0.0,1.566754059822977e-07,0.9999999999999877,6.872886461423478e-17,9.027348518861318e-24,0.0,0.0,0.0,-0.00042625597968343
2026-09-21T04:57:36.011531,3.63,-5.528700372005096e-14,8.220618794164931e-26,0.0,-3.7472886349476653e-07,0.0,0.0,-1.8736443174738218e-07,0.9999999999999825,6.010574486983706e-17,8.695668815968242e-24,0.0,0.0,0.0,2.7187849888534883e-05
2026-09-21T04:57:36.042413,3.65,-5.528659568512459e-14,9.960125492427839e-26,0.0,-1.9747986410578733e-06,0.0,0.0,-9.873993205287761e-07,0.9999999999995125,6.567633594991005e-17,1.0434966837895766e-23,0.0,0.0,0.0,-0.00026068391111824796
2026-09-21T04:57:36.070573,3.67,-5.5286211190123295e-14,9.817977581461101e-26,0.0,2.094323769075146e-06,0.0,0.0,1.0471618845373815e-06,0.9999999999994518,6.438062379164038e-17,1.02891499222325e-23,0.0,0.0,0.0,-1.6122527066265313e-05
2026-09-21T04:57:36.098539,3.69,-5.5285886382170456e-14,1.2007228373936536e-25,0.0,2.1542616268632742e-07,0.0,0.0,1.077130813431635e-07,0.9999999999999942,6.074101271769227e-17,1.2478844955206207e-23,0.0,0.0,0.0,-7.532749033782224e-05
2026-09-21T04:57:36.127747,3.71,-5.528540998905155e-14,1.3316309264482147e-25,0.0,-9.203190982631783e-07,0.0,0.0,-4.601595491315728e-07,0.9999999999998941,6.487554115505368e-17,1.3786927143458432e-23,0.0,0.0,0.0,0.00031925974109628966
2026-09-21T04:57:36.162175,3.72,-5.5285410631511475e-14,-1.0930922427624116e-30,0.0,1.893152301590817e-12,0.0,0.0,9.465761507954085e-13,1.0,2.3503637884360666e-17,1.573741903971793e-23,0.0,0.0,0.0,1.645163006577631e-05
2026-09-21T04:57:36.209994,3.75,-5.528469699204793e-14,1.7890708916440167e-25,0.0,2.1571139989795536e-06,0.0,0.0,1.0785569994895678e-06,0.9999999999994184,5.816500552894994e-17,1.8362782212746498e-23,0.0,0.0,0.0,-0.00013377709926663226
2026-09-21T04:57:36.237995,3.77,-5.5284252254807276e-14,1.92308346479454e-25,0.0,-3.7760044153678507e-06,0.0,0.0,-1.8880022076828037e-06,0.9999999999982178,6.326133077732523e-17,1.9701830086111723e-23,0.0,0.0,0.0,0.00013985142784606118
2026-09-21T04:57:36.278175,3.79,-5.528379285342387e-14,2.0534844893832187e-25,0.0,1.5307034084699467e-06,0.0,0.0,7.653517042348986e-07,0.9999999999997071,6.221869486915617e-17,2.1005000718626692e-23,0.0,0.0,0.0,6.830765374051312e-05
2026-09-21T04:57:36.311111,3.81,-5.5283368413830396e-14,2.260365641214719e-25,0.0,1.489251046926654e-07,0.0,0.0,7.446255234633263e-08,0.9999999999999972,6.084816486933782e-17,2.307396727625508e-23,0.0,0.0,0.0,0.00011070238345909347
2026-09-21T04:57:36.345370,3.83,-5.5282902378309045e-14,2.450313662973089e-25,0.0,-5.110561986931826e-07,0.0,0.0,-2.5552809934658857e-07,0.9999999999999674,6.531841226319674e-17,2.4973519300405962e-23,0.0,0.0,0.0,0.0002171013354572319
2026-09-21T04:57:36.373381,3.84,-5.5283017119608433e-14,-4.12354359840304e-31,0.0,1.382449710263245e-12,0.0,0.0,6.912248551316225e-13,1.0,1.669688930543001e-17,2.6232277472094022e-23,0.0,0.0,0.0,-0.0003632657698818348
2026-09-21T04:57:36.406224,3.87,0.012012357141046683,2.0370489350336084e-10,0.0,-6.131673067066856e-07,0.0,0.0,-3.06583653353338e-07,0.999999999999953,0.4024734187801214,2.041007242487192e-08,0.0,0.0,0.0,-0.00010910834477223687
2026-09-21T04:57:36.435778,3.89,0.020012218045635514,1.8959780757302115e-10,0.0,3.2327559100764347e-06,0.0,0.0,1.6163779550375135e-06,0.9999999999986937,0.4024436035281563,1.8994586628855782e-08,0.0,0.0,0.0,9.491711427641236e-05
2026-09-21T04:57:36.469931,3.91,0.02801206676848402,1.36367946057371e-10,0.0,-2.088125843346944e-06,0.0,0.0,-1.0440629216732823e-06,0.999999999999455,0.4024133508381621,1.365930521206367e-08,0.0,0.0,0.0,-0.00022322034059557068
2026-09-21T04:57:36.501765,3.93,0.03601191732394903,1.301467548546723e-10,0.0,1.3526272790720384e-06,0.0,0.0,6.763136395359676e-07,0.9999999999997713,0.40238346157706334,1.3039138286791077e-08,0.0,0.0,0.0,0.00012468097857761353
2026-09-21T04:57:36.534046,3.95,0.044011769670371466,1.2630005910227213e-10,0.0,-5.130057854074721e-07,0.0,0.0,-2.5650289270373325e-07,0.9999999999999671,0.4023539310542774,1.2651295225673921e-08,0.0,0.0,0.0,-0.0003873109839861487
2026-09-21T04:57:36.567153,3.97,0.05201162379368587,4.7884665697485367e-11,0.0,-1.6710693317989467e-06,0.0,0.0,-8.355346658993761e-07,0.999999999999651,0.402324755907752,4.7969265749191316e-09,0.0,0.0,0.0,0.00029159176174363215
2026-09-21T04:57:36.597812,3.99,0.0600114796744559,1.5061551924801278e-10,0.0,-4.2069692396395903e-07,0.0,0.0,-2.1034846198197798e-07,0.9999999999999779,0.40229593225024013,1.5088477172507493e-08,0.0,0.0,0.0,-4.453347130626493e-05
2026-09-21T04:57:36.630416,4.01,0.06801133729338428,1.475539856431408e-10,0.0,-5.845046802122056e-08,0.0,0.0,-2.9225234010610276e-08,0.9999999999999996,0.4022674562223132,1.478134683694207e-08,0.0,0.0,0.0,-0.00044404061897339086
2026-09-21T04:57:36.659473,4.03,0.07601119663131489,4.556433346918376e-11,0.0,-7.310878045174718e-07,0.0,0.0,-3.6554390225872775e-07,0.9999999999999332,0.40223932399276874,4.56383853173912e-09,0.0,0.0,0.0,-6.986990768737748e-05
2026-09-21T04:57:36.694435,4.05,0.08401105766923458,4.527939915291563e-11,0.0,2.0196436949504464e-06,0.0,0.0,1.0098218474750514e-06,0.9999999999994901,0.40221153175899554,4.535105631762205e-09,0.0,0.0,0.0,-7.195910640294713e-05
2026-09-21T04:57:36.720574,4.06,0.08799999996587608,5.443763356531181e-15,0.0,1.0835776720341528e-12,0.0,0.0,5.417888360170764e-13,1.0,0.4000000087324321,-1.7066486597643496e-09,0.0,0.0,0.0,-9.709589567260258e-06
2026-09-21T04:57:36.749979,4.09,0.10001078476971337,-2.777640692890659e-11,0.0,-1.3164860148684454e-06,0.0,0.0,-6.582430074341752e-07,0.9999999999997834,0.40215695221329595,-2.784250191556667e-09,0.0,0.0,0.0,-0.00022932986681386636
2026-09-21T04:57:36.779905,4.11,0.10801065079497552,-5.0185808287506895e-11,0.0,-7.672049213702794e-07,0.0,0.0,-3.8360246068513017e-07,0.9999999999999264,0.40213015744202907,-5.028376683449638e-09,0.0,0.0,0.0,0.00012143664602554897
2026-09-21T04:57:36.812099,4.13,0.1160105184456356,-4.500499856708136e-12,0.0,3.2687009379195335e-06,0.0,0.0,1.634350468959039e-06,0.9999999999986644,0.4021036877483963,-4.521292103102272e-10,0.0,0.0,0.0,-0.000247344684912336
2026-09-21T04:57:36.843409,4.15,0.12401038770341799,-1.344645939729334e-10,0.0,2.712373306845706e-06,0.0,0.0,1.3561866534224371e-06,0.9999999999990804,0.4020775394772964,-1.3474088788727613e-08,0.0,0.0,0.0,0.0004325361089852857
2026-09-21T04:57:36.873168,4.17,0.13201025855019824,-9.46380048071304e-11,0.0,-3.825172751881213e-07,0.0,0.0,-1.9125863759405942e-07,0.9999999999999817,0.4020517090038564,-9.4845142824504e-09,0.0,0.0,0.0,8.82938473330124e-05
2026-09-21T04:57:36.898874,4.19,0.14001013096800394,-6.443803230708013e-11,0.0,1.2267322100356637e-06,0.0,0.0,6.133661050177934e-07,0.9999999999998119,0.40202619273361023,-6.4567079073430675e-09,0.0,0.0,0.0,0.00039858390206082327
2026-09-21T04:57:36.934372,4.21,0.14801000493901545,7.428544512679162e-14,0.0,-2.5054835761650907e-06,0.0,0.0,-1.2527417880822177e-06,0.9999999999992153,0.40200098710267174,5.228992360989198e-12,0.0,0.0,0.0,-8.320567124612304e-05
2026-09-21T04:57:36.968746,4.23,0.1560098804455669,3.748295310479568e-11,0.0,-1.7653159956054762e-07,0.0,0.0,-8.82657997802737e-08,0.9999999999999961,0.4019760885778699,3.7556318644319235e-09,0.0,0.0,0.0,-0.00011498085023549198
2026-09-21T04:57:37.003604,4.25,0.16400975747014648,1.452199472465243e-11,0.0,1.4194252542232277e-06,0.0,0.0,7.097126271115543e-07,0.9999999999997482,0.401951493656872,1.4540565018872402e-09,0.0,0.0,0.0,-0.0002603024716982291
2026-09-21T04:57:37.034259,4.27,0.17200963599539706,-7.7497581402794e-11,0.0,2.387807414017118e-07,0.0,0.0,1.193903707008556e-07,0.9999999999999929,0.4019271988682855,-7.765545420331923e-09,0.0,0.0,0.0,-0.00014053848623799188
2026-09-21T04:57:37.065747,4.29,0.18000951600411688,-1.1399780290257158e-10,0.0,-1.4505477938797637e-06,0.0,0.0,-7.252738969398183e-07,0.999999999999737,0.40190320077174496,-1.1421717060255243e-08,0.0,0.0,0.0,-0.0001195062026043618
2026-09-21T04:57:37.097556,4.31,0.18800939747925927,-1.0689090765793742e-10,0.0,-1.2886548557133894e-06,0.0,0.0,-6.4432742785665e-07,0.9999999999997924,0.4018794959579653,-1.0708677682601492e-08,0.0,0.0,0.0,-0.00017281084042361416
2026-09-21T04:57:37.127349,4.33,0.1960092804039335,-1.1577790923326853e-10,0.0,-1.329067932598349e-06,0.0,0.0,-6.645339662991256e-07,0.9999999999997792,0.4018560810488091,-1.1598882895323075e-08,0.0,0.0,0.0,-0.00018396669259543433
2026-09-21T04:57:37.154399,4.34,0.19999999996127835,8.004085432374178e-16,0.0,-2.6401103525586223e-12,0.0,0.0,-1.3200551762793111e-12,1.0,0.40000000732794394,-1.2591483174521249e-08,0.0,0.0,0.0,-1.8626674481808073e-06
2026-09-21T04:57:37.181795,4.37,0.21200905053509356,-1.3363963210307877e-11,0.0,9.204538637952453e-07,0.0,0.0,4.602269318976064e-07,0.9999999999998941,0.40181010758767716,-1.339765409602625e-09,0.0,0.0,0.0,-0.00012789182951766307
2026-09-21T04:57:37.213069,4.39,0.22000893770857732,-6.349861599840793e-11,0.0,-3.1996860463401333e-06,0.0,0.0,-1.5998430231693842e-06,0.9999999999987202,0.4017875424353296,-6.362174010110797e-09,0.0,0.0,0.0,-3.11429166276328e-05
2026-09-21T04:57:37.244638,4.41,0.22800882626558872,2.960728113670667e-12,0.0,-6.511844752310481e-07,0.0,0.0,-3.2559223761551826e-07,0.999999999999947,0.40176525398685214,2.9821789675011313e-10,0.0,0.0,0.0,-7.984672246932062e-05
2026-09-21T04:57:37.279644,4.43,0.2360087161900164,-6.630447306250372e-13,0.0,3.33630622240122e-07,0.0,0.0,1.6681531112006022e-07,0.9999999999999861,0.4017432390199868,-6.613072442974552e-11,0.0,0.0,0.0,0.00011910560477589931
2026-09-21T04:57:37.314717,4.45,0.24400860746590458,1.9191659357003015e-11,0.0,-2.094747494130189e-06,0.0,0.0,-1.0473737470649031e-06,0.9999999999994515,0.40172149434359483,1.922226690128783e-09,0.0,0.0,0.0,0.00024565950575265445
2026-09-21T04:57:37.349815,4.47,0.2520085000774528,1.2317371199095046e-10,0.0,4.5167628393016917e-07,0.0,0.0,2.2583814196508263e-07,0.9999999999999745,0.4017000167975938,1.234079503315709e-08,0.0,0.0,0.0,0.00016944523228129704
2026-09-21T04:57:37.370434,4.48,0.25599999995919415,-2.209252227968635e-15,0.0,1.787459069646502e-12,0.0,0.0,8.93729534823251e-13,1.0,0.40000000671134833,1.497508601084548e-08,0.0,0.0,0.0,-0.0004923324529897871
2026-09-21T04:57:37.403798,4.51,0.2680082892451019,3.545158582733498e-10,0.0,1.141107083491022e-06,0.0,0.0,5.705535417454801e-07,0.9999999999998372,0.40165785061141973,3.5518805294562136e-08,0.0,0.0,0.0,-0.0004391897361078252
2026-09-21T04:57:37.432444,4.53,0.27600818577037556,2.216169040639734e-10,0.0,1.3079157503703698e-06,0.0,0.0,6.539578751851383e-07,0.9999999999997862,0.40163715580581594,2.220167426196397e-08,0.0,0.0,0.0,-0.00026904874735509657
2026-09-21T04:57:37.468934,4.55,0.2840080835696536,1.2615300574572542e-10,0.0,-2.1180323881431207e-06,0.0,0.0,-1.0590161940713623e-06,0.9999999999994392,0.4016167157995691,1.2636965869754945e-08,0.0,0.0,0.0,0.00046789946112611356
2026-09-21T04:57:37.499449,4.57,0.29200798262790656,2.80541427881461e-10,0.0,-3.5185695517192528e-06,0.0,0.0,-1.7592847758587188e-06,0.9999999999984525,0.4015965275867978,2.8105139718233826e-08,0.0,0.0,0.0,0.0002958529896507131
2026-09-21T04:57:37.536699,4.59,0.30000788293025776,4.248206245187875e-10,0.0,-1.7214866638859407e-06,0.0,0.0,-8.60743331942864e-07,0.9999999999996295,0.4015765881921629,4.256043841950206e-08,0.0,0.0,0.0,-0.0003735062095302391
2026-09-21T04:57:37.569334,4.61,0.30800778446198235,3.711075260181528e-10,0.0,8.948094816219055e-07,0.0,0.0,4.474047408109378e-07,0.9999999999999,0.40155689467074795,3.7178513774228525e-08,0.0,0.0,0.0,-7.084946175246092e-06
2026-09-21T04:57:37.599444,4.63,0.3160076872085073,3.4312904245016243e-10,0.0,-1.3329733010714053e-06,0.0,0.0,-6.664866505356532e-07,0.9999999999997778,0.40153744410793124,3.4373089744827045e-08,0.0,0.0,0.0,-6.800347414094328e-05
2026-09-21T04:57:37.633400,4.65,0.3240075911554101,3.523915948477927e-10,0.0,-8.192633722536872e-07,0.0,0.0,-4.09631686126832e-07,0.9999999999999161,0.4015182336192507,3.53018858242687e-08,0.0,0.0,0.0,3.163395527469423e-05
2026-09-21T04:57:37.664142,4.67,0.3320074962884184,3.728247406739658e-10,0.0,4.566742348721675e-07,0.0,0.0,2.2833711743608177e-07,0.9999999999999739,0.4014992603502614,3.7348128941629e-08,0.0,0.0,0.0,-0.00010411827950095265
2026-09-21T04:57:37.689789,4.69,0.34000740259340945,3.322588316108088e-10,0.0,-3.7911895418574213e-06,0.0,0.0,-1.895594770927575e-06,0.9999999999982033,0.40148052147638624,3.328301021079449e-08,0.0,0.0,0.0,-0.000255480207039502
2026-09-21T04:57:37.720788,4.71,0.3480073100564088,3.545493275755011e-10,0.0,1.5816438145854763e-06,0.0,0.0,7.908219072926556e-07,0.9999999999996873,0.4014620142027668,3.5518249349692825e-08,0.0,0.0,0.0,-0.0003079167994323088
2026-09-21T04:57:37.756369,4.73,0.3560072186635896,2.4123416954334664e-10,0.0,8.26314768609393e-07,0.0,0.0,4.1315738430468475e-07,0.9999999999999146,0.4014437357640766,2.416240281936115e-08,0.0,0.0,0.0,-4.339674590902339e-05
2026-09-21T04:57:37.785904,4.75,0.36400712840127225,2.0822282398072872e-10,0.0,-1.997872752124152e-06,0.0,0.0,-9.9893637606191e-07,0.9999999999995011,0.4014256834243917,2.0854885150521815e-08,0.0,0.0,0.0,8.04619080414196e-05
2026-09-21T04:57:37.819989,4.77,0.372007039255923,2.692105695950465e-10,0.0,-9.821262954012868e-07,0.0,0.0,-4.910631477006236e-07,0.9999999999998794,0.401407854476993,2.6966106809269018e-08,0.0,0.0,0.0,0.00014588077984517694
2026-09-21T04:57:37.845544,4.79,0.38000695121415334,3.211487227479622e-10,0.0,1.9592829647585575e-06,0.0,0.0,9.79641482379122e-07,0.9999999999995202,0.40139024624419517,3.216862994392618e-08,0.0,0.0,0.0,-0.000118790541340668
2026-09-21T04:57:37.876007,4.8100000000000005,0.3880068642627191,2.433222760959202e-10,0.0,7.327999864692459e-07,0.0,0.0,3.663999932346147e-07,0.9999999999999328,0.40137285607716444,2.4369877396635697e-08,0.0,0.0,0.0,-0.0004831462855476404
2026-09-21T04:57:37.904468,4.83,0.39600677838851933,1.1025509576290938e-10,0.0,-9.105138540910219e-07,0.0,0.0,-4.552569270454952e-07,0.9999999999998964,0.4013556813557323,1.1039232628776866e-08,0.0,0.0,0.0,-8.866202722686722e-05
2026-09-21T04:57:37.941749,4.85,0.4040066935785955,1.0857517651981593e-10,0.0,-2.2723386798872984e-06,0.0,0.0,-1.1361693399434046e-06,0.9999999999993545,0.4013387194882048,1.0871180559713626e-08,0.0,0.0,0.0,-0.0003418505889601994
2026-09-21T04:57:37.978927,4.87,0.4120066098201303,7.943801359671899e-11,0.0,-6.642284473556971e-07,0.0,0.0,-3.321142236778424e-07,0.9999999999999448,0.4013219679111689,7.953003048054397e-09,0.0,0.0,0.0,-8.923128113602261e-05
2026-09-21T04:57:38.002601,4.89,0.4200065271004473,7.247411398623722e-11,0.0,1.7558399170169992e-06,0.0,0.0,8.779199585083868e-07,0.9999999999996146,0.4013054240892938,7.2540631152588405e-09,0.0,0.0,0.0,-3.6151715250333705e-05
2026-09-21T04:57:38.027762,4.91,0.42800644540700894,2.2257797847873848e-11,0.0,1.6550392576419881e-06,0.0,0.0,8.275196288208996e-07,0.9999999999996576,0.4012890855151307,2.221661168831764e-09,0.0,0.0,0.0,2.054503976782292e-05
2026-09-21T04:57:38.065840,4.93,0.4360063647274163,-1.1728850220636327e-11,0.0,-3.390697517868802e-06,0.0,0.0,-1.6953487589335886e-06,0.9999999999985629,0.40127294970890826,-1.1833372455279447e-09,0.0,0.0,0.0,-0.00020012700793283343
2026-09-21T04:57:38.091499,4.94,0.4399999999531954,-2.7119968907372793e-15,0.0,-4.4924064468432334e-12,0.0,0.0,-2.2462032234216167e-12,1.0,0.4000000050241959,1.9768185044559137e-09,0.0,0.0,0.0,0.0002435980654988547
2026-09-21T04:57:38.121704,4.97,0.4520062063608586,2.058544442209376e-11,0.0,-2.2070467871060373e-06,0.0,0.0,-1.1035233935527946e-06,0.9999999999993912,0.40124127661834585,2.053496463185412e-09,0.0,0.0,0.0,-0.0001725758131201042
2026-09-21T04:57:38.151335,4.99,0.4600061286497781,3.067732065806018e-11,0.0,1.3084770458249295e-06,0.0,0.0,6.542385229124181e-07,0.999999999999786,0.40122573451097837,3.0676332530991863e-09,0.0,0.0,0.0,0.00015874419896549187
2026-09-21T04:57:38.180033,5.01,0.4680060519043107,3.668743887513633e-11,0.0,-1.3197991122204657e-06,0.0,0.0,-6.598995561101849e-07,0.9999999999997823,0.401210385525071,3.667457545885996e-09,0.0,0.0,0.0,0.00029129493669265643
2026-09-21T04:57:38.206478,5.03,0.4760059761127337,1.340540505275293e-10,0.0,2.7302779210813814e-06,0.0,0.0,1.3651389605402666e-06,0.9999999999990682,0.4011952273160917,1.342352045260311e-08,0.0,0.0,0.0,-0.00044505718837911776
2026-09-21T04:57:38.240790,5.04,0.479999999952041,1.4321146795655384e-14,0.0,-1.432631790976302e-12,0.0,0.0,-7.16315895488151e-13,1.0,0.40000000471717506,-3.4791937277490903e-09,0.0,0.0,0.0,8.3910383550882e-05
2026-09-21T04:57:38.269366,5.07,0.4920058273450191,-7.398913749014116e-11,0.0,-2.311984136138534e-06,0.0,0.0,-1.1559920680690095e-06,0.9999999999993319,0.40116547398259117,-7.4203135922250535e-09,0.0,0.0,0.0,-2.5251897996758963e-05
2026-09-21T04:57:38.293645,5.09,0.5000057543460916,-2.5639859238383114e-11,0.0,-2.966079053035031e-06,0.0,0.0,-1.483039526516972e-06,0.9999999999989003,0.4011508743001375,-2.5745965707857976e-09,0.0,0.0,0.0,3.155473711401527e-05
2026-09-21T04:57:38.325515,5.11,0.5080056822554726,5.032442391746967e-11,0.0,-2.656015120727773e-06,0.0,0.0,-1.328007560363496e-06,0.9999999999991181,0.4011364562783174,5.0363816732388415e-09,0.0,0.0,0.0,0.0001213960496295765
2026-09-21T04:57:38.358436,5.13,0.5160056110620888,1.389000159197741e-10,0.0,-7.447942373950412e-07,0.0,0.0,-3.7239711869751194e-07,0.9999999999999306,0.40112221770241163,1.391018261088986e-08,0.0,0.0,0.0,-0.00022452979507079049
2026-09-21T04:57:38.387848,5.15,0.5240055407549925,1.0135148934765722e-10,0.0,5.201438693092087e-06,0.0,0.0,2.6007193465431116e-06,0.9999999999966181,0.40110815638299685,1.0147612077039911e-08,0.0,0.0,0.0,0.0002920657814323848
2026-09-21T04:57:38.416543,5.17,0.5320054713233623,4.732393596946086e-11,0.0,-8.446484756063911e-07,0.0,0.0,-4.2232423780318295e-07,0.9999999999999108,0.4010942701557216,4.7308072374811286e-09,0.0,0.0,0.0,-0.00029938730964433743
2026-09-21T04:57:38.443941,5.19,0.5400054027565004,-4.015231938842324e-12,0.0,-6.868375823643191e-07,0.0,0.0,-3.434187911821528e-07,0.999999999999941,0.4010805568810816,-4.0869655859986066e-10,0.0,0.0,0.0,-3.5652895852694195e-05
2026-09-21T04:57:38.477564,5.21,0.5480053350438325,3.343255351090464e-12,0.0,9.912789193933234e-07,0.0,0.0,4.956394596966415e-07,0.9999999999998772,0.4010670144441941,3.2815192846912615e-10,0.0,0.0,0.0,-0.0004530357633318395
2026-09-21T04:57:38.505275,5.22,0.5519999999500795,1.0825686875019033e-14,0.0,-2.9487523534044158e-12,0.0,0.0,-1.4743761767022079e-12,1.0,0.4000000042107071,-1.252881158538429e-08,0.0,0.0,0.0,-0.0002609832090806804
2026-09-21T04:57:38.535929,5.25,0.564005202139389,-1.3263519604323426e-10,0.0,-3.920117542577373e-06,0.0,0.0,-1.9600587712874315e-06,0.9999999999980791,0.4010404337459,-1.3293459595760763e-08,0.0,0.0,0.0,0.00018684240946538326
2026-09-21T04:57:38.567701,5.27,0.5720051369270704,3.5369690043511278e-12,0.0,4.978327163840389e-07,0.0,0.0,2.489163581920169e-07,0.999999999999969,0.40102739137581034,3.495153828680449e-10,0.0,0.0,0.0,-0.0002563298976420524
2026-09-21T04:57:38.603211,5.29,0.580005072527856,-6.809380144942587e-11,0.0,3.0202482830254955e-06,0.0,0.0,1.5101241415121737e-06,0.9999999999988598,0.4010145116256363,-6.828684417545687e-09,0.0,0.0,0.0,0.00023327713388749657
2026-09-21T04:57:38.631141,5.31,0.5880050089317702,-8.278093949588701e-11,0.0,7.342925316677906e-07,0.0,0.0,3.6714626583388705e-07,0.9999999999999326,0.4010017925002214,-8.30200045738994e-09,0.0,0.0,0.0,-1.465631078713808e-05
2026-09-21T04:57:38.667795,5.33,0.5960049461289537,-1.0220441998021677e-10,0.0,-4.977379840731545e-06,0.0,0.0,-2.488689920363203e-06,0.9999999999969033,0.40098923202766906,-1.0246265145630436e-08,0.0,0.0,0.0,-4.510159349202801e-05
2026-09-21T04:57:38.689132,5.35,0.6040048841096619,3.966607201770425e-12,0.0,1.0107966001982052e-06,0.0,0.0,5.05398300099081e-07,0.9999999999998723,0.40097682825912345,3.9398606162142887e-10,0.0,0.0,0.0,-0.0001314149313831478
2026-09-21T04:57:38.719256,5.37,0.6120048228642644,-5.0423515687536723e-11,0.0,7.573919633685477e-07,0.0,0.0,3.786959816842648e-07,0.9999999999999283,0.40096457926854423,-5.05824912543007e-09,0.0,0.0,0.0,1.4824714895941631e-06
2026-09-21T04:57:38.751469,5.39,0.6200047623832441,-6.706945619096649e-11,0.0,3.194317059307394e-06,0.0,0.0,1.597158529653018e-06,0.9999999999987246,0.400952483152482,-6.725883490664592e-09,0.0,0.0,0.0,0.00013112608766989244
2026-09-21T04:57:38.785229,5.41,0.6280047026571957,-1.0970667555461923e-10,0.0,-2.5431625392258184e-06,0.0,0.0,-1.2715812696125666e-06,0.9999999999991915,0.400940538029854,-1.0998922097476606e-08,0.0,0.0,0.0,-7.492539505463071e-05
2026-09-21T04:57:38.812599,5.43,0.6360046436768241,-6.672182014031039e-11,0.0,3.1958085791039537e-06,0.0,0.0,1.5979042895512969e-06,0.9999999999987234,0.40092874204172113,-6.688851076116823e-09,0.0,0.0,0.0,0.0001842650120274297
2026-09-21T04:57:38.841278,5.44,0.6399999999478664,2.493300329115957e-15,0.0,4.198419389922492e-12,0.0,0.0,2.099209694961246e-12,1.0,0.4000000036645228,-9.67529208989959e-09,0.0,0.0,0.0,-0.00011647392394501069
2026-09-21T04:57:38.866938,5.47,0.6520045279164796,-7.587957988501648e-11,0.0,-2.6974175155736187e-06,0.0,0.0,-1.3487087577864006e-06,0.9999999999990905,0.40090559014256244,-7.606822899054196e-09,0.0,0.0,0.0,5.637532558697725e-05
2026-09-21T04:57:38.893225,5.49,0.6600044711184608,9.121032165749705e-13,0.0,2.409943033576667e-06,0.0,0.0,1.2049715167880419e-06,0.999999999999274,0.4008942306223727,8.757464652978547e-11,0.0,0.0,0.0,9.962465486857086e-05
2026-09-21T04:57:38.925336,5.51,0.668004415030025,-3.1940278645788564e-11,0.0,3.3657634337380675e-06,0.0,0.0,1.6828817168682392e-06,0.9999999999985839,0.40088301301790824,-3.206566041990643e-09,0.0,0.0,0.0,0.0003174749986602739
2026-09-21T04:57:38.959367,5.53,0.6760043596424141,-3.559575424907766e-11,0.0,-1.116536484602193e-06,0.0,0.0,-5.582682423010675e-07,0.9999999999998441,0.4008719355776196,-3.5735156074079555e-09,0.0,0.0,0.0,-0.00020914576727537365
2026-09-21T04:57:38.986934,5.55,0.6840043049469747,-5.8227985403594e-11,0.0,-1.52560311628136e-06,0.0,0.0,-7.62801558140606e-07,0.9999999999997091,0.4008609965707765,-5.837792831931576e-09,0.0,0.0,0.0,0.00013831001325183178
2026-09-21T04:57:39.015121,5.57,0.6920042509351559,1.0279102359942454e-11,0.0,-1.7046874356552166e-06,0.0,0.0,-8.523437178275051e-07,0.9999999999996367,0.40085019428725,1.0256244817829278e-09,0.0,0.0,0.0,-0.0001610278331913986
2026-09-21T04:57:39.043259,5.59,0.7000041975985091,1.1872448004225998e-11,0.0,-1.6776930116257918e-06,0.0,0.0,-8.388465058127974e-07,0.9999999999996482,0.40083952703729664,1.1857741955345515e-09,0.0,0.0,0.0,0.00019140106604007592
2026-09-21T04:57:39.071364,5.61,0.7080041449286862,9.525169489876687e-11,0.0,-1.2496263943617691e-06,0.0,0.0,-6.248131971808439e-07,0.9999999999998048,0.40082899315134307,9.53885733862694e-09,0.0,0.0,0.0,-0.00011413744775596541
2026-09-21T04:57:39.104539,5.63,0.7160040929174394,9.591134325485744e-11,0.0,1.5129589945317436e-06,0.0,0.0,7.564794972657996e-07,0.9999999999997139,0.4008185909797722,9.605026050657726e-09,0.0,0.0,0.0,0.00012360958543988
2026-09-21T04:57:39.140279,5.65,0.7240040415566188,8.792718818934457e-11,0.0,-4.0747888094827545e-06,0.0,0.0,-2.0373944047399678e-06,0.9999999999979245,0.40080831889271035,8.803222685257315e-09,0.0,0.0,0.0,1.4964804181450233e-05
2026-09-21T04:57:39.164600,5.67,0.732003990838173,1.8457829648304757e-10,0.0,1.0731700919031086e-06,0.0,0.0,5.365850459515285e-07,0.999999999999856,0.4007981752798162,1.8489493331962667e-08,0.0,0.0,0.0,4.73639522241469e-05
2026-09-21T04:57:39.196681,5.69,0.7400039407541467,1.6759724352213477e-10,0.0,1.0826021337173586e-06,0.0,0.0,5.413010668586528e-07,0.9999999999998535,0.40078815855006994,1.678518873636009e-08,0.0,0.0,0.0,0.0003203592448118765
2026-09-21T04:57:39.223486,5.71,0.7480038912966803,2.1449887961328144e-10,0.0,-1.171908903252472e-06,0.0,0.0,-5.859544516262025e-07,0.9999999999998284,0.4007782671315654,2.1483579604475508e-08,0.0,0.0,0.0,0.000544577831495622
2026-09-21T04:57:39.252151,5.73,0.7560038424580082,3.6556915257162155e-10,0.0,-1.851915398365378e-06,0.0,0.0,-9.259576991825566e-07,0.9999999999995713,0.40076849947126414,3.661957405242313e-08,0.0,0.0,0.0,-9.673815068153948e-05
2026-09-21T04:57:39.281758,5.75,0.7640037942304589,3.799774950033742e-10,0.0,-1.2756965896976171e-06,0.0,0.0,-6.378482948487653e-07,0.9999999999997966,0.40075885403492784,3.806385607951574e-08,0.0,0.0,0.0,-0.00015810897526267602
2026-09-21T04:57:39.306841,5.77,0.7720037466064541,3.6639081054881014e-10,0.0,1.3313653637325733e-06,0.0,0.0,6.656826818662373e-07,0.9999999999997784,0.4007493293067378,3.670192544203098e-08,0.0,0.0,0.0,-0.00025181972371002195
2026-09-21T04:57:39.342946,5.8,0.78399999994461,2.9330145711187695e-15,0.0,-8.37108160567368e-13,0.0,0.0,-4.18554080283684e-13,1.0,0.4000000029186426,2.3667226614955093e-08,0.0,0.0,0.0,-0.00011163835597443078
2026-09-21T04:57:39.368445,5.8100000000000005,0.7880036531392172,2.3705337785743666e-10,0.0,1.4531111078852632e-06,0.0,0.0,7.265555539425677e-07,0.9999999999997361,0.4007306360027926,2.37423321641693e-08,0.0,0.0,0.0,-0.0003141026572190135
2026-09-21T04:57:39.401836,5.83,0.7960036072812804,1.2560315142238163e-10,0.0,-1.3568596002322406e-06,0.0,0.0,-6.784298001160683e-07,0.9999999999997699,0.4007214644860793,1.2575682788652466e-08,0.0,0.0,0.0,-8.937743521895276e-05
2026-09-21T04:57:39.428112,5.84,0.7999999999442715,-6.518583164821692e-16,0.0,-1.8758328224066645e-12,0.0,0.0,-9.379164112033322e-13,1.0,0.4000000028457297,1.3377732633078742e-08,0.0,0.0,0.0,-0.0004331213442819966
2026-09-21T04:57:39.459140,5.87,0.8120035172806724,2.2459860449699426e-10,0.0,2.9975513271551796e-07,0.0,0.0,1.498775663577584e-07,0.9999999999999888,0.4007034645037604,2.24962660163323e-08,0.0,0.0,0.0,-0.00022844128908757987
2026-09-21T04:57:39.487916,5.89,0.8200034731238247,1.602362042919806e-10,0.0,-2.4190913010535553e-06,0.0,0.0,-1.2095456505264827e-06,0.9999999999992685,0.4006946332027681,1.6045482108883148e-08,0.0,0.0,0.0,-0.0002667231342387155
2026-09-21T04:57:39.520315,5.91,0.8280034295199725,1.512375959898055e-10,0.0,-2.0057506899817668e-06,0.0,0.0,-1.0028753449907152e-06,0.9999999999994971,0.4006859125002373,1.5145273833473242e-08,0.0,0.0,0.0,-0.000255072365113584
2026-09-21T04:57:39.557380,5.93,0.8360033864622408,1.3550999800556973e-10,0.0,2.033242038290695e-06,0.0,0.0,1.0166210191451722e-06,0.9999999999994832,0.4006773010211464,1.356917723750388e-08,0.0,0.0,0.0,0.0002033358516558052
2026-09-21T04:57:39.585374,5.95,0.8440033439438378,1.3327337374685408e-10,0.0,-8.455489863834485e-08,0.0,0.0,-4.227744931917242e-08,0.9999999999999991,0.4006687974071825,1.3342199425372098e-08,0.0,0.0,0.0,0.00019610446923782067
2026-09-21T04:57:39.615172,5.97,0.852003301958055,1.7871095063693976e-10,0.0,1.6691849311634144e-06,0.0,0.0,8.345924655816103e-07,0.9999999999996517,0.40066040031656436,1.789550220951417e-08,0.0,0.0,0.0,-0.00018942165725340806
2026-09-21T04:57:39.639082,5.99,0.8600032604982647,9.222454724455366e-11,0.0,1.354677037213037e-07,0.0,0.0,6.773385186065179e-08,0.9999999999999977,0.40065210842385474,9.23002434101097e-09,0.0,0.0,0.0,-0.00019282787976819223
2026-09-21T04:57:39.671106,6.01,0.8680032195579206,4.2059374875048387e-11,0.0,1.694557706155564e-06,0.0,0.0,8.472788530776806e-07,0.9999999999996411,0.40064392041977437,4.204855675872707e-09,0.0,0.0,0.0,0.00012810076974259952
2026-09-21T04:57:39.698678,6.02,0.8719999999428041,8.803031888768355e-16,0.0,2.4797941478027496e-12,0.0,0.0,1.2398970739013748e-12,1.0,0.40000000253945045,3.1557617097098344e-09,0.0,0.0,0.0,7.000549979584472e-05
2026-09-21T04:57:39.729026,6.05,0.8840031392097842,2.5594735540924446e-11,0.0,2.975073067901235e-06,0.0,0.0,1.4875365339500688e-06,0.9999999999988937,0.4006278509200687,2.5547126541422605e-09,0.0,0.0,0.0,-0.00026322055022868026
2026-09-21T04:57:39.754577,6.07,0.8920030997892946,-1.0624743214027966e-10,0.0,6.076608669580709e-07,0.0,0.0,3.038304334790307e-07,0.9999999999999538,0.4006199668850226,-1.065501782970942e-08,0.0,0.0,0.0,0.00013697279590998637
2026-09-21T04:57:39.780268,6.09,0.9000030608628551,-8.701086255822467e-11,0.0,-1.6136901623831077e-06,0.0,0.0,-8.068450811914664e-07,0.9999999999996745,0.4006121816594157,-8.726800284866203e-09,0.0,0.0,0.0,0.0005444520186007082
2026-09-21T04:57:39.807187,6.11,0.9080030224243099,7.925386350833742e-11,0.0,-2.5489329043004716e-06,0.0,0.0,-1.2744664521498908e-06,0.9999999999991879,0.4006044940119991,7.931715306296353e-09,0.0,0.0,0.0,6.198558775872653e-05
2026-09-21T04:57:39.841348,6.13,0.9160029844675777,1.5165509841466626e-10,0.0,2.11905673053181e-06,0.0,0.0,1.0595283652657067e-06,0.9999999999994387,0.40059690272663706,1.5186526286279617e-08,0.0,0.0,0.0,-9.259316414623184e-05
2026-09-21T04:57:39.865532,6.15,0.9240029469866523,7.77439543806229e-11,0.0,-3.0356815092780218e-06,0.0,0.0,-1.5178407546384277e-06,0.999999999998848,0.40058940660208253,7.779099671772546e-09,0.0,0.0,0.0,0.00014815774117271706
2026-09-21T04:57:39.899229,6.17,0.932002909975601,1.8171784452396972e-10,0.0,9.599166794771463e-07,0.0,0.0,4.799583397385547e-07,0.9999999999998849,0.40058200445181646,1.819839903767149e-08,0.0,0.0,0.0,-2.3094521723715343e-05
2026-09-21T04:57:39.925682,6.19,0.9400028734285643,1.5066631172721253e-10,0.0,-1.6712339601099305e-07,0.0,0.0,-8.356169800549642e-08,0.9999999999999966,0.40057469510387644,1.5085319387831725e-08,0.0,0.0,0.0,0.00010670859608722809
2026-09-21T04:57:39.951814,6.21,0.9480028373397542,1.7682400845794658e-10,0.0,1.4173103779491216e-06,0.0,0.0,7.086551889745014e-07,0.9999999999997489,0.40056747740068727,1.77062851364444e-08,0.0,0.0,0.0,-4.0889227451313624e-05
2026-09-21T04:57:39.987236,6.23,0.9560028017034536,1.3096904700528598e-10,0.0,1.6062294339036495e-07,0.0,0.0,8.03114716951824e-08,0.9999999999999968,0.40056035019889247,1.3111349073986696e-08,0.0,0.0,0.0,2.9506904351969587e-05
2026-09-21T04:57:40.004582,6.25,0.9640027665140163,1.3167929875229722e-10,0.0,2.167309200995504e-06,0.0,0.0,1.08365460049754e-06,0.9999999999994128,0.40055331236918823,1.3182971087213413e-08,0.0,0.0,0.0,0.0003486222565280452
2026-09-21T04:57:40.039675,6.26,0.9679999999409763,-2.337786511289917e-15,0.0,4.711342427299314e-12,0.0,0.0,2.355671213649657e-12,1.0,0.40000000218157356,1.601419207891661e-08,0.0,0.0,0.0,0.00047463364976240395
2026-09-21T04:57:40.066929,6.29,0.9800026974534911,1.786572123397284e-11,0.0,-1.0493929765154064e-06,0.0,0.0,-5.246964882576792e-07,0.9999999999998623,0.400539500378112,1.7777251724432699e-09,0.0,0.0,0.0,9.152540488488163e-05
2026-09-21T04:57:40.089108,6.31,0.9880026635714543,6.313863698599337e-11,0.0,8.413583456601259e-07,0.0,0.0,4.2067917283005057e-07,0.9999999999999115,0.4005327240269201,6.316378596483373e-09,0.0,0.0,0.0,-3.884272546232776e-05
2026-09-21T04:57:40.123611,6.33,0.9960026301143804,3.299427834788439e-11,0.0,9.591593150837239e-07,0.0,0.0,4.795796575418436e-07,0.999999999999885,0.4005260326678575,3.2954290913628338e-09,0.0,0.0,0.0,8.713974099914733e-05
2026-09-21T04:57:40.152888,6.34,0.9999999999403961,2.303840060501338e-16,0.0,1.525446435834965e-12,0.0,0.0,7.627232179174825e-13,1.0,0.40000000207382314,3.0140974371553316e-09,0.0,0.0,0.0,-3.0312014021620308e-05
2026-09-21T04:57:40.179863,6.37,1.0120025644539588,1.648770985938469e-11,0.0,9.98907847549191e-07,0.0,0.0,4.994539237745747e-07,0.9999999999998753,0.4005129006932999,1.6424027538548212e-09,0.0,0.0,0.0,-0.0003437280842369737
2026-09-21T04:57:40.208273,6.39,1.0200025322401913,-8.810347037646564e-11,0.0,1.4817855049642505e-06,0.0,0.0,7.408927524820574e-07,0.9999999999997256,0.40050645799394125,-8.836660249523878e-09,0.0,0.0,0.0,-4.7552398799612225e-05
2026-09-21T04:57:40.235605,6.41,1.0280025004305469,-1.328494165736675e-10,0.0,1.71855378106045e-06,0.0,0.0,8.592768905301193e-07,0.9999999999996309,0.400500096118701,-1.3320115185520713e-08,0.0,0.0,0.0,-0.00017367740838070036
2026-09-21T04:57:40.263635,6.43,1.0360024690199756,-2.12011935835988e-10,0.0,-1.0806738131030615e-06,0.0,0.0,-5.403369065515044e-07,0.999999999999854,0.40049381405752776,-2.125093573218783e-08,0.0,0.0,0.0,2.2220077478429462e-05
2026-09-21T04:57:40.290439,6.45,1.0440024380034887,-1.7854161360235587e-10,0.0,2.621286272486145e-07,0.0,0.0,1.310643136243069e-07,0.9999999999999915,0.40048761081284734,-1.7896012384597928e-08,0.0,0.0,0.0,-0.0004725486948717314
2026-09-21T04:57:40.315753,6.47,1.0520024073761607,-2.9301039203311734e-10,0.0,4.44517180397952e-07,0.0,0.0,2.2225859019897415e-07,0.9999999999999754,0.40048148539941447,-2.9364131617101982e-08,0.0,0.0,0.0,0.00014860180740163648
2026-09-21T04:57:40.343288,6.49,1.0600023771331255,-2.642005549709645e-10,0.0,9.238518972054521e-07,0.0,0.0,4.6192594860270966e-07,0.9999999999998933,0.4004754368441654,-2.647818328538436e-08,0.0,0.0,0.0,1.2781162510971543e-05
2026-09-21T04:57:40.365432,6.51,1.0680023472695785,-2.7890962000695585e-10,0.0,-3.1347235163181613e-07,0.0,0.0,-1.567361758159074e-07,0.9999999999999877,0.40046946418607254,-2.7951493477777568e-08,0.0,0.0,0.0,-3.973972564096584e-05
2026-09-21T04:57:40.392569,6.53,1.076002317780774,-2.7677451826689753e-10,0.0,-1.6721775160100094e-06,0.0,0.0,-8.360887580049073e-07,0.9999999999996505,0.4004635664760001,-2.7736399033904892e-08,0.0,0.0,0.0,1.4827634494828557e-05
2026-09-21T04:57:40.420721,6.55,1.0840022886620246,-2.3007206607810739e-10,0.0,1.1086637727864004e-06,0.0,0.0,5.543318863931717e-07,0.9999999999998463,0.40045774277656204,-2.305628069217192e-08,0.0,0.0,0.0,-0.00029552301226789743
2026-09-21T04:57:40.448144,6.5600000000000005,1.0879999999388719,7.495207800243835e-15,0.0,-1.538769112130467e-12,0.0,0.0,-7.693845560652335e-13,1.0,0.4000000018041029,-3.2125314627850115e-08,0.0,0.0,0.0,-0.00020132892941291346
2026-09-21T04:57:40.477985,6.59,1.1000022315162346,-2.541125695201802e-10,0.0,-6.588341836533118e-07,0.0,0.0,-3.294170918266499e-07,0.9999999999999457,0.4004463137179471,-2.5463856542819555e-08,0.0,0.0,0.0,0.00016025208614836855
2026-09-21T04:57:40.499971,6.61,1.1080022034801067,-1.9728957497879907e-10,0.0,-1.8978616065368215e-06,0.0,0.0,-9.489308032682683e-07,0.9999999999995498,0.40044070654148417,-1.977132429391293e-08,0.0,0.0,0.0,0.0003556982475227552
2026-09-21T04:57:40.533262,6.63,1.1160021757958598,-6.652712889769791e-11,0.0,-2.9878204665934055e-07,0.0,0.0,-1.493910233296697e-07,0.9999999999999888,0.4004351697408091,-6.6697886029896855e-09,0.0,0.0,0.0,-3.266951709216639e-05
2026-09-21T04:57:40.561045,6.64,1.1199999999383399,-7.560725140429945e-17,0.0,-5.213607323639735e-13,0.0,0.0,-2.6068036618198676e-13,1.0,0.4000000017149562,-6.616936184839688e-09,0.0,0.0,0.0,-7.521743732946117e-05
2026-09-21T04:57:40.588120,6.67,1.1320021214654494,5.124314036228477e-12,0.0,7.415761973383895e-07,0.0,0.0,3.7078809866918624e-07,0.9999999999999313,0.4004243037548693,5.086437516204889e-10,0.0,0.0,0.0,0.0002478324711097662
2026-09-21T04:57:40.614877,6.69,1.140002094810642,4.5654687536085916e-11,0.0,-9.044222570864236e-07,0.0,0.0,-4.5221112854319637e-07,0.9999999999998977,0.40041897284079314,4.568499319651649e-09,0.0,0.0,0.0,-5.956444112210309e-05
2026-09-21T04:57:40.643498,6.71,1.1480020684904264,5.189199577476443e-11,0.0,-2.6248331819189734e-06,0.0,0.0,-1.3124165909591098e-06,0.9999999999991388,0.40041370884464444,5.194663739148387e-09,0.0,0.0,0.0,-3.1977106090324767e-06
2026-09-21T04:57:40.669833,6.72,1.151999999937819,-4.9620305583518485e-15,0.0,-2.213784711102562e-12,0.0,0.0,-1.106892355551281e-12,1.0,0.40000000163019006,1.1137337040517969e-08,0.0,0.0,0.0,-4.05303904261866e-05
2026-09-21T04:57:40.694842,6.75,1.1640020168370653,1.590455091989699e-10,0.0,2.0628651387077923e-06,0.0,0.0,1.0314325693537132e-06,0.9999999999994681,0.40040337826532113,1.5929419307306357e-08,0.0,0.0,0.0,-0.00020939370022393146
2026-09-21T04:57:40.722579,6.77,1.1720019914956976,5.890701359527897e-11,0.0,-1.7018841433902308e-06,0.0,0.0,-8.509420716950128e-07,0.999999999999638,0.4003983100376341,5.895751636141993e-09,0.0,0.0,0.0,-5.87966752920886e-05
2026-09-21T04:57:40.748365,6.79,1.180001966472475,8.376691759353718e-11,0.0,-5.597569932014324e-07,0.0,0.0,-2.798784966007125e-07,0.9999999999999608,0.4003933054385985,8.388180677531894e-09,0.0,0.0,0.0,0.0001967921627994611
2026-09-21T04:57:40.779000,6.8100000000000005,1.188001941763413,1.4150347342969757e-10,0.0,-1.293619362741083e-06,0.0,0.0,-6.468096813704964e-07,0.9999999999997908,0.4003883636712874,1.4171656494131801e-08,0.0,0.0,0.0,-0.00046450684853434907
2026-09-21T04:57:40.803929,6.82,1.1919999999371822,6.834731752925527e-15,0.0,-4.948041976149398e-12,0.0,0.0,-2.474020988074699e-12,1.0,0.40000000153008197,6.0248690296021205e-09,0.0,0.0,0.0,3.8552252631673305e-05
2026-09-21T04:57:40.833944,6.85,1.2040018932720786,5.634062157646521e-11,0.0,2.7744236663629356e-06,0.0,0.0,1.3872118331810227e-06,0.9999999999990378,0.4003786654935633,5.638883293247749e-09,0.0,0.0,0.0,3.124154274914835e-05
2026-09-21T04:57:40.864314,6.87,1.2120018694820827,-2.372731266690123e-12,0.0,-6.614465410947901e-07,0.0,0.0,-3.30723270547389e-07,0.9999999999999453,0.4003739075383687,-2.4480791803857955e-10,0.0,0.0,0.0,-0.00025469882024261036
2026-09-21T04:57:40.886492,6.88,1.2159999999368076,3.68503435671068e-15,0.0,-2.673861132507227e-12,0.0,0.0,-1.3369305662536135e-12,1.0,0.4000000014729834,-4.673368860955646e-09,0.0,0.0,0.0,-0.00034420513096022545
2026-09-21T04:57:40.917296,6.91,1.2280018227944822,1.0712347050890452e-10,0.0,-2.085511864091672e-06,0.0,0.0,-1.0427559320456468e-06,0.9999999999994563,0.40036457010518556,1.0728494076133065e-08,0.0,0.0,0.0,-7.089133488074923e-05
2026-09-21T04:57:40.942607,6.93,1.2360017998894384,1.3738366708890493e-10,0.0,1.2338839017189684e-07,0.0,0.0,6.169419508594838e-08,0.9999999999999981,0.400359989139386,1.375987553360726e-08,0.0,0.0,0.0,-3.87870154374515e-05
2026-09-21T04:57:40.965102,6.94,1.2399999999364384,1.2674398437293596e-15,0.0,-2.2026824808563106e-13,0.0,0.0,-1.1013412404281553e-13,1.0,0.40000000141800884,1.2281020665440339e-08,0.0,0.0,0.0,-0.00014976719651003058
2026-09-21T04:57:40.995713,6.97,1.2520017549386127,2.084344682263085e-10,0.0,2.777862732283864e-06,0.0,0.0,1.3889313661414856e-06,0.9999999999990354,0.4003509990590704,2.0877317885589044e-08,0.0,0.0,0.0,-0.00030155951347270177
2026-09-21T04:57:41.019893,6.99,1.2600017328856659,6.91019810508491e-11,0.0,4.2726279625426855e-06,0.0,0.0,2.1363139812697177e-06,0.999999999997718,0.40034658851165195,6.9160446708580696e-09,0.0,0.0,0.0,0.00030933727372061163
2026-09-21T04:57:41.047970,7.01,1.2680017111096613,4.032786174145472e-11,0.0,-2.2555194933993046e-06,0.0,0.0,-1.1277597466994134e-06,0.9999999999993641,0.4003422333523205,4.03155820747485e-09,0.0,0.0,0.0,-6.97200890148761e-05
2026-09-21T04:57:41.079594,7.03,1.2760016896071273,7.584348726933073e-11,0.0,-1.3238540841342683e-06,0.0,0.0,-6.619270420670858e-07,0.999999999999781,0.40033793288675484,7.593779970540265e-09,0.0,0.0,0.0,0.00015546068575135395
2026-09-21T04:57:41.105199,7.05,1.2840016683746351,1.4188609957374694e-10,0.0,5.970342806804751e-07,0.0,0.0,2.9851714034023313e-07,0.9999999999999555,0.4003336864292907,1.4209595817202963e-08,0.0,0.0,0.0,0.00012429774929307704
2026-09-21T04:57:41.133300,7.06,1.287999999935715,-9.882177163903142e-16,0.0,1.5329959524024162e-12,0.0,0.0,7.664979762012081e-13,1.0,0.4000000013141191,1.5434021677836244e-08,0.0,0.0,0.0,-0.00011286035035748657
2026-09-21T04:57:41.163679,7.09,1.3000016267062775,1.546886496310342e-10,0.0,-2.7937212854212135e-07,0.0,0.0,-1.3968606427106022e-07,0.9999999999999902,0.4003253528386609,1.5492169083311115e-08,0.0,0.0,0.0,-7.33863229946659e-06
2026-09-21T04:57:41.192633,7.11,1.3080016062637665,1.567834050933538e-10,0.0,-5.52108242235505e-07,0.0,0.0,-2.76054121117749e-07,0.9999999999999619,0.40032126437650356,1.5701290153810072e-08,0.0,0.0,0.0,0.0003453310114716127
2026-09-21T04:57:41.218941,7.13,1.3160015860780072,2.480144757590976e-10,0.0,2.5168893249549735e-06,0.0,0.0,1.2584446624771547e-06,0.9999999999992082,0.4003172272642581,2.4841050724071305e-08,0.0,0.0,0.0,0.0003899243085585453
2026-09-21T04:57:41.246515,7.15,1.3240015661457791,2.763659255064407e-10,0.0,-1.873485906855876e-06,0.0,0.0,-9.367429534278011e-07,0.9999999999995612,0.4003132408579781,2.7679526323056028e-08,0.0,0.0,0.0,1.7475577374952703e-05
2026-09-21T04:57:41.270487,7.17,1.3320015464639026,3.196040070022083e-10,0.0,-3.924043989300686e-06,0.0,0.0,-1.962021994649084e-06,0.9999999999980752,0.4003093045217553,3.201396869553678e-08,0.0,0.0,0.0,-0.0003599435697724881
2026-09-21T04:57:41.304788,7.2,1.343999999934895,3.2780960154708577e-15,0.0,-8.246736626915663e-13,0.0,0.0,-4.1233683134578314e-13,1.0,0.40000000120246393,2.8392321602875674e-08,0.0,0.0,0.0,-0.0001172497185404545
2026-09-21T04:57:41.325530,7.21,1.3480015078386847,2.8439077872759904e-10,0.0,2.0825251505485194e-06,0.0,0.0,1.0412625752740717e-06,0.9999999999994579,0.40030157955544793,2.8484313826690253e-08,0.0,0.0,0.0,-3.880341987682202e-05
2026-09-21T04:57:41.363057,7.23,1.3560014888891805,2.2166033707207147e-10,0.0,3.9512331233559905e-06,0.0,0.0,1.9756165616767103e-06,0.9999999999980484,0.4002977896928538,2.2198015839439733e-08,0.0,0.0,0.0,3.64282692847183e-05
2026-09-21T04:57:41.388757,7.26,1.3679999999345511,2.4860536929798917e-15,0.0,-7.424727499483197e-12,0.0,0.0,-3.7123637497415984e-12,1.0,0.4000000011575544,1.0435467253252729e-08,0.0,0.0,0.0,-0.0005021136607334024
2026-09-21T04:57:41.412741,7.27,1.3720014517012642,1.0446509440352234e-10,0.0,1.596959781302587e-06,0.0,0.0,7.984798906512087e-07,0.9999999999996813,0.4002903521850255,1.0459896301020442e-08,0.0,0.0,0.0,-0.00041540232113500774
2026-09-21T04:57:41.441836,7.29,1.3800014334569164,-3.2438885176517586e-11,0.0,2.5898301361237945e-06,0.0,0.0,1.2949150680615352e-06,0.9999999999991616,0.4002867033528974,-3.25936806870042e-09,0.0,0.0,0.0,0.00022039374973364153
2026-09-21T04:57:41.465832,7.31,1.3880014154417486,-4.119929504950147e-11,0.0,1.761521171150804e-06,0.0,0.0,8.80760585575288e-07,0.9999999999996121,0.40028310035637504,-4.1383205886964405e-09,0.0,0.0,0.0,-0.00022352539520979208
2026-09-21T04:57:41.492944,7.32,1.3919999999342112,7.726656626071708e-15,0.0,-3.9390712913700554e-13,0.0,0.0,-1.9695356456850277e-13,1.0,0.40000000111431605,-1.3430049301208578e-08,0.0,0.0,0.0,0.00024100221870246546
2026-09-21T04:57:41.520604,7.35,1.4040013800874853,-1.2686167201959167e-10,0.0,-3.562283366065344e-07,0.0,0.0,-1.7811416830326625e-07,0.9999999999999841,0.40027602957706504,-1.272024512600168e-08,0.0,0.0,0.0,-1.5525350361320537e-05
2026-09-21T04:57:41.552419,7.37,1.4120013627427468,-1.2048955027130875e-10,0.0,8.342864932231465e-07,0.0,0.0,4.171432466115611e-07,0.999999999999913,0.4002725606656191,-1.2079736541145234e-08,0.0,0.0,0.0,-4.795836296922468e-05
2026-09-21T04:57:41.586348,7.4,1.4239999999337642,1.3914007536024715e-15,0.0,8.393286066166183e-13,0.0,0.0,4.1966430330830917e-13,1.0,0.4000000010591576,-1.674622182475738e-08,0.0,0.0,0.0,7.184029511329714e-06
2026-09-21T04:57:41.617231,7.41,1.428001328704211,-1.678515630252618e-10,0.0,1.0566322794502982e-07,0.0,0.0,5.2831613972514875e-08,0.9999999999999986,0.4002657530302217,-1.6825056586399124e-08,0.0,0.0,0.0,-0.0003110274914952015
2026-09-21T04:57:41.647439,7.43,1.4360013120049797,-2.4097225289296694e-10,0.0,1.3801411138381072e-06,0.0,0.0,6.900705569189988e-07,0.9999999999997619,0.4002624132194257,-2.4149708948819302e-08,0.0,0.0,0.0,8.515681634678316e-05
2026-09-21T04:57:41.673194,7.45,1.4440012955155392,-2.4975449067977257e-10,0.0,1.5305114344776884e-06,0.0,0.0,7.652557172387695e-07,0.9999999999997072,0.40025911536664927,-2.5030395498259783e-08,0.0,0.0,0.0,0.0001489020824296681
2026-09-21T04:57:41.698204,7.47,1.452001279233258,-2.46967000156547e-10,0.0,-1.7755946304376384e-06,0.0,0.0,-8.877973152187024e-07,0.9999999999996059,0.40025585894531585,-2.475088002712848e-08,0.0,0.0,0.0,0.00013231883059160786
2026-09-21T04:57:41.731153,7.49,1.4600012631555348,-1.7063538264660453e-10,0.0,2.0570807723885315e-07,0.0,0.0,1.0285403861942636e-07,0.9999999999999947,0.40025264343543693,-1.7101176640382172e-08,0.0,0.0,0.0,-0.00011106799840156403
2026-09-21T04:57:41.760286,7.51,1.4680012472798027,-1.9903811141287525e-10,0.0,2.1280092732389737e-06,0.0,0.0,1.0640046366192859e-06,0.9999999999994339,0.4002494683235309,-1.994723444773796e-08,0.0,0.0,0.0,-9.08770914113608e-05
2026-09-21T04:57:41.785184,7.53,1.4760012316035265,-2.672818435019939e-10,0.0,2.4109036855790578e-06,0.0,0.0,1.2054518427892369e-06,0.9999999999992735,0.4002463331025424,-2.678516603487287e-08,0.0,0.0,0.0,-6.966363095039092e-05
2026-09-21T04:57:41.814026,7.55,1.4840012161242024,-3.3609249689002304e-10,0.0,3.2049691922608764e-07,0.0,0.0,1.602484596130431e-07,0.9999999999999871,0.40024323727176186,-3.36789274344826e-08,0.0,0.0,0.0,2.354072746846141e-05
2026-09-21T04:57:41.839274,7.57,1.4920012008393584,-3.329272231626383e-10,0.0,4.4043271341109863e-07,0.0,0.0,2.2021635670554751e-07,0.9999999999999758,0.4002401803367478,-3.336029607862784e-08,0.0,0.0,0.0,-2.5211088536475555e-05
2026-09-21T04:57:41.866327,7.59,1.5000011857465532,-3.4404341984344027e-10,0.0,-7.512917341578886e-07,0.0,0.0,-3.7564586707893537e-07,0.9999999999999294,0.4002371618092482,-3.447349718609788e-08,0.0,0.0,0.0,0.0001894508327597375
2026-09-21T04:57:41.893128,7.61,1.5080011708433758,-2.766314345990395e-10,0.0,1.279245757324077e-06,0.0,0.0,6.396228786619948e-07,0.9999999999997954,0.40023418120712395,-2.771875299103611e-08,0.0,0.0,0.0,-4.5740172217686596e-05
2026-09-21T04:57:41.925917,7.62,1.5119999999325693,2.8481176693985246e-15,0.0,6.852296507986466e-13,0.0,0.0,3.426148253993233e-13,1.0,0.4000000009210975,-3.124439909795143e-08,0.0,0.0,0.0,0.000305144617378078
2026-09-21T04:57:41.945620,7.65,1.5240011415964128,-3.34641148271765e-10,0.0,2.7468618593040617e-06,0.0,0.0,1.373430929651599e-06,0.9999999999990569,0.40022833188055496,-3.3531778456837295e-08,0.0,0.0,0.0,-0.00018709803533611833
2026-09-21T04:57:41.976926,7.67,1.5320011272479555,-4.377070784560794e-10,0.0,3.609237883228645e-06,0.0,0.0,1.8046189416133425e-06,0.9999999999983716,0.40022546222171773,-4.385658768106258e-08,0.0,0.0,0.0,-0.000272687950511927
2026-09-21T04:57:42.002829,7.69,1.540001113079781,-5.794070306363964e-10,0.0,3.3084778139347293e-06,0.0,0.0,1.6542389069666101e-06,0.9999999999986318,0.4002226286193234,-5.805293643123576e-08,0.0,0.0,0.0,-0.00020453608642119383
2026-09-21T04:57:42.032081,7.71,1.5480010990896267,-6.957923071197971e-10,0.0,-4.222023406441623e-07,0.0,0.0,-2.1110117032207953e-07,0.9999999999999777,0.4002198306206767,-6.971244521868592e-08,0.0,0.0,0.0,-0.0003371478289675592
2026-09-21T04:57:42.059243,7.73,1.556001085275257,-7.539738786274044e-10,0.0,2.2137975608238496e-06,0.0,0.0,1.1068987804116986e-06,0.9999999999993874,0.4002170677787529,-7.553837948129027e-08,0.0,0.0,0.0,-0.0001920111007628487
2026-09-21T04:57:42.084705,7.75,1.5640010716344646,-8.388803590855946e-10,0.0,3.193398034895267e-08,0.0,0.0,1.5966990174476337e-08,0.9999999999999999,0.4002143396521279,-8.404552810192957e-08,0.0,0.0,0.0,6.12299660305256e-05
2026-09-21T04:57:42.118383,7.77,1.5720010581650703,-8.11808934134559e-10,0.0,1.0761152742233548e-06,0.0,0.0,5.380576371116515e-07,0.9999999999998552,0.4002116458049082,-8.133128689103004e-08,0.0,0.0,0.0,0.00010915668962274333
2026-09-21T04:57:42.150227,7.79,1.5800010448649222,-7.983199501990621e-10,0.0,4.520205199032291e-06,0.0,0.0,2.260102599514221e-06,0.9999999999974459,0.40020898580666175,-7.997934111295449e-08,0.0,0.0,0.0,0.00022883944414492784
2026-09-21T04:57:42.174603,7.8100000000000005,1.5880010317318953,-8.376480596230344e-10,0.0,1.4171521560690792e-06,0.0,0.0,7.085760780344803e-07,0.999999999999749,0.40020635923237574,-8.392044235833663e-08,0.0,0.0,0.0,-2.2460707477430994e-05
2026-09-21T04:57:42.208629,7.83,1.5960010187638902,-8.626267799057664e-10,0.0,-5.950654093478391e-06,0.0,0.0,-2.975327046734806e-06,0.9999999999955738,0.4002037656622886,-8.641986507280307e-08,0.0,0.0,0.0,-0.00026531067214977555
2026-09-21T04:57:42.229830,7.85,1.604001005958835,-7.714363518326577e-10,0.0,-1.0572851207868439e-06,0.0,0.0,-5.286425603933973e-07,0.9999999999998602,0.40020120468197395,-7.727823344748585e-08,0.0,0.0,0.0,0.00035374680415601754
2026-09-21T04:57:42.260118,7.87,1.6120009933146833,-6.509728528286508e-10,0.0,-1.2522502514933367e-06,0.0,0.0,-6.261251257466274e-07,0.9999999999998039,0.40019867588217534,-6.521163030802071e-08,0.0,0.0,0.0,-0.0004044997418581502
2026-09-21T04:57:42.288243,7.89,1.6200009808294147,-7.058908993940196e-10,0.0,-5.139298794532011e-06,0.0,0.0,-2.5696493972631772e-06,0.9999999999966984,0.400196178858766,-7.071178337879804e-08,0.0,0.0,0.0,-0.0001462050301873673
2026-09-21T04:57:42.311999,7.91,1.6280009685010335,-6.081033166940199e-10,0.0,3.466206184299381e-07,0.0,0.0,1.7331030921496816e-07,0.999999999999985,0.4001937132126853,-6.091196981289535e-08,0.0,0.0,0.0,-8.473268344930582e-05
2026-09-21T04:57:42.341465,7.93,1.6360009563275695,-6.260043250507769e-10,0.0,-3.5855303526233237e-06,0.0,0.0,-1.7927651763107011e-06,0.999999999998393,0.4001912785498754,-6.270766186621656e-08,0.0,0.0,0.0,1.829684264689676e-05
2026-09-21T04:57:42.374472,7.95,1.644000944307077,-5.272436194047435e-10,0.0,-1.5781450235508032e-06,0.0,0.0,-7.890725117753198e-07,0.9999999999996887,0.4001888744812188,-5.281024754713894e-08,0.0,0.0,0.0,-5.5782630178134816e-06
2026-09-21T04:57:42.394998,7.96,1.6479999999308124,-4.005923769774229e-15,0.0,-1.361577517400292e-12,0.0,0.0,-6.80788758700146e-13,1.0,0.4000000007421724,-4.818667101328565e-08,0.0,0.0,0.0,-3.5128704211095876e-05
2026-09-21T04:57:42.423637,7.99,1.6600009207173472,-4.311360526975983e-10,0.0,-3.8458410855923836e-07,0.0,0.0,-1.9229205427961796e-07,0.9999999999999815,0.4001841565942289,-4.318206573124756e-08,0.0,0.0,0.0,0.00030353893512690224
2026-09-21T04:57:42.445920,8.01,1.6680009091443389,-3.434805190653364e-10,0.0,-3.106134200514532e-06,0.0,0.0,-1.5530671002566418e-06,0.999999999998794,0.40018184202181195,-3.439969980402814e-08,0.0,0.0,0.0,-0.0002274416349710138
2026-09-21T04:57:42.472694,8.03,1.6760008977167606,-3.180437929208542e-10,0.0,1.4870165165881137e-06,0.0,0.0,7.435082582939881e-07,0.9999999999997236,0.40017955653526144,-3.184869255963926e-08,0.0,0.0,0.0,0.0001583460318821673
2026-09-21T04:57:42.506008,8.05,1.684000886432786,-3.1009897050127337e-10,0.0,-1.972883727496822e-06,0.0,0.0,-9.864418637482508e-07,0.9999999999995135,0.4001772997692527,-3.105533688012465e-08,0.0,0.0,0.0,-7.393786124881762e-05
2026-09-21T04:57:42.533820,8.07,1.6920008752906113,-2.757042473982357e-10,0.0,7.959986909611417e-07,0.0,0.0,3.9799934548056033e-07,0.9999999999999208,0.4001750713630429,-2.760690231149245e-08,0.0,0.0,0.0,9.388808518709656e-05
2026-09-21T04:57:42.567248,8.08,1.695999999930215,-8.216098742539943e-16,0.0,1.4455103780619538e-12,0.0,0.0,7.227551890309769e-13,1.0,0.4000000006876536,-2.6698120310306633e-08,0.0,0.0,0.0,0.00014107649140946942
2026-09-21T04:57:42.596129,8.11,1.7080008534245594,-2.6353087973622064e-10,0.0,5.194071881930995e-06,0.0,0.0,2.597035940962578e-06,0.9999999999966277,0.4001706982096152,-2.63888115496181e-08,0.0,0.0,0.0,0.00010281779225117249
2026-09-21T04:57:42.621348,8.13,1.7160008426971867,-3.563734164327742e-10,0.0,1.24910145649082e-06,0.0,0.0,6.245507282453694e-07,0.9999999999998049,0.4001685527633093,-3.569223968030842e-08,0.0,0.0,0.0,-0.0002815001460967181
2026-09-21T04:57:42.651716,8.15,1.7240008321046223,-4.4547127819266984e-10,0.0,2.9101009002552303e-06,0.0,0.0,1.4550504501271016e-06,0.9999999999989414,0.40016643427851556,-4.4615768662789265e-08,0.0,0.0,0.0,-6.078964065219769e-05
2026-09-21T04:57:42.687842,8.17,1.732000821645173,-5.202350500196348e-10,0.0,1.98876634138756e-06,0.0,0.0,9.943831706936161e-07,0.9999999999995056,0.40016434241655596,-5.210687281238765e-08,0.0,0.0,0.0,-0.00027037653932635133
2026-09-21T04:57:42.710590,8.19,1.7400008113171663,-6.214037648997106e-10,0.0,1.1831767854353359e-06,0.0,0.0,5.915883927176334e-07,0.999999999999825,0.40016227684300165,-6.224138056650572e-08,0.0,0.0,0.0,0.00011348969002255465
2026-09-21T04:57:42.739585,8.2,1.7439999999296276,-1.1246647577768126e-15,0.0,1.9317880628477724e-12,0.0,0.0,9.658940314238862e-13,1.0,0.40000000063711866,-6.109435863373746e-08,0.0,0.0,0.0,7.350596650890715e-05
2026-09-21T04:57:42.769551,8.23,1.7560007910488977,-5.880021654091869e-10,0.0,-1.274521599814449e-06,0.0,0.0,-6.372607999071813e-07,0.9999999999997969,0.40015822324432004,-5.88933112390247e-08,0.0,0.0,0.0,-0.0001198917384272103
2026-09-21T04:57:42.792409,8.25,1.764000781105395,-5.761596254286587e-10,0.0,-6.510250782909565e-07,0.0,0.0,-3.255125391454725e-07,0.999999999999947,0.400156234571105,-5.770472397564723e-08,0.0,0.0,0.0,0.0002937237155278663
2026-09-21T04:57:42.818592,8.26,1.7679999999293377,-8.140229766785354e-15,0.0,1.9046986210469186e-12,0.0,0.0,9.523493105234593e-13,1.0,0.40000000061325325,-4.8125681679056644e-08,0.0,0.0,0.0,8.743700639144922e-05
2026-09-21T04:57:42.847810,8.28,1.7759999999292415,6.8889115375429774e-15,0.0,-1.8842705173938157e-12,0.0,0.0,-9.421352586969078e-13,1.0,0.40000000060549723,-5.6672459418724765e-08,0.0,0.0,0.0,-0.00011656031367592734
2026-09-21T04:57:42.874293,8.31,1.788000752018396,-5.436297262758368e-10,0.0,1.093357883341639e-06,0.0,0.0,5.466789416707923e-07,0.9999999999998506,0.4001504172522908,-5.444389247692898e-08,0.0,0.0,0.0,-0.00011328857826564301
2026-09-21T04:57:42.902998,8.33,1.7960007425653985,-5.863508415408405e-10,0.0,-1.6659056978340914e-07,0.0,0.0,-8.329528489170448e-08,0.9999999999999966,0.4001485266794882,-5.8724553934181525e-08,0.0,0.0,0.0,-0.0001471626665579855
2026-09-21T04:57:42.930066,8.35,1.8040007332312,-6.067762962256488e-10,0.0,1.5579267844678672e-06,0.0,0.0,7.789633922338546e-07,0.9999999999996966,0.40014665986638526,-6.076955094973303e-08,0.0,0.0,0.0,0.00016470295398041818
2026-09-21T04:57:42.960597,8.37,1.8120007240143088,-5.940657005816529e-10,0.0,8.953172305758985e-07,0.0,0.0,4.476586152879342e-07,0.9999999999998997,0.4001448165144813,-5.949674352250167e-08,0.0,0.0,0.0,0.00012842062754426118
2026-09-21T04:57:42.989139,8.39,1.82000071491325,-5.745263439377081e-10,0.0,4.936296855717615e-07,0.0,0.0,2.4681484278587824e-07,0.9999999999999696,0.4001429963290217,-5.7538058588874657e-08,0.0,0.0,0.0,-0.00017562676058604447
2026-09-21T04:57:43.021030,8.41,1.828000705926569,-6.172372495817521e-10,0.0,-8.354867619964067e-07,0.0,0.0,-4.1774338099819123e-07,0.9999999999999127,0.4001411990189519,-6.181592177818414e-08,0.0,0.0,0.0,9.220886820973362e-05
2026-09-21T04:57:43.048111,8.43,1.8360006970528284,-5.651887976554197e-10,0.0,-1.4828373973152513e-06,0.0,0.0,-7.414186986575575e-07,0.9999999999997251,0.4001394242968703,-5.660024025008425e-08,0.0,0.0,0.0,0.0004438115805784383
2026-09-21T04:57:43.075927,8.45,1.8440006882906093,-4.1620115723226563e-10,0.0,1.2192221543472217e-06,0.0,0.0,6.096110771735729e-07,0.9999999999998141,0.4001376718789831,-4.167296375926016e-08,0.0,0.0,0.0,6.237939498424864e-05
2026-09-21T04:57:43.102961,8.47,1.8520006796385111,-4.224885611905533e-10,0.0,5.671626315262301e-07,0.0,0.0,2.8358131576311126e-07,0.9999999999999598,0.40013594148505877,-4.230342095009896e-08,0.0,0.0,0.0,0.00012561288257373465
2026-09-21T04:57:43.129071,8.49,1.8600006710951495,-3.985390647666274e-10,0.0,-8.656871091083929e-07,0.0,0.0,-4.3284355455418293e-07,0.9999999999999063,0.4001342328383838,-3.990329698819254e-08,0.0,0.0,0.0,9.664525710740722e-07
2026-09-21T04:57:43.156101,8.51,1.8680006626591588,-3.7062625679779507e-10,0.0,-3.3029908172999005e-06,0.0,0.0,-1.6514954086491994e-06,0.9999999999986363,0.40013254566571826,-3.7105465660490113e-08,0.0,0.0,0.0,-0.00035428381249310307
2026-09-21T04:57:43.188634,8.53,1.8760006543291898,-3.693573520278612e-10,0.0,1.2855677646861352e-06,0.0,0.0,6.427838823430233e-07,0.9999999999997934,0.40013087969725275,-3.697623330193702e-08,0.0,0.0,0.0,0.00017410992358672761
2026-09-21T04:57:43.229921,8.55,1.88400064610391,-3.5163295984348415e-10,0.0,1.987057570040918e-06,0.0,0.0,9.935287850202953e-07,0.9999999999995064,0.40012923466656475,-3.520329566324585e-08,0.0,0.0,0.0,-0.00031581634152617747
2026-09-21T04:57:43.262280,8.57,1.8920006379820047,-4.65698795774382e-10,0.0,-1.657306096802813e-06,0.0,0.0,-8.286530484013117e-07,0.9999999999996567,0.4001276103105771,-4.663075762289717e-08,0.0,0.0,0.0,9.338529670442549e-05
2026-09-21T04:57:43.293120,8.59,1.9000006299621746,-3.9638843835802037e-10,0.0,-1.1124766419179368e-06,0.0,0.0,-5.562383209589396e-07,0.9999999999998453,0.40012600636951534,-3.968483095504131e-08,0.0,0.0,0.0,0.00023566126070619938
2026-09-21T04:57:43.323915,8.61,1.9080006220431367,-3.0751974498713594e-10,0.0,8.92331031732141e-07,0.0,0.0,4.4616551586605563e-07,0.9999999999999004,0.4001244225868667,-3.0781376413348045e-08,0.0,0.0,0.0,0.000223274893733163
2026-09-21T04:57:43.352092,8.62,1.911999999927641,-3.2221885896327315e-15,0.0,2.603695037350917e-12,0.0,0.0,1.3018475186754586e-12,1.0,0.40000000048760437,-2.6977986248076635e-08,0.0,0.0,0.0,-0.00010397578583168203
2026-09-21T04:57:43.384867,8.65,1.9240006065023898,-1.847662778972323e-10,0.0,-5.516568317709416e-07,0.0,0.0,-2.758284158854672e-07,0.9999999999999619,0.40012131448682126,-1.84825897728308e-08,0.0,0.0,0.0,1.626820120621365e-05
2026-09-21T04:57:43.422366,8.66,1.9279999999274564,-1.7566675080551662e-15,0.0,-3.2462921240039577e-13,0.0,0.0,-1.6231460620019789e-13,1.0,0.4000000004753282,-1.6390710664535928e-08,0.0,0.0,0.0,-0.00031059101543265866
2026-09-21T04:57:43.450078,8.69,1.9400005913498213,-1.6259138575622847e-10,0.0,2.124805802417029e-06,0.0,0.0,1.0624029012083146e-06,0.9999999999994357,0.400118284022031,-1.6259018184984266e-08,0.0,0.0,0.0,5.961835360412211e-05
2026-09-21T04:57:43.478808,8.71,1.9480005839160652,-1.9466622644479065e-10,0.0,1.311847169116476e-06,0.0,0.0,6.559235845581908e-07,0.9999999999997848,0.40011679729508126,-1.947582241398774e-08,0.0,0.0,0.0,7.319605102474593e-05
2026-09-21T04:57:43.505195,8.73,1.9560005765757373,-2.0401001890070994e-10,0.0,5.601317809578178e-07,0.0,0.0,2.800658904789052e-07,0.9999999999999608,0.4001153292537091,-2.0411482259172595e-08,0.0,0.0,0.0,0.0003184766589678575
2026-09-21T04:57:43.541019,8.74,1.9599999999270903,-5.5293275790689034e-15,0.0,3.12017078840654e-12,0.0,0.0,1.56008539420327e-12,1.0,0.4000000004516881,-1.3801443586906444e-08,0.0,0.0,0.0,0.0001485192464318946
2026-09-21T04:57:43.566922,8.77,1.972000562170686,-1.696066769146696e-10,0.0,1.245948640704597e-06,0.0,0.0,6.229743203522583e-07,0.9999999999998059,0.4001124482914557,-1.6964619281054576e-08,0.0,0.0,0.0,8.86144609360891e-05
2026-09-21T04:57:43.593123,8.78,1.9759999999269082,3.6977971169597834e-16,0.0,1.7763568394002505e-12,0.0,0.0,8.881784197001252e-13,1.0,0.4000000004403091,-1.7415518519043417e-08,0.0,0.0,0.0,-0.00016039998383565008
2026-09-21T04:57:43.618575,8.81,1.9880005481254512,-1.7233590348159452e-10,0.0,-3.3259865506174435e-06,0.0,0.0,-1.6629932753079552e-06,0.9999999999986172,0.4001096392920529,-1.7236125280719457e-08,0.0,0.0,0.0,1.3960008610033729e-05
2026-09-21T04:57:43.644891,8.83,1.996000541234948,-8.712723511940923e-11,0.0,2.1959047105113427e-06,0.0,0.0,1.0979523552554507e-06,0.9999999999993973,0.4001082612150261,-8.698529595984388e-09,0.0,0.0,0.0,-0.0001340555881437887
2026-09-21T04:57:43.670093,8.85,2.0040005344310465,-1.6754445052492845e-10,0.0,6.777071819286108e-07,0.0,0.0,3.388535909642989e-07,0.9999999999999426,0.40010690045828856,-1.675822224495544e-08,0.0,0.0,0.0,8.442771133306054e-05
2026-09-21T04:57:43.700418,8.870000000000001,2.012000527712659,-1.598024918797914e-10,0.0,1.475096484071514e-06,0.0,0.0,7.375482420356902e-07,0.999999999999728,0.40010555680418913,-1.598202946991016e-08,0.0,0.0,0.0,0.00014349959533053165
2026-09-21T04:57:43.727763,8.88,2.0159999999264566,-2.3659277499087954e-16,0.0,2.425171174991192e-12,0.0,0.0,1.212585587495596e-12,1.0,0.40000000041308953,-1.5701939586144005e-08,0.0,0.0,0.0,5.7590271714494216e-05
2026-09-21T04:57:43.753692,8.91,2.0280005145281415,-1.9774791320539522e-10,0.0,4.40020772174421e-06,0.0,0.0,2.2001038608703297e-06,0.9999999999975798,0.40010291994693414,-1.978334911842281e-08,0.0,0.0,0.0,0.00015928759117426854
2026-09-21T04:57:43.778905,8.93,2.0360005080599013,-2.592673037109072e-10,0.0,-1.3652473067615747e-06,0.0,0.0,-6.826236533807342e-07,0.999999999999767,0.40010162632200785,-2.594922695341138e-08,0.0,0.0,0.0,-0.0004408614456076512
2026-09-21T04:57:43.809694,8.94,2.039999999926189,5.438220054665456e-15,0.0,-4.810818410305728e-12,0.0,0.0,-2.405409205152864e-12,1.0,0.40000000039756517,-3.251388374957156e-08,0.0,0.0,0.0,8.03926247650434e-06
2026-09-21T04:57:43.849698,8.97,2.0520004953662867,-3.2233569876553206e-10,0.0,4.840272196382499e-07,0.0,0.0,2.420136098191226e-07,0.9999999999999707,0.400099087644922,-3.226500576421358e-08,0.0,0.0,0.0,-0.0004143971722402642
2026-09-21T04:57:43.864575,8.98,2.055999999926011,8.409959106247255e-15,0.0,-3.04956060404038e-12,0.0,0.0,-1.52478030202019e-12,1.0,0.4000000003875381,-4.241549913762703e-08,0.0,0.0,0.0,-9.590184589327954e-05
2026-09-21T04:57:43.896811,9.01,2.0680004829897465,-4.029090904302017e-10,0.0,-2.4046529762955515e-06,0.0,0.0,-1.202326488147486e-06,0.9999999999992772,0.40009661238218214,-4.033628467284582e-08,0.0,0.0,0.0,-8.969003140580378e-05
2026-09-21T04:57:43.930205,9.03,2.076000476917896,-3.59925232067342e-10,0.0,3.861627266843471e-07,0.0,0.0,1.9308136334217233e-07,0.9999999999999813,0.40009539803469213,-3.602862514025975e-08,0.0,0.0,0.0,0.00010137904553450083
2026-09-21T04:57:43.955898,9.05,2.08400047092236,-3.382165736196283e-10,0.0,-1.3313617319710147e-08,0.0,0.0,-6.6568086598550735e-09,1.0,0.400094198949969,-3.385513982881779e-08,0.0,0.0,0.0,8.496779681795768e-06
2026-09-21T04:57:43.978732,9.07,2.092000465002179,-3.2929153863022043e-10,0.0,8.068703127861454e-07,0.0,0.0,4.0343515639306174e-07,0.9999999999999186,0.4000930149362056,-3.296036995685643e-08,0.0,0.0,0.0,0.00029394736560714105
2026-09-21T04:57:44.009038,9.09,2.1000004591564063,-2.727216866023695e-10,0.0,1.1884020993946365e-06,0.0,0.0,5.942010496972833e-07,0.9999999999998235,0.40009184580400414,-2.729332902584924e-08,0.0,0.0,0.0,-5.977115682672182e-06
2026-09-21T04:57:44.032135,9.11,2.1080004533841072,-2.9640351285429124e-10,0.0,3.4546492564402347e-06,0.0,0.0,1.7273246282192582e-06,0.9999999999985082,0.40009069136634645,-2.9665615643482978e-08,0.0,0.0,0.0,0.00017515235011256362
2026-09-21T04:57:44.056740,9.13,2.1160004476843577,-3.3035406208925577e-10,0.0,8.623501157600799e-08,0.0,0.0,4.311750578800398e-08,0.9999999999999991,0.40008955143856345,-3.306832262104067e-08,0.0,0.0,0.0,0.00034566448551510054
2026-09-21T04:57:44.084801,9.15,2.1240004420562464,-2.4473805044833895e-10,0.0,-2.5760224686699473e-06,0.0,0.0,-1.2880112343346175e-06,0.9999999999991706,0.40008842583830606,-2.4488813815286488e-08,0.0,0.0,0.0,0.0003107455849265021
2026-09-21T04:57:44.115119,9.17,2.1320004364988727,-1.0619793781240759e-10,0.0,4.927946704036402e-07,0.0,0.0,2.4639733520181757e-07,0.9999999999999697,0.400087314385516,-1.0607167069597953e-08,0.0,0.0,0.0,-0.00014277767313380195
2026-09-21T04:57:44.143591,9.19,2.1400004310113476,-1.4831258213881984e-10,0.0,-4.366177250858528e-07,0.0,0.0,-2.1830886254292462e-07,0.9999999999999761,0.40008621690239693,-1.4827674298497808e-08,0.0,0.0,0.0,3.013996546034488e-05
2026-09-21T04:57:44.169703,9.21,2.148000425592794,-1.2736402491487965e-10,0.0,1.3355442498586e-06,0.0,0.0,6.677721249292504e-07,0.9999999999997771,0.4000851332133864,-1.2728640203224099e-08,0.0,0.0,0.0,-4.474664930296371e-05
2026-09-21T04:57:44.195648,9.23,2.156000420242344,-1.659025574681876e-10,0.0,9.041367405870916e-07,0.0,0.0,4.5206837029353034e-07,0.9999999999998979,0.40008406314512734,-1.6590645718401047e-08,0.0,0.0,0.0,-0.00012931716598246215
2026-09-21T04:57:44.225519,9.25,2.1640004149591427,-2.135826828931381e-10,0.0,-2.012656902916632e-06,0.0,0.0,-1.0063284514581461e-06,0.9999999999994936,0.4000830065264408,-2.1367284254822884e-08,0.0,0.0,0.0,-7.846467753920558e-05
2026-09-21T04:57:44.253221,9.27,2.1720004097423447,-1.801227185587314e-10,0.0,7.732014726258284e-07,0.0,0.0,3.866007363129046e-07,0.9999999999999253,0.4000819631882982,-1.8013438157944094e-08,0.0,0.0,0.0,0.00014211715902190115
2026-09-21T04:57:44.282790,9.29,2.1800004045911145,-1.6075293408224803e-10,0.0,2.212977987525733e-07,0.0,0.0,1.1064889937628641e-07,0.9999999999999939,0.40008093296379493,-1.6074581854964066e-08,0.0,0.0,0.0,0.00010426443323701755
2026-09-21T04:57:44.303191,9.31,2.1880003995046295,-1.3764824671744184e-10,0.0,3.6428634730967246e-07,0.0,0.0,1.8214317365483523e-07,0.9999999999999835,0.400079915688123,-1.3759431703548874e-08,0.0,0.0,0.0,0.0002175506601070749
2026-09-21T04:57:44.334612,9.33,2.1960003944820747,-9.167981550806488e-11,0.0,-1.695688301772691e-06,0.0,0.0,-8.478441508862439e-07,0.9999999999996406,0.4000789111985453,-9.154212721179752e-09,0.0,0.0,0.0,0.0001423834023397942
2026-09-21T04:57:44.361929,9.36,2.2079999999243505,-5.2520670072054176e-15,0.0,-4.551470311753292e-12,0.0,0.0,-2.275735155876646e-12,1.0,0.40000000030392896,4.8029150217413665e-09,0.0,0.0,0.0,-0.0001394371041279687
2026-09-21T04:57:44.387227,9.37,2.2120003846255547,4.842006700303959e-11,0.0,1.0411089861328549e-06,0.0,0.0,5.205544930664039e-07,0.9999999999998646,0.400076939936921,4.884649367335413e-09,0.0,0.0,0.0,-0.00010755771549427303
2026-09-21T04:57:44.414376,9.38,2.2159999999242648,4.228415210609253e-15,0.0,-2.886579864025407e-14,0.0,0.0,-1.4432899320127035e-14,1.0,0.4000000003000606,-1.0752929585248942e-10,0.0,0.0,0.0,-5.206749362402592e-06
2026-09-21T04:57:44.438604,9.41,2.228000375015247,1.2577006012857518e-10,0.0,-2.532177697744942e-06,0.0,0.0,-1.2660888488721327e-06,0.9999999999991985,0.4000750179174576,1.2630623633150244e-08,0.0,0.0,0.0,-3.787461393440201e-05
2026-09-21T04:57:44.471490,9.43,2.2360003703004954,1.7548217774055426e-10,0.0,-4.3556162188096447e-07,0.0,0.0,-2.1778081094048046e-07,0.9999999999999762,0.4000740749879634,1.7612858602683227e-08,0.0,0.0,0.0,-9.940017873479859e-05
2026-09-21T04:57:44.498570,9.44,2.2399999999240072,1.4340074553729554e-15,0.0,-1.191491350027718e-12,0.0,0.0,-5.95745675013859e-13,1.0,0.40000000028874483,1.6017379172298832e-08,0.0,0.0,0.0,-0.00014230475565485124
2026-09-21T04:57:44.523997,9.47,2.252000361048023,2.0041001573713192e-10,0.0,8.939123317119881e-07,0.0,0.0,4.469561658559791e-07,0.9999999999999001,0.40007222453518604,2.010871549266215e-08,0.0,0.0,0.0,-0.00034606366505986403
2026-09-21T04:57:44.547347,9.49,2.2600003565088227,9.617516556174408e-11,0.0,1.0707842497126305e-06,0.0,0.0,5.353921248562898e-07,0.9999999999998567,0.40007131671586926,9.664388252474374e-09,0.0,0.0,0.0,0.00010164085580643888
2026-09-21T04:57:44.579058,9.5,2.263999999923751,2.9318143986997807e-16,0.0,1.7390533457728452e-12,0.0,0.0,8.695266728864226e-13,1.0,0.40000000027785043,9.405054913605154e-09,0.0,0.0,0.0,-4.050171110365938e-05
2026-09-21T04:57:44.598555,9.53,2.2760003476008634,1.5681117346132522e-10,0.0,2.9248005937176913e-06,0.0,0.0,1.4624002968583243e-06,0.9999999999989307,0.40006953516519156,1.5738621444286507e-08,0.0,0.0,0.0,-3.0124352787536134e-05
2026-09-21T04:57:44.631740,9.55,2.284000343230679,7.973908248246294e-11,0.0,1.3400337524061001e-06,0.0,0.0,6.70016876203e-07,0.9999999999997755,0.40006866114881645,8.015046107780941e-09,0.0,0.0,0.0,8.571003416159358e-05
2026-09-21T04:57:44.655600,9.57,2.2920003389154227,6.822409066219625e-11,0.0,-1.6253386205811182e-06,0.0,0.0,-8.126693102904696e-07,0.9999999999996698,0.4000677981180551,6.861752033165809e-09,0.0,0.0,0.0,0.0005686136035482806
2026-09-21T04:57:44.687415,9.59,2.3000003346544045,2.3984391964169964e-10,0.0,4.422160923223118e-06,0.0,0.0,2.211080461609757e-06,0.9999999999975555,0.40006694593483777,2.4056650660717277e-08,0.0,0.0,0.0,0.00011306613821947313
2026-09-21T04:57:44.716452,9.61,2.308000330446943,1.5988086688895944e-10,0.0,-1.3941453902432954e-07,0.0,0.0,-6.970726951216472e-08,0.9999999999999976,0.4000661044628295,1.6042138791832684e-08,0.0,0.0,0.0,0.00023969375457098244
2026-09-21T04:57:44.745301,9.62,2.3119999999232412,-4.6436462581996075e-15,0.0,1.8811618929248652e-12,0.0,0.0,9.405809464624326e-13,1.0,0.40000000025726345,2.1722662134823852e-08,0.0,0.0,0.0,0.0001944048737154766
2026-09-21T04:57:44.767143,9.65,2.3240003221900043,1.8902667691904596e-10,0.0,-8.022578970035001e-07,0.0,0.0,-4.011289485017392e-07,0.9999999999999195,0.40006445311564537,1.8962636467475216e-08,0.0,0.0,0.0,-6.7545833481849935e-06
2026-09-21T04:57:44.797563,9.67,2.3320003181392077,2.0425053934616325e-10,0.0,8.946736018700108e-07,0.0,0.0,4.4733680093499046e-07,0.9999999999999,0.40006364297627983,2.048901093930919e-08,0.0,0.0,0.0,0.00026885230094142616
2026-09-21T04:57:44.824273,9.69,2.3400003141393237,2.441069676772057e-10,0.0,-5.333334884838337e-07,0.0,0.0,-2.6666674424191365e-07,0.9999999999999645,0.4000628430197017,2.4480396609135795e-08,0.0,0.0,0.0,-2.9885622568329337e-05
2026-09-21T04:57:44.845126,9.71,2.3480003101897147,2.4665481773150456e-10,0.0,-3.8676856473074395e-06,0.0,0.0,-1.9338428236525144e-06,0.9999999999981302,0.40006205311792953,2.4736291355983365e-08,0.0,0.0,0.0,2.611599320966507e-05
2026-09-21T04:57:44.870274,9.73,2.3560003062897485,3.4054045000727943e-10,0.0,-8.336818093646061e-07,0.0,0.0,-4.168409046822909e-07,0.9999999999999131,0.40006127314458995,3.414368860753506e-08,0.0,0.0,0.0,-0.0001263912304626259
2026-09-21T04:57:44.903559,9.75,2.3640003024388,3.25927133443551e-10,0.0,-3.594313996213572e-06,0.0,0.0,-1.7971569981058186e-06,0.9999999999983851,0.40006050297489776,3.2677530549961584e-08,0.0,0.0,0.0,-0.0002215541077524032
2026-09-21T04:57:44.929135,9.77,2.3720002986362556,3.539654733712662e-10,0.0,2.526102925948237e-06,0.0,0.0,1.2630514629737827e-06,0.9999999999992023,0.40005974248563564,3.5487605435649813e-08,0.0,0.0,0.0,9.174286399926988e-05
2026-09-21T04:57:44.955453,9.79,2.3800002948815036,3.1148079224440627e-10,0.0,-7.958292598253536e-07,0.0,0.0,-3.979146299126663e-07,0.9999999999999208,0.4000589915551348,3.1226788344409854e-08,0.0,0.0,0.0,-0.0001915503088170891
2026-09-21T04:57:44.980789,9.81,2.3880002911739457,2.810473088031715e-10,0.0,-1.1547830665037395e-06,0.0,0.0,-5.773915332518377e-07,0.9999999999998334,0.40005825006325557,2.817926503109514e-08,0.0,0.0,0.0,0.0002975557690400965
2026-09-21T04:57:45.011210,9.82,2.3919999999223998,-7.519235370015682e-15,0.0,1.5170087408478139e-12,0.0,0.0,7.585043704239069e-13,1.0,0.40000000022624066,3.734300109510962e-08,0.0,0.0,0.0,2.182477659381924e-06
2026-09-21T04:57:45.035566,9.85,2.4040002838980445,3.797195526454627e-10,0.0,1.09809912496317e-06,0.0,0.0,5.490495624815574e-07,0.9999999999998492,0.4000567949223319,3.806305106398421e-08,0.0,0.0,0.0,0.00016258554966320105
2026-09-21T04:57:45.065348,9.870000000000001,2.4120002803285376,3.8683881713440394e-10,0.0,5.638503459692855e-07,0.0,0.0,2.8192517298463905e-07,0.9999999999999603,0.400056081040481,3.877490003106628e-08,0.0,0.0,0.0,-0.00015228701830385266
2026-09-21T04:57:45.097357,9.88,2.4159999999221493,4.8325795557254414e-15,0.0,-7.993605777301127e-13,0.0,0.0,-3.9968028886505635e-13,1.0,0.4000000002176736,3.316079975146394e-08,0.0,0.0,0.0,-0.0001996618600532831
2026-09-21T04:57:45.121311,9.91,2.428000273323555,3.5327519704502094e-10,0.0,-2.4090128531994996e-06,0.0,0.0,-1.2045064265994584e-06,0.9999999999992746,0.4000546800829142,3.5412915801561635e-08,0.0,0.0,0.0,0.00012046536120139019
2026-09-21T04:57:45.148341,9.93,2.436000269886959,4.331490542241365e-10,0.0,1.003756750606044e-06,0.0,0.0,5.01878375303001e-07,0.9999999999998741,0.4000539927830589,4.341462762831605e-08,0.0,0.0,0.0,-0.00035456592433830896
2026-09-21T04:57:45.172903,9.95,2.4440002664935574,3.201426581378694e-10,0.0,1.1624787834563222e-06,0.0,0.0,5.812393917281284e-07,0.9999999999998311,0.4000533141220737,3.209080066752427e-08,0.0,0.0,0.0,-3.508811784632074e-05
2026-09-21T04:57:45.204068,9.97,2.4520002631428066,2.801683602791666e-10,0.0,6.720365677281849e-07,0.0,0.0,3.360182838640861e-07,0.9999999999999436,0.40005264399137874,2.808476360388699e-08,0.0,0.0,0.0,-0.00010006348911965574
2026-09-21T04:57:45.227737,9.99,2.460000259834173,2.3705282703756603e-10,0.0,-7.996186179859421e-07,0.0,0.0,-3.9980930899296043e-07,0.9999999999999201,0.40005198228375893,2.376493344434306e-08,0.0,0.0,0.0,0.0002918319102983906
2026-09-21T04:57:45.260180,10.01,2.468000256567125,3.2113748023780944e-10,0.0,8.003139133627712e-07,0.0,0.0,4.0015695668137493e-07,0.99999999999992,0.4000513288933464,3.218902548156004e-08,0.0,0.0,0.0,0.00022046633950038784
2026-09-21T04:57:45.289153,10.03,2.4760002533411405,3.4958271524623274e-10,0.0,3.0291009416316696e-06,0.0,0.0,1.5145504708152552e-06,0.999999999998853,0.40005068371560387,3.503757233019933e-08,0.0,0.0,0.0,-0.000288036018372922
2026-09-21T04:57:45.319694,10.05,2.4840002501557037,2.058661770192428e-10,0.0,-1.3111067249660382e-06,0.0,0.0,-6.555533624829721e-07,0.9999999999997852,0.4000500466473078,2.0637772427644994e-08,0.0,0.0,0.0,-0.00028093300889383676
