wall_time,ros_time_sec,x,y,z,yaw,qx,qy,qz,qw,lin_vel_x,lin_vel_y,lin_vel_z,ang_vel_x,ang_vel_y,ang_vel_z
2026-09-16T13:10:36.852386,0.7000000000000001,0.0,0.0,0.0,0.0,0.0,0.0,0.0,1.0,0.0,0.0,0.0,0.0,0.0,0.0
2026-09-16T13:10:36.872404,0.7200000000000001,0.0,0.0,0.0,0.0,0.0,0.0,0.0,1.0,0.0,0.0,0.0,0.0,0.0,0.0
2026-09-16T13:10:36.887777,0.74,0.0,0.0,0.0,0.0,0.0,0.0,0.0,1.0,0.0,0.0,0.0,0.0,0.0,0.0
2026-09-16T13:10:36.909093,0.76,0.0,0.0,0.0,0.0,0.0,0.0,0.0,1.0,0.0,0.0,0.0,0.0,0.0,0.0
2026-09-16T13:10:36.927878,0.78,0.0,0.0,0.0,0.0,0.0,0.0,0.0,1.0,0.0,0.0,0.0,0.0,0.0,0.0
2026-09-16T13:10:36.948145,0.8,0.0,0.0,0.0,0.0,0.0,0.0,0.0,1.0,0.0,0.0,0.0,0.0,0.0,0.0
2026-09-16T13:10:36.968232,0.8200000000000001,0.0,0.0,0.0,0.0,0.0,0.0,0.0,1.0,0.0,0.0,0.0,0.0,0.0,0.0
2026-09-16T13:10:36.988006,0.8400000000000001,0.0,0.0,0.0,0.0,0.0,0.0,0.0,1.0,0.0,0.0,0.0,0.0,0.0,0.0
2026-09-16T13:10:37.008218,0.8600000000000001,0.0,0.0,0.0,0.0,0.0,0.0,0.0,1.0,0.0,0.0,0.0,0.0,0.0,0.0
2026-09-16T13:10:37.028350,0.88,0.0,0.0,0.0,0.0,0.0,0.0,0.0,1.0,0.0,0.0,0.0,0.0,0.0,0.0
2026-09-16T13:10:37.050410,0.9,0.0,0.0,0.0,0.0,0.0,0.0,0.0,1.0,0.0,0.0,0.0,0.0,0.0,0.0
2026-09-16T13:10:37.068954,0.92,0.0,0.0,0.0,0.0,0.0,0.0,0.0,1.0,0.0,0.0,0.0,0.0,0.0,0.0
2026-09-16T13:10:37.088685,0.9400000000000001,0.0,0.0,0.0,0.0,0.0,0.0,0.0,1.0,0.0,0.0,0.0,0.0,0.0,0.0
2026-09-16T13:10:37.107710,0.9600000000000001,0.0,0.0,0.0,0.0,0.0,0.0,0.0,1.0,0.0,0.0,0.0,0.0,0.0,0.0
2026-09-16T13:10:37.128182,0.9800000000000001,0.0,0.0,0.0,0.0,0.0,0.0,0.0,1.0,0.0,0.0,0.0,0.0,0.0,0.0
2026-09-16T13:10:37.149043,1.0,0.0,0.0,0.0,0.0,0.0,0.0,0.0,1.0,0.0,0.0,0.0,0.0,0.0,0.0
2026-09-16T13:10:37.169420,1.02,0.0,0.0,0.0,0.0,0.0,0.0,0.0,1.0,0.0,0.0,0.0,0.0,0.0,0.0
2026-09-16T13:10:39.520788,1.04,0.0,0.0,0.0,0.0,0.0,0.0,0.0,1.0,0.0,0.0,0.0,0.0,0.0,0.0
2026-09-16T13:10:39.918141,1.07,0.0,0.0,0.0,2.763904536351447e-06,0.0,0.0,1.3819522681752837e-06,0.9999999999990451,0.0,0.0,0.0,0.0,0.0,3.979284989174875e-06
2026-09-16T13:10:42.233481,1.09,0.0,0.0,0.0,-2.8263292519703498e-06,0.0,0.0,-1.4131646259847046e-06,0.9999999999990015,0.0,0.0,0.0,0.0,0.0,0.00015090358307697893
2026-09-16T13:10:42.253010,1.11,0.0,0.0,0.0,3.4119719511949143e-06,0.0,0.0,1.7059859755966296e-06,0.9999999999985448,0.0,0.0,0.0,0.0,0.0,0.00020839245850664282
2026-09-16T13:10:42.272959,1.13,0.0,0.0,0.0,1.624824001567049e-06,0.0,0.0,8.124120007834351e-07,0.99999999999967,0.0,0.0,0.0,0.0,0.0,-0.00014705982483646083
2026-09-16T13:10:42.291678,1.15,0.0,0.0,0.0,1.632860187505969e-06,0.0,0.0,8.164300937528937e-07,0.9999999999996667,0.0,0.0,0.0,0.0,0.0,-2.9981058613747234e-05
2026-09-16T13:10:42.312306,1.17,0.0,0.0,0.0,1.0938483585576365e-07,0.0,0.0,5.4692417927881794e-08,0.9999999999999986,0.0,0.0,0.0,0.0,0.0,0.00015229000850988544
2026-09-16T13:10:42.332326,1.19,0.0,0.0,0.0,2.0073642641449396e-06,0.0,0.0,1.0036821320723013e-06,0.9999999999994963,0.0,0.0,0.0,0.0,0.0,6.392481369168056e-05
2026-09-16T13:10:42.352525,1.21,0.0,0.0,0.0,1.1093416145691037e-06,0.0,0.0,5.546708072845234e-07,0.9999999999998461,0.0,0.0,0.0,0.0,0.0,3.970037035006834e-06
2026-09-16T13:10:42.372387,1.23,0.0,0.0,0.0,-1.9900711789588857e-07,0.0,0.0,-9.950355894794411e-08,0.999999999999995,0.0,0.0,0.0,0.0,0.0,5.819994893480712e-05
2026-09-16T13:10:42.393921,1.25,0.0,0.0,0.0,-5.658680417575114e-07,0.0,0.0,-2.8293402087875187e-07,0.9999999999999599,0.0,0.0,0.0,0.0,0.0,-0.0003478417383888039
2026-09-16T13:10:42.412112,1.27,0.0,0.0,0.0,1.0720318917023521e-06,0.0,0.0,5.360159458511503e-07,0.9999999999998563,0.0,0.0,0.0,0.0,0.0,0.0002826526898820818
2026-09-16T13:10:42.432352,1.29,0.0,0.0,0.0,2.6470158083213846e-06,0.0,0.0,1.3235079041603058e-06,0.9999999999991241,0.0,0.0,0.0,0.0,0.0,9.426355885680375e-05
2026-09-16T13:10:42.451931,1.31,0.0,0.0,0.0,4.128898307698137e-07,0.0,0.0,2.0644491538490538e-07,0.9999999999999787,0.0,0.0,0.0,0.0,0.0,0.0002482691429121263
2026-09-16T13:10:42.472291,1.33,0.0,0.0,0.0,-7.025339785471375e-07,0.0,0.0,-3.512669892735615e-07,0.9999999999999383,0.0,0.0,0.0,0.0,0.0,8.422444218563325e-05
2026-09-16T13:10:42.492888,1.35,0.0,0.0,0.0,-4.585821824498737e-07,0.0,0.0,-2.2929109122493484e-07,0.9999999999999737,0.0,0.0,0.0,0.0,0.0,-6.028230414497531e-05
2026-09-16T13:10:42.512322,1.37,0.0,0.0,0.0,-2.2849587852924454e-06,0.0,0.0,-1.1424793926459743e-06,0.9999999999993474,0.0,0.0,0.0,0.0,0.0,-0.00011608869308173338
2026-09-16T13:10:42.532162,1.3900000000000001,0.0,0.0,0.0,-4.643941857729316e-07,0.0,0.0,-2.3219709288646375e-07,0.999999999999973,0.0,0.0,0.0,0.0,0.0,-0.0003012644194902562
2026-09-16T13:10:42.552383,1.4100000000000001,0.0,0.0,0.0,1.3656259754135649e-06,0.0,0.0,6.828129877067293e-07,0.9999999999997669,0.0,0.0,0.0,0.0,0.0,0.00013138371178899528
2026-09-16T13:10:42.575214,1.4300000000000002,0.0,0.0,0.0,-3.129915667976491e-06,0.0,0.0,-1.5649578339876064e-06,0.9999999999987754,0.0,0.0,0.0,0.0,0.0,-0.00022303488255649004
2026-09-16T13:10:42.591898,1.45,0.0,0.0,0.0,-3.266906538179626e-06,0.0,0.0,-1.6334532690890866e-06,0.999999999998666,0.0,0.0,0.0,0.0,0.0,0.00012676172399253804
2026-09-16T13:10:42.612707,1.47,0.0,0.0,0.0,3.6608380606928392e-06,0.0,0.0,1.8304190303453975e-06,0.9999999999983248,0.0,0.0,0.0,0.0,0.0,-9.589324375059311e-05
2026-09-16T13:10:42.632282,1.49,0.0,0.0,0.0,7.675495381498365e-07,0.0,0.0,3.8377476907490883e-07,0.9999999999999264,0.0,0.0,0.0,0.0,0.0,-6.572738317572817e-05
2026-09-16T13:10:42.652881,1.51,0.0,0.0,0.0,-5.309838839728799e-07,0.0,0.0,-2.6549194198643676e-07,0.9999999999999648,0.0,0.0,0.0,0.0,0.0,-1.9239767633503817e-05
2026-09-16T13:10:42.672230,1.53,0.0,0.0,0.0,3.5758379612893525e-06,0.0,0.0,1.7879189806437235e-06,0.9999999999984017,0.0,0.0,0.0,0.0,0.0,0.0001674613884802354
2026-09-16T13:10:42.692004,1.55,0.0,0.0,0.0,-1.5555581280857211e-06,0.0,0.0,-7.777790640427821e-07,0.9999999999996976,0.0,0.0,0.0,0.0,0.0,6.671726540684336e-05
2026-09-16T13:10:42.712545,1.57,0.0,0.0,0.0,-7.480047052865757e-07,0.0,0.0,-3.740023526432791e-07,0.9999999999999301,0.0,0.0,0.0,0.0,0.0,-7.52554686724221e-05
2026-09-16T13:10:42.731915,1.59,0.0,0.0,0.0,-1.8720747574363372e-06,0.0,0.0,-9.360373787180319e-07,0.9999999999995619,0.0,0.0,0.0,0.0,0.0,-0.00011869341656435243
2026-09-16T13:10:42.752427,1.6099999999999999,0.0,0.0,0.0,-8.213579785198989e-07,0.0,0.0,-4.1067898925993785e-07,0.9999999999999156,0.0,0.0,0.0,0.0,0.0,-0.00011532149236628276
2026-09-16T13:10:42.773195,1.63,0.0,0.0,0.0,-3.8820534786765403e-07,0.0,0.0,-1.9410267393382575e-07,0.9999999999999811,0.0,0.0,0.0,0.0,0.0,0.0002810396572387575
2026-09-16T13:10:42.791878,1.65,0.0,0.0,0.0,2.182904117020712e-06,0.0,0.0,1.0914520585101394e-06,0.9999999999994044,0.0,0.0,0.0,0.0,0.0,-7.77713320014511e-05
2026-09-16T13:10:42.812270,1.67,0.0,0.0,0.0,-1.63935456276576e-06,0.0,0.0,-8.196772813827883e-07,0.999999999999664,0.0,0.0,0.0,0.0,0.0,1.5221199094381764e-06
2026-09-16T13:10:42.832622,1.69,0.0,0.0,0.0,-2.066978454617896e-06,0.0,0.0,-1.033489227308764e-06,0.999999999999466,0.0,0.0,0.0,0.0,0.0,0.0002820504516062496
2026-09-16T13:10:42.853180,1.71,0.0,0.0,0.0,1.0462560164903323e-06,0.0,0.0,5.231280082451423e-07,0.9999999999998632,0.0,0.0,0.0,0.0,0.0,-9.144875430654122e-06
2026-09-16T13:10:42.873378,1.73,0.0,0.0,0.0,2.122649097380247e-06,0.0,0.0,1.0613245486899242e-06,0.9999999999994368,0.0,0.0,0.0,0.0,0.0,9.670736121190275e-05
2026-09-16T13:10:42.891625,1.75,0.0,0.0,0.0,1.0053574950319445e-07,0.0,0.0,5.02678747515972e-08,0.9999999999999988,0.0,0.0,0.0,0.0,0.0,0.0004170709995081944
2026-09-16T13:10:42.912155,1.77,0.0,0.0,0.0,3.1103071935767446e-06,0.0,0.0,1.5551535967877455e-06,0.9999999999987907,0.0,0.0,0.0,0.0,0.0,-5.6677395799493155e-05
2026-09-16T13:10:42.931814,1.79,0.0,0.0,0.0,-2.851226450495404e-07,0.0,0.0,-1.4256132252476969e-07,0.9999999999999898,0.0,0.0,0.0,0.0,0.0,-4.799118437747913e-05
2026-09-16T13:10:42.952133,1.81,0.0,0.0,0.0,3.101568660124343e-06,0.0,0.0,1.55078433006155e-06,0.9999999999987975,0.0,0.0,0.0,0.0,0.0,0.0006566238278270656
2026-09-16T13:10:42.974781,1.83,0.0,0.0,0.0,-2.0076425366610806e-07,0.0,0.0,-1.0038212683305386e-07,0.999999999999995,0.0,0.0,0.0,0.0,0.0,4.370656106257592e-05
2026-09-16T13:10:42.992378,1.85,0.0,0.0,0.0,9.736454309461349e-07,0.0,0.0,4.868227154730483e-07,0.9999999999998815,0.0,0.0,0.0,0.0,0.0,0.0003256350712138598
2026-09-16T13:10:43.012062,1.87,0.0,0.0,0.0,2.8352484737759202e-06,0.0,0.0,1.4176242368874851e-06,0.9999999999989951,0.0,0.0,0.0,0.0,0.0,0.00017722506914572716
2026-09-16T13:10:43.031610,1.8900000000000001,0.0,0.0,0.0,1.7491106678590997e-06,0.0,0.0,8.745553339294383e-07,0.9999999999996175,0.0,0.0,0.0,0.0,0.0,-0.00022821200614068105
2026-09-16T13:10:43.052369,1.9100000000000001,0.0,0.0,0.0,2.3620395297463403e-06,0.0,0.0,1.1810197648728955e-06,0.9999999999993026,0.0,0.0,0.0,0.0,0.0,-8.039334310944426e-05
2026-09-16T13:10:43.072657,1.9300000000000002,0.0,0.0,0.0,1.6171636891826326e-06,0.0,0.0,8.085818445912281e-07,0.9999999999996732,0.0,0.0,0.0,0.0,0.0,-1.4694282562228978e-05
2026-09-16T13:10:43.093207,1.9500000000000002,0.0,0.0,0.0,-3.8820754078017227e-07,0.0,0.0,-1.9410377039008487e-07,0.9999999999999811,0.0,0.0,0.0,0.0,0.0,-2.046107894193765e-05
2026-09-16T13:10:43.112005,1.9700000000000002,0.0,0.0,0.0,-3.4148337566541898e-06,0.0,0.0,-1.7074168783262652e-06,0.9999999999985424,0.0,0.0,0.0,0.0,0.0,0.00010638438403854711
2026-09-16T13:10:43.134578,1.9900000000000002,0.0,0.0,0.0,4.1580733642909715e-06,0.0,0.0,2.0790366821439878e-06,0.9999999999978388,0.0,0.0,0.0,0.0,0.0,-0.00018844824606240908
2026-09-16T13:10:43.151731,2.01,0.0,0.0,0.0,-3.229432374851626e-07,0.0,0.0,-1.614716187425806e-07,0.999999999999987,0.0,0.0,0.0,0.0,0.0,-0.00030421916696991413
2026-09-16T13:10:43.172239,2.03,0.0,0.0,0.0,2.1798934342065483e-06,0.0,0.0,1.0899467171030582e-06,0.999999999999406,0.0,0.0,0.0,0.0,0.0,-0.00020468335540626208
2026-09-16T13:10:43.192146,2.05,0.0,0.0,0.0,1.2040677486169218e-06,0.0,0.0,6.020338743084245e-07,0.9999999999998188,0.0,0.0,0.0,0.0,0.0,-0.00016098242714254423
2026-09-16T13:10:43.212722,2.07,0.0,0.0,0.0,-5.983423005950783e-07,0.0,0.0,-2.991711502975347e-07,0.9999999999999553,0.0,0.0,0.0,0.0,0.0,0.0003848243396356093
2026-09-16T13:10:43.232225,2.09,0.0,0.0,0.0,-2.400257203216683e-06,0.0,0.0,-1.2001286016080532e-06,0.9999999999992798,0.0,0.0,0.0,0.0,0.0,-9.887098491488086e-06
2026-09-16T13:10:43.252055,2.11,0.0,0.0,0.0,1.6355600429562855e-08,0.0,0.0,8.177800214781428e-09,1.0,0.0,0.0,0.0,0.0,0.0,0.00015813330075485144
2026-09-16T13:10:43.272550,2.13,0.0,0.0,0.0,1.951597467630961e-06,0.0,0.0,9.757987338153258e-07,0.9999999999995239,0.0,0.0,0.0,0.0,0.0,6.454032146379829e-05
2026-09-16T13:10:43.292375,2.15,0.0,0.0,0.0,-4.120944043783936e-06,0.0,0.0,-2.06047202189051e-06,0.9999999999978773,0.0,0.0,0.0,0.0,0.0,1.6635965445198646e-05
2026-09-16T13:10:43.312301,2.17,0.0,0.0,0.0,1.7449417999415573e-07,0.0,0.0,8.724708999707776e-08,0.9999999999999962,0.0,0.0,0.0,0.0,0.0,0.00036495428434049593
2026-09-16T13:10:43.334087,2.19,0.0,0.0,0.0,-2.053713016536563e-06,0.0,0.0,-1.0268565082681008e-06,0.9999999999994728,0.0,0.0,0.0,0.0,0.0,-0.00032035239298851666
2026-09-16T13:10:43.352160,2.21,0.0,0.0,0.0,4.264824733368755e-07,0.0,0.0,2.1324123666843614e-07,0.9999999999999772,0.0,0.0,0.0,0.0,0.0,0.00012057681086078694
2026-09-16T13:10:43.373838,2.23,0.0,0.0,0.0,1.5719336876607315e-06,0.0,0.0,7.859668438302849e-07,0.9999999999996911,0.0,0.0,0.0,0.0,0.0,-0.00011313503228441781
2026-09-16T13:10:43.393027,2.25,0.0,0.0,0.0,-2.2189497643765326e-06,0.0,0.0,-1.1094748821880384e-06,0.9999999999993845,0.0,0.0,0.0,0.0,0.0,-0.0002496847345073992
2026-09-16T13:10:43.412344,2.27,0.0,0.0,0.0,1.0209890524137681e-06,0.0,0.0,5.104945262068617e-07,0.9999999999998697,0.0,0.0,0.0,0.0,0.0,0.00025187160506887725
2026-09-16T13:10:43.432396,2.29,0.0,0.0,0.0,-7.613736703326881e-07,0.0,0.0,-3.8068683516633473e-07,0.9999999999999275,0.0,0.0,0.0,0.0,0.0,-1.7770640910282732e-05
2026-09-16T13:10:43.452574,2.31,0.0,0.0,0.0,-7.536181723111214e-07,0.0,0.0,-3.7680908615555174e-07,0.9999999999999291,0.0,0.0,0.0,0.0,0.0,-0.00011294587640239975
2026-09-16T13:10:43.472384,2.32,0.0,0.0,0.0,-1.5694112676101213e-12,0.0,0.0,-7.847056338050606e-13,1.0,0.0,0.0,0.0,0.0,0.0,-0.0002202448300780359
2026-09-16T13:10:43.491867,2.35,0.0,0.0,0.0,8.041747374676332e-07,0.0,0.0,4.020873687338058e-07,0.9999999999999192,0.0,0.0,0.0,0.0,0.0,8.905288866598805e-05
2026-09-16T13:10:43.512606,2.37,0.0,0.0,0.0,4.0464695016950714e-07,0.0,0.0,2.023234750847522e-07,0.9999999999999796,0.0,0.0,0.0,0.0,0.0,-0.0002805412668564893
2026-09-16T13:10:43.534761,2.39,0.0,0.0,0.0,-2.364694009049373e-06,0.0,0.0,-1.182347004524411e-06,0.999999999999301,0.0,0.0,0.0,0.0,0.0,-0.0003512284898310617
2026-09-16T13:10:43.556456,2.41,0.0,0.0,0.0,8.474661319368694e-07,0.0,0.0,4.237330659684219e-07,0.9999999999999102,0.0,0.0,0.0,0.0,0.0,0.0002531105081550791
2026-09-16T13:10:43.571758,2.43,0.0,0.0,0.0,-6.739580453718476e-07,0.0,0.0,-3.3697902268591737e-07,0.9999999999999433,0.0,0.0,0.0,0.0,0.0,8.27745761437271e-05
2026-09-16T13:10:43.599155,2.45,0.0,0.0,0.0,2.3898825189938577e-06,0.0,0.0,1.1949412594966445e-06,0.999999999999286,0.0,0.0,0.0,0.0,0.0,-0.00020461060235492634
2026-09-16T13:10:43.613321,2.47,0.0,0.0,0.0,1.1221180979958947e-06,0.0,0.0,5.610590489979178e-07,0.9999999999998426,0.0,0.0,0.0,0.0,0.0,2.0282654770452423e-05
2026-09-16T13:10:43.635050,2.49,0.0,0.0,0.0,-2.022849066030119e-06,0.0,0.0,-1.0114245330148872e-06,0.9999999999994885,0.0,0.0,0.0,0.0,0.0,0.00020413230140064957
2026-09-16T13:10:43.653112,2.51,0.0,0.0,0.0,3.5700630052204474e-07,0.0,0.0,1.7850315026102142e-07,0.9999999999999841,0.0,0.0,0.0,0.0,0.0,0.00019121431494624388
2026-09-16T13:10:43.672821,2.5300000000000002,0.0,0.0,0.0,-4.130019823911369e-07,0.0,0.0,-2.0650099119556696e-07,0.9999999999999787,0.0,0.0,0.0,0.0,0.0,3.347878671866621e-05
2026-09-16T13:10:43.695072,2.55,0.0,0.0,0.0,-1.9933773756086737e-06,0.0,0.0,-9.966886878041719e-07,0.9999999999995033,0.0,0.0,0.0,0.0,0.0,-0.00012475731746134055
2026-09-16T13:10:43.713587,2.5700000000000003,0.0,0.0,0.0,-1.7651271817520355e-06,0.0,0.0,-8.825635908759031e-07,0.9999999999996105,0.0,0.0,0.0,0.0,0.0,5.693147768066599e-05
2026-09-16T13:10:43.732427,2.59,0.0,0.0,0.0,1.4397281322686695e-06,0.0,0.0,7.198640661342726e-07,0.9999999999997409,0.0,0.0,0.0,0.0,0.0,-0.00012047488472001746
2026-09-16T13:10:43.752687,2.61,0.0,0.0,0.0,1.7358738846340316e-07,0.0,0.0,8.679369423170147e-08,0.9999999999999962,0.0,0.0,0.0,0.0,0.0,-8.343674107846784e-05
2026-09-16T13:10:43.775574,2.64,0.0,0.0,0.0,-4.383160501220118e-13,0.0,0.0,-2.191580250610059e-13,1.0,0.0,0.0,0.0,0.0,0.0,-0.00015894150963193754
2026-09-16T13:10:43.792287,2.65,0.0,0.0,0.0,-1.9839872540394765e-06,0.0,0.0,-9.919936270195756e-07,0.999999999999508,0.0,0.0,0.0,0.0,0.0,-5.116044442790465e-05
2026-09-16T13:10:43.812350,2.67,0.0,0.0,0.0,-4.005401817774867e-06,0.0,0.0,-2.002700908886095e-06,0.9999999999979946,0.0,0.0,0.0,0.0,0.0,0.00014831892923665164
2026-09-16T13:10:43.831777,2.69,0.0,0.0,0.0,-3.519500220150462e-07,0.0,0.0,-1.759750110075222e-07,0.9999999999999846,0.0,0.0,0.0,0.0,0.0,-7.646777963514918e-05
2026-09-16T13:10:43.851908,2.71,0.0,0.0,0.0,-7.538658453043469e-08,0.0,0.0,-3.769329226521733e-08,0.9999999999999993,0.0,0.0,0.0,0.0,0.0,0.00021983372034694904
2026-09-16T13:10:43.873058,2.73,0.0,0.0,0.0,-1.1471402956431123e-06,0.0,0.0,-5.735701478215246e-07,0.9999999999998355,0.0,0.0,0.0,0.0,0.0,4.663423658340829e-05
2026-09-16T13:10:43.893107,2.75,0.0,0.0,0.0,-1.217284763654902e-06,0.0,0.0,-6.086423818274135e-07,0.9999999999998148,0.0,0.0,0.0,0.0,0.0,-0.00025668913912711065
2026-09-16T13:10:43.912073,2.77,0.0,0.0,0.0,1.8174408555893251e-06,0.0,0.0,9.087204277945375e-07,0.9999999999995871,0.0,0.0,0.0,0.0,0.0,-1.5728193815853458e-05
2026-09-16T13:10:43.933792,2.79,0.0,0.0,0.0,1.5182350359133066e-06,0.0,0.0,7.591175179565804e-07,0.9999999999997119,0.0,0.0,0.0,0.0,0.0,0.0004712727253231207
2026-09-16T13:10:43.951675,2.81,0.0,0.0,0.0,-1.3040621729132344e-06,0.0,0.0,-6.520310864565708e-07,0.9999999999997874,0.0,0.0,0.0,0.0,0.0,0.00015216128560495586
2026-09-16T13:10:43.972067,2.83,0.0,0.0,0.0,2.0449191637794684e-06,0.0,0.0,1.022459581889556e-06,0.9999999999994773,0.0,0.0,0.0,0.0,0.0,-0.00011736174899219887
2026-09-16T13:10:43.992201,2.85,0.0,0.0,0.0,1.6853019668694456e-06,0.0,0.0,8.426509834346232e-07,0.999999999999645,0.0,0.0,0.0,0.0,0.0,0.00014718330222774172
2026-09-16T13:10:44.013315,2.87,0.0,0.0,0.0,-2.8627012298443333e-06,0.0,0.0,-1.431350614921678e-06,0.9999999999989756,0.0,0.0,0.0,0.0,0.0,0.0002291450492564771
2026-09-16T13:10:44.032386,2.89,0.0,0.0,0.0,-4.350430065080957e-07,0.0,0.0,-2.1752150325404612e-07,0.9999999999999764,0.0,0.0,0.0,0.0,0.0,0.00028782560356850574
2026-09-16T13:10:44.052296,2.91,0.0,0.0,0.0,-3.5056325824456285e-06,0.0,0.0,-1.7528162912219164e-06,0.9999999999984638,0.0,0.0,0.0,0.0,0.0,0.000282985246276143
2026-09-16T13:10:44.072962,2.93,0.0,0.0,0.0,3.1411039600470767e-06,0.0,0.0,1.5705519800228923e-06,0.9999999999987667,0.0,0.0,0.0,0.0,0.0,-0.00044144789406133156
2026-09-16T13:10:44.092410,2.95,0.0,0.0,0.0,7.063407374552356e-07,0.0,0.0,3.531703687276104e-07,0.9999999999999376,0.0,0.0,0.0,0.0,0.0,-5.874435894727477e-05
2026-09-16T13:10:44.112518,2.97,0.0,0.0,0.0,1.4343581340447997e-06,0.0,0.0,7.171790670223383e-07,0.9999999999997429,0.0,0.0,0.0,0.0,0.0,0.00031271464883964837
2026-09-16T13:10:44.135437,2.99,0.0,0.0,0.0,-2.926217927079477e-06,0.0,0.0,-1.4631089635392168e-06,0.9999999999989296,0.0,0.0,0.0,0.0,0.0,-0.0002483125794872366
2026-09-16T13:10:44.151727,3.01,0.0,0.0,0.0,-2.0816732009265597e-06,0.0,0.0,-1.0408366004630918e-06,0.9999999999994583,0.0,0.0,0.0,0.0,0.0,-0.00018840206867903317
2026-09-16T13:10:44.172514,3.03,0.0,0.0,0.0,7.021698222864359e-07,0.0,0.0,3.5108491114321074e-07,0.9999999999999384,0.0,0.0,0.0,0.0,0.0,0.00010397548297902341
2026-09-16T13:10:44.194080,3.05,0.0,0.0,0.0,1.0387387794352776e-07,0.0,0.0,5.193693897176385e-08,0.9999999999999987,0.0,0.0,0.0,0.0,0.0,0.0005018523338439316
2026-09-16T13:10:44.213374,3.07,0.0,0.0,0.0,1.1264049044612536e-06,0.0,0.0,5.63202452230597e-07,0.9999999999998413,0.0,0.0,0.0,0.0,0.0,-0.00038915935638605406
2026-09-16T13:10:44.232465,3.09,0.0,0.0,0.0,-2.343958829253978e-06,0.0,0.0,-1.1719794146267208e-06,0.9999999999993132,0.0,0.0,0.0,0.0,0.0,-8.061503372274159e-05
2026-09-16T13:10:44.252684,3.11,0.0,0.0,0.0,-2.4228708324081083e-06,0.0,0.0,-1.211435416203758e-06,0.9999999999992663,0.0,0.0,0.0,0.0,0.0,0.00032266109186566874
2026-09-16T13:10:44.273781,3.13,0.0,0.0,0.0,2.7150883661342107e-06,0.0,0.0,1.3575441830666884e-06,0.9999999999990785,0.0,0.0,0.0,0.0,0.0,-0.0001322928870266586
2026-09-16T13:10:44.293773,3.15,0.0,0.0,0.0,2.1295851793112774e-07,0.0,0.0,1.0647925896556367e-07,0.9999999999999943,0.0,0.0,0.0,0.0,0.0,0.00010322861931053742
2026-09-16T13:10:44.312260,3.17,0.0,0.0,0.0,-7.610824970250009e-07,0.0,0.0,-3.805412485124912e-07,0.9999999999999276,0.0,0.0,0.0,0.0,0.0,0.0001400642588229394
2026-09-16T13:10:44.334089,3.19,0.0,0.0,0.0,-4.1457247856868667e-07,0.0,0.0,-2.0728623928434183e-07,0.9999999999999785,0.0,0.0,0.0,0.0,0.0,0.000226093500002204
2026-09-16T13:10:44.353655,3.21,0.0,0.0,0.0,8.313276751437115e-07,0.0,0.0,4.156638375718438e-07,0.9999999999999136,0.0,0.0,0.0,0.0,0.0,0.00021441887770863328
2026-09-16T13:10:44.372143,3.23,0.0,0.0,0.0,-2.3580751928875546e-07,0.0,0.0,-1.1790375964437744e-07,0.999999999999993,0.0,0.0,0.0,0.0,0.0,-8.74381277657116e-05
2026-09-16T13:10:44.393636,3.25,0.0,0.0,0.0,-5.740838333601063e-07,0.0,0.0,-2.8704191668004916e-07,0.9999999999999588,0.0,0.0,0.0,0.0,0.0,0.0004093444304790994
2026-09-16T13:10:44.414063,3.27,0.0,0.0,0.0,-1.96242625394305e-06,0.0,0.0,-9.812131269713676e-07,0.9999999999995186,0.0,0.0,0.0,0.0,0.0,0.00020213926902233755
2026-09-16T13:10:44.432620,3.29,0.0,0.0,0.0,-2.594398861521796e-06,0.0,0.0,-1.2971994307605343e-06,0.9999999999991587,0.0,0.0,0.0,0.0,0.0,2.6363281568369157e-05
2026-09-16T13:10:44.453570,3.32,0.0,0.0,0.0,-1.6782131240233866e-12,0.0,0.0,-8.391065620116933e-13,1.0,0.0,0.0,0.0,0.0,0.0,-0.0002586233014059638
2026-09-16T13:10:44.474756,3.33,0.0,0.0,0.0,1.4435427289072322e-06,0.0,0.0,7.217713644535534e-07,0.9999999999997395,0.0,0.0,0.0,0.0,0.0,-5.077026272504821e-05
2026-09-16T13:10:44.493596,3.35,0.0,0.0,0.0,1.9992495672305215e-06,0.0,0.0,9.99624783615094e-07,0.9999999999995004,0.0,0.0,0.0,0.0,0.0,0.00018794072860985365
2026-09-16T13:10:44.512642,3.37,0.0,0.0,0.0,6.746803697943449e-07,0.0,0.0,3.3734018489716603e-07,0.999999999999943,0.0,0.0,0.0,0.0,0.0,-0.00017471346188528382
2026-09-16T13:10:44.532259,3.39,0.0,0.0,0.0,-1.3449600184678447e-06,0.0,0.0,-6.724800092338715e-07,0.9999999999997738,0.0,0.0,0.0,0.0,0.0,6.116046606753731e-05
2026-09-16T13:10:44.551872,3.41,0.0,0.0,0.0,-8.227867809296187e-07,0.0,0.0,-4.113933904647977e-07,0.9999999999999154,0.0,0.0,0.0,0.0,0.0,0.0002775522058445748
2026-09-16T13:10:44.572224,3.43,0.0,0.0,0.0,-7.295067874224515e-07,0.0,0.0,-3.6475339371121763e-07,0.9999999999999335,0.0,0.0,0.0,0.0,0.0,0.00010208883162377943
2026-09-16T13:10:44.592559,3.45,0.0,0.0,0.0,7.655085605406952e-07,0.0,0.0,3.8275428027033827e-07,0.9999999999999267,0.0,0.0,0.0,0.0,0.0,-0.00024999135710274427
2026-09-16T13:10:44.612331,3.47,0.0,0.0,0.0,1.292507288308542e-06,0.0,0.0,6.46253644154226e-07,0.9999999999997912,0.0,0.0,0.0,0.0,0.0,-2.2260110568841077e-05
2026-09-16T13:10:44.632007,3.49,0.0,0.0,0.0,9.527504785111773e-08,0.0,0.0,4.763752392555885e-08,0.9999999999999989,0.0,0.0,0.0,0.0,0.0,0.00010648368947253255
2026-09-16T13:10:44.653574,3.51,0.0,0.0,0.0,-9.672869412113982e-07,0.0,0.0,-4.836434706056803e-07,0.9999999999998831,0.0,0.0,0.0,0.0,0.0,0.00030997884601993676
2026-09-16T13:10:44.673647,3.5300000000000002,0.0,0.0,0.0,1.1257987941881709e-06,0.0,0.0,5.628993970940557e-07,0.9999999999998416,0.0,0.0,0.0,0.0,0.0,4.757231083387002e-05
2026-09-16T13:10:44.693710,3.55,0.0,0.0,0.0,3.009632014272512e-06,0.0,0.0,1.504816007135688e-06,0.9999999999988678,0.0,0.0,0.0,0.0,0.0,-0.0001016340272821522
2026-09-16T13:10:44.714007,3.5700000000000003,0.0,0.0,0.0,-2.0154334716693256e-06,0.0,0.0,-1.0077167358344923e-06,0.9999999999994923,0.0,0.0,0.0,0.0,0.0,-1.6523595386887366e-05
2026-09-16T13:10:44.734834,3.6,0.0,0.0,0.0,9.765521724602877e-13,0.0,0.0,4.882760862301438e-13,1.0,0.0,0.0,0.0,0.0,0.0,4.364391152842962e-05
2026-09-16T13:10:44.751513,3.61,0.0,0.0,0.0,1.3745693938638226e-06,0.0,0.0,6.872846969318572e-07,0.9999999999997639,0.0,0.0,0.0,0.0,0.0,-8.389370816361052e-05
2026-09-16T13:10:44.772037,3.63,0.0,0.0,0.0,-1.049868101343776e-06,0.0,0.0,-5.249340506718639e-07,0.9999999999998622,0.0,0.0,0.0,0.0,0.0,-0.0002639415097092126
2026-09-16T13:10:44.792416,3.65,0.0,0.0,0.0,-7.521441411917352e-07,0.0,0.0,-3.760720705958587e-07,0.9999999999999293,0.0,0.0,0.0,0.0,0.0,-0.00014432574035577012
2026-09-16T13:10:44.812018,3.67,0.0,0.0,0.0,3.598058904152879e-07,0.0,0.0,1.7990294520764296e-07,0.9999999999999838,0.0,0.0,0.0,0.0,0.0,-1.6135404012509232e-05
2026-09-16T13:10:44.833191,3.69,0.0,0.0,0.0,1.7235142646399026e-07,0.0,0.0,8.617571323199503e-08,0.9999999999999963,0.0,0.0,0.0,0.0,0.0,-5.404438702172763e-05
2026-09-16T13:10:44.852277,3.71,0.0,0.0,0.0,4.029552383766344e-06,0.0,0.0,2.0147761918818086e-06,0.9999999999979703,0.0,0.0,0.0,0.0,0.0,8.592612836968468e-05
2026-09-16T13:10:44.875246,3.73,0.0,0.0,0.0,-1.1131896915372864e-07,0.0,0.0,-5.565948457686429e-08,0.9999999999999984,0.0,0.0,0.0,0.0,0.0,0.0002447154477692903
2026-09-16T13:10:44.893191,3.75,0.0,0.0,0.0,9.439518064979779e-07,0.0,0.0,4.7197590324897145e-07,0.9999999999998886,0.0,0.0,0.0,0.0,0.0,4.067331749568431e-05
2026-09-16T13:10:44.912564,3.77,0.0,0.0,0.0,-2.699510422754514e-06,0.0,0.0,-1.3497552113768473e-06,0.9999999999990891,0.0,0.0,0.0,0.0,0.0,0.0001604642069704643
2026-09-16T13:10:44.931969,3.79,0.0,0.0,0.0,-2.100179857578155e-06,0.0,0.0,-1.0500899287888846e-06,0.9999999999994487,0.0,0.0,0.0,0.0,0.0,0.00018479173554015985
2026-09-16T13:10:44.952583,3.81,0.0,0.0,0.0,-5.455485618810485e-08,0.0,0.0,-2.7277428094052422e-08,0.9999999999999997,0.0,0.0,0.0,0.0,0.0,-9.610882686128881e-05
2026-09-16T13:10:44.975949,3.83,0.0,0.0,0.0,1.5327344651261397e-06,0.0,0.0,7.663672325629949e-07,0.9999999999997063,0.0,0.0,0.0,0.0,0.0,-0.0001322170087719113
2026-09-16T13:10:44.993087,3.85,0.0,0.0,0.0,2.7330975571615568e-06,0.0,0.0,1.366548778580353e-06,0.9999999999990663,0.0,0.0,0.0,0.0,0.0,-8.07083401792419e-05
2026-09-16T13:10:45.012691,3.87,0.0,0.0,0.0,-4.361458413981723e-06,0.0,0.0,-2.180729206989133e-06,0.9999999999976222,0.0,0.0,0.0,0.0,0.0,0.00014152799979774054
2026-09-16T13:10:45.032062,3.89,0.0,0.0,0.0,-1.3256461879329608e-06,0.0,0.0,-6.628230939664318e-07,0.9999999999997803,0.0,0.0,0.0,0.0,0.0,5.266095077932796e-05
2026-09-16T13:10:45.053278,3.91,0.0,0.0,0.0,2.1245173682515883e-06,0.0,0.0,1.0622586841255945e-06,0.9999999999994358,0.0,0.0,0.0,0.0,0.0,5.680197756023308e-05
2026-09-16T13:10:45.075033,3.93,0.0,0.0,0.0,-2.0085987189055743e-06,0.0,0.0,-1.0042993594526184e-06,0.9999999999994957,0.0,0.0,0.0,0.0,0.0,3.9227912895942375e-05
2026-09-16T13:10:45.092354,3.95,0.0,0.0,0.0,-7.83915132807067e-07,0.0,0.0,-3.9195756640352346e-07,0.9999999999999232,0.0,0.0,0.0,0.0,0.0,1.7027982310884745e-05
2026-09-16T13:10:45.112800,3.97,0.0,0.0,0.0,1.8222900366460237e-06,0.0,0.0,9.111450183228858e-07,0.9999999999995849,0.0,0.0,0.0,0.0,0.0,6.335414736974299e-05
2026-09-16T13:10:45.138923,3.99,0.0,0.0,0.0,-3.8652573586261957e-07,0.0,0.0,-1.9326286793130857e-07,0.9999999999999813,0.0,0.0,0.0,0.0,0.0,0.00020232534525658585
2026-09-16T13:10:45.159560,4.01,0.0,0.0,0.0,2.558064407409688e-06,0.0,0.0,1.2790322037044953e-06,0.999999999999182,0.0,0.0,0.0,0.0,0.0,0.00011720858320464619
2026-09-16T13:10:45.181639,4.03,0.0,0.0,0.0,-3.6389877555720313e-07,0.0,0.0,-1.8194938777860058e-07,0.9999999999999835,0.0,0.0,0.0,0.0,0.0,6.582667600491332e-05
2026-09-16T13:10:45.224744,4.05,0.0,0.0,0.0,-7.993858179844437e-07,0.0,0.0,-3.9969290899221123e-07,0.9999999999999202,0.0,0.0,0.0,0.0,0.0,-0.0003254375060970898
2026-09-16T13:10:45.244510,4.07,0.0,0.0,0.0,-2.730530239247742e-06,0.0,0.0,-1.3652651196234466e-06,0.9999999999990681,0.0,0.0,0.0,0.0,0.0,-6.283261135254188e-05
2026-09-16T13:10:45.265903,4.09,0.0,0.0,0.0,-1.915766280280451e-06,0.0,0.0,-9.57883140140079e-07,0.9999999999995413,0.0,0.0,0.0,0.0,0.0,-0.00015461958248153928
2026-09-16T13:10:45.296744,4.11,0.0,0.0,0.0,1.6170937033876953e-07,0.0,0.0,8.085468516938467e-08,0.9999999999999968,0.0,0.0,0.0,0.0,0.0,0.00019394773638155668
2026-09-16T13:10:45.309981,4.13,0.0,0.0,0.0,6.569295365466132e-07,0.0,0.0,3.284647682733007e-07,0.999999999999946,0.0,0.0,0.0,0.0,0.0,0.00012159423848877651
2026-09-16T13:10:45.351265,4.15,0.0,0.0,0.0,4.944995919409222e-07,0.0,0.0,2.472497959704586e-07,0.9999999999999695,0.0,0.0,0.0,0.0,0.0,0.00015796260623237958
2026-09-16T13:10:45.372185,4.17,0.0,0.0,0.0,-1.0120621798392904e-06,0.0,0.0,-5.060310899196236e-07,0.999999999999872,0.0,0.0,0.0,0.0,0.0,-0.0003285312347351552
2026-09-16T13:10:45.394188,4.19,0.0,0.0,0.0,-4.018187144350095e-06,0.0,0.0,-2.0090935721736955e-06,0.9999999999979817,0.0,0.0,0.0,0.0,0.0,1.4714004280727663e-05
2026-09-16T13:10:45.425696,4.21,0.0,0.0,0.0,3.278929052719093e-07,0.0,0.0,1.639464526359539e-07,0.9999999999999866,0.0,0.0,0.0,0.0,0.0,5.060350701855223e-05
2026-09-16T13:10:45.444880,4.23,0.0,0.0,0.0,2.215280392459107e-06,0.0,0.0,1.1076401962293269e-06,0.9999999999993866,0.0,0.0,0.0,0.0,0.0,0.0001108249968374027
2026-09-16T13:10:45.466001,4.25,0.0,0.0,0.0,6.024438272689282e-07,0.0,0.0,3.012219136344595e-07,0.9999999999999546,0.0,0.0,0.0,0.0,0.0,-2.6769565139294907e-05
2026-09-16T13:10:45.483768,4.27,0.0,0.0,0.0,2.054669328899195e-06,0.0,0.0,1.0273346644494167e-06,0.9999999999994723,0.0,0.0,0.0,0.0,0.0,5.454978155320324e-05
2026-09-16T13:10:45.508659,4.29,0.0,0.0,0.0,1.608548671150345e-06,0.0,0.0,8.042743355750858e-07,0.9999999999996766,0.0,0.0,0.0,0.0,0.0,6.367446298648822e-05
2026-09-16T13:10:45.533409,4.31,0.0,0.0,0.0,-1.2948538286039481e-06,0.0,0.0,-6.474269143019288e-07,0.9999999999997904,0.0,0.0,0.0,0.0,0.0,0.00030343875763979775
2026-09-16T13:10:45.557793,4.33,0.0,0.0,0.0,-7.901004721588833e-07,0.0,0.0,-3.950502360794314e-07,0.999999999999922,0.0,0.0,0.0,0.0,0.0,-2.3890763414602438e-05
2026-09-16T13:10:45.584749,4.35,0.0,0.0,0.0,1.2455461928517766e-06,0.0,0.0,6.22773096425848e-07,0.999999999999806,0.0,0.0,0.0,0.0,0.0,1.4117511742351837e-05
2026-09-16T13:10:45.607765,4.37,0.0,0.0,0.0,-3.477208281310596e-07,0.0,0.0,-1.738604140655289e-07,0.9999999999999849,0.0,0.0,0.0,0.0,0.0,-2.0690207669164532e-05
2026-09-16T13:10:45.626656,4.39,0.0,0.0,0.0,2.8388971626824855e-06,0.0,0.0,1.419448581340766e-06,0.9999999999989926,0.0,0.0,0.0,0.0,0.0,7.443335887378705e-05
2026-09-16T13:10:45.648084,4.41,0.0,0.0,0.0,-8.442936310082417e-07,0.0,0.0,-4.2214681550410826e-07,0.9999999999999108,0.0,0.0,0.0,0.0,0.0,-0.0004083943686010975
2026-09-16T13:10:45.665486,4.43,0.0,0.0,0.0,-2.7623067460069706e-06,0.0,0.0,-1.381153373003046e-06,0.9999999999990462,0.0,0.0,0.0,0.0,0.0,-0.00022223784659834613
2026-09-16T13:10:45.685151,4.45,0.0,0.0,0.0,-2.310091797408376e-06,0.0,0.0,-1.155045898703931e-06,0.999999999999333,0.0,0.0,0.0,0.0,0.0,-0.00015493608980959167
2026-09-16T13:10:45.706145,4.47,0.0,0.0,0.0,1.6939237665880575e-06,0.0,0.0,8.469618832939272e-07,0.9999999999996413,0.0,0.0,0.0,0.0,0.0,-1.9043763094642543e-05
2026-09-16T13:10:45.727214,4.49,0.0,0.0,0.0,-6.264643781506152e-08,0.0,0.0,-3.132321890753075e-08,0.9999999999999996,0.0,0.0,0.0,0.0,0.0,-2.369478048821161e-05
2026-09-16T13:10:45.746630,4.51,0.0,0.0,0.0,-2.0008749639366386e-06,0.0,0.0,-1.0004374819681524e-06,0.9999999999994995,0.0,0.0,0.0,0.0,0.0,0.0005164595688735579
2026-09-16T13:10:45.766412,4.53,0.0,0.0,0.0,4.118512110906637e-06,0.0,0.0,2.0592560554518627e-06,0.9999999999978797,0.0,0.0,0.0,0.0,0.0,1.595481265894436e-05
2026-09-16T13:10:45.789186,4.55,0.0,0.0,0.0,9.312718725063008e-07,0.0,0.0,4.6563593625313353e-07,0.9999999999998916,0.0,0.0,0.0,0.0,0.0,0.0002897979940230069
2026-09-16T13:10:45.804629,4.5600000000000005,0.0,0.0,0.0,3.1907809727727e-12,0.0,0.0,1.59539048638635e-12,1.0,0.0,0.0,0.0,0.0,0.0,0.00012327844036106824
2026-09-16T13:10:45.826817,4.59,0.0,0.0,0.0,-3.252938345355006e-07,0.0,0.0,-1.6264691726774955e-07,0.9999999999999868,0.0,0.0,0.0,0.0,0.0,0.000133908916376298
2026-09-16T13:10:45.847278,4.61,0.0,0.0,0.0,-1.1129258274955591e-06,0.0,0.0,-5.564629137477508e-07,0.9999999999998451,0.0,0.0,0.0,0.0,0.0,-0.00015401953416769833
2026-09-16T13:10:45.865629,4.63,0.0,0.0,0.0,-1.7506861871297022e-07,0.0,0.0,-8.753430935648499e-08,0.9999999999999961,0.0,0.0,0.0,0.0,0.0,5.35476656963522e-05
2026-09-16T13:10:45.898307,4.65,0.0,0.0,0.0,-3.293617901078961e-06,0.0,0.0,-1.6468089505387357e-06,0.999999999998644,0.0,0.0,0.0,0.0,0.0,-3.1147678657020912e-06
2026-09-16T13:10:45.910969,4.67,0.0,0.0,0.0,-1.9139702778225853e-06,0.0,0.0,-9.569851389111466e-07,0.9999999999995421,0.0,0.0,0.0,0.0,0.0,-0.00014089934290316072
2026-09-16T13:10:45.929260,4.7,0.0,0.0,0.0,-1.7776891070298007e-12,0.0,0.0,-8.888445535149003e-13,1.0,0.0,0.0,0.0,0.0,0.0,-5.23093623401005e-05
2026-09-16T13:10:45.948304,4.71,0.0,0.0,0.0,1.3617228060702757e-06,0.0,0.0,6.808614030350852e-07,0.9999999999997682,0.0,0.0,0.0,0.0,0.0,0.00030599599770860517
2026-09-16T13:10:45.964975,4.73,0.0,0.0,0.0,2.3923334500075555e-06,0.0,0.0,1.1961667250034925e-06,0.9999999999992846,0.0,0.0,0.0,0.0,0.0,-8.477362077553087e-06
2026-09-16T13:10:45.998398,4.75,0.0,0.0,0.0,1.2747518729483431e-07,0.0,0.0,6.373759364741712e-08,0.999999999999998,0.0,0.0,0.0,0.0,0.0,-1.2335762487388081e-05
2026-09-16T13:10:46.015059,4.77,0.0,0.0,0.0,2.0003480343255835e-06,0.0,0.0,1.0001740171626249e-06,0.9999999999994998,0.0,0.0,0.0,0.0,0.0,0.00020270935448319532
2026-09-16T13:10:46.035285,4.79,0.0,0.0,0.0,-2.420026612881543e-06,0.0,0.0,-1.2100133064404762e-06,0.9999999999992679,0.0,0.0,0.0,0.0,0.0,0.00022159573893053004
2026-09-16T13:10:46.056229,4.8100000000000005,0.0,0.0,0.0,-2.416322022469331e-07,0.0,0.0,-1.2081610112346623e-07,0.9999999999999927,0.0,0.0,0.0,0.0,0.0,0.00019819092126437308
2026-09-16T13:10:46.077510,4.83,0.0,0.0,0.0,-1.987863178509741e-06,0.0,0.0,-9.939315892547069e-07,0.9999999999995061,0.0,0.0,0.0,0.0,0.0,0.00017095645955041985
2026-09-16T13:10:46.097839,4.85,0.0,0.0,0.0,4.888964246330119e-06,0.0,0.0,2.444482123162625e-06,0.9999999999970123,0.0,0.0,0.0,0.0,0.0,0.00020596080189341103
2026-09-16T13:10:46.115870,4.87,0.0,0.0,0.0,1.4259409062411523e-06,0.0,0.0,7.129704531205157e-07,0.9999999999997459,0.0,0.0,0.0,0.0,0.0,0.00010571927122776626
2026-09-16T13:10:46.137081,4.89,0.0,0.0,0.0,1.7466677566524422e-06,0.0,0.0,8.733338783261102e-07,0.9999999999996186,0.0,0.0,0.0,0.0,0.0,0.00041644901956284705
2026-09-16T13:10:46.157635,4.91,0.0,0.0,0.0,-5.211787645897914e-07,0.0,0.0,-2.6058938229489273e-07,0.999999999999966,0.0,0.0,0.0,0.0,0.0,-0.00016793412795604318
2026-09-16T13:10:46.176422,4.93,0.0,0.0,0.0,3.7549645894863204e-06,0.0,0.0,1.8774822947420571e-06,0.9999999999982375,0.0,0.0,0.0,0.0,0.0,5.748945892031118e-05
2026-09-16T13:10:46.197495,4.95,0.0,0.0,0.0,-8.221205938241383e-08,0.0,0.0,-4.11060296912069e-08,0.9999999999999991,0.0,0.0,0.0,0.0,0.0,-6.891457958479116e-05
2026-09-16T13:10:46.215110,4.97,0.0,0.0,0.0,-5.477905140605088e-06,0.0,0.0,-2.7389525702991196e-06,0.9999999999962491,0.0,0.0,0.0,0.0,0.0,0.000361608351061821
2026-09-16T13:10:46.234898,4.99,0.0,0.0,0.0,-1.3584886908724059e-06,0.0,0.0,-6.792443454361507e-07,0.9999999999997693,0.0,0.0,0.0,0.0,0.0,6.56411253318207e-05
2026-09-16T13:10:46.257559,5.01,0.0,0.0,0.0,-1.1936196564477084e-06,0.0,0.0,-5.968098282238188e-07,0.9999999999998219,0.0,0.0,0.0,0.0,0.0,-0.00024859168911296194
2026-09-16T13:10:46.278751,5.03,0.0,0.0,0.0,5.731693306643139e-07,0.0,0.0,2.8658466533215296e-07,0.9999999999999589,0.0,0.0,0.0,0.0,0.0,-0.0003536093304166703
2026-09-16T13:10:46.311840,5.05,0.0,0.0,0.0,2.137541997626613e-06,0.0,0.0,1.068770998813103e-06,0.9999999999994289,0.0,0.0,0.0,0.0,0.0,0.0001595796934202882
2026-09-16T13:10:46.331182,5.07,0.0,0.0,0.0,-2.0389340318338616e-06,0.0,0.0,-1.019467015916754e-06,0.9999999999994803,0.0,0.0,0.0,0.0,0.0,-0.00027837275606062555
2026-09-16T13:10:46.351960,5.09,0.0,0.0,0.0,3.723296621238603e-06,0.0,0.0,1.8616483106182263e-06,0.9999999999982672,0.0,0.0,0.0,0.0,0.0,-0.00022732028074711966
2026-09-16T13:10:46.368730,5.11,0.0,0.0,0.0,1.106191007238522e-06,0.0,0.0,5.530955036192327e-07,0.999999999999847,0.0,0.0,0.0,0.0,0.0,-7.801952622353054e-05
2026-09-16T13:10:46.389961,5.13,0.0,0.0,0.0,-1.050971411675761e-06,0.0,0.0,-5.254857058378562e-07,0.9999999999998619,0.0,0.0,0.0,0.0,0.0,6.766854468661675e-05
2026-09-16T13:10:46.413274,5.15,0.0,0.0,0.0,7.330249616188667e-07,0.0,0.0,3.665124808094251e-07,0.9999999999999328,0.0,0.0,0.0,0.0,0.0,0.00020643909173175822
2026-09-16T13:10:46.433318,5.18,0.0,0.0,0.0,-2.1316282072803006e-14,0.0,0.0,-1.0658141036401503e-14,1.0,0.0,0.0,0.0,0.0,0.0,-0.00028283936612221323
2026-09-16T13:10:46.448862,5.19,0.0,0.0,0.0,1.2286092601065948e-06,0.0,0.0,6.143046300532586e-07,0.9999999999998113,0.0,0.0,0.0,0.0,0.0,0.0003342203285141026
2026-09-16T13:10:46.471568,5.21,0.0,0.0,0.0,-1.9453477939634922e-06,0.0,0.0,-9.726738969815928e-07,0.9999999999995269,0.0,0.0,0.0,0.0,0.0,-1.219418677965496e-05
2026-09-16T13:10:46.491777,5.23,0.0,0.0,0.0,2.2210311430015395e-06,0.0,0.0,1.1105155715005415e-06,0.9999999999993834,0.0,0.0,0.0,0.0,0.0,9.787795061972526e-05
2026-09-16T13:10:46.514958,5.26,0.0,0.0,0.0,1.645794611704332e-12,0.0,0.0,8.22897305852166e-13,1.0,0.0,0.0,0.0,0.0,0.0,0.0003283651954977092
2026-09-16T13:10:46.531206,5.27,0.0,0.0,0.0,-5.3006230356089645e-06,0.0,0.0,-2.6503115178013796e-06,0.9999999999964879,0.0,0.0,0.0,0.0,0.0,8.144633215643484e-05
2026-09-16T13:10:46.552739,5.29,0.0,0.0,0.0,-9.58826035013516e-07,0.0,0.0,-4.794130175067396e-07,0.9999999999998851,0.0,0.0,0.0,0.0,0.0,-0.00020017085376471697
2026-09-16T13:10:46.572317,5.31,0.0,0.0,0.0,-1.1145353226993395e-06,0.0,0.0,-5.572676613496409e-07,0.9999999999998447,0.0,0.0,0.0,0.0,0.0,-0.00017452662402924862
2026-09-16T13:10:46.591401,5.33,0.0,0.0,0.0,1.0676568118483941e-07,0.0,0.0,5.3382840592419685e-08,0.9999999999999986,0.0,0.0,0.0,0.0,0.0,0.0001415717227517739
2026-09-16T13:10:46.610454,5.35,0.0,0.0,0.0,-3.0117563531995026e-06,0.0,0.0,-1.5058781765991817e-06,0.9999999999988661,0.0,0.0,0.0,0.0,0.0,-5.5405807148485326e-05
2026-09-16T13:10:46.630974,5.37,0.0,0.0,0.0,-1.3633709050608898e-06,0.0,0.0,-6.816854525303922e-07,0.9999999999997676,0.0,0.0,0.0,0.0,0.0,-0.0005153366493569715
2026-09-16T13:10:46.651927,5.39,0.0,0.0,0.0,2.3070648986767148e-06,0.0,0.0,1.1535324493381012e-06,0.9999999999993346,0.0,0.0,0.0,0.0,0.0,0.00045935935523268767
2026-09-16T13:10:46.672281,5.41,0.0,0.0,0.0,-2.5701825565604967e-06,0.0,0.0,-1.2850912782798945e-06,0.9999999999991742,0.0,0.0,0.0,0.0,0.0,0.00038135743734465005
2026-09-16T13:10:46.691467,5.43,0.0,0.0,0.0,-2.0914193843424304e-06,0.0,0.0,-1.0457096921710244e-06,0.9999999999994532,0.0,0.0,0.0,0.0,0.0,0.00019895676897923318
2026-09-16T13:10:46.708558,5.45,0.0,0.0,0.0,5.87266447471535e-07,0.0,0.0,2.9363322373576327e-07,0.9999999999999569,0.0,0.0,0.0,0.0,0.0,-0.00013857006554264626
2026-09-16T13:10:46.731573,5.47,0.0,0.0,0.0,-3.5120465735616335e-07,0.0,0.0,-1.7560232867808078e-07,0.9999999999999846,0.0,0.0,0.0,0.0,0.0,0.00023053217934463632
2026-09-16T13:10:46.752916,5.49,0.0,0.0,0.0,-1.4562957662000997e-06,0.0,0.0,-7.281478830999855e-07,0.9999999999997349,0.0,0.0,0.0,0.0,0.0,3.194219641055538e-05
2026-09-16T13:10:46.768154,5.51,0.0,0.0,0.0,5.965866765045291e-07,0.0,0.0,2.982933382522601e-07,0.9999999999999555,0.0,0.0,0.0,0.0,0.0,0.000183336443120297
2026-09-16T13:10:46.788175,5.53,0.0,0.0,0.0,-1.5473535492915862e-06,0.0,0.0,-7.736767746457157e-07,0.9999999999997007,0.0,0.0,0.0,0.0,0.0,-0.0004027547101805286
2026-09-16T13:10:46.816005,5.55,0.0,0.0,0.0,-2.2189838091435377e-06,0.0,0.0,-1.1094919045715412e-06,0.9999999999993845,0.0,0.0,0.0,0.0,0.0,-3.8717282825400295e-05
2026-09-16T13:10:46.829174,5.57,0.0,0.0,0.0,1.9872824319477902e-07,0.0,0.0,9.936412159738934e-08,0.9999999999999951,0.0,0.0,0.0,0.0,0.0,-0.00010642019253128463
2026-09-16T13:10:46.849130,5.59,0.0,0.0,0.0,7.614761434737716e-07,0.0,0.0,3.807380717368766e-07,0.9999999999999275,0.0,0.0,0.0,0.0,0.0,-0.00017413758744914417
2026-09-16T13:10:46.869819,5.61,0.0,0.0,0.0,1.3879221771873063e-08,0.0,0.0,6.939610885936531e-09,1.0,0.0,0.0,0.0,0.0,0.0,-0.00017954358319535559
2026-09-16T13:10:46.889723,5.63,0.0,0.0,0.0,-1.6829378339799914e-06,0.0,0.0,-8.414689169898965e-07,0.999999999999646,0.0,0.0,0.0,0.0,0.0,6.46172223710284e-05
2026-09-16T13:10:46.909814,5.65,0.0,0.0,0.0,-4.902550996277456e-07,0.0,0.0,-2.451275498138703e-07,0.9999999999999699,0.0,0.0,0.0,0.0,0.0,0.00021915810578790852
2026-09-16T13:10:46.930120,5.67,0.0,0.0,0.0,1.4160703720733636e-09,0.0,0.0,7.080351860366818e-10,1.0,0.0,0.0,0.0,0.0,0.0,-0.00011979073970104159
2026-09-16T13:10:46.949754,5.69,0.0,0.0,0.0,1.269069195508621e-06,0.0,0.0,6.345345977542679e-07,0.9999999999997987,0.0,0.0,0.0,0.0,0.0,-0.00013574087743040174
2026-09-16T13:10:46.972115,5.71,0.0,0.0,0.0,8.937711282186456e-07,0.0,0.0,4.468855641093079e-07,0.9999999999999002,0.0,0.0,0.0,0.0,0.0,-0.00018325793126661288
2026-09-16T13:10:46.991909,5.73,0.0,0.0,0.0,2.505512098238683e-06,0.0,0.0,1.2527560491190137e-06,0.9999999999992153,0.0,0.0,0.0,0.0,0.0,-0.00010474260401072995
2026-09-16T13:10:47.009617,5.75,0.0,0.0,0.0,9.064996655538949e-07,0.0,0.0,4.532498327769319e-07,0.9999999999998973,0.0,0.0,0.0,0.0,0.0,-0.00028978409730064434
2026-09-16T13:10:47.031432,5.77,0.0,0.0,0.0,-1.057723172159797e-06,0.0,0.0,-5.288615860798737e-07,0.9999999999998601,0.0,0.0,0.0,0.0,0.0,-8.342006490570628e-05
2026-09-16T13:10:47.050963,5.79,0.0,0.0,0.0,-5.445455523833687e-06,0.0,0.0,-2.7227277619134793e-06,0.9999999999962934,0.0,0.0,0.0,0.0,0.0,5.535271484377396e-05
2026-09-16T13:10:47.070457,5.8100000000000005,0.0,0.0,0.0,-1.4717386225271416e-06,0.0,0.0,-7.358693112635042e-07,0.9999999999997292,0.0,0.0,0.0,0.0,0.0,0.00033685742336475225
2026-09-16T13:10:47.091198,5.83,0.0,0.0,0.0,1.760805941497523e-06,0.0,0.0,8.804029707486478e-07,0.9999999999996124,0.0,0.0,0.0,0.0,0.0,7.156726400407053e-05
2026-09-16T13:10:47.109978,5.85,0.0,0.0,0.0,-1.381025875879516e-07,0.0,0.0,-6.905129379397573e-08,0.9999999999999977,0.0,0.0,0.0,0.0,0.0,-8.271257065866396e-05
2026-09-16T13:10:47.131958,5.87,0.0,0.0,0.0,5.147561017437852e-07,0.0,0.0,2.573780508718897e-07,0.9999999999999669,0.0,0.0,0.0,0.0,0.0,-0.00023594889774473373
2026-09-16T13:10:47.150295,5.89,0.0,0.0,0.0,1.5279271941004426e-06,0.0,0.0,7.639635970501469e-07,0.9999999999997082,0.0,0.0,0.0,0.0,0.0,0.00035006947941189663
2026-09-16T13:10:47.170196,5.91,0.0,0.0,0.0,-3.392947841351912e-06,0.0,0.0,-1.6964739206751423e-06,0.999999999998561,0.0,0.0,0.0,0.0,0.0,3.327687819004656e-05
2026-09-16T13:10:47.189509,5.93,0.0,0.0,0.0,-2.7403980360496405e-06,0.0,0.0,-1.3701990180243914e-06,0.9999999999990613,0.0,0.0,0.0,0.0,0.0,-0.00040070827169316677
2026-09-16T13:10:47.209332,5.95,0.0,0.0,0.0,-1.5535270225797149e-07,0.0,0.0,-7.767635112898566e-08,0.999999999999997,0.0,0.0,0.0,0.0,0.0,0.0002631718492002059
2026-09-16T13:10:47.235421,5.97,0.0,0.0,0.0,-1.2297333480404406e-06,0.0,0.0,-6.148666740201815e-07,0.9999999999998109,0.0,0.0,0.0,0.0,0.0,-0.0002731527159960835
2026-09-16T13:10:47.255805,5.99,0.0,0.0,0.0,-2.982340845392173e-07,0.0,0.0,-1.491170422696081e-07,0.9999999999999889,0.0,0.0,0.0,0.0,0.0,0.00032912306476223205
2026-09-16T13:10:47.271310,6.01,0.0,0.0,0.0,4.7613312403882446e-07,0.0,0.0,2.3806656201940998e-07,0.9999999999999717,0.0,0.0,0.0,0.0,0.0,2.031057891548159e-05
2026-09-16T13:10:47.291231,6.03,0.0,0.0,0.0,5.459073517677383e-07,0.0,0.0,2.729536758838657e-07,0.9999999999999627,0.0,0.0,0.0,0.0,0.0,-0.00011184256710981259
2026-09-16T13:10:47.325377,6.05,0.0,0.0,0.0,1.6723701716792052e-06,0.0,0.0,8.361850858395051e-07,0.9999999999996504,0.0,0.0,0.0,0.0,0.0,0.0003348878253793305
2026-09-16T13:10:47.345944,6.07,0.0,0.0,0.0,3.2044891664639867e-06,0.0,0.0,1.6022445832313077e-06,0.9999999999987164,0.0,0.0,0.0,0.0,0.0,4.985762836574864e-05
2026-09-16T13:10:47.366378,6.09,0.0,0.0,0.0,1.5527933903136675e-06,0.0,0.0,7.763966951567555e-07,0.9999999999996986,0.0,0.0,0.0,0.0,0.0,0.00042810993071901713
2026-09-16T13:10:47.384224,6.11,0.0,0.0,0.0,1.6226283956477516e-06,0.0,0.0,8.113141978237868e-07,0.9999999999996709,0.0,0.0,0.0,0.0,0.0,-0.00026415350458980873
2026-09-16T13:10:47.405914,6.13,0.0,0.0,0.0,2.145989369761736e-06,0.0,0.0,1.0729946848806622e-06,0.9999999999994243,0.0,0.0,0.0,0.0,0.0,0.00046793551676622774
2026-09-16T13:10:47.426121,6.15,0.0,0.0,0.0,8.844849510580843e-07,0.0,0.0,4.4224247552902777e-07,0.9999999999999022,0.0,0.0,0.0,0.0,0.0,0.0002863934966421015
2026-09-16T13:10:47.443734,6.17,0.0,0.0,0.0,-2.98210478844041e-06,0.0,0.0,-1.4910523942196523e-06,0.9999999999988883,0.0,0.0,0.0,0.0,0.0,-0.00016978819151663044
2026-09-16T13:10:47.466853,6.19,0.0,0.0,0.0,3.3263213099488102e-06,0.0,0.0,1.6631606549736381e-06,0.999999999998617,0.0,0.0,0.0,0.0,0.0,0.00018693422292925934
2026-09-16T13:10:47.483834,6.21,0.0,0.0,0.0,2.4832554381681855e-06,0.0,0.0,1.2416277190837739e-06,0.9999999999992292,0.0,0.0,0.0,0.0,0.0,-0.00024883490016448784
2026-09-16T13:10:47.506501,6.23,0.0,0.0,0.0,1.7788623645209613e-06,0.0,0.0,8.894311822603633e-07,0.9999999999996044,0.0,0.0,0.0,0.0,0.0,0.00028731123980132485
2026-09-16T13:10:47.526135,6.25,0.0,0.0,0.0,8.656722148003839e-07,0.0,0.0,4.3283610740017835e-07,0.9999999999999063,0.0,0.0,0.0,0.0,0.0,-5.735652774673132e-05
2026-09-16T13:10:47.546794,6.27,0.0,0.0,0.0,1.588875567115622e-06,0.0,0.0,7.944377835577274e-07,0.9999999999996845,0.0,0.0,0.0,0.0,0.0,5.903919192058599e-05
2026-09-16T13:10:47.567582,6.29,0.0,0.0,0.0,-3.2089211070562844e-06,0.0,0.0,-1.6044605535274536e-06,0.9999999999987128,0.0,0.0,0.0,0.0,0.0,-0.0002591106329346924
2026-09-16T13:10:47.585768,6.31,0.0,0.0,0.0,4.1178427601096246e-07,0.0,0.0,2.0589213800547977e-07,0.9999999999999788,0.0,0.0,0.0,0.0,0.0,0.00034409340299097676
2026-09-16T13:10:47.607653,6.33,0.0,0.0,0.0,-7.252093712217801e-07,0.0,0.0,-3.6260468561088205e-07,0.9999999999999343,0.0,0.0,0.0,0.0,0.0,-7.491383820520901e-05
2026-09-16T13:10:47.625433,6.35,0.0,0.0,0.0,-2.711244654562961e-06,0.0,0.0,-1.3556223272810652e-06,0.9999999999990812,0.0,0.0,0.0,0.0,0.0,-0.00015406978473927059
2026-09-16T13:10:47.647586,6.37,0.0,0.0,0.0,2.2991544752493102e-06,0.0,0.0,1.1495772376244017e-06,0.9999999999993392,0.0,0.0,0.0,0.0,0.0,0.00013740893375556118
2026-09-16T13:10:47.666456,6.39,0.0,0.0,0.0,-1.3149704791715067e-06,0.0,0.0,-6.57485239585706e-07,0.9999999999997838,0.0,0.0,0.0,0.0,0.0,-0.00047022864506084767
2026-09-16T13:10:47.687031,6.41,0.0,0.0,0.0,5.960416689099191e-07,0.0,0.0,2.9802083445495513e-07,0.9999999999999556,0.0,0.0,0.0,0.0,0.0,1.445976983920383e-05
2026-09-16T13:10:47.704882,6.43,0.0,0.0,0.0,1.4039255384901141e-06,0.0,0.0,7.019627692449994e-07,0.9999999999997536,0.0,0.0,0.0,0.0,0.0,-3.8911662110931844e-05
2026-09-16T13:10:47.724312,6.45,0.0,0.0,0.0,2.8563093881217587e-06,0.0,0.0,1.4281546940603936e-06,0.9999999999989801,0.0,0.0,0.0,0.0,0.0,0.00015073716523154667
2026-09-16T13:10:47.747338,6.47,0.0,0.0,0.0,-2.814517200633304e-06,0.0,0.0,-1.4072586003161877e-06,0.9999999999990098,0.0,0.0,0.0,0.0,0.0,-0.00019994558489029552
2026-09-16T13:10:47.767194,6.49,0.0,0.0,0.0,3.5075816291474378e-06,0.0,0.0,1.75379081457282e-06,0.9999999999984621,0.0,0.0,0.0,0.0,0.0,-0.00020259790710431592
2026-09-16T13:10:47.787193,6.51,0.0,0.0,0.0,-3.4467485794387183e-06,0.0,0.0,-1.7233742897185062e-06,0.999999999998515,0.0,0.0,0.0,0.0,0.0,-0.00019946434038201457
2026-09-16T13:10:47.807264,6.53,0.0,0.0,0.0,1.8995450776770897e-06,0.0,0.0,9.497725388384019e-07,0.9999999999995489,0.0,0.0,0.0,0.0,0.0,0.00012186129752058283
2026-09-16T13:10:47.823995,6.55,0.0,0.0,0.0,-1.2530998114712588e-06,0.0,0.0,-6.265499057355884e-07,0.9999999999998037,0.0,0.0,0.0,0.0,0.0,4.756509132617832e-05
2026-09-16T13:10:47.848184,6.57,0.0,0.0,0.0,3.426926797001073e-06,0.0,0.0,1.7134633984996982e-06,0.9999999999985321,0.0,0.0,0.0,0.0,0.0,-0.00041710444390134023
2026-09-16T13:10:47.868683,6.59,0.0,0.0,0.0,-2.484578343509014e-06,0.0,0.0,-1.2422891717541875e-06,0.9999999999992284,0.0,0.0,0.0,0.0,0.0,-0.00015761424929088761
2026-09-16T13:10:47.886266,6.61,0.0,0.0,0.0,2.5476878442454165e-06,0.0,0.0,1.2738439221223637e-06,0.9999999999991886,0.0,0.0,0.0,0.0,0.0,3.300980027503685e-05
2026-09-16T13:10:47.904653,6.63,0.0,0.0,0.0,-3.199005445875258e-06,0.0,0.0,-1.599502722936947e-06,0.9999999999987208,0.0,0.0,0.0,0.0,0.0,-0.0001463243106530568
2026-09-16T13:10:47.925954,6.65,0.0,0.0,0.0,-1.1763704179656997e-06,0.0,0.0,-5.88185208982816e-07,0.999999999999827,0.0,0.0,0.0,0.0,0.0,-0.00011035458943742206
2026-09-16T13:10:47.943558,6.67,0.0,0.0,0.0,-1.470232627198698e-06,0.0,0.0,-7.351163135992826e-07,0.9999999999997298,0.0,0.0,0.0,0.0,0.0,0.00013644749110601403
2026-09-16T13:10:47.966266,6.69,0.0,0.0,0.0,1.0912622787628834e-06,0.0,0.0,5.456311393814146e-07,0.9999999999998511,0.0,0.0,0.0,0.0,0.0,3.7754494607525555e-05
2026-09-16T13:10:47.984367,6.71,0.0,0.0,0.0,2.7524400665335236e-06,0.0,0.0,1.3762200332663273e-06,0.999999999999053,0.0,0.0,0.0,0.0,0.0,1.251655047165265e-05
2026-09-16T13:10:48.005573,6.73,0.0,0.0,0.0,-2.488689160085045e-06,0.0,0.0,-1.2443445800422013e-06,0.9999999999992258,0.0,0.0,0.0,0.0,0.0,4.326832166540683e-05
2026-09-16T13:10:48.026386,6.76,0.0,0.0,0.0,6.159517340620368e-13,0.0,0.0,3.079758670310184e-13,1.0,0.0,0.0,0.0,0.0,0.0,0.00011770356608911887
2026-09-16T13:10:48.045493,6.77,0.0,0.0,0.0,-2.2819116418659751e-07,0.0,0.0,-1.1409558209329848e-07,0.9999999999999934,0.0,0.0,0.0,0.0,0.0,7.628938184824505e-05
2026-09-16T13:10:48.068647,6.79,0.0,0.0,0.0,-1.1141639699729924e-06,0.0,0.0,-5.570819849864673e-07,0.9999999999998448,0.0,0.0,0.0,0.0,0.0,-0.0003382701150732363
2026-09-16T13:10:48.087498,6.8100000000000005,0.0,0.0,0.0,-6.790452773408617e-07,0.0,0.0,-3.3952263867042435e-07,0.9999999999999424,0.0,0.0,0.0,0.0,0.0,-1.9482809680563387e-05
2026-09-16T13:10:48.107418,6.83,0.0,0.0,0.0,1.7085979711062294e-06,0.0,0.0,8.542989855530108e-07,0.9999999999996351,0.0,0.0,0.0,0.0,0.0,4.223848489966233e-05
2026-09-16T13:10:48.123920,6.85,0.0,0.0,0.0,-1.2511928892955382e-06,0.0,0.0,-6.255964446477283e-07,0.9999999999998043,0.0,0.0,0.0,0.0,0.0,-0.0006454312242458003
2026-09-16T13:10:48.145857,6.87,0.0,0.0,0.0,-1.513101008931983e-07,0.0,0.0,-7.565505044659908e-08,0.9999999999999971,0.0,0.0,0.0,0.0,0.0,0.00016846291702788795
2026-09-16T13:10:48.168454,6.89,0.0,0.0,0.0,2.996562160628713e-06,0.0,0.0,1.498281080313796e-06,0.9999999999988776,0.0,0.0,0.0,0.0,0.0,0.00014655357614991806
2026-09-16T13:10:48.188174,6.91,0.0,0.0,0.0,1.1264106944963716e-06,0.0,0.0,5.63205347248156e-07,0.9999999999998413,0.0,0.0,0.0,0.0,0.0,4.823340740887103e-06
2026-09-16T13:10:48.207346,6.93,0.0,0.0,0.0,-7.433152555691435e-07,0.0,0.0,-3.716576277845632e-07,0.9999999999999309,0.0,0.0,0.0,0.0,0.0,-4.214151085494855e-05
2026-09-16T13:10:48.226745,6.95,0.0,0.0,0.0,3.6829326899301415e-06,0.0,0.0,1.8414663449640295e-06,0.9999999999983045,0.0,0.0,0.0,0.0,0.0,0.0004070612959457089
2026-09-16T13:10:48.245995,6.98,0.0,0.0,0.0,-2.255529096828468e-12,0.0,0.0,-1.127764548414234e-12,1.0,0.0,0.0,0.0,0.0,0.0,-0.0003230412234672457
2026-09-16T13:10:48.266299,6.99,0.0,0.0,0.0,-1.3343034424018187e-06,0.0,0.0,-6.671517212008598e-07,0.9999999999997774,0.0,0.0,0.0,0.0,0.0,-3.4379567494082018e-06
2026-09-16T13:10:48.287493,7.01,0.0,0.0,0.0,-2.2487447726149412e-07,0.0,0.0,-1.1243723863074682e-07,0.9999999999999937,0.0,0.0,0.0,0.0,0.0,-3.529909785415807e-05
2026-09-16T13:10:48.305867,7.03,0.0,0.0,0.0,1.3447418458767404e-06,0.0,0.0,6.723709229383195e-07,0.999999999999774,0.0,0.0,0.0,0.0,0.0,-4.1923611761765837e-05
2026-09-16T13:10:48.334416,7.05,0.0,0.0,0.0,3.596535899763609e-06,0.0,0.0,1.7982679498808352e-06,0.9999999999983831,0.0,0.0,0.0,0.0,0.0,0.0003116140998012625
2026-09-16T13:10:48.348637,7.06,0.0,0.0,0.0,5.5928595088516886e-12,0.0,0.0,2.7964297544258443e-12,1.0,0.0,0.0,0.0,0.0,0.0,-0.0003257633995794829
2026-09-16T13:10:48.366139,7.09,0.0,0.0,0.0,-4.076970179234252e-07,0.0,0.0,-2.0384850896171118e-07,0.9999999999999792,0.0,0.0,0.0,0.0,0.0,1.4358982021732236e-05
2026-09-16T13:10:48.388365,7.11,0.0,0.0,0.0,-1.4640097454332592e-06,0.0,0.0,-7.320048727165642e-07,0.9999999999997321,0.0,0.0,0.0,0.0,0.0,-0.00026895807674852276
2026-09-16T13:10:48.405728,7.13,0.0,0.0,0.0,-8.256874113321545e-07,0.0,0.0,-4.1284370566606545e-07,0.9999999999999147,0.0,0.0,0.0,0.0,0.0,0.00010654768616457711
2026-09-16T13:10:48.423365,7.15,0.0,0.0,0.0,2.8794575568369396e-07,0.0,0.0,1.4397287784184648e-07,0.9999999999999897,0.0,0.0,0.0,0.0,0.0,0.00011230830191963241
2026-09-16T13:10:48.446044,7.17,0.0,0.0,0.0,2.04207746934415e-06,0.0,0.0,1.0210387346718976e-06,0.9999999999994788,0.0,0.0,0.0,0.0,0.0,0.00030174190923270064
2026-09-16T13:10:48.465051,7.19,0.0,0.0,0.0,1.970856899902174e-08,0.0,0.0,9.854284499510868e-09,1.0,0.0,0.0,0.0,0.0,0.0,0.0002161206343969587
2026-09-16T13:10:48.484140,7.21,0.0,0.0,0.0,1.0301365063192236e-06,0.0,0.0,5.15068253159589e-07,0.9999999999998673,0.0,0.0,0.0,0.0,0.0,-0.00011181052531535723
2026-09-16T13:10:48.505440,7.23,0.0,0.0,0.0,9.982381676820752e-08,0.0,0.0,4.9911908384103734e-08,0.9999999999999988,0.0,0.0,0.0,0.0,0.0,0.00035934671309145847
2026-09-16T13:10:48.523634,7.25,0.0,0.0,0.0,-1.5264359820577056e-06,0.0,0.0,-7.632179910287787e-07,0.9999999999997088,0.0,0.0,0.0,0.0,0.0,2.491935891155942e-06
2026-09-16T13:10:48.543837,7.27,0.0,0.0,0.0,7.987870365155914e-09,0.0,0.0,3.993935182577957e-09,1.0,0.0,0.0,0.0,0.0,0.0,-0.00011293003283862916
2026-09-16T13:10:48.567569,7.29,0.0,0.0,0.0,1.258728436148715e-06,0.0,0.0,6.29364218074316e-07,0.9999999999998019,0.0,0.0,0.0,0.0,0.0,0.00017280373001825978
2026-09-16T13:10:48.586738,7.31,0.0,0.0,0.0,4.0148146540630597e-07,0.0,0.0,2.007407327031516e-07,0.9999999999999799,0.0,0.0,0.0,0.0,0.0,-9.574527069024282e-05
2026-09-16T13:10:48.604824,7.33,0.0,0.0,0.0,5.472651758431368e-07,0.0,0.0,2.73632587921565e-07,0.9999999999999626,0.0,0.0,0.0,0.0,0.0,-0.00014922927138039186
2026-09-16T13:10:48.625323,7.35,0.0,0.0,0.0,7.996136388577213e-07,0.0,0.0,3.9980681942885e-07,0.9999999999999201,0.0,0.0,0.0,0.0,0.0,0.00010456676912952559
2026-09-16T13:10:48.644815,7.37,0.0,0.0,0.0,-5.962739737519486e-07,0.0,0.0,-2.9813698687596984e-07,0.9999999999999556,0.0,0.0,0.0,0.0,0.0,-0.00016678334734450292
2026-09-16T13:10:48.667614,7.4,0.0,0.0,0.0,2.029043599804936e-12,0.0,0.0,1.014521799902468e-12,1.0,0.0,0.0,0.0,0.0,0.0,0.00013410872962024692
2026-09-16T13:10:48.685185,7.41,0.0,0.0,0.0,1.8958870167118391e-06,0.0,0.0,9.479435083557776e-07,0.9999999999995507,0.0,0.0,0.0,0.0,0.0,0.00016661355599894016
2026-09-16T13:10:48.708315,7.43,0.0,0.0,0.0,8.761357372932821e-07,0.0,0.0,4.38067868646627e-07,0.9999999999999041,0.0,0.0,0.0,0.0,0.0,7.336215809647212e-05
2026-09-16T13:10:48.727329,7.45,0.0,0.0,0.0,-8.118571761528414e-07,0.0,0.0,-4.0592858807640957e-07,0.9999999999999176,0.0,0.0,0.0,0.0,0.0,-0.00036416569158784386
2026-09-16T13:10:48.753192,7.47,0.0,0.0,0.0,-2.630592046415359e-07,0.0,0.0,-1.3152960232076756e-07,0.9999999999999913,0.0,0.0,0.0,0.0,0.0,-8.614146939142978e-06
2026-09-16T13:10:48.770000,7.49,0.0,0.0,0.0,-3.846410536745282e-07,0.0,0.0,-1.923205268372629e-07,0.9999999999999815,0.0,0.0,0.0,0.0,0.0,9.812845709305052e-05
2026-09-16T13:10:48.826560,7.51,0.0,0.0,0.0,1.4842389153280067e-06,0.0,0.0,7.421194576639353e-07,0.9999999999997247,0.0,0.0,0.0,0.0,0.0,-0.00021772284121351004
2026-09-16T13:10:48.842570,7.53,0.0,0.0,0.0,3.5190984348787424e-08,0.0,0.0,1.7595492174393712e-08,0.9999999999999999,0.0,0.0,0.0,0.0,0.0,8.508571169102012e-05
2026-09-16T13:10:48.882268,7.55,0.0,0.0,0.0,1.865763611608173e-06,0.0,0.0,9.328818058039513e-07,0.9999999999995649,0.0,0.0,0.0,0.0,0.0,4.77599239151599e-06
2026-09-16T13:10:48.900581,7.57,0.0,0.0,0.0,2.169900466419961e-06,0.0,0.0,1.0849502332097675e-06,0.9999999999994115,0.0,0.0,0.0,0.0,0.0,-9.878620215911997e-05
2026-09-16T13:10:48.921940,7.59,0.0,0.0,0.0,-6.766748850139948e-08,0.0,0.0,-3.383374425069973e-08,0.9999999999999994,0.0,0.0,0.0,0.0,0.0,0.00011199903703586421
2026-09-16T13:10:48.947303,7.61,-3.4748920515303984e-19,-1.0376094064568575e-28,0.0,4.241541065042043e-07,0.0,0.0,2.1207705325210054e-07,0.9999999999999775,-1.7456188139568015e-17,-1.0380932235443509e-26,0.0,0.0,0.0,9.357245454760129e-05
2026-09-16T13:10:48.967068,7.63,-6.075551852012913e-19,-7.972737725814884e-28,0.0,2.156690201982059e-06,0.0,0.0,1.0783451009908204e-06,0.9999999999994186,-1.3090806299115187e-17,-7.986778198569409e-26,0.0,0.0,0.0,7.505966883061401e-05
2026-09-16T13:10:49.008407,7.65,-6.940139412863384e-19,-1.3791801896596752e-27,0.0,-1.4334671187832273e-06,0.0,0.0,-7.167335593915521e-07,0.9999999999997431,-4.361692698716711e-18,-1.3816601219131265e-25,0.0,0.0,0.0,0.00017808883780192974
2026-09-16T13:10:49.031509,7.67,-9.109886868320303e-19,-3.087730332867491e-27,0.0,-1.0901043827615808e-06,0.0,0.0,-5.450521913807634e-07,0.9999999999998515,-8.725411141636932e-18,-3.0935826014392242e-25,0.0,0.0,0.0,0.00044552907180053027
2026-09-16T13:10:49.051377,7.69,-1.171330237351161e-18,-6.289150413970502e-27,0.0,4.047492889736049e-06,0.0,0.0,2.0237464448666427e-06,0.9999999999979522,-1.3088816823394449e-17,-6.300800970513386e-25,0.0,0.0,0.0,0.00017447672139521162
2026-09-16T13:10:49.113391,7.71,-1.4315339416014804e-18,-4.47334150421565e-27,0.0,2.978010347653992e-06,0.0,0.0,1.489005173826446e-06,0.9999999999988914,-1.3087840389506462e-17,-4.480811341792452e-25,0.0,0.0,0.0,-0.00012801655416699262
2026-09-16T13:10:49.131987,7.73,-1.4747611506481279e-18,-4.582677154782262e-27,0.0,1.0377389196847277e-06,0.0,0.0,5.188694598423405e-07,0.9999999999998654,-8.722817267928426e-18,-4.590743237883443e-25,0.0,0.0,0.0,8.306288925301783e-05
2026-09-16T13:10:49.196411,7.75,-1.9087108796669026e-18,-3.0893767856541387e-27,0.0,-2.567722328095101e-07,0.0,0.0,-1.2838611640475471e-07,0.9999999999999918,-1.7450288727392663e-17,-3.094580305030944e-25,0.0,0.0,0.0,7.778797825292514e-05
2026-09-16T13:10:49.214972,7.77,-1.995168690055369e-18,-3.767918037961923e-27,0.0,3.076167574000977e-07,0.0,0.0,1.538083787000482e-07,0.9999999999999881,-8.720912265088279e-18,-3.7747212854281033e-25,0.0,0.0,0.0,0.00024101839167374296
2026-09-16T13:10:49.239288,7.79,-2.1252697160749677e-18,-4.8652168696971065e-27,0.0,-2.679248449766191e-07,0.0,0.0,-1.339624224883092e-07,0.999999999999991,-8.72030002707382e-18,-4.873885769924388e-25,0.0,0.0,0.0,-0.000326651240120788
2026-09-16T13:10:49.256832,7.8100000000000005,-2.1249944645790586e-18,-3.0423654857800087e-27,0.0,-8.82314813654972e-07,0.0,0.0,-4.4115740682747165e-07,0.9999999999999027,8.384669201586619e-21,-3.0475029036163593e-25,0.0,0.0,0.0,-2.9375886974408406e-05
2026-09-16T13:10:49.280696,7.83,-2.472347805403668e-18,-4.454080042228286e-27,0.0,-1.9014650041171421e-06,0.0,0.0,-9.507325020584278e-07,0.999999999999548,-1.3083852434554361e-17,-4.462163956428769e-25,0.0,0.0,0.0,-3.0373636612842183e-05
2026-09-16T13:10:49.321798,7.85,-2.6456798113871438e-18,-4.858920995019652e-27,0.0,-2.037596248172236e-06,0.0,0.0,-1.0187981240859415e-06,0.999999999999481,-8.718906202313973e-18,-4.867741587029928e-25,0.0,0.0,0.0,6.36310706596463e-05
2026-09-16T13:10:49.341193,7.87,-2.8625172521176525e-18,-6.652954009710828e-27,0.0,-3.828096301283779e-06,0.0,0.0,-1.9140481506407205e-06,0.9999999999981682,-8.718329136022239e-18,-6.665080152058268e-25,0.0,0.0,0.0,0.0004694571315383675
2026-09-16T13:10:49.361761,7.89,-2.90561025136932e-18,-8.934516774437909e-27,0.0,1.281187344659429e-06,0.0,0.0,6.405936723296707e-07,0.9999999999997948,1.0331464088844576e-20,-8.950828531012874e-25,0.0,0.0,0.0,-4.7965218662029475e-06
2026-09-16T13:10:49.394911,7.91,-3.1225871837953276e-18,-7.317830857191092e-27,0.0,-3.2547062600585264e-07,0.0,0.0,-1.627353130029256e-07,0.9999999999999868,-4.353833025445262e-18,-7.330700892776124e-25,0.0,0.0,0.0,-0.00010342704552952122
2026-09-16T13:10:49.415336,7.93,-3.296058619981693e-18,-7.181688193394364e-27,0.0,1.6269407181468411e-06,0.0,0.0,8.134703590733308e-07,0.9999999999996692,-4.353629060794157e-18,-7.194311894171276e-25,0.0,0.0,0.0,0.0002111238278875439
2026-09-16T13:10:49.439277,7.95,-3.382793823606823e-18,-7.191944109285123e-27,0.0,-3.29966040979457e-06,0.0,0.0,-1.6498302048965362e-06,0.999999999998639,-4.353417680714415e-18,-7.204333680678391e-25,0.0,0.0,0.0,-0.0003530632698731686
2026-09-16T13:10:49.452686,7.97,-3.4260246830720805e-18,-6.586775161207232e-27,0.0,2.285044944816405e-06,0.0,0.0,1.1425224724079542e-06,0.9999999999993473,1.0840668600854293e-20,-6.597980866278385e-25,0.0,0.0,0.0,-0.0001878392015947465
2026-09-16T13:10:49.476334,7.99,-3.686506030013047e-18,-3.5647248807505344e-27,0.0,-2.1144504827042e-06,0.0,0.0,-1.057225241351903e-06,0.9999999999994411,-8.717389197223175e-18,-3.5701062436036075e-25,0.0,0.0,0.0,8.930973746812019e-05
2026-09-16T13:10:49.498183,8.01,-3.903343977130528e-18,-5.5674353498752516e-27,0.0,1.3714332380843077e-06,0.0,0.0,6.857166190421e-07,0.9999999999997649,-8.716857030373936e-18,-5.576891174559092e-25,0.0,0.0,0.0,0.00015055313097591292
2026-09-16T13:10:49.513030,8.03,-3.8597009647406006e-18,-6.950807253642837e-27,0.0,3.0458226940588418e-06,0.0,0.0,1.5229113470288322e-06,0.9999999999988404,1.1788485088669619e-20,-6.962644043012448e-25,0.0,0.0,0.0,-0.00016590713115828982
2026-09-16T13:10:49.547936,8.05,-4.076814133480567e-18,-3.729193075555783e-27,0.0,4.585566770742843e-08,0.0,0.0,2.2927833853714216e-08,0.9999999999999998,-8.716444804097479e-18,-3.734578092850115e-25,0.0,0.0,0.0,5.212998101003218e-05
2026-09-16T13:10:49.575493,8.08,-4.206704386025157e-18,-8.624030082460836e-32,0.0,1.3726797476465435e-12,0.0,0.0,6.863398738232718e-13,1.0,-4.336808749641188e-18,-2.2169490075106234e-25,0.0,0.0,0.0,-0.00010624628266009546
2026-09-16T13:10:49.590460,8.09,-4.250146804345728e-18,-2.2199064177078093e-27,0.0,1.2131309339302732e-06,0.0,0.0,6.065654669650994e-07,0.999999999999816,-4.3516749144729475e-18,-2.2224560094563654e-25,0.0,0.0,0.0,-2.0324908877881556e-05
2026-09-16T13:10:49.608624,8.11,-4.597499054062336e-18,-4.2984444019947905e-28,0.0,-3.283689919975075e-07,0.0,0.0,-1.64184495998753e-07,0.9999999999999866,-1.7443641757582316e-17,-4.2889128582374357e-26,0.0,0.0,0.0,0.00024076006758396272
2026-09-16T13:10:49.630632,8.13,-4.5972211823487e-18,-2.6304889374293176e-27,0.0,-5.630223629538023e-07,0.0,0.0,-2.815111814768974e-07,0.9999999999999604,-8.714350623563956e-18,-2.6340082248498237e-25,0.0,0.0,0.0,0.0003477239915850629
2026-09-16T13:10:49.649753,8.15,-4.683818257195884e-18,-4.431925098714495e-27,0.0,-5.618303217325149e-06,0.0,0.0,-2.8091516086588798e-06,0.9999999999960544,-4.349770013247303e-18,-4.438789670439206e-25,0.0,0.0,0.0,-2.800614597880252e-05
2026-09-16T13:10:49.669978,8.17,-4.9007938792817635e-18,-9.286201248751506e-27,0.0,8.006545515470975e-08,0.0,0.0,4.003272757735486e-08,0.9999999999999992,-8.713650752863714e-18,-9.302757661133358e-25,0.0,0.0,0.0,-3.192810202414421e-05
2026-09-16T13:10:49.691069,8.19,-5.0742638627629205e-18,-8.928477254729133e-27,0.0,1.2180841708619994e-06,0.0,0.0,6.09042085430962e-07,0.9999999999998145,-8.713156248857866e-18,-8.943574456013626e-25,0.0,0.0,0.0,0.0002448182294042837
2026-09-16T13:10:49.708703,8.21,-5.030621028752432e-18,-1.065889806644897e-26,0.0,2.4448490076878215e-07,0.0,0.0,1.2224245038439076e-07,0.9999999999999926,1.544491766039675e-20,-1.0677245241540216e-24,0.0,0.0,0.0,-0.00021072451696042702
2026-09-16T13:10:49.730262,8.23,-5.073989786560769e-18,-1.0421677590752223e-26,0.0,-3.840577025293611e-06,0.0,0.0,-1.9202885126456258e-06,0.9999999999981563,1.5267369501797686e-20,-1.0439333342277888e-24,0.0,0.0,0.0,-0.00015431412733583595
2026-09-16T13:10:49.752429,8.25,-5.247599209260652e-18,-1.368315182884638e-26,0.0,2.9287099065911097e-06,0.0,0.0,1.4643549532950314e-06,0.9999999999989279,-4.3489778601453165e-18,-1.3707095240166456e-24,0.0,0.0,0.0,4.9483083932509015e-05
2026-09-16T13:10:49.774289,8.27,-5.638319839923873e-18,-8.737533372111053e-27,0.0,-2.0480874081130196e-06,0.0,0.0,-1.0240437040563309e-06,0.9999999999994756,-1.7440990501912067e-17,-8.750970927991635e-25,0.0,0.0,0.0,-0.0004969571896378032
2026-09-16T13:10:49.790110,8.29,-5.37728895508462e-18,1.8048836292751605e-28,0.0,7.837966631285555e-07,0.0,0.0,3.9189833156426766e-07,0.9999999999999232,8.744476452804481e-18,1.8423076764094013e-26,0.0,0.0,0.0,0.0006243530641575298
2026-09-16T13:10:49.823392,8.31,-5.507669120506951e-18,4.207452069913498e-27,0.0,-1.987196113439893e-06,0.0,0.0,-9.93598056719783e-07,0.9999999999995064,1.5531010178156195e-20,4.217986916388718e-25,0.0,0.0,0.0,0.0001683469362938443
2026-09-16T13:10:49.844825,8.33,-5.551174723937922e-18,3.8977693227871964e-27,0.0,6.854956144941582e-07,0.0,0.0,3.4274780724707237e-07,0.9999999999999413,-4.348733118168051e-18,3.907316656428377e-25,0.0,0.0,0.0,-0.00035835964124773947
2026-09-16T13:10:49.867327,8.35,-5.507533603212768e-18,4.584498035795079e-27,0.0,-2.9191393573491098e-06,0.0,0.0,-1.4595696786740367e-06,0.9999999999989349,4.379512384116521e-18,4.595487171419947e-25,0.0,0.0,0.0,0.00024331505755200328
2026-09-16T13:10:49.883106,8.37,-5.724648738567642e-18,1.4124038332598533e-27,0.0,-3.5259776098861546e-06,0.0,0.0,-1.7629888049421642e-06,0.9999999999984459,-4.3491142256780314e-18,1.4171388586579793e-25,0.0,0.0,0.0,4.268707978868295e-05
2026-09-16T13:10:49.903522,8.39,-5.941624861718788e-18,-1.8511748391023472e-27,0.0,1.4106327661522757e-06,0.0,0.0,7.053163830760793e-07,0.9999999999997513,-8.713030126945434e-18,-1.852976576001437e-25,0.0,0.0,0.0,9.247039059197047e-05
2026-09-16T13:10:49.922435,8.41,-6.115094884105373e-18,-1.5744152258319013e-27,0.0,-3.427117963195059e-06,0.0,0.0,-1.7135589815966908e-06,0.9999999999985318,-8.712543403809135e-18,-1.5751079097442069e-25,0.0,0.0,0.0,1.6741329234192448e-05
2026-09-16T13:10:49.941842,8.43,-6.201828691697091e-18,-1.6072419549779793e-27,0.0,-9.860198524336285e-07,0.0,0.0,-4.930099262167942e-07,0.9999999999998784,-8.71205281872232e-18,-1.6085660118559895e-25,0.0,0.0,0.0,-0.00017218424969329938
2026-09-16T13:10:49.964860,8.45,-6.201690112844495e-18,-3.097176119027483e-28,0.0,-1.8756789139651175e-06,0.0,0.0,-9.378394569824213e-07,0.9999999999995602,-4.347515514119566e-18,-3.082440761684771e-26,0.0,0.0,0.0,4.215677515805326e-06
2026-09-16T13:10:49.982207,8.47,-6.375297749855295e-18,-1.4990392870902372e-27,0.0,1.5641099082586154e-06,0.0,0.0,7.820549541292279e-07,0.9999999999996942,-8.71142529157446e-18,-1.499986070545561e-25,0.0,0.0,0.0,-9.884326558076044e-05
2026-09-16T13:10:50.001472,8.49,-6.592272114064527e-18,2.752190539224553e-29,0.0,5.072375861558955e-07,0.0,0.0,2.5361879307794496e-07,0.9999999999999678,-1.3075011090116764e-17,2.9874254991982653e-27,0.0,0.0,0.0,-7.437814143617177e-06
2026-09-16T13:10:50.023914,8.51,-6.331515127241588e-18,-8.170141401964644e-28,0.0,2.5883807732718367e-06,0.0,0.0,1.294190386635557e-06,0.9999999999991626,4.382007168549219e-18,-8.164993152585026e-26,0.0,0.0,0.0,0.00015101136107342837
2026-09-16T13:10:50.043986,8.53,-6.461893898715434e-18,1.5850755226179248e-27,0.0,-8.932929551619395e-07,0.0,0.0,-4.466464775809549e-07,0.9999999999999003,-4.346633465404347e-18,1.5903696557223636e-25,0.0,0.0,0.0,0.00022650546490495172
2026-09-16T13:10:50.069818,8.55,-6.461893620906539e-18,1.2202784657777e-27,0.0,-4.370220191951546e-06,0.0,0.0,-2.185110095974034e-06,0.9999999999976127,-4.346525863781022e-18,1.2245919858020796e-25,0.0,0.0,0.0,0.00014202014074163837
2026-09-16T13:10:50.085023,8.57,-6.548629097328049e-18,-2.6132619495395296e-28,0.0,7.142042379726378e-08,0.0,0.0,3.5710211898631876e-08,0.9999999999999993,-4.346403735476058e-18,-2.6004518280969505e-26,0.0,0.0,0.0,-9.584116320747685e-05
2026-09-16T13:10:50.103962,8.59,-6.678732715082598e-18,3.130837111186351e-29,0.0,4.2290356772056725e-06,0.0,0.0,2.1145178386012604e-06,0.9999999999977645,-4.346283820745313e-18,3.3351420569779e-27,0.0,0.0,0.0,-9.872402792110045e-05
2026-09-16T13:10:50.131413,8.61,-6.635227956511553e-18,-1.3330438256371623e-27,0.0,-3.369765095850852e-06,0.0,0.0,-1.6848825479246286e-06,0.9999999999985806,1.788939637157304e-20,-1.3335574870159288e-25,0.0,0.0,0.0,-4.498684395607669e-05
2026-09-16T13:10:50.146255,8.62,-6.7654214699416105e-18,1.3783908353130388e-31,0.0,-3.1827873669953988e-12,0.0,0.0,-1.5913936834976994e-12,1.0,-8.67360018016096e-18,-4.73878734322416e-25,0.0,0.0,0.0,0.00019916346062436385
2026-09-16T13:10:50.174720,8.65,-7.112684271062242e-18,-2.1195453253263674e-27,0.0,-1.0962579710671605e-06,0.0,0.0,-5.481289855335528e-07,0.9999999999998498,-1.3074042610193644e-17,-2.1212593149853155e-25,0.0,0.0,0.0,-0.00014297516122498965
2026-09-16T13:10:50.196457,8.67,-7.0255358060429e-18,7.461336200867677e-30,0.0,8.238964976925445e-07,0.0,0.0,4.119482488462606e-07,0.9999999999999152,1.8910597162082678e-20,9.612216237023827e-28,0.0,0.0,0.0,0.00039107575255591006
2026-09-16T13:10:50.214506,8.69,-7.199281252425053e-18,6.5278338103986645e-28,0.0,2.8487912810959415e-06,0.0,0.0,1.424395640547489e-06,0.9999999999989856,-8.709408610231961e-18,6.564187118496981e-26,0.0,0.0,0.0,0.00022092907972684435
2026-09-16T13:10:50.237165,8.71,-7.37275156708668e-18,9.599347759468586e-28,0.0,1.1681736822310995e-06,0.0,0.0,5.840868411155165e-07,0.9999999999998295,-8.708976004877664e-18,9.641369225885507e-26,0.0,0.0,0.0,-0.0002632939359075028
2026-09-16T13:10:50.256176,8.73,-7.459485598775428e-18,2.294000980398652e-27,0.0,4.507331345493525e-06,0.0,0.0,2.253665672744855e-06,0.9999999999974605,-8.70853023888912e-18,2.30034665768015e-25,0.0,0.0,0.0,-0.000270603161062161
2026-09-16T13:10:50.286869,8.75,-7.502579041706417e-18,3.635887506334705e-27,0.0,3.2101158642383614e-06,0.0,0.0,1.6050579321184914e-06,0.9999999999987119,2.0015606295874685e-20,3.644766293393788e-25,0.0,0.0,0.0,0.0001887338636831408
2026-09-16T13:10:50.309605,8.77,-7.545948173555271e-18,4.4145432856283904e-27,0.0,2.915685644921951e-06,0.0,0.0,1.4578428224604587e-06,0.9999999999989373,1.978059689320454e-20,4.424706890834522e-25,0.0,0.0,0.0,0.0001703055326079597
2026-09-16T13:10:50.327331,8.79,-7.806430225732047e-18,8.076839641210052e-27,0.0,-9.430691005896108e-07,0.0,0.0,-4.7153455029478793e-07,0.9999999999998889,-8.708577304961322e-18,8.094284837914569e-25,0.0,0.0,0.0,-0.00021433852822939757
2026-09-16T13:10:50.346420,8.81,-7.632547576929806e-18,1.013873265992021e-26,0.0,-4.349493840649643e-06,0.0,0.0,-2.174746920323107e-06,0.9999999999976352,4.384008258298479e-18,1.0159694667237817e-24,0.0,0.0,0.0,-0.00021301140865583566
2026-09-16T13:10:50.698648,9.04,-7.849623815603074e-18,4.157161551054735e-32,0.0,-1.8349766151004587e-12,0.0,0.0,-9.174883075502294e-13,1.0,-4.336808718719715e-18,4.359557717244294e-25,0.0,0.0,0.0,-3.4143574241372885e-05
2026-09-16T13:10:50.708367,9.08,-8.023680388629658e-18,1.7581168207651152e-26,0.0,-1.3657448048043364e-06,0.0,0.0,-6.828724024021151e-07,0.9999999999997669,-4.366019932609491e-18,4.430845905902923e-25,0.0,0.0,0.0,-3.4143574241372885e-05
2026-09-16T13:10:50.727129,9.1,-7.718587791054564e-18,-5.9693233209952825e-28,0.0,-1.1461884859009785e-06,0.0,0.0,-5.730942429504579e-07,0.9999999999998358,4.429995536980413e-18,4.261795149519834e-25,0.0,0.0,0.0,-0.00032798473954091247
2026-09-16T13:10:50.735093,9.13,-8.978977535029398e-18,-1.8761234227093587e-26,0.0,3.7269665651429307e-06,0.0,0.0,1.8634832825703869e-06,0.9999999999982637,-4.520171319508032e-18,-1.8796219445428208e-24,0.0,0.0,0.0,0.00027721574602629525
2026-09-16T13:10:50.743050,9.17,-8.932989108698652e-18,-6.278750817918981e-26,0.0,1.5488778313255125e-06,0.0,0.0,7.744389156626788e-07,0.9999999999997001,5.579961588637893e-20,-2.0877148395452616e-24,0.0,0.0,0.0,-3.34378156586953e-05
2026-09-16T13:10:50.756254,9.19,-8.933735211828323e-18,-2.001105543037272e-26,0.0,2.0520515353616986e-06,0.0,0.0,1.0260257676806693e-06,0.9999999999994736,1.8137781643390088e-20,-2.0047388577913846e-24,0.0,0.0,0.0,-0.0001064612582063521
2026-09-16T13:10:50.757530,9.22,-8.932374881469532e-18,-7.768911221250883e-26,0.0,-1.1417862109119879e-06,0.0,0.0,-5.70893105455963e-07,0.999999999999837,7.255090893472269e-20,-2.0265627944334702e-24,0.0,0.0,0.0,-0.0001064612582063521
2026-09-16T13:10:50.829496,9.25,-9.194219690582466e-18,-1.8306686733968335e-26,0.0,-5.958466040567601e-07,0.0,0.0,-2.9792330202837563e-07,0.9999999999999556,-8.710714105982888e-18,-1.8338893496383567e-24,0.0,0.0,0.0,4.5438502482396764e-05
2026-09-16T13:10:50.847209,9.27,-9.237449456841879e-18,-1.8164051114413128e-26,0.0,1.9909280943863905e-06,0.0,0.0,9.95464047193031e-07,0.9999999999995045,-4.346176403154055e-18,-1.81959013730333e-24,0.0,0.0,0.0,-0.00010708235058641568
2026-09-16T13:10:50.869963,9.3,-9.280770596297834e-18,-3.3571854675624364e-32,0.0,-3.933742220851855e-12,0.0,0.0,-1.9668711104259273e-12,1.0,7.125366802711063e-26,-1.7031933992351856e-24,0.0,0.0,0.0,-0.00016714684380689107
2026-09-16T13:10:50.910365,9.33,-9.497795658798648e-18,-1.6082651612950327e-26,0.0,5.306365853385842e-07,0.0,0.0,2.6531829266928895e-07,0.9999999999999648,-8.71057741751993e-18,-1.6109782557605947e-24,0.0,0.0,0.0,-0.00038428801373339104
2026-09-16T13:10:50.938155,9.35,-9.454289311830101e-18,-1.4188862393155966e-26,0.0,-2.8884856306810036e-06,0.0,0.0,-1.4442428153399997e-06,0.9999999999989571,-4.3460431556198715e-18,-1.4212257550737629e-24,0.0,0.0,0.0,0.00020969062393364851
2026-09-16T13:10:50.960501,9.37,-9.454152181848506e-18,-1.41166422150757e-26,0.0,-2.0306266099723302e-06,0.0,0.0,-1.0153133049859906e-06,0.9999999999994845,1.8165346594837415e-20,-1.4139827805524826e-24,0.0,0.0,0.0,-0.00010542302293912129
2026-09-16T13:10:50.978599,9.39,-9.714634272586477e-18,-1.6466141789927513e-26,0.0,-1.9776027975204613e-06,0.0,0.0,-9.888013987600695e-07,0.9999999999995112,-8.710221951025158e-18,-1.6493841044115055e-24,0.0,0.0,0.0,0.0001942577236947693
2026-09-16T13:10:50.998629,9.41,-9.888104620454137e-18,-1.8185139270372806e-26,0.0,2.3498644368125095e-06,0.0,0.0,1.1749322184059845e-06,0.9999999999993098,-8.70977864029715e-18,-1.8215721836223593e-24,0.0,0.0,0.0,0.00018420854446080776
2026-09-16T13:10:51.018420,9.43,-9.88782974435298e-18,-1.9438264647353083e-26,0.0,-2.95774668312987e-06,0.0,0.0,-1.4788733415643955e-06,0.9999999999989064,1.8839650917878577e-20,-1.9470881745053808e-24,0.0,0.0,0.0,-4.3389972864760554e-05
2026-09-16T13:10:51.041463,9.45,-1.0148311749516327e-17,-2.2884450180219963e-26,0.0,-2.7041246486447784e-07,0.0,0.0,-1.3520623243223853e-07,0.9999999999999909,-8.709543542177759e-18,-2.292359996742961e-24,0.0,0.0,0.0,-0.0002051533892281583
2026-09-16T13:10:51.058722,9.47,-1.0148173578252088e-17,-2.134951261657186e-26,0.0,1.9410926284102455e-06,0.0,0.0,9.705463142049705e-07,0.999999999999529,-4.3450270412525615e-18,-2.1385109893112676e-24,0.0,0.0,0.0,0.0002481633208896919
2026-09-16T13:10:51.078972,9.49,-1.0104668528229564e-17,-2.2372456172382414e-26,0.0,9.3674838730351e-07,0.0,0.0,4.683741936517378e-07,0.9999999999998903,1.916543590874715e-20,-2.2409763661098778e-24,0.0,0.0,0.0,0.00010868398583363615
2026-09-16T13:10:51.102839,9.51,-1.0191405676121841e-17,-2.151304155127534e-26,0.0,-1.9705144049808615e-07,0.0,0.0,-9.852572024904289e-08,0.9999999999999951,1.8931588293882643e-20,-2.154839718924207e-24,0.0,0.0,0.0,0.0002271988592859364
2026-09-16T13:10:51.122155,9.53,-1.0147766176109135e-17,-2.1151580851123215e-26,0.0,-3.804989474609499e-07,0.0,0.0,-1.9024947373047382e-07,0.9999999999999819,8.746848612681017e-18,-2.1186131779523237e-24,0.0,0.0,0.0,5.477904418239739e-05
2026-09-16T13:10:51.155357,9.55,-1.0234779355046022e-17,-2.0797600273306398e-26,0.0,1.6790702725977271e-06,0.0,0.0,8.395351362987649e-07,0.9999999999996476,1.7787169226165837e-20,-2.0831063670502356e-24,0.0,0.0,0.0,8.64653209962105e-05
2026-09-16T13:10:51.176422,9.57,-1.0147771963538994e-17,-2.0869833658374782e-26,0.0,-7.127182182209425e-07,0.0,0.0,-3.563591091104637e-07,0.9999999999999365,8.745699806781691e-18,-2.0903459353169032e-24,0.0,0.0,0.0,-0.0002331338393877512
2026-09-16T13:10:51.196034,9.59,-1.0321657466674175e-17,-2.2529323084705175e-26,0.0,-2.540305708009783e-07,0.0,0.0,-1.2701528540048878e-07,0.9999999999999919,-4.347421926663041e-18,-2.2565791356878683e-24,0.0,0.0,0.0,0.00012179308041137323
2026-09-16T13:10:51.217022,9.61,-1.0365025337190222e-17,-2.2455491186769828e-26,0.0,1.2961400619460053e-07,0.0,0.0,6.480700309730021e-08,0.9999999999999979,-4.347313599559563e-18,-2.2491315771029367e-24,0.0,0.0,0.0,0.0003140828688805057
2026-09-16T13:10:51.237328,9.63,-1.0147775422836336e-17,-2.3029851905065726e-26,0.0,6.001329091454012e-07,0.0,0.0,3.0006645457269604e-07,0.9999999999999549,8.745046981673779e-18,-2.3066798319186284e-24,0.0,0.0,0.0,-0.00018414504027902353
2026-09-16T13:10:51.262474,9.65,-1.0582141603720643e-17,-2.2111530357349018e-26,0.0,3.7689642962135403e-06,0.0,0.0,1.8844821481056544e-06,0.9999999999982243,-1.3076205473007715e-17,-2.2146340427712656e-24,0.0,0.0,0.0,0.0004712205444870825
2026-09-16T13:10:51.278431,9.67,-1.0668601820729376e-17,-2.5386813463069554e-26,0.0,1.8856847003867472e-06,0.0,0.0,9.428423501932339e-07,0.9999999999995556,-4.347271300848174e-18,-2.5427264982244e-24,0.0,0.0,0.0,-0.0002506599156655971
2026-09-16T13:10:51.297139,9.69,-1.071196907329914e-17,-2.4315651634073153e-26,0.0,1.6548395000981486e-06,0.0,0.0,8.274197500489799e-07,0.9999999999996577,-4.347121783165768e-18,-2.4353791473339693e-24,0.0,0.0,0.0,-0.0001996993993759692
2026-09-16T13:10:51.325367,9.71,-1.0494719199859829e-17,-2.5294932251852014e-26,0.0,-2.713334061432704e-06,0.0,0.0,-1.3566670307159359e-06,0.9999999999990797,8.745230614945972e-18,-2.533470270495783e-24,0.0,0.0,0.0,0.00012813194466541715
2026-09-16T13:10:51.341300,9.72,-1.0538445029661204e-17,-1.059630458416591e-31,0.0,-1.1932677068671182e-12,0.0,0.0,-5.966338534335591e-13,1.0,1.7411789168293292e-23,-2.555827368229645e-24,0.0,0.0,0.0,0.0001810240321193513
2026-09-16T13:10:51.363891,9.75,-1.0625237613391961e-17,-2.4459441441028663e-26,0.0,2.963680980627714e-07,0.0,0.0,1.4818404903138518e-07,0.999999999999989,-4.3480862396826825e-18,-2.4496918398627838e-24,0.0,0.0,0.0,0.0003758900869309222
2026-09-16T13:10:51.380302,9.77,-1.0755613904388937e-17,-2.4916792579127725e-26,0.0,5.707927286380254e-07,0.0,0.0,2.8539636431900885e-07,0.9999999999999593,-1.3076096343567693e-17,-2.4954594189347306e-24,0.0,0.0,0.0,-0.00017565061451768296
2026-09-16T13:10:51.397528,9.79,-1.0711833053008037e-17,-2.350617929066813e-26,0.0,-2.7972463336745083e-06,0.0,0.0,-1.398623166836798e-06,0.9999999999990219,1.6929832865865656e-20,-2.3541303655946086e-24,0.0,0.0,0.0,0.0003026986269998097
2026-09-16T13:10:51.423431,9.81,-1.0581593277492631e-17,-2.1311970969599146e-26,0.0,7.512649644603188e-07,0.0,0.0,3.756324822301505e-07,0.9999999999999295,4.380815303000474e-18,-2.1342762410930483e-24,0.0,0.0,0.0,-0.00010720843345660597
2026-09-16T13:10:51.439556,9.83,-1.0755204330636603e-17,-2.0342662328651007e-26,0.0,-2.5093493096761676e-06,0.0,0.0,-1.2546746548377545e-06,0.9999999999992129,1.619628319964164e-20,-2.037147371446887e-24,0.0,0.0,0.0,8.471983345837922e-05
2026-09-16T13:10:51.479994,9.85,-1.075520563071657e-17,-1.9982131371963726e-26,0.0,4.1657167391129235e-06,0.0,0.0,2.0828583695549557e-06,0.9999999999978308,1.598397193777369e-20,-2.0010024498818593e-24,0.0,0.0,0.0,-0.0001623060208670253
2026-09-16T13:10:51.496422,9.870000000000001,-1.0928951475019811e-17,-1.6432195069629182e-26,0.0,2.596725634074204e-06,0.0,0.0,1.2983628170367371e-06,0.9999999999991571,-8.71235844161787e-18,-1.6452836309260067e-24,0.0,0.0,0.0,-0.00020045121697522255
2026-09-16T13:10:51.519258,9.89,-1.0798572626511308e-17,-1.7769347756789523e-26,0.0,-1.881470731213142e-06,0.0,0.0,-9.407353656064321e-07,0.9999999999995575,1.6254232059051687e-20,-1.7792631694242047e-24,0.0,0.0,0.0,0.000143551741549325
2026-09-16T13:10:51.551062,9.91,-1.1015686181056332e-17,-1.9361648914846098e-26,0.0,7.203023808521892e-07,0.0,0.0,3.601511904260868e-07,0.9999999999999352,-8.71207356401666e-18,-1.9387956922178035e-24,0.0,0.0,0.0,0.0003212961034179457
2026-09-16T13:10:51.569967,9.93,-1.0972043494837298e-17,-2.1031479553710262e-26,0.0,1.3698638126058425e-06,0.0,0.0,6.849319063028678e-07,0.9999999999997654,1.6532738168186976e-20,-2.10607549516389e-24,0.0,0.0,0.0,-2.1344936196094407e-05
2026-09-16T13:10:51.589014,9.95,-1.0972044274737027e-17,-2.065223600726486e-26,0.0,2.2772238486012957e-06,0.0,0.0,1.1386119243004016e-06,0.9999999999993517,1.634206530477994e-20,-2.068043777133908e-24,0.0,0.0,0.0,-0.00011610164340174377
2026-09-16T13:10:51.610806,9.97,-1.0972045302294751e-17,-2.0278119660338843e-26,0.0,4.40853911420902e-06,0.0,0.0,2.204269557102725e-06,0.9999999999975706,1.6136554888841734e-20,-2.030540552287601e-24,0.0,0.0,0.0,1.8937690643735085e-05
2026-09-16T13:10:51.634153,9.99,-1.0971910001554587e-17,-1.9337595161882048e-26,0.0,1.431635112680851e-07,0.0,0.0,7.15817556340425e-08,0.9999999999999974,4.38000089447595e-18,-1.9363163184103616e-24,0.0,0.0,0.0,-0.00014010682531295315
2026-09-16T13:10:51.653144,10.01,-1.110215307056269e-17,-1.9216654061257648e-26,0.0,-3.056339610285619e-06,0.0,0.0,-1.5281698051422146e-06,0.9999999999988324,1.5396015104186074e-20,-1.9241571916438366e-24,0.0,0.0,0.0,-6.698746078146283e-05
2026-09-16T13:10:51.668539,10.03,-1.1275762776815731e-17,-2.1598513733913928e-26,0.0,-1.5632369221307838e-06,0.0,0.0,-7.816184610653124e-07,0.9999999999996946,-4.348875567959611e-18,-2.162790168747445e-24,0.0,0.0,0.0,-0.000196034302152388
2026-09-16T13:10:51.689674,10.05,-1.1188889888317374e-17,-1.9708208918101062e-26,0.0,1.3231443398709077e-06,0.0,0.0,6.615721699354055e-07,0.9999999999997812,1.5336611565822116e-20,-1.9733572599481368e-24,0.0,0.0,0.0,0.00013917516283493066
2026-09-16T13:10:51.709595,10.07,-1.1319131107793808e-17,-1.8498014728826006e-26,0.0,-4.3699660334795e-06,0.0,0.0,-2.1849830167380114e-06,0.9999999999976129,-4.3489157100365335e-18,-1.8520826399138245e-24,0.0,0.0,0.0,-0.00039568857105238864
2026-09-16T13:10:51.730151,10.09,-1.1188753821534509e-17,-1.379689441903388e-26,0.0,-9.752172269728021e-07,0.0,0.0,-4.876086134863818e-07,0.9999999999998811,4.379362832006059e-18,-1.3810325573383782e-24,0.0,0.0,0.0,-3.3366270093043e-05
2026-09-16T13:10:51.750214,10.11,-1.140600531148242e-17,-1.4733269840221157e-26,0.0,7.030921604922469e-07,0.0,0.0,3.515460802461162e-07,0.9999999999999382,-8.713356233096947e-18,-1.4748992926373935e-24,0.0,0.0,0.0,-0.0002153088163446264
2026-09-16T13:10:51.774145,10.13,-1.1362362683547024e-17,-1.3710916655168375e-26,0.0,2.1532480940500425e-06,0.0,0.0,1.076624047024813e-06,0.9999999999994205,1.5251422819355456e-20,-1.37243597811765e-24,0.0,0.0,0.0,-0.00042111443162916985
2026-09-16T13:10:51.812658,10.15,-1.1101746189860959e-17,-1.59184528567057e-26,0.0,2.9936022860610484e-07,0.0,0.0,1.4968011430305184e-07,0.9999999999999888,1.3107275798438645e-17,-1.5935955852311587e-24,0.0,0.0,0.0,0.00010651647088026304
2026-09-16T13:10:51.834064,10.17,-1.1319137159285024e-17,-1.4327162818053728e-26,0.0,-5.471177026983299e-07,0.0,0.0,-2.735588513491615e-07,0.9999999999999626,-4.35018237864408e-18,-1.434150016262174e-24,0.0,0.0,0.0,-6.880233796069961e-05
2026-09-16T13:10:51.855544,10.19,-1.1492745450044296e-17,-1.4218951591394244e-26,0.0,-2.165507733131733e-06,0.0,0.0,-1.082753866565655e-06,0.9999999999994138,-8.714114487205227e-18,-1.4233202543510272e-24,0.0,0.0,0.0,9.426608184905213e-05
2026-09-16T13:10:51.874899,10.21,-1.1405734478139726e-17,-1.2759050205318854e-26,0.0,-4.768431467461198e-07,0.0,0.0,-2.3842157337305764e-07,0.9999999999999716,1.451856193895671e-20,-1.277038287028622e-24,0.0,0.0,0.0,6.359083341301931e-05
2026-09-16T13:10:51.893253,10.23,-1.1405735087891706e-17,-1.2504398086317003e-26,0.0,-2.8107120528808593e-06,0.0,0.0,-1.405356026439967e-06,0.9999999999990125,1.4353245150727842e-20,-1.2515126296147561e-24,0.0,0.0,0.0,0.00015797799903723234
2026-09-16T13:10:51.923083,10.25,-1.1535976428698663e-17,-1.4046675629256313e-26,0.0,5.735056056721533e-07,0.0,0.0,2.867528028360727e-07,0.9999999999999589,-4.349892985788511e-18,-1.4060334067630805e-24,0.0,0.0,0.0,0.0002639152036290039
2026-09-16T13:10:51.943643,10.27,-1.1492335197625925e-17,-1.459384949847745e-26,0.0,-2.640169674439363e-06,0.0,0.0,-1.3200848372192981e-06,0.9999999999991287,4.378391932186829e-18,-1.4608513645610991e-24,0.0,0.0,0.0,-9.692165138238537e-05
2026-09-16T13:10:51.966123,10.29,-1.1535978196733657e-17,-1.523860011679904e-26,0.0,3.2702723640198883e-06,0.0,0.0,1.6351361820092155e-06,0.9999999999986632,-4.350242254553155e-18,-1.5254393028983629e-24,0.0,0.0,0.0,-0.0002909552767506221
2026-09-16T13:10:51.995367,10.31,-1.1492473263822485e-17,-1.545764163029407e-26,0.0,-1.4192925359424178e-06,0.0,0.0,-7.096462679711494e-07,0.9999999999997482,1.3974504608847506e-20,-1.5473458913077818e-24,0.0,0.0,0.0,0.00035512259323651593
2026-09-16T13:10:52.011762,10.33,-1.1666082471828038e-17,-1.6422382533263945e-26,0.0,-1.889768764584687e-06,0.0,0.0,-9.44884382292203e-07,0.9999999999995536,-4.350258143038944e-18,-1.6439914867985174e-24,0.0,0.0,0.0,4.229460462887904e-05
2026-09-16T13:10:52.067811,10.35,-1.1579209515029523e-17,-1.5006323213103623e-26,0.0,-2.829319424524357e-06,0.0,0.0,-1.4146597122617067e-06,0.9999999999989994,1.3967696306110605e-20,-1.5021109935037993e-24,0.0,0.0,0.0,-0.00015201900806399328
2026-09-16T13:10:52.088318,10.37,-1.1709586921492766e-17,-1.6156240278118446e-26,0.0,5.864662653287668e-07,0.0,0.0,2.9323313266437915e-07,0.999999999999957,-8.714326213149871e-18,-1.617351081852852e-24,0.0,0.0,0.0,-0.0002750395462517082
2026-09-16T13:10:52.109838,10.39,-1.1796184498716752e-17,-1.436356174001617e-26,0.0,-1.5266488171405967e-06,0.0,0.0,-7.633244085702243e-07,0.9999999999997087,-4.3497680166692364e-18,-1.4376839075687602e-24,0.0,0.0,0.0,0.00011011198830096882
2026-09-16T13:10:52.134085,10.41,-1.183955170274427e-17,-1.435759355517827e-26,0.0,1.2616215321337165e-06,0.0,0.0,6.308107660668164e-07,0.999999999999801,-4.34959578041035e-18,-1.4370884692287894e-24,0.0,0.0,0.0,0.00026638424624897395
2026-09-16T13:10:52.148823,10.43,-1.1796046600157316e-17,-1.523986893629519e-26,0.0,1.3439481256760644e-06,0.0,0.0,6.719740628379816e-07,0.9999999999997742,1.46288929997867e-20,-1.525470639861585e-24,0.0,0.0,0.0,-0.00011187812355382173
2026-09-16T13:10:52.184841,10.45,-1.1796047368282145e-17,-1.494080205882049e-26,0.0,3.910785979499565e-07,0.0,0.0,1.95539298974977e-07,0.9999999999999809,1.4453585360906504e-20,-1.4954907042995909e-24,0.0,0.0,0.0,-0.0002939505501959942
2026-09-16T13:10:52.206272,10.47,-1.1752680229962275e-17,-1.4749474888582275e-26,0.0,1.8967315966733626e-06,0.0,0.0,9.483657983365389e-07,0.9999999999995502,1.4272543755890454e-20,-1.4763114019389424e-24,0.0,0.0,0.0,7.673389312728876e-05
2026-09-16T13:10:52.232501,10.48,-1.1752751549601968e-17,-2.89680814650887e-32,0.0,2.220446049250313e-12,0.0,0.0,1.1102230246251565e-12,1.0,5.637248371958367e-26,-1.4441227030003914e-24,0.0,0.0,0.0,0.0002827637540085306
2026-09-16T13:10:52.260281,10.51,0.009890456878895533,-2.9863446569456122e-05,0.0,-0.004005683029319141,0.0,0.0,-0.0020028401756353982,0.999997994313604,0.49685287517346544,-1.1647165687197181e-05,0.0,0.0,0.0,2.4740486183862114e-05
2026-09-16T13:10:52.281833,10.53,0.01976461507987737,-0.00014895197849269868,0.0,-0.012024792039964538,0.0,0.0,-0.00601235979645808,0.999981925601497,0.49681484618247734,-3.451699192059667e-05,0.0,0.0,0.0,6.572338341211925e-05
2026-09-16T13:10:52.334814,10.55,0.02963748973263787,-0.0003471842519368095,0.0,-0.02004050508808986,0.0,0.0,-0.01002008486354065,0.9999497976895277,0.49677631358496555,-5.7013689258191996e-05,0.0,0.0,0.0,-0.0004624170081586664
2026-09-16T13:10:52.355481,10.57,0.039508458871592024,-0.0006245475054027708,0.0,-0.028057381089280575,0.0,0.0,-0.014028230398395571,0.999901599534619,0.4967382656514056,-7.9168121667516e-05,0.0,0.0,0.0,0.0001948710360802938
2026-09-16T13:10:52.376654,10.59,0.049376854763719766,-0.0009819884254749357,0.0,-0.036170248488932355,0.0,0.0,-0.018084138405142683,0.9998364685978121,0.49670069627949853,-0.0001012236404813865,0.0,0.0,0.0,-0.01606712402664583
2026-09-16T13:10:52.408926,10.61,0.059242025525401164,-0.001419503265634671,0.0,-0.04554970921692815,0.0,0.0,-0.022772885796110025,0.9997406642087323,0.49666359950098554,-0.00012341178797530884,0.0,0.0,0.0,-0.23673160427592976
2026-09-16T13:10:52.426869,10.63,0.06910332005588499,-0.0019370883047805428,0.0,-0.05585263583306287,0.0,0.0,-0.027922688198841434,0.9996100857253043,0.49662696954319124,-0.00014806668051287817,0.0,0.0,0.0,-0.4061536133875193
2026-09-16T13:10:52.451333,10.65,0.07896009018529741,-0.002534677550282632,0.0,-0.06457605484195783,0.0,0.0,-0.03228241757869257,0.9994787869261033,0.4965908000724211,-0.00017099291353660727,0.0,0.0,0.0,-0.4042701577568309
2026-09-16T13:10:52.466748,10.67,0.08881169656815756,-0.0032120908147966485,0.0,-0.07265838909843178,0.0,0.0,-0.036321203801891126,0.9993401673876526,0.49655508552540534,-0.00019173999565052764,0.0,0.0,0.0,-0.4010795439925415
2026-09-16T13:10:52.489874,10.69,0.09865752688096117,-0.003968836542483606,0.0,-0.08067755066860773,0.0,0.0,-0.04032783623556726,0.9991865019227177,0.4965198200663001,-0.00021200310590056872,0.0,0.0,0.0,-0.401109077549672
2026-09-16T13:10:52.509645,10.71,0.10849697520826816,-0.004804476143344487,0.0,-0.0886944340233056,0.0,0.0,-0.04433268234228572,0.9990168233199769,0.496484998130076,-0.00023185961380859431,0.0,0.0,0.0,-0.3998196862496712
2026-09-16T13:10:52.527856,10.73,0.1183294210629897,-0.00571883517686389,0.0,-0.09669394636624418,0.0,0.0,-0.04832814077479012,0.9988315127233682,0.4964506141325088,-0.0002513141695087825,0.0,0.0,0.0,-0.39998018886071757
2026-09-16T13:10:52.553638,10.75,0.12815423668461626,-0.006711837318936214,0.0,-0.10470268236056857,0.0,0.0,-0.052327431560302964,0.9986299814777753,0.4964166625598779,-0.00027045346071517503,0.0,0.0,0.0,-0.40024964280450365
2026-09-16T13:10:52.574666,10.76,0.13304965964510077,-0.007243469773144136,0.0,-0.10870045417919227,0.0,0.0,-0.05432347309134698,0.9985233899470226,0.4937500105265632,-0.000288226337151444,0.0,0.0,0.0,-0.39976233896321145
2026-09-16T13:10:52.591219,10.79,0.14777846154051116,-0.008933514145207348,0.0,-0.12070157837877372,0.0,0.0,-0.06031416074113559,0.9981794437945977,0.49635003498186875,-0.00030776949185198525,0.0,0.0,0.0,-0.4003232366574058
2026-09-16T13:10:52.636355,10.81,0.15757661471604403,-0.010162043762085985,0.0,-0.12870406417888303,0.0,0.0,-0.06430762568388591,0.9979301224428999,0.4963173482937287,-0.00032596582974650376,0.0,0.0,0.0,-0.4000446227894317
2026-09-16T13:10:52.656057,10.83,0.16736462562254667,-0.011468927417535035,0.0,-0.13670384652971276,0.0,0.0,-0.0682987124982883,0.9976649166283619,0.4962850726632575,-0.00034384349015854497,0.0,0.0,0.0,-0.22094090954454162
2026-09-16T13:10:52.679010,10.85,0.17714439927047593,-0.012836052274157081,0.0,-0.13981292309173243,0.0,0.0,-0.06984953765320508,0.9975575382350802,0.4962532029235662,-0.000356235958245673,0.0,0.0,0.0,-0.15063250309512782
2026-09-16T13:10:52.698219,10.870000000000001,0.18692077028054815,-0.014227112417321892,0.0,-0.14283179067638763,0.0,0.0,-0.07135520456718639,0.9974509686100741,0.4962217339425856,-0.00035925055072512314,0.0,0.0,0.0,-0.15108915885305788
2026-09-16T13:10:52.717830,10.89,0.19669292289202756,-0.01564751503420863,0.0,-0.14584149700462,0.0,0.0,-0.07285614045194239,0.9973424601401701,0.49619066070019247,-0.0003620613619043319,0.0,0.0,0.0,-0.15057569925716013
2026-09-16T13:10:52.737333,10.91,0.20646075485500187,-0.017097344617660264,0.0,-0.14885169099599693,0.0,0.0,-0.07435715450451853,0.9972316749752743,0.496159978206975,-0.0003648001134745786,0.0,0.0,0.0,-0.15036914676882257
2026-09-16T13:10:52.756425,10.93,0.216224177596462,-0.018576587636737796,0.0,-0.15186540207491905,0.0,0.0,-0.07585975359124418,0.9971184973638167,0.4961296815449618,-0.00036747551647075725,0.0,0.0,0.0,-0.15053315680002782
2026-09-16T13:10:52.784463,10.95,0.22598310267476682,-0.0200852296957534,0.0,-0.1552756083546445,0.0,0.0,-0.07755983237165182,0.9969876992232558,0.49609976585825927,-0.00037008890696198227,0.0,0.0,0.0,-0.19043098954232293
2026-09-16T13:10:52.799835,10.97,0.23573621295679495,-0.021631042324704565,0.0,-0.1590828772130282,0.0,0.0,-0.07945759080354806,0.9968382472917539,0.49607022635235676,-0.0003749507832007483,0.0,0.0,0.0,-0.19103591811949358
2026-09-16T13:10:52.815809,10.99,0.2454833606397738,-0.02321402738442771,0.0,-0.16290478409878828,0.0,0.0,-0.08136235604552164,0.9966845875294359,0.4960410582928374,-0.0003797320629341709,0.0,0.0,0.0,-0.19097151599506804
2026-09-16T13:10:52.852668,11.01,0.2552243802090649,-0.0248343054852814,0.0,-0.16673366193429923,0.0,0.0,-0.08327029754348618,0.9965269979017223,0.4960122570054314,-0.0003844395767552317,0.0,0.0,0.0,-0.19156291522130728
2026-09-16T13:10:52.871514,11.03,0.2649591216729286,-0.026491895554123176,0.0,-0.17056225834640773,0.0,0.0,-0.08517779364922273,0.9963657679130945,0.49598381787467194,-0.0003890864822080108,0.0,0.0,0.0,-0.19168641140685308
2026-09-16T13:10:52.890641,11.05,0.27468744313888505,-0.028186767075076644,0.0,-0.1743922082210956,0.0,0.0,-0.08708565177811613,0.9962008277723828,0.49595573634330486,-0.0003936508774846567,0.0,0.0,0.0,-0.19146862829842948
2026-09-16T13:10:52.910889,11.07,0.28440920163391264,-0.029918896167159814,0.0,-0.17822091621591962,0.0,0.0,-0.08899257207658208,0.9960322896950652,0.495928007911551,-0.00039812020561714236,0.0,0.0,0.0,-0.19153844445139911
2026-09-16T13:10:52.932446,11.09,0.294124254340068,-0.03168825802428642,0.0,-0.18205883135605208,0.0,0.0,-0.09090375075287692,0.9958596829368377,0.4959006281363801,-0.0004025080137723118,0.0,0.0,0.0,-0.19161403228340998
2026-09-16T13:10:52.967793,11.11,0.30383245869397685,-0.033494826413765444,0.0,-0.1858923286911782,0.0,0.0,-0.0928123953176694,0.9956836140438371,0.49587359263077285,-0.00040678897733260037,0.0,0.0,0.0,-0.1918285247422648
2026-09-16T13:10:52.987640,11.14,0.318371264776713,-0.03627301352354121,0.0,-0.1916364179006136,0.0,0.0,-0.0956716563502589,0.9954129465559497,0.4937500082742402,-0.00041376024023729875,0.0,0.0,0.0,-0.1915922086537658
2026-09-16T13:10:53.013061,11.15,0.3232277521226863,-0.037219477702904444,0.0,-0.19355478240508805,0.0,0.0,-0.09662639462541571,0.9953207221100611,0.4958205371560616,-0.0004150904151114391,0.0,0.0,0.0,-0.19168183687384127
2026-09-16T13:10:53.027250,11.17,0.33291455678025883,-0.039137504427853485,0.0,-0.19738362355505454,0.0,0.0,-0.09853167886249806,0.9951339147373772,0.49579450868669567,-0.00041910620065922,0.0,0.0,0.0,-0.19141215988518004
2026-09-16T13:10:53.050116,11.19,0.3425939439305699,-0.04109262709526812,0.0,-0.2012161924316827,0.0,0.0,-0.1004384564189401,0.994943272992074,0.49576880748499497,-0.0004230363817361599,0.0,0.0,0.0,-0.19150485132998002
2026-09-16T13:10:53.066218,11.21,0.35226577152446664,-0.043084816885375056,0.0,-0.20504893801425972,0.0,0.0,-0.10234495303984478,0.9947489686284032,0.49574342943358446,-0.00042688194081038294,0.0,0.0,0.0,-0.19161190344090798
2026-09-16T13:10:53.091148,11.23,0.36192989751954247,-0.04511404494131063,0.0,-0.20887837919670238,0.0,0.0,-0.10424943060320328,0.9945511833077813,0.4957183704669784,-0.0004306443144874154,0.0,0.0,0.0,-0.19127067428008604
2026-09-16T13:10:53.108507,11.25,0.3715861800026445,-0.047180281764859895,0.0,-0.21270870741797362,0.0,0.0,-0.10615396698552237,0.9943497047282895,0.49569362657092775,-0.000434321293866905,0.0,0.0,0.0,-0.18598350631494295
2026-09-16T13:10:53.129221,11.27,0.3812345592827669,-0.049283121075730574,0.0,-0.21643966878406393,0.0,0.0,-0.10800872136720005,0.9941499464912839,0.49566919378178076,-0.000437767938982794,0.0,0.0,0.0,-0.1862161408327093
2026-09-16T13:10:53.149522,11.29,0.39087506377856046,-0.05142177703544009,0.0,-0.2201594944054981,0.0,0.0,-0.10985756570648425,0.9939473402837021,0.49564506818579596,-0.0004409868459842777,0.0,0.0,0.0,-0.1858263567676882
2026-09-16T13:10:53.167461,11.31,0.4005075361803288,-0.05359632965119328,0.0,-0.22388845824397352,0.0,0.0,-0.11171057052893014,0.9937407853319199,0.4956212459186166,-0.0004441353247956729,0.0,0.0,0.0,-0.186023584757924
2026-09-16T13:10:53.186293,11.33,0.4101318476282467,-0.055806727788627615,0.0,-0.22760377333118822,0.0,0.0,-0.11355640678297439,0.9935315508218849,0.4955977231645136,-0.0004472015460461814,0.0,0.0,0.0,-0.18588441748852808
2026-09-16T13:10:53.210100,11.35,0.41974786502499567,-0.05805293951537622,0.0,-0.2313329546416103,0.0,0.0,-0.11540873795421995,0.9933180876254163,0.4955744961558573,-0.00045021582317307014,0.0,0.0,0.0,-0.18648696390199865
2026-09-16T13:10:53.227141,11.37,0.4293554551377306,-0.06033493349764313,0.0,-0.2350583303288873,0.0,0.0,-0.11725877819960431,0.9931013940857882,0.49555156117246624,-0.00045316088632849793,0.0,0.0,0.0,-0.18639363104767243
2026-09-16T13:10:53.247790,11.39,0.4389544849475104,-0.06265267750846931,0.0,-0.23877877137803385,0.0,0.0,-0.11910596184813331,0.9928815487520306,0.4955289145410387,-0.00045602773926053036,0.0,0.0,0.0,-0.18601979798751897
2026-09-16T13:10:53.276061,11.41,0.44854482117478384,-0.06500614041355758,0.0,-0.2424984751482353,0.0,0.0,-0.12095236740705265,0.9926583122195821,0.4955065526345399,-0.0004588246804434417,0.0,0.0,0.0,-0.18649571617947452
2026-09-16T13:10:53.296655,11.42,0.45332821363975334,-0.06619415952848963,0.0,-0.24436052972296451,0.0,0.0,-0.12187650682777516,0.9925452720573804,0.49375000692963733,-0.0004602161668986516,0.0,0.0,0.0,-0.1863717619280066
2026-09-16T13:10:53.321664,11.45,0.4676988824254016,-0.06982008746139472,0.0,-0.24994398119711073,0.0,0.0,-0.12464694247355212,0.9922011589047832,0.495462668716041,-0.0004642512405956903,0.0,0.0,0.0,-0.18640819800233774
2026-09-16T13:10:53.344511,11.46,0.47247352312324803,-0.07104368893429444,0.0,-0.25180598072363614,0.0,0.0,-0.12557062736463517,0.9920846826472284,0.4937500067562683,-0.0004655125824480622,0.0,0.0,0.0,-0.18607152801434212
2026-09-16T13:10:53.362934,11.49,0.4868165768359864,-0.07477650850626519,0.0,-0.257390291831018,0.0,0.0,-0.128340189039421,0.9917302031688486,0.4954198813040701,-0.0004694246389135968,0.0,0.0,0.0,-0.18645082952142195
2026-09-16T13:10:53.389005,11.51,0.49636145498931544,-0.07730806199524691,0.0,-0.26110865746755746,0.0,0.0,-0.13018377392353997,0.9914898814445988,0.49539889019563804,-0.00047192354251767506,0.0,0.0,0.0,-0.18625258229355873
2026-09-16T13:10:53.407629,11.53,0.50589684409929,-0.07987513051037859,0.0,-0.26483812317090244,0.0,0.0,-0.1320324102667779,0.9912453998073056,0.4953781629893635,-0.0004743689976677188,0.0,0.0,0.0,-0.18598145422411835
2026-09-16T13:10:53.436316,11.55,0.5154226122924757,-0.08247767743264987,0.0,-0.26842514900309405,0.0,0.0,-0.13381000838772578,0.9910070038376504,0.49535769636615024,-0.0004767271594176088,0.0,0.0,0.0,-0.1732721936346873
2026-09-16T13:10:53.459436,11.57,0.5249393107786907,-0.08511319899896232,0.0,-0.2718967306094342,0.0,0.0,-0.13552998678435502,0.9907732448356852,0.4953374870486306,-0.00047830191798517153,0.0,0.0,0.0,-0.1724894836880852
2026-09-16T13:10:53.476424,11.59,0.5344468309980234,-0.08778164563989341,0.0,-0.275348913150177,0.0,0.0,-0.13723994908560885,0.9905378318746738,0.4953175318008391,-0.0004797872193562966,0.0,0.0,0.0,-0.17264175125300277
2026-09-16T13:10:53.496809,11.61,0.5439450778935178,-0.09048291895317549,0.0,-0.27880325972924475,0.0,0.0,-0.13895057401840427,0.9902993173682166,0.4952978274274217,-0.0004812352545496059,0.0,0.0,0.0,-0.17275027353750372
2026-09-16T13:10:53.514834,11.63,0.5534339433049946,-0.09321696870495776,0.0,-0.2822583328310553,0.0,0.0,-0.14066114409377684,0.990057797576601,0.49527837077330444,-0.00048263367310889387,0.0,0.0,0.0,-0.17277053866824932
2026-09-16T13:10:53.537368,11.65,0.5629133143162992,-0.09598376165758622,0.0,-0.28570949097176745,0.0,0.0,-0.14236935684199203,0.9898136017616638,0.4952591587231254,-0.0004839825634791397,0.0,0.0,0.0,-0.17268395947835877
2026-09-16T13:10:53.557759,11.66,0.5676423709941842,-0.09737675804775141,0.0,-0.28743465220235187,0.0,0.0,-0.14322309779712392,0.9896904284964039,0.4937500059522081,-0.0004839614096604199,0.0,0.0,0.0,-0.1725915706253676
2026-09-16T13:10:53.581564,11.7,0.5865689459463029,-0.10302006119503819,0.0,-0.29137507676240615,0.0,0.0,-0.14517271879420515,0.9894063279148252,0.49375000580300055,-0.00047794462431365985,0.0,0.0,0.0,-0.07359767839319602
2026-09-16T13:10:53.609162,11.71,0.5913039129280458,-0.10444512602946518,0.0,-0.29211475621786764,0.0,0.0,-0.14553863062432887,0.9893525696110539,0.49520295962781247,-0.0004792315793124236,0.0,0.0,0.0,-0.07257987161295806
2026-09-16T13:10:53.627894,11.73,0.6007584193162515,-0.10729574553625858,0.0,-0.29356811376708025,0.0,0.0,-0.14625753364728164,0.9892465485668446,0.49518469561686007,-0.00047477985181130133,0.0,0.0,0.0,-0.07299182054916309
2026-09-16T13:10:53.658762,11.75,0.6102087696779724,-0.11016011713517056,0.0,-0.2950158810082178,0.0,0.0,-0.14697359463793278,0.9891404159568067,0.495166661211544,-0.00047037551892176345,0.0,0.0,0.0,-0.0716864763768084
2026-09-16T13:10:53.679950,11.77,0.6196549973866132,-0.11303805965876977,0.0,-0.29645374165795246,0.0,0.0,-0.14768467963481333,0.9890344965678207,0.49514885352451615,-0.00046595163598774075,0.0,0.0,0.0,-0.07203757608066139
2026-09-16T13:10:53.697153,11.79,0.6290970829972745,-0.11592956684056534,0.0,-0.297890088402263,0.0,0.0,-0.14839493972744963,0.9889281783139191,0.4951312697047776,-0.000461585827793755,0.0,0.0,0.0,-0.07175032669661678
2026-09-16T13:10:53.720924,11.81,0.638535008061994,-0.11883462931927127,0.0,-0.29932542270331824,0.0,0.0,-0.14910462271921468,0.988821425477705,0.4951139069371948,-0.00045726185109176736,0.0,0.0,0.0,-0.07138370370297094
2026-09-16T13:10:53.739100,11.83,0.6479036436221353,-0.12173307017676316,0.0,-0.3007550356415241,0.0,0.0,-0.14981140051836841,0.9887145919195919,0.4916726047856415,-0.00045295811564301393,0.0,0.0,0.0,-0.07121328712416877
2026-09-16T13:10:53.777803,11.85,0.6572487242192896,-0.12463879652854219,0.0,-0.30217218183073896,0.0,0.0,-0.1505119394094846,0.9886081913959623,0.4906286904667444,-0.0004486621521409313,0.0,0.0,0.0,-0.0631488772078744
2026-09-16T13:10:53.797595,11.870000000000001,0.6665840104611455,-0.12755544473917108,0.0,-0.30344044656476665,0.0,0.0,-0.15113881755770803,0.9885125481384938,0.4903041441682525,-0.0004441939590203255,0.0,0.0,0.0,-0.06316925369143217
2026-09-16T13:10:53.818168,11.89,0.6759139085671658,-0.13048317840939608,0.0,-0.3047055585961531,0.0,0.0,-0.15176407683755372,0.988416746611289,0.4901955512335136,-0.00043955436350833643,0.0,0.0,0.0,-0.06293810407128488
2026-09-16T13:10:53.838238,11.91,0.6852395808067642,-0.1334225221016361,0.0,-0.3059630613868696,0.0,0.0,-0.1523855152069161,0.9883211293679411,0.49015188546904276,-0.00043495734293152614,0.0,0.0,0.0,-0.06269074740375404
2026-09-16T13:10:53.858052,11.93,0.6945613852240899,-0.1363735668770993,0.0,-0.3072236651313451,0.0,0.0,-0.1530084255539898,0.988224884178439,0.4901278372421204,-0.0004304152260110413,0.0,0.0,0.0,-0.06313985481962188
2026-09-16T13:10:53.878841,11.95,0.7038794162779999,-0.13933634496904013,0.0,-0.3084890863740535,0.0,0.0,-0.15363365526640402,0.9881278763244582,0.4901098119103656,-0.00042594269737792744,0.0,0.0,0.0,-0.06310138869119199
2026-09-16T13:10:53.895536,11.97,0.7131936923233937,-0.14231086151941216,0.0,-0.3097486003744642,0.0,0.0,-0.15425590520740268,0.9880309285182548,0.4900937293505023,-0.0004215109900714454,0.0,0.0,0.0,-0.06274586558376194
2026-09-16T13:10:53.919856,11.99,0.7225042082484162,-0.14529711554624722,0.0,-0.3110059457242471,0.0,0.0,-0.15487702272996554,0.9879337568027027,0.49007836381672526,-0.00041712799473256297,0.0,0.0,0.0,-0.06306454211302286
2026-09-16T13:10:53.961759,12.01,0.7318109522817388,-0.14829510303690635,0.0,-0.3122733715067776,0.0,0.0,-0.1555030579467758,0.9878354108702531,0.4900633458979838,-0.00041281887283937436,0.0,0.0,0.0,-0.0632669847392901
2026-09-16T13:10:53.984575,12.03,0.7411139108369676,-0.15130481850861466,0.0,-0.3135285725159847,0.0,0.0,-0.15612299328344695,0.9877376225335435,0.49004856310486206,-0.00040855010296598126,0.0,0.0,0.0,-0.06323318448919074
2026-09-16T13:10:54.019177,12.05,0.7504130691374444,-0.15432625804071287,0.0,-0.314788391758249,0.0,0.0,-0.1567451477001711,0.9876390832042096,0.490033980045409,-0.0004043498319305821,0.0,0.0,0.0,-0.06329165636912377
2026-09-16T13:10:54.039343,12.07,0.7597084125397568,-0.15735941666258138,0.0,-0.3160506551849256,0.0,0.0,-0.1573684467876021,0.9875399596753833,0.49001958447760274,-0.0004002070142211182,0.0,0.0,0.0,-0.06286513512839081
2026-09-16T13:10:54.063604,12.09,0.7689999266065702,-0.16040428858646663,0.0,-0.31730857636850196,0.0,0.0,-0.157989539337299,0.9874407857993248,0.4900053711248494,-0.000396099299850734,0.0,0.0,0.0,-0.06326857587560926
2026-09-16T13:10:54.078467,12.11,0.7782875961085751,-0.16346087039010335,0.0,-0.31857052720180734,0.0,0.0,-0.15861255870701133,0.9873409017256476,0.48999133682034235,-0.0003920635733331263,0.0,0.0,0.0,-0.06284425512563342
2026-09-16T13:10:54.098460,12.13,0.7875714064530467,-0.1665291566889731,0.0,-0.31982780839319075,0.0,0.0,-0.15923320989777365,0.9872409963457006,0.48997747905016403,-0.00038806348703982575,0.0,0.0,0.0,-0.06277314967177443
2026-09-16T13:10:54.120880,12.15,0.796851342840636,-0.16960914272367958,0.0,-0.32109352319900575,0.0,0.0,-0.15985796074193434,0.9871400267375597,0.4899637955158994,-0.00038412215644607206,0.0,0.0,0.0,-0.05811781414947785
2026-09-16T13:10:54.138952,12.17,0.8061275141642444,-0.1727004531000318,0.0,-0.3222451666991404,0.0,0.0,-0.16042635090617388,0.9870478133985856,0.4899502840032583,-0.0003800834044854833,0.0,0.0,0.0,-0.057557938472264696
2026-09-16T13:10:54.158435,12.19,0.8154001564521721,-0.1758023359260334,0.0,-0.3233991284719742,0.0,0.0,-0.16099583189336328,0.9869550861680403,0.4899369423423102,-0.0003759367480479791,0.0,0.0,0.0,-0.05727322477826243
2026-09-16T13:10:54.179657,12.22,0.8292982743188245,-0.18047133973886872,0.0,-0.32512057760497237,0.0,0.0,-0.16184526864055016,0.9868161475263101,0.4888888929674944,-0.00036709372800262073,0.0,0.0,0.0,-0.05752960076857755
2026-09-16T13:10:54.201525,12.23,0.8339347132074358,-0.18203807741686412,0.0,-0.32569565359882097,0.0,0.0,-0.16212900908450287,0.9867695700685531,0.4899107600534968,-0.0003677702460737314,0.0,0.0,0.0,-0.05768112863540054
2026-09-16T13:10:54.217980,12.25,0.8431966079836192,-0.18517191351081635,0.0,-0.326842118000636,0.0,0.0,-0.16269463050856087,0.9866764703810884,0.48989791523384446,-0.0003637813002571456,0.0,0.0,0.0,-0.05713406845946387
2026-09-16T13:10:54.239177,12.27,0.8524548973707387,-0.1883163876816691,0.0,-0.32799195440702844,0.0,0.0,-0.16326186185299507,0.9865827712180533,0.4898852318808568,-0.00035983650635919165,0.0,0.0,0.0,-0.057426589039871266
2026-09-16T13:10:54.258789,12.29,0.8617095688825767,-0.19147149653389647,0.0,-0.3291424808715307,0.0,0.0,-0.16382937960160396,0.9864886894330586,0.4898727079643969,-0.00035595064991231267,0.0,0.0,0.0,-0.05777117031360757
2026-09-16T13:10:54.300534,12.32,0.8755808796985046,-0.19622054258599955,0.0,-0.33086449818622304,0.0,0.0,-0.16467869407233732,0.986347265276601,0.4888888927167802,-0.00034775125718970924,0.0,0.0,0.0,-0.05717119446788561
2026-09-16T13:10:54.320655,12.33,0.8802080097649109,-0.19781360048659768,0.0,-0.33143927336230045,0.0,0.0,-0.16496215122943128,0.9862998979325498,0.48984813044815967,-0.0003483307578465883,0.0,0.0,0.0,-0.05740723142983995
2026-09-16T13:10:54.359919,12.35,0.8894517546847557,-0.20100058726038872,0.0,-0.332584911613281,0.0,0.0,-0.16552709557970546,0.9862052426492911,0.4898360729147129,-0.0003445977247977315,0.0,0.0,0.0,-0.057321568615981616
2026-09-16T13:10:54.378490,12.37,0.8986918331224452,-0.20419819120092672,0.0,-0.3337347961865484,0.0,0.0,-0.1660940792875615,0.9861099111283779,0.48982416694975284,-0.0003409220407928964,0.0,0.0,0.0,-0.05732009440449327
2026-09-16T13:10:54.401141,12.39,0.9079282326636284,-0.20740640869151897,0.0,-0.3348881248547882,0.0,0.0,-0.16666270605470698,0.9860139666406974,0.489812410647746,-0.0003372936731344584,0.0,0.0,0.0,-0.05725264394480355
2026-09-16T13:10:54.423272,12.42,0.9217722605229792,-0.21223532602487077,0.0,-0.33660840638677675,0.0,0.0,-0.16751075510663382,0.9858702485234075,0.48888889248158957,-0.00032968576966835674,0.0,0.0,0.0,-0.05746022619295246
2026-09-16T13:10:54.438991,12.43,0.9263899462867853,-0.21385466728523997,0.0,-0.3371850394728017,0.0,0.0,-0.16779499084232358,0.9858219114263106,0.4897893395299628,-0.00033017660265080714,0.0,0.0,0.0,-0.057642444241866826
2026-09-16T13:10:54.460733,12.45,0.9356152360161007,-0.21709469978130308,0.0,-0.3383342421701574,0.0,0.0,-0.16836141771085528,0.9857253334607927,0.4897780210217216,-0.0003266947469356321,0.0,0.0,0.0,-0.05903399488966202
2026-09-16T13:10:54.481507,12.47,0.9448367585909768,-0.2203454406880532,0.0,-0.3395116558570237,0.0,0.0,-0.16894169175189797,0.9856260471334991,0.48976684479092975,-0.00032329952261224984,0.0,0.0,0.0,-0.15218381837316786
2026-09-16T13:10:54.501304,12.5,0.9586514585942646,-0.22525827501652615,0.0,-0.3440811699046744,0.0,0.0,-0.1711931648794331,0.9852374842131024,0.4888888923040569,-0.0003243033394253981,0.0,0.0,0.0,-0.15225759557041557
2026-09-16T13:10:54.522703,12.51,0.9632567236829866,-0.2269119518499137,0.0,-0.3456057563043924,0.0,0.0,-0.17194415490176318,0.9851066985840257,0.48974491202957815,-0.0003247597174127054,0.0,0.0,0.0,-0.1538673958251973
2026-09-16T13:10:54.538353,12.53,0.972451189130454,-0.23023846116244717,0.0,-0.3486893336398915,0.0,0.0,-0.17346277627918555,0.9848404262851507,0.4897341519886549,-0.00032682963278267966,0.0,0.0,0.0,-0.15435761515186125
2026-09-16T13:10:54.558377,12.55,0.9816353464431964,-0.23359332742167888,0.0,-0.3517694429725347,0.0,0.0,-0.17497927806699862,0.9845721163262506,0.4897235272042628,-0.00032891725582524935,0.0,0.0,0.0,-0.154035201540858
2026-09-16T13:10:54.578782,12.57,0.9908091202653124,-0.23697648554334394,0.0,-0.3548476453657421,0.0,0.0,-0.1764944263428494,0.9843016394733418,0.48971303597600774,-0.0003309622002903069,0.0,0.0,0.0,-0.15390257471654442
2026-09-16T13:10:54.602249,12.59,0.9999724229543661,-0.24038790467973983,0.0,-0.35793017594761073,0.0,0.0,-0.17801128606384814,0.9840284457442756,0.48970267662486927,-0.000332976088313828,0.0,0.0,0.0,-0.14679617202091946
2026-09-16T13:10:54.627199,12.61,1.0086877628515345,-0.2436628122958395,0.0,-0.3608696564777292,0.0,0.0,-0.17945735950753458,0.9837657526660417,0.46621251343997444,-0.00033443881512988443,0.0,0.0,0.0,-0.14673287355586695
2026-09-16T13:10:54.642792,12.62,1.0130391488993795,-0.24530873127573072,0.0,-0.3623346735549365,0.0,0.0,-0.18017792811130068,0.98363403470067,0.4655555581413087,-0.00033507469475488766,0.0,0.0,0.0,-0.14462253626338314
2026-09-16T13:10:54.668819,12.65,1.025855497300355,-0.25019883161422374,0.0,-0.36666208058001937,0.0,0.0,-0.1823057971051072,0.9832418808929324,0.4570388800839886,-0.0003364013153842604,0.0,0.0,0.0,-0.14359130299363543
2026-09-16T13:10:54.691232,12.67,1.0343612695636502,-0.2534793089671054,0.0,-0.3695333618390828,0.0,0.0,-0.18371719074115386,0.9829791421114583,0.45639757150393695,-0.0003371381679597343,0.0,0.0,0.0,-0.14351392579907093
2026-09-16T13:10:54.708281,12.69,1.0428540742147636,-0.2567828413537352,0.0,-0.3724067653202395,0.0,0.0,-0.1851292484933516,0.9827141809052553,0.45620019267689643,-0.0003378505636117082,0.0,0.0,0.0,-0.14414990630526536
2026-09-16T13:10:54.730811,12.71,1.0513363036636398,-0.26011034182402754,0.0,-0.37527575093751947,0.0,0.0,-0.18653875395869826,0.9824476033211829,0.4561360512798193,-0.0003385566931645375,0.0,0.0,0.0,-0.14340887895835905
2026-09-16T13:10:54.750140,12.73,1.059808626142462,-0.26346206662104343,0.0,-0.37814939456205593,0.0,0.0,-0.18795016306828458,0.9821785663526797,0.456111943053974,-0.00033923248256156397,0.0,0.0,0.0,-0.14372621235746968
2026-09-16T13:10:54.772420,12.75,1.0682712876186928,-0.26683811246706207,0.0,-0.3810243118672535,0.0,0.0,-0.18936180948118234,0.981907381126149,0.4561050410046341,-0.0003398950892093278,0.0,0.0,0.0,-0.13956837431465935
2026-09-16T13:10:54.791366,12.77,1.0767241553521558,-0.27023811385422764,0.0,-0.383810055547265,0.0,0.0,-0.1907292964899796,0.9816426719842803,0.45609155016795755,-0.00034042139718476195,0.0,0.0,0.0,-0.13948185576746502
2026-09-16T13:10:54.809817,12.79,1.0851675960052762,-0.27366159599509027,0.0,-0.38659767076759893,0.0,0.0,-0.1920973318088097,0.98137587860714,0.4560848210910817,-0.00034082242447480124,0.0,0.0,0.0,-0.1391789658484299
2026-09-16T13:10:54.833536,12.81,1.0936014532783846,-0.2771085769056532,0.0,-0.38938688819076084,0.0,0.0,-0.19346577990656627,0.9811070237263334,0.4560775758100975,-0.0003411977989971996,0.0,0.0,0.0,-0.13927184129198286
2026-09-16T13:10:54.851958,12.83,1.1020256853535837,-0.2805790258870298,0.0,-0.39216487353683105,0.0,0.0,-0.19482834330899582,0.9808373548369128,0.45607097330481905,-0.0003415469932191621,0.0,0.0,0.0,-0.13912558966630903
2026-09-16T13:10:54.880401,12.85,1.110440222620594,-0.2840729165733732,0.0,-0.39494759328953766,0.0,0.0,-0.19619285202708794,0.9805653291920315,0.4560644948688265,-0.0003418963826209276,0.0,0.0,0.0,-0.13923392138412016
2026-09-16T13:10:54.904152,12.870000000000001,1.1188450000627603,-0.2875902201976075,0.0,-0.39773293254366626,0.0,0.0,-0.19755826487616626,0.9802911465371492,0.4560580816453928,-0.0003422397397097643,0.0,0.0,0.0,-0.13961087544941306
2026-09-16T13:10:54.922495,12.89,1.1272399528622696,-0.2911309101219132,0.0,-0.40051905620104034,0.0,0.0,-0.19892367891886636,0.9800149845616565,0.45605176393226693,-0.0003425773945716889,0.0,0.0,0.0,-0.1394473214169495
2026-09-16T13:10:54.941496,12.91,1.1356250155147,-0.2946949596311453,0.0,-0.4033067778154452,0.0,0.0,-0.20028948971479518,0.9797367607218721,0.45604552640495843,-0.0003428933982865737,0.0,0.0,0.0,-0.1392462780870359
2026-09-16T13:10:54.960300,12.93,1.1440001230473706,-0.29828234103699586,0.0,-0.406085702221148,0.0,0.0,-0.2016506031346025,0.9794575203935345,0.4560393675149843,-0.0003431827979827849,0.0,0.0,0.0,-0.13947606293982007
2026-09-16T13:10:54.993282,12.95,1.152365210534423,-0.301893026534434,0.0,-0.4088727240247159,0.0,0.0,-0.20301529163550433,0.9791755671799369,0.4560332861116567,-0.0003434809961884425,0.0,0.0,0.0,-0.1388187858759207
2026-09-16T13:10:55.012697,12.97,1.1607202133622547,-0.305526987593593,0.0,-0.4116573365922851,0.0,0.0,-0.20437840671590632,0.9788919587310274,0.4560272811722671,-0.0003437423018677674,0.0,0.0,0.0,-0.1395525060195557
2026-09-16T13:10:55.032418,12.99,1.1690650664630462,-0.309184196734763,0.0,-0.4144384240647533,0.0,0.0,-0.20573940076467412,0.978606815310926,0.45602135172374036,-0.00034401129626026786,0.0,0.0,0.0,-0.13923363425380128
2026-09-16T13:10:55.052050,13.01,1.177399705475419,-0.3128646248562927,0.0,-0.41722120555333714,0.0,0.0,-0.2071008256380183,0.9783196042296459,0.4560154968045581,-0.0003442688659541622,0.0,0.0,0.0,-0.13920680597924512
2026-09-16T13:10:55.072643,13.03,1.1857240657906558,-0.3165682434299463,0.0,-0.42000767803282635,0.0,0.0,-0.20846365452129764,0.9780301144359641,0.45600971548466157,-0.0003445185338960592,0.0,0.0,0.0,-0.13920395742400013
2026-09-16T13:10:55.094252,13.05,1.1940380829462252,-0.3202950235985724,0.0,-0.42274519162675234,0.0,0.0,-0.20980214419226853,0.9777438623138099,0.4560040068358152,-0.0003447511648456166,0.0,0.0,0.0,-0.13467661656001476
2026-09-16T13:10:55.111202,13.07,1.2023420389282884,-0.3240441689777628,0.0,-0.4254383510771689,0.0,0.0,-0.21111856364114281,0.9774604606254418,0.4559983699441702,-0.0003447302748239153,0.0,0.0,0.0,-0.13459316718085906
2026-09-16T13:10:55.133851,13.09,1.210635875806955,-0.3278156477804512,0.0,-0.42812866691492957,0.0,0.0,-0.21243321091942774,0.9771755885706837,0.45599280390787733,-0.0003446977639816284,0.0,0.0,0.0,-0.1348784584909354
2026-09-16T13:10:55.153644,13.11,1.2189195415950882,-0.3316094150321944,0.0,-0.43081736002377763,0.0,0.0,-0.21374668119749315,0.976889121792774,0.45598730783617136,-0.0003446622487520201,0.0,0.0,0.0,-0.1347111375505725
2026-09-16T13:10:55.173425,13.13,1.2271929788572749,-0.33542543795989976,0.0,-0.43350498408757604,0.0,0.0,-0.21505924316294872,0.9766010044691638,0.4559818808495391,-0.0003446143749714406,0.0,0.0,0.0,-0.1343938280197561
2026-09-16T13:10:55.193242,13.15,1.235456127562392,-0.33926368949217234,0.0,-0.43619226744400613,0.0,0.0,-0.2163712504496627,0.976311160429322,0.4559765220795432,-0.00034455433744850155,0.0,0.0,0.0,-0.13438990628748423
2026-09-16T13:10:55.211872,13.17,1.2437089280698863,-0.34312414170588873,0.0,-0.4388802284060587,0.0,0.0,-0.21768319778378678,0.9760194800323531,0.45597123066866396,-0.00034449172459450245,0.0,0.0,0.0,-0.13454620614686827
2026-09-16T13:10:55.231976,13.19,1.2519513207191122,-0.3470067667218404,0.0,-0.4415693936349268,0.0,0.0,-0.2189953394375982,0.9757259048035012,0.4559660057701542,-0.000344429093464626,0.0,0.0,0.0,-0.13456236365309046
2026-09-16T13:10:55.265312,13.21,1.2601832458646927,-0.35091153662649566,0.0,-0.44425964512294996,0.0,0.0,-0.22030761495442647,0.9754304459022654,0.45596084654793906,-0.00034435959480345484,0.0,0.0,0.0,-0.13443471807634827
2026-09-16T13:10:55.283057,13.23,1.2684046439416075,-0.3548384233338886,0.0,-0.4469445093584717,0.0,0.0,-0.2216168652095599,0.9751338190498203,0.45595575217642875,-0.0003442767139093062,0.0,0.0,0.0,-0.13464119857933302
2026-09-16T13:10:55.332252,13.25,1.2766154554016909,-0.35878739871892995,0.0,-0.44963239906639796,0.0,0.0,-0.22292719075228232,0.9748350976566732,0.45595072184041213,-0.00034420409581270643,0.0,0.0,0.0,-0.13465147554554105
2026-09-16T13:10:55.352134,13.27,1.2848156212337762,-0.3627584335391843,0.0,-0.45232039704085286,0.0,0.0,-0.2242371664014393,0.9745346033898711,0.4559457547349633,-0.00034412807338135836,0.0,0.0,0.0,-0.13445860998585096
2026-09-16T13:10:55.372414,13.29,1.2930050820498273,-0.36675149933897566,0.0,-0.45500929070598417,0.0,0.0,-0.22554717330899451,0.9742322477788972,0.45594085006522256,-0.00034404301497365295,0.0,0.0,0.0,-0.13432752979959284
2026-09-16T13:10:55.394132,13.31,1.3011837783470812,-0.370766567890835,0.0,-0.45770066223159445,0.0,0.0,-0.2268579791605245,0.9739278501466128,0.45593600704634957,-0.00034394876140730814,0.0,0.0,0.0,-0.1343927626272743
2026-09-16T13:10:55.414322,13.33,1.3093516510154186,-0.3748036101575815,0.0,-0.4603891996122488,0.0,0.0,-0.2281669945090403,0.9736220121878467,0.45593122490338883,-0.0003438440757801751,0.0,0.0,0.0,-0.1344554375090047
2026-09-16T13:10:55.429826,13.35,1.3175086409884684,-0.3788625970132981,0.0,-0.4630773897809122,0.0,0.0,-0.22947542857333306,0.9733144546759208,0.45592650287109215,-0.0003437366669778695,0.0,0.0,0.0,0.038848153148280856
2026-09-16T13:10:55.453480,13.37,1.3256752888656458,-0.3829021172503846,0.0,-0.45556812932014834,0.0,0.0,-0.2258193838002491,0.974169187513173,0.45592184020336773,-0.0003389996215479527,0.0,0.0,0.0,0.3779334344946744
2026-09-16T13:10:55.471131,13.39,1.3338925651831552,-0.38683795455367176,0.0,-0.44129155437226153,0.0,0.0,-0.21885978984189847,0.9757563181401184,0.45591723613265583,-0.00029827708334688484,0.0,0.0,0.0,0.5711472572506566
2026-09-16T13:10:55.492382,13.41,1.3421536588471423,-0.39068097663278295,0.0,-0.42971020683761285,0.0,0.0,-0.21320586552223356,0.9770072972639023,0.4559126899060161,-0.0002610745512675436,0.0,0.0,0.0,0.5751195663351968
2026-09-16T13:10:55.512761,13.43,1.3504583691574616,-0.39442881686860487,0.0,-0.41820498245076543,0.0,0.0,-0.20758202467662223,0.9782176153756148,0.45590820087857536,-0.0002243795719009305,0.0,0.0,0.0,0.572044469480904
2026-09-16T13:10:55.533434,13.45,1.3588056086310973,-0.3980809483326702,0.0,-0.40676276265440364,0.0,0.0,-0.20198216753997345,0.9793891994482348,0.45590376825330814,-0.00018822909262316762,0.0,0.0,0.0,0.5722454376923649
2026-09-16T13:10:55.551711,13.47,1.367194062396061,-0.4016373825175066,0.0,-0.395316006599737,0.0,0.0,-0.19637347535684668,0.9805291725268932,0.4558993913450749,-0.0001527271560916921,0.0,0.0,0.0,0.5652940402123194
2026-09-16T13:10:55.575033,13.49,1.374675898768002,-0.40471154627732897,0.0,-0.3851586263733965,0.0,0.0,-0.19139116041581683,0.9815138428543364,0.404532717201688,-0.00012037567496999741,0.0,0.0,0.0,0.5081474022809739
2026-09-16T13:10:55.599547,13.51,1.382189006976062,-0.40771275016716374,0.0,-0.375188430645625,0.0,0.0,-0.1864958599751745,0.982455746694028,0.4045323785362834,-9.246329533545356e-05,0.0,0.0,0.0,0.4829295664173227
2026-09-16T13:10:55.616881,13.53,1.3892170739184813,-0.41043948325583557,0.0,-0.36553145140168525,0.0,0.0,-0.18174992702406848,0.9833447839017329,0.3845008262281137,-6.691705906869916e-05,0.0,0.0,0.0,0.4813730224307302
2026-09-16T13:10:55.651710,13.55,1.3963885437848638,-0.4131443905896725,0.0,-0.3559023419915292,0.0,0.0,-0.1770134715865276,0.9842084285743978,0.3831153456953117,-4.229646392535423e-05,0.0,0.0,0.0,0.48097626886373307
2026-09-16T13:10:55.673210,13.57,1.4035857400461829,-0.4157802022871602,0.0,-0.3462799827108221,0.0,0.0,-0.17227623759981767,0.9850486779639122,0.383116777988868,-1.814463432779287e-05,0.0,0.0,0.0,0.480561431797135
2026-09-16T13:10:55.693782,13.59,1.4107939112445138,-0.41834168097062857,0.0,-0.3366694625149904,0.0,0.0,-0.16754085173872021,0.9858651342849407,0.3825773494008187,5.558806320502606e-06,0.0,0.0,0.0,0.4802668700057245
2026-09-16T13:10:55.715200,13.62,1.421659539789534,-0.42204725698903606,0.0,-0.3222558877159818,0.0,0.0,-0.16043164198198429,0.9870469534175993,0.38264367251905684,5.069121833337507e-05,0.0,0.0,0.0,0.4800198356975378
2026-09-16T13:10:55.734327,13.63,1.4252886349000655,-0.42325845334010637,0.0,-0.31744929191157345,0.0,0.0,-0.15805901307941286,0.9874296675633977,0.38253154035043685,5.175541478595537e-05,0.0,0.0,0.0,0.48061580076304944
2026-09-16T13:10:55.753846,13.65,1.4325705880736856,-0.4256120993645366,0.0,-0.3078403957628049,0.0,0.0,-0.15331315255286024,0.9881776547029908,0.38252957990840103,7.428421673080276e-05,0.0,0.0,0.0,0.4932435453981173
2026-09-16T13:10:55.773480,13.67,1.4398750208887947,-0.42789495272206385,0.0,-0.29797558741009583,0.0,0.0,-0.14843721578087124,0.9889218336002209,0.38252996094887004,9.672161155770848e-05,0.0,0.0,0.0,0.4938266866986745
2026-09-16T13:10:55.796555,13.69,1.4472016898406381,-0.4301053820762053,0.0,-0.2881101519022198,0.0,0.0,-0.1435573574153898,0.9896419984680874,0.3825310322519886,0.00011908902465765874,0.0,0.0,0.0,0.4938775992384204
2026-09-16T13:10:55.821612,13.71,1.4545498182001237,-0.43224337728836176,0.0,-0.27823118529324026,0.0,0.0,-0.1386673058762577,0.9903390218915038,0.3825322986046253,0.0001410940605743532,0.0,0.0,0.0,0.49373695428591313
2026-09-16T13:10:55.837364,13.73,1.4619186996395952,-0.43430870014068734,0.0,-0.26835735508447334,0.0,0.0,-0.13377641618677275,0.9910115390207237,0.38253361159424143,0.00016272310264510943,0.0,0.0,0.0,0.5691987980265404
2026-09-16T13:10:55.870418,13.75,1.4693087528680906,-0.43629693611029213,0.0,-0.2569650696327371,0.0,0.0,-0.12812933329175144,0.9917574673024707,0.3825349268462423,0.00018568765349656906,0.0,0.0,0.0,0.5706739107451685
2026-09-16T13:10:55.889453,13.77,1.4767213686904979,-0.4381993917277674,0.0,-0.2455515557552626,0.0,0.0,-0.12246755881058381,0.992472517019477,0.38253623119992136,0.0002100012950970333,0.0,0.0,0.0,0.5715531178028325
2026-09-16T13:10:55.916521,13.8,1.487882265819992,-0.4408858707239848,0.0,-0.22840617856863912,0.0,0.0,-0.11395500509303638,0.9934859117341555,0.3826388885808158,0.0002557414629135958,0.0,0.0,0.0,0.5711982410386593
2026-09-16T13:10:55.941220,13.81,1.4916093712672422,-0.44174964948505685,0.0,-0.22269058222824786,0.0,0.0,-0.11111536140143283,0.9938075147938,0.3825387947823871,0.0002574866018096538,0.0,0.0,0.0,0.5718179008013894
2026-09-16T13:10:55.955963,13.83,1.4990828315488876,-0.44339691411179594,0.0,-0.2112622722645794,0.0,0.0,-0.1054348081027901,0.9944262170922124,0.38254005292702453,0.00028064203195103974,0.0,0.0,0.0,0.5715934416215543
2026-09-16T13:10:55.983444,13.85,1.506574629008721,-0.44495864984835104,0.0,-0.19982944712966247,0.0,0.0,-0.09974856587574017,0.9950126750980276,0.38254129517094715,0.00030340090932487305,0.0,0.0,0.0,0.5714152363906951
2026-09-16T13:10:56.002028,13.870000000000001,1.514083784899227,-0.4464346527501025,0.0,-0.1883991529949558,0.0,0.0,-0.09406032402609418,0.9955664997598634,0.38254252187941234,0.0003257593424099126,0.0,0.0,0.0,0.5712266199759304
2026-09-16T13:10:56.026338,13.89,1.5216093182554289,-0.44782472980892024,0.0,-0.1769679812480356,0.0,0.0,-0.08836857281186765,0.9960878451919758,0.3825437331726435,0.0003477281481980649,0.0,0.0,0.0,0.571731998725856
2026-09-16T13:10:56.042492,13.91,1.5291502459748643,-0.4491286991814781,0.0,-0.16553365800672903,0.0,0.0,-0.0826723644349044,0.9965767808647472,0.38254492924149364,0.00036932624152073647,0.0,0.0,0.0,0.571726418033213
2026-09-16T13:10:56.061927,13.93,1.5367055828365752,-0.45034639085924394,0.0,-0.15410840964213834,0.0,0.0,-0.07697797781723913,0.9970327933078073,0.38254611027668733,0.000390539841387333,0.0,0.0,0.0,0.5718030914148621
2026-09-16T13:10:56.083753,13.95,1.5442743418341354,-0.4514776455448917,0.0,-0.14267611144859596,0.0,0.0,-0.07127756315281736,0.997456519849861,0.382547276466415,0.0004113964080438346,0.0,0.0,0.0,0.5677839197020261
2026-09-16T13:10:56.103096,13.97,1.551855504886007,-0.45252252755070765,0.0,-0.1313212386984861,0.0,0.0,-0.06561344889538795,0.9978451158992824,0.38254842799773536,0.0004317926679776518,0.0,0.0,0.0,0.5677807926972727
2026-09-16T13:10:56.126712,13.99,1.5594480322903523,-0.4534813234515849,0.0,-0.11996665827700292,0.0,0.0,-0.05994736560816382,0.9982015394481423,0.38254956505462145,0.0004517491150356171,0.0,0.0,0.0,0.5675589375083533
2026-09-16T13:10:56.144536,14.01,1.5670509552847625,-0.45435384174518534,0.0,-0.10860386627981367,0.0,0.0,-0.054275250389658566,0.9985260122776671,0.38255068781912244,0.00047135111768827434,0.0,0.0,0.0,0.5677823326230718
2026-09-16T13:10:56.162446,14.03,1.5746632928624822,-0.4551399763070355,0.0,-0.09725205468012456,0.0,0.0,-0.048606866975195256,0.9988179876648476,0.3825517964708226,0.0004905913067973273,0.0,0.0,0.0,0.5681030625089851
2026-09-16T13:10:56.185836,14.05,1.582284063759749,-0.45583962437947523,0.0,-0.0858979782562921,0.0,0.0,-0.042935786282874776,0.9990778339330081,0.3825528911871512,0.0005095027769445261,0.0,0.0,0.0,0.567513043122054
2026-09-16T13:10:56.203217,14.07,1.5899122854059775,-0.4564526962683253,0.0,-0.07454726412869263,0.0,0.0,-0.03726500180747136,0.9993054185984829,0.3825539721432581,0.000528064435110999,0.0,0.0,0.0,0.5356992519358676
2026-09-16T13:10:56.224873,14.09,1.597038896083995,-0.45694508248730775,0.0,-0.06383146195529533,0.0,0.0,-0.031910312952484365,0.9994907362888735,0.35697440812826714,0.0005443609937829301,0.0,0.0,0.0,0.5254728357689515
2026-09-16T13:10:56.255769,14.11,1.6040286947882914,-0.45735446963019705,0.0,-0.05332385694885788,0.0,0.0,-0.02665876977726445,0.9996445918395012,0.34981307018031244,0.0005587146439136363,0.0,0.0,0.0,0.522350331648969
2026-09-16T13:10:56.267292,14.13,1.6109827098611715,-0.45768899002293756,0.0,-0.042879994815716575,0.0,0.0,-0.021438354879208525,0.9997701720595955,0.3478101280171286,0.0005723068457740124,0.0,0.0,0.0,0.5220922255490478
2026-09-16T13:10:56.320063,14.15,1.6179398964697145,-0.45795096686123105,0.0,-0.032440718641321364,0.0,0.0,-0.01621964806710836,0.999868452855964,0.34781382251079335,0.0005855482813019867,0.0,0.0,0.0,0.5210785672619707
2026-09-16T13:10:56.343049,14.17,1.624879539101021,-0.4581398109498373,0.0,-0.022021045345196114,0.0,0.0,-0.011010300203382358,0.9999393848076149,0.34709812309295657,0.0005984557559949248,0.0,0.0,0.0,0.5039140494618511
2026-09-16T13:10:56.364127,14.19,1.6314118953985786,-0.4582498405792839,0.0,-0.01194501109376711,0.0,0.0,-0.005972470039582669,0.9999821646417631,0.3262775074053806,0.0006098228556328789,0.0,0.0,0.0,0.4958191408562875
2026-09-16T13:10:56.380201,14.21,1.637836476633851,-0.4582943840809789,0.0,-0.002029111707527953,0.0,0.0,-0.0010145556797129414,0.9999994853382539,0.32079721626439217,0.0006199260546463253,0.0,0.0,0.0,0.49546561116142335
2026-09-16T13:10:56.402125,14.23,1.6442613545769857,-0.45827550858795807,0.0,0.007861572449534115,0.0,0.0,0.003930776102292582,0.9999922744697749,0.3208028212192995,0.0006295804427505609,0.0,0.0,0.0,0.49231250908681107
2026-09-16T13:10:56.420909,14.25,1.6506350342003557,-0.458193766097837,0.0,0.017712449202231806,0.0,0.0,0.008856108831947759,0.999960783899227,0.31898274865209475,0.0006388605733772676,0.0,0.0,0.0,0.4908913101165885
2026-09-16T13:10:56.442624,14.27,1.657020021039515,-0.45804921230315493,0.0,0.0275247584259275,0.0,0.0,0.013761944777572423,0.9999052999539202,0.31888809765965653,0.0006478809690036626,0.0,0.0,0.0,0.4814641771815862
2026-09-16T13:10:56.461381,14.29,1.662908179119728,-0.4578579334661597,0.0,0.03714934963991556,0.0,0.0,0.018573606737171025,0.9998274956875175,0.2940090330435116,0.0006554407288639492,0.0,0.0,0.0,0.4719308066842362
2026-09-16T13:10:56.480079,14.31,1.6686747572949496,-0.45761600978250255,0.0,0.04659423320530821,0.0,0.0,0.02329500921959822,0.9997286344530993,0.28796848673621545,0.0006619066809073631,0.0,0.0,0.0,0.46983461678987753
2026-09-16T13:10:56.502728,14.33,1.6744097785258618,-0.4573214843470668,0.0,0.055986567330787995,0.0,0.0,0.02798962777414415,0.9996082136202488,0.286506410759572,0.0006678878122990242,0.0,0.0,0.0,0.4686936821825295
2026-09-16T13:10:56.519199,14.35,1.680134733172629,-0.4569736334074608,0.0,0.06536444529068586,0.0,0.0,0.032676404824967926,0.9994659836971516,0.28615700657571563,0.0006736404691975377,0.0,0.0,0.0,0.4686152375710675
2026-09-16T13:10:56.545661,14.37,1.6858561884081222,-0.4565721713224047,0.0,0.07472697151481578,0.0,0.0,0.03735479293927509,0.9993020661664139,0.2861647737137812,0.0006792225534915066,0.0,0.0,0.0,0.46824655761392914
2026-09-16T13:10:56.563427,14.39,1.6912301702823558,-0.45614408165334425,0.0,0.08410305082036285,0.0,0.0,0.04203913300473897,0.9991159648890663,0.2689089036164568,0.0006839478433126223,0.0,0.0,0.0,0.468855849871552
2026-09-16T13:10:56.600994,14.41,1.69660133472124,-0.45566588641685357,0.0,0.09341987877489544,0.0,0.0,0.04669295580581255,0.9989092891139397,0.2689177979191473,0.0006883503024787613,0.0,0.0,0.0,0.46058998963252995
2026-09-16T13:10:56.617912,14.43,1.7018334214304855,-0.45515094175475357,0.0,0.1026311657558008,0.0,0.0,0.05129306438260914,0.9986836443770577,0.2641027652424948,0.0006922109939091108,0.0,0.0,0.0,0.45968397893666835
2026-09-16T13:10:56.637679,14.45,1.7070954731421855,-0.45458451599918587,0.0,0.11182201252490878,0.0,0.0,0.05588188080240349,0.9984373868190163,0.26390668400068784,0.0006958516505992468,0.0,0.0,0.0,0.4583422634034132
2026-09-16T13:10:56.655910,14.47,1.7123511847783337,-0.45396994234663063,0.0,0.12098764474376676,0.0,0.0,0.060456932906228965,0.998170806657644,0.26386877450829976,0.0006993405415384336,0.0,0.0,0.0,0.4600612548380266
2026-09-16T13:10:56.675451,14.49,1.7176655734899924,-0.4532991000842999,0.0,0.13018485280701597,0.0,0.0,0.06504646977867638,0.9978822359223215,0.2671449345535462,0.000702874058098214,0.0,0.0,0.0,0.4602366493932044
2026-09-16T13:10:56.699380,14.51,1.7229883679887388,-0.45257732024920455,0.0,0.13937876221389,0.0,0.0,0.06963298578086471,0.9975726776988441,0.2679094989651399,0.0007064107959988506,0.0,0.0,0.0,0.45992315467174066
2026-09-16T13:10:56.718156,14.53,1.7283042714211487,-0.4518065977814094,0.0,0.1485723161458834,0.0,0.0,0.07421785305465936,0.997242052005408,0.26791784344438135,0.0007098619337193467,0.0,0.0,0.0,0.4584893240585884
2026-09-16T13:10:56.742940,14.55,1.7336188375703907,-0.45098622952998646,0.0,0.15773824108259227,0.0,0.0,0.07878738053440779,0.9968914427702379,0.2681415143181071,0.0007131851135200269,0.0,0.0,0.0,0.4516041182986508
2026-09-16T13:10:56.757916,14.57,1.738924167222158,-0.4501177104658957,0.0,0.16676715344769688,0.0,0.0,0.08328698513046075,0.9965256033378562,0.2681590001971455,0.0007162901082476297,0.0,0.0,0.0,0.4452979076239686
2026-09-16T13:10:56.777722,14.59,1.7457945249941211,-0.4489301420319685,0.0,0.1760239325899935,0.0,0.0,0.08789838528798803,0.9961294463390611,0.34835726329988453,0.0007223554207019631,0.0,0.0,0.0,0.4911382047470563
2026-09-16T13:10:56.814008,14.61,1.753121521818949,-0.4475896483115686,0.0,0.18597960101557387,0.0,0.0,0.09285584304097301,0.9956795631191544,0.3724161174492255,0.0007318633334925681,0.0,0.0,0.0,0.49681489909558196
2026-09-16T13:10:56.836831,14.64,1.7643166497691818,-0.44539469711996404,0.0,0.20090884022980451,0.0,0.0,0.10028555623069836,0.9949586962339187,0.38171676264911775,0.0007497405716946488,0.0,0.0,0.0,0.49917698430416463
2026-09-16T13:10:56.862427,14.65,1.7680559330110022,-0.44462550259709105,0.0,0.20590267333545456,0.0,0.0,0.10276956986762545,0.9947051902494645,0.38179729630849246,0.000752536734693371,0.0,0.0,0.0,0.5007003505908919
2026-09-16T13:10:56.879287,14.67,1.7755337288045694,-0.4430245328756097,0.0,0.21590735665480937,0.0,0.0,0.10774411850729884,0.9941786584548499,0.3824458293960303,0.0007628967948876909,0.0,0.0,0.0,0.5076971214078237
2026-09-16T13:10:56.895840,14.69,1.782998796024462,-0.44134753575014335,0.0,0.22606571059318628,0.0,0.0,0.11279231635045907,0.9936185854603857,0.38263964245896986,0.0007732435321660508,0.0,0.0,0.0,0.5079947361290393
2026-09-16T13:10:56.921325,14.71,1.79044753696624,-0.4395943884420866,0.0,0.23621872658944998,0.0,0.0,0.11783495400290211,0.9930331936119426,0.3826970489023988,0.0007835645218474904,0.0,0.0,0.0,0.3297924875591105
2026-09-16T13:10:56.934894,14.73,1.7978846320705641,-0.43779097085868945,0.0,0.23829362615598632,0.0,0.0,0.11886511247659214,0.9929104113845957,0.38271354263716795,0.0007896844331915854,0.0,0.0,0.0,0.14967884913292295
2026-09-16T13:10:56.959427,14.75,1.8038508639165411,-0.43632632607985694,0.0,0.24427831605305705,0.0,0.0,0.12183570633013234,0.9925502811762423,0.30689715830654574,0.0007777162913169811,0.0,0.0,0.0,0.3024632972965379
2026-09-16T13:10:56.978318,14.77,1.8093662804643267,-0.43491539113321626,0.0,0.2544730306412717,0.0,0.0,0.12689348500769784,0.9919163490247558,0.2841573332300195,0.000780447054245539,0.0,0.0,0.0,0.42435929758003127
2026-09-16T13:10:56.996007,14.79,1.814870409271934,-0.433458250682146,0.0,0.2630410468069658,0.0,0.0,0.1311416852476439,0.991363635801923,0.28416394345082696,0.0007819863831750457,0.0,0.0,0.0,0.4238619858233989
2026-09-16T13:10:57.030311,14.81,1.8201654351997105,-0.4320077426983121,0.0,0.27151411935995506,0.0,0.0,0.1353404438108801,0.9907991543542385,0.27734713307296815,0.0007830438960152668,0.0,0.0,0.0,0.24792109657966344
2026-09-16T13:10:57.051303,14.83,1.825447012168634,-0.4305284622196312,0.0,0.2729154828644802,0.0,0.0,0.13603464541866006,0.9907040805638279,0.2746930257385607,0.0007810248592074638,0.0,0.0,0.0,0.06030900565632772
2026-09-16T13:10:57.070225,14.85,1.8307442058790335,-0.42904278630521,0.0,0.2740471747077784,0.0,0.0,0.13659520947439824,0.9906269473160142,0.27451593519891354,0.000770013960394735,0.0,0.0,0.0,0.060042016542141044
2026-09-16T13:10:57.090986,14.870000000000001,1.8360396271332184,-0.4275507832560379,0.0,0.27517439044074266,0.0,0.0,0.13715351289010075,0.9905498038472902,0.2745230055824663,0.0007591619503161445,0.0,0.0,0.0,0.051711150844011324
2026-09-16T13:10:57.115444,14.89,1.8413319136643205,-0.4260537445310319,0.0,0.2767183332303858,0.0,0.0,0.13791814806024794,0.9904436301151275,0.2744747180510978,0.0007481612242572372,0.0,0.0,0.0,0.10264245509945072
2026-09-16T13:10:57.131483,14.91,1.8466210652170223,-0.4245458464407395,0.0,0.278768351460875,0.0,0.0,0.1389332891800712,0.9903017424793348,0.27446006132419754,0.0007389427370184642,0.0,0.0,0.0,0.10252071865453873
2026-09-16T13:10:57.149710,14.93,1.851907269379004,-0.42302704966148186,0.0,0.2807967409389592,0.0,0.0,0.13993757637242174,0.9901603277848555,0.2744668747114071,0.0007298355614424214,0.0,0.0,0.0,0.09750309003257278
2026-09-16T13:10:57.170480,14.95,1.8571903965405572,-0.4214977754777648,0.0,0.28275134750963776,0.0,0.0,0.140905196331032,0.9900230934917191,0.27447166254382227,0.0007207180438942899,0.0,0.0,0.0,0.07625773847470976
2026-09-16T13:10:57.189811,14.97,1.8624707987487006,-0.4199590705905818,0.0,0.2842718508215971,0.0,0.0,0.14165782223443998,0.9899156839851543,0.2744781716103096,0.0007113205387445987,0.0,0.0,0.0,0.08392062574506777
2026-09-16T13:10:57.208603,14.99,1.8677488452269495,-0.4184123066784158,0.0,0.2859492371564652,0.0,0.0,0.1424880078361076,0.9897965283950522,0.274484691199618,0.0007018205972016171,0.0,0.0,0.0,0.08064963063003092
2026-09-16T13:10:57.243249,15.01,1.873024301859568,-0.41685673482276564,0.0,0.28756084957419725,0.0,0.0,0.14328554567747348,0.9896813893369465,0.27449115654123446,0.0006925014580234907,0.0,0.0,0.0,0.08079283743089803
2026-09-16T13:10:57.249362,15.03,1.8782972596925673,-0.4152927140930166,0.0,0.28910198798001835,0.0,0.0,0.1440481210614982,0.9895706840941945,0.27449755255257297,0.0006832447095286745,0.0,0.0,0.0,0.07417991331538859
2026-09-16T13:10:57.296673,15.05,1.8835678919961327,-0.41372087334730584,0.0,0.29058512684660043,0.0,0.0,0.14478191675779845,0.9894635903255551,0.27450386345456307,0.0006739026538263004,0.0,0.0,0.0,0.07119827899040293
2026-09-16T13:10:57.318974,15.07,1.888836225400587,-0.41214134459927104,0.0,0.2920071516880287,0.0,0.0,0.14548540100466142,0.9893603984870796,0.2745100993599237,0.0006646298446430503,0.0,0.0,0.0,0.11364841232674766
2026-09-16T13:10:57.339440,15.09,1.8941018152917457,-0.41055270347873957,0.0,0.2942748370725177,0.0,0.0,0.14660708630417113,0.9891948050032416,0.27451625710685146,0.0006561000709135586,0.0,0.0,0.0,0.11047272703263832
2026-09-16T13:10:57.356780,15.11,1.8993636503230837,-0.40895167438914093,0.0,0.2964843956682679,0.0,0.0,0.14769983855429597,0.9890322328878037,0.2745223375208014,0.0006483165877255303,0.0,0.0,0.0,0.10705054325404524
2026-09-16T13:10:57.375410,15.13,1.9046219927438264,-0.40733921114950183,0.0,0.29861950694089145,0.0,0.0,0.14875560112355418,0.9888739915350034,0.27452834152654143,0.0006405147566073879,0.0,0.0,0.0,0.10328748134067119
2026-09-16T13:10:57.397881,15.15,1.909876929096168,-0.40571568177399103,0.0,0.3006889946721638,0.0,0.0,0.14977875260166523,0.988719538225623,0.2745342700703981,0.0006327049120887567,0.0,0.0,0.0,0.09956442384027707
2026-09-16T13:10:57.415173,15.17,1.915128561039809,-0.4040814948829134,0.0,0.30268200160104813,0.0,0.0,0.15076394051722564,0.9885697922957783,0.27454012409672224,0.0006248658041732635,0.0,0.0,0.0,0.1515614006649976
2026-09-16T13:10:57.437019,15.19,1.9203762986349062,-0.40243485537279583,0.0,0.3057043082451028,0.0,0.0,0.15225764833328656,0.9883408362118896,0.2745459045408599,0.0006178992066647047,0.0,0.0,0.0,0.15138935415241198
2026-09-16T13:10:57.463284,15.21,1.9256188034167447,-0.40077163444371694,0.0,0.3087041178205384,0.0,0.0,0.1537398936615042,0.9881113525797329,0.27455161232755226,0.000611866299443341,0.0,0.0,0.0,0.14337550293540538
2026-09-16T13:10:57.477455,15.23,1.9282382384848422,-0.3999342603703577,0.0,0.31013910710166837,0.0,0.0,0.15444881862789644,0.9880007907003148,0.27455720528531713,0.0006033188088794591,0.0,0.0,0.0,0.14337576740329117
2026-09-16T13:10:57.515198,15.25,1.9360892117302586,-0.3973995546515013,0.0,0.3143915076187831,0.0,0.0,0.15654915547138365,0.98767016858929,0.27456281412379974,0.0006041426016421222,0.0,0.0,0.0,0.13861118331589722
2026-09-16T13:10:57.535022,15.27,1.9413173026479433,-0.3956915565940285,0.0,0.3171649759538755,0.0,0.0,0.15791864047699064,0.987452126935731,0.2745683093501994,0.0005978270895307485,0.0,0.0,0.0,0.17227895618432917
2026-09-16T13:10:57.556293,15.29,1.9465401985626405,-0.39396775281634033,0.0,0.320608710397325,0.0,0.0,0.15961866698657504,0.9871787483274895,0.27457373551749253,0.000592129784955987,0.0,0.0,0.0,0.16892576350111055
2026-09-16T13:10:57.577033,15.31,1.951757025637623,-0.39222566932249503,0.0,0.3239827733146599,0.0,0.0,0.1612838406570489,0.98690806195051,0.2745790934802253,0.0005869855473090504,0.0,0.0,0.0,0.1659001614120605
2026-09-16T13:10:57.593488,15.33,1.9569679910886744,-0.39046613014065906,0.0,0.3273110157120156,0.0,0.0,0.16292595120450043,0.9866382996945278,0.27458438409545555,0.0005817941965960224,0.0,0.0,0.0,0.16361029792268292
2026-09-16T13:10:57.622049,15.35,1.96217311649029,-0.3886893892536573,0.0,0.3305862597661031,0.0,0.0,0.16454147262678143,0.9863701657014015,0.2745896082098216,0.0005765861754442044,0.0,0.0,0.0,0.1636978852125858
2026-09-16T13:10:57.638959,15.37,1.9673724055794317,-0.3868956417709509,0.0,0.3338574952996769,0.0,0.0,0.1661545763807251,0.9860997194745275,0.2745947666592489,0.000571401832526284,0.0,0.0,0.0,0.16217204784763897
2026-09-16T13:10:57.655386,15.39,1.9725658179197016,-0.38508495009303595,0.0,0.3370989395965345,0.0,0.0,0.167752551114552,0.9858291340767728,0.2745998602690864,0.0005662499840596274,0.0,0.0,0.0,0.16227420918169877
2026-09-16T13:10:57.675397,15.41,1.9777533365305888,-0.38325744220404667,0.0,0.3403450222952289,0.0,0.0,0.1693523709079221,0.9855555664029632,0.2746048898543961,0.0005611393139111397,0.0,0.0,0.0,0.15987793174142662
2026-09-16T13:10:57.695767,15.43,1.982934935788907,-0.38141321793696825,0.0,0.3435378959248947,0.0,0.0,0.1709255316223006,0.9852839502598395,0.27460985621988976,0.0005560450024327774,0.0,0.0,0.0,0.1572663868864253
2026-09-16T13:10:57.722495,15.45,1.9881106690291193,-0.3795525946313448,0.0,0.3466807081184884,0.0,0.0,0.17247360115698812,0.9850141404588769,0.2746147601602342,0.0005509260760335912,0.0,0.0,0.0,0.15435613305855578
2026-09-16T13:10:57.735691,15.47,1.9932805813627832,-0.37767585815608407,0.0,0.34976926847743384,0.0,0.0,0.1739945327084064,0.9847466184697378,0.2746196024600721,0.0005457760525742339,0.0,0.0,0.0,0.15450991543858267
2026-09-16T13:10:57.755778,15.49,1.998444683978679,-0.37578319443572533,0.0,0.353296823101048,0.0,0.0,0.1757311349107681,0.9844381992908308,0.27462438389425337,0.0005406487667622701,0.0,0.0,0.0,0.19844930826409987
2026-09-16T13:10:57.799786,15.51,2.0036012249245467,-0.3738700298945328,0.0,0.3572640321053085,0.0,0.0,0.17768352395100623,0.9840876817216808,0.274629105227927,0.0005370095091852321,0.0,0.0,0.0,0.1986245714042643
2026-09-16T13:10:57.824037,15.53,2.0087501287354614,-0.37193640610580253,0.0,0.3612129563759692,0.0,0.0,0.17962622020435715,0.9837349343268723,0.27463376721626553,0.0005334166195901502,0.0,0.0,0.0,0.19329620996209956
2026-09-16T13:10:57.845982,15.55,2.013891450412702,-0.36998271140061023,0.0,0.3650812723558494,0.0,0.0,0.18152858181345863,0.9833856689950258,0.27463837060530727,0.0005297298524109343,0.0,0.0,0.0,0.1903720520595561
2026-09-16T13:10:57.860469,15.57,2.0190252296347992,-0.36800928248571413,0.0,0.3688955169764551,0.0,0.0,0.1834036873054582,0.9830376836534608,0.2746429161317099,0.0005259933147546947,0.0,0.0,0.0,0.1870923030990676
2026-09-16T13:10:57.880329,15.59,2.0241515117437663,-0.36601645984893727,0.0,0.37263811461458296,0.0,0.0,0.18524292237067258,0.9826927595701379,0.27464740452274927,0.0005221988818530795,0.0,0.0,0.0,0.18190880046982966
2026-09-16T13:10:57.922065,15.61,2.0292703987426686,-0.36400471766669595,0.0,0.37627272966375186,0.0,0.0,0.1870284704418297,0.9823544936753685,0.27465183649657754,0.0005183087314632463,0.0,0.0,0.0,0.18161764104333095
2026-09-16T13:10:57.938879,15.63,2.0343819723596592,-0.36197446553914114,0.0,0.3799050075762666,0.0,0.0,0.18881225328229057,0.9820132040917088,0.27465621276235275,0.000514364632270885,0.0,0.0,0.0,0.17870269062133434
2026-09-16T13:10:57.961086,15.65,2.0394861801233852,-0.35992576561254896,0.0,0.38347807939267314,0.0,0.0,0.19056635288352272,0.9816743172502135,0.27466053402032214,0.0005104191643891594,0.0,0.0,0.0,0.17906391713270378
2026-09-16T13:10:57.978185,15.67,2.044583042021976,-0.35785885842613063,0.0,0.3870297228901052,0.0,0.0,0.19230933009049714,0.9813343576784338,0.2746648009618933,0.0005064856900510285,0.0,0.0,0.0,0.19754186621778652
2026-09-16T13:10:57.998805,15.69,2.0496722555882223,-0.3557731925754719,0.0,0.3909844464557898,0.0,0.0,0.19424940592031012,0.9809521743182011,0.27466901426979495,0.0005028467415437264,0.0,0.0,0.0,0.19484246757924317
2026-09-16T13:10:58.016710,15.71,2.0547531137756305,-0.3536672533360864,0.0,0.3948783517421077,0.0,0.0,0.19615890397914187,0.9805721209527128,0.27467317461827884,0.0004995519459955147,0.0,0.0,0.0,0.18968739419601402
2026-09-16T13:10:58.038886,15.73,2.059825829693515,-0.35154177609567416,0.0,0.3986626679140933,0.0,0.0,0.1980139491895149,0.9801992021657496,0.2746772826728291,0.0004961720010985059,0.0,0.0,0.0,0.18933041179881593
2026-09-16T13:10:58.058780,15.75,2.0648904949692786,-0.3493971867368512,0.0,0.40245017318908305,0.0,0.0,0.19986984783585973,0.9798224553081392,0.274681339090864,0.0004927337044626622,0.0,0.0,0.0,0.18931640797134336
2026-09-16T13:10:58.078407,15.77,2.0699470067840493,-0.3472334435069465,0.0,0.40616439752696903,0.0,0.0,0.2016891423330441,0.9794495851573786,0.27468534452145194,0.000489330019892055,0.0,0.0,0.0,0.18266789775701933
2026-09-16T13:10:58.098166,15.79,2.0749956020900866,-0.3450512926796384,0.0,0.4099073737547934,0.0,0.0,0.20352181631506586,0.9790704113003398,0.2746892996054516,0.00048574347247088546,0.0,0.0,0.0,0.1864540381594956
2026-09-16T13:10:58.117644,15.81,2.0800358711914555,-0.3428499787708447,0.0,0.41363235842625073,0.0,0.0,0.2053449734019524,0.9786896555591826,0.27469320497578475,0.00048241935086159227,0.0,0.0,0.0,0.18637543732858738
2026-09-16T13:10:58.140838,15.83,2.0850679330834216,-0.3406299683422049,0.0,0.41736282101620603,0.0,0.0,0.20717009771057943,0.978304937437499,0.2746970612571914,0.00047904269573485796,0.0,0.0,0.0,0.1834038355113657
2026-09-16T13:10:58.159994,15.85,2.090091734940377,-0.33839132859521115,0.0,0.42102726747850566,0.0,0.0,0.20896222200194092,0.9779237136791457,0.2747008690667897,0.00047565156930098125,0.0,0.0,0.0,0.1775752956900225
2026-09-16T13:10:58.178523,15.870000000000001,2.095107404658701,-0.3361345275928259,0.0,0.42457839291357485,0.0,0.0,0.21069825658672883,0.977551146831363,0.2747046290138162,0.00047216688213744425,0.0,0.0,0.0,0.17809840184675635
2026-09-16T13:10:58.200382,15.89,2.100115058634354,-0.33385999621157514,0.0,0.4279718783293603,0.0,0.0,0.21235660527754208,0.9771922391193035,0.27470834169991687,0.00046864025842893535,0.0,0.0,0.0,0.1612092206967829
2026-09-16T13:10:58.219018,15.91,2.105115342364012,-0.3315693070141105,0.0,0.43120308855758704,0.0,0.0,0.21393508422531926,0.9768478795275678,0.27471200771906024,0.00046461868310778055,0.0,0.0,0.0,0.15859042539831453
2026-09-16T13:10:58.237060,15.93,2.1101082528369326,-0.3292625908579304,0.0,0.43437433501058287,0.0,0.0,0.21548372732496043,0.9765074312354936,0.2747156276579856,0.0004606033892325924,0.0,0.0,0.0,0.15560469845217567
2026-09-16T13:10:58.268201,15.95,2.1150938934697674,-0.32694020379808625,0.0,0.43748460462047895,0.0,0.0,0.21700206683881734,0.9761711443121444,0.27471920209579653,0.0004565418443933107,0.0,0.0,0.0,0.15257976753415012
2026-09-16T13:10:58.281344,15.97,2.12007235240179,-0.3246024611633547,0.0,0.4405363936321356,0.0,0.0,0.21849134781787347,0.9758388857433019,0.27472273160444144,0.0004524380806795686,0.0,0.0,0.0,0.15560663462794755
2026-09-16T13:10:58.299573,15.99,2.1250436172729588,-0.3222494594291693,0.0,0.44365235347875936,0.0,0.0,0.22001141942306765,0.9754972964203679,0.27472621674865944,0.00044839113722867213,0.0,0.0,0.0,0.15251374930301476
2026-09-16T13:10:58.344636,16.01,2.130007574375035,-0.3198810798618786,0.0,0.44669938199752085,0.0,0.0,0.22149734755549208,0.975160973904248,0.2747296580861135,0.0004443838332680056,0.0,0.0,0.0,0.1522474085451672
2026-09-16T13:10:58.364719,16.03,2.134964297324937,-0.3174975974944518,0.0,0.4497198349098599,0.0,0.0,0.22296980830373314,0.9748253508116193,0.27473305616740024,0.0004403854716138569,0.0,0.0,0.0,0.1467897795483418
2026-09-16T13:10:58.400613,16.05,2.139913915977736,-0.3150993967746121,0.0,0.4526595018158907,0.0,0.0,0.22440239784618576,0.9744965694351531,0.2747364115362332,0.00043630809679642536,0.0,0.0,0.0,0.14395555633179868
2026-09-16T13:10:58.420516,16.07,2.1448565461091307,-0.31268682579249707,0.0,0.4555357830961145,0.0,0.0,0.22580362842332294,0.9741728395879562,0.2747397247295254,0.0004321835887012225,0.0,0.0,0.0,0.1337751368343107
2026-09-16T13:10:58.439148,16.09,2.1497924184782624,-0.31026045859448786,0.0,0.45820921613396115,0.0,0.0,0.2271056192283118,0.9738701339064285,0.27474299627740856,0.000427901691647012,0.0,0.0,0.0,0.13115372137899944
2026-09-16T13:10:58.460095,16.11,2.1547218978561307,-0.30782112947616497,0.0,0.4608235036272053,0.0,0.0,0.2283784131022437,0.9735724423117681,0.27474622670327453,0.0004234761884573602,0.0,0.0,0.0,0.12816782416238376
2026-09-16T13:10:58.484046,16.13,2.1596450517707737,-0.3053690591147648,0.0,0.463384594799209,0.0,0.0,0.22962492940808307,0.973279195192383,0.2747494165240991,0.00041901791010400197,0.0,0.0,0.0,0.12501724601745293
2026-09-16T13:10:58.501678,16.15,2.164561992718377,-0.3029045540345829,0.0,0.46587916844894867,0.0,0.0,0.23083870879387008,0.9729920300405235,0.2747525662502537,0.000414515316572209,0.0,0.0,0.0,0.12502578762531116
2026-09-16T13:10:58.521026,16.17,2.1694727794224953,-0.3004278088850835,0.0,0.4683591316793292,0.0,0.0,0.23204502325015824,0.9727050463448997,0.2747556763856753,0.00041003387535001504,0.0,0.0,0.0,0.11658668855798841
2026-09-16T13:10:58.543497,16.19,2.174377578669256,-0.2979392271577124,0.0,0.4706858704989161,0.0,0.0,0.23317648126242493,0.9724344340808145,0.27475874742802286,0.00040544999578522007,0.0,0.0,0.0,0.11380651915884565
2026-09-16T13:10:58.560767,16.21,2.179276667974908,-0.2954394234173692,0.0,0.4729587677988683,0.0,0.0,0.23428145224883837,0.972168813083497,0.2747617798686789,0.0004007788386957689,0.0,0.0,0.0,0.11347303794620443
2026-09-16T13:10:58.582147,16.23,2.1841700878559274,-0.2929285399588752,0.0,0.47519922595862163,0.0,0.0,0.235370356794599,0.9719057542490337,0.2747647741928321,0.00039611720086792974,0.0,0.0,0.0,0.10770490167152456
2026-09-16T13:10:58.601365,16.25,2.1890579957547804,-0.290406942966254,0.0,0.4773527269244578,0.0,0.0,0.23641672013942594,0.9716517557430319,0.27476773087964584,0.00039138301121450846,0.0,0.0,0.0,0.1021464641386751
2026-09-16T13:10:58.621698,16.27,2.1939405858306653,-0.28787506415685943,0.0,0.4793924925669938,0.0,0.0,0.23740756794585655,0.971410133096229,0.27477065040215254,0.0003865825845797936,0.0,0.0,0.0,0.04769801380055038
2026-09-16T13:10:58.639890,16.29,2.198819081051753,-0.2853353007525726,0.0,0.4803469381079082,0.0,0.0,0.23787111992944102,0.9712967261879932,0.27477353322751896,0.0003808795195123927,0.0,0.0,0.0,0.04727946857268464
2026-09-16T13:10:58.661289,16.31,2.2036955145282255,-0.28279157936921473,0.0,0.48129193072655596,0.0,0.0,0.238330027478055,0.9711842245435773,0.27477637981692943,0.00037436301715301486,0.0,0.0,0.0,0.04547508836708528
2026-09-16T13:10:58.683381,16.33,2.2112325513510522,-0.27886362493799044,0.0,0.48048968267724185,0.0,0.0,0.23794044298996148,0.9712797463088279,0.42544208643197023,0.0003670326329003249,0.0,0.0,0.0,0.043012582500855184
2026-09-16T13:10:58.702201,16.35,2.2195772557971085,-0.274548974834974,0.0,0.47747200017543356,0.0,0.0,0.23647466575084228,0.9716376549197893,0.47063220470067585,0.00035168356955464454,0.0,0.0,0.0,-0.026813528734084206
2026-09-16T13:10:58.722243,16.37,2.2281771902637195,-0.2701435015598932,0.0,0.4719783615827976,0.0,0.0,0.23380486394540695,0.972283541769308,0.4841794693443905,0.00033213562697243665,0.0,0.0,0.0,-0.22612743287193082
2026-09-16T13:10:58.742799,16.39,2.236867322260419,-0.2657376109542716,0.0,0.4669095528162779,0.0,0.0,0.23133995602539076,0.9728729746201044,0.4882340006313831,0.0003112697712592261,0.0,0.0,0.0,-0.22794728650964824
2026-09-16T13:10:58.781258,16.41,2.2455993061165604,-0.26136104954749273,0.0,0.4623547904607262,0.0,0.0,0.22912375542177796,0.9733973005414702,0.4894408331316614,0.00029128108237049357,0.0,0.0,0.0,-0.23449569730400024
2026-09-16T13:10:58.799726,16.43,2.2543578543311784,-0.25702154002880123,0.0,0.4576687148790372,0.0,0.0,0.22684242192338586,0.97393147377828,0.48979347565790227,0.0002713746338494197,0.0,0.0,0.0,-0.24107627780016444
2026-09-16T13:10:58.837506,16.45,2.263138888733617,-0.25272276190963544,0.0,0.4528459565375548,0.0,0.0,0.22449324661418363,0.974475644757027,0.4898899794607908,0.00025139686719524566,0.0,0.0,0.0,-0.24803176889024273
2026-09-16T13:10:58.852265,16.47,2.2719414282105657,-0.24846669059079196,0.0,0.4478922565886445,0.0,0.0,0.22207893049757144,0.9750286911824979,0.4899097584048438,0.00023134793766276128,0.0,0.0,0.0,-0.3418469185029836
2026-09-16T13:10:58.878616,16.49,2.2807682019407816,-0.24426064134215136,0.0,0.4410506805625877,0.0,0.0,0.21874227118406486,0.9757826698590404,0.4899066351817604,0.00020870757538241048,0.0,0.0,0.0,-0.3493874242173519
2026-09-16T13:10:58.894702,16.51,2.2896248211287995,-0.24011762122571376,0.0,0.4340639416150798,0.0,0.0,0.21533217400183907,0.976540861838173,0.4898967551505192,0.0001835220501865784,0.0,0.0,0.0,-0.3495244370514253
2026-09-16T13:10:58.911852,16.53,2.2985102477659973,-0.2360367480173826,0.0,0.42699675377182755,0.0,0.0,0.2118801379811362,0.9772956600379922,0.48988407083728447,0.00015852365132926335,0.0,0.0,0.0,-0.36364761495417297
2026-09-16T13:10:58.935166,16.55,2.3074248058681603,-0.23201982863576637,0.0,0.41973065338895715,0.0,0.0,0.20832818329990155,0.9780589798386202,0.489872702498815,0.00013332574875749915,0.0,0.0,0.0,-0.36930415961517216
2026-09-16T13:10:58.952686,16.57,2.3163685630289614,-0.2280683643201009,0.0,0.41235263179034876,0.0,0.0,0.20471870379774604,0.9788208479161908,0.4898604150284007,0.00010816139654052711,0.0,0.0,0.0,-0.4713858438459693
2026-09-16T13:10:58.976923,16.59,2.325344295988034,-0.2241900658606893,0.0,0.4029215782367119,0.0,0.0,0.20010078890737493,0.9797753182636548,0.48984822695616764,8.03054947558275e-05,0.0,0.0,0.0,-0.4788852307887735
2026-09-16T13:10:58.993566,16.61,2.334357409703483,-0.2203993805678056,0.0,0.39334790981309764,0.0,0.0,0.1954084922765021,0.9807219387503393,0.48983617556922093,4.975115601090837e-05,0.0,0.0,0.0,-0.4825019854232726
2026-09-16T13:10:59.011698,16.63,2.3434065708352168,-0.21669557144093374,0.0,0.38369547709099683,0.0,0.0,0.1906730586260368,0.98165359710755,0.4898242707078222,1.9390565894236495e-05,0.0,0.0,0.0,-0.48256961631126216
2026-09-16T13:10:59.035888,16.65,2.352491090252143,-0.21307935697005484,0.0,0.3740495516147,0.0,0.0,0.18593638064434836,0.9825617855142138,0.48981251399910114,-1.0585350711885786e-05,0.0,0.0,0.0,-0.48276055005129653
2026-09-16T13:10:59.056056,16.67,2.361610083661137,-0.20955098378463327,0.0,0.3643944214970501,0.0,0.0,0.18119085146962358,0.9834479525342014,0.48980090462120796,-4.0089468450475515e-05,0.0,0.0,0.0,-0.48276245092798903
2026-09-16T13:10:59.073452,16.69,2.3707627016618273,-0.20611078023152962,0.0,0.35380986835715555,0.0,0.0,0.17598365980014377,0.984393087888851,0.4897894409761016,-6.90964482539244e-05,0.0,0.0,0.0,-0.5756733454405073
2026-09-16T13:10:59.094276,16.7,2.3753541022073006,-0.20444423225906017,0.0,0.34805399380868485,0.0,0.0,0.1731499133569203,0.9848954804975455,0.4888888924149393,-0.00010164418348398757,0.0,0.0,0.0,-0.398801185114507
2026-09-16T13:10:59.116923,16.73,2.3891637422381757,-0.19949114401314705,0.0,0.339940349990993,0.0,0.0,0.16915295392164223,0.9855898123355288,0.4897669442272519,-0.00011499388373172868,0.0,0.0,0.0,-0.27091139541941994
2026-09-16T13:10:59.147115,16.75,2.398390817237145,-0.19625612419176933,0.0,0.3345001973333295,0.0,0.0,0.1664714519437177,0.9860462746178551,0.48975590745722614,-0.00013058121239961689,0.0,0.0,0.0,-0.2725534693107327
2026-09-16T13:10:59.164660,16.77,2.4076354054733162,-0.1930714958929005,0.0,0.32903956450410865,0.0,0.0,0.16377861646851113,0.9864971184892839,0.4897450094099762,-0.00014599232335706734,0.0,0.0,0.0,-0.26441751178039735
2026-09-16T13:10:59.185847,16.79,2.4168970579078515,-0.18993684134223965,0.0,0.32375379914377417,0.0,0.0,0.16117085137268572,0.986926520399469,0.4897342483455552,-0.000160930089899651,0.0,0.0,0.0,-0.2678571250449734
2026-09-16T13:10:59.206720,16.81,2.426175155427081,-0.18685120635616198,0.0,0.31839592632675107,0.0,0.0,0.15852636280998852,0.9873547449089592,0.48972362254246304,-0.000175441518756804,0.0,0.0,0.0,-0.26778227284876105
2026-09-16T13:10:59.223281,16.83,2.435469666290874,-0.18381536835999585,0.0,0.3129727643415965,0.0,0.0,0.1558484909358602,0.9877809716090987,0.48971313030114405,-0.0001897831690058903,0.0,0.0,0.0,-0.2746761349640973
2026-09-16T13:10:59.246836,16.85,2.4447807159439443,-0.18083063741543506,0.0,0.3074778564252339,0.0,0.0,0.15313402339883708,0.9882054294921094,0.48970276994286516,-0.0002042727167676148,0.0,0.0,0.0,-0.28334384119963224
2026-09-16T13:10:59.268006,16.87,2.4541082182373066,-0.17789772677527016,0.0,0.3018088764182441,0.0,0.0,0.15033235357381242,0.9886355159860272,0.48969253980973276,-0.00021875196448195987,0.0,0.0,0.0,-0.39488286580841303
2026-09-16T13:10:59.286577,16.89,2.4634546829661077,-0.1750258103437308,0.0,0.29391015463101683,0.0,0.0,0.14642671287964665,0.9892215210736478,0.4896824382648898,-0.00023644679069228144,0.0,0.0,0.0,-0.39850927182530177
2026-09-16T13:10:59.321467,16.91,2.4728244283396776,-0.1722307087140031,0.0,0.28593052953489906,0.0,0.0,0.142478749460434,0.9897978611576158,0.4896724636929041,-0.000257130923628793,0.0,0.0,0.0,-0.40292047666866077
2026-09-16T13:10:59.339472,16.93,2.482216282735813,-0.16951082054901154,0.0,0.2778736132530369,0.0,0.0,0.13849024488871411,0.990363797839291,0.48966261449617504,-0.0002776953954034313,0.0,0.0,0.0,-0.4061077309304812
2026-09-16T13:10:59.360127,16.95,2.491629839662649,-0.1668670230902175,0.0,0.2697510704637791,0.0,0.0,0.13446697766075658,0.9909180752810909,0.48965288909963745,-0.0002981140549325344,0.0,0.0,0.0,-0.40904728264453916
2026-09-16T13:10:59.380007,16.97,2.5010646458751484,-0.16430008996839585,0.0,0.26156283273656195,0.0,0.0,0.13040892565670492,0.9914602927546136,0.48964328594712286,-0.00031835898824704705,0.0,0.0,0.0,-0.4278154232038953
2026-09-16T13:10:59.403389,17.0,2.5152545695433255,-0.16060607029281768,0.0,0.24872453649053664,0.0,0.0,0.12404195211603751,0.9922769744961548,0.48888889182390993,-0.0003574841995924415,0.0,0.0,0.0,-0.4277868290965468
2026-09-16T13:10:59.429568,17.01,2.5199974607648614,-0.15940515221012957,0.0,0.24444687422730071,0.0,0.0,0.121919357128956,0.9925400094491215,0.48962444024740637,-0.00035958242320070067,0.0,0.0,0.0,-0.4313943350604643
2026-09-16T13:10:59.449942,17.03,2.5294947068751847,-0.15707984207721326,0.0,0.2358183861028933,0.0,0.0,0.11763617594756787,0.993056760768705,0.48961519468463727,-0.0003800256352321355,0.0,0.0,0.0,-0.4363073974066235
2026-09-16T13:10:59.482703,17.06,2.5437755746839303,-0.15375410314477647,0.0,0.22267860268586978,0.0,0.0,0.11110940871982003,0.9938081803315628,0.4888888917145471,-0.0004183068957741093,0.0,0.0,0.0,-0.4410142861968657
2026-09-16T13:10:59.501817,17.07,2.548548133681532,-0.152677735783095,0.0,0.21826401905952372,0.0,0.0,0.10891551517075372,0.9940510100367532,0.4895970507366371,-0.0004205857245408031,0.0,0.0,0.0,-0.5227445473807198
2026-09-16T13:10:59.521044,17.08,2.553321775124475,-0.15163881596523052,0.0,0.2130361329519834,0.0,0.0,0.10631675330376435,0.9943323126434876,0.4888888916790307,-0.0004406188791952865,0.0,0.0,0.0,-0.5226448237576999
2026-09-16T13:10:59.540907,17.11,2.567797018180835,-0.1486190596530642,0.0,0.19708960568863085,0.0,0.0,0.09838538422310161,0.995148389021091,0.49544934294246173,-0.0004679490857150529,0.0,0.0,0.0,-0.5401899650556644
2026-09-16T13:10:59.561830,17.13,2.5775446876473325,-0.14672746744561505,0.0,0.18628625499283213,0.0,0.0,0.09300850649794579,0.9956653141086224,0.49720120989175476,-0.0004931743925089568,0.0,0.0,0.0,-0.542414667555124
2026-09-16T13:10:59.581171,17.15,2.5873225657389853,-0.14493969757271263,0.0,0.17544027731660394,0.0,0.0,0.08760768344708567,0.9961550550998751,0.49772034879442634,-0.0005181962346714481,0.0,0.0,0.0,-0.5575473329067693
2026-09-16T13:10:59.600602,17.17,2.5971225568084506,-0.1432587540296183,0.0,0.1642840408676558,0.0,0.0,0.08204967862547655,0.9966282407384691,0.4978697499946046,-0.0005433086080925312,0.0,0.0,0.0,-0.632264983684923
2026-09-16T13:10:59.621871,17.19,2.606942554016806,-0.14169291950125001,0.0,0.15165429201321642,0.0,0.0,0.07575450229507844,0.9971264991875529,0.4979083095809944,-0.0005706062027018776,0.0,0.0,0.0,-0.6351873693365779
2026-09-16T13:10:59.640024,17.21,2.6167821608018036,-0.1402533502308085,0.0,0.13894054209338602,0.0,0.0,0.06941440590158474,0.9975879110400897,0.49791369537927305,-0.0005996932588430697,0.0,0.0,0.0,-0.6392591906176267
2026-09-16T13:10:59.660437,17.23,2.626639397690448,-0.1389392910183068,0.0,0.12616234126606066,0.0,0.0,0.06303934316520843,0.9980110426309415,0.49790920674876166,-0.0006284878685982635,0.0,0.0,0.0,-0.6419601182108048
2026-09-16T13:10:59.680588,17.25,2.636512685646722,-0.13775163598780063,0.0,0.11331828612116016,0.0,0.0,0.0566288328436407,0.9983953001145223,0.4979018325154699,-0.0006569750823378107,0.0,0.0,0.0,-0.645241337732831
2026-09-16T13:10:59.705276,17.27,2.646400448783829,-0.1366911688230118,0.0,0.10041505193021827,0.0,0.0,0.05018643480465498,0.9987398669131007,0.4978936683670491,-0.0006851421740808757,0.0,0.0,0.0,-0.6983221324421754
2026-09-16T13:10:59.726958,17.29,2.6563014524591915,-0.135762410814637,0.0,0.08644841362922584,0.0,0.0,0.04321074854337825,0.9990659794079273,0.49788534205654367,-0.0007144556074194245,0.0,0.0,0.0,-0.69807734591678
2026-09-16T13:10:59.755746,17.31,2.6662145839697473,-0.13497335591792348,0.0,0.07248506030983481,0.0,0.0,0.03623459645529559,0.9993433113898956,0.49787704097033064,-0.0007448027982523944,0.0,0.0,0.0,-0.7016279440525246
2026-09-16T13:10:59.766345,17.33,2.671175019467698,-0.13463071483908243,0.0,0.06546533012841849,0.0,0.0,0.032726820265167295,0.9994643341487136,0.49786873209701205,-0.0007544274238823534,0.0,0.0,0.0,-0.7047185019116441
2026-09-16T13:10:59.808154,17.35,2.6860692173265153,-0.13381281127572903,0.0,0.044354278957076776,0.0,0.0,0.022175321642732657,0.9997540973209569,0.4978606969975704,-0.0008457478633175786,0.0,0.0,0.0,-0.7076058852527224
2026-09-16T13:10:59.830051,17.37,2.696006792339005,-0.13344240379006425,0.0,0.030208223955998204,0.0,0.0,0.015103537690469484,0.9998859350692121,0.4978526725395585,-0.0008743001037254468,0.0,0.0,0.0,-0.7766442380250675
2026-09-16T13:10:59.851479,17.39,2.705948725699325,-0.13321788416241212,0.0,0.014675798847593405,0.0,0.0,0.007337833572725365,0.9999730777368253,0.4978447483265048,-0.0009044553142111832,0.0,0.0,0.0,-0.7766405958259831
2026-09-16T13:10:59.877284,17.41,2.715892981234698,-0.13314953624360967,0.0,-0.0009040333077061647,0.0,0.0,-0.00045201663846047987,0.999999897840474,0.49783692344119496,-0.0009360917394899983,0.0,0.0,0.0,-0.7842814188953265
2026-09-16T13:10:59.893666,17.42,2.7208621038087526,-0.13318364380683823,0.0,-0.008750422290299655,0.0,0.0,-0.004375197186436635,0.9999904287789858,0.4972222246390205,-0.0009635980849538752,0.0,0.0,0.0,-0.7847262069611088
2026-09-16T13:10:59.911380,17.45,2.7357785867601523,-0.13348042874055302,0.0,-0.032339551008099036,0.0,0.0,-0.016169070883924587,0.9998692720284741,0.49782156761552054,-0.0009985864517181049,0.0,0.0,0.0,-0.7954331516855303
2026-09-16T13:10:59.929563,17.47,2.745714989708185,-0.13388118417553635,0.0,-0.04825406411064081,0.0,0.0,-0.024124691344230138,0.9997089572808406,0.49781403410434705,-0.0010294022676193327,0.0,0.0,0.0,-0.8115777838883598
2026-09-16T13:10:59.950381,17.49,2.7556436771012764,-0.13444140851714667,0.0,-0.06448723729399354,0.0,0.0,-0.032238031919325894,0.9994802195631329,0.4978065952846308,-0.001060371903224794,0.0,0.0,0.0,-0.8161110949143221
2026-09-16T13:10:59.967647,17.51,2.7655619085060676,-0.13516349527051671,0.0,-0.08081605324258856,0.0,0.0,-0.040397031090012636,0.9991837067722394,0.497799249967335,-0.0010914089891527385,0.0,0.0,0.0,-0.816214607032622
2026-09-16T13:10:59.992299,17.53,2.7754670210341468,-0.13604747013529594,0.0,-0.09716254135813607,0.0,0.0,-0.048562163168457684,0.9988201621455186,0.4977919969770991,-0.0011219952739382783,0.0,0.0,0.0,-0.8219152511181359
2026-09-16T13:11:00.006759,17.55,2.7853563029601442,-0.13709374905630298,0.0,-0.11359458069584026,0.0,0.0,-0.05676675790523451,0.9983874674678807,0.4977848351538495,-0.0011522890706202867,0.0,0.0,0.0,-0.8217342642061157
2026-09-16T13:11:00.029501,17.56,2.7902903441523885,-0.1376862214365195,0.0,-0.12181140233379086,0.0,0.0,-0.06086805315558496,0.9981458210627588,0.497222224443926,-0.0011775913295180745,0.0,0.0,0.0,-0.8241400366291779
2026-09-16T13:11:00.050395,17.59,2.8050765191000617,-0.13967370494267345,0.0,-0.14739268656482762,0.0,0.0,-0.07362965206724531,0.9972856533293039,0.4977707804387255,-0.0012115344866244927,0.0,0.0,0.0,-0.9092378292351013
2026-09-16T13:11:00.086923,17.61,2.8148994506600125,-0.14122388960174712,0.0,-0.16561942982553912,0.0,0.0,-0.08271510346040507,0.9965732344687642,0.4977638852993829,-0.0012453819558412521,0.0,0.0,0.0,-0.9136271823602307
2026-09-16T13:11:00.105649,17.63,2.824692408951091,-0.14295332601519056,0.0,-0.18389688519855518,0.0,0.0,-0.09181893409332292,0.9957757193976794,0.49775707682744313,-0.0012788913946221864,0.0,0.0,0.0,-0.9179804383732961
2026-09-16T13:11:00.131048,17.65,2.8344520630299748,-0.14486173378833228,0.0,-0.2022572835259453,0.0,0.0,-0.10095635607816798,0.99489085540446,0.4977503539349479,-0.0013119175856215813,0.0,0.0,0.0,-0.9199651684438589
2026-09-16T13:11:00.147460,17.67,2.8441749856995613,-0.1469492121674769,0.0,-0.2206560238477393,0.0,0.0,-0.11010432437763755,0.9939200358949124,0.497743715546369,-0.0013445137608481294,0.0,0.0,0.0,-0.91974588013041
2026-09-16T13:11:00.165634,17.69,2.8538578482276704,-0.14921523746178647,0.0,-0.2385817804432362,0.0,0.0,-0.1190081669383307,0.9928932753332447,0.4977371605994117,-0.0013765595604343399,0.0,0.0,0.0,-0.8751806502317225
2026-09-16T13:11:00.185787,17.71,2.8634995917678916,-0.15165019246580141,0.0,-0.25609838264210083,0.0,0.0,-0.12769954962732888,0.9918128981945019,0.49773068804452386,-0.0014053914970907537,0.0,0.0,0.0,-0.8775606428623635
2026-09-16T13:11:00.209922,17.73,2.8730971685917246,-0.15425377948263327,0.0,-0.2736486556001698,0.0,0.0,-0.13639781488048242,0.9906541455502166,0.49772429684779906,-0.0014337945477584802,0.0,0.0,0.0,-0.8989211437374957
2026-09-16T13:11:00.227651,17.75,2.882675182549882,-0.15703506665676448,0.0,-0.2916282405394899,0.0,0.0,-0.14529795855234404,0.9893879437513484,0.49918548170946464,-0.0014624600204045735,0.0,0.0,0.0,-0.8998002437877214
2026-09-16T13:11:00.248629,17.78,2.8969525577353887,-0.16154265228183246,0.0,-0.31957740347296815,0.0,0.0,-0.1591096036485889,0.987260924997434,0.49924930727450095,-0.0015170999181142923,0.0,0.0,0.0,-0.9950175849438332
2026-09-16T13:11:00.267306,17.79,2.9016898513080442,-0.16312632815007166,0.0,-0.3295267398181996,0.0,0.0,-0.16401891012901199,0.9864571947733419,0.4997451606147371,-0.0015224877571084036,0.0,0.0,0.0,-0.9949233408616432
2026-09-16T13:11:00.299098,17.81,2.9111048742987387,-0.1664516917027056,0.0,-0.34946518655874975,0.0,0.0,-0.173844808877334,0.9847730613833845,0.4997389281940258,-0.0015558836642191466,0.0,0.0,0.0,-0.9989362515498408
2026-09-16T13:11:00.319442,17.83,2.920452708686762,-0.16996484027972852,0.0,-0.36948815870863916,0.0,0.0,-0.18369497382703942,0.9829832941564588,0.49977239623884007,-0.0015888905899435989,0.0,0.0,0.0,-1.0032097756460778
2026-09-16T13:11:00.346798,17.86,2.934337514870803,-0.17557824235771086,0.0,-0.3938174423591403,0.0,0.0,-0.19563872732382848,0.980676036400968,0.4993051018104847,-0.001642441894369124,0.0,0.0,0.0,-0.8166661533377961
2026-09-16T13:11:00.359445,17.88,2.9435428145930613,-0.17944919913267313,0.0,-0.40229088388090295,0.0,0.0,-0.19979180958150525,0.9798383707653766,0.4993054207320317,-0.001634824396897231,0.0,0.0,0.0,-0.45075329647820095
2026-09-16T13:11:00.382974,17.9,2.952715206075401,-0.18339751280175734,0.0,-0.4106287228714668,0.0,0.0,-0.20387492885790268,0.9789969424789768,0.49930551638136644,-0.0016320271826899858,0.0,0.0,0.0,-0.4124350631101174
2026-09-16T13:11:00.420928,17.92,2.9618546357829354,-0.18742154123801205,0.0,-0.41887898153970066,0.0,0.0,-0.20791167177374462,0.9781476047817357,0.49930554506263225,-0.0016289437993758646,0.0,0.0,0.0,-0.41257182619097377
2026-09-16T13:11:00.458699,17.95,2.9755002728748985,-0.19360511852354692,0.0,-0.4312771379695475,0.0,0.0,-0.21397125158420371,0.9768399579744317,0.49975401432376215,-0.0016313168329666922,0.0,0.0,0.0,-0.41333226499840753
2026-09-16T13:11:00.477336,17.97,2.984554560985987,-0.19781704314197218,0.0,-0.43954566534698536,0.0,0.0,-0.2180079254373971,0.9759469987896281,0.4997483799440902,-0.0016281486266543266,0.0,0.0,0.0,-0.43192058821123525
2026-09-16T13:11:00.497108,17.99,2.9935731161485983,-0.20210494202578502,0.0,-0.44818019579934715,0.0,0.0,-0.22221930269141985,0.9749967084617974,0.4997428145988335,-0.0016254982983251705,0.0,0.0,0.0,-0.4336579443228157
2026-09-16T13:11:00.531456,18.01,3.002554035580327,-0.2064711239824741,0.0,-0.45686049314267324,0.0,0.0,-0.22644882711836176,0.9740230637396212,0.4997373186715461,-0.001623401176018447,0.0,0.0,0.0,-0.43382875856939973
2026-09-16T13:11:00.538273,18.04,3.0159539773212836,-0.21316047680913827,0.0,-0.4698842031632573,0.0,0.0,-0.23278667807997036,0.9725278209431811,0.4993055572228006,-0.001613997661078788,0.0,0.0,0.0,-0.4343240336927643
2026-09-16T13:11:00.572278,18.06,3.0248382837183114,-0.2177201989606435,0.0,-0.4783705221745124,0.0,0.0,-0.23691116077571317,0.9715313180232041,0.49930555720790515,-0.0016113079736650808,0.0,0.0,0.0,-0.4139190705938757
2026-09-16T13:11:00.593360,18.07,3.0292652656809658,-0.22003395235537265,0.0,-0.48250972082152366,0.0,0.0,-0.238921332525227,0.9710389265443327,0.499721241328497,-0.0016164741737328518,0.0,0.0,0.0,-0.4141715813383651
2026-09-16T13:11:00.610741,18.09,3.0380919397963284,-0.22470410565288457,0.0,-0.4909447343456037,0.0,0.0,-0.24301455873607056,0.9700226410977802,0.4997160163377286,-0.0016131149667640565,0.0,0.0,0.0,-0.429207857051956
2026-09-16T13:11:00.630785,18.11,3.0468782069322495,-0.2294498434457289,0.0,-0.49952908562064424,0.0,0.0,-0.24717581500272232,0.9689706478927729,0.4997108570255943,-0.001610597585159595,0.0,0.0,0.0,-0.42974819164724176
2026-09-16T13:11:00.651056,18.13,3.0556233926353973,-0.23427086566223437,0.0,-0.5081165746526369,0.0,0.0,-0.251334036131183,0.9679004092787693,0.4997057625613806,-0.0016080722940355473,0.0,0.0,0.0,-0.4300078075833818
2026-09-16T13:11:00.744184,18.15,3.064326821945733,-0.239166869835064,0.0,-0.5167164456688882,0.0,0.0,-0.2554936091342636,0.9668107445056391,0.4997007321322707,-0.0016055370341245929,0.0,0.0,0.0,-0.43006659568579136
2026-09-16T13:11:00.763068,18.17,3.0729878184815043,-0.24413755274375368,0.0,-0.525320262161717,0.0,0.0,-0.25965036328867414,0.9657026917452698,0.49969576493342427,-0.001602976259868003,0.0,0.0,0.0,-0.4391696883297468
2026-09-16T13:11:00.784777,18.19,3.081605396602649,-0.24918313391952404,0.0,-0.5341018681139028,0.0,0.0,-0.26388805700178436,0.9645533128717266,0.49969086017010156,-0.0016006537220680953,0.0,0.0,0.0,-0.4390846045098532
2026-09-16T13:11:00.812663,18.21,3.090178233835774,-0.2543043674711903,0.0,-0.5428837795713721,0.0,0.0,-0.268120810345082,0.9633852973031592,0.4996860170575848,-0.0015985369471264144,0.0,0.0,0.0,-0.43885234410194973
2026-09-16T13:11:00.835361,18.24,3.102953321319483,-0.26212170235641363,0.0,-0.5560607551056197,0.0,0.0,-0.27446219737510597,0.9615978900829746,0.49930555703149504,-0.0015894744280291432,0.0,0.0,0.0,-0.43942738434487744
2026-09-16T13:11:00.866160,18.25,3.1071873010122153,-0.26477175872377995,0.0,-0.560454329444561,0.0,0.0,-0.2765739593234738,0.9609926352600927,0.4996765126947633,-0.0015942204478223178,0.0,0.0,0.0,-0.4390699598772532
2026-09-16T13:11:00.885489,18.27,3.1156221936219186,-0.2701171481090422,0.0,-0.5692435851214587,0.0,0.0,-0.2807944800192264,0.9597679198591357,0.4996718499237292,-0.0015920089024721263,0.0,0.0,0.0,-0.4403846025217746
2026-09-16T13:11:00.907482,18.29,3.1240097520182766,-0.27553650906064436,0.0,-0.5780424918676693,0.0,0.0,-0.28501420319972454,0.9585232933916766,0.49966724576170557,-0.0015897965833045929,0.0,0.0,0.0,-0.4403594867737418
2026-09-16T13:11:00.924157,18.31,3.1323492589232687,-0.2810295269086473,0.0,-0.5868482988690786,0.0,0.0,-0.2892317125528895,0.9572591166730786,0.49966269947203984,-0.0015875896249975554,0.0,0.0,0.0,-0.4399797593572567
2026-09-16T13:11:00.946337,18.33,3.140640077943874,-0.2865957599229435,0.0,-0.5956552987545192,0.0,0.0,-0.2934441851810439,0.9559762079588765,0.4996582103272321,-0.001585334114559082,0.0,0.0,0.0,-0.44035047029063495
2026-09-16T13:11:00.965108,18.35,3.148881564245838,-0.2922347796171795,0.0,-0.6044586989849168,0.0,0.0,-0.29764924944704735,0.9546752978388041,0.49965377760906576,-0.0015830516066047007,0.0,0.0,0.0,-0.43910182294620326
2026-09-16T13:11:00.987707,18.37,3.1570731337197233,-0.2979460703042255,0.0,-0.6132461783494146,0.0,0.0,-0.3018409576436868,0.9533582937640718,0.49964940060821367,-0.0015807063334813153,0.0,0.0,0.0,-0.43604221137455773
2026-09-16T13:11:01.006717,18.4,3.1692675176062264,-0.3066418268650267,0.0,-0.6263016078550443,0.0,0.0,-0.3080577335874228,0.9513676643532617,0.4993055568884748,-0.001571082733938076,0.0,0.0,0.0,-0.4334119069339399
2026-09-16T13:11:01.023843,18.41,3.1733050318341434,-0.30958224733280937,0.0,-0.6306418427651845,0.0,0.0,-0.3101215861567683,0.9506969032239508,0.49964081096600116,-0.0015754820553262135,0.0,0.0,0.0,-0.43024281467711745
2026-09-16T13:11:01.046286,18.43,3.1813448261511685,-0.31550528628964464,0.0,-0.6392396502182344,0.0,0.0,-0.31420566242070336,0.949354939789522,0.4996365969502171,-0.0015725628984189295,0.0,0.0,0.0,-0.42205109357764153
2026-09-16T13:11:01.066120,18.45,3.1892714059173084,-0.32145005596630616,0.0,-0.6476806657722287,0.0,0.0,-0.318209612012802,0.9480203810164959,0.49571911397283097,-0.0015691703019525,0.0,0.0,0.0,-0.4217106615330377
2026-09-16T13:11:01.084835,18.47,3.1971478132648574,-0.32746134447995245,0.0,-0.6561094947089169,0.0,0.0,-0.3222021250934489,0.9466708987738376,0.49571530455836044,-0.0015654581157733475,0.0,0.0,0.0,-0.420583413518932
2026-09-16T13:11:01.108248,18.49,3.204940080674777,-0.3335129972695784,0.0,-0.6645197849822254,0.0,0.0,-0.32618015310148457,0.9453076259729909,0.49418535505726346,-0.0015616229213881718,0.0,0.0,0.0,-0.42099205743307344
2026-09-16T13:11:01.140070,18.51,3.2126904411376143,-0.3396371417255959,0.0,-0.6711568343851639,0.0,0.0,-0.3293153780058208,0.9442199859190036,0.49418176524829943,-0.0015577643052524927,0.0,0.0,0.0,-0.06952958632844813
2026-09-16T13:11:01.159970,18.53,3.220434178214084,-0.3457636525882452,0.0,-0.669672118246754,0.0,0.0,-0.3286143380024431,0.9444641956470431,0.49404086597161284,-0.0015262739822369472,0.0,0.0,0.0,-0.023636075300277296
2026-09-16T13:11:01.190373,18.55,3.2281750498417314,-0.3518951793999524,0.0,-0.6701458324677622,0.0,0.0,-0.3288380318428627,0.9443863345123713,0.49402786994703685,-0.0015000311763719684,0.0,0.0,0.0,-0.017165193140935373
2026-09-16T13:11:01.216870,18.57,3.235913390446516,-0.3580298130819992,0.0,-0.6704931784719124,0.0,0.0,-0.3290020412926141,0.9443292099820343,0.49402157531826973,-0.00147372860592487,0.0,0.0,0.0,-0.019177426916285684
2026-09-16T13:11:01.233119,18.59,3.2436496037378224,-0.3641671034427757,0.0,-0.6708799346371852,0.0,0.0,-0.3291846477119506,0.9442655705418678,0.49401732115685276,-0.0014476573673610107,0.0,0.0,0.0,-0.019218515158250096
2026-09-16T13:11:01.252456,18.61,3.251383425272209,-0.3703073993962857,0.0,-0.6712541546857654,0.0,0.0,-0.32936132350235625,0.9442039602653529,0.4940137088725077,-0.0014219970715197256,0.0,0.0,0.0,-0.018880339188486937
2026-09-16T13:11:01.272484,18.63,3.259114893665596,-0.37645065606716815,0.0,-0.6716437828525654,0.0,0.0,-0.32954526148020724,0.9441397781239501,0.494010318514146,-0.001396704302854117,0.0,0.0,0.0,-0.019408955469837053
2026-09-16T13:11:01.296697,18.65,3.2668440039451765,-0.382596879071942,0.0,-0.6720249679016819,0.0,0.0,-0.3297252014775164,0.9440769521128091,0.4940070237275089,-0.0013717615407063666,0.0,0.0,0.0,-0.008286641165363526
2026-09-16T13:11:01.312704,18.67,3.2745712707919608,-0.3887454221952584,0.0,-0.6721926209497706,0.0,0.0,-0.32980433900827905,0.9440493090783512,0.494003786241802,-0.0013468498942248287,0.0,0.0,0.0,-0.008048435571287762
2026-09-16T13:11:01.333090,18.69,3.2822977283715167,-0.39489498493664915,0.0,-0.672346939082519,0.0,0.0,-0.3298771799897578,0.9440238588732834,0.49400059421597187,-0.0013219407577044347,0.0,0.0,0.0,-0.007503100105608011
2026-09-16T13:11:01.364645,18.71,3.29002323749635,-0.4010457396198956,0.0,-0.6724955551622127,0.0,0.0,-0.3299473276414759,0.9439993437403696,0.4939974437423819,-0.0012973657080904857,0.0,0.0,0.0,-0.007791211535751345
2026-09-16T13:11:01.384632,18.73,3.297747817884136,-0.4071976610669191,0.0,-0.6726480760595805,0.0,0.0,-0.330019316495487,0.9439741790641583,0.4939943332977809,-0.0012731474284807193,0.0,0.0,0.0,-0.0072475287293619845
2026-09-16T13:11:01.403635,18.75,3.3054714675389194,-0.41335075137013383,0.0,-0.6727979734091353,0.0,0.0,-0.33009006518225625,0.9439494419024643,0.49399126207880956,-0.0012492521222431843,0.0,0.0,0.0,-0.007853367137766215
2026-09-16T13:11:01.425139,18.77,3.3131941859324923,-0.41950501082179564,0.0,-0.6729484456715645,0.0,0.0,-0.3301610833520268,0.9439246045314297,0.49398822950235394,-0.0012257175572508343,0.0,0.0,0.0,-0.00779033083643362
2026-09-16T13:11:01.444893,18.79,3.320915972769813,-0.42566043942432624,0.0,-0.6730974481108595,0.0,0.0,-0.33023140596998635,0.9439000045084681,0.4939852350556228,-0.0012025188974720156,0.0,0.0,0.0,-0.007096919139144788
2026-09-16T13:11:01.489317,18.81,3.328636828082429,-0.43181703677091443,0.0,-0.6732519762814362,0.0,0.0,-0.33030433455466823,0.9438744866635594,0.4939822782513026,-0.001179638151570863,0.0,0.0,0.0,-0.007496705240306584
2026-09-16T13:11:01.508855,18.83,3.336356751391721,-0.43797480309388903,0.0,-0.6734011041933918,0.0,0.0,-0.33037471265206486,0.9438498552418523,0.4939793586137492,-0.0011570877399135636,0.0,0.0,0.0,-0.007326784211814865
2026-09-16T13:11:01.533105,18.85,3.3440757423479965,-0.44413373846388615,0.0,-0.6735526575971065,0.0,0.0,-0.3304462335325514,0.9438248178259303,0.4939764756750915,-0.0011348631112412183,0.0,0.0,0.0,-0.00791755043762737
2026-09-16T13:11:01.548169,18.87,3.3517938006329,-0.45029384291322594,0.0,-0.6737027669010204,0.0,0.0,-0.33051707104496025,0.9438000136405279,0.49397362897382907,-0.0011129758676316334,0.0,0.0,0.0,-0.0076416925712767545
2026-09-16T13:11:01.571609,18.89,3.359510926506785,-0.4564551157483653,0.0,-0.6738541037300534,0.0,0.0,-0.3305884859493226,0.9437750012358531,0.49397081805440396,-0.0010914007285851123,0.0,0.0,0.0,-0.007832254960222345
2026-09-16T13:11:01.588002,18.91,3.3672271194580508,-0.4626175572422919,0.0,-0.674003896555146,0.0,0.0,-0.3306591703838865,0.9437502386972095,0.4939680424670183,-0.0010701444960261163,0.0,0.0,0.0,-0.00764847745431216
2026-09-16T13:11:01.610119,18.93,3.3749423793355096,-0.4687811672173003,0.0,-0.6741603768182669,0.0,0.0,-0.33073300851457893,0.9437243649916512,0.493965301767564,-0.0010491970597426646,0.0,0.0,0.0,-0.00758388146543011
2026-09-16T13:11:01.627431,18.95,3.3826567059300556,-0.4749459455681099,0.0,-0.6743091292053682,0.0,0.0,-0.33080319822576587,0.9436997637191633,0.4939625955175143,-0.001028539099148457,0.0,0.0,0.0,-0.00802467141272186
2026-09-16T13:11:01.648794,18.97,3.3903700955829166,-0.48111189649363784,0.0,-0.6744616663410974,0.0,0.0,-0.33087517189304544,0.9436745310883131,0.49395992328385535,-0.0010082044353659843,0.0,0.0,0.0,-0.007554828394611781
2026-09-16T13:11:01.668177,18.99,3.3980825415146505,-0.48727902810250456,0.0,-0.6746174995645432,0.0,0.0,-0.3309486988106313,0.9436487475515188,0.4939572846390163,-0.00098815801659321,0.0,0.0,0.0,-0.00754467182711748
2026-09-16T13:11:01.688329,19.01,3.4057940441397965,-0.4934473395132587,0.0,-0.6747665121339037,0.0,0.0,-0.33101900565421055,0.9436240871743884,0.4939546791607638,-0.000968398775896502,0.0,0.0,0.0,-0.007634784482478719
2026-09-16T13:11:01.707725,19.03,3.4135046032154217,-0.49961683065639706,0.0,-0.6749194733989077,0.0,0.0,-0.3310911736530588,0.9435987678717264,0.4939521064323156,-0.0009489459748435043,0.0,0.0,0.0,-0.007437003920797443
2026-09-16T13:11:01.730693,19.05,3.4212142188364587,-0.505787501040051,0.0,-0.67507194252729,0.0,0.0,-0.3311631075317264,0.9435735245384592,0.49394956604191426,-0.0009297762311210455,0.0,0.0,0.0,-0.007638253982274831
2026-09-16T13:11:01.748755,19.07,3.4289228908841385,-0.5119593504383325,0.0,-0.6752260407263707,0.0,0.0,-0.3312358080390848,0.9435480059184559,0.4939470575831196,-0.0009108989345461495,0.0,0.0,0.0,-0.007349452029316793
2026-09-16T13:11:01.769948,19.09,3.4366306187467788,-0.5181323792411477,0.0,-0.6753791639136093,0.0,0.0,-0.3313080466072049,0.9435226432117664,0.4939445806545654,-0.0008922922717306366,0.0,0.0,0.0,-0.007225742495732135
2026-09-16T13:11:01.787175,19.11,3.4443374022970445,-0.524306587234703,0.0,-0.6755298898002038,0.0,0.0,-0.3313791523097535,0.9434976721828566,0.4939421348599301,-0.000873960588980167,0.0,0.0,0.0,-0.0076524368858191865
2026-09-16T13:11:01.808930,19.13,3.4520432412130764,-0.530481974447278,0.0,-0.6756805973561741,0.0,0.0,-0.33145024748298824,0.9434726988331278,0.49393971980787366,-0.0008559236536388599,0.0,0.0,0.0,-0.0075200257692579165
2026-09-16T13:11:01.840515,19.15,3.4597481355946993,-0.5366585403811563,0.0,-0.6758368265548237,0.0,0.0,-0.3315239454635199,0.9434468048513923,0.4939373351119755,-0.0008381615917664892,0.0,0.0,0.0,-0.008085049589907226
2026-09-16T13:11:01.862039,19.17,3.4674520850910593,-0.5428362851001804,0.0,-0.6759849605490813,0.0,0.0,-0.3315938228258852,0.9434222472804611,0.49393498039067113,-0.0008206753992957072,0.0,0.0,0.0,-0.00769374844167149
2026-09-16T13:11:01.883056,19.19,3.4751550890861593,-0.5490152089987868,0.0,-0.6761413908820382,0.0,0.0,-0.33166761173965925,0.9433963087286862,0.4939326552671939,-0.0008034577938594348,0.0,0.0,0.0,-0.008409318394369723
2026-09-16T13:11:01.900494,19.21,3.482857120504982,-0.555195345374456,0.0,-0.676307574324401,0.0,0.0,-0.33174599901766205,0.9433687466392838,0.493930359369511,-0.000786513840630744,0.0,0.0,0.0,-0.008073655316195054
2026-09-16T13:11:01.919151,19.23,3.4905581261807286,-0.561376760076669,0.0,-0.6764712619498652,0.0,0.0,-0.3318232068015278,0.9433415921223608,0.4939280923302675,-0.0007698311682937619,0.0,0.0,0.0,-0.008141340893799608
2026-09-16T13:11:01.946210,19.25,3.4982581124695042,-0.5675594448160549,0.0,-0.6766368710411382,0.0,0.0,-0.33190131863576594,0.9433141124184667,0.4939258537867251,-0.0007534098766377312,0.0,0.0,0.0,-0.007906967590725162
2026-09-16T13:11:01.960062,19.27,3.505957078573436,-0.5737434001575596,0.0,-0.6768021190543599,0.0,0.0,-0.33197925789423816,0.9432866861818792,0.49392364338066946,-0.0007372331601631653,0.0,0.0,0.0,-0.008491644316881857
2026-09-16T13:11:01.981949,19.29,3.513655024328265,-0.5799286258736494,0.0,-0.6769605530756597,0.0,0.0,-0.33205398120398466,0.9432603848177786,0.49392146075853105,-0.0007213225891243897,0.0,0.0,0.0,-0.0078881816928095
2026-09-16T13:11:02.003338,19.31,3.5213519495340986,-0.5861151217803339,0.0,-0.6771271563992061,0.0,0.0,-0.3321325552093449,0.9432327208966573,0.4939193055709367,-0.0007056602941880558,0.0,0.0,0.0,-0.008258986335180173
2026-09-16T13:11:02.022079,19.33,3.529047854066865,-0.5923028875996302,0.0,-0.6772913453800168,0.0,0.0,-0.33220998829960907,0.9432054514653601,0.4939171774731876,-0.0006902477493961854,0.0,0.0,0.0,-0.008413398387948386
2026-09-16T13:11:02.041169,19.35,3.53674273774967,-0.5984919231191294,0.0,-0.6774569338062699,0.0,0.0,-0.3322880791140605,0.9431779431680365,0.4939150761246697,-0.0006750826036198747,0.0,0.0,0.0,-0.008486376544492934
2026-09-16T13:11:02.062873,19.38,3.5482869762485585,-0.6077718086473302,0.0,-0.6775456082232889,0.0,0.0,-0.33232989666457063,0.9431632095151484,0.4937500006335203,-0.0006448746966461658,0.0,0.0,0.0,4.3949097129408116e-05
2026-09-16T13:11:02.080493,19.39,3.552130434080914,-0.6108725710431011,0.0,-0.6775443116535476,0.0,0.0,-0.3323292852260615,0.9431634249593943,0.49391095233475496,-0.0006449883135156303,0.0,0.0,0.0,2.415148359853846e-05
2026-09-16T13:11:02.105945,19.4,3.5559807218405366,-0.6139622774309873,0.0,-0.6775453884865215,0.0,0.0,-0.3323297930407512,0.9431632460276914,0.4937500006253923,-0.0006299980131929347,0.0,0.0,0.0,-8.161916559185436e-05
2026-09-16T13:11:02.119873,19.43,3.56751811584476,-0.6232532397117247,0.0,-0.6775381577691912,0.0,0.0,-0.33232638316516516,0.9431644475129244,0.493906931561811,-0.0006153377312605353,0.0,0.0,0.0,1.207308197012744e-05
2026-09-16T13:11:02.148940,19.45,3.575211990230637,-0.629443532728875,0.0,-0.6775361094171891,0.0,0.0,-0.3323254171985986,0.9431647878731358,0.4939049589999598,-0.0006008691455044115,0.0,0.0,0.0,0.0001415403757010201
2026-09-16T13:11:02.161880,19.47,3.582905887487801,-0.6356337975157461,0.0,-0.6775347991912312,0.0,0.0,-0.33232479931903347,0.9431650055836275,0.49390301123235647,-0.0005866228085785943,0.0,0.0,0.0,3.531069655460045e-05
2026-09-16T13:11:02.182887,19.49,3.590599807568773,-0.6418240341294098,0.0,-0.6775286374492628,0.0,0.0,-0.3323218935477574,0.9431660294289829,0.49390108794734766,-0.0005726010539105844,0.0,0.0,0.0,0.0003138986614373739
2026-09-16T13:11:02.202921,19.51,3.5982937512730486,-0.6480142415738918,0.0,-0.6775240705271077,0.0,0.0,-0.33231973986397306,0.9431667882706332,0.4938991888371984,-0.0005588031824665796,0.0,0.0,0.0,0.0003430803716085689
2026-09-16T13:11:02.223386,19.53,3.605987718609094,-0.6542044198355462,0.0,-0.6775229003930422,0.0,0.0,-0.33231918804812194,0.9431669826997958,0.4938973135980408,-0.00054522923727368,0.0,0.0,0.0,0.0007092995440777667
2026-09-16T13:11:02.243501,19.55,3.6136817098618104,-0.6603945685574207,0.0,-0.6775176649590872,0.0,0.0,-0.33231671910276017,0.9431678526141448,0.4938954619298269,-0.0005318565048911356,0.0,0.0,0.0,-0.008011461022193656
2026-09-16T13:11:02.261343,19.57,3.6213753305740006,-0.6665851772794684,0.0,-0.6776804148959501,0.0,0.0,-0.33239346825662586,0.9431408072288737,0.49389363353627996,-0.0005189584028673598,0.0,0.0,0.0,-0.008272525911924643
2026-09-16T13:11:02.282459,19.59,3.629067787538987,-0.672777231540091,0.0,-0.6778491458132834,0.0,0.0,-0.3324730355804102,0.9431127613450829,0.49389182812484766,-0.0005065301996581393,0.0,0.0,0.0,-0.008449664035642722
2026-09-16T13:11:02.308462,19.61,3.6367591952447085,-0.678970589280709,0.0,-0.6780193979311379,0.0,0.0,-0.3325533178481866,0.9430844558087907,0.49389004540665477,-0.0004943169681925036,0.0,0.0,0.0,-0.00874972567919757
2026-09-16T13:11:02.322183,19.63,3.6444495304646622,-0.6851652788641834,0.0,-0.6781963999991364,0.0,0.0,-0.33263678049521456,0.9430550208030168,0.49388828509642113,-0.00048232136910952747,0.0,0.0,0.0,-0.00819250350227079
2026-09-16T13:11:02.356173,19.65,3.6521387921112463,-0.6913613011966373,0.0,-0.6783658732322398,0.0,0.0,-0.3327166905925889,0.9430268309020244,0.49388654691259565,-0.0004704971720616888,0.0,0.0,0.0,-0.008981893953327144
2026-09-16T13:11:02.377467,19.67,3.659826978633657,-0.6975586577262428,0.0,-0.678538364312816,0.0,0.0,-0.33279802121360325,0.942998132064062,0.4938848305769521,-0.0004589033820293052,0.0,0.0,0.0,-0.008012389451226214
2026-09-16T13:11:02.398413,19.69,3.6675140901937713,-0.7037573477771262,0.0,-0.6787150816174276,0.0,0.0,-0.3328813419584519,0.942968722798344,0.49388313581490434,-0.00044747710182354195,0.0,0.0,0.0,-0.008485768975643477
2026-09-16T13:11:02.416112,19.71,3.675200126331533,-0.7099573714437274,0.0,-0.6788876292908476,0.0,0.0,-0.33296269424911734,0.9429400003384991,0.49388146235528074,-0.00043624590171448995,0.0,0.0,0.0,-0.008801307111770858
2026-09-16T13:11:02.436769,19.73,3.682885086728658,-0.7161587286444954,0.0,-0.6790597101350708,0.0,0.0,-0.33304382397221854,0.942911348597503,0.49387980993031944,-0.0004252147582195195,0.0,0.0,0.0,-0.008301538373280248
2026-09-16T13:11:02.476833,19.75,3.6905689713941405,-0.7223614188926575,0.0,-0.6792318349203246,0.0,0.0,-0.33312497194542995,0.9428826825572504,0.493878178275624,-0.0004143588215191856,0.0,0.0,0.0,-0.009083989038737488
2026-09-16T13:11:02.498130,19.77,3.698251780236105,-0.7285654418264306,0.0,-0.6794030373607911,0.0,0.0,-0.33320568263299705,0.9428541631986775,0.49387656713012085,-0.0004037125421104146,0.0,0.0,0.0,-0.008882963363810087
2026-09-16T13:11:02.518078,19.79,3.7059335129535063,-0.7347707973427874,0.0,-0.6795791718338631,0.0,0.0,-0.3332887159013544,0.9428248150387357,0.4938749762360186,-0.0003932474434171758,0.0,0.0,0.0,-0.008735584084114458
2026-09-16T13:11:02.535494,19.81,3.713614169183776,-0.740977485415169,0.0,-0.6797536008887554,0.0,0.0,-0.333370942654399,0.9427957438351732,0.49387340533876584,-0.00038294851182467556,0.0,0.0,0.0,-0.008795425290973501
2026-09-16T13:11:02.557229,19.83,3.721293748365254,-0.7471855062631517,0.0,-0.6799267563914739,0.0,0.0,-0.33345256654036387,0.9427668777951653,0.4938718541870107,-0.00037282465969087355,0.0,0.0,0.0,-0.008645100678999679
2026-09-16T13:11:02.576932,19.85,3.728972250209169,-0.7533948597688164,0.0,-0.6800978147742214,0.0,0.0,-0.3335331994093341,0.9427383544185383,0.493870322532561,-0.00036287138398465426,0.0,0.0,0.0,-0.0006417075019021033
2026-09-16T13:11:02.596484,19.87,3.736650046499591,-0.7596050862820568,0.0,-0.680114704496062,0.0,0.0,-0.3335411606917283,0.9427355377434409,0.49386881013030853,-0.00035286415485909575,0.0,0.0,0.0,-0.00029996357738080445
2026-09-16T13:11:02.618171,19.89,3.7443278876346726,-0.7658152579534347,0.0,-0.6801221672841864,0.0,0.0,-0.333544678407194,0.9427342931633714,0.49386731673836803,-0.0003427826120943643,0.0,0.0,0.0,-0.0005395960647019298
2026-09-16T13:11:02.634887,19.91,3.7520056801228385,-0.7720254899440084,0.0,-0.6801294816075893,0.0,0.0,-0.3335481261367151,0.9427330733302434,0.4938658421176459,-0.00033288368513675876,0.0,0.0,0.0,-0.00019159036541341266
2026-09-16T13:11:02.658225,19.93,3.7596834430054034,-0.7782357586979123,0.0,-0.6801315592477013,0.0,0.0,-0.3335491054665591,0.9427327268332516,0.4938643860323383,-0.00032313467455676384,0.0,0.0,0.0,-0.00010418445319369639
2026-09-16T13:11:02.677124,19.95,3.7673611742731348,-0.7844460666844119,0.0,-0.6801405013335273,0.0,0.0,-0.3335533204617024,0.9427312355114648,0.49386294824932103,-0.00031356162636564865,0.0,0.0,0.0,-0.00048781639300365346
2026-09-16T13:11:02.694631,19.97,3.7750388740356664,-0.7906564137648079,0.0,-0.680144319137209,0.0,0.0,-0.33355512004248555,0.9427305987891997,0.4938615285386842,-0.0003041561128823588,0.0,0.0,0.0,-0.0006558203508785002
2026-09-16T13:11:02.720482,19.99,3.7827165424170985,-0.796866799783389,0.0,-0.6801504442189708,0.0,0.0,-0.33355800719191975,0.9427295772585875,0.4938601266731236,-0.0002949243954715807,0.0,0.0,0.0,-0.004334830052859211
2026-09-16T13:11:02.747867,20.01,3.7903939936455924,-0.8030774542055794,0.0,-0.6802327715069532,0.0,0.0,-0.3335968130940091,0.942715845996831,0.4938587424284768,-0.00028595971506238785,0.0,0.0,0.0,-0.0037312222028974256
2026-09-16T13:11:02.766508,20.03,3.7980708584398193,-0.8092888334663406,0.0,-0.6803181314787068,0.0,0.0,-0.33363704788915305,0.9427016072309472,0.49385737558315024,-0.0002772578142057598,0.0,0.0,0.0,-0.0045315450208151115
2026-09-16T13:11:02.802760,20.05,3.805747195409722,-0.8155008651722062,0.0,-0.6804046259696799,0.0,0.0,-0.3336778168249641,0.9426871774660593,0.4938560259184768,-0.0002687317417120928,0.0,0.0,0.0,-0.004471709776955032
2026-09-16T13:11:02.822152,20.07,3.8134229975767355,-0.8217135578303221,0.0,-0.6804831583850909,0.0,0.0,-0.33371483231822824,0.9426740744768665,0.49385469321846764,-0.0002603573905407062,0.0,0.0,0.0,-0.004072780466580894
2026-09-16T13:11:02.842459,20.09,3.8198202277401685,-0.8268922389116468,0.0,-0.6805608712345181,0.0,0.0,-0.3337514610104984,0.942661106799977,0.43416822205229827,-0.00025209874684801244,0.0,0.0,0.0,-0.003983607409405531
2026-09-16T13:11:02.859932,20.11,3.826509224122371,-0.8323078973880369,0.0,-0.6806404911823769,0.0,0.0,-0.33378898806010415,0.9426478194160381,0.430039439951741,-0.00024397112456735816,0.0,0.0,0.0,-0.00364610514154891
2026-09-16T13:11:02.883077,20.13,3.833178740744179,-0.8377086106319246,0.0,-0.6807114656019353,0.0,0.0,-0.33382243979083537,0.9426359735826413,0.4288034850578868,-0.00023596954456235795,0.0,0.0,0.0,-0.0035579057949135288
2026-09-16T13:11:02.900368,20.15,3.8398421310032105,-0.8431051880232376,0.0,-0.6807811714180706,0.0,0.0,-0.33385529319300594,0.942624338327317,0.4284353174202631,-0.00022812102476215423,0.0,0.0,0.0,-0.003485220023066736
2026-09-16T13:11:02.920920,20.17,3.84650512711137,-0.8485022703938124,0.0,-0.6808615222866087,0.0,0.0,-0.33389316326570856,0.9426109247852047,0.42843901835608195,-0.0002204268715508765,0.0,0.0,0.0,-0.0035174745856658965
2026-09-16T13:11:02.942362,20.19,3.8531646155086006,-0.8538973345173303,0.0,-0.6809322860309663,0.0,0.0,-0.3339265143959601,0.9425991104299668,0.4282976385849689,-0.00021286064258666649,0.0,0.0,0.0,-0.0036906201767474317
2026-09-16T13:11:02.961036,20.21,3.859824410302763,-0.8592934710505228,0.0,-0.6810091513628764,0.0,0.0,-0.33396274074607546,0.9425862760476462,0.4282912180146748,-0.0002054485718955192,0.0,0.0,0.0,-0.0038984962612277634
2026-09-16T13:11:02.982227,20.23,3.866483755361532,-0.8646900675089154,0.0,-0.6810845968913886,0.0,0.0,-0.33399829746833376,0.9425736773792563,0.4282917816084358,-0.00019817422904580865,0.0,0.0,0.0,-0.0036570300988430933
2026-09-16T13:11:03.003288,20.25,3.873142683490624,-0.8700871496474535,0.0,-0.6811565971911501,0.0,0.0,-0.334032230045553,0.9425616527796974,0.42829440909004046,-0.00019102745065724847,0.0,0.0,0.0,-0.003822874450685087
2026-09-16T13:11:03.027333,20.27,3.8798012040074705,-0.8754847257911501,0.0,-0.6812332609711671,0.0,0.0,-0.3340683599697423,0.9425488480005302,0.4282976248368891,-0.00018402579677502027,0.0,0.0,0.0,-0.0038994107194441105
2026-09-16T13:11:03.042956,20.29,3.8864593201478437,-0.8808827978439807,0.0,-0.6813062930731602,0.0,0.0,-0.33410277790880794,0.9425366485148563,0.42830098655066146,-0.0001771529408311607,0.0,0.0,0.0,-0.003432660836014563
2026-09-16T13:11:03.060139,20.31,3.8931170332061003,-0.8862813666990113,0.0,-0.681379452487917,0.0,0.0,-0.3341372554000691,0.9425244265024164,0.42830438632475365,-0.00017040254334074303,0.0,0.0,0.0,-0.003799236992489967
2026-09-16T13:11:03.079885,20.33,3.8997743421847932,-0.8916804323542478,0.0,-0.6814571970765373,0.0,0.0,-0.33417389323451147,0.9425114371085845,0.4283077189659902,-0.00016379367668877906,0.0,0.0,0.0,-0.0036440414593903723
2026-09-16T13:11:03.111688,20.35,3.9064312478516143,-0.8970799949868061,0.0,-0.6815275086718948,0.0,0.0,-0.33420702776938976,0.9424996883763678,0.4283110264921004,-0.00015729957837769704,0.0,0.0,0.0,-0.0036620105264697886
2026-09-16T13:11:03.131924,20.37,3.913087749955674,-0.9024800547857473,0.0,-0.681605961515868,0.0,0.0,-0.33424399840275454,0.9424865779053511,0.42831429681768274,-0.0001509417361240001,0.0,0.0,0.0,-0.003689555517572792
2026-09-16T13:11:03.153415,20.39,3.9197438485084684,-0.9078806117087701,0.0,-0.6816778176244366,0.0,0.0,-0.3342778598959552,0.9424745685605422,0.42831752885577695,-0.00014469798913989749,0.0,0.0,0.0,-0.003844996315102328
2026-09-16T13:11:03.171476,20.41,3.926399543229756,-0.9132816659832452,0.0,-0.6817559969517717,0.0,0.0,-0.33431470065445745,0.9424615010313793,0.4283207200116209,-0.00013858659270712156,0.0,0.0,0.0,-0.0037491565479103486
2026-09-16T13:11:03.193022,20.43,3.9330548343985634,-0.9186832172072297,0.0,-0.6818288156248773,0.0,0.0,-0.33434901483083856,0.9424493282302491,0.4283238712919788,-0.00013258334523195332,0.0,0.0,0.0,-0.003569231863464929
2026-09-16T13:11:03.211426,20.45,3.939709722116592,-0.9240852651806374,0.0,-0.6819029673144619,0.0,0.0,-0.3343839567060475,0.9424369313103176,0.4283269829742923,-0.00012669781098485582,0.0,0.0,0.0,-0.0036512531688669757
2026-09-16T13:11:03.233370,20.47,3.9463642060608453,-0.929487810229427,0.0,-0.6819496423036608,0.0,0.0,-0.3344059507317811,0.9424291273698907,0.4283300555494031,-0.00012093180413877461,0.0,0.0,0.0,-0.0005691301662413278
2026-09-16T13:11:03.253465,20.49,3.95301865051393,-0.934890403743776,0.0,-0.681950770964754,0.0,0.0,-0.3344064825732723,0.9424289386542477,0.4283330895015387,-0.00011510493959496214,0.0,0.0,0.0,1.5831656332491832e-07
2026-09-16T13:11:03.274274,20.51,3.9596730626903156,-0.9402930367141805,0.0,-0.6819560196202152,0.0,0.0,-0.3344089558145187,0.9424280610587968,0.42833608532008016,-0.00010939137344461858,0.0,0.0,0.0,-0.0002300345047001422
2026-09-16T13:11:03.294805,20.53,3.966327449178669,-0.9456957010281224,0.0,-0.6819609701729715,0.0,0.0,-0.3344112885834118,0.9424272333013207,0.4283390434825506,-0.00010379552895677102,0.0,0.0,0.0,-0.0004840100582712767
2026-09-16T13:11:03.321297,20.55,3.9729818126108096,-0.9510983934461323,0.0,-0.6819676261500359,0.0,0.0,-0.33441442496858487,0.9424261203791684,0.4283419644622714,-9.831547544102582e-05,0.0,0.0,0.0,-7.949816814760565e-05
2026-09-16T13:11:03.338041,20.56,3.976310475095897,-0.9537997245023733,0.0,-0.6819670360057941,0.0,0.0,-0.3344141468848961,0.942426219055501,0.4285714276547858,-9.447559728049583e-05,0.0,0.0,0.0,-0.0004103579125468226
2026-09-16T13:11:03.358422,20.6,3.9896190180198037,-0.964605289561595,0.0,-0.6819755523726156,0.0,0.0,-0.3344181599055562,0.9424247950501843,0.4285714276774267,-8.406229073869349e-05,0.0,0.0,0.0,-0.0004781378800574176
2026-09-16T13:11:03.387198,20.61,3.992944759775329,-0.9673066452593737,0.0,-0.6819810320454144,0.0,0.0,-0.3344207419940581,0.9424238787956,0.4283505089488915,-8.250070486996316e-05,0.0,0.0,0.0,-0.00038497730474819586
2026-09-16T13:11:03.407121,20.63,3.999599028187814,-0.9727094535668657,0.0,-0.6819845717485307,0.0,0.0,-0.33442240994390465,0.9424232869190526,0.42835328581266896,-7.744381136871436e-05,0.0,0.0,0.0,0.00011247940728963303
2026-09-16T13:11:03.432941,20.65,4.006253272704452,-0.9781122910284523,0.0,-0.6819866305069411,0.0,0.0,-0.33442338005466155,0.9424229426710787,0.4283560277725079,-7.248066946221144e-05,0.0,0.0,0.0,-0.00021826830621801707
2026-09-16T13:11:03.447476,20.67,4.012907493379553,-0.9835151575806161,0.0,-0.6819922428277456,0.0,0.0,-0.33442602464328874,0.9424220042217215,0.4283587352670648,-6.763447783141559e-05,0.0,0.0,0.0,6.048820306922461e-05
2026-09-16T13:11:03.468926,20.7,4.02288997453592,-0.9916196958337248,0.0,-0.6819966752330116,0.0,0.0,-0.33442811324059457,0.9424212630635708,0.42857142773158535,-5.9839084507578196e-05,0.0,0.0,0.0,-0.0004462455358777583
2026-09-16T13:11:03.496504,20.71,4.026215864576058,-0.9943209762808234,0.0,-0.6820005938669347,0.0,0.0,-0.3344299597419183,0.9424206078110872,0.4283640485878113,-5.824553971401648e-05,0.0,0.0,0.0,-0.0004789324970821448
2026-09-16T13:11:03.512656,20.73,4.032870014827333,-0.9997239287677002,0.0,-0.6820005746650635,0.0,0.0,-0.3344299506937987,0.9424206110219276,0.4283666552641955,-5.370151392100288e-05,0.0,0.0,0.0,5.243770811085149e-05
2026-09-16T13:11:03.530441,20.75,4.039524141375333,-1.0051269101872176,0.0,-0.6820062855123696,0.0,0.0,-0.3344326417025392,0.9424196560788941,0.4283692291757873,-4.925148429662608e-05,0.0,0.0,0.0,-2.719882351516568e-05
2026-09-16T13:11:03.547453,20.77,4.04617824406852,-1.0105299207290321,0.0,-0.6820161803674392,0.0,0.0,-0.334437304251402,0.9424180014861002,0.42837177073442595,-4.489522091094395e-05,0.0,0.0,0.0,-0.00012227977637049056
2026-09-16T13:11:03.569195,20.79,4.052832323069007,-1.015932960196445,0.0,-0.6820205348175987,0.0,0.0,-0.3344393561067178,0.94241727333858,0.42837428034677394,-4.062080679066638e-05,0.0,0.0,0.0,-0.0005235412800643014
2026-09-16T13:11:03.587178,20.81,4.059486377842022,-1.0213360292509546,0.0,-0.6820203907465304,0.0,0.0,-0.3344392882191852,0.9424172974300953,0.4283767584143824,-3.644915232671603e-05,0.0,0.0,0.0,-0.00030323095502715776
2026-09-16T13:11:03.607058,20.83,4.066140408913458,-1.0267391272478563,0.0,-0.6820190266848648,0.0,0.0,-0.3344386454614533,0.9424175255277824,0.428379205333755,-3.237410918570832e-05,0.0,0.0,0.0,0.00018826679294160875
2026-09-16T13:11:03.627004,20.85,4.0727944168628465,-1.0321422534762714,0.0,-0.6820275140445262,0.0,0.0,-0.334442644776687,0.9424161062687622,0.42838162149641157,-2.8389956909100988e-05,0.0,0.0,0.0,-0.0004256959503558345
2026-09-16T13:11:03.649970,20.87,4.07944840159357,-1.0375454080579605,0.0,-0.6820334036759355,0.0,0.0,-0.3344454200169869,0.9424151213927232,0.42838400728895076,-2.4498446748369918e-05,0.0,0.0,0.0,-0.00032349988187003407
2026-09-16T13:11:03.673724,20.89,4.0861023622702675,-1.0429485920243629,0.0,-0.6820385605787694,0.0,0.0,-0.33444784998748034,0.9424142590383232,0.42838636309314737,-2.0686947620598196e-05,0.0,0.0,0.0,-0.00031510880641216554
2026-09-16T13:11:03.693647,20.91,4.092756298487449,-1.048351805877621,0.0,-0.6820437330700998,0.0,0.0,-0.33445028730115406,0.9424133940708692,0.428388689285871,-1.6958986107087113e-05,0.0,0.0,0.0,-0.0002477361245965496
2026-09-16T13:11:03.711499,20.93,4.099410210801909,-1.0537550489347576,0.0,-0.6820446642246539,0.0,0.0,-0.33445072606737963,0.942413238358313,0.4283909862393245,-1.3311139594087991e-05,0.0,0.0,0.0,-0.00010643842245541832
2026-09-16T13:11:03.740171,20.95,4.106064099357917,-1.0591583210207531,0.0,-0.6820531446328033,0.0,0.0,-0.3344547220888264,0.9424118202105096,0.4283932543211396,-9.751022156086185e-06,0.0,0.0,0.0,-0.002985104654389396
2026-09-16T13:11:03.755583,20.97,4.11271786259088,-1.064561747202917,0.0,-0.682101198494359,0.0,0.0,-0.33447736525585336,0.9424037840180304,0.42839549389411397,-6.334214071699176e-06,0.0,0.0,0.0,-0.002967519613895322
2026-09-16T13:11:03.771044,20.99,4.119371295919082,-1.0699655793825205,0.0,-0.6821632487313547,0.0,0.0,-0.3345066032839437,0.942393406364581,0.4283977053166267,-3.074792898654102e-06,0.0,0.0,0.0,-0.0028709041109154067
2026-09-16T13:11:03.814620,21.0,4.122698546871785,-1.0726682066424507,0.0,-0.6821874886301709,0.0,0.0,-0.3345180250197827,0.942389352092257,0.4285714278749824,-1.5039125467771107e-06,0.0,0.0,0.0,-0.0028514897077923356
2026-09-16T13:11:03.815846,21.03,4.13267725707254,-1.0807743578803737,0.0,-0.68227033140623,0.0,0.0,-0.33455705980782796,0.9423754950829003,0.42840204512117597,3.2536982300734128e-06,0.0,0.0,0.0,-0.0028084267153985504
2026-09-16T13:11:03.845158,21.05,4.139329781742848,-1.0861793080025928,0.0,-0.6823196336018943,0.0,0.0,-0.3345802902966982,0.9423672475977596,0.42840417419756815,6.292635414955355e-06,0.0,0.0,0.0,-0.0027599678303903423
2026-09-16T13:11:03.866853,21.07,4.144784294046369,-1.0906113864281008,0.0,-0.6823749790269438,0.0,0.0,-0.33460636802652316,0.9423579884927484,0.37669451382013674,9.274372055521215e-06,0.0,0.0,0.0,-0.0020234230445505385
2026-09-16T13:11:03.885419,21.09,4.150279379404051,-1.095076841520526,0.0,-0.682420358039936,0.0,0.0,-0.33462774957809294,0.9423503961968187,0.3611870169686427,1.2223200055323313e-05,0.0,0.0,0.0,-0.0022506395085057683
2026-09-16T13:11:03.905144,21.11,4.155764921938794,-1.0995349624056754,0.0,-0.6824664341726696,0.0,0.0,-0.33464945942025714,0.942342686770439,0.35514398628369204,1.5094702372795213e-05,0.0,0.0,0.0,-0.002000632849989805
2026-09-16T13:11:03.925880,21.13,4.161279825965011,-1.1040173700058848,0.0,-0.6825152272527054,0.0,0.0,-0.33467244922173306,0.942334522201074,0.3547327688343663,1.790048054827303e-05,0.0,0.0,0.0,-0.002420688838292527
2026-09-16T13:11:03.945478,21.15,4.16679259037085,-1.108498464627769,0.0,-0.6825579626472119,0.0,0.0,-0.334692584664111,0.9423273708063759,0.3546147049089242,2.0633292455436408e-05,0.0,0.0,0.0,-0.002469488362331009
2026-09-16T13:11:03.964446,21.17,4.172304566505835,-1.1129793448231058,0.0,-0.6826052697155248,0.0,0.0,-0.3347148739431323,0.942319453880282,0.3545845176480692,2.328915865191062e-05,0.0,0.0,0.0,-0.0024379534709152726
2026-09-16T13:11:03.988251,21.19,4.177816159973887,-1.117460339979171,0.0,-0.6826510641281915,0.0,0.0,-0.3347364503383554,0.9423117895977307,0.3545806276236122,2.588057592580289e-05,0.0,0.0,0.0,-0.0022948022998689047
2026-09-16T13:11:04.006143,21.2,4.1805739073540975,-1.11970297594737,0.0,-0.6826753880991605,0.0,0.0,-0.334747910695906,0.9423077184681901,0.35516017283489326,2.679323402463684e-05,0.0,0.0,0.0,-0.0024083713888007133
2026-09-16T13:11:04.024954,21.23,4.188838600208149,-1.1264230015276797,0.0,-0.6827452244607164,0.0,0.0,-0.33478081416308564,0.9422960291056636,0.3545907791942376,3.08780285525955e-05,0.0,0.0,0.0,-0.0021229430230521
2026-09-16T13:11:04.061612,21.25,4.194349494252474,-1.1309047066481064,0.0,-0.682791656333919,0.0,0.0,-0.3348026903577351,0.942288256601568,0.3545976181856861,3.3282829604169016e-05,0.0,0.0,0.0,-0.0028943781918445762
2026-09-16T13:11:04.081196,21.27,4.199860179124582,-1.1353866682687512,0.0,-0.6828460133818326,0.0,0.0,-0.3348283002380334,0.9422791568106075,0.3546046727539146,3.5608733398277284e-05,0.0,0.0,0.0,-0.002732579037885635
2026-09-16T13:11:04.100066,21.29,4.205370652596983,-1.1398688838977584,0.0,-0.6828866202640613,0.0,0.0,-0.3348474316783926,0.9422723584497129,0.354611519562245,3.789313458639265e-05,0.0,0.0,0.0,-0.0023384770502301107
2026-09-16T13:11:04.119914,21.31,4.210880917758869,-1.1443513563697623,0.0,-0.6829276291425592,0.0,0.0,-0.3348667523743307,0.9422654923928121,0.35461839790902905,4.011279648847681e-05,0.0,0.0,0.0,-0.0023523959803128922
2026-09-16T13:11:04.144116,21.33,4.216390973674222,-1.1488340849032144,0.0,-0.6829777476619476,0.0,0.0,-0.33489036474486045,0.9422571005840467,0.3546251790803624,4.226114879956521e-05,0.0,0.0,0.0,-0.0020896152185252365
2026-09-16T13:11:04.161700,21.35,4.221900820888811,-1.153317069386308,0.0,-0.6830262127772362,0.0,0.0,-0.33491319794603724,0.9422489850573247,0.3546318848572261,4.436431787309457e-05,0.0,0.0,0.0,-0.0022398992355825865
2026-09-16T13:11:04.181049,21.37,4.227410459100316,-1.1578003100608358,0.0,-0.6830713444848815,0.0,0.0,-0.3349344605136249,0.9422414272151522,0.35463850685558435,4.6410989180808605e-05,0.0,0.0,0.0,-0.0027686016698875763
2026-09-16T13:11:04.199520,21.39,4.232919888013804,-1.1622838072780595,0.0,-0.683114351634071,0.0,0.0,-0.33495472199500226,0.9422342247091489,0.35464504577131406,4.838699085916647e-05,0.0,0.0,0.0,-0.0023335652457808936
2026-09-16T13:11:04.220190,21.41,4.23842910803334,-1.1667675605267034,0.0,-0.6831651107976517,0.0,0.0,-0.33497863539769535,0.9422257233949294,0.3546515025415988,5.0309422473680384e-05,0.0,0.0,0.0,-0.0020826295614762747
2026-09-16T13:11:04.241045,21.43,4.2439381192745245,-1.1712515696490051,0.0,-0.6832121398087151,0.0,0.0,-0.3350007912770679,0.9422178462774616,0.35465787816691463,5.219163827015217e-05,0.0,0.0,0.0,-0.0026225256997804277
2026-09-16T13:11:04.274455,21.45,4.2494469213882065,-1.175735835057791,0.0,-0.683256095531859,0.0,0.0,-0.33502149912955526,0.942210483448887,0.3546641736574561,5.40099679046685e-05,0.0,0.0,0.0,-0.002084721717075044
2026-09-16T13:11:04.294890,21.47,4.254955514288763,-1.1802203568418184,0.0,-0.6833044995543638,0.0,0.0,-0.3350443024201583,0.9422023749788522,0.3546703900182104,5.5781363874081724e-05,0.0,0.0,0.0,-0.0022520468868429946
2026-09-16T13:11:04.315442,21.49,4.260463898312504,-1.184705134571315,0.0,-0.6833493344109405,0.0,0.0,-0.33506542409014395,0.9421948639104821,0.35467652824128926,5.750148352127959e-05,0.0,0.0,0.0,-0.0022060996307686678
2026-09-16T13:11:04.338909,21.5,4.263219480354891,-1.186949610499112,0.0,-0.6833723787933766,0.0,0.0,-0.3350762802172886,0.942191003160052,0.3551587282438798,5.761708132238529e-05,0.0,0.0,0.0,-0.0025752005394164444
2026-09-16T13:11:04.354492,21.53,4.2687261019772595,-1.1914327861634466,0.0,-0.683420801838369,0.0,0.0,-0.33509909199774457,0.9421828901770012,0.3546885185516356,6.082741151796844e-05,0.0,0.0,0.0,-0.002249380470362081
2026-09-16T13:11:04.403062,21.55,4.276987793160195,-1.1981610025150737,0.0,-0.6834912995522817,0.0,0.0,-0.335132302659483,0.942171077731721,0.3546944845677366,6.225567555005693e-05,0.0,0.0,0.0,-0.0023710969541345414
2026-09-16T13:11:04.420529,21.57,4.282495343994762,-1.2026468066372988,0.0,-0.6835347319192131,0.0,0.0,-0.33515276294043855,0.9421637997149913,0.35470031991588546,6.377830830554105e-05,0.0,0.0,0.0,-0.002302574424945728
2026-09-16T13:11:04.441360,21.58,4.285250376896134,-1.2048917682953946,0.0,-0.6835582222918631,0.0,0.0,-0.3351638288066976,0.9421598632183578,0.3551587283378149,6.372091024178232e-05,0.0,0.0,0.0,-0.0021349262172547737
2026-09-16T13:11:04.463516,21.61,4.293509813192227,-1.2116191783741213,0.0,-0.6836256329121584,0.0,0.0,-0.3351955844067089,0.9421485658823904,0.3547117715257371,6.666901504289333e-05,0.0,0.0,0.0,-0.0023064458841413195
2026-09-16T13:11:04.482248,21.63,4.299016734435118,-1.2161057480420498,0.0,-0.683670551901896,0.0,0.0,-0.335216744503047,0.9421410373212595,0.35471738960187116,6.804278914336208e-05,0.0,0.0,0.0,-0.0023694788437660843
2026-09-16T13:11:04.502653,21.65,4.30452344662212,-1.2205925737399452,0.0,-0.6837223503851654,0.0,0.0,-0.335241145128997,0.9421323551458143,0.3547229370612585,6.936713282560623e-05,0.0,0.0,0.0,-0.003771623529860964
2026-09-16T13:11:04.521633,21.67,4.31002991502269,-1.2250796980826215,0.0,-0.6837921531487502,0.0,0.0,-0.33527402664583655,0.9421206541928092,0.3547284147914857,7.062941195535686e-05,0.0,0.0,0.0,-0.0034361909928624147
2026-09-16T13:11:04.542415,21.69,4.315536069618865,-1.2295672069593766,0.0,-0.6838540670913069,0.0,0.0,-0.3353031916872123,0.9421102746729645,0.354733823669018,7.18399974941294e-05,0.0,0.0,0.0,-0.003272563448105642
2026-09-16T13:11:04.564682,21.71,4.3210419200283585,-1.2340550885098025,0.0,-0.6839256323100723,0.0,0.0,-0.3353369026364988,0.9420982760466975,0.3547391645593398,7.299993981764115e-05,0.0,0.0,0.0,-0.003297566560235876
2026-09-16T13:11:04.581386,21.73,4.326547465625468,-1.2385433434562956,0.0,-0.6839907000474978,0.0,0.0,-0.33536755256065176,0.9420873657413512,0.3547444383169497,7.412591113368591e-05,0.0,0.0,0.0,-0.0032742726145440094
2026-09-16T13:11:04.609774,21.75,4.332052706417261,-1.2430319717449299,0.0,-0.6840590598506733,0.0,0.0,-0.33539975281819434,0.942075902361107,0.3547496457856763,7.520640103604088e-05,0.0,0.0,0.0,-0.0033702505595298404
2026-09-16T13:11:04.625970,21.77,4.337557642129222,-1.2475209736671424,0.0,-0.6841282100612163,0.0,0.0,-0.33543232499121095,0.9420643053162511,0.3547547877988133,7.62462464400661e-05,0.0,0.0,0.0,-0.003480047387252931
2026-09-16T13:11:04.644987,21.79,4.343062272969582,-1.2520103489221943,0.0,-0.6841978976794421,0.0,0.0,-0.33546514989640813,0.9420526170044752,0.3547598651790739,7.724791355049955e-05,0.0,0.0,0.0,-0.0034778871677429435
2026-09-16T13:11:04.680919,21.81,4.348566598717348,-1.2565000977357148,0.0,-0.6842621275294731,0.0,0.0,-0.33549540367256464,0.9420418430805412,0.3547648787388651,7.821533479621934e-05,0.0,0.0,0.0,-0.00328880121082475
2026-09-16T13:11:04.698282,21.83,4.354070619426374,-1.2609902199961154,0.0,-0.6843305265269817,0.0,0.0,-0.3355276208351986,0.9420303687549947,0.35476982928038264,7.914172373281832e-05,0.0,0.0,0.0,-0.0033281690912911805
2026-09-16T13:11:04.736879,21.85,4.359574335192345,-1.2654807155405792,0.0,-0.6843970323094637,0.0,0.0,-0.3355589458830851,0.9420192109706854,0.3547747175957389,8.003188832428771e-05,0.0,0.0,0.0,-0.003524970378505029
2026-09-16T13:11:04.756915,21.87,4.3650777459815755,-1.2699715843648185,0.0,-0.6844658084213889,0.0,0.0,-0.33559133989401774,0.942007671193891,0.3547795444670898,8.087932903450472e-05,0.0,0.0,0.0,-0.0033495412232569712
2026-09-16T13:11:04.778343,21.89,4.3705808516251246,-1.274462826630208,0.0,-0.6845303606266211,0.0,0.0,-0.3356217440554725,0.9419968391227026,0.3547843106667599,8.169712025862768e-05,0.0,0.0,0.0,-0.003476420613787388
2026-09-16T13:11:04.807948,21.91,4.376083652040936,-1.2789544423914614,0.0,-0.6846022132040543,0.0,0.0,-0.3356555862892845,0.9419847808711119,0.35478901695736575,8.247082479271644e-05,0.0,0.0,0.0,-0.0029688135647213247
2026-09-16T13:11:04.829242,21.93,4.3815861472896795,-1.2834464315283873,0.0,-0.6846694718680855,0.0,0.0,-0.3356872644184262,0.9419734924652995,0.3547936640919385,8.322965843551024e-05,0.0,0.0,0.0,-0.0033240926088349667
2026-09-16T13:11:04.855841,21.95,4.387088337160502,-1.287938794253333,0.0,-0.6847383515886678,0.0,0.0,-0.3357197056548183,0.9419619308841745,0.35479825281407956,8.394645132809657e-05,0.0,0.0,0.0,-0.004721333003744981
2026-09-16T13:11:04.873473,21.96,4.389840122291366,-1.2901869619698547,0.0,-0.6847850381260764,0.0,0.0,-0.3357416940338099,0.9419540938322353,0.3551587287246232,8.321239983305232e-05,0.0,0.0,0.0,-0.004755077925207384
2026-09-16T13:11:04.886587,21.99,4.398091563648431,-1.2969249306826525,0.0,-0.6849309180539733,0.0,0.0,-0.3358103992382813,0.9419296023394881,0.35480725794853646,8.518842419582984e-05,0.0,0.0,0.0,-0.0049208544066978634
2026-09-16T13:11:04.910625,22.01,4.40359251790672,-1.301418805040928,0.0,-0.6850268815596509,0.0,0.0,-0.3358555942850754,0.9419134884836392,0.3548116758017207,8.575030319048029e-05,0.0,0.0,0.0,-0.004717314076881463
2026-09-16T13:11:04.928332,22.03,4.409093035298418,-1.3059132136773732,0.0,-0.685122984515953,0.0,0.0,-0.33590085423273414,0.9418973490384818,0.35481603812444046,8.6283748916441e-05,0.0,0.0,0.0,-0.005003332796739772
2026-09-16T13:11:04.958182,22.05,4.414593115970864,-1.310408156310729,0.0,-0.6852221172280029,0.0,0.0,-0.3359475402394318,0.9418806985001207,0.35482034561469006,8.678004274136852e-05,0.0,0.0,0.0,-0.004752645819745745
2026-09-16T13:11:04.980216,22.07,4.420092759856621,-1.3149036329230326,0.0,-0.6853165139731461,0.0,0.0,-0.33599199510134825,0.9418648412738505,0.35482459896161883,8.725734756457999e-05,0.0,0.0,0.0,-0.004927178188593279
2026-09-16T13:11:05.001283,22.09,4.42559196667726,-1.3193996437543298,0.0,-0.6854155242099971,0.0,0.0,-0.33603862182011995,0.941848206796209,0.3548287988458202,8.7697269499942e-05,0.0,0.0,0.0,-0.004571111269994026
2026-09-16T13:11:05.018829,22.11,4.431090736532633,-1.3238961885817628,0.0,-0.685515334014231,0.0,0.0,-0.3360856242442177,0.9418314356488503,0.3548329459392616,8.812119505978985e-05,0.0,0.0,0.0,-0.07757218683488608
2026-09-16T13:11:05.039363,22.12,4.433839778106559,-1.3261474371029631,0.0,-0.6862922970950129,0.0,0.0,-0.3364514830012549,0.941700801521511,0.35515872886165156,8.568149716768187e-05,0.0,0.0,0.0,-0.07785844638037843
2026-09-16T13:11:05.080888,22.15,4.440975862181963,-1.331999406976941,0.0,-0.6873519418844234,0.0,0.0,-0.3369503699287255,0.9415224098261789,0.28328319727724444,8.453980150751913e-05,0.0,0.0,0.0,-0.003559891170878935
2026-09-16T13:11:05.098024,22.17,4.445037121827029,-1.3353321440887758,0.0,-0.6872188736499059,0.0,0.0,-0.33688772582055054,0.941544826437625,0.26182529783891845,8.53321680764474e-05,0.0,0.0,0.0,-0.002779878692955704
2026-09-16T13:11:05.119953,22.19,4.448999589346064,-1.3385842455694963,0.0,-0.6872818276834756,0.0,0.0,-0.3369173626759565,0.9415342217505841,0.2553962195049683,8.58081488725565e-05,0.0,0.0,0.0,-0.057897346436786276
2026-09-16T13:11:05.140379,22.21,4.452930968250501,-1.3418139232439745,0.0,-0.6884362814899823,0.0,0.0,-0.33746078540000657,0.9413395871401621,0.253475683450262,8.54535407623737e-05,0.0,0.0,0.0,-0.05843642987057208
2026-09-16T13:11:05.160514,22.23,4.456849277075647,-1.3450414243495998,0.0,-0.6896089456624824,0.0,0.0,-0.33801266496534993,0.9411415612558093,0.2529076071578334,8.424837105775232e-05,0.0,0.0,0.0,-0.059200410024781415
2026-09-16T13:11:05.185499,22.25,4.46076113106741,-1.348271339736121,0.0,-0.6907926973511903,0.0,0.0,-0.33856964468325923,0.9409413348870649,0.2527451671750337,8.302791063954769e-05,0.0,0.0,0.0,-0.059112252382912775
2026-09-16T13:11:05.198632,22.27,4.4646683638810805,-1.3515052229438915,0.0,-0.6919734339331401,0.0,0.0,-0.3391250875771393,0.9407412901408111,0.252704317743521,8.180430213353276e-05,0.0,0.0,0.0,-0.05919589341517928
2026-09-16T13:11:05.219636,22.29,4.468571771921825,-1.3547437232015334,0.0,-0.6931571946521852,0.0,0.0,-0.3396818344361065,0.9405404038924227,0.2527154961067635,8.057829286624979e-05,0.0,0.0,0.0,-0.05862713404430069
2026-09-16T13:11:05.262880,22.31,4.4724709173445545,-1.357986476750482,0.0,-0.694338822661746,0.0,0.0,-0.3402374595615893,0.940339550966073,0.25270618944117385,7.936436557795136e-05,0.0,0.0,0.0,-0.05911824749907679
2026-09-16T13:11:05.281516,22.33,4.476366324697448,-1.361233918748208,0.0,-0.6955184177741391,0.0,0.0,-0.340792010320893,0.9401387162017338,0.2527156817411539,7.814364064773434e-05,0.0,0.0,0.0,-0.05884311885341199
2026-09-16T13:11:05.319369,22.35,4.480257883534455,-1.3644859574687642,0.0,-0.6967003526107387,0.0,0.0,-0.34134754212898777,0.939937155070752,0.25272602310284403,7.6924663577135e-05,0.0,0.0,0.0,-0.05929135709877702
2026-09-16T13:11:05.339043,22.37,4.484145592892174,-1.3677425921590853,0.0,-0.6978860996628358,0.0,0.0,-0.3419047459600712,0.9397346139682092,0.2527365249815625,7.570043436050187e-05,0.0,0.0,0.0,-0.05899289934651598
2026-09-16T13:11:05.364408,22.39,4.488029448716198,-1.3710038193723035,0.0,-0.69906691391088,0.0,0.0,-0.34245951234794036,0.9395325871955751,0.2527469820072239,7.448794107109523e-05,0.0,0.0,0.0,-0.059047049292552056
2026-09-16T13:11:05.381420,22.41,4.491909445919184,-1.3742696349790275,0.0,-0.7002490533702069,0.0,0.0,-0.3430147817665163,0.9393300056368205,0.25275733373796744,7.327459687834107e-05,0.0,0.0,0.0,-0.058877489664383297
2026-09-16T13:11:05.403745,22.43,4.495785579296531,-1.3775400345213626,0.0,-0.7014297507790284,0.0,0.0,-0.3435692542138358,0.9391273436328795,0.2527675666181034,7.206592089361547e-05,0.0,0.0,0.0,-0.05919301107780556
2026-09-16T13:11:05.419816,22.45,4.499657843400596,-1.3808150132881536,0.0,-0.7026120656779566,0.0,0.0,-0.3441243662736052,0.9389240760236099,0.2527776664260122,7.085274100212135e-05,0.0,0.0,0.0,-0.05903797509938013
2026-09-16T13:11:05.441483,22.47,4.503526232974947,-1.3840945667755618,0.0,-0.7037948839945587,0.0,0.0,-0.3446795943574528,0.9387203935323776,0.252787643677508,6.964469709114932e-05,0.0,0.0,0.0,-0.05881822684209201
2026-09-16T13:11:05.460714,22.49,4.5073907425866455,-1.3873786903757166,0.0,-0.7049758534931806,0.0,0.0,-0.34523383431138815,0.9385167018474722,0.2527974951188459,6.844362857297364e-05,0.0,0.0,0.0,-0.059380299789384146
2026-09-16T13:11:05.481185,22.51,4.511251366724436,-1.3906673796631615,0.0,-0.7061603210057346,0.0,0.0,-0.34578959500676276,0.9383120781408811,0.2528072230995664,6.723521243515515e-05,0.0,0.0,0.0,-0.05942577651246805
2026-09-16T13:11:05.500786,22.53,4.5151081001064375,-1.393960629917242,0.0,-0.7073442246820703,0.0,0.0,-0.3463449699502134,0.9381072229709063,0.2528168288228168,6.603267834842251e-05,0.0,0.0,0.0,-0.05939826888923777
2026-09-16T13:11:05.522019,22.55,4.518960937372121,-1.3972584365145841,0.0,-0.7085254235408137,0.0,0.0,-0.3468989551046883,0.9379025082316794,0.25282631381451504,6.483637845569292e-05,0.0,0.0,0.0,-0.05915792672527636
2026-09-16T13:11:05.541360,22.57,4.522809873152697,-1.4005607948410985,0.0,-0.7097062247752373,0.0,0.0,-0.34745263283247935,0.9376975354226854,0.2528356795807253,6.364548473935222e-05,0.0,0.0,0.0,-0.05906937430948069
2026-09-16T13:11:05.561070,22.59,4.526654902179288,-1.4038677001666064,0.0,-0.7108850125171179,0.0,0.0,-0.3480052456307167,0.9374925861112207,0.25284492762627586,6.245735907090815e-05,0.0,0.0,0.0,-0.059236925752180404
2026-09-16T13:11:05.586723,22.61,4.530496019009853,-1.4071791479624343,0.0,-0.7120662260838105,0.0,0.0,-0.34855887438425964,0.9372868883580832,0.2528540594281135,6.126529088284718e-05,0.0,0.0,0.0,-0.059110454395850526
2026-09-16T13:11:05.600265,22.63,4.534333218292877,-1.4104951335941882,0.0,-0.713251728671656,0.0,0.0,-0.34911439113378423,0.9370801149865934,0.2528630764471593,6.007749878136246e-05,0.0,0.0,0.0,-0.05903884214542963
2026-09-16T13:11:05.631136,22.65,4.538166494628366,-1.413815652483515,0.0,-0.7144355517909046,0.0,0.0,-0.34966899849601585,0.9368733059975577,0.25287198012618345,5.8899678507979985e-05,0.0,0.0,0.0,-0.0589150805430942
2026-09-16T13:11:05.646141,22.67,4.541995842550115,-1.4171407001278908,0.0,-0.7156140771602728,0.0,0.0,-0.35022100223569713,0.9366670964611834,0.2528807718898923,5.773003645519512e-05,0.0,0.0,0.0,-0.05900654238252118
2026-09-16T13:11:05.661612,22.69,4.5458212566302665,-1.420470271979496,0.0,-0.7167995368111155,0.0,0.0,-0.350776131206418,0.936459345500838,0.25288945314490646,5.6557498843210995e-05,0.0,0.0,0.0,-0.0592534000707986
2026-09-16T13:11:05.679697,22.71,4.5496427317491355,-1.4238043631361847,0.0,-0.7179807094273607,0.0,0.0,-0.35132913006784844,0.9362520186177271,0.25289802528027194,5.539043253951046e-05,0.0,0.0,0.0,-0.05889826893377051
2026-09-16T13:11:05.701174,22.73,4.553460262588656,-1.4271429689247017,0.0,-0.7191623967990511,0.0,0.0,-0.3518822473053821,0.9360442746106158,0.2529064896676465,5.423149195139918e-05,0.0,0.0,0.0,-0.05927638391777731
2026-09-16T13:11:05.728507,22.75,4.557273843687957,-1.43048608483467,0.0,-0.7203460985950674,0.0,0.0,-0.35243618428757056,0.9358358488564208,0.2529148476613403,5.30704939274739e-05,0.0,0.0,0.0,-0.05932045463364634
2026-09-16T13:11:05.748159,22.77,4.561083469884985,-1.4338337060140671,0.0,-0.721524106515298,0.0,0.0,-0.3529873341421163,0.9356281002274579,0.2529231005986759,5.1915743586559026e-05,0.0,0.0,0.0,-0.05932685750048935
2026-09-16T13:11:05.762862,22.79,4.564889135764904,-1.4371858278993703,0.0,-0.7227131328861671,0.0,0.0,-0.3535435149706316,0.935418079268415,0.252931249800166,5.0759291598493534e-05,0.0,0.0,0.0,-0.05936985668466897
2026-09-16T13:11:05.804102,22.81,4.568690836176935,-1.4405424456267732,0.0,-0.7238951078283904,0.0,0.0,-0.35409627356315365,0.9352089761377872,0.2529392965697612,4.961731403288657e-05,0.0,0.0,0.0,-0.058851699995725905
2026-09-16T13:11:05.820056,22.83,4.572488565735977,-1.4439035545987973,0.0,-0.7250755621320352,0.0,0.0,-0.35464819758352956,0.9349998160164278,0.25294724219487924,4.848752866844198e-05,0.0,0.0,0.0,-0.05891497752460134
2026-09-16T13:11:05.846357,22.85,4.57628231893941,-1.447269150349616,0.0,-0.7262553768763013,0.0,0.0,-0.3551996991288141,0.9347904437566742,0.25295508794700416,4.7358884096794833e-05,0.0,0.0,0.0,-0.05908887654541002
2026-09-16T13:11:05.867207,22.87,4.580072090788683,-1.4506392278442377,0.0,-0.7274384014319067,0.0,0.0,-0.3557525769813876,0.9345801752504179,0.25296283508139006,4.6229094433637255e-05,0.0,0.0,0.0,-0.05926377782627658
2026-09-16T13:11:05.882872,22.89,4.583857875998317,-1.4540137823722983,0.0,-0.7286183137277269,0.0,0.0,-0.35630387635997784,0.9343701342031719,0.2529704848376187,4.5103127415523877e-05,0.0,0.0,0.0,-0.05920836545678447
2026-09-16T13:11:05.920436,22.91,4.587639669187933,-1.4573928093294475,0.0,-0.7298015880907186,0.0,0.0,-0.35685662208106883,0.9341591680633923,0.25297803843979805,4.397980198458563e-05,0.0,0.0,0.0,-0.05885755770011996
2026-09-16T13:11:05.937203,22.93,4.591417465091986,-1.4607763039821438,0.0,-0.7309841526083068,0.0,0.0,-0.3574089114106892,0.9339480017882291,0.2529854970964366,4.2868605126321024e-05,0.0,0.0,0.0,-0.05919412123831278
2026-09-16T13:11:05.956433,22.95,4.5951912583689944,-1.4641642616815425,0.0,-0.7321667124545614,0.0,0.0,-0.35796107360400314,0.9337365098271939,0.2529928620009581,4.1758279229005656e-05,0.0,0.0,0.0,-0.058722825580418476
2026-09-16T13:11:05.976185,22.97,4.598961043773971,-1.4675566776707871,0.0,-0.7333481174422944,0.0,0.0,-0.35851257160532035,0.9335248984365334,0.2530001343318572,4.066088889930504e-05,0.0,0.0,0.0,-0.05897327439181041
2026-09-16T13:11:06.002006,22.99,4.602726816020213,-1.470953547239426,0.0,-0.7345243086030814,0.0,0.0,-0.35906151144369813,0.9333138973570291,0.25300731525270875,3.9563992101464505e-05,0.0,0.0,0.0,-0.05893137061467836
2026-09-16T13:11:06.016830,23.01,4.606488569845758,-1.4743548656491858,0.0,-0.7357142906847517,0.0,0.0,-0.3596167612616878,0.9331000937839703,0.2530144059124974,3.846427776459584e-05,0.0,0.0,0.0,-0.05878038901142238
2026-09-16T13:11:06.037744,23.03,4.610246300162921,-1.4777606279692745,0.0,-0.7368936065250816,0.0,0.0,-0.3601669085716737,0.9328878807069602,0.25302140744580165,3.7384205743057356e-05,0.0,0.0,0.0,-0.05900834606528325
2026-09-16T13:11:06.056069,23.05,4.61400000127566,-1.4811708299402921,0.0,-0.7380740035371707,0.0,0.0,-0.3607174348439713,0.9326751482695276,0.25302832097279565,3.630189309270565e-05,0.0,0.0,0.0,-0.058550696761180486
2026-09-16T13:11:06.076828,23.07,4.6177496903701085,-1.4845854421614852,0.0,-0.7392412830153395,0.0,0.0,-0.3612617196567017,0.9324644604008684,0.2530351475997872,3.522937236247859e-05,0.0,0.0,0.0,-0.058342423914392975
2026-09-16T13:11:06.098177,23.09,4.621495407413049,-1.488004410439485,0.0,-0.7404053657402478,0.0,0.0,-0.36180439131832715,0.9322540332027397,0.2530418884190362,3.4182414553933945e-05,0.0,0.0,0.0,-0.058302671124335334
2026-09-16T13:11:06.117168,23.11,4.625237140561159,-1.4914277376042708,0.0,-0.7415693452404066,0.0,0.0,-0.3623468923057373,0.9320433088845037,0.2530485445090731,3.3140899889595164e-05,0.0,0.0,0.0,-0.058435413556513285
2026-09-16T13:11:06.140975,23.13,4.628974885261195,-1.4948554184555758,0.0,-0.7427378490911288,0.0,0.0,-0.3628913785288821,0.9318314479504368,0.2530551169350141,3.210250837071557e-05,0.0,0.0,0.0,-0.05795432487936653
2026-09-16T13:11:06.158349,23.15,4.632708636570131,-1.4982874482211914,0.0,-0.7438989854846939,0.0,0.0,-0.3634323090439538,0.9316206077277274,0.2530616067483386,3.1083153104952646e-05,0.0,0.0,0.0,-0.058130421036974696
2026-09-16T13:11:06.178672,23.17,4.636438389266617,-1.5017238224318283,0.0,-0.7450620378401746,0.0,0.0,-0.3639740093330949,0.931409104813772,0.25306801498759346,3.0061852327966437e-05,0.0,0.0,0.0,-0.058017464290834694
2026-09-16T13:11:06.200848,23.19,4.640164138414688,-1.5051645363073334,0.0,-0.7462278138379038,0.0,0.0,-0.364516854659966,0.9311967905168087,0.2530743426780229,2.9045933356439416e-05,0.0,0.0,0.0,-0.05819682495097
2026-09-16T13:11:06.216718,23.21,4.643885879066963,-1.5086095850807593,0.0,-0.747390559352041,0.0,0.0,-0.36505816547264064,0.9309847129903639,0.25308059083212625,2.8035312792786784e-05,0.0,0.0,0.0,-0.058078163524307266
2026-09-16T13:11:06.238939,23.24,4.649462046498295,-1.5137876477372019,0.0,-0.7491368986669547,0.0,0.0,-0.3658709338075103,0.930665600414467,0.2535714266468164,2.5356636554840742e-05,0.0,0.0,0.0,-0.05797641914322882
2026-09-16T13:11:06.282596,23.25,4.651317314268042,-1.5155126691466598,0.0,-0.7497185799072613,0.0,0.0,-0.36614159368988036,0.930559150924988,0.25309285251770086,2.6032465228873282e-05,0.0,0.0,0.0,-0.05838821341752529
2026-09-16T13:11:06.299772,23.27,4.655026998771144,-1.5189706950674617,0.0,-0.7508844969532308,0.0,0.0,-0.3666840088324326,0.9303455474535128,0.25309886801117715,2.5032974831390456e-05,0.0,0.0,0.0,-0.05773257754886276
2026-09-16T13:11:06.321545,23.29,4.658732654576483,-1.5224330372634505,0.0,-0.7520463655529035,0.0,0.0,-0.3672244165661359,0.930132371158891,0.2531048078924366,2.4051549721596955e-05,0.0,0.0,0.0,-0.057998902401663
2026-09-16T13:11:06.347080,23.3,4.660585000246699,-1.5241681179055167,0.0,-0.7526296128931942,0.0,0.0,-0.36749564956290603,0.9300252402770248,0.25357142671813443,2.2418659544059295e-05,0.0,0.0,0.0,-0.058277093258279636
2026-09-16T13:11:06.361445,23.33,4.666131859784599,-1.5293706519709742,0.0,-0.754375321034324,0.0,0.0,-0.368307285783808,0.9297041159630113,0.2531164646082922,2.2089100839944256e-05,0.0,0.0,0.0,-0.05806127597246938
2026-09-16T13:11:06.391710,23.35,4.669825399190154,-1.5328459150583673,0.0,-0.7555421618088295,0.0,0.0,-0.3688496314063077,0.9294890797698653,0.25312218330802355,2.111739310965003e-05,0.0,0.0,0.0,-0.057801342067622316
2026-09-16T13:11:06.414118,23.37,4.673514889733069,-1.5363254757549991,0.0,-0.7566701280832745,0.0,0.0,-0.36937378888445344,0.9292809069840741,0.25312783012610685,2.01592851494317e-05,0.0,0.0,0.0,-0.05515033156101117
2026-09-16T13:11:06.430181,23.39,4.67720055748962,-1.539809084764339,0.0,-0.7577703950059642,0.0,0.0,-0.3698849614856865,0.9290775614913602,0.2531334059662056,1.9291123302925584e-05,0.0,0.0,0.0,-0.05469000350637185
2026-09-16T13:11:06.451853,23.41,4.6808824042756445,-1.5432967314084114,0.0,-0.7588650186015587,0.0,0.0,-0.37039340117121633,0.9288749799455353,0.25313891172034,1.843985097551417e-05,0.0,0.0,0.0,-0.05472207561510101
2026-09-16T13:11:06.475792,23.43,4.684560429058242,-1.5467884079330516,0.0,-0.7599611473005666,0.0,0.0,-0.37090242877901397,0.9286718410320346,0.25314434826956644,1.759197089188946e-05,0.0,0.0,0.0,-0.05483901879708615
2026-09-16T13:11:06.493551,23.45,4.688234628397559,-1.5502841091366422,0.0,-0.7610535700372432,0.0,0.0,-0.37140962454203263,0.928469111385805,0.2531497164837612,1.6748859444789495e-05,0.0,0.0,0.0,-0.05478652311423842
2026-09-16T13:11:06.511703,23.47,4.691904997867642,-1.5537838308580163,0.0,-0.7621465062418316,0.0,0.0,-0.37191694781357615,0.9282660092500606,0.25315501722179484,1.5907346153084646e-05,0.0,0.0,0.0,-0.05499107562173333
2026-09-16T13:11:06.534378,23.49,4.6955715330252685,-1.557287568953243,0.0,-0.7632450567224459,0.0,0.0,-0.37242676521895557,0.9280615844589974,0.25316025133181297,1.5064397130382353e-05,0.0,0.0,0.0,-0.054937425700383215
2026-09-16T13:11:06.553785,23.51,4.699234229563355,-1.5607953191356632,0.0,-0.7643399969061117,0.0,0.0,-0.37293479534191937,0.927857552872897,0.2531654196513721,1.4232423476989287e-05,0.0,0.0,0.0,-0.0545179374546373
2026-09-16T13:11:06.571688,23.53,4.702893082940749,-1.5643070773632637,0.0,-0.7654388586767785,0.0,0.0,-0.37344453262329547,0.9276525109402596,0.25317052300739445,1.3411304300634198e-05,0.0,0.0,0.0,-0.05479879273202463
2026-09-16T13:11:06.593289,23.55,4.706548088753086,-1.567822839450566,0.0,-0.766524467105067,0.0,0.0,-0.37394801127559096,0.927449667024055,0.25317556221647924,1.2596387236782056e-05,0.0,0.0,0.0,-0.054590240796610574
2026-09-16T13:11:06.616743,23.57,4.710199242705135,-1.5713426010985134,0.0,-0.7676221951058615,0.0,0.0,-0.37445699865820853,0.9272442807350642,0.2531805380848188,1.1775306765767419e-05,0.0,0.0,0.0,-0.054847332677005436
2026-09-16T13:11:06.632314,23.59,4.7138465405636385,-1.574866357944345,0.0,-0.7687201709027232,0.0,0.0,-0.3749659880932835,0.9270385686546313,0.2531854514086851,1.0959415508676924e-05,0.0,0.0,0.0,-0.05481674340932222
2026-09-16T13:11:06.657722,23.61,4.7174899779625665,-1.5783941057634077,0.0,-0.7698156089238292,0.0,0.0,-0.37547368847129564,0.9268330536109297,0.2531903029742001,1.0153532888264312e-05,0.0,0.0,0.0,-0.05468527398343288
2026-09-16T13:11:06.674553,23.63,4.721129550085238,-1.58192584079572,0.0,-0.7709091849206661,0.0,0.0,-0.37598041350727623,0.9266276105636491,0.25319509355763925,9.354924768428183e-06,0.0,0.0,0.0,-0.054842811214387874
2026-09-16T13:11:06.706771,23.65,4.724765252754322,-1.585461558620161,0.0,-0.7720029363812992,0.0,0.0,-0.37648710741046976,0.9264218574460004,0.25319982392552093,8.55668445681693e-06,0.0,0.0,0.0,-0.05479624247354037
2026-09-16T13:11:06.723463,23.67,4.728397081832179,-1.5890012547762098,0.0,-0.7730994530807371,0.0,0.0,-0.3769949693201263,0.9262153060208609,0.2532044948347642,7.762285058822475e-06,0.0,0.0,0.0,-0.054670610260889305
2026-09-16T13:11:06.745736,23.69,4.73202503300047,-1.592544924989865,0.0,-0.7741927087739278,0.0,0.0,-0.37750120804970194,0.9260090917053762,0.2532091070326317,6.977098686283658e-06,0.0,0.0,0.0,-0.04668936493745631
2026-09-16T13:11:06.766559,23.71,4.7351094402033995,-1.5955640577488057,0.0,-0.7751260249025711,0.0,0.0,-0.3779332965401263,0.9258328269003605,0.2152684146881456,6.4772432843226055e-06,0.0,0.0,0.0,-0.04415055610196482
2026-09-16T13:11:06.783171,23.73,4.738030259278688,-1.5984280740801504,0.0,-0.7760050814980239,0.0,0.0,-0.37834018974786615,0.9256666250986629,0.20389224013314883,6.220575445189842e-06,0.0,0.0,0.0,-0.043317317250553065
2026-09-16T13:11:06.813496,23.75,4.740900352642898,-1.601247235423887,0.0,-0.7768825472930062,0.0,0.0,-0.37874627372267833,0.9255005457271142,0.20048542054170782,6.0235576620913755e-06,0.0,0.0,0.0,-0.034249525151078146
2026-09-16T13:11:06.831578,23.77,4.743753740902868,-1.6040544514905142,0.0,-0.7775639032501039,0.0,0.0,-0.37906154939271625,0.925371461507212,0.19946933161011027,5.956333525131062e-06,0.0,0.0,0.0,-0.03371874852306991
2026-09-16T13:11:06.847204,23.79,4.746600946755616,-1.6068592716814265,0.0,-0.7782389894787025,0.0,0.0,-0.3793738805575301,0.9252434591774864,0.19917038700021664,5.998984219436508e-06,0.0,0.0,0.0,-0.033948365321439175
2026-09-16T13:11:06.865089,23.81,4.749444951627344,-1.6096647375473632,0.0,-0.7789151378660484,0.0,0.0,-0.37968665980787475,0.9251151497861978,0.19908651175180794,6.028888243863771e-06,0.0,0.0,0.0,-0.03359415062658558
2026-09-16T13:11:06.884668,23.83,4.752286670444367,-1.612471738877758,0.0,-0.7795866922251463,0.0,0.0,-0.37999727095365526,0.9249876075211896,0.19906708430612152,6.057277277394276e-06,0.0,0.0,0.0,-0.03414892720813918
2026-09-16T13:11:06.903436,23.85,4.755126491513978,-1.6152806606384953,0.0,-0.7802664965121955,0.0,0.0,-0.3803116542669305,0.9248583922032338,0.19907521773854903,6.066471868010921e-06,0.0,0.0,0.0,-0.033647803830972677
2026-09-16T13:11:06.923691,23.87,4.7579642018731825,-1.618091291651881,0.0,-0.7809453024722803,0.0,0.0,-0.3806255320504519,0.9247292600276636,0.19907246077783228,6.078860745332694e-06,0.0,0.0,0.0,-0.03389797369230444
2026-09-16T13:11:06.944935,23.89,4.760800059754361,-1.6209038875246247,0.0,-0.7816178472350636,0.0,0.0,-0.38093647143460446,0.9246012138922124,0.19907964503117762,6.084491034898783e-06,0.0,0.0,0.0,-0.033908341365690944
2026-09-16T13:11:06.967305,23.91,4.763634012302857,-1.6237183961849508,0.0,-0.7822927340014583,0.0,0.0,-0.38124845030216375,0.9244726167616857,0.1990872524855664,6.078812980549786e-06,0.0,0.0,0.0,-0.033811675940039816
2026-09-16T13:11:06.983693,23.93,4.766466060654223,-1.6265348183154924,0.0,-0.7829687662823198,0.0,0.0,-0.38156091518231117,0.9243436958216554,0.19909491836385734,6.066209985415481e-06,0.0,0.0,0.0,-0.033569396679836334
2026-09-16T13:11:07.006098,23.95,4.769296204223991,-1.6293531532465737,0.0,-0.7836494937550286,0.0,0.0,-0.38187550614878846,0.9242137727839845,0.19910253409923015,6.049940617449584e-06,0.0,0.0,0.0,-0.03388389378541882
2026-09-16T13:11:07.026438,23.97,4.772124441782127,-1.6321734000324148,0.0,-0.7843220822493882,0.0,0.0,-0.38218629232400186,0.9240852979891157,0.19911006797230058,6.029036856218471e-06,0.0,0.0,0.0,-0.03401452298340613
2026-09-16T13:11:07.045127,23.99,4.774950772039307,-1.634995557508937,0.0,-0.7850012401209026,0.0,0.0,-0.3825000701843241,0.9239554622972836,0.19911751130704844,5.9961794108757295e-06,0.0,0.0,0.0,-0.03355959843527506
2026-09-16T13:11:07.076119,24.01,4.77777519391429,-1.6378196242205194,0.0,-0.7856768463838386,0.0,0.0,-0.3828121634031651,0.9238261998615261,0.19912486233010246,5.966211755247155e-06,0.0,0.0,0.0,-0.03376218133219711
2026-09-16T13:11:07.084931,24.03,4.780597706147457,-1.6406455988656077,0.0,-0.7863459753670319,0.0,0.0,-0.3831212214155462,0.9236980728035866,0.19913212132831862,5.927399443331356e-06,0.0,0.0,0.0,-0.03368770556555924
2026-09-16T13:11:07.112959,24.05,4.783418307346355,-1.6434734802676227,0.0,-0.7870254994165048,0.0,0.0,-0.3834350368235508,0.923567849449147,0.19913928919636328,5.875402521196011e-06,0.0,0.0,0.0,-0.034135712270918044
2026-09-16T13:11:07.127186,24.07,4.786236996395182,-1.6463032669714892,0.0,-0.7876999681583456,0.0,0.0,-0.38374647383689636,0.9234384894608564,0.19914636700112165,5.8167550704937234e-06,0.0,0.0,0.0,-0.033799414122397044
2026-09-16T13:11:07.146751,24.09,4.789053771896125,-1.6491349578027201,0.0,-0.7883809657946053,0.0,0.0,-0.38406088129942123,0.9233077707111058,0.19915335585105445,5.754784907892844e-06,0.0,0.0,0.0,-0.033981274272254135
2026-09-16T13:11:07.165884,24.11,4.791868632415081,-1.651968551622138,0.0,-0.7890548831259602,0.0,0.0,-0.3843719760446068,0.9231783056547441,0.19916025685719232,5.691055577205079e-06,0.0,0.0,0.0,-0.03385003946306906
2026-09-16T13:11:07.184181,24.13,4.794681576774489,-1.654804047035179,0.0,-0.7897284841941534,0.0,0.0,-0.3846828811845991,0.9230487966101877,0.19916707112158707,5.621123926096188e-06,0.0,0.0,0.0,-0.03388491975039278
2026-09-16T13:11:07.203818,24.15,4.797492603696984,-1.6576414427465376,0.0,-0.7904027111409553,0.0,0.0,-0.38499403150591116,0.9229190623802422,0.1991737997339128,5.54275338000193e-06,0.0,0.0,0.0,-0.033694374938700415
2026-09-16T13:11:07.225576,24.17,4.800301712079062,-1.660480737288704,0.0,-0.7910801594139666,0.0,0.0,-0.3853066243764423,0.9227886026667381,0.19918044377053232,5.4596627154658825e-06,0.0,0.0,0.0,-0.033883172161330403
2026-09-16T13:11:07.247257,24.19,4.803108900501812,-1.6633219295065644,0.0,-0.7917581382507661,0.0,0.0,-0.3856194178036462,0.9226579347801529,0.1991870042945617,5.371237678092427e-06,0.0,0.0,0.0,-0.0337759678166486
2026-09-16T13:11:07.267836,24.21,4.805914167648687,-1.666165018143273,0.0,-0.7924350201335223,0.0,0.0,-0.3859316609328402,0.9225273725422023,0.19919348235564754,5.281655274568025e-06,0.0,0.0,0.0,-0.03358141294414564
2026-09-16T13:11:07.284779,24.23,4.808717512249654,-1.6690100018959189,0.0,-0.7931037217825899,0.0,0.0,-0.38624008714301644,0.9223982844106742,0.1991998789903132,5.190736496163301e-06,0.0,0.0,0.0,-0.03363713781969179
2026-09-16T13:11:07.315745,24.25,4.811518932939326,-1.6718568795553774,0.0,-0.7937875323165566,0.0,0.0,-0.38655543739298776,0.9222661729793172,0.19920619522205343,5.085983413790745e-06,0.0,0.0,0.0,-0.03363922057331667
2026-09-16T13:11:07.327017,24.26,4.81292037498584,-1.6732830563478842,0.0,-0.7941219008996372,0.0,0.0,-0.3867096204067848,0.9222015340937362,0.19970237898222998,4.585896106558584e-06,0.0,0.0,0.0,-0.03378437871944194
2026-09-16T13:11:07.346977,24.29,4.81711599805756,-1.677556310838305,0.0,-0.7951374856086506,0.0,0.0,-0.38717785741785576,0.9220050470172702,0.1992185905065745,4.879029720568664e-06,0.0,0.0,0.0,-0.03372825652755836
2026-09-16T13:11:07.367661,24.31,4.819911639506485,-1.6804088622870037,0.0,-0.795808595677632,0.0,0.0,-0.3874872190498347,0.9218750756328242,0.1992246715426653,4.767159023125159e-06,0.0,0.0,0.0,-0.03376907961324363
2026-09-16T13:11:07.385593,24.33,4.8227053520042364,-1.6832633023895718,0.0,-0.7964921775540611,0.0,0.0,-0.3878022849573863,0.9217425821680532,0.19923067614276793,4.645022582977025e-06,0.0,0.0,0.0,-0.03379877186898112
2026-09-16T13:11:07.409650,24.36,4.826893646439028,-1.6875504218608746,0.0,-0.7975013646843845,0.0,0.0,-0.38826734094327314,0.9215467822942252,0.19970237910234137,4.024243552412834e-06,0.0,0.0,0.0,-0.03362021263313338
2026-09-16T13:11:07.427527,24.37,4.8282869853625145,-1.6889778430529423,0.0,-0.7978391301165688,0.0,0.0,-0.3884229687291746,0.9214811975095394,0.19924245986600178,4.407531146487185e-06,0.0,0.0,0.0,-0.03352595708213285
2026-09-16T13:11:07.449164,24.39,4.831074903510475,-1.691837941175418,0.0,-0.7985180603582056,0.0,0.0,-0.3887357570689464,0.9213492883678985,0.1992482408745541,4.279764560452101e-06,0.0,0.0,0.0,-0.033381527890972436
2026-09-16T13:11:07.504469,24.41,4.8338608879765355,-1.6946999223974508,0.0,-0.7991921456333452,0.0,0.0,-0.3890462689775902,0.9212182155139013,0.19925394921840558,4.15374452561002e-06,0.0,0.0,0.0,-0.034007559750884514
2026-09-16T13:11:07.530231,24.43,4.836644937111271,-1.6975637857851889,0.0,-0.7998686922480455,0.0,0.0,-0.3893578702451457,0.9210865588413307,0.1992595858108136,4.0146031719292166e-06,0.0,0.0,0.0,-0.033704372365948816
2026-09-16T13:11:07.595940,24.45,4.839427049781525,-1.7004295299016576,0.0,-0.8005390744711961,0.0,0.0,-0.38966658839410134,0.9209559978029905,0.19926515155369803,3.876352159273775e-06,0.0,0.0,0.0,-0.033662423736524526
2026-09-16T13:11:07.610719,24.47,4.842207224736309,-1.7032971534247412,0.0,-0.8012192032690986,0.0,0.0,-0.38997975020465714,0.9208234328199479,0.19927064733760663,3.728812972081257e-06,0.0,0.0,0.0,-0.03388013024977035
2026-09-16T13:11:07.634992,24.48,4.843597810469614,-1.7047334690968883,0.0,-0.8015564485149347,0.0,0.0,-0.39013501632214587,0.9207576603207377,0.1997023792367983,3.2172694515954357e-06,0.0,0.0,0.0,-0.033544508598085415
2026-09-16T13:11:07.691656,24.51,4.847761756354027,-1.7090380335389834,0.0,-0.802568113427962,0.0,0.0,-0.39060071550022346,0.9205601995799696,0.19928143253485947,3.4259074711506725e-06,0.0,0.0,0.0,-0.033958941297510974
2026-09-16T13:11:07.710312,24.53,4.850536110444147,-1.7119112875539473,0.0,-0.8032447746800466,0.0,0.0,-0.39091214684734976,0.9204279947107193,0.19928672367389133,3.26728195740484e-06,0.0,0.0,0.0,-0.03386604859558929
2026-09-16T13:11:07.730563,24.55,4.8533085217087475,-1.7147864157888293,0.0,-0.8039190219894994,0.0,0.0,-0.3912224226769178,0.9202961566771878,0.19929194830559882,3.107803942703393e-06,0.0,0.0,0.0,-0.033792351444269286
2026-09-16T13:11:07.752297,24.57,4.856078988797628,-1.7176634170166907,0.0,-0.8046000518486656,0.0,0.0,-0.3915357745706471,0.9201628862496919,0.19929710726595012,2.9444636321005802e-06,0.0,0.0,0.0,-0.0338162121809546
2026-09-16T13:11:07.769229,24.59,4.858847510385184,-1.7205422899865197,0.0,-0.8052718009287076,0.0,0.0,-0.3918448117660905,0.9200313274514065,0.1993022013803701,2.784128590773451e-06,0.0,0.0,0.0,-0.03361572635140428
2026-09-16T13:11:07.791854,24.61,4.861614085176412,-1.7234230334175995,0.0,-0.8059473697974022,0.0,0.0,-0.3921555616672877,0.9198989158888133,0.19930723146405072,2.6185426985117596e-06,0.0,0.0,0.0,-0.033774759654723194
2026-09-16T13:11:07.811297,24.63,4.864378711862995,-1.7263056460417625,0.0,-0.8066282505609186,0.0,0.0,-0.3924687096739958,0.9197653569942873,0.19931219832172428,2.448070543345068e-06,0.0,0.0,0.0,-0.033533172139053685
2026-09-16T13:11:07.828778,24.65,4.867141389318332,-1.7291901264164962,0.0,-0.8073010155924054,0.0,0.0,-0.392778080448296,0.9196332853476715,0.19931710274814962,2.2838377655090674e-06,0.0,0.0,0.0,-0.027611852528006207
2026-09-16T13:11:07.850285,24.67,4.869902253029287,-1.7320763424087724,0.0,-0.8078483752515708,0.0,0.0,-0.39302975081630004,0.9195257554703278,0.19932194552806076,2.1829340247711486e-06,0.0,0.0,0.0,-0.027513448428513804
2026-09-16T13:11:07.869045,24.69,4.872661577869397,-1.7349640291630182,0.0,-0.808399148694768,0.0,0.0,-0.3932829610930591,0.9194174854297015,0.1993267274363273,2.15077922508086e-06,0.0,0.0,0.0,-0.02742444527778463
2026-09-16T13:11:07.891124,24.71,4.875419325867148,-1.7378532214261877,0.0,-0.8089426023499079,0.0,0.0,-0.3935327769673969,0.9193105859568511,0.1993314492380795,2.1209961612794582e-06,0.0,0.0,0.0,-0.027195232762653274
2026-09-16T13:11:07.909523,24.73,4.878175500945341,-1.7407439138193506,0.0,-0.8094872003681676,0.0,0.0,-0.39378308973635395,0.919203393291001,0.1993361116888302,2.0896372668469044e-06,0.0,0.0,0.0,-0.02701843222112948
2026-09-16T13:11:07.929522,24.75,4.880930101624191,-1.7436361061247392,0.0,-0.810032345662929,0.0,0.0,-0.39403362480741794,0.9190960246465693,0.1993407155345957,2.0560751401838275e-06,0.0,0.0,0.0,-0.026965192729683642
2026-09-16T13:11:07.949525,24.77,4.883683127333819,-1.7465297972555187,0.0,-0.8105769828342684,0.0,0.0,-0.39428389712359396,0.9189886878895905,0.19934526151201534,2.019781530583836e-06,0.0,0.0,0.0,-0.027075383962119996
2026-09-16T13:11:07.973407,24.79,4.886434577158033,-1.7494249864547475,0.0,-0.8111204228241438,0.0,0.0,-0.3945335901668062,0.9188815191471045,0.1993497503484333,1.9782148971777847e-06,0.0,0.0,0.0,-0.027133615225028145
2026-09-16T13:11:07.992847,24.81,4.889184450315919,-1.7523216728365831,0.0,-0.8116659487608752,0.0,0.0,-0.3947842123378596,0.9187738708130395,0.19935418276215838,1.9307168460652765e-06,0.0,0.0,0.0,-0.027082813743592546
2026-09-16T13:11:08.012140,24.83,4.891932746058911,-1.755219855484546,0.0,-0.8122110362614431,0.0,0.0,-0.3950346037488694,0.9186662407212827,0.199358559462364,1.8811804161726499e-06,0.0,0.0,0.0,-0.02732944287097437
2026-09-16T13:11:08.032973,24.85,4.894679463499645,-1.7581195336138142,0.0,-0.8127524020413731,0.0,0.0,-0.3952832565068444,0.9185592779594272,0.19936288114934497,1.8256525328051183e-06,0.0,0.0,0.0,-0.027133319542418547
2026-09-16T13:11:08.051747,24.87,4.899043958656739,-1.7626905969014954,0.0,-0.8063175742484039,0.0,0.0,-0.39232583028470175,0.9198263112628489,0.3162154382495794,5.58482220212979e-06,0.0,0.0,0.0,0.10831241463088243
2026-09-16T13:11:08.070163,24.89,4.903954448585968,-1.7676993166954145,0.0,-0.7928583922616333,0.0,0.0,-0.38612693847286883,0.922445655518833,0.35126519996255134,3.1312422652500205e-05,0.0,0.0,0.0,0.3063072448523934
2026-09-16T13:11:08.088644,24.91,4.909076954700602,-1.7727909777559447,0.0,-0.7781731390393334,0.0,0.0,-0.37934341650774644,0.9252559496443297,0.36177396748288265,6.004489581504359e-05,0.0,0.0,0.0,0.5191379689831279
2026-09-16T13:11:08.113488,24.93,4.914309753278286,-1.7778594336990305,0.0,-0.7631877469567416,0.0,0.0,-0.37240017157007677,0.9280722559233077,0.3649205140616469,8.933992250053173e-05,0.0,0.0,0.0,0.6470034242867854
2026-09-16T13:11:08.132848,24.95,4.919621257513641,-1.7828726897822587,0.0,-0.7500802147134559,0.0,0.0,-0.3663098489925747,0.9304929309409272,0.36585847096030666,0.00011656342166983962,0.0,0.0,0.0,0.6471671402343423
2026-09-16T13:11:08.148900,24.97,4.9249972213905595,-1.7878167124214168,0.0,-0.7371096581700147,0.0,0.0,-0.36026768245056223,0.9328489679373081,0.3658499849704273,0.00014306036949270927,0.0,0.0,0.0,0.6507784985524171
2026-09-16T13:11:08.176418,24.99,4.930444565497454,-1.7926972261484981,0.0,-0.7241003899066288,0.0,0.0,-0.354192262518855,0.9351726264020854,0.3662107275317807,0.00016929051540275642,0.0,0.0,0.0,0.6505593055989428
2026-09-16T13:11:08.211099,25.01,4.935953197920481,-1.797504918379933,0.0,-0.711097914507755,0.0,0.0,-0.34810504067765813,0.9374555352947712,0.3662279781310129,0.00019508862205861848,0.0,0.0,0.0,0.6502393793827329
2026-09-16T13:11:08.233154,25.03,4.941524014585801,-1.8022406460258646,0.0,-0.6980841716084565,0.0,0.0,-0.3419978118148749,0.9397007484906231,0.36622744212008196,0.00022046926325740865,0.0,0.0,0.0,0.6504446492038328
2026-09-16T13:11:08.260922,25.05,4.947155991860848,-1.8069035391097996,0.0,-0.6850771915086383,0.0,0.0,-0.33587928798859096,0.9419050397467237,0.3662216420814951,0.00024542169222542976,0.0,0.0,0.0,0.6502635981167882
2026-09-16T13:11:08.270843,25.07,4.952848152856779,-1.8114927877358014,0.0,-0.6720687055748309,0.0,0.0,-0.3297458472632494,0.9440697411805136,0.3662143337173799,0.00026995758807727257,0.0,0.0,0.0,0.6502437569213915
2026-09-16T13:11:08.296078,25.09,4.9585995271330185,-1.816007609363308,0.0,-0.6590607189989317,0.0,0.0,-0.32359869287563886,0.9461944229222543,0.3662066428474095,0.0002940823277050905,0.0,0.0,0.0,0.6504499524888642
2026-09-16T13:11:08.334642,25.11,4.9644091387054585,-1.820447237172514,0.0,-0.6460513734321989,0.0,0.0,-0.31743720533609227,0.9482792946534325,0.36619884423963184,0.00031780743333400564,0.0,0.0,0.0,0.6503869571166256
2026-09-16T13:11:08.353647,25.13,4.970276006248829,-1.8248109215695658,0.0,-0.6330419361940756,0.0,0.0,-0.3112622432731829,0.9503240583677475,0.36619122438400326,0.00034112925614171983,0.0,0.0,0.0,0.6505162100259906
2026-09-16T13:11:08.374353,25.15,4.9761991349004,-1.829097922495889,0.0,-0.6200341876691252,0.0,0.0,-0.3050749154313658,0.9523283551247149,0.3661836205878232,0.0003640570043428576,0.0,0.0,0.0,0.6419523388599023
2026-09-16T13:11:08.394046,25.17,4.982177248990715,-1.8333079041227338,0.0,-0.6071979440382638,0.0,0.0,-0.2989565146568399,0.9542667354279069,0.3661761196333947,0.00038641258591834177,0.0,0.0,0.0,0.6417138833170097
2026-09-16T13:11:08.413958,25.19,4.988208812755468,-1.837440937328015,0.0,-0.5943633517558551,0.0,0.0,-0.2928265887032071,0.9561655656571423,0.36616870629087317,0.0004081944784920648,0.0,0.0,0.0,0.6416408795011439
2026-09-16T13:11:08.434411,25.21,4.994292935502369,-1.841496198318616,0.0,-0.5815247958319684,0.0,0.0,-0.28668270506281296,0.958025587663434,0.36616138578512397,0.00042960988934770015,0.0,0.0,0.0,0.6420604077944176
2026-09-16T13:11:08.454921,25.23,5.000428619195164,-1.8454730115936933,0.0,-0.5686842920593458,0.0,0.0,-0.2805260732739463,0.9598464055324167,0.36615415719123634,0.00045066974338517845,0.0,0.0,0.0,0.641623159533632
2026-09-16T13:11:08.473662,25.25,5.006614851283691,-1.849370723468997,0.0,-0.5558453405536206,0.0,0.0,-0.27435862469396,0.9616274460808816,0.3661470194129473,0.000471353932314502,0.0,0.0,0.0,0.641539273509434
2026-09-16T13:11:08.496439,25.27,5.012850611977296,-1.8531886917278315,0.0,-0.5430056650184957,0.0,0.0,-0.2681795211710003,0.9633689555017294,0.36613997137106313,0.0004916783435064151,0.0,0.0,0.0,0.6417874912807063
2026-09-16T13:11:08.517092,25.29,5.01913487346699,-1.8569262870659329,0.0,-0.5301619868430375,0.0,0.0,-0.2619874334341137,0.9650712847881269,0.3661330119026063,0.0005116533478715967,0.0,0.0,0.0,0.6420925410212741
2026-09-16T13:11:08.544243,25.31,5.025466599940694,-1.8605828934369368,0.0,-0.5173241540216326,0.0,0.0,-0.25578736681769754,0.9667330670751201,0.36612613991326143,0.0005312762675754661,0.0,0.0,0.0,0.6415925080771692
2026-09-16T13:11:08.564848,25.33,5.031844747745723,-1.8641579081715485,0.0,-0.5044891525749607,0.0,0.0,-0.24957813204929927,0.9683546643677524,0.3661193543003635,0.0005505470244601951,0.0,0.0,0.0,0.6422288698208898
2026-09-16T13:11:08.587260,25.35,5.038268265810429,-1.8676507416223254,0.0,-0.49164310994579463,0.0,0.0,-0.24335326398563478,0.9699377242418906,0.36611265397960724,0.000569500937124936,0.0,0.0,0.0,0.6419109141328737
2026-09-16T13:11:08.605271,25.37,5.044736095241454,-1.8710608182904973,0.0,-0.4788046625674873,0.0,0.0,-0.23712204568658982,0.9714798687823679,0.366106037878946,0.0005880981251992856,0.0,0.0,0.0,0.6420566569480589
2026-09-16T13:11:08.626157,25.39,5.051247170028509,-1.874387575979185,0.0,-0.4659716733194648,0.0,0.0,-0.23088371179781483,0.9729813521473387,0.36609950493983834,0.0006063696437249748,0.0,0.0,0.0,0.6421836639651803
2026-09-16T13:11:08.643272,25.41,5.057800417094296,-1.8776304660802303,0.0,-0.4531325905398279,0.0,0.0,-0.22463290323527363,0.9744434610505076,0.36609305411690735,0.0006243312731477995,0.0,0.0,0.0,0.6421255630981805
2026-09-16T13:11:08.665709,25.43,5.0643947561839,-1.880788954246481,0.0,-0.44029145139408016,0.0,0.0,-0.21837183409924948,0.9758656373047111,0.36608668437802516,0.0006419701394426468,0.0,0.0,0.0,0.6420029022685819
2026-09-16T13:11:08.685007,25.45,5.071029100245415,-1.883862520113682,0.0,-0.427453929571604,0.0,0.0,-0.21210353040606283,0.9772472012696094,0.36608039470403675,0.0006592848218708421,0.0,0.0,0.0,0.640233249539017
2026-09-16T13:11:08.705903,25.47,5.077702318381628,-1.886850740556731,0.0,-0.41464799961639903,0.0,0.0,-0.20584194566650954,0.9785852509639749,0.3660741840884923,0.0006762519525996717,0.0,0.0,0.0,0.6403867296288895
2026-09-16T13:11:08.725087,25.49,5.084413240744842,-1.889753289636569,0.0,-0.40183725994705183,0.0,0.0,-0.19956956537625653,0.9798836607350548,0.3660680515376579,0.0006928789056972605,0.0,0.0,0.0,0.6402579948701672
2026-09-16T13:11:08.752679,25.51,5.091160780724984,-1.89256966122029,0.0,-0.38903265815818816,0.0,0.0,-0.1932920080865043,0.9811412740323825,0.36606199607036644,0.0007091907374219431,0.0,0.0,0.0,0.6406088982137814
2026-09-16T13:11:08.768507,25.53,5.097943832362415,-1.8952993920189782,0.0,-0.37622376454279527,0.0,0.0,-0.18700441983247754,0.9823590723167972,0.3660560167177095,0.000725215919797195,0.0,0.0,0.0,0.6402992719278673
2026-09-16T13:11:08.812606,25.55,5.104761283092748,-1.8979420347819285,0.0,-0.36342148920786427,0.0,0.0,-0.18071241591527132,0.9835359793795375,0.36605011252288994,0.0007409346294264039,0.0,0.0,0.0,0.640251559709493
2026-09-16T13:11:08.830262,25.57,5.111612015032272,-1.9004971557421322,0.0,-0.3506087826781808,0.0,0.0,-0.1744078717528671,0.9846734962771342,0.3660442825412756,0.0007563711256908238,0.0,0.0,0.0,0.6404335756168033
2026-09-16T13:11:08.850970,25.59,5.1184949046094745,-1.902964336064941,0.0,-0.3378049348190273,0.0,0.0,-0.16810053598515384,0.9857698564074193,0.3660385258400052,0.000771511854802514,0.0,0.0,0.0,0.6400676877192841
2026-09-16T13:11:08.873975,25.61,5.125408823045653,-1.9053431711727515,0.0,-0.3249945992504811,0.0,0.0,-0.16178310958229422,0.9868263400689522,0.36603284149793985,0.000786368189591891,0.0,0.0,0.0,0.6399454242372202
2026-09-16T13:11:08.892157,25.63,5.1323526364322145,-1.907633271095846,0.0,-0.31219419897747525,0.0,0.0,-0.15546395311093722,0.9878415658814527,0.36602722860562764,0.0008009353232805399,0.0,0.0,0.0,0.6404103764777949
2026-09-16T13:11:08.924998,25.65,5.139325206215332,-1.9098342596255968,0.0,-0.2993831977748638,0.0,0.0,-0.14913318727129896,0.9888171178000024,0.3660216862649379,0.0008152515279006604,0.0,0.0,0.0,0.6404289775506986
2026-09-16T13:11:08.947160,25.67,5.146325388762096,-1.9119457762549081,0.0,-0.2865797963972807,0.0,0.0,-0.14280006342294882,0.9897515556372729,0.3660162135890703,0.0008292878408510275,0.0,0.0,0.0,0.6402407529250647
2026-09-16T13:11:08.965886,25.69,5.153352036131256,-1.9139674744661346,0.0,-0.27377427559270645,0.0,0.0,-0.13646003759457548,0.9906455764498658,0.3660108097023668,0.0008430602016865675,0.0,0.0,0.0,0.6403434768285498
2026-09-16T13:11:08.986314,25.71,5.160403995935748,-1.9158990228062214,0.0,-0.26096789688427435,0.0,0.0,-0.13011399225415668,0.9914990413609512,0.36600547374017756,0.0008565739870224213,0.0,0.0,0.0,0.6404075344995058
2026-09-16T13:11:09.006408,25.73,5.167480111640402,-1.9177401046079863,0.0,-0.24815820515580714,0.0,0.0,-0.1237609683750834,0.9923120591360671,0.3660002048523675,0.0008698302281647863,0.0,0.0,0.0,0.6404609078714941
2026-09-16T13:11:09.026825,25.75,5.174579222711233,-1.9194904182013734,0.0,-0.23534848779686926,0.0,0.0,-0.11740285485805556,0.9930843718794382,0.3659950021884153,0.0008828251523918844,0.0,0.0,0.0,0.643664698163688
2026-09-16T13:11:09.044764,25.77,5.181700205715947,-1.9211495009991741,0.0,-0.22247580564666608,0.0,0.0,-0.11100863747054428,0.9938194415521027,0.3659898649196874,0.0008956302158196243,0.0,0.0,0.0,0.6436700833308583
2026-09-16T13:11:09.065336,25.79,5.188841966015022,-1.9227167294403875,0.0,-0.2096058364748386,0.0,0.0,-0.10461117044759217,0.9945131990162749,0.3659847922242353,0.0009082549614545318,0.0,0.0,0.0,0.6433789832916635
2026-09-16T13:11:09.088933,25.81,5.196003305689002,-1.9241919040510818,0.0,-0.1967322250092183,0.0,0.0,-0.09820755924962124,0.9951659536510642,0.3659797832903299,0.0009206309995451926,0.0,0.0,0.0,0.6435956779227977
2026-09-16T13:11:09.104273,25.83,5.2031830377797155,-1.925574783073252,0.0,-0.18386268884923496,0.0,0.0,-0.09180190813272968,0.9957772891882953,0.3659748373165514,0.0009327634561950636,0.0,0.0,0.0,0.6435949140510004
2026-09-16T13:11:09.127937,25.85,5.21037997295031,-1.9268651369529697,0.0,-0.17099254143699044,0.0,0.0,-0.08539215134728856,0.9963474195722503,0.36596995351151773,0.0009446604683564987,0.0,0.0,0.0,0.6435711933098832
2026-09-16T13:11:09.146834,25.87,5.217592918898724,-1.9280627520052438,0.0,-0.15811916624614145,0.0,0.0,-0.07897724962215352,0.9968764186408062,0.3659651310937593,0.0009563236169856944,0.0,0.0,0.0,0.6437436703372066
2026-09-16T13:11:09.166350,25.89,5.224820680694944,-1.929167429766471,0.0,-0.14524786577109514,0.0,0.0,-0.07256011042956403,0.9973640410474249,0.3659603692917717,0.0009677536621095595,0.0,0.0,0.0,0.6433855400939912
2026-09-16T13:11:09.204942,25.91,5.2320620609216135,-1.9301789873775765,0.0,-0.13237832755525147,0.0,0.0,-0.06614084518236896,0.9978102968994467,0.36595566734353513,0.0009789470051834645,0.0,0.0,0.0,0.6438012884619998
2026-09-16T13:11:09.226513,25.93,5.2393158599530505,-1.9310972570758191,0.0,-0.11950376592518895,0.0,0.0,-0.05971633407552647,0.9982153873010474,0.3659510244967475,0.0009899275742709648,0.0,0.0,0.0,0.6438333132463235
2026-09-16T13:11:09.248460,25.95,5.246580876061593,-1.9319220868512645,0.0,-0.10663186602259955,0.0,0.0,-0.05329067738956866,0.9985790422912755,0.3659464400084951,0.0010006794985590833,0.0,0.0,0.0,0.6439188707927184
2026-09-16T13:11:09.266244,25.97,5.253855905683812,-1.932653340004589,0.0,-0.09376444949598685,0.0,0.0,-0.046865052559012736,0.9989012297763182,0.3659419131453069,0.001011213014441579,0.0,0.0,0.0,0.6438380655869546
2026-09-16T13:11:09.286743,25.99,5.261139743590549,-1.9332908953708032,0.0,-0.080889529555777,0.0,0.0,-0.04043373923022839,0.9991822219854904,0.36593744318282484,0.0010215373842726522,0.0,0.0,0.0,0.8020245377981845
2026-09-16T13:11:09.311091,26.0,5.264783440317533,-1.9335665200151757,0.0,-0.07097948524431842,0.0,0.0,-0.035482293073714304,0.9993703051813332,0.3655862967199695,0.0010317822297197378,0.0,0.0,0.0,0.9591167849842315
2026-09-16T13:11:09.324581,26.03,5.275734764108576,-1.9341894817888678,0.0,-0.04134156550441138,0.0,0.0,-0.020669310743972272,0.9997863669771503,0.3659286711127017,0.001060378741629355,0.0,0.0,0.0,0.9858440384466788
2026-09-16T13:11:09.359376,26.05,5.283042913138131,-1.9344193310690068,0.0,-0.021661125189629704,0.0,0.0,-0.010830350856597434,0.999941350030252,0.3659243675963563,0.0010844804946339793,0.0,0.0,0.0,0.9871953658328239
2026-09-16T13:11:09.378154,26.07,5.290354164070759,-1.9345053228813254,0.0,-0.0019114706949268083,0.0,0.0,-0.000955735201963846,0.9999995432850076,0.36592011817294995,0.0011080864186098919,0.0,0.0,0.0,0.98758930511886
2026-09-16T13:11:09.398979,26.09,5.297665684099207,-1.9344468146406113,0.0,0.01783960637402782,0.0,0.0,0.008919684906599458,0.9999602188193123,0.3659159221631646,0.0011313912220918768,0.0,0.0,0.0,0.9873677475454696
2026-09-16T13:11:09.419361,26.11,5.3049746186665345,-1.9342439343096807,0.0,0.03759072485611403,0.0,0.0,0.01879425582161973,0.9998233723753969,0.3659117788952969,0.0011542634628481296,0.0,0.0,0.0,0.9874680513348172
2026-09-16T13:11:09.437998,26.13,5.312278117595728,-1.9338967659169986,0.0,0.057336088554304186,0.0,0.0,0.02866411760083685,0.9995890997615797,0.365907687706545,0.0011767131170214058,0.0,0.0,0.0,0.9872625761857596
2026-09-16T13:11:09.458846,26.15,5.3195733327555015,-1.933405443999672,0.0,0.07709074465418286,0.0,0.0,0.03853582826574432,0.99925721910821,0.36590364794218916,0.0011987527751711714,0.0,0.0,0.0,0.9873457277010671
2026-09-16T13:11:09.480160,26.17,5.326857419245979,-1.932770160168091,0.0,0.09683327892499523,0.0,0.0,0.048397725532670646,0.9988281434577544,0.36589965895599136,0.001220374481085431,0.0,0.0,0.0,0.9876449812455855
2026-09-16T13:11:09.502995,26.19,5.334127536477926,-1.9319911619431667,0.0,0.11658272229137492,0.0,0.0,0.05825835555155925,0.9983015396203835,0.36589572010958116,0.0012416148171869779,0.0,0.0,0.0,0.9873503531873383
2026-09-16T13:11:09.519913,26.21,5.341380849390385,-1.9310687537450975,0.0,0.13633256922715997,0.0,0.0,0.0681135061529582,0.9976775783185422,0.36589183077279813,0.0012624513091372652,0.0,0.0,0.0,0.9875097235626206
2026-09-16T13:11:09.536741,26.23,5.3486145294182235,-1.9300032952701889,0.0,0.15608628498154745,0.0,0.0,0.07796394330161369,0.9969561793503577,0.36588799032325564,0.0012828985770266207,0.0,0.0,0.0,0.9874531631750681
2026-09-16T13:11:09.572638,26.25,5.355825755677132,-1.9287952022089914,0.0,0.17583197786326868,0.0,0.0,0.08780277900546275,0.9961378780063118,0.36588419814653506,0.001302949148460386,0.0,0.0,0.0,0.9872720572374681
2026-09-16T13:11:09.593964,26.27,5.363011715985081,-1.9274449455481497,0.0,0.19558066387450573,0.0,0.0,0.09763454578482994,0.9952223346917963,0.3658804536357945,0.0013226232186382167,0.0,0.0,0.0,0.9877389110440449
2026-09-16T13:11:09.613935,26.29,5.3701696080134935,-1.9259530518032388,0.0,0.21532729050612073,0.0,0.0,0.10745576928690861,0.9942098659975964,0.36587675619196386,0.001341933663637467,0.0,0.0,0.0,0.9871598174650442
2026-09-16T13:11:09.632752,26.31,5.377296640407907,-1.9243201028969243,0.0,0.23507791567345526,0.0,0.0,0.11726850331047883,0.9931002457613834,0.36587310522339894,0.001360867584455093,0.0,0.0,0.0,0.9875790392995143
2026-09-16T13:11:09.650722,26.33,5.38439003381031,-1.9225467355902714,0.0,0.25482395986268547,0.0,0.0,0.12706752926945264,0.9918940684394462,0.36586950014592473,0.0013794432564956012,0.0,0.0,0.0,0.9871734132274826
2026-09-16T13:11:09.672726,26.35,5.391447022038811,-1.9206336416606435,0.0,0.2745753271094205,0.0,0.0,0.13685680570921777,0.9905908412311661,0.36586594038271053,0.0013976578858999108,0.0,0.0,0.0,0.9970047782569889
2026-09-16T13:11:09.693204,26.37,5.398464702077842,-1.9185810526394085,0.0,0.2945161894564077,0.0,0.0,0.1467264574985403,0.9891771058157023,0.3658624253641488,0.0014157251972136088,0.0,0.0,0.0,0.997167335310899
2026-09-16T13:11:09.713984,26.39,5.405439999907769,-1.9163887546505052,0.0,0.31446439998673625,0.0,0.0,0.15658515217607424,0.9876644623139964,0.36585895452809447,0.0014336600171957587,0.0,0.0,0.0,0.9968605160503536
2026-09-16T13:11:09.733900,26.41,5.412370190773643,-1.9140577986642544,0.0,0.3344070455156585,0.0,0.0,0.1664255257617756,0.9860540271074991,0.3658555273186631,0.0014512286651640028,0.0,0.0,0.0,0.9971702287975653
2026-09-16T13:11:09.757492,26.43,5.419252607899859,-1.9115890913230253,0.0,0.3543426409386053,0.0,0.0,0.17624588237629438,0.9843461733279616,0.36585214318927944,0.0014684562025934446,0.0,0.0,0.0,0.9968530517641591
2026-09-16T13:11:09.778438,26.45,5.426084342453123,-1.9089836722390885,0.0,0.3742902486625028,0.0,0.0,0.18605462915806187,0.9825394012297197,0.3658488015954738,0.0014853501412362183,0.0,0.0,0.0,0.9970492394991768
2026-09-16T13:11:09.795133,26.47,5.432862763691429,-1.9062425474804974,0.0,0.3942286179263387,0.0,0.0,0.19584033820069452,0.9806357947441229,0.36584550200407245,0.0015019013031580704,0.0,0.0,0.0,0.9971818365189843
2026-09-16T13:11:09.813473,26.49,5.439585176228273,-1.9033668069018104,0.0,0.4141678657305996,0.0,0.0,0.20560701376764487,0.9786346386111374,0.36584224388706676,0.0015181331220600646,0.0,0.0,0.0,0.9971407007935015
2026-09-16T13:11:09.856993,26.51,5.446248907200204,-1.9003575944847786,0.0,0.4341120179678195,0.0,0.0,0.21535564820109293,0.9765356853632575,0.3658390267232135,0.0015340445212388087,0.0,0.0,0.0,0.9970437810389775
2026-09-16T13:11:09.876591,26.53,5.4495579909001854,-1.898803432865134,0.0,0.4440813760779402,0.0,0.0,0.2202206695523414,0.975450079041423,0.3658357927223933,0.0015283029008823488,0.0,0.0,0.0,0.9966432678882766
2026-09-16T13:11:09.900887,26.55,5.459389635650444,-1.8939431698597065,0.0,0.473996117942189,0.0,0.0,0.23478566044137558,0.9720471663716258,0.36583271393319816,0.0016080952700793913,0.0,0.0,0.0,0.9973257573773554
2026-09-16T13:11:09.917612,26.57,5.465861520996232,-1.8905409397108495,0.0,0.4921102841474979,0.0,0.0,0.24357982228555278,0.9698808535976666,0.3658296165386265,0.00162236727861109,0.0,0.0,0.0,0.668617228933388
2026-09-16T13:11:09.936752,26.59,5.472287379601157,-1.887052662285032,0.0,0.5041207316985581,0.0,0.0,0.24939974677872273,0.9684006228347383,0.36582655809179465,0.0016190868039980264,0.0,0.0,0.0,0.6776468062194587
2026-09-16T13:11:09.957798,26.61,5.478665332996428,-1.8834775449158023,0.0,0.5176774525457244,0.0,0.0,0.25595813550878604,0.9666878673423319,0.3658235380906861,0.001619309795998148,0.0,0.0,0.0,0.6808467063410649
2026-09-16T13:11:09.976524,26.63,5.484994148472288,-1.8798161453681357,0.0,0.5312949422151283,0.0,0.0,0.2625340827176651,0.9649227199167787,0.3658205560512992,0.0016195353686924011,0.0,0.0,0.0,0.6808854415444232
2026-09-16T13:11:10.000298,26.65,5.491272504460759,-1.8760688788559101,0.0,0.5449055038364999,0.0,0.0,0.2690945229067666,0.9631137719613294,0.36581761149489067,0.0016197433438509409,0.0,0.0,0.0,0.6408264888762971
2026-09-16T13:11:10.016351,26.67,5.497500425432311,-1.8722383670467706,0.0,0.557717321619943,0.0,0.0,0.2752585785686901,0.9613702278125448,0.3658147039503203,0.0016190282321551063,0.0,0.0,0.0,0.6407467093057608
2026-09-16T13:11:10.036726,26.69,5.503679135449582,-1.868328982845632,0.0,0.5705458977609981,0.0,0.0,0.2814193793925238,0.9595848752988589,0.3658118329517515,0.0016173897542200466,0.0,0.0,0.0,0.6419224980772504
2026-09-16T13:11:10.056051,26.71,5.509807167482662,-1.8643406283312334,0.0,0.5833880955010967,0.0,0.0,0.2875751248977632,0.9577580840379453,0.36580899804095296,0.001615746984066226,0.0,0.0,0.0,0.641897494761075
2026-09-16T13:11:10.078454,26.73,5.515883475840883,-1.8602739058051154,0.0,0.5962267921697721,0.0,0.0,0.293717340251288,0.9558923182219371,0.36580619876379,0.001614076054159129,0.0,0.0,0.0,0.6419988571798567
2026-09-16T13:11:10.094835,26.75,5.521907068334216,-1.8561295006005083,0.0,0.6090693065336851,0.0,0.0,0.2998492731480918,0.953986589734133,0.3658034346722915,0.0016123714775668095,0.0,0.0,0.0,0.6421676185405025
2026-09-16T13:11:10.118817,26.77,5.527876952440749,-1.8519080967520307,0.0,0.6219089151830471,0.0,0.0,0.30596745935830916,0.952041970615698,0.3658007053242247,0.001610627102144181,0.0,0.0,0.0,0.6417472845583143
2026-09-16T13:11:10.137894,26.79,5.533792143935578,-1.8476103901532552,0.0,0.6347463409857116,0.0,0.0,0.312071998587572,0.9500584548845183,0.3657980102829163,0.001608837894635036,0.0,0.0,0.0,0.6421456821039907
2026-09-16T13:11:10.158229,26.81,5.539651667485061,-1.8432370891138903,0.0,0.6475872323623323,0.0,0.0,0.31816532327715485,0.9480352456865427,0.3657953491170721,0.0016070273879913689,0.0,0.0,0.0,0.6419712577893398
2026-09-16T13:11:10.180002,26.83,5.54545455702288,-1.838788914542542,0.0,0.6604283705987175,0.0,0.0,0.3242456493230813,0.9459729165758676,0.36579272140096497,0.001605176913093483,0.0,0.0,0.0,0.6419951958076594
2026-09-16T13:11:10.214792,26.85,5.551199855888406,-1.8342665997825365,0.0,0.6732659986134625,0.0,0.0,0.3303109522072714,0.9438721708218363,0.36579012671407474,0.0016032913624649122,0.0,0.0,0.0,0.6418263786041261
2026-09-16T13:11:10.234405,26.87,5.556886616981355,-1.8296708904806642,0.0,0.6861075163195407,0.0,0.0,0.3363644774632225,0.9417318823852643,0.36578756464127377,0.0016013752156758014,0.0,0.0,0.0,0.7290050378635162
2026-09-16T13:11:10.254616,26.89,5.563576370603529,-1.8240788431824642,0.0,0.7062025502814812,0.0,0.0,0.345809407049422,0.9383047767096399,0.43649667627362315,0.0016074594024918457,0.0,0.0,0.0,0.9034531984993971
2026-09-16T13:11:10.273854,26.91,5.570437768772209,-1.818041409397115,0.0,0.7319258578241908,0.0,0.0,0.35784862362759806,0.9337796113472566,0.4577022610401808,0.0016424061463357542,0.0,0.0,0.0,1.1036187661412658
2026-09-16T13:11:10.296296,26.93,5.577239296312121,-1.811749453390673,0.0,0.7586147235807452,0.0,0.0,0.3702771518797684,0.9289213264834686,0.46405673795213276,0.0016813031097908423,0.0,0.0,0.0,1.2473581286188116
2026-09-16T13:11:10.327615,26.95,5.583908707412904,-1.8052632701416649,0.0,0.7839161792374352,0.0,0.0,0.3819987399514162,0.9241628442409543,0.46595597297482555,0.0017193177992407475,0.0,0.0,0.0,1.2800863290131275
2026-09-16T13:11:10.351192,26.98,5.593599971359313,-1.7952050667263626,0.0,0.8223232073239855,0.0,0.0,0.3996743897247668,0.9166571781195711,0.46572828754943946,0.001789990524092505,0.0,0.0,0.0,1.2802856143219028
2026-09-16T13:11:10.370242,26.99,5.596758872196854,-1.79177748507688,0.0,0.8351334738556115,0.0,0.0,0.40553746252475953,0.9140784246928593,0.4665087903621403,0.0017945845062442866,0.0,0.0,0.0,1.2814652282344943
2026-09-16T13:11:10.398421,27.01,5.602924478016641,-1.7847873238888643,0.0,0.8607620506705693,0.0,0.0,0.41721711113964766,0.9088068453595004,0.4667223578404604,0.001831764563341827,0.0,0.0,0.0,1.2814626809010616
2026-09-16T13:11:10.407161,27.03,5.608908006668754,-1.7776425315064184,0.0,0.8863890247086931,0.0,0.0,0.4288275271810697,0.9033863802005037,0.4667281180783955,0.0018682871477562802,0.0,0.0,0.0,1.281534535409463
2026-09-16T13:11:10.441648,27.05,5.614706547446506,-1.770346700628553,0.0,0.9120189823641293,0.0,0.0,0.44036887631702964,0.8978169372267805,0.46672317342652675,0.0019041596185886528,0.0,0.0,0.0,1.2814270537501655
2026-09-16T13:11:10.464956,27.07,5.620316253024181,-1.7629046726652822,0.0,0.9376416857544383,0.0,0.0,0.4518346716761025,0.8921016923374536,0.4667151012828147,0.0019393745777214495,0.0,0.0,0.0,1.2812029550548751
2026-09-16T13:11:10.490725,27.09,5.625733426990548,-1.7553213488496244,0.0,0.9632660402412495,0.0,0.0,0.4632270397277233,0.8862396457308206,0.4667061737092569,0.0019739579962767834,0.0,0.0,0.0,1.2810515201176036
2026-09-16T13:11:10.506951,27.1,5.628358374953549,-1.7514756377079108,0.0,0.9760817625307219,0.0,0.0,0.46889639127823657,0.8832531767541212,0.46597217178010414,0.0020027388821170665,0.0,0.0,0.0,1.2813502200352267
2026-09-16T13:11:10.524766,27.12,5.6334803582245065,-1.7436901545927281,0.0,1.0017087394822317,0.0,0.0,0.4801751435214333,0.8771726349722562,0.46597217174397726,0.0020359982017713503,0.0,0.0,0.0,1.280911484546144
2026-09-16T13:11:10.559253,27.15,5.640794808283071,-1.7317738746001308,0.0,1.0401490789405274,0.0,0.0,0.4969448232452487,0.8677821400845656,0.4666790112428215,0.0020740121479755915,0.0,0.0,0.0,1.281161565514017
2026-09-16T13:11:10.578479,27.17,5.645407561774609,-1.723676063509467,0.0,1.0657796157760855,0.0,0.0,0.5080245735623863,0.8613425756670545,0.4666701305302239,0.0021061348995402504,0.0,0.0,0.0,1.2808371796345746
2026-09-16T13:11:10.600135,27.19,5.649811301536364,-1.7154627223720982,0.0,1.0914026429203956,0.0,0.0,0.5190176820831522,0.8547635027801737,0.46666135911899975,0.002137645756584372,0.0,0.0,0.0,1.2811717841634427
2026-09-16T13:11:10.618314,27.21,5.654003137978974,-1.7071392457315333,0.0,1.117032461657721,0.0,0.0,0.5299284826464037,0.8480423357828784,0.466652697263099,0.002168590420358872,0.0,0.0,0.0,1.2814686310669634
2026-09-16T13:11:10.639171,27.23,5.657980318486312,-1.6987110992179992,0.0,1.1426576658975423,0.0,0.0,0.5407503177198633,0.8411831512137335,0.46664414407363175,0.002198957677557632,0.0,0.0,0.0,1.281008869412921
2026-09-16T13:11:10.658937,27.25,5.661740231598599,-1.690183817309813,0.0,1.1682860032198477,0.0,0.0,0.5514846897219267,0.8341850136524332,0.4666356983312334,0.0022287475916842148,0.0,0.0,0.0,1.2999825677498709
2026-09-16T13:11:10.682058,27.27,5.66527919693936,-1.6815625036348363,0.0,1.1942849973148384,0.0,0.0,0.5622817737369032,0.8269457097798392,0.4666273587293201,0.0022584920880155852,0.0,0.0,0.0,1.3000566111197622
2026-09-16T13:11:10.700894,27.29,5.668592433006732,-1.6728519443759695,0.0,1.2202799653063003,0.0,0.0,0.5729821909915839,0.819567818308213,0.4666191239530132,0.002288190329119574,0.0,0.0,0.0,1.3000475426685123
2026-09-16T13:11:10.721771,27.32,5.673127266160964,-1.6596328648173695,0.0,1.2592850160998648,0.0,0.0,0.5888558569722723,0.8082380711828977,0.46597222475882405,0.002339940915766723,0.0,0.0,0.0,1.2999629406487063
2026-09-16T13:11:10.741316,27.33,5.674534124532029,-1.6551872253237971,0.0,1.2722827043722693,0.0,0.0,0.5940959981354507,0.8043941477903992,0.4666029636053275,0.002345928194110247,0.0,0.0,0.0,1.2998585796200914
2026-09-16T13:11:10.775754,27.35,5.677158564645572,-1.6462450055476903,0.0,1.2982853431381125,0.0,0.0,0.6045036781361047,0.7966023494315847,0.4665950354567221,0.0023739641484024055,0.0,0.0,0.0,1.299991389775443
2026-09-16T13:11:10.796971,27.37,5.679549650616619,-1.6372375885126933,0.0,1.3242854351860984,0.0,0.0,0.614808173448582,0.7886766827165733,0.4665872069611172,0.0024014579639013594,0.0,0.0,0.0,1.300041915055117
2026-09-16T13:11:10.817371,27.39,5.681705766487641,-1.6281710624993173,0.0,1.350281380380573,0.0,0.0,0.6250071483523261,0.7806190264837858,0.46657947686637685,0.0024284221077974727,0.0,0.0,0.0,1.2999363026372739
2026-09-16T13:11:10.839250,27.41,5.683625455091265,-1.619051555738994,0.0,1.376286648809944,0.0,0.0,0.6351041322416154,0.77242652803333,0.46657184393557244,0.0024548712414644396,0.0,0.0,0.0,1.2998758471551577
2026-09-16T13:11:10.862734,27.43,5.6853074193659205,-1.6098852323358896,0.0,1.4022820068400526,0.0,0.0,0.6450899552499542,0.7641066349899156,0.4665643069473288,0.002480788514744527,0.0,0.0,0.0,1.2998563209559866
2026-09-16T13:11:10.891811,27.45,5.686750522409263,-1.6006782879304307,0.0,1.428288160322121,0.0,0.0,0.6549708773384091,0.7556541205065679,0.4665568646958263,0.0025062098628692996,0.0,0.0,0.0,1.3000612475013629
2026-09-16T13:11:10.913320,27.47,5.687953789273208,-1.5914369457145972,0.0,1.4542872497285195,0.0,0.0,0.664738419810955,0.7470761897070703,0.46654951599019895,0.0025311190967714225,0.0,0.0,0.0,1.2999820918368516
2026-09-16T13:11:10.933195,27.49,5.688916406766843,-1.582167452069119,0.0,1.480288414537573,0.0,0.0,0.6743943971505583,0.7383713138333146,0.46654225965461343,0.0025555352007818957,0.0,0.0,0.0,1.2998778756193694
2026-09-16T13:11:10.954677,27.51,5.68963772453076,-1.5728760724281992,0.0,1.5062863486530012,0.0,0.0,0.6839352147665173,0.7295427485776813,0.4665350945280194,0.0025794590062477884,0.0,0.0,0.0,1.2998165180268113
2026-09-16T13:11:10.975307,27.53,5.690117255135117,-1.5635690870038108,0.0,1.532285278980093,0.0,0.0,0.6933608262563028,0.7205905665585535,0.46652801946395767,0.002602907738667083,0.0,0.0,0.0,1.299896795004094
2026-09-16T13:11:10.992497,27.55,5.690354674662164,-1.5542527865688245,0.0,1.5582821975744414,0.0,0.0,0.7026685553669362,0.7115173232596259,0.4665210333303811,0.0026258895316839522,0.0,0.0,0.0,1.300169802371342
2026-09-16T13:11:11.013074,27.57,5.690349822740456,-1.544933468193613,0.0,1.5842839876599388,0.0,0.0,0.7118592739894726,0.7023221298201994,0.4665141350095414,0.002648422050828275,0.0,0.0,0.0,1.2999067864180882
2026-09-16T13:11:11.037455,27.59,5.6901027031385265,-1.5356174309895751,0.0,1.6102872861537572,0.0,0.0,0.7209301961926042,0.6930076855401339,0.46650732339753376,0.0026704838909396285,0.0,0.0,0.0,1.3001460700353957
2026-09-16T13:11:11.051445,27.61,5.6896134829928595,-1.5263109718414414,0.0,1.6362857731708376,0.0,0.0,0.7298776074862126,0.6835778507896538,0.46650059740460587,0.0026920916998733314,0.0,0.0,0.0,1.3002029995894784
2026-09-16T13:11:11.073846,27.63,5.688882493092344,-1.517020381169577,0.0,1.6622862973083787,0.0,0.0,0.7387023720986158,0.6740317540412158,0.46649395595441967,0.0027132603913147704,0.0,0.0,0.0,1.2998451654717609
2026-09-16T13:11:11.097816,27.65,5.687910227889318,-1.5077519386516236,0.0,1.688284384262631,0.0,0.0,0.7474014831366177,0.6643726537156569,0.46648739798438277,0.002733979563424873,0.0,0.0,0.0,1.300302666290169
2026-09-16T13:11:11.117285,27.67,5.686697344455011,-1.4985119090383632,0.0,1.7142856300751772,0.0,0.0,0.7559753375846201,0.6546000985058127,0.46648092244525263,0.0027542849957880745,0.0,0.0,0.0,1.3003268289875027
2026-09-16T13:11:11.134370,27.69,5.685244662992194,-1.4893065378291837,0.0,1.7402849147688035,0.0,0.0,0.7644207895728207,0.6447176563960889,0.4664745283007698,0.002774162360458812,0.0,0.0,0.0,1.3000466364526853
2026-09-16T13:11:11.155279,27.71,5.683553165605721,-1.480142047109454,0.0,1.766287243064241,0.0,0.0,0.7727380293011055,0.6347250885791768,0.4664682145279815,0.002793615129208013,0.0,0.0,0.0,1.2999174821165558
2026-09-16T13:11:11.173958,27.73,5.68162399582779,-1.4710246313286985,0.0,1.7922844440663621,0.0,0.0,0.7809230534311478,0.6246272365337369,0.4664619801165804,0.0028126455468298764,0.0,0.0,0.0,1.2999372647493328
2026-09-16T13:11:11.202198,27.75,5.679458457616686,-1.4619604531668189,0.0,1.818285154457456,0.0,0.0,0.7889772099618291,0.6144224622853952,0.46645582406902514,0.0028312781426226502,0.0,0.0,0.0,1.3002008831136682
2026-09-16T13:11:11.217488,27.76,5.678286255227168,-1.457453139031636,0.0,1.831285015839729,0.0,0.0,0.79295421853065,0.6092812218626521,0.46597222414193545,0.002842704752341521,0.0,0.0,0.0,1.299930523235963
2026-09-16T13:11:11.237976,27.79,5.674424290385121,-1.444016276218431,0.0,1.8702816487037017,0.0,0.0,0.8046826942285014,0.593705113342609,0.4664437431378371,0.0028673631025555165,0.0,0.0,0.0,1.299783183773671
2026-09-16T13:11:11.262078,27.81,5.671559064490431,-1.435148406246339,0.0,1.8962840061963746,0.0,0.0,0.8123333360163657,0.5831934080530423,0.46643781632119413,0.0028848172604405238,0.0,0.0,0.0,1.2998116245741278
2026-09-16T13:11:11.280090,27.83,5.670040495568261,-1.4307430801209835,0.0,1.909285816968202,0.0,0.0,0.8161074292172675,0.5779002197407288,0.4664318910001354,0.002866462771600618,0.0,0.0,0.0,1.2999120238688087
2026-09-16T13:11:11.316770,27.85,5.665141277914415,-1.4176511431616963,0.0,1.9482841081990596,0.0,0.0,0.8272201317715748,0.5618779703741894,0.46642618616931875,0.002990352199304729,0.0,0.0,0.0,1.1094843715924396
2026-09-16T13:11:11.337994,27.87,5.661618310554706,-1.4090234082801307,0.0,1.9667353159935326,0.0,0.0,0.8323685189993629,0.5542225623148224,0.46642048000756303,0.0030003187878376142,0.0,0.0,0.0,0.9183838446380822
2026-09-16T13:11:11.357767,27.89,5.6579454184290965,-1.4004585592745897,0.0,1.9850870466937263,0.0,0.0,0.837418878228102,0.5465616364026908,0.466414845599625,0.002994358959417106,0.0,0.0,0.0,0.9091981366094494
2026-09-16T13:11:11.377948,27.91,5.654116468345366,-1.3919623269648507,0.0,2.003273091360022,0.0,0.0,0.8423540869698177,0.5389244772370659,0.4664092820114137,0.0029881089666854163,0.0,0.0,0.0,0.9090400787972341
2026-09-16T13:11:11.398991,27.93,5.6501338859161025,-1.383537017074206,0.0,2.0214479444628513,0.0,0.0,0.8472166750502096,0.5312474993041074,0.4664037883574214,0.0029815829625787302,0.0,0.0,0.0,0.9088728804082437
2026-09-16T13:11:11.416644,27.95,5.645998821165361,-1.375185485660304,0.0,2.0396297663336878,0.0,0.0,0.8520111235023169,0.5235236818218634,0.46639836375663135,0.002975056875315793,0.0,0.0,0.0,0.9088523282884163
2026-09-16T13:11:11.438833,27.97,5.641712654872787,-1.3669104845365199,0.0,2.057805557746681,0.0,0.0,0.8567336031402516,0.5157591814503373,0.4663930073406523,0.0029685107339107123,0.0,0.0,0.0,0.9088222172990205
2026-09-16T13:11:11.457270,27.99,5.635002512720024,-1.3546478199885312,0.0,2.0850674282651926,0.0,0.0,0.8636840751010799,0.504033548900063,0.4663877912469376,0.0030365130918218134,0.0,0.0,0.0,0.9090953758042044
2026-09-16T13:11:11.495691,28.01,5.63269229902842,-1.3506012193871315,0.0,2.0941505134294056,0.0,0.0,0.8659642500675315,0.5001059063888146,0.46638249469622706,0.00300402747090252,0.0,0.0,0.0,0.9088711243888965
2026-09-16T13:11:11.515730,28.03,5.627961527719825,-1.3425721160021944,0.0,2.1123304115345416,0.0,0.0,0.8704743488318132,0.49221378284829737,0.4663773377705341,0.0029967270903796493,0.0,0.0,0.0,0.9087316654684231
2026-09-16T13:11:11.537263,28.05,5.623085609240723,-1.3346303130133284,0.0,2.1305076413026978,0.0,0.0,0.8749118771428336,0.4842821566343357,0.4663722456421551,0.0029894261487965665,0.0,0.0,0.0,0.9087841593538901
2026-09-16T13:11:11.556797,28.08,5.615511404613166,-1.3228840336607803,0.0,2.157769411937341,0.0,0.0,0.8814315887574428,0.4723117131096055,0.4659722237811635,0.002968411657618645,0.0,0.0,0.0,0.908850539176914
2026-09-16T13:11:11.578477,28.09,5.612904826129503,-1.3190190859159923,0.0,2.1668579573330558,0.0,0.0,0.8835687936450656,0.46830138468362814,0.4663622525982686,0.00297487124801499,0.0,0.0,0.0,0.9088778444096037
2026-09-16T13:11:11.595818,28.12,5.604908579879899,-1.3075558757980579,0.0,2.194120559363733,0.0,0.0,0.8898700653632277,0.4562140580587636,0.46597222374218983,0.002954075686899324,0.0,0.0,0.0,0.9086381074531492
2026-09-16T13:11:11.619066,28.13,5.602163404486207,-1.3037881680373873,0.0,2.203208017032061,0.0,0.0,0.8919337853228468,0.45216603432772107,0.4663525091921421,0.002960384278864707,0.0,0.0,0.0,0.9085774036270178
2026-09-16T13:11:11.635304,28.15,5.596586860924665,-1.2963216341161785,0.0,2.221383684498157,0.0,0.0,0.896006106918175,0.44404172818028725,0.4663477291481597,0.0029531703273923742,0.0,0.0,0.0,0.908940220375048
2026-09-16T13:11:11.655144,28.17,5.590875536461427,-1.2889576834368561,0.0,2.237723969895093,0.0,0.0,0.8996040462513777,0.4367064917861299,0.4663430091873277,0.0029459856903335294,0.0,0.0,0.0,0.5442581421674239
2026-09-16T13:11:11.678470,28.19,5.585102146517439,-1.2816422136553136,0.0,2.24320338346733,0.0,0.0,0.9007971162848636,0.43424020460210033,0.4663383485576468,0.0029073298647346356,0.0,0.0,0.0,0.41587763354575286
2026-09-16T13:11:11.694729,28.21,5.5792672861379975,-1.2743756713416072,0.0,2.251523270162333,0.0,0.0,0.9025957315314261,0.4304891931526849,0.4663337464981219,0.0028739085020189187,0.0,0.0,0.0,0.40898446187988885
2026-09-16T13:11:11.719065,28.23,5.573372679377786,-1.2671575040524183,0.0,2.2597075019098547,0.0,0.0,0.9043497811174296,0.42679207278586745,0.4663292022941729,0.002840522433633554,0.0,0.0,0.0,0.4118100527726351
2026-09-16T13:11:11.736575,28.25,5.56741919687722,-1.2599878160618272,0.0,2.2679381876566476,0.0,0.0,0.9060985138304868,0.42306675978405966,0.46632471520889235,0.002807467402043153,0.0,0.0,0.0,0.4115170468650182
2026-09-16T13:11:11.753787,28.27,5.561406862948224,-1.2528674035279177,0.0,2.2761652669369923,0.0,0.0,0.9078311446792314,0.4193359187458146,0.4663202845244008,0.002774913168292534,0.0,0.0,0.0,0.4112085529297397
2026-09-16T13:11:11.776742,28.29,5.55533613417802,-1.2457967075936818,0.0,2.284393896644027,0.0,0.0,0.909548736126501,0.41559727695292314,0.46631590953169416,0.0027427921149224418,0.0,0.0,0.0,0.4117803433465461
2026-09-16T13:11:11.806918,28.31,5.549207415975135,-1.2387762121542314,0.0,2.2926259951811048,0.0,0.0,0.9112516454506192,0.4118500196230892,0.4663115895306768,0.0027111251077188564,0.0,0.0,0.0,0.41168671775303484
2026-09-16T13:11:11.827159,28.33,5.543021124366216,-1.2318063920243916,0.0,2.3008578666267674,0.0,0.0,0.9129390701597604,0.40809588845739697,0.46630732383027107,0.002679878400450222,0.0,0.0,0.0,0.4116832956031008
2026-09-16T13:11:11.852524,28.35,5.536777678104955,-1.2248877196022152,0.0,2.3090865185088827,0.0,0.0,0.91461037796466,0.404336316102501,0.466303111747871,0.0026490509541256405,0.0,0.0,0.0,0.41148167078474984
2026-09-16T13:11:11.868017,28.37,5.530477499981035,-1.2180206636834006,0.0,2.317317036571138,0.0,0.0,0.916266577328869,0.40056904432324747,0.4662989526095219,0.002618641757808962,0.0,0.0,0.0,0.4113169441833436
2026-09-16T13:11:11.887216,28.39,5.524121017340331,-1.2112056889051777,0.0,2.325543391197506,0.0,0.0,0.9179064333962436,0.39679689959699466,0.46629484574981145,0.0025886420893969204,0.0,0.0,0.0,0.41148406297726753
2026-09-16T13:11:11.912128,28.41,5.5177086606089825,-1.2044432570468795,0.0,2.333771910860639,0.0,0.0,0.9195311855842638,0.3930170463707627,0.4662907905114052,0.002559068135845895,0.0,0.0,0.0,0.41126408426140376
2026-09-16T13:11:11.927671,28.43,5.511240864120863,-1.197733826217098,0.0,2.342004124960532,0.0,0.0,0.9211410917589166,0.3892288389536306,0.4662867862456595,0.002529898815234324,0.0,0.0,0.0,0.41146425211325305
2026-09-16T13:11:11.953869,28.45,5.504718065618462,-1.1910778512721978,0.0,2.3503341206889363,0.0,0.0,0.9227542347536705,0.385388923354276,0.4662828323117984,0.002501131430167539,0.0,0.0,0.0,0.4247178090758559
2026-09-16T13:11:11.969221,28.47,5.4978430992646965,-1.1841787533241184,0.0,2.3588365684273835,0.0,0.0,0.9243842659965718,0.38146261779888646,0.48154088559346714,0.002473982123819107,0.0,0.0,0.0,0.4254095447468581
2026-09-16T13:11:11.988301,28.49,5.490992350382185,-1.177421399732577,0.0,2.3673368021441696,0.0,0.0,0.9259971730264563,0.37753044320559254,0.4815358628589913,0.002447490098681388,0.0,0.0,0.0,0.4260128180569214
2026-09-16T13:11:12.006626,28.51,5.484057193341672,-1.1706962275069472,0.0,2.3758589066791167,0.0,0.0,0.927597438657642,0.3735813054688123,0.48290444924436593,0.0024214719108967184,0.0,0.0,0.0,0.4259108389538187
2026-09-16T13:11:12.028201,28.53,5.477072532783808,-1.1640377499907133,0.0,2.3843851817433963,0.0,0.0,0.9291816330945332,0.36962344719968226,0.4828994170908835,0.0023958384651352744,0.0,0.0,0.0,0.42600367130575595
2026-09-16T13:11:12.046813,28.55,5.470029304593383,-1.1574371008167763,0.0,2.392757157012623,0.0,0.0,0.9307207269781964,0.3657306773750018,0.4829895392114514,0.0023705594095421263,0.0,0.0,0.0,0.41125782574218195
2026-09-16T13:11:12.066041,28.57,5.462932134879872,-1.1508946205502015,0.0,2.400967570784773,0.0,0.0,0.9322142802777394,0.36190680519473,0.4830131509303305,0.0023447814578174534,0.0,0.0,0.0,0.4104223706086496
2026-09-16T13:11:12.087892,28.59,5.45578149705285,-1.1444106608735694,0.0,2.4091799384464716,0.0,0.0,0.9336924730706117,0.35807592174186337,0.48301685239088016,0.0023193463493789506,0.0,0.0,0.0,0.41026839110692936
2026-09-16T13:11:12.119299,28.61,5.4485778563630465,-1.137985624675405,0.0,2.4173916516065006,0.0,0.0,0.9351548072092383,0.3542393069006492,0.4830153935439823,0.002294263950207761,0.0,0.0,0.0,0.41033103234842916
2026-09-16T13:11:12.139805,28.63,5.444956493635076,-1.1347951667653728,0.0,2.421489768262008,0.0,0.0,0.9358787005146083,0.35232237783468734,0.483010581311392,0.0022579417433229447,0.0,0.0,0.0,0.4104276849420432
2026-09-16T13:11:12.160966,28.65,5.434013444006857,-1.125314200333374,0.0,2.4338076198776655,0.0,0.0,0.9380308641906331,0.3465517246036643,0.48300628121329264,0.0022686445368150085,0.0,0.0,0.0,0.4101314479743943
2026-09-16T13:11:12.182246,28.67,5.4266538010643215,-1.1190684814618643,0.0,2.442015604298989,0.0,0.0,0.9394452062770297,0.3426991456118751,0.4830016836532065,0.0022442200054621293,0.0,0.0,0.0,0.4103219302958414
2026-09-16T13:11:12.199227,28.69,5.419243143102218,-1.1128833825899542,0.0,2.4502207850602016,0.0,0.0,0.940843250544812,0.33884211353412386,0.48299712336853823,0.002220148464822353,0.0,0.0,0.0,0.4104322133743499
2026-09-16T13:11:12.220237,28.71,5.411781964950607,-1.106759317929461,0.0,2.4584259555443317,0.0,0.0,0.9422254575475799,0.33497938317044773,0.48299262851545544,0.0021964321570468143,0.0,0.0,0.0,0.41035255514208746
2026-09-16T13:11:12.240195,28.73,5.40427077027963,-1.1006966993581535,0.0,2.4666347467772596,0.0,0.0,0.9435924052154873,0.331109306452796,0.482988182712727,0.002173061043613895,0.0,0.0,0.0,0.4101044598007454
2026-09-16T13:11:12.269719,28.75,5.3967100649438935,-1.0946959355290813,0.0,2.4748401197794125,0.0,0.0,0.9449428978068003,0.32723526687153853,0.4829837924057721,0.002150016399976791,0.0,0.0,0.0,0.389234153577816
2026-09-16T13:11:12.280060,28.77,5.3891013204314016,-1.0887561923726345,0.0,2.482619993336705,0.0,0.0,0.9462086698526359,0.32355703221488713,0.4829794571673028,0.002126719445299102,0.0,0.0,0.0,0.3884858370458533
2026-09-16T13:11:12.302297,28.79,5.3814469364067765,-1.0828753780380056,0.0,2.4903910033882273,0.0,0.0,0.9474587066463223,0.31987810053218424,0.48297517637084086,0.0021031166568047668,0.0,0.0,0.0,0.3882640284662062
2026-09-16T13:11:12.327926,28.81,5.373747116795033,-1.0770541760962422,0.0,2.4981517978305066,0.0,0.0,0.948692824461165,0.3161991853498317,0.4829709493974345,0.0020798348421632593,0.0,0.0,0.0,0.38753909753903637
2026-09-16T13:11:12.347065,28.84,5.362121250665486,-1.068426778495034,0.0,2.5097781806668653,0.0,0.0,0.9505149108637888,0.3106789407500993,0.4826388901750809,0.002032437919864107,0.0,0.0,0.0,0.38750176972963485
2026-09-16T13:11:12.362243,28.85,5.3582132461127605,-1.0655917172230542,0.0,2.5136589858622482,0.0,0.0,0.9511159632883041,0.30883397542718893,0.48296265415300144,0.0020342058148094533,0.0,0.0,0.0,0.3877746700377329
2026-09-16T13:11:12.378946,28.87,5.3503801322834175,-1.0599511444089875,0.0,2.521407685260856,0.0,0.0,0.952305352719841,0.30514671091319207,0.4829585845637716,0.0020118903287582907,0.0,0.0,0.0,0.38770100530776347
2026-09-16T13:11:12.403097,28.89,5.3425035277706545,-1.0543714604105492,0.0,2.529154674757777,0.0,0.0,0.9534801897788113,0.301455681152905,0.4829545661273028,0.0019899109437827617,0.0,0.0,0.0,0.22278664503154424
2026-09-16T13:11:12.419512,28.91,5.334590743218109,-1.0488431589990994,0.0,2.5336123302879034,0.0,0.0,0.9541497137265952,0.2993297910256454,0.48295059820105396,0.0019635911712466447,0.0,0.0,0.0,0.222886811712639
2026-09-16T13:11:12.440860,28.93,5.326655695413245,-1.0433468496938334,0.0,2.538067067716245,0.0,0.0,0.9548140641379098,0.2972038070490475,0.4829466801488191,0.0019329857376847695,0.0,0.0,0.0,0.2198356601520068
2026-09-16T13:11:12.497842,28.95,5.318696363757943,-1.0378857618859176,0.0,2.542458171950056,0.0,0.0,0.9554642887460111,0.29510674836587386,0.482942811345936,0.0019027612474856585,0.0,0.0,0.0,0.2198791151323866
2026-09-16T13:11:12.518484,28.97,5.31071315652138,-1.0324596328140572,0.0,2.546852771304011,0.0,0.0,0.9561104196370821,0.29300659627626613,0.48293899117215777,0.0018729210738378493,0.0,0.0,0.0,0.21934347131882984
2026-09-16T13:11:12.542795,28.99,5.30270619036264,-1.0270686220220253,0.0,2.5512442128182364,0.0,0.0,0.9567514749916358,0.2909065401487723,0.4829352190162379,0.0018435166717748707,0.0,0.0,0.0,0.219760796815054
2026-09-16T13:11:12.556509,29.01,5.294675618744527,-1.021712835117578,0.0,2.55563950609171,0.0,0.0,0.9573884738697868,0.28880323769182475,0.4829314942748245,0.0018145806267528346,0.0,0.0,0.0,0.2197535068771641
2026-09-16T13:11:12.579077,29.03,5.286621596893128,-1.0163923750901933,0.0,2.560028961456629,0.0,0.0,0.9580200120338352,0.28670133683450133,0.4829278163517259,0.0017860842138469077,0.0,0.0,0.0,0.2192764536941502
2026-09-16T13:11:12.597393,29.05,5.278544280398366,-1.011107344370989,0.0,2.564418410800535,0.0,0.0,0.9586469347238002,0.2845980578722594,0.48292418465845605,0.001758025187480155,0.0,0.0,0.0,0.20819670564077605
2026-09-16T13:11:12.617014,29.07,5.270444264741643,-1.0058571636226845,0.0,2.5685878947617944,0.0,0.0,0.9592381646023667,0.2825989093579147,0.4829205986141479,0.0017300975394461307,0.0,0.0,0.0,0.2080249395326972
2026-09-16T13:11:12.639117,29.09,5.262322582905778,-1.0006405580709772,0.0,2.5727524491329934,0.0,0.0,0.9598245338695482,0.2806008983986054,0.48291705764472037,0.001702284573304327,0.0,0.0,0.0,0.2081761522658339
2026-09-16T13:11:12.658327,29.11,5.254179253631541,-0.9954578073448971,0.0,2.576914261043278,0.0,0.0,0.9604063594278873,0.27860298772710895,0.48291356118381407,0.001674907479329673,0.0,0.0,0.0,0.20746926420222678
2026-09-16T13:11:12.679569,29.13,5.246014433077693,-0.9903089775279146,0.0,2.581075902163094,0.0,0.0,0.9609840026446557,0.27660395272131666,0.4829101086719788,0.0016479314762886763,0.0,0.0,0.0,0.20763690543875296
2026-09-16T13:11:12.696618,29.15,5.237828260448379,-0.9851941611411453,0.0,2.5852375353362254,0.0,0.0,0.9615574838896478,0.2746037238928304,0.4829066995565786,0.0016213826007890997,0.0,0.0,0.0,0.2078257019242352
2026-09-16T13:11:12.718035,29.17,5.2296208777506346,-0.9801134462642815,0.0,2.5893946857287267,0.0,0.0,0.9621261907762061,0.2726044625872208,0.48290333329242335,0.0015952560963130333,0.0,0.0,0.0,0.20782326102779874
2026-09-16T13:11:12.738892,29.19,5.221392427226931,-0.975066920586467,0.0,2.5935526134472884,0.0,0.0,0.9626908459959618,0.27060364933899067,0.4829000093406791,0.0015695539932468062,0.0,0.0,0.0,0.2079368225539692
2026-09-16T13:11:12.757719,29.21,5.213143051538382,-0.9700546711094774,0.0,2.5977155499161624,0.0,0.0,0.9632520130563563,0.2685992541740897,0.4828967271695675,0.0015442718769516331,0.0,0.0,0.0,0.20828928766554514
2026-09-16T13:11:12.778754,29.23,5.204872893389401,-0.9650767847611502,0.0,2.6018692498377813,0.0,0.0,0.9638077756063573,0.26659814643152635,0.48289348625392375,0.001519397140698783,0.0,0.0,0.0,0.2079436614354051
2026-09-16T13:11:12.811296,29.25,5.196582095599034,-0.9601333482878914,0.0,2.6060383639854745,0.0,0.0,0.9643614202020054,0.2645884563354399,0.4828902860752572,0.0014949313341851497,0.0,0.0,0.0,0.20803618354362166
2026-09-16T13:11:12.832268,29.27,5.1882708017282875,-0.9552244472041653,0.0,2.6101941520651364,0.0,0.0,0.9649091246990749,0.26258404573101,0.4828871261213073,0.0014708381457565328,0.0,0.0,0.0,0.20773795928868116
2026-09-16T13:11:12.851685,29.29,5.179939155153802,-0.9503501673449603,0.0,2.6143539432649607,0.0,0.0,0.9654531846254896,0.2605765689706201,0.4828840058867516,0.0014471398268380887,0.0,0.0,0.0,0.20833132711245325
2026-09-16T13:11:12.872339,29.31,5.171587300413833,-0.9455105925710198,0.0,2.6185163354993044,0.0,0.0,0.9659934043073263,0.25856670867445886,0.48288092487212053,0.0014238453450446606,0.0,0.0,0.0,0.20826775678983422
2026-09-16T13:11:12.892833,29.33,5.163215382769071,-0.9407058054851837,0.0,2.6226767490856213,0.0,0.0,0.966529186091575,0.2565566846393941,0.4828778825845082,0.0014009226716661057,0.0,0.0,0.0,0.2062478831863561
2026-09-16T13:11:12.913027,29.35,5.154823617145258,-0.9359357656412035,0.0,2.626797848026457,0.0,0.0,0.9670557815830765,0.2545645601939617,0.4828748785371343,0.001378317907277515,0.0,0.0,0.0,0.20582931723182238
2026-09-16T13:11:12.932584,29.37,5.146412287852388,-0.9312003066221092,0.0,2.630917977216612,0.0,0.0,0.9675781486228502,0.2525718240571931,0.4828719122493346,0.0013560165239375243,0.0,0.0,0.0,0.20591842868590984
2026-09-16T13:11:12.954766,29.39,5.137981515580701,-0.9264995478641024,0.0,2.6350391600882563,0.0,0.0,0.9680965414065116,0.2505775060071245,0.48286898324648675,0.001334087869448355,0.0,0.0,0.0,0.20623096107430772
2026-09-16T13:11:12.974298,29.41,5.129531446809255,-0.9218335632167136,0.0,2.639155455706285,0.0,0.0,0.9686102161729956,0.24858449091868698,0.48286609106000644,0.0013125265714214504,0.0,0.0,0.0,0.20600115813545342
2026-09-16T13:11:12.995380,29.43,5.121062224567505,-0.917202432661861,0.0,2.643274580871,0.0,0.0,0.9691201368033694,0.2465890517484884,0.4828632352269149,0.0012913275519866381,0.0,0.0,0.0,0.20599775236078038
2026-09-16T13:11:13.016360,29.45,5.112573992712691,-0.9126062346818566,0.0,2.647396716158708,0.0,0.0,0.9696263147490646,0.24459110725075034,0.48286041529054974,0.0012704845614994616,0.0,0.0,0.0,0.20597220633196933
2026-09-16T13:11:13.032180,29.47,5.104066895355494,-0.9080450472919522,0.0,2.651516919303674,0.0,0.0,0.9701281393620369,0.24259306094353222,0.482857630799492,0.001249983697602836,0.0,0.0,0.0,0.2058359146743451
2026-09-16T13:11:13.051649,29.49,5.095541076600317,-0.903518948524013,0.0,2.6556356595775252,0.0,0.0,0.97062567075545,0.2405946950174352,0.4828548813082803,0.0012298232982770067,0.0,0.0,0.0,0.2058077967457524
2026-09-16T13:11:13.078007,29.51,5.086996681364697,-0.8990280148901163,0.0,2.6597558854052785,0.0,0.0,0.971119262944473,0.238594587403368,0.4828521663769816,0.0012100059492248603,0.0,0.0,0.0,0.20582888040080297
2026-09-16T13:11:13.095334,29.53,5.078433854690141,-0.8945723226642277,0.0,2.6638757428190907,0.0,0.0,0.9716086900592851,0.23659364615576675,0.48284948557126406,0.0011905243465874429,0.0,0.0,0.0,0.20594130130837948
2026-09-16T13:11:13.127830,29.55,5.069852741854875,-0.8901519476691001,0.0,2.6679959856628646,0.0,0.0,0.9720940395516182,0.23459151363213665,0.4828468384620418,0.0011713778470569863,0.0,0.0,0.0,0.20614622677016312
2026-09-16T13:11:13.148154,29.57,5.061253488565545,-0.8857669649020745,0.0,2.672111483016524,0.0,0.0,0.9725747115051522,0.232590693151446,0.482844224625835,0.0011525635280583047,0.0,0.0,0.0,0.2058042452666492
2026-09-16T13:11:13.169472,29.59,5.052636240860089,-0.8814174487114311,0.0,2.6762307984913054,0.0,0.0,0.973051705464612,0.2305870301912275,0.48284164364441684,0.0011340749146432159,0.0,0.0,0.0,0.20601264231140554
2026-09-16T13:11:13.191202,29.62,5.039680560830634,-0.8749548107930132,0.0,2.682414231962693,0.0,0.0,0.9737599635521546,0.2275775326848121,0.4826388896702097,0.0010997582442202145,0.0,0.0,0.0,0.20603874612778267
2026-09-16T13:11:13.210364,29.63,5.03534834756507,-0.8728251110544342,0.0,2.684474828880761,0.0,0.0,0.9739939194615911,0.22657414868392986,0.48283657859925394,0.001098050519349186,0.0,0.0,0.0,0.20590674284533472
2026-09-16T13:11:13.229262,29.65,5.026677994928879,-0.8685824365652951,0.0,2.6885939827005236,0.0,0.0,0.9744585002459327,0.224567654167842,0.48283409372507613,0.0010804981836550179,0.0,0.0,0.0,0.20591391007343324
2026-09-16T13:11:13.252577,29.67,5.017990234309382,-0.8643755215404073,0.0,2.6926222220828784,0.0,0.0,0.9749088295428084,0.22260452394206032,0.48283164008476126,0.0010632547248556298,0.0,0.0,0.0,0.19660466609191826
2026-09-16T13:11:13.271024,29.69,5.009285994647118,-0.8602028054865254,0.0,2.696557747775297,0.0,0.0,0.9753449747046784,0.22068570483456848,0.4828292172855782,0.001045779448503774,0.0,0.0,0.0,0.19629335956228774
2026-09-16T13:11:13.289004,29.71,5.000565417168054,-0.856064340505394,0.0,2.7004821014425264,0.0,0.0,0.9757761211986107,0.21877148191342077,0.4828268249398596,0.0010285951900280265,0.0,0.0,0.0,0.19631153585526534
2026-09-16T13:11:13.308985,29.73,4.991828657745278,-0.8519601457215845,0.0,2.7044067719672533,0.0,0.0,0.9762035451773751,0.2168562620334601,0.4828244626650319,0.0010117162169681817,0.0,0.0,0.0,0.19628363088053033
2026-09-16T13:11:13.338349,29.75,4.983075857443049,-0.847890270724137,0.0,2.70821650581677,0.0,0.0,0.9766148561630039,0.21499633187967454,0.48282213008290437,0.000995131140249388,0.0,0.0,0.0,0.1845328279827014
2026-09-16T13:11:13.358418,29.77,4.974029779170495,-0.8437241742043875,0.0,2.7119142389983564,0.0,0.0,0.9770106862871453,0.2131903348670419,0.4930922986272967,0.00097834136285646,0.0,0.0,0.0,0.18607305928844567
2026-09-16T13:11:13.380919,29.78,4.969486657432458,-0.8416416861587807,0.0,2.7137745503756516,0.0,0.0,0.9772085638115775,0.21228147072534156,0.49682846530593067,0.0009641568565520404,0.0,0.0,0.0,0.1856870897953578
2026-09-16T13:11:13.401179,29.81,4.955899731545097,-0.8354972986374405,0.0,2.719349504034321,0.0,0.0,0.9777964962601885,0.20955670330795714,0.4973695104236545,0.0009460850067973375,0.0,0.0,0.0,0.18593980248816508
2026-09-16T13:11:13.418882,29.83,4.946821881246527,-0.8314389997673949,0.0,2.7230638147956885,0.0,0.0,0.978183989173243,0.20774042294440645,0.49744938185365467,0.000930396188893745,0.0,0.0,0.0,0.18570379564066422
2026-09-16T13:11:13.455249,29.85,4.937729012518241,-0.8274144678083448,0.0,2.7267792341546855,0.0,0.0,0.9785682224481107,0.20592288365974495,0.4974460812868069,0.0009149909332487459,0.0,0.0,0.0,0.18585632305542385
2026-09-16T13:11:13.475087,29.87,4.9286204293319535,-0.8234233993014012,0.0,2.730494411955533,0.0,0.0,0.978949053950012,0.20410475195442318,0.49747527277841225,0.0008998732004382036,0.0,0.0,0.0,0.18603160132063576
2026-09-16T13:11:13.497340,29.9,4.914932980382226,-0.8174971320712967,0.0,2.7360712987271993,0.0,0.0,0.9795143818922184,0.2013742179781345,0.49722193616729704,0.0008728101962521656,0.0,0.0,0.0,0.18569895046937998
2026-09-16T13:11:13.515840,29.91,4.910359437138358,-0.8155431186383495,0.0,2.7379308538939906,0.0,0.0,0.9797011917106134,0.20046340055183096,0.49747179207021597,0.0008704602547658769,0.0,0.0,0.0,0.18560196283865588
2026-09-16T13:11:13.534214,29.93,4.901207089660969,-0.8116539315086562,0.0,2.7416486575111207,0.0,0.0,0.980072140587787,0.19864188693141493,0.4974688536714741,0.000856143696380254,0.0,0.0,0.0,0.17770722082587145
2026-09-16T13:11:13.559068,29.95,4.892040578139359,-0.8077982401883502,0.0,2.7452060101309357,0.0,0.0,0.9804239096984083,0.19689834253158991,0.49746581319690764,0.0008418570235940125,0.0,0.0,0.0,0.17763029919983866
2026-09-16T13:11:13.576396,29.97,4.882860488631998,-0.8039749872556227,0.0,2.7487603089937984,0.0,0.0,0.9807722790752487,0.19515567272703727,0.49746276923650745,0.0008276025944422282,0.0,0.0,0.0,0.1775889336016977
2026-09-16T13:11:13.594504,29.99,4.873666874795752,-0.8001843689839355,0.0,2.752309518804375,0.0,0.0,0.9811170587728963,0.19341488304890372,0.4974597510264567,0.0008135993219097035,0.0,0.0,0.0,0.1778032670404094
2026-09-16T13:11:13.628862,30.01,4.8644598503129295,-0.7964264391369712,0.0,2.7558648897845517,0.0,0.0,0.9814593391771348,0.19167046079660222,0.4974567670006667,0.0007998736756777413,0.0,0.0,0.0,0.1776132684253146
2026-09-16T13:11:13.637045,30.03,4.8552395318931545,-0.7927012440536658,0.0,2.759415566561735,0.0,0.0,0.9817980722310768,0.18992773721429196,0.4974538193568668,0.0007863914627203786,0.0,0.0,0.0,0.17765597043478445
2026-09-16T13:11:13.678594,30.05,4.846006035920432,-0.7890088308199167,0.0,2.7629654667336947,0.0,0.0,0.9821336377561801,0.18818479637795474,0.49745090827845423,0.0007731698049828031,0.0,0.0,0.0,0.17761236381431597
2026-09-16T13:11:13.697395,30.07,4.83675947874052,-0.7853492465867499,0.0,2.766519159696175,0.0,0.0,0.9824664626858901,0.18643939953098587,0.49744803398265647,0.0007602050333919406,0.0,0.0,0.0,0.1773879004677236
2026-09-16T13:11:13.720918,30.09,4.827499977252049,-0.7817225371499975,0.0,2.770071720611213,0.0,0.0,0.9827960812485805,0.18469397034671595,0.49744519563958256,0.0007474768802680156,0.0,0.0,0.0,0.1776797782259959
2026-09-16T13:11:13.735174,30.11,4.818227648135172,-0.7781287488378335,0.0,2.7736245401470008,0.0,0.0,0.9831226225782106,0.1829478312933534,0.49744239296011733,0.0007350007000445832,0.0,0.0,0.0,0.17763099826685042
2026-09-16T13:11:13.755970,30.13,4.808942608282305,-0.7745679274545879,0.0,2.777179562840179,0.0,0.0,0.9834462611424707,0.1812000315808341,0.49743962551312226,0.0007227622916817265,0.0,0.0,0.0,0.17741879507051192
2026-09-16T13:11:13.793683,30.15,4.799644975022836,-0.7710401176722154,0.0,2.7807341865438833,0.0,0.0,0.9837667566635897,0.17945185561481827,0.4974368928493559,0.0007107469860474459,0.0,0.0,0.0,0.17749830167871397
2026-09-16T13:11:13.815685,30.17,4.790334865757591,-0.7675453639677792,0.0,2.7842832108811404,0.0,0.0,0.984083647110004,0.17770586791288903,0.4974341945325783,0.0006989613277600413,0.0,0.0,0.0,0.17764357237971523
2026-09-16T13:11:13.832698,30.19,4.781012398157889,-0.7640837100960127,0.0,2.787837206272183,0.0,0.0,0.9843978761312767,0.17595687388741477,0.4974315301323317,0.000687420071468314,0.0,0.0,0.0,0.1774948890195099
2026-09-16T13:11:13.853465,30.21,4.7716776900924875,-0.7606551992702238,0.0,2.791386159820205,0.0,0.0,0.9847085575335889,0.17420980661294191,0.497428899222513,0.0006760964282475995,0.0,0.0,0.0,0.177443819120457
2026-09-16T13:11:13.874817,30.23,4.762330859249516,-0.7572598751886982,0.0,2.7949432098653473,0.0,0.0,0.9850168364798393,0.1724582032008031,0.4974263013820197,0.0006650049097550164,0.0,0.0,0.0,0.17746864530185832
2026-09-16T13:11:13.904239,30.25,4.752972023542863,-0.7538977809426325,0.0,2.7984963651556445,0.0,0.0,0.9853216672386833,0.17070797307091834,0.49742373619525576,0.0006541209763661283,0.0,0.0,0.0,0.16989166750676946
2026-09-16T13:11:13.917180,30.27,4.743601480561882,-0.7505684529689125,0.0,2.801907463333868,0.0,0.0,0.9856113848258878,0.16902721112766342,0.49742120325185446,0.0006432306729455107,0.0,0.0,0.0,0.17021475622075477
2026-09-16T13:11:13.937253,30.29,4.734219704732824,-0.7472709103134639,0.0,2.805308075129682,0.0,0.0,0.9858973579306972,0.16735112675231897,0.49741870214631145,0.0006323520154570862,0.0,0.0,0.0,0.16987621440732334
2026-09-16T13:11:13.967639,30.31,4.724826758409981,-0.7440053207589634,0.0,2.808708543530864,0.0,0.0,0.9861804688889275,0.16567462926475832,0.49741623247872324,0.0006216892811062631,0.0,0.0,0.0,0.1701138291671753
2026-09-16T13:11:13.988362,30.33,4.715422758527056,-0.7407716986248989,0.0,2.8121129912766705,0.0,0.0,0.9864610553005941,0.16399569011177742,0.49741379385364387,0.0006112452651907008,0.0,0.0,0.0,0.17009628971052998
2026-09-16T13:11:14.011260,30.35,4.706007812929836,-0.7375700841261784,0.0,2.8155120352214063,0.0,0.0,0.9867383448107908,0.16231894184001136,0.4974113858811671,0.0006010021844716794,0.0,0.0,0.0,0.1696329562728147
2026-09-16T13:11:14.029388,30.37,4.696582030330885,-0.7344005150183884,0.0,2.818916308056652,0.0,0.0,0.9870132042369929,0.16063914423895576,0.4974090081757904,0.000590960457664226,0.0,0.0,0.0,0.17001156965283054
2026-09-16T13:11:14.048030,30.39,4.687145519903685,-0.7312630277035913,0.0,2.8223184733862468,0.0,0.0,0.9872850365178157,0.15895992157778369,0.49740666035721104,0.0005811263739619321,0.0,0.0,0.0,0.17014586544246368
2026-09-16T13:11:14.072499,30.41,4.677698390963026,-0.7281576581529072,0.0,2.825715704281147,0.0,0.0,0.9875536238626194,0.15728267544713265,0.49740434204955153,0.0005714955181818297,0.0,0.0,0.0,0.170278591592612
2026-09-16T13:11:14.089762,30.43,4.66824075268878,-0.7250844427432478,0.0,2.8291199541478456,0.0,0.0,0.9878199079125138,0.1556015087706825,0.4974020528821563,0.0005620796594521859,0.0,0.0,0.0,0.17015572998999354
2026-09-16T13:11:14.121983,30.45,4.65877271484205,-0.7220434160686244,0.0,2.832520853065134,0.0,0.0,0.9880830721320586,0.1539215467895026,0.49739979248853267,0.0005528471540880744,0.0,0.0,0.0,0.16988351903619156
2026-09-16T13:11:14.139874,30.47,4.649294386984517,-0.719034613317908,0.0,2.835921689850828,0.0,0.0,0.9883433745525726,0.15224117044358676,0.497397560507149,0.0005438007241718795,0.0,0.0,0.0,0.1702336624067368
2026-09-16T13:11:14.159126,30.49,4.639805878366943,-0.7160580706778035,0.0,2.839324139203736,0.0,0.0,0.9886009406493198,0.1505595568115159,0.49739535658073303,0.0005349563515446664,0.0,0.0,0.0,0.17040460497183907
2026-09-16T13:11:14.180565,30.51,4.630307299039097,-0.7131138218164195,0.0,2.842724680742987,0.0,0.0,0.9888555035563996,0.14887845071137532,0.49739318035671676,0.0005263007986133191,0.0,0.0,0.0,0.17014966481079805
2026-09-16T13:11:14.199279,30.53,4.620798758875613,-0.7102019009493719,0.0,2.8461262226859354,0.0,0.0,0.9891072813893783,0.14719641946227252,0.49739103148689334,0.0005178244171454215,0.0,0.0,0.0,0.12283220976464904
2026-09-16T13:11:14.218963,30.55,4.611281392088035,-0.7073189537858802,0.0,2.8485801307953453,0.0,0.0,0.9892871400787667,0.14598271978139923,0.4973889096274614,0.0005081458540166418,0.0,0.0,0.0,0.11407103802947686
2026-09-16T13:11:14.241384,30.57,4.601757509666635,-0.7044576079800763,0.0,2.8508596960545347,0.0,0.0,0.9894528860173787,0.14485505290420542,0.4973868144388131,0.000497036449275454,0.0,0.0,0.0,0.11367199346126669
2026-09-16T13:11:14.260510,30.59,4.5922272041175,-0.7016177283823277,0.0,2.853122536536831,0.0,0.0,0.9896161446162293,0.14373547340482906,0.49738474558577755,0.0004858642881025401,0.0,0.0,0.0,0.11255150241230054
2026-09-16T13:11:14.285226,30.61,4.582690532139735,-0.6987993005314184,0.0,2.8553736526995888,0.0,0.0,0.9897773003428645,0.14262151214312327,0.4973827027374706,0.0004748467138891225,0.0,0.0,0.0,0.11285354184645364
2026-09-16T13:11:14.299693,30.63,4.573147541829879,-0.6960023394328232,0.0,2.857623146208093,0.0,0.0,0.9899370873304875,0.14150817335981278,0.49738068556681075,0.000464057391586021,0.0,0.0,0.0,0.11261837559172183
2026-09-16T13:11:14.342276,30.65,4.563560875024699,-0.6932160033131805,0.0,2.859882030202975,0.0,0.0,0.9900962811692587,0.14039000681958888,0.4993353547159702,0.0004534995689987639,0.0,0.0,0.0,0.11303309286958395
2026-09-16T13:11:14.366065,30.67,4.553967993557819,-0.690451360648642,0.0,2.8621403460301345,0.0,0.0,0.9902541724376396,0.13927194250761907,0.49933323827137943,0.0004431859309739906,0.0,0.0,0.0,0.11325392098228723
2026-09-16T13:11:14.381081,30.69,4.544348674409905,-0.6877026253412716,0.0,2.8644005999469266,0.0,0.0,0.99041093501113,0.13815274087175877,0.500094242414121,0.00043310501421159336,0.0,0.0,0.0,0.11265303225482251
2026-09-16T13:11:14.415881,30.71,4.534727782665695,-0.684976976371531,0.0,2.8666652281377463,0.0,0.0,0.9905667323532121,0.13703119628420343,0.5001449464657755,0.00042322252363005165,0.0,0.0,0.0,0.11333412504044801
2026-09-16T13:11:14.436430,30.73,4.525100448091913,-0.6822730103467229,0.0,2.868927661126211,0.0,0.0,0.9907211104799462,0.13591056342088445,0.5001586907950655,0.0004135574022454369,0.0,0.0,0.0,0.11346692771937072
2026-09-16T13:11:14.464021,30.75,4.515466931114326,-0.679590801586692,0.0,2.871184174343652,0.0,0.0,0.9908738218632084,0.13479268951318849,0.5001613659934735,0.00040409642833608595,0.0,0.0,0.0,0.11302265570111983
2026-09-16T13:11:14.476985,30.76,4.5106489891853405,-0.6782569430543305,0.0,2.87231629063635,0.0,0.0,0.990949963610306,0.13423177574901318,0.499999393133599,0.0003980511757420343,0.0,0.0,0.0,0.11288299592236987
2026-09-16T13:11:14.497816,30.79,4.496181756456962,-0.6742917696787935,0.0,2.875709142955916,0.0,0.0,0.9911762518887998,0.13255050996382683,0.5001591385279153,0.00038578536402622754,0.0,0.0,0.0,0.11287974587687188
2026-09-16T13:11:14.514526,30.81,4.486530222307545,-0.6716749801896694,0.0,2.8779700950935148,0.0,0.0,0.9913254636865708,0.13142992447158092,0.5001572643120594,0.00037690615919817985,0.0,0.0,0.0,0.11294770229310835
2026-09-16T13:11:14.536269,30.83,4.476872792771441,-0.6690800283193987,0.0,2.880232362337651,0.0,0.0,0.9914734942791921,0.13030851906843618,0.5001553253936831,0.0003682219621282099,0.0,0.0,0.0,0.11327914127947918
2026-09-16T13:11:14.554722,30.85,4.4672095178403355,-0.6665069272628948,0.0,2.8824943203154927,0.0,0.0,0.9916202363414324,0.1291871002777047,0.5001533843684401,0.0003597335084952541,0.0,0.0,0.0,0.11310263647176617
2026-09-16T13:11:14.575588,30.87,4.457540447191395,-0.6639556899376495,0.0,2.8847539464920064,0.0,0.0,0.9917655606966588,0.12806667254224305,0.5001514597975812,0.0003514236434165816,0.0,0.0,0.0,0.11324644911412368
2026-09-16T13:11:14.597291,30.89,4.447865630274259,-0.6614263296792807,0.0,2.887016848225711,0.0,0.0,0.9919098269937272,0.1269444568040452,0.5001495570347905,0.00034330601987640465,0.0,0.0,0.0,0.11322226089540278
2026-09-16T13:11:14.617350,30.91,4.438185116679608,-0.65891885915571,0.0,2.8892786332635527,0.0,0.0,0.9920527532141015,0.12582263246459713,0.5001476774739396,0.00033536302587175725,0.0,0.0,0.0,0.11304656011619443
2026-09-16T13:11:14.636714,30.93,4.428498955908522,-0.6564332913354011,0.0,2.8915411975555276,0.0,0.0,0.9921944592672697,0.12470026062254345,0.5001458213238862,0.00032759078499370583,0.0,0.0,0.0,0.11315852950712989
2026-09-16T13:11:14.659491,30.95,4.418807197441991,-0.6539696392577312,0.0,2.893802710220287,0.0,0.0,0.9923348305318163,0.12357825097237575,0.5001439884405084,0.0003199930432751429,0.0,0.0,0.0,0.11308019831227838
2026-09-16T13:11:14.680368,30.97,4.409109890945684,-0.6515279152373777,0.0,2.8960647648107063,0.0,0.0,0.9924739661683867,0.12245581439030181,0.5001421785763687,0.00031256438796597595,0.0,0.0,0.0,0.11283633512485891
2026-09-16T13:11:14.698386,30.99,4.399407086050486,-0.6491081317192702,0.0,2.898324762867725,0.0,0.0,0.9926117074463878,0.12133424182961103,0.5001403914531052,0.0003052957537118208,0.0,0.0,0.0,0.11327424421771903
2026-09-16T13:11:14.717391,31.01,4.389698832382332,-0.6467103011669032,0.0,2.900587893109786,0.0,0.0,0.9927483695235162,0.12021095960186041,0.5001386267965666,0.00029821066693283397,0.0,0.0,0.0,0.11279658004333964
2026-09-16T13:11:14.735103,31.03,4.379985179700309,-0.6443344355061432,0.0,2.902852376655762,0.0,0.0,0.9928838410270107,0.11908685161448299,0.5001368843178923,0.00029127014044027366,0.0,0.0,0.0,0.11301056619051998
2026-09-16T13:11:14.781403,31.05,4.3702661776723515,-0.6419805470266513,0.0,2.905109237210616,0.0,0.0,0.9930175900608162,0.11796637584417345,0.5001351637412793,0.00028448820973546847,0.0,0.0,0.0,0.1124749806074704
2026-09-16T13:11:14.803237,31.07,4.36054187600717,-0.6396486478547095,0.0,2.9073719533583127,0.0,0.0,0.9931504167272625,0.11684284211908308,0.500133464791498,0.0002778627874961316,0.0,0.0,0.0,0.11290176996058451
2026-09-16T13:11:14.819980,31.09,4.3508123245035195,-0.6373387497413456,0.0,2.9096352518748816,0.0,0.0,0.9932820058855975,0.11571886961029264,0.5001317871967791,0.000271402453126312,0.0,0.0,0.0,0.11290976451582432
2026-09-16T13:11:14.854307,31.11,4.341077572989297,-0.6350508643118493,0.0,2.9118981914403186,0.0,0.0,0.9934123024503162,0.11459492720169402,0.5001301306887701,0.0002650902413366962,0.0,0.0,0.0,0.11307009025887321
2026-09-16T13:11:14.876862,31.13,4.331337671076954,-0.6327850041079569,0.0,2.9141574565104325,0.0,0.0,0.9935411187493203,0.11347266346723855,0.5001284950022784,0.000258929974732189,0.0,0.0,0.0,0.11310609765724677
2026-09-16T13:11:14.892616,31.15,4.321592668734568,-0.6305411801593984,0.0,2.9164202291595,0.0,0.0,0.9936688642579439,0.11234851224795019,0.5001268798756566,0.0002529258912461952,0.0,0.0,0.0,0.11313516779864473
2026-09-16T13:11:14.912738,31.17,4.311842615859715,-0.6283194037869604,0.0,2.918679053908484,0.0,0.0,0.993795118282779,0.11122617892077938,0.5001252850504767,0.00024706504616024715,0.0,0.0,0.0,0.11284307253150676
2026-09-16T13:11:14.936168,31.19,4.302087562352274,-0.6261196862977111,0.0,2.920942607948068,0.0,0.0,0.9939203650036393,0.11010135344777762,0.500123710271558,0.00024134714366635322,0.0,0.0,0.0,0.11283936911755914
2026-09-16T13:11:14.954040,31.21,4.29232755805895,-0.6239420392354171,0.0,2.9232016725136862,0.0,0.0,0.9940440939671038,0.10897861831166583,0.5001221552869278,0.00023576467609475555,0.0,0.0,0.0,0.11319776782943533
2026-09-16T13:11:14.975322,31.23,4.282562652882946,-0.6217864738995019,0.0,2.9254654577489205,0.0,0.0,0.9941668092592251,0.10785339756971764,0.5001206198478518,0.00023033920563660668,0.0,0.0,0.0,0.11274942891470972
2026-09-16T13:11:14.993715,31.25,4.272792896729543,-0.6196530015877245,0.0,2.927730368818681,0.0,0.0,0.994288310922855,0.10672747894603375,0.5001191037085091,0.00022503082553381623,0.0,0.0,0.0,0.11316729839100281
2026-09-16T13:11:15.011804,31.27,4.263018339557643,-0.6175416333583772,0.0,2.929992117375349,0.0,0.0,0.9944083704718847,0.10560299586399538,0.5001176066263808,0.00021985954445602422,0.0,0.0,0.0,0.11314407549832138
2026-09-16T13:11:15.035082,31.29,4.253239031296762,-0.6154523804126016,0.0,2.932253335990046,0.0,0.0,0.9945271306116471,0.10447864124960525,0.5001161283619976,0.00021481985297818444,0.0,0.0,0.0,0.11338068355274963
2026-09-16T13:11:15.058197,31.3,4.248348033500483,-0.6144168427986705,0.0,2.9333832909566,0.0,0.0,0.9945859999619909,0.10391673916942609,0.5000000004501206,0.0002131645251650269,0.0,0.0,0.0,0.11361406985717036
2026-09-16T13:11:15.076221,31.33,4.233666362357541,-0.6113402598664465,0.0,2.9367797402193965,0.0,0.0,0.9947610396670327,0.10222755969191612,0.5001132273429617,0.00020512856986851547,0.0,0.0,0.0,0.0680118649880859
2026-09-16T13:11:15.107974,31.35,4.2238737915796225,-0.609314075730518,0.0,2.9381315846799847,0.0,0.0,0.9948299103032577,0.1015551552901775,0.5001118041242203,0.00019913738250021716,0.0,0.0,0.0,0.06746595188670691
2026-09-16T13:11:15.128968,31.37,4.214078719004085,-0.607300026859288,0.0,2.939481723216767,0.0,0.0,0.9948982403812366,0.10088355310118237,0.5001103987946482,0.0001919585746214949,0.0,0.0,0.0,0.06772442981988325
2026-09-16T13:11:15.147726,31.39,4.204280942200228,-0.6052991738344187,0.0,2.940815026789048,0.0,0.0,0.9949652734985022,0.10022028004376597,0.5001090111295304,0.0001849316564907438,0.0,0.0,0.0,0.06583719572127633
2026-09-16T13:11:15.169571,31.41,4.194480531840485,-0.6033112595524277,0.0,2.9421344395567823,0.0,0.0,0.9950311729415836,0.09956387334016488,0.5001076409067622,0.00017797230734064272,0.0,0.0,0.0,0.06600597493450634
2026-09-16T13:11:15.190748,31.43,4.184677505237461,-0.6013362862874204,0.0,2.9434549792719507,0.0,0.0,0.995096695066239,0.098906862594304,0.5001062879071002,0.0001711807461353026,0.0,0.0,0.0,0.065654485148587
2026-09-16T13:11:15.206177,31.46,4.169988359750519,-0.5984021345377186,0.0,2.9454312690601707,0.0,0.0,0.9951939435403404,0.09792351474812272,0.4993287054491112,0.00016129978525967359,0.0,0.0,0.0,0.06607422995134937
2026-09-16T13:11:15.226421,31.47,4.165090035089088,-0.5974303832529796,0.0,2.946016769658206,0.0,0.0,0.9952225680327319,0.09763216723157571,0.49942817184403115,0.00015805369780903794,0.0,0.0,0.0,0.05887212063773212
2026-09-16T13:11:15.245512,31.49,4.155299853037718,-0.5954967481349378,0.0,2.9471868937781114,0.0,0.0,0.9952795185752009,0.0970498835894006,0.4991634716646635,0.00015129098917806435,0.0,0.0,0.0,0.05840691875796229
2026-09-16T13:11:15.279929,31.51,4.145505795326367,-0.593574207447812,0.0,2.948345218285489,0.0,0.0,0.9953355592785982,0.09647343901592922,0.4991440184412476,0.00014466024361158085,0.0,0.0,0.0,0.058305999764469124
2026-09-16T13:11:15.298735,31.53,4.135709614836395,-0.5916630775905537,0.0,2.9495080317677864,0.0,0.0,0.9953914813546985,0.09589472793902162,0.4991373495853999,0.00013818905131477333,0.0,0.0,0.0,0.05836106197698441
2026-09-16T13:11:15.331122,31.55,4.125911217344051,-0.5897633453555365,0.0,2.950674851607772,0.0,0.0,0.995447257887811,0.09531399038775956,0.4991361678842559,0.00013187286279019825,0.0,0.0,0.0,0.05849063267360958
2026-09-16T13:11:15.359255,31.57,4.116110674224591,-0.5878750233703178,0.0,2.951837969269156,0.0,0.0,0.9955025202420459,0.09473506315897522,0.4991328671030855,0.0001256993089884158,0.0,0.0,0.0,0.05843477550128713
2026-09-16T13:11:15.372630,31.59,4.106307927733053,-0.5859981009580271,0.0,2.9530026148313633,0.0,0.0,0.9955575178370162,0.09415534333323398,0.49913156736159237,0.00011967197164284873,0.0,0.0,0.0,0.05826447334111134
2026-09-16T13:11:15.394185,31.61,4.096503004468335,-0.5841325824699097,0.0,2.9541646051075023,0.0,0.0,0.9956120536027598,0.09357691339692373,0.4991304298504325,0.000113780194822809,0.0,0.0,0.0,0.0578837882492709
2026-09-16T13:11:15.412104,31.63,4.086695918988202,-0.5822784707597283,0.0,2.9553278379788956,0.0,0.0,0.9956663110738625,0.09299783326812804,0.4991292623172317,0.00010802350320264706,0.0,0.0,0.0,0.05823795292525003
2026-09-16T13:11:15.450044,31.65,4.076886683190868,-0.5804357682429426,0.0,2.956484327338953,0.0,0.0,0.9957199201142779,0.09242207900505184,0.4991281399299473,0.00010241761760369633,0.0,0.0,0.0,0.05798404453730256
2026-09-16T13:11:15.466686,31.67,4.067075310450399,-0.5786044771882243,0.0,2.9576529556010245,0.0,0.0,0.995773753657149,0.0918402500407712,0.49912703959524535,9.69619321103367e-05,0.0,0.0,0.0,0.05816452800386081
2026-09-16T13:11:15.487490,31.69,4.057261814005838,-0.576784600008816,0.0,2.9588175549949796,0.0,0.0,0.9958270633839351,0.09126039574825517,0.4991259582119633,9.163124578945538e-05,0.0,0.0,0.0,0.05808821879149082
2026-09-16T13:11:15.508042,31.71,4.0474462070904105,-0.5749761397148436,0.0,2.9599773892692705,0.0,0.0,0.9958798193981548,0.09068288325532227,0.49912488995452564,8.642773774240492e-05,0.0,0.0,0.0,0.058444040518883036
2026-09-16T13:11:15.526835,31.73,4.0376285028280945,-0.5731790995422399,0.0,2.9611423614719206,0.0,0.0,0.9959324719682361,0.0901027817508357,0.4991238355531573,8.137664504974077e-05,0.0,0.0,0.0,0.058147086058845256
2026-09-16T13:11:15.548840,31.75,4.027808714827317,-0.5713934801898174,0.0,2.962304961119207,0.0,0.0,0.9959846804289182,0.08952383118983281,0.4991227944273486,7.644030434402994e-05,0.0,0.0,0.0,0.05791472103668842
2026-09-16T13:11:15.567673,31.77,4.017986856327337,-0.5696192843406992,0.0,2.9634695069569617,0.0,0.0,0.9960366388882779,0.08894388113941483,0.49912176639771433,7.162589076870586e-05,0.0,0.0,0.0,0.05812756936903572
2026-09-16T13:11:15.589182,31.79,4.008162940498593,-0.5678565150697467,0.0,2.964635558478408,0.0,0.0,0.9960883261733999,0.08836315103635944,0.4991207512861068,6.693895645519363e-05,0.0,0.0,0.0,0.058302934197027645
2026-09-16T13:11:15.610636,31.81,3.998336980698125,-0.5661051744192946,0.0,2.965794472552327,0.0,0.0,0.9961393615916986,0.08778594584375822,0.4991197489374685,6.237166028619963e-05,0.0,0.0,0.0,0.058073017884958736
2026-09-16T13:11:15.627450,31.83,3.9885089901835165,-0.5643652649854287,0.0,2.966955135634975,0.0,0.0,0.9961901387998549,0.08720784000263973,0.49911875918820053,5.7931160752496585e-05,0.0,0.0,0.0,0.05790095313621804
2026-09-16T13:11:15.647968,31.85,3.978678982374381,-0.5626367884487705,0.0,2.9681208819027542,0.0,0.0,0.9962408006806216,0.0866271727533231,0.4991177818795804,5.361177586148701e-05,0.0,0.0,0.0,0.05803071654677189
2026-09-16T13:11:15.671019,31.87,3.9688469706119354,-0.5609197469244614,0.0,2.969281564901003,0.0,0.0,0.9962909062560191,0.08604899831816766,0.4991168168553766,4.940508075286993e-05,0.0,0.0,0.0,0.05824234297039923
2026-09-16T13:11:15.686984,31.89,3.959012968020719,-0.5592141437700271,0.0,2.970444410645432,0.0,0.0,0.9963407687096145,0.08546971748598664,0.4991158639611088,4.532698857934066e-05,0.0,0.0,0.0,0.05802072736120773
2026-09-16T13:11:15.710891,31.9,3.954095420344044,-0.5583666832018764,0.0,2.9710288497033313,0.0,0.0,0.996365702089951,0.08517856361079881,0.4990410075155507,4.4508414634772156e-05,0.0,0.0,0.0,0.05797558384829339
2026-09-16T13:11:15.728139,31.93,3.9393390436564895,-0.5558372614145125,0.0,2.9727745930360303,0.0,0.0,0.9964396724673119,0.08430883188157769,0.4991139939544254,3.7488811534789304e-05,0.0,0.0,0.0,0.05803983074919275
2026-09-16T13:11:15.767886,31.96,3.9245786405379857,-0.5533358023378466,0.0,2.9745181939725054,0.0,0.0,0.9965127942720967,0.08344010337971632,0.49904100750454117,3.319998874772602e-05,0.0,0.0,0.0,0.057989344660991086
2026-09-16T13:11:15.787371,31.97,3.9196573159615715,-0.552506158624669,0.0,2.975099920226885,0.0,0.0,0.9965370217679888,0.08315025102660355,0.4991121706626394,3.0076353283605415e-05,0.0,0.0,0.0,0.05798733160977135
2026-09-16T13:11:15.806935,31.99,3.9098135592623278,-0.550857779587449,0.0,2.9762655497646557,0.0,0.0,0.9965853137111976,0.08256944044350682,0.49911127616900064,2.652883426097612e-05,0.0,0.0,0.0,0.058108900016389436
2026-09-16T13:11:15.837829,32.01,3.8999678917499665,-0.5492208517981276,0.0,2.977425016836346,0.0,0.0,0.9966330145105183,0.08199167267275936,0.4991103929187593,2.3081178881707574e-05,0.0,0.0,0.0,0.0581584447027716
2026-09-16T13:11:15.850329,32.03,3.890120326717719,-0.547595377653017,0.0,2.97859074697575,0.0,0.0,0.9966806352959157,0.08141075620659668,0.49910952077059056,1.9747530309150714e-05,0.0,0.0,0.0,0.05812063771698579
2026-09-16T13:11:15.884249,32.05,3.8802708775183348,-0.5459813591897114,0.0,2.979755134593555,0.0,0.0,0.9967278632192176,0.08083048114698194,0.49910865958501793,1.650517296302749e-05,0.0,0.0,0.0,0.058075057910243824
2026-09-16T13:11:15.905774,32.07,3.8704195575703455,-0.5443787980378617,0.0,2.9808651748637676,0.0,0.0,0.9967725722417965,0.08027726469226848,0.4991078092241041,1.3355791472549326e-05,0.0,0.0,0.0,0.052808473247584815
2026-09-16T13:11:15.924462,32.1,3.8556395620059822,-0.5419956351503782,0.0,2.9824348365916027,0.0,0.0,0.9968352693245855,0.07949494216980721,0.4990410074804913,9.757314745280889e-06,0.0,0.0,0.0,0.05258977238912405
2026-09-16T13:11:15.944760,32.11,3.850711890586635,-0.5412047510805106,0.0,2.98295777559804,0.0,0.0,0.9968560207524163,0.07923429743272843,0.4991061404339313,6.7085417505596265e-06,0.0,0.0,0.0,0.052805969668924105
2026-09-16T13:11:15.963341,32.13,3.840855572268077,-0.5396332240949636,0.0,2.984006679901947,0.0,0.0,0.9968974382556577,0.07871148327472421,0.4991053217376558,3.545887797903516e-06,0.0,0.0,0.0,0.08298302833637831
2026-09-16T13:11:15.982299,32.15,3.830997253613424,-0.5380742930722321,0.0,2.9856654144021757,0.0,0.0,0.9969623761166603,0.07788466221165047,0.4991045133320307,1.3569110160358977e-06,0.0,0.0,0.0,0.08356767201255401
2026-09-16T13:11:16.005599,32.17,3.821136235336366,-0.5365325212868483,0.0,2.9873364151359922,0.0,0.0,0.9970271008027557,0.07705167269340531,0.4991037150877842,1.7065915131108763e-07,0.0,0.0,0.0,0.08396277248740973
2026-09-16T13:11:16.029919,32.19,3.8112726532994583,-0.5350072367465512,0.0,2.9890146477262025,0.0,0.0,0.9970914050978658,0.07621502397797786,0.4991029268770513,-9.443116729546463e-07,0.0,0.0,0.0,0.08414217633629043
2026-09-16T13:11:16.044818,32.21,3.8014065222790068,-0.533498527294362,0.0,2.9906911693591267,0.0,0.0,0.9971549428399399,0.07537917464310878,0.49910214857378576,-1.972604676912301e-06,0.0,0.0,0.0,0.08409175338233914
2026-09-16T13:11:16.066335,32.23,3.7915378718992496,-0.5320063856949276,0.0,2.992371123401062,0.0,0.0,0.997217907830058,0.07454156091095744,0.4991013800534548,-2.9335257627218855e-06,0.0,0.0,0.0,0.08402324218908942
2026-09-16T13:11:16.103851,32.25,3.7816667298926916,-0.5305308167691571,0.0,2.9940465622587347,0.0,0.0,0.9972800028258847,0.0737061460368365,0.4991006211931628,-3.838934765915058e-06,0.0,0.0,0.0,0.08369518777716042
2026-09-16T13:11:16.125355,32.27,3.7717931240672185,-0.5290718248461229,0.0,2.995729015776102,0.0,0.0,0.9973416535321084,0.07286718143197202,0.4990998718713451,-4.684521837966036e-06,0.0,0.0,0.0,0.08391108508831616
2026-09-16T13:11:16.145670,32.29,3.7619170822270074,-0.5276294142846734,0.0,2.997405338696576,0.0,0.0,0.9974023776646173,0.07203122259803907,0.4990991319681779,-5.4759443321087445e-06,0.0,0.0,0.0,0.08388128940654477
2026-09-16T13:11:16.165516,32.31,3.752038632193263,-0.5262035893358519,0.0,2.999086187468925,0.0,0.0,0.9974625622143419,0.07119295597739989,0.4990984013652728,-6.20372576617973e-06,0.0,0.0,0.0,0.08376402269526233
2026-09-16T13:11:16.188085,32.33,3.7421578017614014,-0.5247943544376641,0.0,3.000766190172717,0.0,0.0,0.9975220124806717,0.07035506105825366,0.4990976799457296,-6.884653300630728e-06,0.0,0.0,0.0,0.08110736570725473
2026-09-16T13:11:16.207295,32.35,3.7322746526363635,-0.523401473678073,0.0,3.0023809794337435,0.0,0.0,0.9975784916376838,0.0695496442973207,0.4990969675941185,-7.592101121918308e-06,0.0,0.0,0.0,0.0806630467276298
2026-09-16T13:11:16.226249,32.37,3.7223892784672703,-0.522024473755308,0.0,3.0039960026091084,0.0,0.0,0.9976343285273074,0.068744065517458,0.49909626419645836,-8.352756482438984e-06,0.0,0.0,0.0,0.08048327758203648
2026-09-16T13:11:16.246560,32.39,3.712501694248962,-0.520663433457812,0.0,3.005605065974266,0.0,0.0,0.9976893124300579,0.06794141493108918,0.4990955696402735,-9.064620318139115e-06,0.0,0.0,0.0,0.08069440839947681
2026-09-16T13:11:16.263482,32.41,3.702611927169595,-0.5193183459096078,0.0,3.0072198791741904,0.0,0.0,0.9977438435714074,0.06713585193735717,0.4990948838142166,-9.706033847771077e-06,0.0,0.0,0.0,0.08049562603791811
2026-09-16T13:11:16.286508,32.43,3.6927200028193594,-0.5179892157002282,0.0,3.0088366315098867,0.0,0.0,0.997797788589382,0.06632927774474061,0.4990942066088381,-1.0305360661874943e-05,0.0,0.0,0.0,0.08071261434161695
2026-09-16T13:11:16.327237,32.45,3.6828259469244284,-0.5166760464587016,0.0,3.0104454345674316,0.0,0.0,0.9978508211376393,0.06552662630518163,0.4990935379155672,-1.085716511228664e-05,0.0,0.0,0.0,0.08051288316332533
2026-09-16T13:11:16.349462,32.47,3.6729297851435376,-0.5153788423346917,0.0,3.012061789422672,0.0,0.0,0.9979034523986718,0.06472016448381214,0.4990928776274808,-1.1350918293829777e-05,0.0,0.0,0.0,0.08088235333801805
2026-09-16T13:11:16.373270,32.49,3.66303154333322,-0.5140976059844509,0.0,3.0136754588160324,0.0,0.0,0.997955346058598,0.06391500037599841,0.4990922256389296,-1.1793569482242315e-05,0.0,0.0,0.0,0.0809061595459382
2026-09-16T13:11:16.392198,32.51,3.653131247332922,-0.5128323401678643,0.0,3.0152889518241146,0.0,0.0,0.9980065845015418,0.06310988267749225,0.49909158184559177,-1.2188777419927671e-05,0.0,0.0,0.0,0.08088179497665393
2026-09-16T13:11:16.413135,32.53,3.643228922859657,-0.5115830485900763,0.0,3.016904257209454,0.0,0.0,0.998057229861416,0.06230381947647041,0.4990909461445288,-1.2538265884208265e-05,0.0,0.0,0.0,0.08046455855427727
2026-09-16T13:11:16.443860,32.55,3.6333245957153175,-0.5103497342947958,0.0,3.0185136445113177,0.0,0.0,0.9981070422070512,0.061500669075156396,0.4990903184338107,-1.2859896341372502e-05,0.0,0.0,0.0,0.08064343177997994
2026-09-16T13:11:16.463012,32.57,3.623418291648287,-0.5091324007504753,0.0,3.0201304612914983,0.0,0.0,0.9981564337150143,0.0606937709598293,0.49908969861321467,-1.3119581209752075e-05,0.0,0.0,0.0,0.08068360424611849
2026-09-16T13:11:16.483557,32.59,3.6135100364804953,-0.5079310508345342,0.0,3.0217409528685604,0.0,0.0,0.9982049835005189,0.059889990104597626,0.49908908658356654,-1.3344469955209118e-05,0.0,0.0,0.0,0.08052237617350358
2026-09-16T13:11:16.503834,32.61,3.60359985593149,-0.5067456882643278,0.0,3.0233556559784223,0.0,0.0,0.9982530104486635,0.05908406832793694,0.4990884822467951,-1.3522610408271956e-05,0.0,0.0,0.0,0.08047971006125242
2026-09-16T13:11:16.522656,32.63,3.5936877758484833,-0.5055763157050579,0.0,3.0249628211201287,0.0,0.0,0.9983001670626752,0.05828187061715415,0.49908788550634653,-1.3663915777259373e-05,0.0,0.0,0.0,0.08519848061795093
2026-09-16T13:11:16.541149,32.65,3.58377378589508,-0.5044232464623096,0.0,3.0266649108934587,0.0,0.0,0.9983494060215594,0.057432251361056556,0.49908729626652293,-1.3607822044442334e-05,0.0,0.0,0.0,0.08471708686887457
2026-09-16T13:11:16.563224,32.67,3.5738578418681173,-0.503287101808654,0.0,3.028359900887228,0.0,0.0,0.9983977210303254,0.056586134710302986,0.49908671443325947,-1.3422567548057877e-05,0.0,0.0,0.0,0.08507127494201003
2026-09-16T13:11:16.583007,32.69,3.5639399836375607,-0.5021677897716122,0.0,3.0300621410423627,0.0,0.0,0.9984455209975529,0.05573635797148208,0.4990861399134593,-1.318722000677621e-05,0.0,0.0,0.0,0.08532182943066893
2026-09-16T13:11:16.601439,32.71,3.5540202379072086,-0.5010653303702777,0.0,3.031757663968772,0.0,0.0,0.9984924133371544,0.05488989440821567,0.4990855726150536,-1.2916984237759344e-05,0.0,0.0,0.0,0.0851237261586737
2026-09-16T13:11:16.621912,32.73,3.5440986336624483,-0.4999797236658284,0.0,3.0334558964487925,0.0,0.0,0.998538661276619,0.05404203859864403,0.4990850124473428,-1.2609949882746186e-05,0.0,0.0,0.0,0.08476919649748108
2026-09-16T13:11:16.645590,32.75,3.5341751994958948,-0.49891097315488475,0.0,3.0351547192426747,0.0,0.0,0.9985842049719376,0.053193849085805094,0.4990844593206974,-1.2278985005127832e-05,0.0,0.0,0.0,0.08506913033888186
2026-09-16T13:11:16.663990,32.77,3.5242499640814344,-0.4978590815915204,0.0,3.0368547275186284,0.0,0.0,0.9986290592162961,0.05234502926520743,0.49908391314661416,-1.1907856566466375e-05,0.0,0.0,0.0,0.08473347889294364
2026-09-16T13:11:16.680182,32.79,3.5143229559993627,-0.49682405260665774,0.0,3.0385528418404606,0.0,0.0,0.9986731431780368,0.05149711734554105,0.4990833738377025,-1.1519111170997132e-05,0.0,0.0,0.0,0.08487132817069129
2026-09-16T13:11:16.722673,32.81,3.5043942038806755,-0.49580588937046177,0.0,3.040250994321811,0.0,0.0,0.9987165081646605,0.050649149246434405,0.49908284130774166,-1.1093944274018033e-05,0.0,0.0,0.0,0.08474950425945244
2026-09-16T13:11:16.739565,32.83,3.4944637363924858,-0.4948045947070417,0.0,3.0419486557542363,0.0,0.0,0.998759140918744,0.049801389852618144,0.49908231547138093,-1.06409940201244e-05,0.0,0.0,0.0,0.08507668225087169
2026-09-16T13:11:16.764307,32.85,3.4845315821974383,-0.49382017147942875,0.0,3.043644154551634,0.0,0.0,0.9988010011183787,0.04895467459726999,0.49908179624455523,-1.0146436667362475e-05,0.0,0.0,0.0,0.08501257075488804
2026-09-16T13:11:16.780520,32.87,3.474597769966308,-0.4928526224683326,0.0,3.0453476759016187,0.0,0.0,0.9988423364668485,0.0481039175270272,0.49908128354418557,-9.616364693227639e-06,0.0,0.0,0.0,0.08471154369467625
2026-09-16T13:11:16.795062,32.89,3.464662328349813,-0.49190195065983106,0.0,3.0470435982621655,0.0,0.0,0.9988827676137843,0.04725692080771627,0.49908077728823763,-9.081984363063332e-06,0.0,0.0,0.0,0.0851297022495807
2026-09-16T13:11:16.841186,32.91,3.4547252858891557,-0.4909681602117291,0.0,3.0487465738025428,0.0,0.0,0.9989226441883712,0.046406367318643345,0.4990802773957073,-8.499974245428632e-06,0.0,0.0,0.0,0.08455536640907921
2026-09-16T13:11:16.860185,32.93,3.444786671315683,-0.4900512533141485,0.0,3.0504443536909145,0.0,0.0,0.9989616781633347,0.045558375312274954,0.49907978378660967,-7.92120275428181e-06,0.0,0.0,0.0,0.0714655837094482
2026-09-16T13:11:16.881078,32.95,3.4348466055942075,-0.4891502158011946,0.0,3.0518680690759563,0.0,0.0,0.9989938561329242,0.044847245274043275,0.49907929638204024,-7.698299323648461e-06,0.0,0.0,0.0,0.0663198025616243
2026-09-16T13:11:16.900844,32.97,3.4249053279684594,-0.4882626568693774,0.0,3.053200790200986,0.0,0.0,0.9990235187714915,0.044181545258482544,0.49907881510379387,-7.983362455476634e-06,0.0,0.0,0.0,0.06594456279820951
2026-09-16T13:11:16.924127,32.99,3.41496289391487,-0.4873881495056935,0.0,3.0545220558168484,0.0,0.0,0.9990524885429114,0.043521547952892564,0.4990783398751489,-8.397348405478066e-06,0.0,0.0,0.0,0.06591655845476992
2026-09-16T13:11:16.952480,33.01,3.4050193155888127,-0.48652675039185506,0.0,3.0558409070663624,0.0,0.0,0.9990809705497202,0.04286273772671439,0.4990778706198515,-8.790617958399636e-06,0.0,0.0,0.0,0.06577523612741776
2026-09-16T13:11:16.959779,33.03,3.3950746093451727,-0.48567847167626366,0.0,3.057160128413263,0.0,0.0,0.999109025923784,0.04220372397819272,0.49907740726288974,-9.146425443247192e-06,0.0,0.0,0.0,0.06602134538323538
2026-09-16T13:11:16.992845,33.06,3.3801334303972577,-0.48443056895672526,0.0,3.059140697909063,0.0,0.0,0.9991503297260854,0.04121430101621063,0.49991369040079453,-7.534185276584144e-06,0.0,0.0,0.0,0.06606799626266821
2026-09-16T13:11:17.011247,33.07,3.3751510799285214,-0.4840187444834806,0.0,3.059797117448767,0.0,0.0,0.9991638028470315,0.04088636790249511,0.4999546125801845,-9.700489384541196e-06,0.0,0.0,0.0,0.06627123806432297
2026-09-16T13:11:17.032017,33.09,3.365184487843517,-0.48320836989326976,0.0,3.0611240778466833,0.0,0.0,0.9991907102216223,0.040223433553216205,0.5000148947407742,-9.902101746125755e-06,0.0,0.0,0.0,0.06628002222617814
2026-09-16T13:11:17.052388,33.11,3.3552164733586123,-0.4824111400999346,0.0,3.0624473826744367,0.0,0.0,0.999217105436782,0.03956230785152678,0.50003262101841,-1.008284915096039e-05,0.0,0.0,0.0,0.0658148329816933
2026-09-16T13:11:17.072806,33.13,3.3452473057987357,-0.4816270777186991,0.0,3.0637677725608796,0.0,0.0,0.9992430065124119,0.03890262119749669,0.5000375850356008,-1.0246729215463874e-05,0.0,0.0,0.0,0.06606406946175349
2026-09-16T13:11:17.111804,33.15,3.3352771106513637,-0.4808561940673829,0.0,3.065083476961174,0.0,0.0,0.9992683824645633,0.03824525861666057,0.5000370833273139,-1.0364155726585489e-05,0.0,0.0,0.0,0.06590919326589884
2026-09-16T13:11:17.134320,33.17,3.325305856442545,-0.4800984851476567,0.0,3.0664098722220032,0.0,0.0,0.9992935268729468,0.03758253783111541,0.5000382294100555,-1.0434829476651013e-05,0.0,0.0,0.0,0.06588429815125416
2026-09-16T13:11:17.150624,33.19,3.3153336081746456,-0.4793539558367334,0.0,3.067730691928312,0.0,0.0,0.9993181288329147,0.03692258639210071,0.5000383802820095,-1.048733647131097e-05,0.0,0.0,0.0,0.0661569085880104
2026-09-16T13:11:17.171498,33.21,3.3053603884900182,-0.478622608769882,0.0,3.0690516684211735,0.0,0.0,0.9993422977918588,0.03626254050790965,0.5000379413891339,-1.0496947288754526e-05,0.0,0.0,0.0,0.06605909147508122
2026-09-16T13:11:17.194600,33.23,3.295386210499282,-0.4779044453477717,0.0,3.07037819966323,0.0,0.0,0.99936612967058,0.03559970319041243,0.5000374775411617,-1.0475392105785058e-05,0.0,0.0,0.0,0.06626087029878583
2026-09-16T13:11:17.212037,33.25,3.285411091881241,-0.4771994659017169,0.0,3.071695466439472,0.0,0.0,0.9993893600605369,0.03494147961650413,0.5000370103823343,-1.043157127127411e-05,0.0,0.0,0.0,0.056585810039924876
2026-09-16T13:11:17.230689,33.27,3.2754350989214167,-0.4765069695415149,0.0,3.072833832797137,0.0,0.0,0.9994090862760775,0.0343726383743811,0.5000365463530551,-1.0628942547988447e-05,0.0,0.0,0.0,0.05638701290589306
2026-09-16T13:11:17.255161,33.29,3.2654583441674556,-0.4758255409912843,0.0,3.0739608665717695,0.0,0.0,0.9994282971554237,0.0338094490491964,0.5000360873336624,-1.1084250038423862e-05,0.0,0.0,0.0,0.05637896050943154
2026-09-16T13:11:17.275193,33.31,3.255480826994622,-0.47515536796564667,0.0,3.075090836984888,0.0,0.0,0.9994472394800706,0.033244781480199756,0.5000356338372446,-1.1499213260812038e-05,0.0,0.0,0.0,0.05601475593228209
2026-09-16T13:11:17.289600,33.33,3.245502561987011,-0.47449642276771675,0.0,3.076214723056774,0.0,0.0,0.9994657633498134,0.032683143844722255,0.5000351859669923,-1.1906502578465843e-05,0.0,0.0,0.0,0.05614256578964697
2026-09-16T13:11:17.332186,33.35,3.235523561549814,-0.4738487096681921,0.0,3.07733830514466,0.0,0.0,0.9994839667260681,0.03212164780212998,0.5000347437040129,-1.2269013366766944e-05,0.0,0.0,0.0,0.056263837389015595
2026-09-16T13:11:17.352928,33.37,3.225543838344406,-0.47321222921570566,0.0,3.0784678392275397,0.0,0.0,0.9995019485744951,0.031557167106493804,0.5000343069934868,-1.2586666064681765e-05,0.0,0.0,0.0,0.05659324495814026
2026-09-16T13:11:17.373523,33.39,3.2155634050704416,-0.47258698134087224,0.0,3.0795322226262183,0.0,0.0,0.9995186014926232,0.03102523602216182,0.5000338757693278,-1.2872212540468027e-05,0.0,0.0,0.0,0.0507173846223335
2026-09-16T13:11:17.391226,33.41,3.20558234407913,-0.47197183863470443,0.0,3.0805493079846737,0.0,0.0,0.9995342499030165,0.030516934164723966,0.5000334499664004,-1.3448407413048148e-05,0.0,0.0,0.0,0.05089724946510274
2026-09-16T13:11:17.410386,33.43,3.1956006648175843,-0.47136680537375064,0.0,3.0815572642947062,0.0,0.0,0.9995495028327037,0.030013186883348225,0.5000330295149328,-1.3993649672190637e-05,0.0,0.0,0.0,0.050758864265063104
2026-09-16T13:11:17.441922,33.45,3.185618377884185,-0.47077188693976774,0.0,3.082572670689105,0.0,0.0,0.9995646117997832,0.029505708558664807,0.5000326143482839,-1.4491414392300994e-05,0.0,0.0,0.0,0.0505285161563102
2026-09-16T13:11:17.462907,33.47,3.175635491983097,-0.4701871048069664,0.0,3.083586865962353,0.0,0.0,0.9995794455561947,0.028998827934424865,0.5000322043999588,-1.4960775708943996e-05,0.0,0.0,0.0,0.05082743308496765
2026-09-16T13:11:17.481926,33.49,3.165652016335796,-0.469612478182285,0.0,3.0845309691906326,0.0,0.0,0.9995930231297164,0.028526971630269182,0.5000317996045063,-1.5373589338477806e-05,0.0,0.0,0.0,0.04372879922440435
2026-09-16T13:11:17.501501,33.51,3.1556680455904065,-0.4690465233848077,0.0,3.085403471106577,0.0,0.0,0.9996053729293026,0.028090895515624503,0.5000313998972301,-1.618407316610299e-05,0.0,0.0,0.0,0.0440046822831531
2026-09-16T13:11:17.523076,33.53,3.1456835839071275,-0.4684892960044558,0.0,3.086285458492739,0.0,0.0,0.9996176636373121,0.02765007313338642,0.500031005213959,-1.694625940271837e-05,0.0,0.0,0.0,0.04390799736320435
2026-09-16T13:11:17.547571,33.55,3.135698635885366,-0.46794085155102705,0.0,3.087158329524115,0.0,0.0,0.9996296359092905,0.027213801863378694,0.5000306154917563,-1.7669532361254282e-05,0.0,0.0,0.0,0.04399130972861187
2026-09-16T13:11:17.561148,33.57,3.1257132084611787,-0.4674012052439827,0.0,3.088043969913576,0.0,0.0,0.9996415887213886,0.02677114301964036,0.5000302306681925,-1.8334117948908006e-05,0.0,0.0,0.0,0.04430819962388253
2026-09-16T13:11:17.581377,33.59,3.1157273067895104,-0.46687040624526255,0.0,3.088379191697955,0.0,0.0,0.999646061814863,0.02660359182582316,0.5000298506817655,-1.8943399600927822e-05,0.0,0.0,0.0,-0.010637832115566603
2026-09-16T13:11:17.609295,33.61,3.1057415223435227,-0.46633742258520755,0.0,3.0881697122053158,0.0,0.0,0.9996432698781433,0.02670829435462942,0.5000294754715365,-2.2755830452684424e-05,0.0,0.0,0.0,-0.009376498914096469
2026-09-16T13:11:17.622688,33.63,3.0957558458102277,-0.4658024206605363,0.0,3.0879813539625864,0.0,0.0,0.9996407500811801,0.0268024397608781,0.500029104977466,-2.6441895319829258e-05,0.0,0.0,0.0,-0.00944393161744246
2026-09-16T13:11:17.645357,33.65,3.085770268287107,-0.46526557371171007,0.0,3.0877914610565327,0.0,0.0,0.9996382007788011,0.02689735198344713,0.5000287391404873,-3.000694236304892e-05,0.0,0.0,0.0,-0.007783310868950173
2026-09-16T13:11:17.662867,33.67,3.0757847851868645,-0.4647269729741388,0.0,3.087635177964539,0.0,0.0,0.99963609592619,0.02697546517569512,0.500028377901779,-3.3433002328729864e-05,0.0,0.0,0.0,-0.042776472897738185
2026-09-16T13:11:17.682187,33.69,3.065799526441663,-0.46418423074569415,0.0,3.0867856173807535,0.0,0.0,0.9996245470942475,0.027400088441835817,0.500028021203753,-3.775598045922746e-05,0.0,0.0,0.0,-0.04313948368052413
2026-09-16T13:11:17.711254,33.71,3.0558147837003635,-0.46363206720278133,0.0,3.0859255361730593,0.0,0.0,0.9996126715112899,0.027829965038822114,0.5000276689892653,-4.3037846102419174e-05,0.0,0.0,0.0,-0.05342033991115244
2026-09-16T13:11:17.725819,33.73,3.0458305613270493,-0.46307057324098977,0.0,3.0848614553899605,0.0,0.0,0.9995977233678266,0.02836179539200799,0.5000273212019591,-4.84955866408905e-05,0.0,0.0,0.0,-0.0531568384365316
2026-09-16T13:11:17.778302,33.76,3.0308555657196155,-0.46220721038939955,0.0,3.083260212760874,0.0,0.0,0.9995746959440438,0.02916208545993052,0.5000000000987816,-5.784237008783139e-05,0.0,0.0,0.0,-0.053312571521019474
2026-09-16T13:11:17.795939,33.77,3.0258639712835285,-0.4619151191571179,0.0,3.0827391670495627,0.0,0.0,0.9995670646327031,0.029422496521566307,0.5000266386870057,-5.968555348397278e-05,0.0,0.0,0.0,-0.09298281466144709
2026-09-16T13:11:17.816277,33.79,3.01588177915836,-0.4613186174755893,0.0,3.080881936294107,0.0,0.0,0.9995393114773456,0.03035069704955217,0.5000263038501427,-6.622498413481491e-05,0.0,0.0,0.0,-0.09073699377699107
2026-09-16T13:11:17.853394,33.82,3.000910901179428,-0.4603864987336495,0.0,3.0781677174808344,0.0,0.0,0.9994972018249312,0.031707152885945354,0.5000000000948849,-7.91962717833242e-05,0.0,0.0,0.0,-0.08975546055843293
2026-09-16T13:11:17.872032,33.83,2.9959208774313524,-0.4600687787397593,0.0,3.0772685813351366,0.0,0.0,0.9994828462968792,0.03215649169746216,0.5000256467498475,-8.10780330124098e-05,0.0,0.0,0.0,-0.08953511324944834
2026-09-16T13:11:17.894043,33.85,2.9859421455427704,-0.45941692789257094,0.0,3.0754887860151,0.0,0.0,0.9994538345598153,0.033045916293567595,0.5000253243812052,-8.821285143893187e-05,0.0,0.0,0.0,-0.08341986669735915
2026-09-16T13:11:17.911677,33.87,2.9759645506539854,-0.4587479021677464,0.0,3.0738306938533073,0.0,0.0,0.9994260945045729,0.03387449812671247,0.5000250060645992,-9.49588284989518e-05,0.0,0.0,0.0,-0.13550489593056367
2026-09-16T13:11:17.933835,33.89,2.9659883451914553,-0.4580584728222804,0.0,3.0711147202339655,0.0,0.0,0.9993791718623029,0.03523167392869315,0.5000246917490035,-0.00010297331387305436,0.0,0.0,0.0,-0.13328411583833455
2026-09-16T13:11:17.952626,33.91,2.956014125825554,-0.45734083835569334,0.0,3.068447592212447,0.0,0.0,0.9993312995395232,0.03656437830249371,0.5000243813844312,-0.00011229177441111309,0.0,0.0,0.0,-0.13344298405665395
2026-09-16T13:11:17.972271,33.93,2.94604185352631,-0.4565966416824961,0.0,3.0658003029107395,0.0,0.0,0.9992820258782441,0.037887105414272905,0.5000240749208654,-0.00012138008987563916,0.0,0.0,0.0,-0.12836262625108932
2026-09-16T13:11:17.991127,33.95,2.936071554239698,-0.45582646781551006,0.0,3.0632277971925674,0.0,0.0,0.9992324668648501,0.0391724030815854,0.500023772309345,-0.00013008495743030402,0.0,0.0,0.0,-0.12821962127576858
2026-09-16T13:11:18.014560,33.97,2.9261032615772415,-0.45503074864339205,0.0,3.0606884793372036,0.0,0.0,0.999181925888778,0.040441055589495165,0.5000234735015913,-0.00013852482356415337,0.0,0.0,0.0,-0.1254796377283812
2026-09-16T13:11:18.032459,33.99,2.916136998843658,-0.4542100009277714,0.0,3.057528718803516,0.0,0.0,0.999116786900057,0.04201959226963094,0.5000231784496512,-0.000146637676266448,0.0,0.0,0.0,-0.1877878440914227
2026-09-16T13:11:18.054825,34.01,2.906173913338063,-0.4533514797824605,0.0,3.053776358080179,0.0,0.0,0.9990361921411062,0.043894040508920554,0.5000228871066331,-0.00015832694876408417,0.0,0.0,0.0,-0.18495144830982607
2026-09-16T13:11:18.074057,34.03,2.896214094871967,-0.45245586104022734,0.0,3.050080244271454,0.0,0.0,0.9989533674918357,0.04574024023462844,0.5000225994254607,-0.00016963521364031858,0.0,0.0,0.0,-0.18458058830166094
2026-09-16T13:11:18.110293,34.05,2.886257648464411,-0.4515235102169391,0.0,3.0464187538481777,0.0,0.0,0.9988679547532378,0.047568991655107425,0.5000223153602447,-0.00018063754336807014,0.0,0.0,0.0,-0.17751635380355246
2026-09-16T13:11:18.127946,34.07,2.8763046243547175,-0.4505553163572971,0.0,3.0428658852713575,0.0,0.0,0.9987818755370734,0.04934333894910139,0.5000220348656809,-0.00019113166391551502,0.0,0.0,0.0,-0.25712126740694446
2026-09-16T13:11:18.146392,34.09,2.866355692954428,-0.44954594097330824,0.0,3.037729734116499,0.0,0.0,0.9986518647651904,0.051908120761667266,0.5000217578966791,-0.0002036561875060068,0.0,0.0,0.0,-0.24932567845452624
2026-09-16T13:11:18.168191,34.11,2.856412219246213,-0.44848406163271903,0.0,3.032741976898736,0.0,0.0,0.9985193068260508,0.054398473283935045,0.5000214844094878,-0.00021803343937816064,0.0,0.0,0.0,-0.24939751318782513
2026-09-16T13:11:18.189169,34.13,2.8464741483956923,-0.44737276910992907,0.0,3.0277509291260554,0.0,0.0,0.9983804450699849,0.056890130091771914,0.5000212143594157,-0.0002319430037037287,0.0,0.0,0.0,-0.24439549737316302
2026-09-16T13:11:18.209500,34.15,2.8365417049888677,-0.4462122618921188,0.0,3.022855257424058,0.0,0.0,0.9982381964124707,0.05933382865766846,0.500020947703902,-0.0002454448293903924,0.0,0.0,0.0,-0.24435343501740905
2026-09-16T13:11:18.229492,34.17,2.8266150479115257,-0.44500326930540607,0.0,3.017991282718093,0.0,0.0,0.9980909453641768,0.06176135346674317,0.5000206844000612,-0.0002585559049352836,0.0,0.0,0.0,-0.30141279491845696
2026-09-16T13:11:18.252432,34.19,2.8166949193568804,-0.44374183526711014,0.0,3.0119644781412322,0.0,0.0,0.9979003022163986,0.0647687180390378,0.5000204244058485,-0.0002730204775516843,0.0,0.0,0.0,-0.2968342777405315
2026-09-16T13:11:18.271319,34.21,2.806782719242802,-0.44241948288333066,0.0,3.0060265396604144,0.0,0.0,0.9977036080355488,0.06773116352793536,0.5000201676799385,-0.0002888371307145483,0.0,0.0,0.0,-0.2966720377860328
2026-09-16T13:11:18.291714,34.23,2.796878527557272,-0.4410384394937198,0.0,3.0001966100421145,0.0,0.0,0.9975019356063082,0.07063914256040044,0.5000199141806083,-0.00030421817732440406,0.0,0.0,0.0,-0.2866195472672548
2026-09-16T13:11:18.330790,34.25,2.7869824105736116,-0.43960069411903707,0.0,2.994465375877928,0.0,0.0,0.9972954155286928,0.07349730719864465,0.5000196638676654,-0.00031872327617341175,0.0,0.0,0.0,-0.28040724410998674
2026-09-16T13:11:18.346405,34.27,2.7770946273229713,-0.4381067166180403,0.0,2.988855152853816,0.0,0.0,0.9970853239745326,0.07629453921874996,0.5000194167010539,-0.0003327687954291819,0.0,0.0,0.0,-0.32040791446696903
2026-09-16T13:11:18.367410,34.29,2.7672158282800496,-0.43655445248369634,0.0,2.9824501275096464,0.0,0.0,0.9968358770707744,0.07948732090428075,0.5000191726411728,-0.00034756792266907256,0.0,0.0,0.0,-0.314525318543995
2026-09-16T13:11:18.392865,34.3,2.7622810725528537,-0.43574984013867607,0.0,2.9793008863524832,0.0,0.0,0.9967094789591467,0.08105685999954786,0.5000000000684508,-0.000360541565799482,0.0,0.0,0.0,-0.3147980317355685
2026-09-16T13:11:18.408916,34.33,2.747489047277534,-0.43326032153988847,0.0,2.9699191411716255,0.0,0.0,0.9963182870308066,0.08573138823091188,0.5000186936863977,-0.00037815602840821213,0.0,0.0,0.0,-0.30891097967645575
2026-09-16T13:11:18.445110,34.35,2.7376413818427494,-0.4315214391946269,0.0,2.9638088459664393,0.0,0.0,0.9960517156156456,0.08877488281675706,0.5000184587144406,-0.0003926075292700419,0.0,0.0,0.0,-0.3021303801187632
2026-09-16T13:11:18.465114,34.37,2.7278044098193353,-0.4297230592405315,0.0,2.9579011960397086,0.0,0.0,0.9957851452187393,0.09171665367693199,0.5000182266961282,-0.0004063997411931269,0.0,0.0,0.0,-0.32431971375956753
2026-09-16T13:11:18.487867,34.39,2.7179784823331072,-0.427865297405968,0.0,2.9514114790722434,0.0,0.0,0.9954822958198505,0.09494734703634264,0.5000179975940162,-0.00042018556649720185,0.0,0.0,0.0,-0.3243543928929156
2026-09-16T13:11:18.504726,34.41,2.7081649807565937,-0.4259429525343426,0.0,2.944923780170445,0.0,0.0,0.9951690639543187,0.09817603652768385,0.5000177713719021,-0.00043475318596846097,0.0,0.0,0.0,-0.32448440694604863
2026-09-16T13:11:18.527517,34.43,2.698364155511979,-0.4239569945969929,0.0,2.9385061604548053,0.0,0.0,0.9948489129059351,0.10136883391792095,0.5000175479931607,-0.0004490479830714205,0.0,0.0,0.0,-0.3098911325293943
2026-09-16T13:11:18.545380,34.45,2.688576019529559,-0.4219094204172861,0.0,2.9323122477798247,0.0,0.0,0.9945302076920709,0.10444934651766004,0.5000173274220682,-0.00046244040571544713,0.0,0.0,0.0,-0.30112343234372146
2026-09-16T13:11:18.566333,34.47,2.678800582532747,-0.4198020619217159,0.0,2.9262905553113363,0.0,0.0,0.9942112194438265,0.10744324609773946,0.5000171096235385,-0.00047510911130658253,0.0,0.0,0.0,-0.29597647318370096
2026-09-16T13:11:18.586023,34.49,2.6690378841541147,-0.41763646520379943,0.0,2.9203696544001803,0.0,0.0,0.993888782738532,0.11038608402565557,0.5000168945626472,-0.0004871193107101206,0.0,0.0,0.0,-0.2858942354814817
2026-09-16T13:11:18.605526,34.51,2.6592879835283765,-0.41541396627942834,0.0,2.914650819355895,0.0,0.0,0.9935690801177566,0.11322757188050549,0.5000166822050598,-0.0004984628626054975,0.0,0.0,0.0,-0.28559814766279884
2026-09-16T13:11:18.627456,34.53,2.6495508846685976,-0.4131360441698762,0.0,2.9083257207757827,0.0,0.0,0.9932060242428652,0.11636921159688732,0.500016472516573,-0.0005092557197692296,0.0,0.0,0.0,-0.3469357788573287
2026-09-16T13:11:18.651214,34.55,2.6398298289404463,-0.4107905691501755,0.0,2.9013849591264638,0.0,0.0,0.9927961987192181,0.11981530707163728,0.5000162654642022,-0.0005234426227971612,0.0,0.0,0.0,-0.3419470687759843
2026-09-16T13:11:18.664749,34.57,2.630125199951588,-0.4083780320713482,0.0,2.8945375466038463,0.0,0.0,0.9923801684476313,0.1232136407702125,0.5000160610140438,-0.0005372097708526073,0.0,0.0,0.0,-0.3421027559802379
2026-09-16T13:11:18.688090,34.6,2.6156014417299693,-0.40462881249129323,0.0,2.8836154898889657,0.0,0.0,0.9916925008497427,0.1286311927892416,0.5000000000552213,-0.000562618030505792,0.0,0.0,0.0,-0.3726334493182875
2026-09-16T13:11:18.718432,34.62,2.605941951641295,-0.4020415544603266,0.0,2.8761631720179377,0.0,0.0,0.991206317239966,0.1323254951382531,0.5000000000543628,-0.0005772119933948171,0.0,0.0,0.0,-0.37284919066706174
2026-09-16T13:11:18.739412,34.63,2.601118495546224,-0.40072433088472037,0.0,2.872484568469786,0.0,0.0,0.9909612542188488,0.13414839781751442,0.500015462953852,-0.0005802477408894514,0.0,0.0,0.0,-0.3602076954300386
2026-09-16T13:11:18.781131,34.65,2.5914881376337715,-0.3980305691292736,0.0,2.865277546400603,0.0,0.0,0.9904714160796826,0.13771845892656617,0.5000152685908055,-0.0005940788152231621,0.0,0.0,0.0,-0.35199404840005843
2026-09-16T13:11:18.803255,34.67,2.581877229553186,-0.39526822431778397,0.0,2.8582284358256373,0.0,0.0,0.9899798687078107,0.14120856756325342,0.500015076670757,-0.000607181615553901,0.0,0.0,0.0,-0.32302029230393026
2026-09-16T13:11:18.822269,34.69,2.572285352637752,-0.3924405104721792,0.0,2.8517643389196365,0.0,0.0,0.9895183058417907,0.14440748735433523,0.5000148871631692,-0.0006189466373873341,0.0,0.0,0.0,-0.31734814794388017
2026-09-16T13:11:18.847168,34.71,2.5627116176762836,-0.3895519870327868,0.0,2.8454140136304247,0.0,0.0,0.9890548013644848,0.1475486357031459,0.5000147000374721,-0.0006294412049677909,0.0,0.0,0.0,-0.3118135462350122
2026-09-16T13:11:18.861818,34.74,2.5483859849913415,-0.3851053435010611,0.0,2.836056147007608,0.0,0.0,0.9883536072765274,0.15217472517956362,0.5000000000742062,-0.0006640919148890794,0.0,0.0,0.0,-0.3121837754882638
2026-09-16T13:11:18.896306,34.75,2.5436194905802623,-0.38359494883568085,0.0,2.832993765093951,0.0,0.0,0.988119440184628,0.1536879043035507,0.5000143338213325,-0.0006673155503425111,0.0,0.0,0.0,-0.29914015287981827
2026-09-16T13:11:18.917051,34.77,2.5341011054133333,-0.38052895502252493,0.0,2.8270102797497065,0.0,0.0,0.9876552241188437,0.15664341119484299,0.5000141536262988,-0.0006758731928150333,0.0,0.0,0.0,-0.23367299359321425
2026-09-16T13:11:18.936891,34.79,2.5245996452751065,-0.37741092060560943,0.0,2.8223368905501944,0.0,0.0,0.9872865002714243,0.15895083007585376,0.5000139757210024,-0.0006821070758394836,0.0,0.0,0.0,-0.23391913947915816
2026-09-16T13:11:18.957908,34.81,2.515112351081573,-0.37425006551619083,0.0,2.8176567782738298,0.0,0.0,0.9869118436238556,0.1612606986062082,0.5000138000516774,-0.0006862855225105572,0.0,0.0,0.0,-0.22716050034385418
2026-09-16T13:11:18.976069,34.83,2.5056397860563893,-0.3710453394531643,0.0,2.813111423908147,0.0,0.0,0.9865428017000129,0.163503212243335,0.5000136265907277,-0.0006901370808747552,0.0,0.0,0.0,-0.2213148263245156
2026-09-16T13:11:19.003586,34.85,2.496181698380906,-0.36779813653801163,0.0,2.8086826951959543,0.0,0.0,0.986178327599913,0.16568737481244197,0.5000134553101825,-0.0006935295096842957,0.0,0.0,0.0,-0.21554834475344464
2026-09-16T13:11:19.022457,34.87,2.4867378863183314,-0.36450964801153624,0.0,2.8043767855530533,0.0,0.0,0.9858193248698931,0.167810186559303,0.5000132861824927,-0.000696477296805783,0.0,0.0,0.0,-0.15800099785959054
2026-09-16T13:11:19.037614,34.89,2.477306836191034,-0.36118473104090115,0.0,2.8012142032369303,0.0,0.0,0.985552735704894,0.16936884348840395,0.5000131191807805,-0.0006974627767134732,0.0,0.0,0.0,-0.15144645866161258
2026-09-16T13:11:19.074620,34.92,2.463177783794662,-0.35614814501860154,0.0,2.7968060484620105,0.0,0.0,0.9851770400835679,0.17154066483542654,0.5000000000419715,-0.0006917980795205648,0.0,0.0,0.0,-0.13801796358153656
2026-09-16T13:11:19.091794,34.93,2.458474329104084,-0.3544516186774639,0.0,2.7954237333385876,0.0,0.0,0.985058243156442,0.17222153636971185,0.5000127914480399,-0.00069490883224477,0.0,0.0,0.0,-0.13815631010695897
2026-09-16T13:11:19.114849,34.95,2.4490722239751728,-0.3510457174521943,0.0,2.792667744181802,0.0,0.0,0.9848199876399876,0.17357877734554608,0.5000126306649291,-0.0006929001408637249,0.0,0.0,0.0,-0.12796945171283255
2026-09-16T13:11:19.133952,34.98,2.4349848959559965,-0.3458935643607908,0.0,2.788820893448513,0.0,0.0,0.984484300320103,0.17547268284048398,0.5000000000399952,-0.0006849512769522187,0.0,0.0,0.0,-0.1280204884622144
2026-09-16T13:11:19.149356,34.99,2.430295116511638,-0.3441596002180256,0.0,2.788261174949766,0.0,0.0,0.9844351541144435,0.1757481930025795,0.5000123151361658,-0.0006879660616774482,0.0,0.0,0.0,-0.048116689726521354
2026-09-16T13:11:19.182368,35.01,2.420914552784627,-0.3406947930611798,0.0,2.7873049644575865,0.0,0.0,0.9843510154712105,0.17621883650959866,0.5000121603399771,-0.0006808418121336256,0.0,0.0,0.0,-0.03643337407572077
2026-09-16T13:11:19.203965,35.03,2.4115369638380875,-0.3372219396517788,0.0,2.7865694530760603,0.0,0.0,0.9842861434288195,0.17658082527279498,0.500012007489653,-0.0006732406994591456,0.0,0.0,0.0,-0.03320005371055126
2026-09-16T13:11:19.223997,35.05,2.402161745166031,-0.33374269040847626,0.0,2.7858999330576566,0.0,0.0,0.9842269760795799,0.17691031501087226,0.5000118565605199,-0.000665294680531212,0.0,0.0,0.0,-0.025776294069152505
2026-09-16T13:11:19.245623,35.07,2.3927886242545937,-0.330257791786108,0.0,2.78538574442567,0.0,0.0,0.9841814609161862,0.17716334832261832,0.500011707528572,-0.0006571049237183271,0.0,0.0,0.0,0.1032274096318739
2026-09-16T13:11:19.266832,35.09,2.3834138434756604,-0.3267773381148367,0.0,2.7874483768203415,0.0,0.0,0.9843636489203962,0.17614825200416567,0.5000115603698877,-0.0006450065397661739,0.0,0.0,0.0,0.10365286276108902
2026-09-16T13:11:19.299113,35.11,2.374030733308324,-0.32331936531093614,0.0,2.7896152634832525,0.0,0.0,0.9845539177847314,0.17508164659591335,0.5000114150610498,-0.0006292195770378753,0.0,0.0,0.0,0.11271549527854247
2026-09-16T13:11:19.318070,35.13,2.364639854300707,-0.31988254189372756,0.0,2.7919612398621263,0.0,0.0,0.9847586091168548,0.17392665629580112,0.5000112715785366,-0.0006131249749623142,0.0,0.0,0.0,0.12992852961754892
2026-09-16T13:11:19.344019,35.15,2.355240417620649,-0.31646918610704877,0.0,2.794556168585018,0.0,0.0,0.984983443813605,0.17264882105908144,0.5000111298996001,-0.0005964715590408732,0.0,0.0,0.0,0.13738721408965143
2026-09-16T13:11:19.359767,35.17,2.345831888026665,-0.31308097067501,0.0,2.797307361946273,0.0,0.0,0.9852200069585616,0.17129371818187533,0.5000109900014312,-0.0005795891978419438,0.0,0.0,0.0,0.22455367766147966
2026-09-16T13:11:19.382111,35.19,2.336411806322795,-0.30972498621621053,0.0,2.801797678708219,0.0,0.0,0.9856021050464381,0.16908131336144197,0.5000108518617393,-0.0005601621084121919,0.0,0.0,0.0,0.22453857665049012
2026-09-16T13:11:19.410964,35.21,2.3269759998071513,-0.306413427300707,0.0,2.806291419350428,0.0,0.0,0.9859795206429126,0.1668663683094115,0.5000107154586826,-0.000538440603405393,0.0,0.0,0.0,0.23241645776141276
2026-09-16T13:11:19.430158,35.23,2.3175252175373893,-0.30314485343325975,0.0,2.810944630876162,0.0,0.0,0.9863650839478987,0.16457193311271157,0.5000105807698647,-0.0005168041765376725,0.0,0.0,0.0,0.23278540780370305
2026-09-16T13:11:19.466789,35.25,2.308059269766805,-0.2999204612422186,0.0,2.815662349513171,0.0,0.0,0.9867505414523272,0.16224478094391542,0.5000104477739566,-0.0004952411572544699,0.0,0.0,0.0,0.24701538301456233
2026-09-16T13:11:19.489290,35.27,2.298577804095847,-0.29674198499089943,0.0,2.8206009766861673,0.0,0.0,0.987148165928191,0.15980769225731473,0.5000103164498071,-0.00047335449941812583,0.0,0.0,0.0,0.24713426768630647
2026-09-16T13:11:19.512064,35.29,2.2890807049077173,-0.29361052885018585,0.0,2.827137434857228,0.0,0.0,0.9876651811276302,0.15658061817519223,0.5000101867763463,-0.000451574428529011,0.0,0.0,0.0,0.40683638790727367
2026-09-16T13:11:19.527283,35.31,2.279558364089266,-0.2905565171878501,0.0,2.8352731371146627,0.0,0.0,0.9882939543749099,0.15256165883341577,0.5000100587336932,-0.00042071701061379763,0.0,0.0,0.0,0.40705778675838383
2026-09-16T13:11:19.547452,35.33,2.2700114940064733,-0.28758007911998307,0.0,2.8435011868716202,0.0,0.0,0.9889132315393899,0.14849451332059707,0.5000099322994224,-0.0003903172064587199,0.0,0.0,0.0,0.42344967260660166
2026-09-16T13:11:19.567338,35.35,2.260440045218345,-0.2846836481524483,0.0,2.8519628089583406,0.0,0.0,0.9895326312493845,0.1443092917752342,0.5000098074543509,-0.0003596517662155331,0.0,0.0,0.0,0.42347652886393733
2026-09-16T13:11:19.588233,35.37,2.2508443636800504,-0.28186853974234216,0.0,2.860498446918779,0.0,0.0,0.9901395035162348,0.14008484420744485,0.500009684178599,-0.0003292102340590275,0.0,0.0,0.0,0.5928829381758128
2026-09-16T13:11:19.610687,35.39,2.2412214551372576,-0.2791479083167581,0.0,2.872369836955748,0.0,0.0,0.9909535570639169,0.1342052448392781,0.5000095624524176,-0.00029405783229749933,0.0,0.0,0.0,0.6016289263510654
2026-09-16T13:11:19.629943,35.41,2.2315656453037063,-0.27654623975700415,0.0,2.884397010086735,0.0,0.0,0.9917426890736014,0.12824366911883772,0.5000094422572442,-0.0002543956577682088,0.0,0.0,0.0,0.6098905717279856
2026-09-16T13:11:19.647861,35.43,2.221879029978742,-0.274061725058005,0.0,2.8965941932168793,0.0,0.0,0.9925063471882115,0.12219308814787136,0.5000093235715114,-0.000214857362819095,0.0,0.0,0.0,0.6095484470650129
2026-09-16T13:11:19.674850,35.45,2.212162785601821,-0.27169573771724587,0.0,2.908900830464156,0.0,0.0,0.9932394457099084,0.11608360558612045,0.5000092063776806,-0.00017570308566682052,0.0,0.0,0.0,0.6203635152137091
2026-09-16T13:11:19.687854,35.47,2.202417928569628,-0.2694505043894361,0.0,2.921307436110265,0.0,0.0,0.993940432504446,0.10992004654691036,0.500009090656904,-0.0001365415183869878,0.0,0.0,0.0,0.6203705639365572
2026-09-16T13:11:19.708505,35.48,2.197531664111498,-0.2683895709276289,0.0,2.927513205941745,0.0,0.0,0.9942767164383955,0.10683543957171888,0.50000000003133,-9.756915294887979e-05,0.0,0.0,0.0,0.44322586022848565
2026-09-16T13:11:19.741713,35.51,2.182860641595006,-0.2652652195834694,0.0,2.937186262588593,0.0,0.0,0.9947817980124407,0.10202536127422202,0.5000088635532184,-8.104090844126927e-05,0.0,0.0,0.0,0.31851102857922603
2026-09-16T13:11:19.760894,35.53,2.173062316111517,-0.26326679943543607,0.0,2.943558733719028,0.0,0.0,0.9951018247406319,0.09885523960754318,0.500008752146775,-6.10369775362119e-05,0.0,0.0,0.0,0.3190168899407432
2026-09-16T13:11:19.809401,35.55,2.163251463873504,-0.261330822353021,0.0,2.9499218409008794,0.0,0.0,0.9954113011055696,0.09568877484489466,0.5000086421357895,-4.1401923216604265e-05,0.0,0.0,0.0,0.3195696629278716
2026-09-16T13:11:19.827241,35.57,2.1534284863238975,-0.2594573465806261,0.0,2.956320986593119,0.0,0.0,0.9957123686478775,0.09250339951392808,0.5000085335076654,-2.2104515182410587e-05,0.0,0.0,0.0,0.3658554664718073
2026-09-16T13:11:19.849553,35.59,2.143593085565984,-0.257650217914155,0.0,2.9636326128459043,0.0,0.0,0.996043889211408,0.08886265112302456,0.5000084262448908,-1.6810362933938103e-06,0.0,0.0,0.0,0.36792775383989307
2026-09-16T13:11:19.870157,35.61,2.133744491266107,-0.255916381794869,0.0,2.9709926548450696,0.0,0.0,0.9963641604137694,0.08519659525453108,0.500008320330644,1.9842125292449512e-05,0.0,0.0,0.0,0.3699631129314989
2026-09-16T13:11:19.886924,35.63,2.1238833783495674,-0.2542552289679678,0.0,2.9783891951442776,0.0,0.0,0.9966724259913848,0.0815111971967502,0.5000082157473383,4.112647866160472e-05,0.0,0.0,0.0,0.3711782165620888
2026-09-16T13:11:19.919236,35.65,2.1140102282445103,-0.25266719163267587,0.0,2.98580613335617,0.0,0.0,0.9969678535730458,0.07781451626755671,0.5000081124787409,6.216109242212048e-05,0.0,0.0,0.0,0.36766529632363415
2026-09-16T13:11:19.941185,35.67,2.104125598082115,-0.2511522611260973,0.0,2.9931660996298266,0.0,0.0,0.9972474584351487,0.07414517276691973,0.5000080105080477,8.28050709930715e-05,0.0,0.0,0.0,0.36746692826648564
2026-09-16T13:11:19.961632,35.69,2.094230103769678,-0.24971001439033094,0.0,3.001164242219442,0.0,0.0,0.9975359952120044,0.0701565268267741,0.5000079098190827,0.00010300939430742885,0.0,0.0,0.0,0.43350926540597284
2026-09-16T13:11:19.978291,35.71,2.0843224831053337,-0.24835345035309148,0.0,3.009831938406882,0.0,0.0,0.9978306740250493,0.06583271204132221,0.5000078103963463,0.00012671330785036578,0.0,0.0,0.0,0.4345203025099857
2026-09-16T13:11:20.000226,35.73,2.0744034599372383,-0.24708295430188304,0.0,3.018528807240857,0.0,0.0,0.9981075084373728,0.0614931020598228,0.5000077122226025,0.0001501032177030968,0.0,0.0,0.0,0.4356876284768862
2026-09-16T13:11:20.019853,35.75,2.0644737513995675,-0.24589887780328834,0.0,3.027246139282914,0.0,0.0,0.9983660544902021,0.05714211443118613,0.5000076152847173,0.0001731925527141258,0.0,0.0,0.0,0.43613125939912556
2026-09-16T13:11:20.041268,35.77,2.0545340957166975,-0.24480144503235418,0.0,3.03596684486035,0.0,0.0,0.9986057226883385,0.05278835680432945,0.500007519563463,0.00019593949671628142,0.0,0.0,0.0,0.4463220031525865
2026-09-16T13:11:20.059173,35.79,2.0445851652587246,-0.24379156061007157,0.0,3.0449037983011866,0.0,0.0,0.9988316357412905,0.048325598210244486,0.5000074250452934,0.00021864159121093743,0.0,0.0,0.0,0.44693286188239595
2026-09-16T13:11:20.086602,35.81,2.034627586430963,-0.2428708432134589,0.0,3.0538325123286967,0.0,0.0,0.999037424165753,0.04386599042831698,0.5000073317152472,0.00024127358719544683,0.0,0.0,0.0,0.44724311979313786
2026-09-16T13:11:20.105150,35.83,2.024662178287955,-0.24203915923931027,0.0,3.0627816953439293,0.0,0.0,0.9992237045674431,0.03939528183063401,0.5000072395581743,0.00026356845852183166,0.0,0.0,0.0,0.44684927826703186
2026-09-16T13:11:20.141038,35.85,2.0146897347381802,-0.24129660362650363,0.0,3.0717185316336773,0.0,0.0,0.9993897629600836,0.03492995405934253,0.5000071485596196,0.00028546322638706807,0.0,0.0,0.0,0.4468683514239457
2026-09-16T13:11:20.160713,35.87,2.0047110531782857,-0.24064323192959772,0.0,3.080657535531479,0.0,0.0,0.9995358998260078,0.0304628455501615,0.5000070587048048,0.00030700510602187857,0.0,0.0,0.0,0.44690565511311825
2026-09-16T13:11:20.180282,35.89,1.9947269310554594,-0.24007909772284194,0.0,3.089598498543138,0.0,0.0,0.9996620950118015,0.02599414927663464,0.5000069699794248,0.00032819378790649277,0.0,0.0,0.0,0.4473013976189034
2026-09-16T13:11:20.200743,35.91,1.9847381664121775,-0.2396042449814389,0.0,3.098542652566871,0.0,0.0,0.9997683461209633,0.021523338369169125,0.5000068823692833,0.0003490377230932944,0.0,0.0,0.0,0.4474242318493923
2026-09-16T13:11:20.220921,35.93,1.9747455575824007,-0.23921871171433715,0.0,3.1074810821440977,0.0,0.0,0.9998545536126002,0.017054958814023632,0.5000067958603631,0.0003695241114598088,0.0,0.0,0.0,0.4472377259858809
2026-09-16T13:11:20.241696,35.95,1.9647499032038926,-0.2389225289811746,0.0,3.116418247373037,0.0,0.0,0.9999207822048861,0.012586870729797072,0.5000067104388214,0.00038966544998232547,0.0,0.0,0.0,0.43230376383569685
2026-09-16T13:11:20.262982,35.97,1.9547520260038762,-0.23871458383690575,0.0,3.1250554975457625,0.0,0.0,0.999965815503512,0.008268483802741857,0.5000066260910158,0.0004090364045759405,0.0,0.0,0.0,0.431347364942099
2026-09-16T13:11:20.282830,35.99,1.944752735762367,-0.2385926001217129,0.0,3.133688708609859,0.0,0.0,0.9999921909668827,0.003951962202933725,0.5000065428032823,0.00042760911848014623,0.0,0.0,0.0,0.4312933830500697
2026-09-16T13:11:20.325438,36.01,1.9347527669497926,-0.23855688653754892,0.0,-3.140869083814306,0.0,0.0,-0.9999999345558482,0.0003617848798513476,0.5000064605625808,0.00044584581663824953,0.0,0.0,0.0,0.431254051162441
2026-09-16T13:11:20.344907,36.03,1.9247528635819577,-0.23860739732546352,0.0,-3.1322506244467174,0.0,0.0,-0.9999890908312713,0.004670997585896856,0.500006379355609,0.00046374579468809094,0.0,0.0,0.0,0.43116774778416034
2026-09-16T13:11:20.374514,36.05,1.914753769086194,-0.23874413491201354,0.0,-3.1236246293256813,0.0,0.0,-0.9999596440344425,0.008983891278902766,0.5000062991694434,0.0004813482869785338,0.0,0.0,0.0,0.4309721681626663
2026-09-16T13:11:20.389833,36.07,1.9047562268887814,-0.23896708702738878,0.0,-3.115001056662587,0.0,0.0,-0.9999116121737063,0.013295406732386467,0.5000062199911123,0.0004986312605198763,0.0,0.0,0.0,0.43099178662783344
2026-09-16T13:11:20.408659,36.09,1.8947609803110117,-0.23927623714781615,0.0,-3.1063806551635027,0.0,0.0,-0.9998450183992349,0.0176050896684338,0.500006141808018,0.000515612323067757,0.0,0.0,0.0,0.4314262095793322
2026-09-16T13:11:20.434376,36.11,1.8847687725420859,-0.23967156325442718,0.0,-3.0977540673983346,0.0,0.0,-0.9997597819131627,0.021917537930735916,0.5000060646076491,0.0005323177111208744,0.0,0.0,0.0,0.4308314856251203
2026-09-16T13:11:20.451345,36.13,1.879774034006155,-0.2399014885941361,0.0,-3.0934413324450096,0.0,0.0,-0.9997101952828791,0.02407333478078732,0.5000059100432295,0.0005360814622624384,0.0,0.0,0.0,0.4316520751575126
2026-09-16T13:11:20.495052,36.15,1.864796441015665,-0.2407208717102383,0.0,-3.080507963655768,0.0,0.0,-0.9995336188383652,0.030537596694592262,0.5000059141134165,0.0005903655447299776,0.0,0.0,0.0,0.43126394176094657
2026-09-16T13:11:20.515182,36.17,1.8548178029626432,-0.2413745176280081,0.0,-3.071885789514269,0.0,0.0,-0.9993926806203569,0.03484637603047448,0.5000058397503045,0.0006057810876605339,0.0,0.0,0.0,0.43128308749649014
2026-09-16T13:11:20.535980,36.19,1.8448451784080335,-0.24211418201655668,0.0,-3.0632628842210514,0.0,0.0,-0.9992331539326921,0.039154873026544655,0.5000057663466672,0.0006209236891158737,0.0,0.0,0.0,0.43116611644147435
2026-09-16T13:11:20.557031,36.21,1.8348793038200395,-0.2429398100297327,0.0,-3.05463765341338,0.0,0.0,-0.9990550023673125,0.04346380384698631,0.5000056938656811,0.0006357907591476837,0.0,0.0,0.0,0.4314789003034702
2026-09-16T13:11:20.578611,36.23,1.8249209202059558,-0.24385134072494685,0.0,-3.0460178700933564,0.0,0.0,-0.9988583998695758,0.04776920566631441,0.5000056222957486,0.0006503921066770114,0.0,0.0,0.0,0.4308005368414531
2026-09-16T13:11:20.597435,36.25,1.814970767970205,-0.24484870617466614,0.0,-3.037391977165586,0.0,0.0,-0.9986430843601887,0.052076770825090546,0.5000055516254186,0.0006647182082174792,0.0,0.0,0.0,0.25191113614744587
2026-09-16T13:11:20.616846,36.27,1.8050271527427992,-0.24590926197059684,0.0,-3.0348074760715362,0.0,0.0,-0.9985749543206749,0.05336722405617585,0.5000054818507143,0.0006735155163239398,0.0,0.0,0.0,0.12337618631625638
2026-09-16T13:11:20.638020,36.29,1.7950854560064986,-0.2469874283843341,0.0,-3.032346439067352,0.0,0.0,-0.9985085289717291,0.054595948299424935,0.5000054129372702,0.0006694813880846375,0.0,0.0,0.0,0.11697180297680944
2026-09-16T13:11:20.660353,36.31,1.7851463803644285,-0.24808949879616804,0.0,-3.0300001853152185,0.0,0.0,-0.9984437939251918,0.055767287653867674,0.5000053448988673,0.000665130087232612,0.0,0.0,0.0,0.1170097978189246
2026-09-16T13:11:20.677366,36.33,1.7752098954722821,-0.24921468911105524,0.0,-3.027662393854186,0.0,0.0,-0.9983779257001937,0.05693432597808252,0.5000052777156774,0.0006606305068293331,0.0,0.0,0.0,0.1162615400664648
2026-09-16T13:11:20.705710,36.35,1.7652760674008476,-0.2503630999168287,0.0,-3.025323157762776,0.0,0.0,-0.998310651406688,0.058102007606917506,0.5000052113769518,0.000656144404656612,0.0,0.0,0.0,0.11695889843884313
2026-09-16T13:11:20.716466,36.37,1.7553449489250932,-0.2515347122747574,0.0,-3.022987730065005,0.0,0.0,-0.9982421242771974,0.05926770890247413,0.5000051458720031,0.0006517066960994827,0.0,0.0,0.0,0.1168443738211733
2026-09-16T13:11:20.738020,36.39,1.7454165943621527,-0.25272952084560196,0.0,-3.0206545290509155,0.0,0.0,-0.9981723032715255,0.06043221807626959,0.5000050811904939,0.0006473071507352235,0.0,0.0,0.0,0.11669044062503899
2026-09-16T13:11:20.777937,36.41,1.7354910578381344,-0.25394751866466436,0.0,-3.018316017032662,0.0,0.0,-0.9981009602231425,0.061599295463834795,0.5000050173220034,0.000642950890283924,0.0,0.0,0.0,0.11686784068022399
2026-09-16T13:11:20.793814,36.43,1.7255683935244557,-0.25518869915234044,0.0,-3.0159818984799944,0.0,0.0,-0.9980283904899472,0.06276409623379824,0.5000049542562407,0.0006386319722402297,0.0,0.0,0.0,0.11672289575081543
2026-09-16T13:11:20.836758,36.45,1.715648655617243,-0.2564530559150707,0.0,-3.0136464360929054,0.0,0.0,-0.9979544184598438,0.06392948206011918,0.5000048919832577,0.000634353749450338,0.0,0.0,0.0,0.11692533813458346
2026-09-16T13:11:20.859818,36.48,1.700774243540974,-0.2583897061055841,0.0,-3.010141270573124,0.0,0.0,-0.9978408441778697,0.0656783806925564,0.5000000000109506,0.0006240814219680304,0.0,0.0,0.0,0.11670433246476951
2026-09-16T13:11:20.883767,36.49,1.6958181756078348,-0.25905127106466497,0.0,-3.0089724091808754,0.0,0.0,-0.9978022893074318,0.06626153826201416,0.5000047697756863,0.0006259277364771502,0.0,0.0,0.0,0.11658699803991436
2026-09-16T13:11:20.910264,36.51,1.6859075417122689,-0.26038511517312785,0.0,-3.006639333753968,0.0,0.0,-0.9977243138319207,0.06742546691438583,0.5000047098215442,0.0006217585638698448,0.0,0.0,0.0,0.1167442249681693
2026-09-16T13:11:20.929363,36.53,1.6760000507303214,-0.26174210772159645,0.0,-3.0043020988987603,0.0,0.0,-0.9976448379948006,0.0685913786297369,0.500004650620928,0.000617641670663585,0.0,0.0,0.0,0.1166521085653582
2026-09-16T13:11:20.949847,36.55,1.6660957567297425,-0.26312224129403144,0.0,-3.0019656341347165,0.0,0.0,-0.9975640265671363,0.06975681256452157,0.5000045921645087,0.0006135572598841884,0.0,0.0,0.0,0.1169329322569968
2026-09-16T13:11:20.969643,36.57,1.6561947137097648,-0.2645255079881756,0.0,-2.999631684742705,0.0,0.0,-0.9974819428942733,0.07092089677849343,0.5000045344429325,0.0006095180305395603,0.0,0.0,0.0,0.11675598805636868
2026-09-16T13:11:20.992174,36.59,1.6462969757836636,-0.2659519007105212,0.0,-2.99729177031742,0.0,0.0,-0.9973982858219858,0.07208785916757737,0.5000044774467495,0.0006055180793171952,0.0,0.0,0.0,0.11658844918841575
2026-09-16T13:11:21.008873,36.61,1.6364025968870555,-0.2674014111236219,0.0,-2.9949559318330508,0.0,0.0,-0.9973134128000906,0.07325269038769892,0.5000044211670546,0.0006015397676363798,0.0,0.0,0.0,0.11709261610780265
2026-09-16T13:11:21.028890,36.63,1.626511631051846,-0.2688740315624263,0.0,-2.992620488283193,0.0,0.0,-0.9972271941025783,0.07441722476885637,0.5000043655946991,0.0005976148535132053,0.0,0.0,0.0,0.11679418213035123
2026-09-16T13:11:21.049671,36.65,1.6166241322984933,-0.27036975426671456,0.0,-2.990282917194399,0.0,0.0,-0.9971395352099794,0.07558271840325753,0.5000043107209349,0.0005937206315469565,0.0,0.0,0.0,0.11657542835989658
2026-09-16T13:11:21.069802,36.68,1.6017989202836331,-0.27265273228095915,0.0,-2.98697999663199,0.0,0.0,-0.997013353649811,0.07722935092279948,0.5000000000085415,0.0005838743341676606,0.0,0.0,0.0,0.10674149830666774
2026-09-16T13:11:21.088318,36.69,1.596859443601794,-0.27342849928495805,0.0,-2.9859171457027744,0.0,0.0,-0.9969721712232723,0.07775917827725713,0.5000042030339599,0.0005854393280373223,0.0,0.0,0.0,0.10609511601762919
2026-09-16T13:11:21.117854,36.71,1.5869820355537987,-0.2749894736991568,0.0,-2.983791325977144,0.0,0.0,-0.9968889570630709,0.07881882570619066,0.5000041502034469,0.0005810636202740532,0.0,0.0,0.0,0.10624219250512373
2026-09-16T13:11:21.133146,36.72,1.5820441115397703,-0.2757747453716204,0.0,-2.9827246872481306,0.0,0.0,-0.9968467796866941,0.07935047465685093,0.5000000000081215,0.0005752259787549265,0.0,0.0,0.0,0.10608223303168894
2026-09-16T13:11:21.163013,36.75,1.5672372816878541,-0.27817437226632463,0.0,-2.979537063989603,0.0,0.0,-0.9967190439184166,0.08093915918983598,0.5000040465264558,0.0005724323621305243,0.0,0.0,0.0,0.10584398095866282
2026-09-16T13:11:21.186980,36.78,1.5524372230575332,-0.28061511655679533,0.0,-2.97635204574616,0.0,0.0,-0.9965888837415923,0.08252634005387065,0.50000000000744,0.0005625404524946571,0.0,0.0,0.0,0.10637830656534068
2026-09-16T13:11:21.203691,36.79,1.54750623606204,-0.28144312395322085,0.0,-2.9752933807577326,0.0,0.0,-0.996545060251657,0.08305385534712581,0.5000039454392929,0.0005639680131176517,0.0,0.0,0.0,0.10574911264598034
2026-09-16T13:11:21.224011,36.81,1.5376459649592955,-0.28310892530341475,0.0,-2.97316578480069,0.0,0.0,-0.9964561438667974,0.08411393077316262,0.500003895846704,0.0005598005422858636,0.0,0.0,0.0,0.10614355863627263
2026-09-16T13:11:21.245285,36.83,1.5277892542401823,-0.2847956665356904,0.0,-2.971042110471289,0.0,0.0,-0.9963662668346335,0.08517195732173821,0.5000038468774725,0.0005556793014229319,0.0,0.0,0.0,0.10633769057100644
2026-09-16T13:11:21.265950,36.85,1.517936148605876,-0.28650334137217925,0.0,-2.9689151481869938,0.0,0.0,-0.996275124640101,0.08623152569305002,0.5000037985236911,0.0005516099878295086,0.0,0.0,0.0,0.10689057772762287
2026-09-16T13:11:21.282793,36.87,1.508086699242291,-0.2882319803087714,0.0,-2.966782250498623,0.0,0.0,-0.9961825966082848,0.08729395291069952,0.5000037507777663,0.0005475929726151798,0.0,0.0,0.0,0.10645179979535567
2026-09-16T13:11:21.304329,36.89,1.4982409643412316,-0.2899816521307523,0.0,-2.9646509966634955,0.0,0.0,-0.9960890082270646,0.08835546213575543,0.5000037036319874,0.0005436269714948215,0.0,0.0,0.0,0.10661829549481842
2026-09-16T13:11:21.342029,36.91,1.4883989875216128,-0.29175234161170427,0.0,-2.962509888183406,0.0,0.0,-0.9959938481285432,0.08942177861179221,0.5000036570788103,0.000539720480541877,0.0,0.0,0.0,0.10707944104326914
2026-09-16T13:11:21.360370,36.93,1.4785608136991149,-0.2935440409492937,0.0,-2.9603791896830525,0.0,0.0,-0.9958980175107404,0.09048280896489137,0.5000036111107149,0.0005358528883733668,0.0,0.0,0.0,0.10668230296670057
2026-09-16T13:11:21.380047,36.95,1.4687264879252433,-0.29535674306283477,0.0,-2.958243166689487,0.0,0.0,-0.9958008128641117,0.09154638769047334,0.5000035657204892,0.0005320295574073841,0.0,0.0,0.0,0.1071013196953387
2026-09-16T13:11:21.400878,36.98,1.4539818525553398,-0.2981126087776763,0.0,-2.9550406183268447,0.0,0.0,-0.9956529454040495,0.09314081977436575,0.5000000000054228,0.0005233511075476543,0.0,0.0,0.0,0.10695100459417313
2026-09-16T13:11:21.418662,36.99,1.4490695593606748,-0.29904511982528115,0.0,-2.953971339221328,0.0,0.0,-0.9956030063417516,0.09367312188277954,0.5000034766444724,0.0005245317133264846,0.0,0.0,0.0,0.10688726573583868
2026-09-16T13:11:21.448519,37.01,1.4392470461641576,-0.30092077754283114,0.0,-2.951835435579109,0.0,0.0,-0.9955024002266037,0.09473632430631268,0.5000034329443577,0.0005208327428011837,0.0,0.0,0.0,-0.023660046486633474
2026-09-16T13:11:21.465933,37.03,1.4343372760034683,-0.30186638490846207,0.0,-2.9520770382306627,0.0,0.0,-0.9955138372364878,0.09461606560560215,0.5000033114588837,0.0005102169515234205,0.0,0.0,0.0,-0.025536561291014184
2026-09-16T13:11:21.505842,37.05,1.4196047909102363,-0.30468661644665557,0.0,-2.952819595243975,0.0,0.0,-0.9955488975325641,0.0942464462019444,0.5000033481946385,0.0004968738331376765,0.0,0.0,0.0,-0.024946576071069173
2026-09-16T13:11:21.526243,37.07,1.4097819361131245,-0.3065605626129173,0.0,-2.953349983134304,0.0,0.0,-0.9955738561117614,0.09398242935122417,0.5000033060844801,0.00048581297779141914,0.0,0.0,0.0,-0.028142485123572425
2026-09-16T13:11:21.548515,37.1,1.3950447171026523,-0.3093559183257005,0.0,-2.954188710214509,0.0,0.0,-0.9956131813712018,0.09356491372258283,0.500000000004268,0.0004629416253818201,0.0,0.0,0.0,-0.02785205972608394
2026-09-16T13:11:21.566982,37.11,1.390133108541859,-0.31029201874451356,0.0,-2.954467157240245,0.0,0.0,-0.9956261981580514,0.09342630005166926,0.5000032234944342,0.00046384565888162455,0.0,0.0,0.0,-0.02821791642657367
2026-09-16T13:11:21.586429,37.13,1.3803071340874573,-0.31214951158086296,0.0,-2.955023816812293,0.0,0.0,-0.9956521629154971,0.09314918400980433,0.5000031829763959,0.000453092051878599,0.0,0.0,0.0,-0.03905968864866443
2026-09-16T13:11:21.607056,37.15,1.3704799666009875,-0.3140006848388623,0.0,-2.95580820472286,0.0,0.0,-0.9956886188878041,0.09275868809603251,0.5000031429676501,0.0004421697077109432,0.0,0.0,0.0,-0.039013093498901134
2026-09-16T13:11:21.629302,37.17,1.3606513000334601,-0.3158438859316293,0.0,-2.9565931088649284,0.0,0.0,-0.9957249455488228,0.09236792090219277,0.500003103461797,0.00043108915427408494,0.0,0.0,0.0,-0.039507612455931665
2026-09-16T13:11:21.646780,37.19,1.3508211866861612,-0.31767935509546547,0.0,-2.9573857621325357,0.0,0.0,-0.9957614752133794,0.09197328134232395,0.5000030644525869,0.0004201562851287633,0.0,0.0,0.0,-0.03965591578219384
2026-09-16T13:11:21.667413,37.21,1.34098962664164,-0.31950705890546444,0.0,-2.958173806477099,0.0,0.0,-0.9957976374268358,0.09158092211335286,0.5000030259335636,0.0004093850499026656,0.0,0.0,0.0,-0.03945244298968605
2026-09-16T13:11:21.685042,37.23,1.3311566269167447,-0.32132700090972216,0.0,-2.9589610251579073,0.0,0.0,-0.9958336073936287,0.09118895977799125,0.5000029878988499,0.00039877685446545205,0.0,0.0,0.0,-0.03934880960539668
2026-09-16T13:11:21.705708,37.25,1.3213221935650619,-0.32313917957613236,0.0,-2.959755266684275,0.0,0.0,-0.9958697418980589,0.09079348639574061,0.5000029503421453,0.00038832415205543726,0.0,0.0,0.0,-0.03954500961715295
2026-09-16T13:11:21.727628,37.27,1.3114863328257196,-0.3249435943789562,0.0,-2.960543326187571,0.0,0.0,-0.9959054399229381,0.09040107705054767,0.5000029132575124,0.0003780374031530119,0.0,0.0,0.0,-0.039193046250157786
2026-09-16T13:11:21.746119,37.29,1.3016490507287348,-0.3267402436597026,0.0,-2.961331388553648,0.0,0.0,-0.9959409834529308,0.09000865224415355,0.5000028766390173,0.00036791231739038364,0.0,0.0,0.0,-0.03951815481420214
2026-09-16T13:11:21.777429,37.31,1.2918103533754957,-0.32852912614153995,0.0,-2.96212261224328,0.0,0.0,-0.9959765140042366,0.08961463916106946,0.5000028404808008,0.0003579268887006069,0.0,0.0,0.0,-0.03947792266061165
2026-09-16T13:11:21.797041,37.34,1.2770488961174178,-0.33119353661951856,0.0,-2.963305498354011,0.0,0.0,-0.9960293417584162,0.08902556012907845,0.5000000000025233,0.0003380387681495505,0.0,0.0,0.0,-0.039572957584818685
2026-09-16T13:11:21.833401,37.35,1.2721287378162596,-0.3320835884200499,0.0,-2.963700140138929,0.0,0.0,-0.9960468889708112,0.08882902099859377,0.5000027695221343,0.0003384125666858519,0.0,0.0,0.0,-0.03974672506181194
2026-09-16T13:11:21.853735,37.37,1.2622858317645733,-0.3338491654031905,0.0,-2.9644897530535945,0.0,0.0,-0.9960818816130104,0.08843576834225331,0.500002734710402,0.00032887218883179836,0.0,0.0,0.0,-0.039603645230070955
2026-09-16T13:11:21.874203,37.39,1.2524415350776086,-0.3356069716790895,0.0,-2.9652835376959237,0.0,0.0,-0.9961169026363019,0.08804042413721265,0.5000027003360962,0.0003194832543835047,0.0,0.0,0.0,-0.0393579816775225
2026-09-16T13:11:21.908260,37.41,1.2425958538624176,-0.3373570060040028,0.0,-2.966069748107282,0.0,0.0,-0.9961514348186294,0.08764883860488833,0.5000026663939312,0.00031025900166710993,0.0,0.0,0.0,-0.039496837424927135
2026-09-16T13:11:21.929888,37.43,1.2327487942031525,-0.3390992670019289,0.0,-2.966858695959196,0.0,0.0,-0.9961859324938017,0.08725587602823538,0.5000026328784043,0.0003011638580709024,0.0,0.0,0.0,-0.03965240537328135
2026-09-16T13:11:21.956666,37.45,1.2229003623130785,-0.3408337540239274,0.0,-2.967648567276449,0.0,0.0,-0.9962203152601359,0.08686243988626735,0.5000025997842247,0.0002922038632534361,0.0,0.0,0.0,-0.039301859495206974
2026-09-16T13:11:21.968020,37.46,1.2179749778599773,-0.34169427446929357,0.0,-2.9680428952904223,0.0,0.0,-0.9962374220433718,0.08666601941001188,0.5000000000017847,0.00028324106590240814,0.0,0.0,0.0,-0.03933472519324995
2026-09-16T13:11:21.990218,37.49,1.20319940656363,-0.34427940283757374,0.0,-2.9692247316396596,0.0,0.0,-0.9962884606311597,0.08607730951414597,0.5000025348384347,0.00027471910938687893,0.0,0.0,0.0,-0.03957185488916455
2026-09-16T13:11:22.011661,37.51,1.1933468948131525,-0.3459905615345971,0.0,-2.9700141743435133,0.0,0.0,-0.9963223595689253,0.0856840464906332,0.5000025029765043,0.00026616848711771515,0.0,0.0,0.0,-0.03961593248244916
2026-09-16T13:11:22.028794,37.53,1.1834930353089057,-0.34769394154037514,0.0,-2.970807074409043,0.0,0.0,-0.9963562507137732,0.08528904773529138,0.5000024715149931,0.00025775121474930397,0.0,0.0,0.0,-0.03940409164532695
2026-09-16T13:11:22.049424,37.55,1.173637834126257,-0.3493895414162815,0.0,-2.9715982052413836,0.0,0.0,-0.9963899101596296,0.08489491699792841,0.50000244044901,0.00024948301683935255,0.0,0.0,0.0,-0.03962847705280014
2026-09-16T13:11:22.071077,37.57,1.163781297388518,-0.35107735999742923,0.0,-2.972383389111697,0.0,0.0,-0.9964231624325186,0.08450373582261687,0.5000024097735846,0.00024134407864921661,0.0,0.0,0.0,-0.0396290818889933
2026-09-16T13:11:22.096055,37.59,1.1539234312997275,-0.3527573965900054,0.0,-2.97317607927994,0.0,0.0,-0.9964565768081548,0.08410880177350014,0.5000023794836652,0.00023332189241580207,0.0,0.0,0.0,-0.039055076976507834
2026-09-16T13:11:22.148974,37.61,1.1391341586336738,-0.35526286365260823,0.0,-2.9743598622709158,0.0,0.0,-0.9965061855426408,0.08351899290135115,0.5000024279092383,0.00022198051830120763,0.0,0.0,0.0,-0.03906768758724939
2026-09-16T13:11:22.175309,37.63,1.1342037275695462,-0.3560941018051899,0.0,-2.974753752261292,0.0,0.0,-0.996522614864282,0.08332273437696375,0.5000023190318175,0.00021544811564361982,0.0,0.0,0.0,-0.03906307672466171
2026-09-16T13:11:22.222228,37.65,1.124341915636098,-0.3577507877158298,0.0,-2.975544826481692,0.0,0.0,-0.996555494144208,0.08292856619400472,0.5000022899072469,0.00020786405704721712,0.0,0.0,0.0,-0.03910103691513984
2026-09-16T13:11:22.242066,37.67,1.1144787941066803,-0.35939968896853336,0.0,-2.9763326297912713,0.0,0.0,-0.9965880825307828,0.08253601491238634,0.5000022611240671,0.0002004063193681841,0.0,0.0,0.0,-0.03944187338181258
2026-09-16T13:11:22.262922,37.69,1.1046143740064391,-0.36104080340468603,0.0,-2.977117261754054,0.0,0.0,-0.9966203860342963,0.08214503113914037,0.5000022327026087,0.00019305475345508647,0.0,0.0,0.0,-0.03942722786097437
2026-09-16T13:11:22.285430,37.7,1.0996812180596591,-0.3618555951529145,0.0,-2.977517713694719,0.0,0.0,-0.9966368136252798,0.08194548021001152,0.5000000000003347,0.00018601958758349295,0.0,0.0,0.0,-0.03960357221425722
2026-09-16T13:11:22.301022,37.73,1.0848816627335167,-0.3642996680573604,0.0,-2.978702744611724,0.0,0.0,-0.996685192639303,0.08135494314149218,0.5000021769268661,0.00017869964321434097,0.0,0.0,0.0,-0.03898755692370487
2026-09-16T13:11:22.349381,37.75,1.0750133838589075,-0.36591741625925284,0.0,-2.979493551020864,0.0,0.0,-0.9967172827309692,0.08096084427297791,0.5000021495637291,0.0001717213714249377,0.0,0.0,0.0,-0.025924028826243676
2026-09-16T13:11:22.369238,37.77,1.06514399469682,-0.3675283748745978,0.0,-2.9800098148010883,0.0,0.0,-0.9967381480998252,0.08070355706244206,0.5000021225446084,0.00016524555954304423,0.0,0.0,0.0,-0.025359174835821105
2026-09-16T13:11:22.389398,37.79,1.0552738324839583,-0.3691345869529103,0.0,-2.9805169689859388,0.0,0.0,-0.9967585806271542,0.0804508045089728,0.5000020958650355,0.0001592803311711845,0.0,0.0,0.0,-0.025125129214592475
2026-09-16T13:11:22.409025,37.81,1.0454028644141784,-0.3707358388302298,0.0,-2.9810173504860686,0.0,0.0,-0.9967786774778111,0.0802014222167281,0.5000020695207419,0.0001534387886010788,0.0,0.0,0.0,-0.06469105372664952
2026-09-16T13:11:22.429003,37.83,1.0355306211777175,-0.3723292140142125,0.0,-2.982315403907307,0.0,0.0,-0.9968305204000447,0.07955446938403873,0.5000020435077212,0.0001465500331575339,0.0,0.0,0.0,-0.06547960304193924
2026-09-16T13:11:22.447985,37.85,1.0256561497342873,-0.3739087332699406,0.0,-2.9836278523442443,0.0,0.0,-0.9968825113331272,0.07890030797251364,0.5000020178216007,0.00013858384881111404,0.0,0.0,0.0,-0.06568992161407261
2026-09-16T13:11:22.468209,37.87,1.0157796113814717,-0.37547527606692915,0.0,-2.984944029268562,0.0,0.0,-0.9969342188465743,0.07824425405594146,0.500001992458415,0.00013072228364537208,0.0,0.0,0.0,-0.06663258378751521
2026-09-16T13:11:22.490196,37.89,1.0059010008894782,-0.37702869813200923,0.0,-2.986272923170025,0.0,0.0,-0.996985987930657,0.07758182693087266,0.5000019674138912,0.00012292914923809617,0.0,0.0,0.0,-0.06672100084731403
2026-09-16T13:11:22.523466,37.91,0.9960203349362579,-0.37856899150988693,0.0,-2.9876042689595947,0.0,0.0,-0.9970374111537506,0.07691814324219633,0.5000019426843082,0.00011526351951887276,0.0,0.0,0.0,-0.06629883497716905
2026-09-16T13:11:22.542506,37.93,0.9861376305926379,-0.38009615104477557,0.0,-2.9889331989031827,0.0,0.0,-0.99708830045904,0.0762556298754604,0.5000019182654235,0.00010774542919748439,0.0,0.0,0.0,-0.06631269973796253
2026-09-16T13:11:22.569605,37.95,0.9762529050656934,-0.38161017240976447,0.0,-2.9902626651589332,0.0,0.0,-0.9971387698069112,0.07559281545199817,0.5000018941536155,0.00010035231253273502,0.0,0.0,0.0,-0.06668883414411145
2026-09-16T13:11:22.591629,37.97,0.9663661758935687,-0.3831110534109261,0.0,-2.991593567059336,0.0,0.0,-0.9971888523351061,0.07492925182192772,0.500001870344812,9.307400996359799e-05,0.0,0.0,0.0,-0.06680107783297196
2026-09-16T13:11:22.611998,37.99,0.9564774605520222,-0.38459879145717635,0.0,-2.9929236811872744,0.0,0.0,-0.9972384640309003,0.07426604780982186,0.5000018468352748,8.592097400852991e-05,0.0,0.0,0.0,-0.0666438464150025
2026-09-16T13:11:22.630974,38.01,0.9465867765322603,-0.3860733840625621,0.0,-2.994255591329212,0.0,0.0,-0.9972877007426796,0.0736019153784713,0.5000018236212426,7.889715056789611e-05,0.0,0.0,0.0,-0.0663580118842244
2026-09-16T13:11:22.651387,38.03,0.9366941413565777,-0.3875348289552295,0.0,-2.995579922579801,0.0,0.0,-0.9973362187604097,0.07294152965689912,0.5000018006990006,7.201003487518263e-05,0.0,0.0,0.0,-0.06634128230062171
2026-09-16T13:11:22.672632,38.06,0.9218512589694288,-0.38970015190453366,0.0,-2.9975444531259754,0.0,0.0,-0.9974073855430093,0.07196184589251896,0.4999999999986811,5.9283461176498304e-05,0.0,0.0,0.0,-0.06345937104541911
2026-09-16T13:11:22.692414,38.07,0.9169031200021608,-0.39041848949514907,0.0,-2.998177639999889,0.0,0.0,-0.9974301182049786,0.07164606965914036,0.5000017557152635,5.8650934618792294e-05,0.0,0.0,0.0,-0.06352787303485925
2026-09-16T13:11:22.713166,38.09,0.9070048659905791,-0.3918413775641295,0.0,-2.9994474405173213,0.0,0.0,-0.9974754052788802,0.07101278662138043,0.5000017336466424,5.227014950559012e-05,0.0,0.0,0.0,-0.06329811605024113
2026-09-16T13:11:22.732976,38.11,0.8971048173605123,-0.39325172446962575,0.0,-3.000713468479795,0.0,0.0,-0.9975201575151235,0.07038135655841844,0.5000017118553437,4.601561775775256e-05,0.0,0.0,0.0,-0.0632250642669276
2026-09-16T13:11:22.750166,38.13,0.887202991293469,-0.3946495371141383,0.0,-3.001977194656033,0.0,0.0,-0.9975644297630306,0.06975104638325932,0.5000016903378808,3.9874647324771414e-05,0.0,0.0,0.0,-0.06316365353761327
2026-09-16T13:11:22.779059,38.15,0.8772994033693315,-0.3960348112225374,0.0,-3.0032464867662987,0.0,0.0,-0.9976084960891808,0.0691179320486592,0.500001669091025,3.3836176049776034e-05,0.0,0.0,0.0,-0.06336868392343763
2026-09-16T13:11:22.797224,38.16,0.872346700852156,-0.3967208679237952,0.0,-3.003878522274792,0.0,0.0,-0.9976302887682877,0.06880266660604716,0.4999999999983218,2.8630712008632587e-05,0.0,0.0,0.0,-0.06345627833245933
2026-09-16T13:11:22.810091,38.19,0.85748700575927,-0.398767737160841,0.0,-3.0057763897333,0.0,0.0,-0.9976951287588498,0.06785595074024145,0.5000016273950078,2.209320433398414e-05,0.0,0.0,0.0,-0.06324454620539689
2026-09-16T13:11:22.857836,38.22,0.8426229781683596,-0.4007827957471541,0.0,-3.007677136300295,0.0,0.0,-0.9977591666680875,0.06690773744346463,0.4999999999980763,1.1523693049658645e-05,0.0,0.0,0.0,-0.063272096941528
2026-09-16T13:11:22.877786,38.23,0.8376677516304135,-0.4014504852760808,0.0,-3.0083109281650526,0.0,0.0,-0.9977803193585731,0.0665915482678071,0.5000015867406045,1.0752977537873584e-05,0.0,0.0,0.0,-0.06284882380435529
2026-09-16T13:11:22.915831,38.25,0.8277555930307604,-0.4027730368953357,0.0,-3.009579125060763,0.0,0.0,-0.9978223443589719,0.06595884397080773,0.5000015667959226,5.251893503900282e-06,0.0,0.0,0.0,-0.06316209120423362
2026-09-16T13:11:22.937775,38.27,0.8178417678780723,-0.404083037034983,0.0,-3.0108417695977536,0.0,0.0,-0.9978637867932837,0.06532888340212242,0.5000015471018662,-1.5309605178921044e-07,0.0,0.0,0.0,-0.06332688782647987
2026-09-16T13:11:22.957725,38.29,0.8079262921710496,-0.4053804844060546,0.0,-3.012110072702814,0.0,0.0,-0.9979050145587895,0.06469607343898119,0.5000015276553553,-5.475006795846094e-06,0.0,0.0,0.0,-0.06336518971050474
2026-09-16T13:11:22.975713,38.31,0.7980091818439722,-0.4066653772481225,0.0,-3.0133779974535275,0.0,0.0,-0.9979458288992918,0.06406342624700402,0.5000015084532788,-1.06945234830183e-05,0.0,0.0,0.0,-0.0631379347605567
2026-09-16T13:11:23.001241,38.34,0.7831303159668864,-0.40856777803498023,0.0,-3.015274383854799,0.0,0.0,-0.9980061247836494,0.06311715214046797,0.4999999999976835,-1.999612713756584e-05,0.0,0.0,0.0,-0.06349731848510595
2026-09-16T13:11:23.017166,38.35,0.7781701206915465,-0.4091974894058879,0.0,-3.015906781866449,0.0,0.0,-0.9980260324728445,0.06280158044597893,0.5000014707701772,-2.0849251759495517e-05,0.0,0.0,0.0,-0.07178340865336987
2026-09-16T13:11:23.040343,38.38,0.7632862510428794,-0.41106033422147864,0.0,-3.018074001921431,0.0,0.0,-0.9980934989354784,0.061720072770000176,0.4999999999975365,-3.0528983024604944e-05,0.0,0.0,0.0,-0.0723757734191901
2026-09-16T13:11:23.060199,38.39,0.7583242994459958,-0.41167605180888467,0.0,-3.0187973003332353,0.0,0.0,-0.9981157546798998,0.06135910902037365,0.5000014340284378,-3.140887415457643e-05,0.0,0.0,0.0,-0.0725730558564661
2026-09-16T13:11:23.077575,38.41,0.7483987029278121,-0.41289365698498853,0.0,-3.0202487003432963,0.0,0.0,-0.9981600201576389,0.060634760318663466,0.50000141600328,-3.669684157192571e-05,0.0,0.0,0.0,-0.07283509608144617
2026-09-16T13:11:23.098873,38.43,0.7384713491547856,-0.4140968503477692,0.0,-3.021699072183284,0.0,0.0,-0.9982037291647502,0.05991089284584285,0.5000013982045485,-4.1898769817528006e-05,0.0,0.0,0.0,-0.07244125648284892
2026-09-16T13:11:23.117334,38.45,0.728542259190909,-0.4152856304856172,0.0,-3.0231549371426287,0.0,0.0,-0.9982470757787607,0.05918425212126334,0.5000013806296815,-4.6996908115741685e-05,0.0,0.0,0.0,-0.07274731596225033
2026-09-16T13:11:23.137916,38.47,0.7186114538709244,-0.41645999413121537,0.0,-3.024604039066228,0.0,0.0,-0.9982896957548898,0.05846095577057911,0.5000013632756523,-5.1997367046423885e-05,0.0,0.0,0.0,-0.07260104741044603
2026-09-16T13:11:23.159124,38.49,0.7086789541073141,-0.4176199386529282,0.0,-3.026056594315975,0.0,0.0,-0.9983318913467543,0.05773590494668263,0.5000013461397557,-5.6907977139329156e-05,0.0,0.0,0.0,-0.07266892155767048
2026-09-16T13:11:23.192524,38.5,0.703711940934482,-0.4181932838549023,0.0,-3.0267835621577195,0.0,0.0,-0.9983528114693134,0.05737302355042478,0.49999999999718836,-6.0773571776695966e-05,0.0,0.0,0.0,-0.07264457155867975
2026-09-16T13:11:23.208747,38.53,0.688808955017726,-0.41989656080928034,0.0,-3.0289621412821686,0.0,0.0,-0.9984147149940816,0.0562854944305079,0.5000013125114277,-6.644805345027722e-05,0.0,0.0,0.0,-0.07250382447800491
2026-09-16T13:11:23.240889,38.55,0.6788714976378927,-0.42101323423638726,0.0,-3.0304162135690853,0.0,0.0,-0.9984553727074909,0.05555959603475823,0.5000012960136869,-7.107512253034875e-05,0.0,0.0,0.0,-0.07250124270001164
2026-09-16T13:11:23.255259,38.57,0.6689324296520222,-0.4221154796579734,0.0,-3.0318656432167743,0.0,0.0,-0.9984953753666711,0.05483598609827917,0.5000012797232453,-7.560718018329883e-05,0.0,0.0,0.0,-0.07219451611524487
2026-09-16T13:11:23.275107,38.59,0.6589917737275917,-0.4232033104747554,0.0,-3.033311929282161,0.0,0.0,-0.9985347685500023,0.05411391684948695,0.5000012636375673,-8.004992936070416e-05,0.0,0.0,0.0,-0.07239960598109016
2026-09-16T13:11:23.307445,38.61,0.6490495540548873,-0.424276754769804,0.0,-3.034759605771591,0.0,0.0,-0.998573676682126,0.05339112508217738,0.5000012477540078,-8.441114214743768e-05,0.0,0.0,0.0,-0.07264291182123973
2026-09-16T13:11:23.322799,38.63,0.644077859576764,-0.42480807992070707,0.0,-3.0353966679398905,0.0,0.0,-0.9985906327561284,0.05307304562313263,0.5000011537353874,-8.657283057396004e-05,0.0,0.0,0.0,-0.06348076029933462
2026-09-16T13:11:23.356953,38.65,0.6291607118643834,-0.42638237830422054,0.0,-3.0373945003369998,0.0,0.0,-0.9986431500587037,0.05207551095120769,0.500001217592894,-9.665556282093153e-05,0.0,0.0,0.0,-0.057006080703709223
2026-09-16T13:11:23.376133,38.67,0.6192143339909343,-0.42741662768087596,0.0,-3.038530651233057,0.0,0.0,-0.9986725717404089,0.05150819792419342,0.5000012022634073,-9.999167418789817e-05,0.0,0.0,0.0,-0.06589128235554235
2026-09-16T13:11:23.397274,38.69,0.6092667411594213,-0.4284390739598484,0.0,-3.039843838350994,0.0,0.0,-0.998706176417564,0.05085246489020493,0.5000011871513677,-0.0001033223926779993,0.0,0.0,0.0,-0.06508852612830779
2026-09-16T13:11:23.417928,38.71,0.5993177922487521,-0.4294482416699059,0.0,-3.041151125574894,0.0,0.0,-0.9987392024554395,0.050199656160902335,0.50000117222928,-0.00010682606286982288,0.0,0.0,0.0,-0.06557148320599272
2026-09-16T13:11:23.438410,38.73,0.5893675320913657,-0.43044439708573157,0.0,-3.0424634222551967,0.0,0.0,-0.9987719258802336,0.04954432433174507,0.5000011574947563,-0.00011026734825923534,0.0,0.0,0.0,-0.06540134476337955
2026-09-16T13:11:23.455183,38.75,0.5794159805257415,-0.43142756709660407,0.0,-3.0437639635965215,0.0,0.0,-0.9988039319326555,0.04889484181247935,0.5000011429455109,-0.00011361150341253989,0.0,0.0,0.0,-0.06521114420950763
2026-09-16T13:11:23.479290,38.77,0.569463154457722,-0.4323977496769961,0.0,-3.04507086015822,0.0,0.0,-0.9988356689387435,0.04824216470778222,0.5000011285790724,-0.00011689397668608309,0.0,0.0,0.0,-0.08740894634773261
2026-09-16T13:11:23.495643,38.79,0.5595089118992946,-0.4333532878474877,0.0,-3.0468242311740026,0.0,0.0,-0.9988775782987186,0.04736648152530866,0.5000011143932079,-0.00012074456360778179,0.0,0.0,0.0,-0.08747013016251036
2026-09-16T13:11:23.523013,38.82,0.5445742871624056,-0.43475212793037554,0.0,-3.0494457954977685,0.0,0.0,-0.9989388073094232,0.04605713029735053,0.4999999999964308,-0.00012845401943810077,0.0,0.0,0.0,-0.08770598061510079
2026-09-16T13:11:23.537159,38.83,0.5395953756472286,-0.4352109264870508,0.0,-3.05031737104386,0.0,0.0,-0.998958783588309,0.04562180061950575,0.5000010865542386,-0.0001295387832084641,0.0,0.0,0.0,-0.08648041317869534
2026-09-16T13:11:23.573832,38.85,0.5296362091763076,-0.43611370772680325,0.0,-3.0520515478202994,0.0,0.0,-0.9989979661872213,0.04475559801628723,0.5000010728965371,-0.0001337739922353456,0.0,0.0,0.0,-0.0860855366927904
2026-09-16T13:11:23.592179,38.87,0.5196754995574409,-0.4369992994864707,0.0,-3.053769746290643,0.0,0.0,-0.9990360470265681,0.04389734321720127,0.5000010594105778,-0.0001378964588525349,0.0,0.0,0.0,-0.11032900324962515
2026-09-16T13:11:23.615003,38.89,0.5097131297433128,-0.43786601314607143,0.0,-3.0559697307737275,0.0,0.0,-0.9990837293455722,0.04279838498055049,0.500001046094194,-0.00014261680142931804,0.0,0.0,0.0,-0.10871220417107647
2026-09-16T13:11:23.634261,38.91,0.4997488342379417,-0.4387103127959828,0.0,-3.058142714928115,0.0,0.0,-0.9991296397509755,0.0417128633767324,0.5000010329451211,-0.0001478986478620177,0.0,0.0,0.0,-0.10883762072435002
2026-09-16T13:11:23.652561,38.93,0.4897827292799873,-0.4395329762967917,0.0,-3.0603134819719253,0.0,0.0,-0.9991743256806769,0.040628400172350476,0.5000010199613978,-0.00015305214764212556,0.0,0.0,0.0,-0.107249139019659
2026-09-16T13:11:23.675652,38.95,0.4798148656284739,-0.4403340476463477,0.0,-3.06246471064756,0.0,0.0,-0.9992174481665825,0.03955365064646825,0.5000010071408754,-0.00015806983034563545,0.0,0.0,0.0,-0.10749466211260161
2026-09-16T13:11:23.693713,38.98,0.4648597668236566,-0.44149367643615245,0.0,-3.0660469721761916,0.0,0.0,-0.9992866910702085,0.03776385904477535,0.4999999999961547,-0.00016762981108144932,0.0,0.0,0.0,-0.14516598786010887
2026-09-16T13:11:23.714376,38.99,0.45987389606191487,-0.44186936869803295,0.0,-3.067498807688947,0.0,0.0,-0.9993138412332893,0.037038449205767925,0.5000009819810929,-0.000168794976976857,0.0,0.0,0.0,-0.14424790170268295
2026-09-16T13:11:23.757546,39.01,0.4499002639975661,-0.44259512543306573,0.0,-3.070387232436203,0.0,0.0,-0.999366290442406,0.03559518966636619,0.5000009696379492,-0.0001756737585288353,0.0,0.0,0.0,-0.14223765171048758
2026-09-16T13:11:23.759328,39.02,0.44491255356761394,-0.44294544906124217,0.0,-3.0718110614092757,0.0,0.0,-0.9993913779209217,0.034883717366725235,0.4999999999961986,-0.00018113154169534286,0.0,0.0,0.0,-0.14216921952624967
2026-09-16T13:11:23.809124,39.05,0.4299469761070792,-0.4439610304464706,0.0,-3.0760741067975843,0.0,0.0,-0.9994634629888062,0.03275341433229927,0.500000945415089,-0.00018882934931618164,0.0,0.0,0.0,-0.13963309715277572
2026-09-16T13:11:23.831150,39.08,0.4149769768515228,-0.4449090741199405,0.0,-3.0806649161435917,0.0,0.0,-0.9995360122364252,0.03045915695656947,0.49999999999612704,-0.00020108556740997766,0.0,0.0,0.0,-0.1796864038627658
2026-09-16T13:11:23.849648,39.09,0.4099861270330256,-0.4452115112994331,0.0,-3.0824598101541687,0.0,0.0,-0.9995629451932638,0.029562114210051813,0.5000009217973252,-0.0002023317733319069,0.0,0.0,0.0,-0.1770116014773181
2026-09-16T13:11:23.880896,39.11,0.4000025618460526,-0.44578467950706735,0.0,-3.0860003713483777,0.0,0.0,-0.9996137121416793,0.027792561924587306,0.5000009102107192,-0.00021054883499442011,0.0,0.0,0.0,-0.17407748957606137
2026-09-16T13:11:23.898950,39.13,0.3900170472809579,-0.44632280951478676,0.0,-3.0894765907391455,0.0,0.0,-0.9996605087099136,0.026055082533676558,0.5000008987696128,-0.0002184477033952785,0.0,0.0,0.0,-0.17438487891697244
2026-09-16T13:11:23.929292,39.15,0.380029725862513,-0.44682628253350865,0.0,-3.092941114007588,0.0,0.0,-0.9997041430517418,0.024323370761110776,0.500000887472316,-0.00022612692910309329,0.0,0.0,0.0,-0.1699917578572167
2026-09-16T13:11:23.940475,39.17,0.37004073514570035,-0.44729546398704406,0.0,-3.0963470811001796,0.0,0.0,-0.9997441156848027,0.02262085660649904,0.5000008763170953,-0.0002335004288492943,0.0,0.0,0.0,-0.17033752338494534
2026-09-16T13:11:23.962666,39.19,0.3600502097303356,-0.4477307332777241,0.0,-3.1001568368653953,0.0,0.0,-0.9997853918130994,0.02071642626341014,0.5000008653026642,-0.00024065741929758477,0.0,0.0,0.0,-0.20613731331980206
2026-09-16T13:11:23.978299,39.21,0.35005794469374035,-0.4481241416163033,0.0,-3.1042853230867404,0.0,0.0,-0.9998260254311011,0.018652583484522527,0.5000008544262319,-0.0002499552295187023,0.0,0.0,0.0,-0.20604323571735816
2026-09-16T13:11:23.999796,39.23,0.3400641478146756,-0.44847647120902545,0.0,-3.1084011822241884,0.0,0.0,-0.9998622939391826,0.016594973898013024,0.5000008436861575,-0.0002589176659439457,0.0,0.0,0.0,-0.20323559615446327
2026-09-16T13:11:24.019306,39.25,0.3300689904582328,-0.4487878138870047,0.0,-3.112467394775714,0.0,0.0,-0.99989396678627,0.014562114695935664,0.5000008330812238,-0.00026765701182423764,0.0,0.0,0.0,-0.1996300510664817
2026-09-16T13:11:24.036943,39.27,0.3200726603884946,-0.44905887999618405,0.0,-3.116464754860315,0.0,0.0,-0.9999210746264044,0.012563618824867503,0.5000008226095927,-0.00027603271441055334,0.0,0.0,0.0,-0.2171043863574704
2026-09-16T13:11:24.059352,39.29,0.31007530027644126,-0.44928880989611475,0.0,-3.1208024905017986,0.0,0.0,-0.9999459716263647,0.010394894333539798,0.5000008122694288,-0.0002846535120245466,0.0,0.0,0.0,-0.21685759990915332
2026-09-16T13:11:24.081949,39.31,0.3000770269521772,-0.44947491790733296,0.0,-3.1251424672202734,0.0,0.0,-0.9999661741117511,0.008225000444189792,0.5000008020595202,-0.00029362132081500015,0.0,0.0,0.0,-0.21306734773710476
2026-09-16T13:11:24.098181,39.33,0.2900780444561665,-0.4496179112875774,0.0,-3.129407059360909,0.0,0.0,-0.9999814389690801,0.006092759418196867,0.5000007919778079,-0.00030231112698528246,0.0,0.0,0.0,-0.20517174491570167
2026-09-16T13:11:24.125498,39.35,0.2800785508427985,-0.44971896120943816,0.0,-3.1335081201107915,0.0,0.0,-0.9999918300509281,0.004042255731123744,0.5000007820226816,-0.0003105076999295715,0.0,0.0,0.0,-0.20534838411720144
2026-09-16T13:11:24.142217,39.37,0.270078729440344,-0.449779228190828,0.0,-3.137611626630433,0.0,0.0,-0.9999980189286977,0.001990512165230222,0.5000007721928281,-0.00031830609002249225,0.0,0.0,0.0,-0.21580839436296723
2026-09-16T13:11:24.161350,39.4,0.2550787516387402,-0.449788509285296,0.0,3.139105378887142,0.0,0.0,0.9999992266831689,0.0012436370307504121,0.499999999996162,-0.000332810570724963,0.0,0.0,0.0,-0.21591258973556177
2026-09-16T13:11:24.202482,39.43,0.2450788489550673,-0.449743194612447,0.0,3.1345734217347196,0.0,0.0,0.9999938413043422,0.003509608722648381,0.5000006651036124,-0.00033631826633910713,0.0,0.0,0.0,-0.22520194947500996
2026-09-16T13:11:24.246448,39.45,0.23007967654163772,-0.44958692972016423,0.0,3.127852798566634,0.0,0.0,0.9999764021408032,0.0068698734729672325,0.5000007351023328,-0.00036463624882417887,0.0,0.0,0.0,-0.22135240281816898
2026-09-16T13:11:24.267902,39.48,0.2150819194365351,-0.44932852730471884,0.0,3.120956178827397,0.0,0.0,0.9999467674609632,0.010318054291890321,0.49999999999587513,-0.00037906553264064035,0.0,0.0,0.0,-0.24685849666211673
2026-09-16T13:11:24.289459,39.49,0.21008305887175668,-0.4492215538362457,0.0,3.118485945028878,0.0,0.0,0.999933260744803,0.011553097258560812,0.5000007167136596,-0.0003807650869309972,0.0,0.0,0.0,-0.242723639578977
2026-09-16T13:11:24.308012,39.51,0.20008631971719776,-0.4489660374737106,0.0,3.1136312259731875,0.0,0.0,0.9999022714125595,0.013980258366864862,0.5000007077048912,-0.00038961492541398767,0.0,0.0,0.0,-0.24262250175683614
2026-09-16T13:11:24.326607,39.53,0.19009093539020055,-0.4486621370996624,0.0,3.108777193346227,0.0,0.0,0.9998653962159302,0.01640699393432263,0.5000006988090762,-0.00039815252203089847,0.0,0.0,0.0,-0.24267386122831772
2026-09-16T13:11:24.360849,39.55,0.180097143600212,-0.4483097443141333,0.0,3.104039763158972,0.0,0.0,0.9998237277314319,0.018775341946914034,0.5000006900250055,-0.0004065231993589589,0.0,0.0,0.0,-0.23164202482948082
2026-09-16T13:11:24.378525,39.57,0.17010509348411476,-0.4479110459861478,0.0,3.099401281505714,0.0,0.0,0.9997774942671643,0.021094121381801452,0.500000681351426,-0.0004141073339440822,0.0,0.0,0.0,-0.22950204146146005
2026-09-16T13:11:24.400132,39.59,0.16011499141708224,-0.4474662088220415,0.0,3.094809676683947,0.0,0.0,0.9997264316081659,0.023389355356725327,0.5000006727869425,-0.00042146942819313503,0.0,0.0,0.0,-0.22576797866278853
2026-09-16T13:11:24.420217,39.61,0.1501270211952819,-0.44697584161943654,0.0,3.090292575525523,0.0,0.0,0.9996710557844566,0.02564722649313102,0.5000006643301143,-0.00042851094014755215,0.0,0.0,0.0,-0.22233415450008076
2026-09-16T13:11:24.438119,39.63,0.1401413495700887,-0.44644071656536166,0.0,3.085847652665903,0.0,0.0,0.9996115870057132,0.027868891688038414,0.5000006559795162,-0.00043521011799531486,0.0,0.0,0.0,-0.21835404856485208
2026-09-16T13:11:24.458793,39.65,0.13015813405018278,-0.44586158564632966,0.0,3.0814738066200302,0.0,0.0,0.9995482495470549,0.03005489689582018,0.5000006477338123,-0.0004415508797085688,0.0,0.0,0.0,-0.21459578752009972
2026-09-16T13:11:24.478864,39.67,0.12017752119980639,-0.4452392187516628,0.0,3.0771865690365843,0.0,0.0,0.9994815268426634,0.03219747661320924,0.5000006395918982,-0.0004475305239027926,0.0,0.0,0.0,-0.178374657611526
2026-09-16T13:11:24.497825,39.69,0.11019948281738298,-0.44457685657860113,0.0,3.0736223714191215,0.0,0.0,0.9994225606739596,0.03397859938116054,0.5000006315524245,-0.00045222712265163,0.0,0.0,0.0,-0.1740253221689534
2026-09-16T13:11:24.530836,39.71,0.10022378258650824,-0.44388020575562404,0.0,3.070147991260585,0.0,0.0,0.9993620253748965,0.03571473419451291,0.5000006236137202,-0.0004556080493792483,0.0,0.0,0.0,-0.17376069411860073
2026-09-16T13:11:25.073922,39.73,0.09025055764553966,-0.4431489780297261,0.0,3.0667116863441235,0.0,0.0,0.9992991869648302,0.0374317369544785,0.5000006157749424,-0.0004587845847447668,0.0,0.0,0.0,-0.16591220171958232
2026-09-16T13:11:25.110394,39.75,0.08027984730078475,-0.44238422873243305,0.0,3.063400982783148,0.0,0.0,0.9992358551664484,0.03908587660237951,0.5000006080346273,-0.0004615208549023866,0.0,0.0,0.0,-0.16545900344211434
2026-09-16T13:11:25.133493,39.77,0.0703117172260888,-0.4415865554686752,0.0,3.060125889759716,0.0,0.0,0.9991705104997263,0.04072211865456328,0.5000006003918177,-0.00046406170357795397,0.0,0.0,0.0,-0.1724739351777327
2026-09-16T13:11:25.150924,39.79,0.06034628697476256,-0.4407558390709626,0.0,3.056671734349285,0.0,0.0,0.9990986901102223,0.0424477021761815,0.5000005928449999,-0.0004666139172862471,0.0,0.0,0.0,-0.16867752807070815
2026-09-16T13:11:25.186418,39.81,0.050383782428757164,-0.43989073418521835,0.0,3.053301200654733,0.0,0.0,0.9990257356569422,0.0441313890004104,0.5000005853929732,-0.00046931305065651036,0.0,0.0,0.0,-0.1686568240926479
2026-09-16T13:11:25.207739,39.83,0.04042424250440995,-0.4389921458158139,0.0,3.04997018853717,0.0,0.0,0.9989508489915259,0.045795210438535926,0.5000005780346859,-0.00047182414482513574,0.0,0.0,0.0,-0.16004763902614574
2026-09-16T13:11:25.239433,39.85,0.030467678491785954,-0.43806116368730363,0.0,3.046772492442848,0.0,0.0,0.9988763526236555,0.04739232183869631,0.500000570768823,-0.0004738860126067514,0.0,0.0,0.0,-0.1533092168022737
2026-09-16T13:11:25.258707,39.87,0.020514083729873386,-0.4370989561437034,0.0,3.0437079617151737,0.0,0.0,0.9988025624395334,0.04892280924295053,0.5000005635942923,-0.0004755557009038152,0.0,0.0,0.0,-0.18673672160239285
2026-09-16T13:11:25.284301,39.89,0.01056372290831757,-0.43610387611315066,0.0,3.039967839642018,0.0,0.0,0.9987093273836578,0.05079054436488933,0.5000005565099916,-0.0004779690317573901,0.0,0.0,0.0,-0.186590096406511
2026-09-16T13:11:25.313611,39.91,0.0006172374414665903,-0.4350707587386296,0.0,3.0362785033203323,0.0,0.0,0.9986139365328526,0.05263274420320466,0.5000005495148081,-0.0004812951312382347,0.0,0.0,0.0,-0.17746960248104407
2026-09-16T13:11:25.331056,39.93,-0.00932545368541481,-0.43400174340969444,0.0,3.0327224173990386,0.0,0.0,0.998518774774839,0.05440823855037323,0.5000005426074153,-0.0004841446949265305,0.0,0.0,0.0,-0.17766006859298267
2026-09-16T13:11:25.365482,39.95,-0.019264298709315838,-0.43289754589963547,0.0,3.029225490883106,0.0,0.0,0.9984221177199252,0.056154027884559844,0.5000005357869163,-0.0004867740528598877,0.0,0.0,0.0,-0.16678444373532972
2026-09-16T13:11:25.386823,39.97,-0.02919932941249624,-0.43175954108743525,0.0,3.0258934455287534,0.0,0.0,0.9983271782536832,0.05781734307315297,0.5000005290520836,-0.0004888595561371351,0.0,0.0,0.0,-0.16684086652011929
2026-09-16T13:11:25.412834,39.99,-0.039130527174838156,-0.43058856142529633,0.0,3.022665758283848,0.0,0.0,0.9982325700768889,0.05942841103116516,0.5000005224019753,-0.0004907289990901922,0.0,0.0,0.0,-0.15596196584110744
2026-09-16T13:11:25.425376,40.0,-0.04409486174148273,-0.42999247537982865,0.0,3.02111138887129,0.0,0.0,0.998186081755126,0.060204204091981406,0.499999999994219,-0.0004901267608699446,0.0,0.0,0.0,-0.14970280684324325
2026-09-16T13:11:25.447459,40.03,-0.05898193717459169,-0.42815542453541255,0.0,3.0167323561495003,0.0,0.0,0.9980518711285483,0.062389602794084065,0.5000005093514241,-0.0004925036007110013,0.0,0.0,0.0,-0.1347337011721218
2026-09-16T13:11:25.487726,40.05,-0.06890236588057094,-0.42689646794869435,0.0,3.0140400362723927,0.0,0.0,0.9979669804620446,0.06373308330427076,0.5000005029488911,-0.0004926245027792929,0.0,0.0,0.0,-0.13508878267393507
2026-09-16T13:11:25.509401,40.07,-0.07881939564298929,-0.4256110142613322,0.0,3.0113430273309145,0.0,0.0,0.997880128756793,0.0650787878830437,0.5000004966269053,-0.0004924633455755912,0.0,0.0,0.0,-0.1347080462781753
2026-09-16T13:11:25.529041,40.09,-0.08873292543415066,-0.42429884138328156,0.0,3.0085847307337286,0.0,0.0,0.9977894264768484,0.06645495023699834,0.5000004903843844,-0.0004922608865565805,0.0,0.0,0.0,-0.13470242638656757
2026-09-16T13:11:25.549135,40.11,-0.09864278098595182,-0.422959200291711,0.0,3.0058926699108284,0.0,0.0,0.9976990722236074,0.06779794454224271,0.5000004842203296,-0.0004922134145192241,0.0,0.0,0.0,-0.12823716569900068
2026-09-16T13:11:25.570911,40.13,-0.10854908493117311,-0.42159354399741167,0.0,3.003331386768606,0.0,0.0,0.9976114292466285,0.06907558350458678,0.5000004781336145,-0.0004917626901959254,0.0,0.0,0.0,-0.12071159956794623
2026-09-16T13:11:25.587616,40.15,-0.11845195766656677,-0.42020322494063844,0.0,3.000914540308634,0.0,0.0,0.9975272283279487,0.07028106960171099,0.5000004721235517,-0.0004908713110226211,0.0,0.0,0.0,-0.1126160188525713
2026-09-16T13:11:25.608431,40.17,-0.1283515499610429,-0.4187897363426425,0.0,2.9986645288549756,0.0,0.0,0.997447530484778,0.07140324873433912,0.5000004661891079,-0.0004895364373903258,0.0,0.0,0.0,-0.11676458471734036
2026-09-16T13:11:25.630953,40.19,-0.13824791679719706,-0.41735384116673474,0.0,2.996324335454907,0.0,0.0,0.9973632989823877,0.07257030965186972,0.5000004603291133,-0.0004880872611955884,0.0,0.0,0.0,-0.10728864502715177
2026-09-16T13:11:25.648770,40.22,-0.15308669726822932,-0.41516063128238245,0.0,2.9931190398198666,0.0,0.0,0.9972457135302127,0.07416863788433062,0.49999999999359573,-0.0004829474499941592,0.0,0.0,0.0,-0.1068947556155579
2026-09-16T13:11:25.666322,40.23,-0.1580309740182401,-0.41441620313838035,0.0,2.9911391177546314,0.0,0.0,0.9971718008191064,0.0751558357759416,0.5000004488292484,-0.0004845463535173115,0.0,0.0,0.0,-0.19377754165371228
2026-09-16T13:11:25.687354,40.25,-0.16791505412007482,-0.4128980223338695,0.0,2.9872636379876276,0.0,0.0,0.9970242963421527,0.07708795303700348,0.5000004431877688,-0.0004878708626991411,0.0,0.0,0.0,-0.18834304804157526
2026-09-16T13:11:25.709265,40.27,-0.17779325155744752,-0.41134202693970773,0.0,2.9834920785888848,0.0,0.0,0.9968771527404446,0.07896798303175856,0.5000004376168502,-0.000490842999718087,0.0,0.0,0.0,-0.15775391421814333
2026-09-16T13:11:25.730103,40.29,-0.1876659052410241,-0.40975123440118555,0.0,2.980337495031792,0.0,0.0,0.9967513572018527,0.08054025028682607,0.5000004321160478,-0.0004926830111214593,0.0,0.0,0.0,-0.1576107811405561
2026-09-16T13:11:25.754125,40.31,-0.19753362271597108,-0.40813011519930364,0.0,2.9772345184031783,0.0,0.0,0.9966252003470084,0.08208660081453831,0.5000004266842446,-0.0004935442040075922,0.0,0.0,0.0,-0.1531407319356021
2026-09-16T13:11:25.776288,40.32,-0.20246578586612196,-0.4073093188664745,0.0,2.975701296508335,0.0,0.0,0.996561979011865,0.08285060040793313,0.4999999999934857,-0.0004925402695209335,0.0,0.0,0.0,-0.148765293801306
2026-09-16T13:11:25.817520,40.35,-0.21725409059263526,-0.40479818558156844,0.0,2.9712870852553355,0.0,0.0,0.9963766918512114,0.08504991437759468,0.5000004160248231,-0.000494370073182559,0.0,0.0,0.0,-0.1396159904610301
2026-09-16T13:11:25.837909,40.37,-0.22710701989900348,-0.4030894850296013,0.0,2.9684917764459966,0.0,0.0,0.9962568483226604,0.086442421126434,0.5000004107952873,-0.0004942100598374437,0.0,0.0,0.0,-0.10739998939701739
2026-09-16T13:11:25.857526,40.39,-0.2369555771307834,-0.40135575768192217,0.0,2.9663452080147934,0.0,0.0,0.9961634972408118,0.08751163788294175,0.5000004056317854,-0.000492951453357356,0.0,0.0,0.0,-0.10691375094680564
2026-09-16T13:11:25.883172,40.41,-0.24680052919765066,-0.39960167862288715,0.0,2.9641939067015555,0.0,0.0,0.996068789015565,0.08858311096967637,0.5000004005329012,-0.0004907310722301472,0.0,0.0,0.0,-0.10688955457167362
2026-09-16T13:11:25.898541,40.43,-0.256641689691352,-0.3978264502889128,0.0,2.962092969941544,0.0,0.0,0.9959751857027583,0.08962940066940123,0.500000395498249,-0.000488514589695583,0.0,0.0,0.0,-0.10254573688266254
2026-09-16T13:11:25.935348,40.45,-0.26647918608347854,-0.3960310274996465,0.0,2.9600883936889133,0.0,0.0,0.9958848509646644,0.09062760958498339,0.5000003905267391,-0.000486041227393405,0.0,0.0,0.0,-0.09722659870780297
2026-09-16T13:11:25.954162,40.47,-0.27631314295549947,-0.3942163171900731,0.0,2.9582072235405947,0.0,0.0,0.9957991674705795,0.0915642837841306,0.5000003856178621,-0.00048330115144185314,0.0,0.0,0.0,-0.08984190990774538
2026-09-16T13:11:25.977521,40.49,-0.28614382047517245,-0.3923839236537709,0.0,2.9563401203304744,0.0,0.0,0.9957132535701866,0.09249387366022342,0.5000003807707617,-0.00048012393233525983,0.0,0.0,0.0,-0.09212620214666316
2026-09-16T13:11:25.994892,40.51,-0.30088329564680366,-0.3896005081668908,0.0,2.9535841990715346,0.0,0.0,0.9955848553763356,0.09386583907514441,0.500000454319143,-0.00048548397897416485,0.0,0.0,0.0,-0.09204546230714929
2026-09-16T13:11:26.013121,40.53,-0.30579477304236785,-0.38866377881263436,0.0,2.95271176293293,0.0,0.0,0.9955438146795095,0.094300122234123,0.500000370248859,-0.00047966288015162156,0.0,0.0,0.0,-0.08203973876384707
2026-09-16T13:11:26.035281,40.55,-0.3156153502080683,-0.38677802765770847,0.0,2.951071851266665,0.0,0.0,0.9954661580871255,0.09511639240035394,0.5000003656195642,-0.00047617055887128095,0.0,0.0,0.0,-0.0716764179036693
2026-09-16T13:11:26.054385,40.57,-0.32543299955050803,-0.3848770639278214,0.0,2.9496406492027063,0.0,0.0,0.9953978378228231,0.09582872459575363,0.5000003610238386,-0.0004722628634777064,0.0,0.0,0.0,0.00682888919209286
2026-09-16T13:11:26.075994,40.59,-0.33524910048395234,-0.3829681057657873,0.0,2.9497712595449634,0.0,0.0,0.9954040938115083,0.0957637197653163,0.5000003564856814,-0.000465780861147639,0.0,0.0,0.0,0.012744586398985725
2026-09-16T13:11:26.096217,40.61,-0.3450659286490268,-0.381062875337818,0.0,2.9500290182471787,0.0,0.0,0.9954164275107623,0.09563543193665885,0.5000003520047732,-0.0004568842471675569,0.0,0.0,0.0,0.018654936079588368
2026-09-16T13:11:26.118926,40.63,-0.3548833567054407,-0.37916073549020407,0.0,2.9504052415467648,0.0,0.0,0.9954344000376373,0.0954481808192757,0.5000003475800455,-0.00044777026625219434,0.0,0.0,0.0,0.023705380591350324
2026-09-16T13:11:26.154138,40.65,-0.3647015977017173,-0.3772627934041401,0.0,2.950880202463315,0.0,0.0,0.9954570390454058,0.09521178191249988,0.5000003432110767,-0.00043846510977450516,0.0,0.0,0.0,0.029504606159849456
2026-09-16T13:11:26.175213,40.68,-0.3794321253832866,-0.3744323144669672,0.0,2.9523980281095366,0.0,0.0,0.9955290098146077,0.09445628945468229,0.49999999999264155,-0.00041647243046092047,0.0,0.0,0.0,0.09361786485180602
2026-09-16T13:11:26.191756,40.69,-0.384342122838578,-0.37348787859772165,0.0,2.953335448334773,0.0,0.0,0.9955731730775856,0.09398966458195074,0.5000003346369007,-0.0004175684733434079,0.0,0.0,0.0,0.09903118664222606
2026-09-16T13:11:26.213613,40.71,-0.39416730476656303,-0.3716261515029705,0.0,2.955323238075696,0.0,0.0,0.9956660971807136,0.09300012325220712,0.5000003304308168,-0.0004042787448562361,0.0,0.0,0.0,0.09911299028020394
2026-09-16T13:11:26.234626,40.73,-0.4039961955918555,-0.36978410388787947,0.0,2.9574206310356654,0.0,0.0,0.9957630785657623,0.09195592077313695,0.5000003262773192,-0.00039101222427430913,0.0,0.0,0.0,0.11046258423050774
2026-09-16T13:11:26.259982,40.75,-0.4138291311209795,-0.3679637626349716,0.0,2.959627649109832,0.0,0.0,0.9958639464484359,0.09085703145132303,0.5000003221758816,-0.00037728500863436714,0.0,0.0,0.0,0.11614487416545677
2026-09-16T13:11:26.279497,40.76,-0.41874829257566415,-0.36706822958179997,0.0,2.96079035827855,0.0,0.0,0.995916598309582,0.09027806605965058,0.49999999999285977,-0.0003627312881697454,0.0,0.0,0.0,0.11611708913656255
2026-09-16T13:11:26.296301,40.8,-0.4384336431952638,-0.36353477410503265,0.0,2.9677659253968187,0.0,0.0,0.996225410551362,0.08680398246492059,0.4999999999931123,-0.00032894632534757537,0.0,0.0,0.0,0.19389208580117248
2026-09-16T13:11:26.332037,40.81,-0.4433577258624989,-0.36266676705482803,0.0,2.969702865041059,0.0,0.0,0.9963090103789735,0.08583912766140306,0.5000003101790566,-0.00032966917734490405,0.0,0.0,0.0,0.1975092298050751
2026-09-16T13:11:26.348730,40.83,-0.45321375963525895,-0.3609758681918765,0.0,2.97365553981529,0.0,0.0,0.9964767116000455,0.08386991855701172,0.5000003062802041,-0.0003118568614387652,0.0,0.0,0.0,0.21100778502320394
2026-09-16T13:11:26.369370,40.85,-0.4630765767242625,-0.35932499207022317,0.0,2.97787180197799,0.0,0.0,0.9966513059728036,0.08176903021746733,0.5000003024302073,-0.00029382368128933855,0.0,0.0,0.0,0.21332918801574247
2026-09-16T13:11:26.396869,40.87,-0.47294635603395724,-0.35771625342207775,0.0,2.9821417222779587,0.0,0.0,0.9968236080664087,0.07964103465844038,0.500000298628744,-0.0002756022762092498,0.0,0.0,0.0,0.2811115841618955
2026-09-16T13:11:26.414866,40.89,-0.48282372729208556,-0.3561547849632895,0.0,2.987768625211573,0.0,0.0,0.997043728775991,0.07683620831657528,0.5000002948747178,-0.0002555961246204775,0.0,0.0,0.0,0.2812870625384882
2026-09-16T13:11:26.445872,40.91,-0.4927100014002862,-0.35465063552099024,0.0,2.993451127853275,0.0,0.0,0.9972580150413649,0.07400305017873843,0.5000002911684436,-0.00023389298579745663,0.0,0.0,0.0,0.2868655636142865
2026-09-16T13:11:26.465847,40.93,-0.5026047479197355,-0.35320326642286454,0.0,2.9992547543184873,0.0,0.0,0.9974685590576496,0.07110888616379844,0.5000002875084684,-0.00021219507566609363,0.0,0.0,0.0,0.29279009688060526
2026-09-16T13:11:26.504733,40.95,-0.5125078008847409,-0.3518138661782773,0.0,3.005159387054406,0.0,0.0,0.9976741476306321,0.06816373778991114,0.5000002838944936,-0.00019051081836853997,0.0,0.0,0.0,0.30197261610985193
2026-09-16T13:11:26.525749,40.97,-0.5224189927421106,-0.35048376422038036,0.0,3.011199758491845,0.0,0.0,0.997875464315297,0.06515027027979584,0.5000002803257932,-0.00016876821486350602,0.0,0.0,0.0,0.348846466113382
2026-09-16T13:11:26.545545,40.99,-0.5323385044878811,-0.34921718438135146,0.0,3.01817453255647,0.0,0.0,0.9980966000536396,0.06166990320541201,0.5000002768020348,-0.00014583747121564762,0.0,0.0,0.0,0.34857500500288735
2026-09-16T13:11:26.564133,41.01,-0.5422667559120141,-0.34802096597054355,0.0,3.025143985415893,0.0,0.0,0.998305442264102,0.058191442204809235,0.5000002733227117,-0.00012192093395229092,0.0,0.0,0.0,0.35423589317834064
2026-09-16T13:11:26.586167,41.03,-0.5522031501661914,-0.34689439748909445,0.0,3.0322236631929407,0.0,0.0,0.9985051755576563,0.054657244575390326,0.5000002698868317,-9.820951111189254e-05,0.0,0.0,0.0,0.35839627257802587
2026-09-16T13:11:26.607087,41.05,-0.5621473184337423,-0.3458386510719943,0.0,3.0393920099875427,0.0,0.0,0.9986946626390752,0.05107808547923125,0.5000002664957064,-7.460625001962653e-05,0.0,0.0,0.0,0.18597065507818006
2026-09-16T13:11:26.626387,41.07,-0.57209708186303,-0.3448371485922245,0.0,3.0419754997298707,0.0,0.0,0.9987598092624288,0.04978798451511099,0.5000002631520358,-5.632385786811419e-05,0.0,0.0,0.0,0.11915553381943118
2026-09-16T13:11:26.647594,41.09,-0.5820487207939224,-0.34385478821543985,0.0,3.0443549178556903,0.0,0.0,0.9988183356388011,0.04859971596352416,0.5000002598355886,-4.705279799741131e-05,0.0,0.0,0.0,0.11927692303426675
2026-09-16T13:11:26.667329,41.11,-0.5920026454140852,-0.342895875733887,0.0,3.0467368421313257,0.0,0.0,0.9988755076894473,0.04741012695773794,0.5000002565694416,-3.821887911899256e-05,0.0,0.0,0.0,0.1207197459042414
2026-09-16T13:11:26.686039,41.13,-0.6019588379232574,-0.3419608058441306,0.0,3.0491530766162356,0.0,0.0,0.9989320557144367,0.04620333392872941,0.5000002533443478,-2.9491335932291342e-05,0.0,0.0,0.0,0.12302403646101784
2026-09-16T13:11:26.704117,41.15,-0.611917280820225,-0.34105001525126905,0.0,3.051613490508684,0.0,0.0,0.9989881394660859,0.04497440612268383,0.5000002501597911,-2.0781154617067054e-05,0.0,0.0,0.0,0.12498315224805949
2026-09-16T13:11:26.730238,41.17,-0.6218779522676315,-0.34016392920152744,0.0,3.0541169184502674,0.0,0.0,0.9990436519427126,0.04372392380571759,0.5000002470152618,-1.2101287202406466e-05,0.0,0.0,0.0,0.14742864229063793
2026-09-16T13:11:26.744544,41.19,-0.6318409578082077,-0.33930448118009143,0.0,3.0570584970107246,0.0,0.0,0.9991068800219874,0.04225449434947747,0.5000002439103897,-2.8496151852186507e-06,0.0,0.0,0.0,0.14954047232263123
2026-09-16T13:11:26.771033,41.21,-0.6418065136748992,-0.3384751071521583,0.0,3.0600470326716813,0.0,0.0,0.9991689041092185,0.04076151446135357,0.5000002408444011,6.971580983474453e-06,0.0,0.0,0.0,0.1515564831654786
2026-09-16T13:11:26.791257,41.23,-0.6517745232676017,-0.3376757643374913,0.0,3.063084771772539,0.0,0.0,0.9992296629850791,0.03924386080299897,0.5000002378169494,1.675885168730519e-05,0.0,0.0,0.0,0.15374207324659897
2026-09-16T13:11:26.837370,41.26,-0.6667312775023301,-0.3365375654034023,0.0,3.067721842890627,0.0,0.0,0.999317965458454,0.03692700789362988,0.49999999999336736,3.5557831133601916e-05,0.0,0.0,0.0,0.1556706190494379
2026-09-16T13:11:26.853085,41.27,-0.6717176690990642,-0.33616890490075735,0.0,3.0692809886905206,0.0,0.0,0.9993464490904781,0.036147955547340106,0.5000002318758686,3.619924517641259e-05,0.0,0.0,0.0,0.16497075557182445
2026-09-16T13:11:26.872594,41.29,-0.6816927125862382,-0.33546273937156823,0.0,3.0725799889608467,0.0,0.0,0.9994047155850679,0.034499485015425074,0.5000002289609985,4.605969034795605e-05,0.0,0.0,0.0,0.1681020090911002
2026-09-16T13:11:26.906436,41.31,-0.6916700643894559,-0.3347899647136213,0.0,3.075944114726884,0.0,0.0,0.9994613320356229,0.0328183754256421,0.5000002260830491,5.6117533178077316e-05,0.0,0.0,0.0,0.16838727703484205
2026-09-16T13:11:26.923619,41.33,-0.7016496276905452,-0.33415083197144346,0.0,3.079318977267631,0.0,0.0,0.9995152878173775,0.031131807196901274,0.5000002232412759,6.610437342140928e-05,0.0,0.0,0.0,0.17117986333118165
2026-09-16T13:11:26.950907,41.35,-0.7116313065704544,-0.33354563991761627,0.0,3.082747752128835,0.0,0.0,0.9995671909207267,0.02941820584005129,0.5000002204350794,7.603346885431364e-05,0.0,0.0,0.0,0.16897809200591093
2026-09-16T13:11:26.962080,41.37,-0.7216149910512581,-0.3329744906925562,0.0,3.0861131228275784,0.0,0.0,0.9996152773794141,0.027736207918115,0.5000002176641575,8.578161152629451e-05,0.0,0.0,0.0,0.16838916489024092
2026-09-16T13:11:26.984810,41.39,-0.7316005389564857,-0.3324369145218933,0.0,3.089569839937848,0.0,0.0,0.9996617224311397,0.026008473734667522,0.5000002149280647,9.52747186450752e-05,0.0,0.0,0.0,0.17913557292554277
2026-09-16T13:11:27.003393,41.41,-0.7415879370605313,-0.3319348712821837,0.0,3.093156729521751,0.0,0.0,0.9997067594902462,0.024215594758562692,0.5000002122272141,0.00010517096501213319,0.0,0.0,0.0,0.18127056355894597
2026-09-16T13:11:27.024138,41.44,-0.7565724192434116,-0.33125282876908774,0.0,3.098617568119783,0.0,0.0,0.9997691516359803,0.02148588925486142,0.49999999999412026,0.00012388431355257477,0.0,0.0,0.0,0.1833328298357892
2026-09-16T13:11:27.048012,41.45,-0.7615678572638392,-0.33103926173931,0.0,3.100452379831335,0.0,0.0,0.9997884421942566,0.02056868626776181,0.500000206925101,0.0001248067778556087,0.0,0.0,0.0,0.18548613570755954
2026-09-16T13:11:27.063780,41.47,-0.7715601525682652,-0.3306465835512434,0.0,3.1041702120393406,0.0,0.0,0.9998249502158599,0.018710128964098603,0.5000002043239907,0.00013456804366069147,0.0,0.0,0.0,0.21550893770238866
2026-09-16T13:11:27.087364,41.49,-0.7815539182636753,-0.3302932973626757,0.0,3.1084707031252288,0.0,0.0,0.9998628701838902,0.016560218224198776,0.500000201755553,0.00014509448596721535,0.0,0.0,0.0,0.21535863904643157
2026-09-16T13:11:27.109624,41.51,-0.7915491382912756,-0.3299837826588589,0.0,3.112779829184028,0.0,0.0,0.9998962294384915,0.014405913878940673,0.5000001992195412,0.000156315398211423,0.0,0.0,0.0,0.2174161045661049
2026-09-16T13:11:27.125566,41.52,-0.7965473309244812,-0.3298489865522111,0.0,3.114953567722168,0.0,0.0,0.9999112961994422,0.013319149100123738,0.49999999999407946,0.00016633704397185655,0.0,0.0,0.0,0.21731048095873146
2026-09-16T13:11:27.158788,41.55,-0.8115431318008911,-0.32949473144926456,0.0,3.121497502017572,0.0,0.0,0.9999495235350625,0.010047406730172693,0.5000001942423196,0.00017836783561313304,0.0,0.0,0.0,0.22116344968281237
2026-09-16T13:11:27.178674,41.57,-0.8215415448759218,-0.32931601049458614,0.0,3.1259284266372775,0.0,0.0,0.9999693291560322,0.007832033403583996,0.5000001918005978,0.0001893061248029671,0.0,0.0,0.0,0.24189270738308727
2026-09-16T13:11:27.202249,41.59,-0.8315406726737428,-0.3291831696882555,0.0,3.130771317027868,0.0,0.0,0.9999853623700868,0.005410641881150155,0.5000001893895495,0.0002007068580104216,0.0,0.0,0.0,0.24509457291835382
2026-09-16T13:11:27.219679,41.61,-0.8415403351423891,-0.329099521883099,0.0,3.1356783237080723,0.0,0.0,0.9999956275909426,0.0029571606308809494,0.5000001870088034,0.0002126184282908217,0.0,0.0,0.0,0.24509191438682146
2026-09-16T13:11:27.238760,41.63,-0.8515402877075468,-0.3290650019172956,0.0,3.1406034523428197,0.0,0.0,0.9999998776851141,0.0004946006033211065,0.5000001846579827,0.0002244072452323053,0.0,0.0,0.0,0.24739171045703406
2026-09-16T13:11:27.263983,41.65,-0.8615402883974072,-0.3290799476666752,0.0,-3.1376174144115394,0.0,0.0,-0.9999980246848348,0.0019876182804017045,0.5000001823367084,0.00023612041182615262,0.0,0.0,0.0,0.24903056206088617
2026-09-16T13:11:27.277070,41.67,-0.8715400902902597,-0.3291446964766127,0.0,-3.132581842254771,0.0,0.0,-0.9999898506770537,0.004505390425228494,0.50000018004461,0.00024772302089128625,0.0,0.0,0.0,0.2544502626244969
2026-09-16T13:11:27.300549,41.69,-0.8815394334565188,-0.32926032524649035,0.0,-3.1272647615093567,0.0,0.0,-0.9999743390483146,0.0071638847622223535,0.5000001777813172,0.0002594348566822281,0.0,0.0,0.0,0.2780009280280744
2026-09-16T13:11:27.337804,41.71,-0.8915379821099506,-0.32943154515154854,0.0,-3.1217020836998848,0.0,0.0,-0.9999505460613025,0.009945120999909712,0.5000001755464477,0.00027234166465765595,0.0,0.0,0.0,0.2815589683172088
2026-09-16T13:11:27.359226,41.73,-0.901535417803863,-0.32965860718352363,0.0,-3.116073693906148,0.0,0.0,-0.9999185989414624,0.01275913362822185,0.5000001733396663,0.00028511426972388195,0.0,0.0,0.0,0.2817476989403642
2026-09-16T13:11:27.382282,41.75,-0.9115314138880926,-0.32994204361397933,0.0,-3.1104423569512614,0.0,0.0,-0.99987870982938,0.015574518610041636,0.5000001711606227,0.00029777909477945433,0.0,0.0,0.0,0.2831179261456245
2026-09-16T13:11:27.398779,41.77,-0.9215256514051429,-0.330281861633774,0.0,-3.104778950613395,0.0,0.0,-0.9998305986921623,0.01840581209488864,0.5000001690089674,0.0003102576785500017,0.0,0.0,0.0,0.2828304406494185
2026-09-16T13:11:27.419325,41.79,-0.9315178040841608,-0.3306782639128857,0.0,-3.0989289929462474,0.0,0.0,-0.999772485135254,0.021330212527737025,0.5000001668843582,0.0003225352494799881,0.0,0.0,0.0,0.30396927158846315
2026-09-16T13:11:27.455376,41.81,-0.9415073721386112,-0.3311352399357011,0.0,-3.092849110866673,0.0,0.0,-0.9997030230807292,0.024369358695931955,0.5000001647865726,0.0003358051464339738,0.0,0.0,0.0,0.3055573973272556
2026-09-16T13:11:27.476175,41.83,-0.9514939683386513,-0.3316531029711398,0.0,-3.0867380469186645,0.0,0.0,-0.999623895094051,0.027423864734893357,0.5000001627148691,0.00034893377224539654,0.0,0.0,0.0,0.30655963146863513
2026-09-16T13:11:27.497723,41.85,-0.9614772045810682,-0.3322321269873943,0.0,-3.0806005481895418,0.0,0.0,-0.9995350314219538,0.03049132598484245,0.5000001606693459,0.00036190494640014003,0.0,0.0,0.0,0.12960141271206982
2026-09-16T13:11:27.517454,41.87,-0.9714576761997452,-0.3328569582836005,0.0,-3.078585382360647,0.0,0.0,-0.9995038015124527,0.03149842475673571,0.5000001586571502,0.0003694852697859229,0.0,0.0,0.0,0.10212090003728912
2026-09-16T13:11:27.535417,41.89,-0.9814371847390105,-0.3334967520005439,0.0,-3.0765480330029153,0.0,0.0,-0.9994711962787244,0.0325165774517482,0.5000001566544496,0.00037003753190959713,0.0,0.0,0.0,0.098630843375566
2026-09-16T13:11:27.558978,41.91,-0.9914153832914713,-0.33415666300393193,0.0,-3.0745793873370566,0.0,0.0,-0.9994387052847545,0.03350036385971883,0.5000001546852552,0.00037049889505945903,0.0,0.0,0.0,0.09844367076198332
2026-09-16T13:11:27.580568,41.93,-1.001392268486291,-0.33483613973791143,0.0,-3.0726081055592145,0.0,0.0,-0.9994052004903908,0.03448543508151889,0.5000001527406698,0.0003708189045544105,0.0,0.0,0.0,0.0986230329562806
2026-09-16T13:11:27.597484,41.95,-1.0113677929967186,-0.3355353088472881,0.0,-3.070632953405128,0.0,0.0,-0.9993706561420754,0.035472406771426476,0.5000001508206682,0.00037112276078798447,0.0,0.0,0.0,0.08292371804889667
2026-09-16T13:11:27.618490,41.97,-1.0213420041322472,-0.3362529763861159,0.0,-3.0689767592481387,0.0,0.0,-0.9993409388924366,0.03629997043501864,0.5000001489249488,0.00037094249179117086,0.0,0.0,0.0,0.09154924238992236
2026-09-16T13:11:27.636446,41.99,-1.0313149960415822,-0.3369873851802556,0.0,-3.06714821146685,0.0,0.0,-0.9993073331089695,0.03721362646449843,0.5000001470527706,0.0003705099249754014,0.0,0.0,0.0,0.09157205574258741
2026-09-16T13:11:27.668462,42.01,-1.0412866112744275,-0.33774025766991805,0.0,-3.0653173233423576,0.0,0.0,-0.9992728473917003,0.038128420707965474,0.5000001452042659,0.00037032530128938387,0.0,0.0,0.0,0.0916948943949633
2026-09-16T13:11:27.676855,42.03,-1.0512568339366961,-0.3385113526245388,0.0,-3.0634906615811213,0.0,0.0,-0.999237606749146,0.039041071427910426,0.5000001433789962,0.0003701116563987329,0.0,0.0,0.0,0.09226985800457028
2026-09-16T13:11:27.705156,42.05,-1.0612256266573488,-0.33930071887989766,0.0,-3.061655302779612,0.0,0.0,-0.9992013588204491,0.039958034628445306,0.500000141576669,0.0003699114792805078,0.0,0.0,0.0,0.09150921607737017
2026-09-16T13:11:27.718376,42.07,-1.0711929550643255,-0.340108364772915,0.0,-3.0598226812632885,0.0,0.0,-0.9991643253711741,0.040873596680089136,0.5000001397969968,0.0003696645069308745,0.0,0.0,0.0,0.09161365263992716
2026-09-16T13:11:27.736668,42.09,-1.0811587850855473,-0.3409342942859531,0.0,-3.057963360887244,0.0,0.0,-0.9991258950481947,0.041802462178007205,0.500000138039694,0.00036940812934794945,0.0,0.0,0.0,0.09429325032834157
2026-09-16T13:11:27.781219,42.11,-1.0911230433335732,-0.3417789747234972,0.0,-3.056083636670158,0.0,0.0,-0.9990861652194413,0.04274148414726986,0.5000001363043359,0.00036927703372807865,0.0,0.0,0.0,0.09388605871083124
2026-09-16T13:11:27.802412,42.13,-1.1010856937884805,-0.3426424117127547,0.0,-3.0542010565944744,0.0,0.0,-0.9990454904835581,0.043681894927610446,0.5000001345909318,0.0003691216819727368,0.0,0.0,0.0,0.09438113392121646
2026-09-16T13:11:27.831401,42.15,-1.1110466999636077,-0.34352461551088975,0.0,-3.052318981312403,0.0,0.0,-0.999003941829012,0.044622014859215596,0.5000001328992073,0.0003689640219299833,0.0,0.0,0.0,0.09436724285774149
2026-09-16T13:11:27.848939,42.17,-1.1210060261127994,-0.3444255873668172,0.0,-3.050431306259023,0.0,0.0,-0.9989613809321779,0.0455648922535344,0.5000001312284627,0.0003687932208130719,0.0,0.0,0.0,0.09419181253644239
2026-09-16T13:11:27.874503,42.2,-1.1359419095836292,-0.3458109117211818,0.0,-3.0476042119429794,0.0,0.0,-0.9988959748096992,0.046976925282322536,0.4999999999925253,0.000366920524620824,0.0,0.0,0.0,0.09403269145715133
2026-09-16T13:11:27.910015,42.23,-1.1508735706935063,-0.34724108025414296,0.0,-3.044778913423319,0.0,0.0,-0.998828616225826,0.048387967599411635,0.5000001263415987,0.0003681058691624591,0.0,0.0,0.0,0.0942387655754264
2026-09-16T13:11:27.932629,42.25,-1.1608258230460344,-0.3482170930958646,0.0,-3.042891717338527,0.0,0.0,-0.9987825127739861,0.04933043864473773,0.5000001247534217,0.00036784979864722686,0.0,0.0,0.0,0.09436561825630736
2026-09-16T13:11:27.950446,42.27,-1.1707762185975736,-0.3492118576008649,0.0,-3.041010050429565,0.0,0.0,-0.9987356590089101,0.05027010467502469,0.5000001231853506,0.00036757176243538297,0.0,0.0,0.0,0.0944604503669708
2026-09-16T13:11:27.970833,42.29,-1.1807247220042631,-0.35022537036546897,0.0,-3.039123232723943,0.0,0.0,-0.9986877893067087,0.05121229822688233,0.5000001216367049,0.00036728756986225417,0.0,0.0,0.0,0.094243242479905
2026-09-16T13:11:27.990088,42.31,-1.1906712980475385,-0.35125762676742034,0.0,-3.0372369909659525,0.0,0.0,-0.998639045771277,0.05215415861686563,0.5000001201076665,0.00036697295116552327,0.0,0.0,0.0,0.09381383866308651
2026-09-16T13:11:28.013036,42.33,-1.2006159113919592,-0.35230862334718877,0.0,-3.0353576962457605,0.0,0.0,-0.9985895983932966,0.05309250399740597,0.5000001185978477,0.0003666240203847063,0.0,0.0,0.0,0.09441244137810795
2026-09-16T13:11:28.030917,42.35,-1.2105585266478227,-0.35337835714060084,0.0,-3.033472605032639,0.0,0.0,-0.9985391127247396,0.054033696513285365,0.5000001171070063,0.0003662924292051027,0.0,0.0,0.0,0.09419122934269238
2026-09-16T13:11:28.052188,42.37,-1.2204991086158912,-0.3544668233891704,0.0,-3.0315873748985473,0.0,0.0,-0.9984877361432871,0.054974910381495164,0.5000001156349042,0.00036593656993652004,0.0,0.0,0.0,0.09430412426191617
2026-09-16T13:11:28.070541,42.39,-1.2304376219852562,-0.35557401839270214,0.0,-3.0297020531082124,0.0,0.0,-0.9984354698198874,0.05591612115964956,0.5000001141813057,0.00036556636234407565,0.0,0.0,0.0,0.09400717292342702
2026-09-16T13:11:28.098911,42.41,-1.240374031374375,-0.3566999390660937,0.0,-3.0278175300010464,0.0,0.0,-0.9983823389826443,0.056856883554627,0.5000001127459787,0.0003651704611148822,0.0,0.0,0.0,0.0948984047925398
2026-09-16T13:11:28.112607,42.43,-1.2453414439691664,-0.357269891542527,0.0,-3.0268764235751533,0.0,0.0,-0.9983554742633273,0.05732666926001271,0.5000000329939,0.0003620314919476484,0.0,0.0,0.0,0.09404702878697253
2026-09-16T13:11:28.142515,42.45,-1.2602403868900207,-0.3590079950668001,0.0,-3.024049082553373,0.0,0.0,-0.9982734356797722,0.058737957200635516,0.5000001109383901,0.0003699530940261275,0.0,0.0,0.0,0.09417660598796117
2026-09-16T13:11:28.162998,42.47,-1.2701702778543316,-0.36019006642223805,0.0,-3.0221632623912007,0.0,0.0,-0.998217607303841,0.059679213035986736,0.5000001095190589,0.00036943224334698053,0.0,0.0,0.0,0.09404481260100273
2026-09-16T13:11:28.184481,42.48,-1.2751345385415427,-0.3607867973079783,0.0,-3.0212237056170363,0.0,0.0,-0.9981894611512451,0.06014814749090004,0.49999999999230405,0.00036759300618841506,0.0,0.0,0.0,0.09409884389984634
2026-09-16T13:11:28.202432,42.51,-1.2900232797288853,-0.3626103291651877,0.0,-3.0183959935029665,0.0,0.0,-0.998103422672243,0.061559383118691864,0.5000001067829106,0.00036834724302117923,0.0,0.0,0.0,0.0944249448227251
2026-09-16T13:11:28.231131,42.53,-1.2999463251144354,-0.3638485125686251,0.0,-3.016514647793889,0.0,0.0,-0.9980450738465718,0.062498244540074105,0.5000001054405762,0.0003677996052950785,0.0,0.0,0.0,0.09472290459818984
2026-09-16T13:11:28.242629,42.55,-1.3098670197946283,-0.3651053916910282,0.0,-3.0146278690289026,0.0,0.0,-0.9979856695531893,0.06343976171512875,0.500000104115114,0.00036725860084408263,0.0,0.0,0.0,0.09433770265313786
2026-09-16T13:11:28.263889,42.57,-1.3197853284614187,-0.36638096272488835,0.0,-3.01285788893098,0.0,0.0,-0.9979291351878431,0.06432294414315691,0.5000001028063125,0.0003666888090968173,0.0,0.0,0.0,0.08300574539560375
2026-09-16T13:11:28.284426,42.59,-1.3297015069374007,-0.3676729899825346,0.0,-3.011200783330283,0.0,0.0,-0.9978754976994166,0.06514975894922115,0.500000101513966,0.0003654528359742264,0.0,0.0,0.0,0.08244938247743848
2026-09-16T13:11:28.321664,42.61,-1.3396155391785616,-0.368981384185289,0.0,-3.009556361541872,0.0,0.0,-0.9978215935666453,0.0659702009404281,0.5000001002377208,0.00036419055149211426,0.0,0.0,0.0,0.0819887748014537
2026-09-16T13:11:28.342415,42.63,-1.3495274071009797,-0.37030607485318107,0.0,-3.007913598745388,0.0,0.0,-0.9977670702780157,0.06678977069001833,0.500000098977659,0.0003629114175127395,0.0,0.0,0.0,-0.014176233156455248
2026-09-16T13:11:28.370950,42.65,-1.359438056284237,-0.37163986949146005,0.0,-3.008191299266341,0.0,0.0,-0.9977763344368707,0.0666512298290274,0.5000000977336004,0.0003588008981903338,0.0,0.0,0.0,-0.016143927095816284
2026-09-16T13:11:28.384997,42.67,-1.369349421799629,-0.3729683484595805,0.0,-3.0085050079746396,0.0,0.0,-0.9977867766981465,0.06649472344722594,0.5000000965048856,0.0003518510755640677,0.0,0.0,0.0,-0.017525861632271707
2026-09-16T13:11:28.402136,42.69,-1.3792612333017003,-0.3742934968263365,0.0,-3.008865657742994,0.0,0.0,-0.9977987511288374,0.06631479658215285,0.500000095291756,0.00034488959942058383,0.0,0.0,0.0,-0.01814016677745216
2026-09-16T13:11:28.444375,42.71,-1.3891735224564006,-0.3756150680519777,0.0,-3.0092196735807972,0.0,0.0,-0.9978104737414945,0.0661381772637741,0.5000000940938754,0.00033796249149542517,0.0,0.0,0.0,-0.01804247272703725
2026-09-16T13:11:28.463316,42.73,-1.3990862830258641,-0.3769330985009081,0.0,-3.0095774248094247,0.0,0.0,-0.997822288285305,0.06595969224517212,0.5000000929110513,0.00033112094365093096,0.0,0.0,0.0,-0.01798429392634638
2026-09-16T13:11:28.489458,42.75,-1.408999514618642,-0.3782475814194444,0.0,-3.0099333276990743,0.0,0.0,-0.9978340101089004,0.06578212728386706,0.5000000917430948,0.0003243737074043302,0.0,0.0,0.0,-0.017687444344450697
2026-09-16T13:11:28.502770,42.77,-1.4189132159275797,-0.37955851689850123,0.0,-3.010291540914041,0.0,0.0,-0.9978457761176415,0.06560340756532215,0.500000090589819,0.00031772152415980055,0.0,0.0,0.0,-0.017843928380537832
2026-09-16T13:11:28.524539,42.79,-1.4288273857731302,-0.3808659040930412,0.0,-3.0106499962935644,0.0,0.0,-0.9978575180380742,0.0654245649194128,0.5000000894510394,0.0003111564926638475,0.0,0.0,0.0,-0.017408167576104673
2026-09-16T13:11:28.543488,42.81,-1.4387420228740895,-0.3821697429224589,0.0,-3.011011045814785,0.0,0.0,-0.9978693125322464,0.06524442586475739,0.5000000883265736,0.00030469592647020644,0.0,0.0,0.0,-0.018022078968065864
2026-09-16T13:11:28.564703,42.83,-1.448657126030459,-0.38347003268892754,0.0,-3.011368215687146,0.0,0.0,-0.9978809482915006,0.06506622039780316,0.5000000872162422,0.00029831523299903885,0.0,0.0,0.0,-0.018007192910226327
2026-09-16T13:11:28.587232,42.85,-1.4585726939459907,-0.38476677342463406,0.0,-3.0117257858917283,0.0,0.0,-0.9978925652141186,0.06488781311144687,0.5000000861198671,0.00029202076958667595,0.0,0.0,0.0,-0.015657868943499166
2026-09-16T13:11:28.602075,42.87,-1.4684886999011768,-0.3860601594608946,0.0,-3.0120306696162182,0.0,0.0,-0.9979024452383741,0.064735691757126,0.5000000850372732,0.0002858814639971191,0.0,0.0,0.0,-0.015192748908829592
2026-09-16T13:11:28.625254,42.89,-1.4784050917580547,-0.38735058250014803,0.0,-3.012333421976705,0.0,0.0,-0.9979122332467388,0.06458463235558615,0.500000083968287,0.00027991475495491545,0.0,0.0,0.0,-0.015476454953555086
2026-09-16T13:11:28.642332,42.91,-1.4883218755838803,-0.3886379896583637,0.0,-3.0126361966890247,0.0,0.0,-0.9979219991083005,0.06443356032141287,0.5000000829127375,0.00027401841763853503,0.0,0.0,0.0,-0.015381055565057365
2026-09-16T13:11:28.664738,42.94,-1.5031981706827664,-0.39056045499673986,0.0,-3.013094787837522,0.0,0.0,-0.9979367472047826,0.06420473953173277,0.4999999999920527,0.0002617826199945113,0.0,0.0,0.0,-0.014989956326479809
2026-09-16T13:11:28.687772,42.95,-1.5081566126793253,-0.3912037775287424,0.0,-3.0132502083886656,0.0,0.0,-0.9979417335595661,0.06412718939831974,0.500000080841275,0.0002624980086575755,0.0,0.0,0.0,-0.015028313378298479
2026-09-16T13:11:28.703542,42.97,-1.5180745643449611,-0.3924821563076395,0.0,-3.0135530114774296,0.0,0.0,-0.9979514310774172,0.06397609874425739,0.5000000798250307,0.0002568781877849419,0.0,0.0,0.0,-0.015107237459960014
2026-09-16T13:11:28.729814,42.99,-1.5279929035057376,-0.39375752507505235,0.0,-3.013854549488265,0.0,0.0,-0.9979610653477957,0.06382563787297901,0.5000000788215602,0.0002513327886727281,0.0,0.0,0.0,-0.015161492390815833
2026-09-16T13:11:28.756009,43.01,-1.5379116290943156,-0.3950298849138029,0.0,-3.0141594244798746,0.0,0.0,-0.997970783173258,0.06367351044629159,0.5000000778307029,0.00024585876469740984,0.0,0.0,0.0,-0.015629308125934036
2026-09-16T13:11:28.774689,43.03,-1.5478307402354707,-0.3962992354171314,0.0,-3.014465349230526,0.0,0.0,-0.9979805111496184,0.06352085772048705,0.5000000768523003,0.0002404527801274646,0.0,0.0,0.0,-0.015145054406651929
2026-09-16T13:11:28.804917,43.05,-1.5577502359921294,-0.3975655766581874,0.0,-3.014764873173874,0.0,0.0,-0.9979900129668007,0.06337139747966011,0.5000000758861958,0.00023514513702309973,0.0,0.0,0.0,-0.015101227943700203
2026-09-16T13:11:28.827984,43.07,-1.5676701155033312,-0.39882890811445953,0.0,-3.015068328298652,0.0,0.0,-0.9979996166669381,0.06321997415884058,0.5000000749322346,0.00022990276519470326,0.0,0.0,0.0,-0.01512261497207324
2026-09-16T13:11:28.847099,43.09,-1.577590377754543,-0.40008923046728134,0.0,-3.0153710585467635,0.0,0.0,-0.9980091745333484,0.06306891109940403,0.5000000739904076,0.0002247350470698542,0.0,0.0,0.0,-0.01515832506288573
2026-09-16T13:11:28.875561,43.11,-1.5875110218981274,-0.40134654309057055,0.0,-3.015675447527193,0.0,0.0,-0.99801876171556,0.06291701887200495,0.5000000730601344,0.00021963845887917695,0.0,0.0,0.0,-0.014745347410516889
2026-09-16T13:11:28.889857,43.13,-1.5974320470906758,-0.4026008453191651,0.0,-3.015975375369786,0.0,0.0,-0.9980281857760803,0.06276735135805556,0.5000000721416956,0.00021462986005206332,0.0,0.0,0.0,-0.015381798436462467
2026-09-16T13:11:28.916990,43.15,-1.6073534524687025,-0.4038521366421035,0.0,-3.0162781446588016,0.0,0.0,-0.9980376763531552,0.06261626449729071,0.5000000712348013,0.00020966437318879457,0.0,0.0,0.0,-0.005349175217061941
2026-09-16T13:11:28.938620,43.17,-1.6172751446672653,-0.40510114975253064,0.0,-3.016388780043522,0.0,0.0,-0.9980411386133885,0.0625610552603702,0.5000000703393066,0.00020506354700674295,0.0,0.0,0.0,-0.004648057459876178
2026-09-16T13:11:28.960053,43.19,-1.6271969347376005,-0.4063493829470074,0.0,-3.016482331188984,0.0,0.0,-0.9980440638507437,0.06251437124607898,0.5000000694550679,0.00020084769548840922,0.0,0.0,0.0,-0.004627566122712636
2026-09-16T13:11:28.979413,43.21,-1.6371188441660254,-0.40759666690638047,0.0,-3.01658385157708,0.0,0.0,-0.9980472358065788,0.062463710255214,0.5000000685819437,0.00019669811307477234,0.0,0.0,0.0,-0.0050897729262281595
2026-09-16T13:11:29.003869,43.23,-1.647040874319758,-0.40884299010792224,0.0,-3.016678301847077,0.0,0.0,-0.9980501845507979,0.06241657727013215,0.5000000677197943,0.0001926080475777197,0.0,0.0,0.0,-0.004708040147297493
2026-09-16T13:11:29.019877,43.25,-1.656963024786139,-0.4100883550873419,0.0,-3.0167756823788956,0.0,0.0,-0.9980532224474813,0.06236798186728787,0.5000000668684818,0.0001885825090592088,0.0,0.0,0.0,-0.004770142311567475
2026-09-16T13:11:29.038405,43.27,-1.666885295615691,-0.41133276069631697,0.0,-3.016874034818427,0.0,0.0,-0.9980562882622664,0.062318901307290515,0.5000000660278698,0.00018461539707213053,0.0,0.0,0.0,-0.004937640304121216
2026-09-16T13:11:29.060320,43.29,-1.676807686536282,-0.41257620835206305,0.0,-3.016967173442954,0.0,0.0,-0.9980591893283974,0.062272422444787104,0.5000000651978241,0.00018070632595042354,0.0,0.0,0.0,-0.004583807296292606
2026-09-16T13:11:29.088851,43.31,-1.6867301975192737,-0.4138186975365621,0.0,-3.0170673832396884,0.0,0.0,-0.9980623082289797,0.062222414712394786,0.5000000643782117,0.00017685445286381415,0.0,0.0,0.0,-0.004954207905499886
2026-09-16T13:11:29.105960,43.33,-1.696652828452467,-0.41506022839442974,0.0,-3.017159853902547,0.0,0.0,-0.9980651840361633,0.06217626890429664,0.5000000635689014,0.00017305872829712795,0.0,0.0,0.0,-0.00539273264763189
2026-09-16T13:11:29.142157,43.35,-1.7065755792609814,-0.41630080077326315,0.0,-3.017259087769646,0.0,0.0,-0.9980682678034262,0.0621267478938685,0.5000000627697638,0.00016929387044238925,0.0,0.0,0.0,-0.00493653924189879
2026-09-16T13:11:29.161580,43.37,-1.7164984498384435,-0.41754041477221654,0.0,-3.0173560453088184,0.0,0.0,-0.9980712784588958,0.062078362699296404,0.500000061980671,0.0001656053795168388,0.0,0.0,0.0,-0.005048223971001351
2026-09-16T13:11:29.183834,43.39,-1.7264214400267925,-0.4187790709044186,0.0,-3.0174531353170937,0.0,0.0,-0.9980742908772325,0.062029911251825505,0.5000000612014969,0.00016196951393923463,0.0,0.0,0.0,-0.004888138664308982
2026-09-16T13:11:29.202966,43.41,-1.7363445497797123,-0.4200167687896325,0.0,-3.0175487360142146,0.0,0.0,-0.9980772547883738,0.06198220288198528,0.5000000604321165,0.00015839371046819244,0.0,0.0,0.0,-0.043903002418392054
2026-09-16T13:11:29.223226,43.43,-1.746268139744168,-0.421250615243263,0.0,-3.0184150645466117,0.0,0.0,-0.9981040096277072,0.06154986567892524,0.5000000596725479,0.0001537213269344655,0.0,0.0,0.0,-0.04418123782161666
2026-09-16T13:11:29.242822,43.45,-1.7561929287490623,-0.42247479024237483,0.0,-3.01930283815446,0.0,0.0,-0.9981312324690111,0.06110681443090286,0.5000000589222405,0.000147959725622897,0.0,0.0,0.0,-0.044271079857540696
2026-09-16T13:11:29.262302,43.47,-1.766118800490583,-0.4236901548005757,0.0,-3.020193933472319,0.0,0.0,-0.9981583593953552,0.06066209334644586,0.5000000581815055,0.00014226744784102152,0.0,0.0,0.0,-0.044089748968792315
2026-09-16T13:11:29.280307,43.49,-1.7760457446307492,-0.42489672840461656,0.0,-3.0210783771201912,0.0,0.0,-0.9981850878960509,0.06022068001902019,0.5000000574500814,0.00013668522649476437,0.0,0.0,0.0,-0.04458107433600607
2026-09-16T13:11:29.314826,43.51,-1.7859737538374745,-0.426094506366028,0.0,-3.021963777738511,0.0,0.0,-0.9982116497949085,0.059778777285312314,0.500000056727994,0.00013116998643805596,0.0,0.0,0.0,-0.044272493344082106
2026-09-16T13:11:29.326338,43.53,-1.7959028201476923,-0.42728348915941766,0.0,-3.022849579837585,0.0,0.0,-0.9982380279719769,0.059336662449269745,0.5000000560148417,0.00012574805996007506,0.0,0.0,0.0,-0.043925953747605766
2026-09-16T13:11:29.359319,43.55,-1.8058329356819667,-0.42846367659767925,0.0,-3.023737924165089,0.0,0.0,-0.9982642851942151,0.058893267065792516,0.5000000553106533,0.00012042098324682546,0.0,0.0,0.0,-0.04458314143869987
2026-09-16T13:11:29.381330,43.57,-1.815764092730202,-0.42963506707797705,0.0,-3.0246218218987786,0.0,0.0,-0.9982902155161223,0.0584520795590201,0.5000000546153164,0.00011516529963245127,0.0,0.0,0.0,-0.04445360129658653
2026-09-16T13:11:29.399459,43.59,-1.8256962834972577,-0.430797659703375,0.0,-3.0255110873506346,0.0,0.0,-0.9983161065426184,0.05800820129591626,0.5000000539287195,0.00010999018771604716,0.0,0.0,0.0,-0.04415954092977624
2026-09-16T13:11:29.421996,43.61,-1.8356295001071834,-0.431951454273007,0.0,-3.0263927005022797,0.0,0.0,-0.9983415799467551,0.05756813136985481,0.5000000532507529,0.00010491544726951859,0.0,0.0,0.0,-0.0441267320912378
2026-09-16T13:11:29.440703,43.63,-1.8455637347898102,-0.4330964496887123,0.0,-3.027280532805081,0.0,0.0,-0.998367037001869,0.057124945760224664,0.5000000525813081,9.990959583813695e-05,0.0,0.0,0.0,-0.04415640859198932
2026-09-16T13:11:29.475842,43.65,-1.855498979744681,-0.4342326451093867,0.0,-3.028166585770005,0.0,0.0,-0.9983922468888445,0.05668263713205755,0.5000000519202777,9.498841114654341e-05,0.0,0.0,0.0,-0.044109380551653955
2026-09-16T13:11:29.497330,43.67,-1.8654352272635077,-0.43536003888518515,0.0,-3.0290480230983663,0.0,0.0,-0.9984171310238253,0.05624262154410694,0.5000000512675564,9.014740554829295e-05,0.0,0.0,0.0,-0.04439972989902987
2026-09-16T13:11:29.517377,43.69,-1.875372469545955,-0.4364786301622176,0.0,-3.02993742602577,0.0,0.0,-0.9984420434759433,0.05579861843793648,0.5000000506230393,8.536221995599115e-05,0.0,0.0,0.0,-0.0446236079565885
2026-09-16T13:11:29.535591,43.71,-1.8853106987290804,-0.437588418647298,0.0,-3.0308237520619823,0.0,0.0,-0.9984666733155446,0.055356140383786986,0.5000000499866236,8.065779468617187e-05,0.0,0.0,0.0,-0.04420762520265436
2026-09-16T13:11:29.554943,43.73,-1.895249907048784,-0.4386894031727933,0.0,-3.0317091130751286,0.0,0.0,-0.9984910805662374,0.05491413324152201,0.5000000493582074,7.604282448486817e-05,0.0,0.0,0.0,-0.04271934246621527
2026-09-16T13:11:29.577053,43.75,-1.9051900738707899,-0.43978169950415574,0.0,-3.0325624107133744,0.0,0.0,-0.9985144187383549,0.05448812321602969,0.5000000487376904,7.154438883683616e-05,0.0,0.0,0.0,-0.04265502647628235
2026-09-16T13:11:29.599999,43.77,-1.9151311660212755,-0.4408655411537314,0.0,-3.0334210633683316,0.0,0.0,-0.9985377198998334,0.054059429679212505,0.500000048124973,6.716342284259237e-05,0.0,0.0,0.0,-0.042531595502797566
2026-09-16T13:11:29.615752,43.79,-1.9250731803304313,-0.44194089067229436,0.0,-3.034274414564849,0.0,0.0,-0.9985606948457074,0.05363337309230226,0.5000000475199573,6.286960134162053e-05,0.0,0.0,0.0,-0.04284006192702678
2026-09-16T13:11:29.637326,43.81,-1.9350161089989142,-0.44300775235439976,0.0,-3.0351237021388027,0.0,0.0,-0.9985833798922791,0.05320933567441278,0.5000000469225464,5.863664865085029e-05,0.0,0.0,0.0,-0.04276410374801654
2026-09-16T13:11:29.655308,43.83,-1.944959944890488,-0.44406612440444115,0.0,-3.0359827179783414,0.0,0.0,-0.998606141614796,0.052780431309435355,0.5000000463326445,5.446208529972099e-05,0.0,0.0,0.0,-0.04287221586314252
2026-09-16T13:11:29.677697,43.85,-1.9549046806120103,-0.4451160074208,0.0,-3.0368332099809545,0.0,0.0,-0.9986284959904302,0.05235577328137968,0.5000000457501576,5.036873282692277e-05,0.0,0.0,0.0,-0.0426881725789696
2026-09-16T13:11:29.698954,43.87,-1.964850308986892,-0.4461573999750965,0.0,-3.037689770626997,0.0,0.0,-0.998650827351005,0.051928075557959925,0.5000000451749922,4.633901215654258e-05,0.0,0.0,0.0,-0.04273023629497254
2026-09-16T13:11:29.715061,43.89,-1.9747968227901875,-0.44719030108370295,0.0,-3.0385391563951814,0.0,0.0,-0.9986727907741657,0.051503950987661785,0.5000000446071994,4.238284375096396e-05,0.0,0.0,0.0,-0.042804098168644084
2026-09-16T13:11:29.749618,43.91,-1.9847442146828012,-0.44821471086321124,0.0,-3.0393924264897962,0.0,0.0,-0.9986946732761225,0.051077877499941325,0.5000000440464022,3.84779545972251e-05,0.0,0.0,0.0,-0.04263201937797179
2026-09-16T13:11:29.768015,43.93,-1.9946924774961654,-0.4492306277869569,0.0,-3.040251469110494,0.0,0.0,-0.9987165201884538,0.05064891215678516,0.5000000434925111,3.464194720421644e-05,0.0,0.0,0.0,-0.042946913662134906
2026-09-16T13:11:29.794610,43.95,-2.004641604018246,-0.45023805073474354,0.0,-3.0411027971162023,0.0,0.0,-0.9987379891278481,0.05022378990938885,0.5000000429458663,3.0876462329763185e-05,0.0,0.0,0.0,-0.042870592857242644
2026-09-16T13:11:29.806163,43.97,-2.014591587014226,-0.4512369788034756,0.0,-3.0419564004267157,0.0,0.0,-0.9987593337589825,0.049797522321028694,0.5000000424058085,2.7169383474425107e-05,0.0,0.0,0.0,-0.042383464771992944
2026-09-16T13:11:29.829506,43.99,-2.0245424191723216,-0.45222741185833454,0.0,-3.0428081032127605,0.0,0.0,-0.998780449540385,0.049372194764933076,0.5000000418728232,2.35386699732894e-05,0.0,0.0,0.0,-0.04243964082124826
2026-09-16T13:11:29.868549,44.01,-2.0344940931590507,-0.4532093500001003,0.0,-3.043661376263518,0.0,0.0,-0.9988014226230003,0.048946074063919986,0.500000041346396,1.996235164874344e-05,0.0,0.0,0.0,-0.04286756483903666
2026-09-16T13:11:29.889568,44.03,-2.0444466018120915,-0.45418279160433045,0.0,-3.044515605581221,0.0,0.0,-0.9988222371039525,0.04851946688346564,0.5000000408264427,1.6433027055962837e-05,0.0,0.0,0.0,-0.042428543592354456
2026-09-16T13:11:29.911656,44.05,-2.0543999378709454,-0.45514773602997716,0.0,-3.0453712954144057,0.0,0.0,-0.9988429044927416,0.04809212143900378,0.5000000403133092,1.2978407670997986e-05,0.0,0.0,0.0,-0.04286273421986958
2026-09-16T13:11:29.928597,44.07,-2.0643540941479688,-0.4561041818835956,0.0,-3.0462276061399773,0.0,0.0,-0.998863403839366,0.04766445709787885,0.5000000398064844,9.575851524839809e-06,0.0,0.0,0.0,-0.04250515459943766
2026-09-16T13:11:29.949440,44.09,-2.074309063343384,-0.4570521289269793,0.0,-3.047079304950797,0.0,0.0,-0.9988836111486697,0.0472390874022045,0.5000000393060303,6.2498085958432414e-06,0.0,0.0,0.0,-0.042845514169497854
2026-09-16T13:11:29.972028,44.11,-2.084264838185423,-0.45799157663974394,0.0,-3.0479333997707077,0.0,0.0,-0.9989036933950342,0.046812512448698204,0.5000000388118666,2.965457451039557e-06,0.0,0.0,0.0,-0.04262573338156859
2026-09-16T13:11:29.995460,44.13,-2.0942214113787387,-0.45892252475683765,0.0,-3.048787140206881,0.0,0.0,-0.9989235852526188,0.04638610595915531,0.5000000383239144,-2.5430693726007174e-07,0.0,0.0,0.0,-0.042787159594574915
2026-09-16T13:11:30.008824,44.15,-2.1041787756484114,-0.45984497280501085,0.0,-3.049638383867899,0.0,0.0,-0.9989432377118797,0.04596093808558525,0.5000000378420955,-3.4222866753460908e-06,0.0,0.0,0.0,-0.04265780104772031
2026-09-16T13:11:30.032899,44.17,-2.1141369237831102,-0.46075891962505344,0.0,-3.050494463454366,0.0,0.0,-0.998962819309492,0.04553334643128304,0.5000000373663327,-6.538327041963645e-06,0.0,0.0,0.0,-0.04263804817267192
2026-09-16T13:11:30.050449,44.19,-2.124095848501856,-0.46166436480717116,0.0,-3.0513430072806296,0.0,0.0,-0.9989820479189371,0.045109510479349864,0.5000000368965501,-9.591985616715762e-06,0.0,0.0,0.0,-0.04284699153638249
2026-09-16T13:11:30.081195,44.21,-2.1340555426427574,-0.4625613066298734,0.0,-3.0521999941068847,0.0,0.0,-0.9990012853366056,0.044681449123880966,0.5000000364326725,-1.2613238999938563e-05,0.0,0.0,0.0,-0.0461078344796423
2026-09-16T13:11:30.099877,44.23,-2.1440160216109394,-0.4634494904445986,0.0,-3.053126649925415,0.0,0.0,-0.999021880269095,0.04421857916760876,0.5000000359746251,-1.566737150945173e-05,0.0,0.0,0.0,-0.046177819868864864
2026-09-16T13:11:30.125717,44.25,-2.153977322971213,-0.46432840354756005,0.0,-3.0540427753770016,0.0,0.0,-0.9990420303431776,0.0437609598590051,0.5000000355223352,-1.8754199543240303e-05,0.0,0.0,0.0,-0.04661311028503344
2026-09-16T13:11:30.142113,44.27,-2.1639394319175658,-0.4651981149070129,0.0,-3.054969312389894,0.0,0.0,-0.999062196210913,0.04329813047034762,0.5000000350757301,-2.1821317154845307e-05,0.0,0.0,0.0,-0.046152554516135424
2026-09-16T13:11:30.162631,44.29,-2.1739023405572477,-0.46605861674502713,0.0,-3.0558911963769098,0.0,0.0,-0.999082048002648,0.04283761616657199,0.5000000346347387,-2.481539301876843e-05,0.0,0.0,0.0,-0.04623410955421122
2026-09-16T13:11:30.184250,44.31,-2.18386604031922,-0.4669099089847924,0.0,-3.0568208919592244,0.0,0.0,-0.9991018530306289,0.0423731904718484,0.5000000341992905,-2.7765246456570056e-05,0.0,0.0,0.0,-0.04584388702188794
2026-09-16T13:11:30.201425,44.33,-2.193830522750743,-0.4677519901899649,0.0,-3.0577450400325765,0.0,0.0,-0.9991213259207773,0.04191152693839526,0.5000000337693158,-3.063534783307156e-05,0.0,0.0,0.0,-0.04606347708518763
2026-09-16T13:11:30.223139,44.35,-2.2037957793387513,-0.46858485962089863,0.0,-3.058666700211728,0.0,0.0,-0.9991405339239227,0.041451097334313104,0.5000000333447456,-3.346065476599909e-05,0.0,0.0,0.0,-0.046129961892583164
2026-09-16T13:11:30.242186,44.37,-2.2137618003629664,-0.46940853113873415,0.0,-3.0595936382825593,0.0,0.0,-0.9991596379138701,0.04098802219946756,0.5000000329256551,-3.624487399644975e-05,0.0,0.0,0.0,-0.04598223762096108
2026-09-16T13:11:30.261043,44.39,-2.2237285748333373,-0.4702230345867705,0.0,-3.060512078133761,0.0,0.0,-0.9991783550768543,0.04052918387917087,0.5000000325116912,-3.894890928335968e-05,0.0,0.0,0.0,-0.04589830394754328
2026-09-16T13:11:30.296513,44.41,-2.2336960947465307,-0.47102836401837495,0.0,-3.0614291400344493,0.0,0.0,-0.9991968339224652,0.04007102543386546,0.5000000321027878,-4.160670708424901e-05,0.0,0.0,0.0,-0.045545421282809744
2026-09-16T13:11:30.318353,44.44,-2.248648808682614,-0.47221846122316724,0.0,-3.062810515200251,0.0,0.0,-0.9992242721468818,0.039380883084744855,0.49999999999213873,-4.633495785175168e-05,0.0,0.0,0.0,-0.046242632642187184
2026-09-16T13:11:30.351093,44.46,-2.2586181524546984,-0.4730008802006626,0.0,-3.0637309084102142,0.0,0.0,-0.9992422892866253,0.03892103931325894,0.49999999999227934,-4.885329549052049e-05,0.0,0.0,0.0,-0.04616877456370952
2026-09-16T13:11:30.371975,44.47,-2.263603042316166,-0.47338930632614334,0.0,-3.0641858113437035,0.0,0.0,-0.999251116086543,0.03869375918411329,0.5000000309072192,-4.931829530934675e-05,0.0,0.0,0.0,-0.04577893721813691
2026-09-16T13:11:30.388576,44.49,-2.2735734593218644,-0.4741579359767748,0.0,-3.0651065319547866,0.0,0.0,-0.9992688232702669,0.03823373955103233,0.500000030518483,-5.1802697390234424e-05,0.0,0.0,0.0,-0.046201727762684296
2026-09-16T13:11:30.409300,44.51,-2.283544579494222,-0.47491738897639757,0.0,-3.066032661597017,0.0,0.0,-0.9992864208332803,0.03777100922946389,0.5000000301347742,-5.4251779415683815e-05,0.0,0.0,0.0,-0.04636045761068975
2026-09-16T13:11:30.429107,44.53,-2.2935163944113617,-0.47566766436502617,0.0,-3.0669539273250437,0.0,0.0,-0.9993037133852117,0.037310701072567856,0.5000000297560317,-5.664240446495815e-05,0.0,0.0,0.0,-0.045800078994577005
2026-09-16T13:11:30.460718,44.55,-2.303488895695911,-0.4764087605760921,0.0,-3.067875717282687,0.0,0.0,-0.9993208035612487,0.036850123062209486,0.5000000293817656,-5.896918045301706e-05,0.0,0.0,0.0,-0.04582762038450641
2026-09-16T13:11:30.478996,44.57,-2.3134620748592685,-0.47714067751976774,0.0,-3.0687920703148004,0.0,0.0,-0.9993375825300913,0.036392253886136164,0.5000000290124882,-6.124855703502091e-05,0.0,0.0,0.0,-0.04607469356029087
2026-09-16T13:11:30.499745,44.59,-2.3234359233842445,-0.4778634155193555,0.0,-3.069713616592657,0.0,0.0,-0.9993542450169324,0.03593178212442456,0.500000028647711,-6.350308889304068e-05,0.0,0.0,0.0,-0.045551793687039745
2026-09-16T13:11:30.520539,44.61,-2.33341043277908,-0.4785769745794339,0.0,-3.0706306348294943,0.0,0.0,-0.999370615018675,0.03547356532962883,0.500000028287519,-6.56951537523547e-05,0.0,0.0,0.0,-0.046262220175788606
2026-09-16T13:11:30.539444,44.63,-2.343385594654992,-0.4792813532748467,0.0,-3.071553941254232,0.0,0.0,-0.9993868850087079,0.03501219891111777,0.5000000279318543,-6.787532149439089e-05,0.0,0.0,0.0,-0.04580969665769705
2026-09-16T13:11:30.558980,44.65,-2.3533614005613206,-0.4799765510290566,0.0,-3.0724745121730175,0.0,0.0,-0.9994028947477969,0.034552191966993925,0.5000000275806603,-6.999134299180538e-05,0.0,0.0,0.0,-0.04589567061498706
2026-09-16T13:11:30.581155,44.67,-2.3633378410861385,-0.4806625812536384,0.0,-3.0733920161408617,0.0,0.0,-0.9994186404699965,0.03409371028655949,0.5000000272338807,-7.206794727360514e-05,0.0,0.0,0.0,-0.045753610617426
2026-09-16T13:11:30.601537,44.69,-2.3733149058275966,-0.48133947245387304,0.0,-3.0743118573661277,0.0,0.0,-0.9994342151675691,0.033634053463492984,0.50000002689146,-7.409132554202356e-05,0.0,0.0,0.0,-0.04579563799467051
2026-09-16T13:11:30.619144,44.71,-2.3832925866282744,-0.48200722092336357,0.0,-3.075223265028922,0.0,0.0,-0.9994494385598254,0.03317860398585074,0.5000000265533433,-7.606563926120457e-05,0.0,0.0,0.0,-0.04555923208597252
2026-09-16T13:11:30.639096,44.73,-2.393270875077082,-0.48266582660801666,0.0,-3.076138717897371,0.0,0.0,-0.9994645205843226,0.032721126098443125,0.5000000262194767,-7.800801625674927e-05,0.0,0.0,0.0,-0.045915099127470875
2026-09-16T13:11:30.660609,44.75,-2.4032497627725573,-0.4833152893250985,0.0,-3.0770580041311395,0.0,0.0,-0.9994794550448511,0.03226172567063741,0.5000000258898065,-7.992445290993094e-05,0.0,0.0,0.0,-0.04567079203836777
2026-09-16T13:11:30.680316,44.77,-2.413229241313401,-0.48395560890150036,0.0,-3.077972352454577,0.0,0.0,-0.9994940998220202,0.03180478613305662,0.5000000255642802,-8.178605038747915e-05,0.0,0.0,0.0,-0.045937805692630826
2026-09-16T13:11:30.704988,44.79,-2.423209302419276,-0.4845867832773483,0.0,-3.078889061243758,0.0,0.0,-0.9995085726937711,0.03134666029516324,0.5000000252429885,-8.362396216543044e-05,0.0,0.0,0.0,-0.045978555113071605
2026-09-16T13:11:30.723733,44.81,-2.4331899376716177,-0.4852088125317692,0.0,-3.0798062131313473,0.0,0.0,-0.9995228424233223,0.030888306428199584,0.5000000249254513,-8.542471693490206e-05,0.0,0.0,0.0,-0.04594726235682274
2026-09-16T13:11:30.741162,44.83,-2.443171138664795,-0.4858216965634853,0.0,-3.080722901569181,0.0,0.0,-0.9995368949099209,0.03043017768324131,0.5000000246120464,-8.718510162173667e-05,0.0,0.0,0.0,-0.045730161777272495
2026-09-16T13:11:30.788521,44.85,-2.453152897047057,-0.48642543440371866,0.0,-3.0816389065883514,0.0,0.0,-0.9995507271726041,0.02997238410134151,0.500000024302581,-8.890196496280273e-05,0.0,0.0,0.0,-0.0460235139612119
2026-09-16T13:11:30.809177,44.87,-2.4631352044328123,-0.487020025627765,0.0,-3.08255498159013,0.0,0.0,-0.9995643507959876,0.029514549256185615,0.5000000239970054,-9.059286856780477e-05,0.0,0.0,0.0,-0.04587477719647621
2026-09-16T13:11:30.830220,44.89,-2.4731180524208782,-0.48760547007853,0.0,-3.083471506084112,0.0,0.0,-0.9995777712427777,0.02905648356771952,0.5000000236954136,-9.224489116707867e-05,0.0,0.0,0.0,-0.045731240056209994
2026-09-16T13:11:30.865505,44.91,-2.4831014326288385,-0.4881817672922753,0.0,-3.084389569459706,0.0,0.0,-0.9995910037784435,0.028597642651168088,0.5000000233973287,-9.385743905658032e-05,0.0,0.0,0.0,-0.04586593017016655
2026-09-16T13:11:30.887740,44.93,-2.4930853366835213,-0.4887489166441452,0.0,-3.0853035397516315,0.0,0.0,-0.9996039681008861,0.028140841440202194,0.5000000231031317,-9.543481480917489e-05,0.0,0.0,0.0,-0.04579293483220483
2026-09-16T13:11:30.907067,44.95,-2.5030697562073123,-0.48930691758048,0.0,-3.0862187869004245,0.0,0.0,-0.9996167413446854,0.02768339616868705,0.5000000228126328,-9.698349669727131e-05,0.0,0.0,0.0,-0.03819147556145513
2026-09-16T13:11:30.925618,44.97,-2.5130546514703176,-0.4898563401344435,0.0,-3.086984406033263,0.0,0.0,-0.9996272655698116,0.02730073129828727,0.5000000225259295,-9.827881564610934e-05,0.0,0.0,0.0,-0.03823678826995004
2026-09-16T13:11:30.945423,44.99,-2.5230399524247864,-0.4903983371958633,0.0,-3.0877462458981415,0.0,0.0,-0.9996375924393271,0.026919951376362595,0.5000000222425456,-9.932031184668827e-05,0.0,0.0,0.0,-0.037807802289799214
2026-09-16T13:11:30.982554,45.01,-2.5330256611608055,-0.4909327684905942,0.0,-3.0885019131175193,0.0,0.0,-0.9996476923482371,0.026542252783894698,0.5000000219628651,-0.00010031240860021062,0.0,0.0,0.0,-0.03069080416631319
2026-09-16T13:11:30.986435,45.03,-2.5430117428375794,-0.4914601857879757,0.0,-3.089121217361409,0.0,0.0,-0.9996558632876741,0.02623270848721412,0.500000021686701,-0.00010106312900324772,0.0,0.0,0.0,-0.03088493979605093
2026-09-16T13:11:31.018752,45.05,-2.5529981379163487,-0.49198163378808585,0.0,-3.0897302073587967,0.0,0.0,-0.9996638046734391,0.025928317065020013,0.5000000214140082,-0.0001015865192525031,0.0,0.0,0.0,-0.03042936842919551
2026-09-16T13:11:31.042349,45.07,-2.5629848503370476,-0.49249696828153156,0.0,-3.0903438906721044,0.0,0.0,-0.9996717135010027,0.02562157735131158,0.500000021144886,-0.00010208925490362816,0.0,0.0,0.0,-0.030733057180150066
2026-09-16T13:11:31.060633,45.09,-2.572971875443862,-0.4930062069726977,0.0,-3.0909500823860303,0.0,0.0,-0.9996794333763582,0.025318579824375603,0.5000000208790052,-0.00010257211571028695,0.0,0.0,0.0,-0.030332801553602236
2026-09-16T13:11:31.089021,45.11,-2.5829592096361798,-0.4935093473101805,0.0,-3.091560944595487,0.0,0.0,-0.999687119828917,0.02501324545445072,0.5000000206164665,-0.00010304011558406108,0.0,0.0,0.0,-0.030547684490617264
2026-09-16T13:11:31.101603,45.13,-2.592946849204585,-0.49400638882111225,0.0,-3.0921736943765206,0.0,0.0,-0.9996947363410326,0.024706965253412313,0.5000000203572279,-0.00010349827431299675,0.0,0.0,0.0,-0.03037827175906244
2026-09-16T13:11:31.137069,45.15,-2.6029347903922084,-0.49449733198302886,0.0,-3.0927855766914956,0.0,0.0,-0.9997022484327531,0.024401116337127337,0.5000000201012478,-0.00010392962527787828,0.0,0.0,0.0,-0.030567679511524545
2026-09-16T13:11:31.157171,45.17,-2.6129230295278867,-0.49498217553700913,0.0,-3.093393797019179,0.0,0.0,-0.9997096228323988,0.024097095598905546,0.5000000198484852,-0.00010434806888020435,0.0,0.0,0.0,-0.03075406323344258
2026-09-16T13:11:31.176876,45.19,-2.6229115628796955,-0.4954609194483554,0.0,-3.0940045484582477,0.0,0.0,-0.9997169348865665,0.023791807434673313,0.5000000195988996,-0.0001047645256947236,0.0,0.0,0.0,-0.030413468884133373
2026-09-16T13:11:31.198851,45.21,-2.6329003866875964,-0.49593356427933105,0.0,-3.094618546062632,0.0,0.0,-0.9997241918320435,0.02348489441678459,0.5000000193524513,-0.0001051558374778187,0.0,0.0,0.0,-0.03034236162107926
2026-09-16T13:11:31.220839,45.23,-2.6428894972400294,-0.4964001095877988,0.0,-3.0952275444921584,0.0,0.0,-0.9997312966167425,0.02318047810133919,0.5000000191091009,-0.00010552091827433688,0.0,0.0,0.0,-0.030473091326910985
2026-09-16T13:11:31.241712,45.25,-2.6528788908398018,-0.4968605546099272,0.0,-3.0958381180052736,0.0,0.0,-0.9997383267221277,0.022875272300896466,0.5000000188688091,-0.00010588108021455787,0.0,0.0,0.0,-0.030518546706761164
2026-09-16T13:11:31.255829,45.27,-2.662868563754832,-0.49731489932096895,0.0,-3.0964227091457523,0.0,0.0,-0.9997449703556225,0.022583052243564238,0.5000000186315378,-0.000106229207074604,0.0,0.0,0.0,-0.02766591521808811
2026-09-16T13:11:31.280142,45.29,-2.6728584892750624,-0.49776365547448675,0.0,-3.0969790438715177,0.0,0.0,-0.999751213544956,0.022304954951486253,0.5000000183972491,-0.00010640657492056288,0.0,0.0,0.0,-0.028261209288942855
2026-09-16T13:11:31.296723,45.31,-2.68284866358837,-0.49820683847044345,0.0,-3.0975365370008796,0.0,0.0,-0.9997573921342855,0.022026276872240264,0.5000000181659052,-0.00010659718605673395,0.0,0.0,0.0,-0.02737763061586984
2026-09-16T13:11:31.320130,45.33,-2.692839082982481,-0.498644461909978,0.0,-3.0980977135551067,0.0,0.0,-0.9997635330939431,0.021745755804668702,0.5000000179374694,-0.00010674624600923624,0.0,0.0,0.0,-0.027822456399499877
2026-09-16T13:11:31.355583,45.36,-2.7078251489761738,-0.4992908384947203,0.0,-3.0989296966930597,0.0,0.0,-0.9997724926407265,0.021329860734385944,0.4999999999923677,-0.00010653468959301376,0.0,0.0,0.0,-0.027966416487030025
2026-09-16T13:11:31.374986,45.37,-2.7128206449785957,-0.49950302168022337,0.0,-3.099210474868686,0.0,0.0,-0.9997754772681025,0.02118950337638839,0.5000000174891756,-0.00010703935948663554,0.0,0.0,0.0,-0.027426826376693657
2026-09-16T13:11:31.394418,45.39,-2.7228117813504844,-0.4999239586057354,0.0,-3.09976285011071,0.0,0.0,-0.9997812914153185,0.020913376961122596,0.5000000172693889,-0.00010714894419235332,0.0,0.0,0.0,-0.027718963560419828
2026-09-16T13:11:31.414324,45.41,-2.7328031504993158,-0.5003393336354616,0.0,-3.1003170979170847,0.0,0.0,-0.9997870486214662,0.02063631286780902,0.5000000170522236,-0.00010727018059147672,0.0,0.0,0.0,-0.027649390070227074
2026-09-16T13:11:31.434888,45.43,-2.7427947493526483,-0.5007491460617756,0.0,-3.100877265474568,0.0,0.0,-0.9997927893027693,0.02035628792752758,0.500000016837788,-0.00010738730916470632,0.0,0.0,0.0,-0.027764807163506072
2026-09-16T13:11:31.469835,45.45,-2.752786574802035,-0.501153396040818,0.0,-3.101434844858441,0.0,0.0,-0.9997984255721427,0.020077555216325496,0.5000000166260479,-0.00010748816248170486,0.0,0.0,0.0,-0.02785674655454467
2026-09-16T13:11:31.492378,45.47,-2.7627786238028027,-0.5015520821488758,0.0,-3.1019913198072273,0.0,0.0,-0.9998039732000827,0.019799373053918302,0.500000016416969,-0.00010758068554404667,0.0,0.0,0.0,-0.02783517337066583
2026-09-16T13:11:31.511994,45.49,-2.77277089323651,-0.5019452047773606,0.0,-3.1025485398808903,0.0,0.0,-0.9998094506998992,0.01952081686727566,0.5000000162103754,-0.00010766473362132336,0.0,0.0,0.0,-0.02798592958689566
2026-09-16T13:11:31.531113,45.51,-2.7827633799793814,-0.5023327644769563,0.0,-3.1031031472783526,0.0,0.0,-0.9998148254532053,0.01924356526157409,0.5000000160066626,-0.0001077430003537412,0.0,0.0,0.0,-0.02802459922668865
2026-09-16T13:11:31.554265,45.53,-2.792756080934987,-0.502714761113281,0.0,-3.1036651422535964,0.0,0.0,-0.9998201933741425,0.018962619051499853,0.5000000158052261,-0.00010782004818994266,0.0,0.0,0.0,-0.027440941897471465
2026-09-16T13:11:31.568924,45.55,-2.8027489929921776,-0.5030911949417108,0.0,-3.104214837746367,0.0,0.0,-0.9998253674433385,0.018687820011789816,0.5000000156064631,-0.00010785598985947325,0.0,0.0,0.0,-0.033391972445663415
2026-09-16T13:11:31.591915,45.57,-2.8127421295262782,-0.5034616205524942,0.0,-3.1048908281552534,0.0,0.0,-0.9998316267263603,0.018349882771292392,0.5000000154101977,-0.00010807972225736266,0.0,0.0,0.0,-0.03354144293283271
2026-09-16T13:11:31.612890,45.59,-2.8227355192916415,-0.503825151787811,0.0,-3.1055715110766045,0.0,0.0,-0.9998378140457425,0.018009597558837437,0.5000000152165421,-0.00010846790047313508,0.0,0.0,0.0,-0.03428339759861195
2026-09-16T13:11:31.630036,45.61,-2.8327291544248494,-0.5041818740293199,0.0,-3.1062498542041865,0.0,0.0,-0.999843864879647,0.017670479974523794,0.5000000150250364,-0.00010886648495337215,0.0,0.0,0.0,-0.03428180709331686
2026-09-16T13:11:31.650388,45.63,-2.842723030299379,-0.50453178670788,0.0,-3.106934039765427,0.0,0.0,-0.9998498513185599,0.017328439579306684,0.5000000148362221,-0.00010926036865446288,0.0,0.0,0.0,-0.033986128765146055
2026-09-16T13:11:31.669615,45.65,-2.8527171423076725,-0.5048748887212203,0.0,-3.1076167590153627,0.0,0.0,-0.999855708293633,0.016987130206054614,0.500000014649497,-0.00010962449062515306,0.0,0.0,0.0,-0.03377651409927678
2026-09-16T13:11:31.693395,45.67,-2.8627114858101748,-0.5052111798607893,0.0,-3.1082969971460015,0.0,0.0,-0.9998614281082269,0.016647059241108222,0.5000000144652601,-0.00010996607392527736,0.0,0.0,0.0,-0.03411915077242422
2026-09-16T13:11:31.710438,45.69,-2.872706056176682,-0.5055406596312856,0.0,-3.1089799228346977,0.0,0.0,-0.999867054169957,0.016305642750049566,0.500000014283482,-0.00011030904316381367,0.0,0.0,0.0,-0.033535690725096094
2026-09-16T13:11:31.735360,45.71,-2.8827008487496073,-0.5058633283591393,0.0,-3.1096601948812315,0.0,0.0,-0.9998725424677657,0.015965551009785892,0.5000000141038475,-0.0001106182886399994,0.0,0.0,0.0,-0.034231161302236655
2026-09-16T13:11:31.755185,45.73,-2.8926958588980956,-0.5061791855620629,0.0,-3.110342551964821,0.0,0.0,-0.9998779313770926,0.01562441503116684,0.500000013926328,-0.00011093962128236268,0.0,0.0,0.0,-0.033873242132790485
2026-09-16T13:11:31.783504,45.75,-2.902691081973405,-0.5064882313075458,0.0,-3.11102611288788,0.0,0.0,-0.9998832130969574,0.0152826753843868,0.500000013751324,-0.00011123600187338895,0.0,0.0,0.0,-0.033794035588579456
2026-09-16T13:11:31.800634,45.77,-2.912686513328482,-0.5067904656255086,0.0,-3.111707129909987,0.0,0.0,-0.9998883590116449,0.014942205760863999,0.5000000135783786,-0.00011151227893209132,0.0,0.0,0.0,-0.034152215507026844
2026-09-16T13:11:31.820520,45.79,-2.922682148337344,-0.5070858878477142,0.0,-3.112389438105884,0.0,0.0,-0.9998933984197117,0.014601088886780553,0.500000013407607,-0.00011178936101314391,0.0,0.0,0.0,-0.03419924188437536
2026-09-16T13:11:31.849479,45.81,-2.9326779823266,-0.5073744989025706,0.0,-3.113069442925415,0.0,0.0,-0.9998983050303657,0.014261121884404445,0.5000000132389819,-0.00011205401495750535,0.0,0.0,0.0,-0.020598084959407417
2026-09-16T13:11:31.861397,45.83,-2.937675976735129,-0.5075162629221003,0.0,-3.113273969560362,0.0,0.0,-0.9998997581916366,0.014158868892204104,0.4999999347376874,-0.00011091880419900784,0.0,0.0,0.0,-0.02064932282502738
2026-09-16T13:11:31.893343,45.85,-2.9526700853588834,-0.5079362660946739,0.0,-3.1138994046936785,0.0,0.0,-0.9999041370273546,0.013846181985702687,0.5000000139174625,-0.00011225602226152931,0.0,0.0,0.0,-0.020251083343719348
2026-09-16T13:11:31.914006,45.88,-2.967664447633274,-0.5083476440382646,0.0,-3.1145120807205084,0.0,0.0,-0.9999083317221803,0.01353987269386768,0.49999999999249406,-0.00011071083894353533,0.0,0.0,0.0,-0.02050103328424555
2026-09-16T13:11:31.952745,45.91,-2.9826590876688233,-0.5087485994191886,0.0,-3.115126348083203,0.0,0.0,-0.9999124431118352,0.013232766533148668,0.5000000133747925,-0.00011059222229114418,0.0,0.0,0.0,-0.020627475812011575
2026-09-16T13:11:31.974480,45.93,-2.9926556393930377,-0.509011178369571,0.0,-3.1155367829626974,0.0,0.0,-0.9999151376510299,0.013027566784398613,0.5000000132065813,-0.00011004967907253048,0.0,0.0,0.0,-0.02079209253468931
2026-09-16T13:11:31.992884,45.95,-3.002652297966205,-0.5092696575682536,0.0,-3.115947540940012,0.0,0.0,-0.9999177921510273,0.012822204951373544,0.5000000130404844,-0.00010951339176941324,0.0,0.0,0.0,-0.02057488886815814
2026-09-16T13:11:32.013183,45.97,-3.0126490617029313,-0.5095240371285725,0.0,-3.1163571999119624,0.0,0.0,-0.9999203975408236,0.012617392036443477,0.5000000128764752,-0.00010897110109605878,0.0,0.0,0.0,-0.02054942230116587
2026-09-16T13:11:32.033731,45.99,-3.0226459289221137,-0.5097743170025233,0.0,-3.1167716188849557,0.0,0.0,-0.999922990517953,0.01241019877494544,0.5000000127145277,-0.0001084318411929961,0.0,0.0,0.0,-0.020403264060065762
2026-09-16T13:11:32.070918,46.01,-3.03264289793428,-0.5100204974794996,0.0,-3.117177537150818,0.0,0.0,-0.9999254886864999,0.012207255017582325,0.5000000125546158,-0.00010787800435034144,0.0,0.0,0.0,-0.020301570285136104
2026-09-16T13:11:32.091824,46.03,-3.0426399670655218,-0.5102625782264296,0.0,-3.1175844791398366,0.0,0.0,-0.9999279518101212,0.012003798932675001,0.5000000123967139,-0.00010733622733813104,0.0,0.0,0.0,-0.020408397227463234
2026-09-16T13:11:32.112540,46.05,-3.0526371346373935,-0.5105005590810495,0.0,-3.1179973532129712,0.0,0.0,-0.999930408532193,0.01179737651521021,0.5000000122407967,-0.00010680954356461789,0.0,0.0,0.0,-0.02066795446231793
2026-09-16T13:11:32.132357,46.07,-3.062634398964619,-0.5107344401662914,0.0,-3.118407395098742,0.0,0.0,-0.9999328062261019,0.011592369593526289,0.5000000120868393,-0.00010628482665412733,0.0,0.0,0.0,-0.020466831314727242
2026-09-16T13:11:32.153394,46.09,-3.0726317583647154,-0.510964221494484,0.0,-3.118818770950809,0.0,0.0,-0.9999351694842046,0.011386695244668841,0.5000000119348171,-0.00010575690590437675,0.0,0.0,0.0,-0.020513433530800085
2026-09-16T13:11:32.171960,46.11,-3.082629211167686,-0.5111899025289349,0.0,-3.1192265481032493,0.0,0.0,-0.9999374703173417,0.011182819651387226,0.5000000117848489,-0.00010522946592892231,0.0,0.0,0.0,-0.020412887664585523
2026-09-16T13:11:32.196706,46.13,-3.092626755683173,-0.5114114836219666,0.0,-3.1196395812581934,0.0,0.0,-0.9999397584317512,0.010976315750330506,0.5000000116364812,-0.00010470856156388948,0.0,0.0,0.0,-0.02059200898312134
2026-09-16T13:11:32.210974,46.15,-3.1026243902277364,-0.5116289648309653,0.0,-3.12004694567598,0.0,0.0,-0.9999419733700019,0.010772645585296978,0.5000000114901199,-0.00010418702101902898,0.0,0.0,0.0,-0.020380401548384525
2026-09-16T13:11:32.231084,46.17,-3.1126221131164704,-0.5118423462867911,0.0,-3.1203873206833816,0.0,0.0,-0.9999437922586006,0.010602467801816689,0.5000000113455982,-0.00010366993772597593,0.0,0.0,0.0,-0.013098101946085256
2026-09-16T13:11:32.253535,46.19,-3.122619892211486,-0.5120530806686026,0.0,-3.1206506109261216,0.0,0.0,-0.9999451793570252,0.010470829988429162,0.5000000112028936,-0.00010272063678479905,0.0,0.0,0.0,-0.012657332871706775
2026-09-16T13:11:32.271772,46.21,-3.132617725712438,-0.5122612182017114,0.0,-3.1209045832383913,0.0,0.0,-0.9999465009451736,0.010343850709674736,0.5000000110621258,-0.00010176369212851437,0.0,0.0,0.0,-0.012664407246318739
2026-09-16T13:11:32.293628,46.23,-3.142615612115437,-0.5124667990353168,0.0,-3.1211645805653676,0.0,0.0,-0.9999478371825632,0.010213858913954581,0.5000000109229862,-0.00010081616113240644,0.0,0.0,0.0,-0.01291212251951692
2026-09-16T13:11:32.323770,46.25,-3.1526135508936033,-0.5126698168768978,0.0,-3.1214187463086986,0.0,0.0,-0.9999491271144744,0.010086782589154547,0.5000000107855953,-9.98752511314502e-05,0.0,0.0,0.0,-0.012777037306269461
2026-09-16T13:11:32.338067,46.26,-3.1576125260900128,-0.5127710369336812,0.0,-3.1215466750398173,0.0,0.0,-0.9999497702635067,0.010022821457055945,0.4999999999926246,-9.861824431343641e-05,0.0,0.0,0.0,-0.012716070296410538
2026-09-16T13:11:32.356574,46.29,-3.1726095829054652,-0.5130681656243828,0.0,-3.121929586390519,0.0,0.0,-0.9999516708628289,0.009831375215948172,0.5000000105159729,-9.803944743129072e-05,0.0,0.0,0.0,-0.013006407756933428
2026-09-16T13:11:32.394365,46.31,-3.1826076748137693,-0.5132634971171243,0.0,-3.122189334799702,0.0,0.0,-0.9999529392716145,0.009701507205515658,0.500000010383555,-9.714147781029659e-05,0.0,0.0,0.0,-0.012609646558046802
2026-09-16T13:11:32.413276,46.33,-3.192605816447943,-0.5134562666887034,0.0,-3.122444941842606,0.0,0.0,-0.9999541709919098,0.009573709619707391,0.5000000102529429,-9.623112131975843e-05,0.0,0.0,0.0,-0.012692578077765183
2026-09-16T13:11:32.441549,46.35,-3.2026040071602426,-0.51364647386971,0.0,-3.122702552981005,0.0,0.0,-0.9999553958439661,0.009444909874477431,0.5000000101239725,-9.533497590009802e-05,0.0,0.0,0.0,-0.01305076895280459
2026-09-16T13:11:32.464835,46.38,-3.2176013722147587,-0.5139275992104126,0.0,-3.123084106918106,0.0,0.0,-0.9999571795181151,0.00925414124465201,0.49999999999247935,-9.331830489683233e-05,0.0,0.0,0.0,-0.013345002439937578
2026-09-16T13:11:32.484613,46.39,-3.222600533170839,-0.5140192021686094,0.0,-3.1232109992596415,0.0,0.0,-0.9999577646453184,0.009190697772096482,0.5000000098708746,-9.361221500523518e-05,0.0,0.0,0.0,-0.01277212658274843
2026-09-16T13:11:32.504011,46.41,-3.2325988671400476,-0.5142017241305022,0.0,-3.123466478375802,0.0,0.0,-0.9999589305026343,0.009062963534504965,0.5000000097467066,-9.27541357176959e-05,0.0,0.0,0.0,-0.012951273523826376
2026-09-16T13:11:32.522994,46.43,-3.242597247548583,-0.5143816843370204,0.0,-3.123724517079919,0.0,0.0,-0.9999600914776593,0.008933949406133372,0.5000000096240993,-9.191260813003623e-05,0.0,0.0,0.0,-0.012823016277649521
2026-09-16T13:11:32.549071,46.45,-3.252595673558722,-0.5145590930586613,0.0,-3.123974576033412,0.0,0.0,-0.9999612006688028,0.008808924849624844,0.5000000095031762,-9.107136857371838e-05,0.0,0.0,0.0,-0.012986481767848437
2026-09-16T13:11:32.564566,46.47,-3.2625941441385318,-0.5147339720041988,0.0,-3.1242308809705315,0.0,0.0,-0.9999623213430555,0.008680777281311265,0.5000000093834889,-9.024957278659116e-05,0.0,0.0,0.0,-0.012692177698158532
2026-09-16T13:11:32.584713,46.49,-3.272592658705533,-0.5149063178079044,0.0,-3.1244856833708186,0.0,0.0,-0.9999634191692692,0.008553380811369336,0.5000000092654471,-8.941944421984763e-05,0.0,0.0,0.0,-0.012841535503949175
2026-09-16T13:11:32.603995,46.51,-3.282591216604177,-0.5150761312721026,0.0,-3.124734374942259,0.0,0.0,-0.9999644750154697,0.008429039508515958,0.5000000091488891,-8.859825732962841e-05,0.0,0.0,0.0,-0.012762403506948457
2026-09-16T13:11:32.623476,46.53,-3.2925898172008705,-0.5152434119197492,0.0,-3.1249902568819685,0.0,0.0,-0.9999655452508013,0.008301103015124255,0.5000000090337962,-8.779759822410487e-05,0.0,0.0,0.0,-0.012663000891304538
2026-09-16T13:11:32.642305,46.55,-3.3025884598347326,-0.5154081609063562,0.0,-3.125245485551673,0.0,0.0,-0.9999665964481096,0.008173493009944742,0.5000000089201498,-8.699496310293864e-05,0.0,0.0,0.0,-0.01262187705471004
2026-09-16T13:11:32.661634,46.57,-3.3125871438696444,-0.5155703779155355,0.0,-3.1254965276422477,0.0,0.0,-0.9999676145159898,0.008047976093446929,0.5000000088080752,-8.619401491987462e-05,0.0,0.0,0.0,-0.01264101743821217
2026-09-16T13:11:32.685074,46.59,-3.3225858686755405,-0.5157300622462747,0.0,-3.1257518511469526,0.0,0.0,-0.9999686337862205,0.007920318410247823,0.5000000086972679,-8.540954336384834e-05,0.0,0.0,0.0,-0.007830212747016455
2026-09-16T13:11:32.710410,46.61,-3.3325846276766327,-0.5158875931539524,0.0,-3.1259038546665234,0.0,0.0,-0.999969232856314,0.0078443190115481,0.5000000085877107,-8.448597201782037e-05,0.0,0.0,0.0,-0.007765059985346374
2026-09-16T13:11:32.732465,46.63,-3.3425834086616506,-0.51604372341956,0.0,-3.1260572460454155,0.0,0.0,-0.9999698315407443,0.00776762565881353,0.5000000084798147,-8.342627584455977e-05,0.0,0.0,0.0,-0.0076818111898327235
2026-09-16T13:11:32.775029,46.65,-3.3525822132697076,-0.51619833358455,0.0,-3.1262053041813376,0.0,0.0,-0.9999704038307627,0.007693598802978538,0.5000000083729907,-8.237568513561373e-05,0.0,0.0,0.0,-0.0073551289597948094
2026-09-16T13:11:32.790983,46.67,-3.3625810410382853,-0.5163514387337695,0.0,-3.126356655274849,0.0,0.0,-0.9999709831847488,0.007617925473971555,0.5000000082676507,-8.133385491773631e-05,0.0,0.0,0.0,-0.007407863914536571
2026-09-16T13:11:32.813314,46.69,-3.3725798917759793,-0.5165030365215811,0.0,-3.126508589368391,0.0,0.0,-0.9999715590106366,0.007541960609613957,0.5000000081636348,-8.030502309971872e-05,0.0,0.0,0.0,-0.0075518445593282125
2026-09-16T13:11:32.855256,46.71,-3.382578765251265,-0.5166531272289165,0.0,-3.1266634646329137,0.0,0.0,-0.999972140044,0.007464525157219789,0.5000000080609263,-7.928992081044312e-05,0.0,0.0,0.0,-0.008003432623095453
2026-09-16T13:11:32.871915,46.73,-3.392577661242917,-0.5168017104506246,0.0,-3.126815625867004,0.0,0.0,-0.9999727050556299,0.007388446638247293,0.5000000079595087,-7.828903794905503e-05,0.0,0.0,0.0,-0.0077914344288670095
2026-09-16T13:11:32.897604,46.75,-3.4025765795177816,-0.5169487865833418,0.0,-3.1269625073692824,0.0,0.0,-0.9999732449720019,0.007315007871810438,0.500000007859509,-7.729058629521423e-05,0.0,0.0,0.0,-0.009182717943610358
2026-09-16T13:11:32.913518,46.77,-3.412575521284493,-0.5170942563506219,0.0,-3.127136886807876,0.0,0.0,-0.9999738789645622,0.0072278204575828816,0.500000007760482,-7.635714932585809e-05,0.0,0.0,0.0,-0.008774010477298892
2026-09-16T13:11:32.934153,46.79,-3.4225744891306187,-0.5172379222364996,0.0,-3.1273138630104644,0.0,0.0,-0.9999745146257004,0.0071393346395076124,0.500000007662984,-7.547028461165519e-05,0.0,0.0,0.0,-0.008642444531438049
2026-09-16T13:11:32.955345,46.81,-3.4325734823744614,-0.51737980953847,0.0,-3.127493986014598,0.0,0.0,-0.9999751535494672,0.007049275403859916,0.5000000075665703,-7.459263670507539e-05,0.0,0.0,0.0,-0.00912148485296106
2026-09-16T13:11:32.973729,46.83,-3.4425725007792036,-0.5175199126015336,0.0,-3.1276724646232528,0.0,0.0,-0.9999757786401716,0.0069600382888618546,0.5000000074712252,-7.373607735983332e-05,0.0,0.0,0.0,-0.008795762785850682
2026-09-16T13:11:32.992931,46.85,-3.452571544012479,-0.5176582324346781,0.0,-3.127848700095332,0.0,0.0,-0.999976388060714,0.006871922660246179,0.500000007377363,-7.288043592238613e-05,0.0,0.0,0.0,-0.00901542282602228
2026-09-16T13:11:33.015245,46.87,-3.4625706117604067,-0.5177947687308734,0.0,-3.1280300842950353,0.0,0.0,-0.9999770071773778,0.006781232673674304,0.5000000072843963,-7.204852242212941e-05,0.0,0.0,0.0,-0.009075545803430793
2026-09-16T13:11:33.036948,46.89,-3.4725697036976753,-0.5179295220152582,0.0,-3.128202357781653,0.0,0.0,-0.9999775875809912,0.006695097885841939,0.5000000071927394,-7.121998277712765e-05,0.0,0.0,0.0,-0.009053391948356644
2026-09-16T13:11:33.055909,46.91,-3.4825688195160103,-0.5180624915545633,0.0,-3.1283833631710767,0.0,0.0,-0.9999781894101134,0.006604597192219124,0.5000000071022346,-7.041938378086702e-05,0.0,0.0,0.0,-0.009005747577682188
2026-09-16T13:11:33.072958,46.93,-3.4925679588903233,-0.5181936778682936,0.0,-3.128566471287128,0.0,0.0,-0.9999787898968058,0.006513045103488944,0.5000000070128674,-6.961992798722856e-05,0.0,0.0,0.0,-0.008831219485263431
2026-09-16T13:11:33.113085,46.95,-3.5025671214946295,-0.518323081566662,0.0,-3.128741645466566,0.0,0.0,-0.9999793565198031,0.0064254598466307235,0.5000000069246235,-6.88114444380717e-05,0.0,0.0,0.0,-0.008831728784203163
2026-09-16T13:11:33.134083,46.97,-3.512566307030644,-0.5184507011150348,0.0,-3.1289202100365783,0.0,0.0,-0.9999799262139587,0.006336179379230658,0.5000000068374888,-6.802311669965522e-05,0.0,0.0,0.0,-0.009109920079451782
2026-09-16T13:11:33.156782,47.0,-3.5275651220202446,-0.518639231450925,0.0,-3.1291878192446156,0.0,0.0,-0.9999807650722726,0.006202377404855786,0.4999999999924665,-6.635215883198185e-05,0.0,0.0,0.0,-0.009219529616956181
2026-09-16T13:11:33.172801,47.01,-3.532564745598122,-0.5187005898544186,0.0,-3.1292770427220415,0.0,0.0,-0.9999810407760282,0.006157766518089193,0.5000000066664914,-6.649365295615078e-05,0.0,0.0,0.0,-0.008809575773128688
2026-09-16T13:11:33.191817,47.03,-3.542563997988889,-0.5188228593995743,0.0,-3.129457117528428,0.0,0.0,-0.9999815911520441,0.006067730797097316,0.5000000065827443,-6.573382858035192e-05,0.0,0.0,0.0,-0.008422980018411247
2026-09-16T13:11:33.215367,47.06,-3.557562911345392,-0.5190033952193626,0.0,-3.1297157746528117,0.0,0.0,-0.9999823675201571,0.005938404565311665,0.4999999999924655,-6.40876722270414e-05,0.0,0.0,0.0,-0.008737884452809982
2026-09-16T13:11:33.238169,47.08,-3.5675622163111775,-0.5191212935232523,0.0,-3.1298892851917257,0.0,0.0,-0.9999828789448727,0.005851650803326392,0.49999999999260736,-6.3338455264016e-05,0.0,0.0,0.0,-0.00856858161259362
2026-09-16T13:11:33.254989,47.09,-3.5725618813445927,-0.5191791750585079,0.0,-3.129973816367495,0.0,0.0,-0.9999831253751592,0.005809385933859129,0.500000006337348,-6.346448610129463e-05,0.0,0.0,0.0,-0.00861065423425001
2026-09-16T13:11:33.274479,47.1,-3.577561541576792,-0.5192374573790767,0.0,-3.1300627412926154,0.0,0.0,-0.9999833826863251,0.005764924215858656,0.49999999999246486,-6.261614029020552e-05,0.0,0.0,0.0,-0.00848230445194702
2026-09-16T13:11:33.294302,47.13,-3.5925605714936664,-0.5194080478962703,0.0,-3.1303266074563205,0.0,0.0,-0.999984134567517,0.005632993276589136,0.5000000061788482,-6.202645641016062e-05,0.0,0.0,0.0,-0.008623557526616666
2026-09-16T13:11:33.344037,47.15,-3.6025599460479483,-0.5195198822682955,0.0,-3.1304987349251574,0.0,0.0,-0.9999846156605293,0.005546930886853612,0.5000000061010894,-6.130306622336229e-05,0.0,0.0,0.0,-0.008459820324142118
2026-09-16T13:11:33.363487,47.17,-3.612559339855266,-0.5196299818363049,0.0,-3.1306712252561395,0.0,0.0,-0.999985090337444,0.005460687027664712,0.5000000060243079,-6.058863474244659e-05,0.0,0.0,0.0,-0.008869764878973629
2026-09-16T13:11:33.386549,47.19,-3.622558752611873,-0.5197383468540069,0.0,-3.1308465931426985,0.0,0.0,-0.9999855653078353,0.005373004370843386,0.5000000059484916,-5.989886794957781e-05,0.0,0.0,0.0,-0.008694902741204118
2026-09-16T13:11:33.407986,47.21,-3.632558184007607,-0.51984497818068,0.0,-3.1310140429128133,0.0,0.0,-0.9999860116571305,0.005289280675594781,0.5000000058736283,-5.9207287428065e-05,0.0,0.0,0.0,-0.00881640745469339
2026-09-16T13:11:33.429560,47.23,-3.6425576337515166,-0.519949874895595,0.0,-3.1311903114745827,0.0,0.0,-0.9999864739403073,0.005201147607134052,0.5000000057997058,-5.854639549916933e-05,0.0,0.0,0.0,-0.00870341339442073
2026-09-16T13:11:33.463698,47.25,-3.6525571015384313,-0.5200530374042223,0.0,-3.131364839915551,0.0,0.0,-0.9999869240069277,0.005113884547298268,0.5000000057267127,-5.788284605695531e-05,0.0,0.0,0.0,-0.00849409836196363
2026-09-16T13:11:33.484697,47.27,-3.6625565870688175,-0.5201544655802073,0.0,-3.1315387922782096,0.0,0.0,-0.9999873650106982,0.005026909484035614,0.500000005654637,-5.721886071164816e-05,0.0,0.0,0.0,-0.008542370963104158
2026-09-16T13:11:33.507027,47.29,-3.6725560900553575,-0.5202541580697001,0.0,-3.131711635449038,0.0,0.0,-0.9999877957098869,0.0049404889718926166,0.5000000055834674,-5.6564494060896174e-05,0.0,0.0,0.0,-0.008675481817849294
2026-09-16T13:11:33.524984,47.31,-3.682555610184698,-0.5203521161040214,0.0,-3.131886454360126,0.0,0.0,-0.9999882237351777,0.0048530805643565034,0.5000000055131921,-5.592483453990987e-05,0.0,0.0,0.0,-0.008725035205130478
2026-09-16T13:11:33.544152,47.33,-3.6925551471546183,-0.5204483398174818,0.0,-3.132059803633099,0.0,0.0,-0.9999886406179689,0.004766406930452649,0.5000000054438003,-5.5291429919967454e-05,0.0,0.0,0.0,-0.0043214500729458795
2026-09-16T13:11:33.564534,47.35,-3.7025546975040253,-0.5205431650756254,0.0,-3.1321415034320133,0.0,0.0,-0.9999888344908651,0.004725557491059664,0.5000000053752809,-5.453757653492122e-05,0.0,0.0,0.0,-0.003930474448596007
2026-09-16T13:11:33.583951,47.37,-3.712554254753332,-0.5206372608950196,0.0,-3.1322237545077383,0.0,0.0,-0.9999890279863131,0.004684432408400127,0.5000000053076227,-5.3659304607171256e-05,0.0,0.0,0.0,-0.0038911985219550914
2026-09-16T13:11:33.608609,47.39,-3.7225538198944537,-0.5207305143597443,0.0,-3.1323036627226446,0.0,0.0,-0.9999892143504722,0.004644478735595653,0.5000000052408149,-5.2798485254908486e-05,0.0,0.0,0.0,-0.0039575213616025486
2026-09-16T13:11:33.626551,47.41,-3.73255339260627,-0.5208229526425369,0.0,-3.1323912050517038,0.0,0.0,-0.9999894166867679,0.0046007080387312745,0.5000000051748468,-5.195690154696128e-05,0.0,0.0,0.0,-0.0041141592210983706
2026-09-16T13:11:33.644246,47.43,-3.7425529728194395,-0.5209145759428875,0.0,-3.132448748610435,0.0,0.0,-0.9999895486434213,0.004571936561966063,0.500000005109708,-5.111449844227543e-05,0.0,0.0,0.0,-0.0016437015451697353
2026-09-16T13:11:33.664587,47.45,-3.7525525558990127,-0.5210058881870956,0.0,-3.132478455134958,0.0,0.0,-0.9999896164412855,0.004557083454437549,0.5000000050453879,-5.013562442335604e-05,0.0,0.0,0.0,-0.0014222712950580636
2026-09-16T13:11:33.686273,47.47,-3.762552141725835,-0.5210968991675,0.0,-3.1325086950559684,0.0,0.0,-0.999989685229902,0.0045419636504110345,0.5000000049818764,-4.916630186252771e-05,0.0,0.0,0.0,-0.0012433299004115145
2026-09-16T13:11:33.705987,47.49,-3.7725517302054907,-0.5211876182788314,0.0,-3.132536376840502,0.0,0.0,-0.9999897479989474,0.0045281229004752975,0.5000000049191631,-4.820257280278424e-05,0.0,0.0,0.0,-0.0016273476966894229
2026-09-16T13:11:33.728529,47.51,-3.782551321304286,-0.5212780482771598,0.0,-3.1325664854996607,0.0,0.0,-0.9999898160534866,0.00451306872472038,0.5000000048572381,-4.72675983720832e-05,0.0,0.0,0.0,-0.0014247041524887557
2026-09-16T13:11:33.747805,47.53,-3.7925509150163017,-0.5213681888778264,0.0,-3.1325924301165626,0.0,0.0,-0.9999898745142666,0.004500096547999322,0.5000000047960914,-4.633732946405009e-05,0.0,0.0,0.0,-0.0016295579059148672
2026-09-16T13:11:33.791164,47.55,-3.8025505113364897,-0.5214580397091361,0.0,-3.1326230881364547,0.0,0.0,-0.9999899433788033,0.004484767692738828,0.5000000047357134,-4.5436007284481595e-05,0.0,0.0,0.0,-0.001490023708488844
2026-09-16T13:11:33.811936,47.57,-3.812550110255257,-0.5215476009043379,0.0,-3.132651149513874,0.0,0.0,-0.9999900062047535,0.004470737144689641,0.5000000046760942,-4.453936318458083e-05,0.0,0.0,0.0,-0.0011778934659375723
2026-09-16T13:11:33.830718,47.59,-3.8225497117625835,-0.521636872646284,0.0,-3.1326767696481546,0.0,0.0,-0.9999900633931484,0.004457927205203982,0.5000000046172245,-4.364979676225548e-05,0.0,0.0,0.0,-0.0013605184282166744
2026-09-16T13:11:33.851288,47.61,-3.832549315856697,-0.5217258541898353,0.0,-3.1327093735587503,0.0,0.0,-0.999990135933203,0.004441625411300576,0.5000000045590948,-4.278919079149891e-05,0.0,0.0,0.0,-0.0015444351100944828
2026-09-16T13:11:33.873006,47.63,-3.8425489225256575,-0.5218145459328177,0.0,-3.1327390389561396,0.0,0.0,-0.9999902017044909,0.00442679285842863,0.5000000045016957,-4.19364895761049e-05,0.0,0.0,0.0,-0.0014424621639804649
2026-09-16T13:11:33.899395,47.65,-3.852548531762762,-0.521902947682549,0.0,-3.1326967499489076,0.0,0.0,-0.9999901078786105,0.004447937153873383,0.5000000044450181,-4.109195002633032e-05,0.0,0.0,0.0,0.005030514692229988
2026-09-16T13:11:33.913015,47.67,-3.8625481314509575,-0.5219924304755013,0.0,-3.1325923423354354,0.0,0.0,-0.9999898743167539,0.004500140438118532,0.5000000043890529,-3.987784466400533e-05,0.0,0.0,0.0,0.005591181321512695
2026-09-16T13:11:33.934156,47.69,-3.872547721438308,-0.5220829906943385,0.0,-3.132486756357963,0.0,0.0,-0.9999896353473549,0.004552932885993929,0.5000000043337911,-3.86565095921094e-05,0.0,0.0,0.0,0.005875798461060915
2026-09-16T13:11:33.959490,47.71,-3.882547301331701,-0.5221746587574321,0.0,-3.132369114598181,0.0,0.0,-0.9999893658099065,0.004611753148316749,0.5000000042790808,-3.7430753373606676e-05,0.0,0.0,0.0,0.005873598137711027
2026-09-16T13:11:33.975314,47.73,-3.892546870861698,-0.5222674503772481,0.0,-3.1322576786946983,0.0,0.0,-0.9999891073002387,0.0046674705003553665,0.5000000042253425,-3.62400546800398e-05,0.0,0.0,0.0,0.005781751895598965
2026-09-16T13:11:33.990600,47.75,-3.902546429881446,-0.5223613676587753,0.0,-3.132146504546384,0.0,0.0,-0.9999888463042654,0.004723056961779572,0.5000000041719955,-3.506752454851925e-05,0.0,0.0,0.0,0.005673679174932382
2026-09-16T13:11:34.016747,47.77,-3.9125459782591077,-0.5224564111351376,0.0,-3.1320336201163936,0.0,0.0,-0.999988578131625,0.004779498539682258,0.5000000041196032,-3.391221481785688e-05,0.0,0.0,0.0,0.005356873514522691
2026-09-16T13:11:34.037759,47.79,-3.9225455158770592,-0.52255257984252,0.0,-3.1319192874368462,0.0,0.0,-0.9999883032712112,0.004836664218668742,0.5000000040677284,-3.278582201487563e-05,0.0,0.0,0.0,0.005330941281809551
2026-09-16T13:11:34.057361,47.81,-3.9325450426025474,-0.5226498744184136,0.0,-3.1318057601242124,0.0,0.0,-0.9999880271134284,0.004893427203213933,0.5000000040165055,-3.168322714209259e-05,0.0,0.0,0.0,0.005627864533727519
2026-09-16T13:11:34.072090,47.83,-3.9425445583086147,-0.5227482948815222,0.0,-3.131695149543219,0.0,0.0,-0.9999877549516963,0.004948731824034866,0.5000000039657834,-3.059234489316034e-05,0.0,0.0,0.0,0.005876131259467382
2026-09-16T13:11:34.104402,47.85,-3.9525440628699005,-0.5228478410902718,0.0,-3.131583134588057,0.0,0.0,-0.9999874762173102,0.0050047386080104665,0.5000000039159832,-2.950593614277529e-05,0.0,0.0,0.0,0.005369728405494432
2026-09-16T13:11:34.127215,47.87,-3.9625435561663216,-0.5229485123818034,0.0,-3.1314718973680247,0.0,0.0,-0.9999871963140099,0.005060356513701741,0.5000000038666677,-2.8450474961869406e-05,0.0,0.0,0.0,0.005422836675175573
2026-09-16T13:11:34.146939,47.89,-3.972543038068312,-0.5230503090532034,0.0,-3.1313570048150465,0.0,0.0,-0.9999869039653545,0.0051178020462853534,0.500000003817972,-2.740683532617319e-05,0.0,0.0,0.0,0.005415406628539073
2026-09-16T13:11:34.166076,47.91,-3.982542508445402,-0.5231532314764814,0.0,-3.1312416168683392,0.0,0.0,-0.9999866070347443,0.0051754952555271745,0.5000000037698884,-2.638710221321321e-05,0.0,0.0,0.0,0.005873811689938926
2026-09-16T13:11:34.189139,47.93,-3.992541967169049,-0.5232572798250982,0.0,-3.1311309112563985,0.0,0.0,-0.9999863190246137,0.00523084731220237,0.5000000037224093,-2.5378808433203698e-05,0.0,0.0,0.0,0.0056674130472785965
2026-09-16T13:11:34.204694,47.95,-4.002541414112704,-0.5233624540767426,0.0,-3.1310152472028254,0.0,0.0,-0.9999860148418632,0.005288678539010754,0.5000000036755269,-2.4387447177492462e-05,0.0,0.0,0.0,0.005445515143869383
2026-09-16T13:11:34.226178,47.97,-4.012540849156365,-0.5234687535931424,0.0,-3.130955183383111,0.0,0.0,-0.9999858555617945,0.005318710026477436,0.5000000036292338,-2.3428175950160105e-05,0.0,0.0,0.0,0.0007129622911735852
2026-09-16T13:11:34.251353,48.0,-4.0275399964747045,-0.5236286890605206,0.0,-3.1309388391456063,0.0,0.0,-0.9999858120632733,0.0053268820294620845,0.49999999999245404,-2.2149310481186236e-05,0.0,0.0,0.0,0.0006907959523927339
2026-09-16T13:11:34.283941,48.01,-4.032539715092972,-0.5236817358666985,0.0,-3.130939642726067,0.0,0.0,-0.9999858142034818,0.005326480244931809,0.5000000035382431,-2.2104902509544732e-05,0.0,0.0,0.0,0.0007378043436566455
2026-09-16T13:11:34.288239,48.03,-4.04253914654307,-0.523788369391094,0.0,-3.130924273807113,0.0,0.0,-0.9999857732428351,0.005334164595241475,0.5000000034938169,-2.1443967062504316e-05,0.0,0.0,0.0,3.933584051228731e-05
2026-09-16T13:11:34.332198,48.05,-4.052538577140624,-0.5238950828105814,0.0,-3.1309165180311136,0.0,0.0,-0.9999857525500233,0.005338042428031191,0.5000000034498079,-2.0837855665793327e-05,0.0,0.0,0.0,0.0002205587108692892
2026-09-16T13:11:34.349604,48.07,-4.062538006874295,-0.5240018771415793,0.0,-3.1309087536241145,0.0,0.0,-0.9999857318191208,0.005341924576179016,0.5000000034063521,-2.023581682478106e-05,0.0,0.0,0.0,0.00036371754909674946
2026-09-16T13:11:34.373132,48.09,-4.072537435749951,-0.5241087517746886,0.0,-3.130900174942274,0.0,0.0,-0.999985708896586,0.005346213855848996,0.5000000033634425,-1.9639133307615312e-05,0.0,0.0,0.0,0.0004312704198813605
2026-09-16T13:11:34.399577,48.1,-4.077537147670478,-0.5241624229733324,0.0,-3.1308975382061868,0.0,0.0,-0.9999857018474394,0.005347532205047039,0.4999999999925953,-1.9106407580021633e-05,0.0,0.0,0.0,0.00019997810401127392
2026-09-16T13:11:34.413405,48.13,-4.0925362909222915,-0.5243227421721134,0.0,-3.13088717979626,0.0,0.0,-0.9999856741380622,0.005352711335885578,0.5000000032790916,-1.8467523707886693e-05,0.0,0.0,0.0,0.00040727114594380073
2026-09-16T13:11:34.448381,48.15,-4.102535717216683,-0.5244298580295947,0.0,-3.1308807872111273,0.0,0.0,-0.9999856570241227,0.005355907582634982,0.5000000032377797,-1.7892651415794157e-05,0.0,0.0,0.0,0.0006118898896986928
2026-09-16T13:11:34.467375,48.17,-4.112535142643763,-0.5245370548184092,0.0,-3.1308700624844557,0.0,0.0,-0.999985628289423,0.005361269868981519,0.5000000031971302,-1.731687185278471e-05,0.0,0.0,0.0,0.00029039263919417393
2026-09-16T13:11:34.487432,48.19,-4.122534567200888,-0.5246443327231419,0.0,-3.1308621285488467,0.0,0.0,-0.9999856070135696,0.00536523677973168,0.5000000031568504,-1.6768152564376066e-05,0.0,0.0,0.0,0.00020001181320630925
2026-09-16T13:11:34.508430,48.21,-4.132533990884479,-0.5247516920158072,0.0,-3.130853231656899,0.0,0.0,-0.9999855831367095,0.005369685161625961,0.5000000031169339,-1.623118037725877e-05,0.0,0.0,0.0,-0.0008354790201120109
2026-09-16T13:11:34.527430,48.23,-4.142533414338745,-0.5248590725357685,0.0,-3.13086103157241,0.0,0.0,-0.9999856040706501,0.005365785260054889,0.5000000030776603,-1.5736173763880434e-05,0.0,0.0,0.0,-0.0004953029851434115
2026-09-16T13:11:34.547686,48.25,-4.152532838856045,-0.5249663539053618,0.0,-3.1308687370622703,0.0,0.0,-0.9999856247362303,0.005361932570548718,0.5000000030388805,-1.526389459559187e-05,0.0,0.0,0.0,-0.0022709184366347555
2026-09-16T13:11:34.566619,48.27,-4.162532265797077,-0.5250734088501279,0.0,-3.1309187067583673,0.0,0.0,-0.999985758391184,0.005336948079993055,0.5000000030007311,-1.4852858106491198e-05,0.0,0.0,0.0,-0.0025093387096075523
2026-09-16T13:11:34.588305,48.29,-4.172531698326534,-0.5251799404534158,0.0,-3.1309657011946332,0.0,0.0,-0.9999858835185615,0.0053134511950270955,0.5000000029627769,-1.4505500223505981e-05,0.0,0.0,0.0,-0.0023531047431448815
2026-09-16T13:11:34.607697,48.31,-4.182531135986023,-0.5252859894525036,0.0,-3.1310111893937362,0.0,0.0,-0.999986004109581,0.005290707415169909,0.5000000029255841,-1.4163815246294695e-05,0.0,0.0,0.0,-0.0024660480430550593
2026-09-16T13:11:34.628772,48.33,-4.192530578805643,-0.5253915507933069,0.0,-3.1310625326051973,0.0,0.0,-0.9999861396010248,0.005265036166995813,0.5000000028885745,-1.3842375823021027e-05,0.0,0.0,0.0,-0.0024489802295584936
2026-09-16T13:11:34.652437,48.35,-4.202530026750299,-0.5254966255515934,0.0,-3.131110621244909,0.0,0.0,-0.9999862659061778,0.00524099217888425,0.5000000028523144,-1.3518680782098038e-05,0.0,0.0,0.0,-0.002722009548988579
2026-09-16T13:11:34.670173,48.37,-4.212529479801429,-0.5256012132380814,0.0,-3.131160939560334,0.0,0.0,-0.9999863974486393,0.005215833365053901,0.5000000028163687,-1.3211024412447327e-05,0.0,0.0,0.0,-0.0025232872883566883
2026-09-16T13:11:34.689173,48.39,-4.222528937933663,-0.5257053140096485,0.0,-3.1312080993980014,0.0,0.0,-0.9999865201595641,0.005192253765519381,0.500000002780875,-1.289874261785878e-05,0.0,0.0,0.0,-0.0023961537941926936
2026-09-16T13:11:34.739294,48.41,-4.232528401124318,-0.5258089277671683,0.0,-3.1312545618362213,0.0,0.0,-0.999986640512108,0.00516902285816353,0.5000000027458272,-1.2593289258429817e-05,0.0,0.0,0.0,-0.0020683208111279016
2026-09-16T13:11:34.760122,48.43,-4.242527869350641,-0.5259120544165228,0.0,-3.13130464614095,0.0,0.0,-0.9999867696420154,0.0051439810387312775,0.5000000027112202,-1.2290757439401597e-05,0.0,0.0,0.0,-0.0022496837882579413
2026-09-16T13:11:34.786051,48.45,-4.252527342587119,-0.5260146941308967,0.0,-3.1313514530071402,0.0,0.0,-0.9999868897549747,0.005120577913865443,0.500000002677048,-1.1995326330645482e-05,0.0,0.0,0.0,-0.0024061903570919163
2026-09-16T13:11:34.800317,48.47,-4.262526820813512,-0.5261168465701332,0.0,-3.131405350307438,0.0,0.0,-0.9999870273845274,0.005093629615163791,0.5000000026433055,-1.1715946802643457e-05,0.0,0.0,0.0,-0.002396049381934249
2026-09-16T13:11:34.820484,48.49,-4.272526304008033,-0.5262185115404162,0.0,-3.1314497752958674,0.0,0.0,-0.9999871402800515,0.005071417407848544,0.500000002609987,-1.1426719873379494e-05,0.0,0.0,0.0,-0.0026906982136082665
2026-09-16T13:11:34.854254,48.51,-4.282525792152029,-0.52631968853638,0.0,-3.131499210733578,0.0,0.0,-0.9999872653284423,0.005046700005309512,0.5000000025769443,-1.116465670498319e-05,0.0,0.0,0.0,-0.002294664596588038
2026-09-16T13:11:34.875033,48.53,-4.29252528521812,-0.5264203779115831,0.0,-3.1315456882886865,0.0,0.0,-0.9999873823375641,0.005023461522332811,0.5000000025444582,-1.0894300577911435e-05,0.0,0.0,0.0,-0.002386320716888237
2026-09-16T13:11:34.894786,48.55,-4.302524783176853,-0.5265205802320276,0.0,-3.131599297940616,0.0,0.0,-0.9999875166313311,0.004996657032780748,0.5000000025123804,-1.0638482570602668e-05,0.0,0.0,0.0,-0.0021719912868788686
2026-09-16T13:11:34.915262,48.57,-4.312524286008831,-0.5266202950632344,0.0,-3.131581997620208,0.0,0.0,-0.9999874733720352,0.00500530708481469,0.5000000024807059,-1.0367406540493805e-05,0.0,0.0,0.0,0.0038644333145015633
2026-09-16T13:11:34.932922,48.59,-4.322523780801702,-0.5267208145501457,0.0,-3.1314991804347736,0.0,0.0,-0.9999872652519877,0.005046715154518765,0.5000000024495724,-9.74295676711506e-06,0.0,0.0,0.0,0.004429995205097066
2026-09-16T13:11:34.956208,48.61,-4.332523267163134,-0.5268221693353162,0.0,-3.1314149344473523,0.0,0.0,-0.999987051782075,0.005088837607313934,0.5000000024186891,-9.111219622060843e-06,0.0,0.0,0.0,0.004532108174195361
2026-09-16T13:11:34.974604,48.63,-4.342522744748935,-0.5269243862587037,0.0,-3.131330518875709,0.0,0.0,-0.9999868361027702,0.005131044842074676,0.500000002388194,-8.480314482740849e-06,0.0,0.0,0.0,0.004334392302844976
2026-09-16T13:11:34.994733,48.66,-4.357521942421573,-0.5270795286501339,0.0,-3.1311973624141913,0.0,0.0,-0.9999864922705817,0.0051976221849831415,0.49999999999244915,-7.339057250305712e-06,0.0,0.0,0.0,0.004117058633663013
2026-09-16T13:11:35.014510,48.67,-4.362521673038956,-0.5271314312026735,0.0,-3.131153799195686,0.0,0.0,-0.9999863788207902,0.005219403498781061,0.5000000023282057,-7.255202709731226e-06,0.0,0.0,0.0,0.004684412324847247
2026-09-16T13:11:35.041261,48.69,-4.372521123602893,-0.5272362581186473,0.0,-3.131067521852014,0.0,0.0,-0.9999861527321957,0.005262541578147619,0.5000000022989891,-6.6515821435395635e-06,0.0,0.0,0.0,0.004645257470289387
2026-09-16T13:11:35.063601,48.71,-4.382520565005681,-0.5273419552564129,0.0,-3.1309767939825663,0.0,0.0,-0.9999859129736741,0.005307904879274414,0.5000000022699985,-6.0577270974887625e-06,0.0,0.0,0.0,0.004362605073955827
2026-09-16T13:11:35.085375,48.73,-4.392519997182382,-0.5274485216001743,0.0,-3.1308924376245435,0.0,0.0,-0.9999856882064252,0.005350082459386833,0.5000000022413724,-5.49405692849092e-06,0.0,0.0,0.0,0.004516982340457659
2026-09-16T13:11:35.124227,48.75,-4.4025194200536575,-0.5275559575056324,0.0,-3.1308065631129773,0.0,0.0,-0.9999854575667755,0.005393019095715853,0.500000002213106,-4.928526365705482e-06,0.0,0.0,0.0,0.004536485013201455
2026-09-16T13:11:35.144469,48.77,-4.4125188335535475,-0.5276642620781238,0.0,-3.1307199658016875,0.0,0.0,-0.9999852231189257,0.005436317116624068,0.500000002185195,-4.369850771441794e-06,0.0,0.0,0.0,0.0043644300767963
2026-09-16T13:11:35.161796,48.79,-4.422518237604696,-0.5277734354928139,0.0,-3.1306315929747104,0.0,0.0,-0.9999849819313646,0.005480502871853851,0.5000000021576347,-3.825696184749849e-06,0.0,0.0,0.0,0.004430298017641084
2026-09-16T13:11:35.181248,48.81,-4.432517632124646,-0.5278834783838198,0.0,-3.130544964134545,0.0,0.0,-0.9999847436085056,0.005523816636282933,0.500000002130421,-3.293782462893574e-06,0.0,0.0,0.0,0.004382878478500657
2026-09-16T13:11:35.201884,48.83,-4.442517017035717,-0.5279943909371839,0.0,-3.130460098252784,0.0,0.0,-0.9999845083164575,0.005566248924804252,0.5000000021035492,-2.7721110910907763e-06,0.0,0.0,0.0,0.0044504368430030306
2026-09-16T13:11:35.222026,48.85,-4.452516392262512,-0.5281061731320197,0.0,-3.13037221429246,0.0,0.0,-0.9999842627590239,0.005610190218842819,0.5000000020770152,-2.251972966006205e-06,0.0,0.0,0.0,0.0012284984117082315
2026-09-16T13:11:35.242895,48.87,-4.462515760251843,-0.5282186006161296,0.0,-3.1303427989345676,0.0,0.0,-0.9999841801379911,0.005624897665723506,0.5000000020508147,-1.8391163934334898e-06,0.0,0.0,0.0,0.0017416925608027252
2026-09-16T13:11:35.263204,48.89,-4.472515125990118,-0.5283312276608022,0.0,-3.130317476405308,0.0,0.0,-0.9999841088395206,0.005637558729602694,0.5000000020249437,-1.5123430189644278e-06,0.0,0.0,0.0,0.0013547668335864111
2026-09-16T13:11:35.302598,48.91,-4.482514488705241,-0.5284441227807921,0.0,-3.130290379653345,0.0,0.0,-0.9999840323679776,0.005651106889767005,0.5000000019993979,-1.1973013401268503e-06,0.0,0.0,0.0,0.001043325099670442
2026-09-16T13:11:35.321790,48.93,-4.492513848544329,-0.5285572723354951,0.0,-3.130265216686618,0.0,0.0,-0.9999839611895247,0.00566368817178627,0.500000001974173,-9.045209881574776e-07,0.0,0.0,0.0,0.0010315857663800395
2026-09-16T13:11:35.356605,48.95,-4.502513205483785,-0.5286706778427662,0.0,-3.1302395915147296,0.0,0.0,-0.9999838885409533,0.005676500551766611,0.5000000019492652,-6.170805450022668e-07,0.0,0.0,0.0,0.0012073415728147841
2026-09-16T13:11:35.376844,48.97,-4.512512559515922,-0.5287843394030987,0.0,-3.1302149331286233,0.0,0.0,-0.9999838184782789,0.005688829545746732,0.5000000019246705,-3.3055941924872283e-07,0.0,0.0,0.0,-0.0001790294667506577
2026-09-16T13:11:35.398062,48.99,-4.522511911964669,-0.5288981401373677,0.0,-3.130221699607744,0.0,0.0,-0.999983837719229,0.005685446360899861,0.5000000019003851,-8.822561642122362e-08,0.0,0.0,0.0,-0.00040399426108999063
2026-09-16T13:11:35.415486,49.01,-4.532511265472009,-0.5290118477899022,0.0,-3.1302244935915193,0.0,0.0,-0.9999838456607757,0.005684049391585163,0.5000000018764048,1.006752290513943e-07,0.0,0.0,0.0,-1.6538745565691294e-05
2026-09-16T13:11:35.435901,49.03,-4.5425106196580565,-0.5291254957434572,0.0,-3.1302346519576796,0.0,0.0,-0.9999838745182044,0.005678970290482587,0.5000000018525829,2.871121870249882e-07,0.0,0.0,0.0,-0.0005913551221398154
2026-09-16T13:11:35.460250,49.05,-4.552509974522577,-0.5292390839865926,0.0,-3.1302386882333977,0.0,0.0,-0.9999838859771129,0.005676952185155419,0.5000000018292017,4.644956605447701e-07,0.0,0.0,0.0,-0.00039001858814821633
2026-09-16T13:11:35.473821,49.07,-4.562509330066085,-0.5293526124429776,0.0,-3.1302408959765624,0.0,0.0,-0.9999838922431298,0.0056758483313574075,0.5000000018062575,6.378512643074583e-07,0.0,0.0,0.0,-0.00023329232580760628
2026-09-16T13:11:35.496604,49.09,-4.572508686294552,-0.5294660805543565,0.0,-3.1302805494103434,0.0,0.0,-0.9999840045800216,0.005656021932716566,0.5000000017833173,8.002381191090841e-07,0.0,0.0,0.0,-0.00037686450488930026
2026-09-16T13:11:35.519147,49.11,-4.580706118578224,-0.529559055618026,0.0,-3.1302552570789426,0.0,0.0,-0.9999839329730695,0.005668667895683629,0.4345916125359462,1.0287109988312388e-06,0.0,0.0,0.0,4.415102938529566e-05
2026-09-16T13:11:35.535312,49.13,-4.58931544757394,-0.5296566596764596,0.0,-3.130259516075303,0.0,0.0,-0.9999839450422202,0.005666538431705246,0.43006834375487124,1.2014256654462664e-06,0.0,0.0,0.0,-0.0005935104169788952
2026-09-16T13:11:35.554473,49.15,-4.5978978811642435,-0.5297539159477317,0.0,-3.1302655675165103,0.0,0.0,-0.9999839621830048,0.005663512759653506,0.42871527872559767,1.3514308676585069e-06,0.0,0.0,0.0,-0.006836461606260626
2026-09-16T13:11:35.576565,49.17,-4.6064722504104205,-0.5298506213121784,0.0,-3.1304010662136714,0.0,0.0,-0.9999843435873543,0.0055957644846787395,0.42831319575523946,1.3446465041459187e-06,0.0,0.0,0.0,-0.007043191138281563
2026-09-16T13:11:35.600397,49.19,-4.615044213197897,-0.52994599348587,0.0,-3.1305348866104294,0.0,0.0,-0.9999847157626136,0.005528855321397281,0.42819635917891385,1.1682982696109294e-06,0.0,0.0,0.0,-0.006835078841004556
2026-09-16T13:11:35.613428,49.21,-4.623615462539775,-0.5300401705564443,0.0,-3.1306763534812556,0.0,0.0,-0.9999851043359729,0.00545812295331876,0.428165048903238,9.868499327122167e-07,0.0,0.0,0.0,-0.0069125380386842695
2026-09-16T13:11:35.635957,49.23,-4.632186506775652,-0.5301331452925361,0.0,-3.1308154467398936,0.0,0.0,-0.9999854815116955,0.005388577346799287,0.4281593494988994,8.064496922693472e-07,0.0,0.0,0.0,-0.007640834989410874
2026-09-16T13:11:35.655066,49.25,-4.640757498232402,-0.5302249209709726,0.0,-3.130958351133853,0.0,0.0,-0.999985863984714,0.0053171261735029335,0.4281612869278691,6.074214348171222e-07,0.0,0.0,0.0,-0.007168255425844158
2026-09-16T13:11:35.678770,49.27,-4.649328482499422,-0.530315498064047,0.0,-3.1310959192866368,0.0,0.0,-0.9999862273527356,0.0052483430569196104,0.4281654695626464,4.297074395254187e-07,0.0,0.0,0.0,-0.0068087205559430476
2026-09-16T13:11:35.695783,49.29,-4.657899473138428,-0.5304048767807458,0.0,-3.131235298178118,0.0,0.0,-0.999986590678578,0.005178654558298978,0.42817028049099576,2.5677890811236137e-07,0.0,0.0,0.0,-0.007224224635312418
2026-09-16T13:11:35.723170,49.31,-4.66647047410233,-0.5304930572969062,0.0,-3.13137384313519,0.0,0.0,-0.9999869470175085,0.005109382996289913,0.4281752352083903,7.381726154913651e-08,0.0,0.0,0.0,-0.006872221293922649
2026-09-16T13:11:35.737533,49.33,-4.6750414864631,-0.5305800396125304,0.0,-3.1315133697472772,0.0,0.0,-0.9999873010315301,0.005039620588488658,0.4281801889251487,-1.0184885518095708e-07,0.0,0.0,0.0,-0.006855957362884434
2026-09-16T13:11:35.787147,49.35,-4.683612510590885,-0.5306658233938608,0.0,-3.131653624829011,0.0,0.0,-0.9999876519888239,0.004969493925834469,0.4281851067809301,-2.7644724165515443e-07,0.0,0.0,0.0,-0.007022840831791629
2026-09-16T13:11:35.807475,49.37,-4.692183546035244,-0.5307504084981188,0.0,-3.131793051772767,0.0,0.0,-0.9999879959995446,0.004899781302759977,0.4281899523930712,-4.5271258578571347e-07,0.0,0.0,0.0,-0.007271697873055627
2026-09-16T13:11:35.827967,49.39,-4.700754593001743,-0.5308337947233226,0.0,-3.1319343595769795,0.0,0.0,-0.9999883396922558,0.004829128236612189,0.4281947473960629,-6.348468128753611e-07,0.0,0.0,0.0,-0.0069994311419780105
2026-09-16T13:11:35.861441,49.41,-4.709325651218527,-0.5309159822849503,0.0,-3.132077834810396,0.0,0.0,-0.9999886835492932,0.004757391444022058,0.4281994811894476,-8.048461795363297e-07,0.0,0.0,0.0,-0.006746077077883838
2026-09-16T13:11:35.878664,49.43,-4.7178967205533375,-0.5309969712023501,0.0,-3.132213961516785,0.0,0.0,-0.9999890050370233,0.004689328850096172,0.4282041563431147,-9.578886369291346e-07,0.0,0.0,0.0,-0.007027897138897733
2026-09-16T13:11:35.902384,49.45,-4.726467800838653,-0.5310767611904577,0.0,-3.1323493631128807,0.0,0.0,-0.9999893202166547,0.004621628785721272,0.4282087727765076,-1.1262633941013664e-06,0.0,0.0,0.0,-0.006903968576979531
2026-09-16T13:11:35.919536,49.47,-4.735038891870148,-0.5311553566658844,0.0,-3.1324930097878196,0.0,0.0,-0.9999896495781899,0.00454980620345069,0.428213331196817,-1.30120894934052e-06,0.0,0.0,0.0,-0.006986909707146578
2026-09-16T13:11:35.939971,49.49,-4.74360999341203,-0.5312327656952949,0.0,-3.132630425684142,0.0,0.0,-0.9999899598256717,0.00448109895576051,0.4282178323238326,-1.4621750961845454e-06,0.0,0.0,0.0,-0.007244521620085751
2026-09-16T13:11:35.958529,49.51,-4.7521811053248575,-0.5313089859268949,0.0,-3.1327669694179665,0.0,0.0,-0.9999902634281626,0.004412827763919411,0.4282222768747551,-1.63154244243733e-06,0.0,0.0,0.0,-0.006976991573817738
2026-09-16T13:11:35.977267,49.53,-4.760752227445196,-0.5313840175971429,0.0,-3.1329083421729824,0.0,0.0,-0.9999905728567139,0.0043421420636888235,0.4282266655601637,-1.7980012288572196e-06,0.0,0.0,0.0,-0.007227127581789814
2026-09-16T13:11:36.003631,49.55,-4.769323359604708,-0.5314578615189932,0.0,-3.133050221936364,0.0,0.0,-0.9999908783715482,0.004271202839892197,0.4282309990815558,-1.962157924465482e-06,0.0,0.0,0.0,-0.007011960089986337
2026-09-16T13:11:36.020508,49.57,-4.777894501643731,-0.5315305175219334,0.0,-3.133186817396785,0.0,0.0,-0.9999911677527386,0.004202905722759464,0.4282352781326035,-2.111134887337536e-06,0.0,0.0,0.0,-0.00657545450176325
2026-09-16T13:11:36.038788,49.59,-4.786465653402266,-0.5316019854609985,0.0,-3.13332501854531,0.0,0.0,-0.9999914557885137,0.004133805748831259,0.4282395033976911,-2.253053385546533e-06,0.0,0.0,0.0,-0.006627118959476117
2026-09-16T13:11:36.069827,49.61,-4.795036814714244,-0.531672265916211,0.0,-3.133461024532014,0.0,0.0,-0.9999917345874946,0.00406580332700546,0.42824367555331205,-2.3959606209729748e-06,0.0,0.0,0.0,-0.00681527850449167
2026-09-16T13:11:36.089697,49.63,-4.803607985417078,-0.5317413590601304,0.0,-3.133600169116617,0.0,0.0,-0.9999920150346199,0.0039962315999637725,0.42824779526646095,-2.548601222239842e-06,0.0,0.0,0.0,-0.006748043436021576
2026-09-16T13:11:36.109394,49.65,-4.81217916535148,-0.5318092646545931,0.0,-3.1337350275171794,0.0,0.0,-0.9999922822239903,0.003928802929068739,0.4282518631968853,-2.6967103969421856e-06,0.0,0.0,0.0,-0.007082602869762109
2026-09-16T13:11:36.130868,49.67,-4.820750354359285,-0.5318759822974531,0.0,-3.1338752085625092,0.0,0.0,-0.999992555139519,0.003858712937753669,0.42825587999504605,-2.861245988194957e-06,0.0,0.0,0.0,-0.007004454152254895
2026-09-16T13:11:36.150917,49.69,-4.829321552281806,-0.5319415116260782,0.0,-3.1340137157140298,0.0,0.0,-0.9999928199711766,0.003789459868378666,0.4282598463036519,-3.0183248158008242e-06,0.0,0.0,0.0,-0.006820595771506809
2026-09-16T13:11:36.170703,49.71,-4.837892758960714,-0.5320058522087358,0.0,-3.1341567779985198,0.0,0.0,-0.9999930884772354,0.0037179292300955494,0.42826376275761885,-3.169819534430439e-06,0.0,0.0,0.0,-0.006682354359039923
2026-09-16T13:11:36.188988,49.73,-4.846463974232925,-0.5320690042266435,0.0,-3.13429450471937,0.0,0.0,-0.999993342135271,0.0036490663368600384,0.4282676299834569,-3.305365385900354e-06,0.0,0.0,0.0,-0.007053324760940145
2026-09-16T13:11:36.212113,49.75,-4.8550351979365685,-0.5321309677021261,0.0,-3.1344337434041973,0.0,0.0,-0.9999935937574593,0.003579447449175524,0.42827144860008526,-3.4513907555731145e-06,0.0,0.0,0.0,-0.009575286614950596
2026-09-16T13:11:36.228046,49.77,-4.863606430942479,-0.5321915969321781,0.0,-3.134609967977169,0.0,0.0,-0.9999939052688954,0.0034913357133774495,0.4282752192180734,-3.6580973408959566e-06,0.0,0.0,0.0,-0.00908642264145397
2026-09-16T13:11:36.249835,49.79,-4.872177675084073,-0.532250597804372,0.0,-3.134801119312454,0.0,0.0,-0.9999942343883104,0.0033957606124421637,0.42827894244131187,-3.9262748815791595e-06,0.0,0.0,0.0,-0.009106361342528601
2026-09-16T13:11:36.278564,49.8,-4.876464755381369,-0.532279354475498,0.0,-3.134894577372546,0.0,0.0,-0.9999943919771151,0.0033490318481272387,0.42857142740881465,-4.2360440530677036e-06,0.0,0.0,0.0,-0.009319623602797807
2026-09-16T13:11:36.301056,49.83,-4.889320194808242,-0.5323638228905383,0.0,-3.1351750898820367,0.0,0.0,-0.9999948518639243,0.003208776347461149,0.42828624907784785,-4.4346019047739255e-06,0.0,0.0,0.0,-0.00912524375095537
2026-09-16T13:11:36.324816,49.85,-4.897891469846986,-0.5324180405092129,0.0,-3.1353594099116644,0.0,0.0,-0.9999951433380874,0.00311661679360326,0.42828983366038825,-4.677489510025051e-06,0.0,0.0,0.0,-0.009292834083749027
2026-09-16T13:11:36.344514,49.88,-4.91074978292729,-0.5324962339879113,0.0,-3.135639387294981,0.0,0.0,-0.9999955698308239,0.0029766287517421063,0.42857142746567006,-5.22167511479971e-06,0.0,0.0,0.0,-0.009320662395824979
2026-09-16T13:11:36.363139,49.89,-4.91503404879374,-0.5325216877131342,0.0,-3.135730240955702,0.0,0.0,-0.9999957040178393,0.0029312021195743083,0.42829686822172186,-5.168477433250579e-06,0.0,0.0,0.0,-0.009501773484825308
2026-09-16T13:11:36.391224,49.91,-4.92360535211359,-0.532571117199102,0.0,-3.1359193929738383,0.0,0.0,-0.9999959767669456,0.002836626503834863,0.4283003193263674,-5.420174189300866e-06,0.0,0.0,0.0,-0.009042070696314622
2026-09-16T13:11:36.413785,49.93,-4.932176664271895,-0.5326189505953229,0.0,-3.136104116046134,0.0,0.0,-0.9999962344968172,0.002744265327311137,0.4283037270519822,-5.649792256463249e-06,0.0,0.0,0.0,-0.003450696330579186
2026-09-16T13:11:36.431204,49.95,-4.940747982915861,-0.5326655672747908,0.0,-3.136172903050941,0.0,0.0,-0.999996328290259,0.002709871952800229,0.4283070919439631,-5.739364074540786e-06,0.0,0.0,0.0,-0.003698040386376289
2026-09-16T13:11:36.452488,49.97,-4.94931930382675,-0.5327117234021538,0.0,-3.136242003349641,0.0,0.0,-0.9999964213198854,0.0026753219286976527,0.42831041454071017,-5.685806874453361e-06,0.0,0.0,0.0,-0.0028778032642646184
2026-09-16T13:11:36.476467,49.99,-4.957890627640036,-0.532757298116182,0.0,-3.136308607930346,0.0,0.0,-0.9999965098597138,0.002642019756046053,0.4283136953738562,-5.611927611902388e-06,0.0,0.0,0.0,-0.0029397957521590254
2026-09-16T13:11:36.492894,50.01,-4.966461954253612,-0.5328023038287719,0.0,-3.1363758503303907,0.0,0.0,-0.9999965981223978,0.002608398671879581,0.4283169349683515,-5.5391232872217044e-06,0.0,0.0,0.0,-0.0034135527287581743
2026-09-16T13:11:36.510247,50.03,-4.975033283642156,-0.5328467386605813,0.0,-3.1364431632775616,0.0,0.0,-0.9999966853455217,0.002574742311318355,0.42832013384254813,-5.478506613443974e-06,0.0,0.0,0.0,-0.006584452119444147
2026-09-16T13:11:36.531330,50.05,-4.98260305886856,-0.5328854906931538,0.0,-3.136499588615732,0.0,0.0,-0.9999967575878984,0.0025465297347275102,0.3780091532808786,-5.484489655486583e-06,0.0,0.0,0.0,-0.002782904781854594
2026-09-16T13:11:36.551037,50.07,-4.989873957317726,-0.5329223100579421,0.0,-3.136556701045302,0.0,0.0,-0.9999968298994212,0.0025179736114990785,0.3629218791783241,-5.3835594075423495e-06,0.0,0.0,0.0,-0.0025917156124040447
2026-09-16T13:11:36.570409,50.09,-4.99705519491159,-0.5329582888689997,0.0,-3.1366074901566905,0.0,0.0,-0.9999968935198015,0.0024925791354989237,0.35840174119597656,-5.269456898493996e-06,0.0,0.0,0.0,-0.0022987303314162804
2026-09-16T13:11:36.589678,50.11,-5.004209535199601,-0.5329937473937081,0.0,-3.13666456661359,0.0,0.0,-0.9999969642463803,0.0024640409946914965,0.3570516681150444,-5.15732258580731e-06,0.0,0.0,0.0,-0.0025628249850864378
2026-09-16T13:11:36.612769,50.13,-5.011355807238752,-0.5330287811935105,0.0,-3.1367193032160054,0.0,0.0,-0.9999970313084856,0.002436672775647767,0.35665253948533476,-5.046220687672763e-06,0.0,0.0,0.0,-0.0027223083285677157
2026-09-16T13:11:36.633049,50.15,-5.018499659737142,-0.5330634187891607,0.0,-3.1367715493716566,0.0,0.0,-0.9999970946206717,0.002410549774545118,0.35653862011487636,-4.938880133996078e-06,0.0,0.0,0.0,-0.0025097143936045185
2026-09-16T13:11:36.649406,50.17,-5.025642787298154,-0.5330976685826251,0.0,-3.1368258429834457,0.0,0.0,-0.999997159690925,0.0023834030466374436,0.3565101903769112,-4.832781895823022e-06,0.0,0.0,0.0,-0.0025704612319568496
2026-09-16T13:11:36.671746,50.19,-5.032785698292937,-0.533131533095815,0.0,-3.1368769644430348,0.0,0.0,-0.9999972202857716,0.002357842388667462,0.35650733530345696,-4.729330940786515e-06,0.0,0.0,0.0,-0.002634780336004021
2026-09-16T13:11:36.690233,50.2,-5.036360302489446,-0.5331483351349551,0.0,-3.1369056477829376,0.0,0.0,-0.9999972539983276,0.002343500758339812,0.35714426054181675,-4.6844155074185664e-06,0.0,0.0,0.0,-0.002996113993388367
2026-09-16T13:11:36.711938,50.23,-5.0470713738291355,-0.5331981086359874,0.0,-3.1369878321200373,0.0,0.0,-0.9999973494535749,0.002302408700662101,0.35651903722205996,-4.538289411938728e-06,0.0,0.0,0.0,-0.0025645859862530613
2026-09-16T13:11:36.739165,50.25,-5.054214197823212,-0.5332308199279628,0.0,-3.1370364677187985,0.0,0.0,-0.9999974051474109,0.00227809096505857,0.35652658656764985,-4.440342733324291e-06,0.0,0.0,0.0,-0.002805953183798145
2026-09-16T13:11:36.753343,50.27,-5.061357021310124,-0.5332631466588472,0.0,-3.137092674446861,0.0,0.0,-0.999997468774532,0.002249987673055488,0.356534245281567,-4.360665674213174e-06,0.0,0.0,0.0,-0.002463710615282594
2026-09-16T13:11:36.771140,50.29,-5.068499846041674,-0.5332950891336603,0.0,-3.1371483591027154,0.0,0.0,-0.99999753103183,0.0022221454147350194,0.3565418957457549,-4.270791424359322e-06,0.0,0.0,0.0,-0.002611554977498521
2026-09-16T13:11:36.825608,50.31,-5.075642671043558,-0.5333266471819019,0.0,-3.137201833075021,0.0,0.0,-0.9999975900878688,0.0021954084938038505,0.35654941528631867,-4.182193482438551e-06,0.0,0.0,0.0,-0.002705045393729924
2026-09-16T13:11:36.845832,50.33,-5.0827854974793505,-0.5333578204342955,0.0,-3.1372539892461884,0.0,0.0,-0.9999976469998869,0.002169330470322553,0.3565568722296019,-4.098623945926248e-06,0.0,0.0,0.0,-0.0020343691276971353
2026-09-16T13:11:36.870129,50.35,-5.08992832509896,-0.5333886093804551,0.0,-3.137306592613008,0.0,0.0,-0.9999977037110417,0.002143028848053211,0.35656423709675833,-4.006567883045405e-06,0.0,0.0,0.0,0.0006110272682963687
2026-09-16T13:11:36.885615,50.37,-5.097071153175902,-0.5334191831644558,0.0,-3.1372970939349942,0.0,0.0,-0.9999976935217931,0.0021477781761301286,0.35657150988707814,-3.86363438408674e-06,0.0,0.0,0.0,0.000819471435468499
2026-09-16T13:11:36.904698,50.39,-5.104213980258476,-0.5334498820023404,0.0,-3.1372887241722864,0.0,0.0,-0.9999976845248397,0.0021519630478128685,0.3565786914105951,-3.6539201679226254e-06,0.0,0.0,0.0,0.0008415480552653402
2026-09-16T13:11:36.924318,50.41,-5.111356806560179,-0.5334806573324109,0.0,-3.137279225328692,0.0,0.0,-0.999997674292981,0.0021567124585885906,0.3565857827101378,-3.442943112904556e-06,0.0,0.0,0.0,0.0004575877861003032
2026-09-16T13:11:36.945856,50.43,-5.118499632065825,-0.533511513851593,0.0,-3.137268540208692,0.0,0.0,-0.9999976627563438,0.0021620550061325107,0.356592784888461,-3.239376193249209e-06,0.0,0.0,0.0,0.00034752224244357705
2026-09-16T13:11:36.965846,50.45,-5.1256424567828,-0.5335424509469003,0.0,-3.1372564556441693,0.0,0.0,-0.9999976496743427,0.0021680972742321412,0.3565996990565114,-3.0408689593848174e-06,0.0,0.0,0.0,0.00036673572564023294
2026-09-16T13:11:36.986504,50.47,-5.1327852807143595,-0.5335734689380309,0.0,-3.1372425760159564,0.0,0.0,-0.9999976346040702,0.0021750370719755413,0.3566065263175887,-2.8474597834957614e-06,0.0,0.0,0.0,0.0004114507242364236
2026-09-16T13:11:37.004788,50.49,-5.139928103864529,-0.5336045679462309,0.0,-3.137231071655318,0.0,0.0,-0.999997622076321,0.0021807892386525164,0.3566132677632321,-2.662270948057624e-06,0.0,0.0,0.0,0.0004910027315237561
2026-09-16T13:11:37.029908,50.51,-5.1470709262375385,-0.5336357480281249,0.0,-3.137223134003749,0.0,0.0,-0.9999976134132726,0.0021847580549822273,0.35661992447210805,-2.4794462174309786e-06,0.0,0.0,0.0,0.0007434822252266901
2026-09-16T13:11:37.044048,50.53,-5.154213747838177,-0.5336670090973168,0.0,-3.1372113967911415,0.0,0.0,-0.9999976005745675,0.0021906266472424387,0.3566264975091816,-2.287874902501087e-06,0.0,0.0,0.0,0.0003692711271325483
2026-09-16T13:11:37.074748,50.55,-5.161356568672748,-0.5336983507052401,0.0,-3.137201521310482,0.0,0.0,-0.9999975897456315,0.0021955643756976983,0.35663298792588666,-2.108951984380816e-06,0.0,0.0,0.0,0.000842619274213938
2026-09-16T13:11:37.087986,50.57,-5.168499388743769,-0.5337297732530207,0.0,-3.1371913735596952,0.0,0.0,-0.9999975785927393,0.0022006382388334756,0.35663939676072387,-1.920771488696403e-06,0.0,0.0,0.0,0.000311521205774106
2026-09-16T13:11:37.107256,50.6,-5.179216087282913,-0.5337770969166621,0.0,-3.137171037773988,0.0,0.0,-0.9999975561651926,0.0022108061069526183,0.3571428551718499,-1.6316419043707092e-06,0.0,0.0,0.0,0.00037254321206149307
2026-09-16T13:11:37.132482,50.61,-5.182785026610723,-0.5337928614471668,0.0,-3.137166899089813,0.0,0.0,-0.9999975515881374,0.002212875443978216,0.35665197377440777,-1.5785095504889027e-06,0.0,0.0,0.0,0.0009303135138532712
2026-09-16T13:11:37.146281,50.63,-5.189927844412986,-0.5338245275205513,0.0,-3.1371519955303144,0.0,0.0,-0.9999975350705125,0.0022203272054209387,0.356658143965499,-1.4004012104195745e-06,0.0,0.0,0.0,0.0007662053271334215
2026-09-16T13:11:37.172001,50.65,-5.197070661466594,-0.5338562748844238,0.0,-3.137159352041107,0.0,0.0,-0.9999975432306782,0.0022166489590763005,0.3566642365999625,-1.2367392469606806e-06,0.0,0.0,0.0,-0.0012298524163606587
2026-09-16T13:11:37.189003,50.67,-5.204213478898503,-0.5338878504802175,0.0,-3.1371834880635303,0.0,0.0,-0.9999975699084045,0.0022045809773518256,0.35667025265279445,-1.1532247205419983e-06,0.0,0.0,0.0,-0.001230390480215033
2026-09-16T13:11:37.205950,50.69,-5.211356296724645,-0.5339192508827852,0.0,-3.1372113814351685,0.0,0.0,-0.9999976005577479,0.0021906343252104847,0.3566761930861655,-1.0720999880994154e-06,0.0,0.0,0.0,-0.0012920361514240579
2026-09-16T13:11:37.229595,50.71,-5.218499114962598,-0.533950472179988,0.0,-3.1372362655292245,0.0,0.0,-0.9999976277363212,0.002178192307867225,0.35668205885114795,-9.89025973389557e-07,0.0,0.0,0.0,-0.0011689764866484316
2026-09-16T13:11:37.246888,50.73,-5.225641933620504,-0.5339815125392691,0.0,-3.137263926948032,0.0,0.0,-0.999997657766622,0.0021643616310656733,0.3566878508857227,-9.064285286116258e-07,0.0,0.0,0.0,-0.001001015930729294
2026-09-16T13:11:37.300068,50.75,-5.232784752698088,-0.5340123720374701,0.0,-3.1372845992571583,0.0,0.0,-0.9999976800843804,0.002154025500596788,0.3566935701172174,-8.175833089341872e-07,0.0,0.0,0.0,-0.0010311751745034395
2026-09-16T13:11:37.319123,50.77,-5.239927572195018,-0.5340430507488989,0.0,-3.1373093686475784,0.0,0.0,-0.9999977066846395,0.0021416408339533267,0.35669921746016675,-7.412660164366885e-07,0.0,0.0,0.0,-0.0011717883958631008
2026-09-16T13:11:37.337445,50.79,-5.247070392111346,-0.5340735486483574,0.0,-3.137331799987687,0.0,0.0,-0.999997730641681,0.0021304251894856876,0.3567047938186042,-6.710478575198374e-07,0.0,0.0,0.0,-0.0016770993388683835
2026-09-16T13:11:37.369588,50.81,-5.254213212448847,-0.534103865289821,0.0,-3.1373615763313607,0.0,0.0,-0.9999977622489887,0.0021155370511997972,0.3567103000846329,-6.194810256664885e-07,0.0,0.0,0.0,-0.0015534120080281338
2026-09-16T13:11:37.390043,50.83,-5.261356033206236,-0.5341340009309447,0.0,-3.1373848289622353,0.0,0.0,-0.9999977867773043,0.002103910761636604,0.3567157371392841,-5.576310272745882e-07,0.0,0.0,0.0,-0.0014719249100376569
2026-09-16T13:11:37.414485,50.85,-5.2684988543841555,-0.5341639553619353,0.0,-3.1374120650588355,0.0,0.0,-0.9999978153357373,0.0020902927432815775,0.3567211058525149,-5.003049076896243e-07,0.0,0.0,0.0,-0.0013823002686375351
2026-09-16T13:11:37.429361,50.87,-5.275641675982671,-0.5341937284960419,0.0,-3.137435121048681,0.0,0.0,-0.9999978393661743,0.0020787647734050816,0.3567264070833472,-4.3898850664979997e-07,0.0,0.0,0.0,-0.0010059425221484446
2026-09-16T13:11:37.450546,50.89,-5.282784497999521,-0.5342233207902285,0.0,-3.1374626119868756,0.0,0.0,-0.9999978678453024,0.0020650193338106796,0.3567316416800056,-3.7624460050849584e-07,0.0,0.0,0.0,-0.0012716389926042846
2026-09-16T13:11:37.471298,50.92,-5.293500749316275,-0.5342673580764796,0.0,-3.137500569424231,0.0,0.0,-0.9999979068566279,0.0020460406552277504,0.35714285553161257,-3.148905055382057e-07,0.0,0.0,0.0,-0.0012197783807400065
2026-09-16T13:11:37.488689,50.93,-5.297070143292081,-0.5342819615281975,0.0,-3.1375137026640894,0.0,0.0,-0.999997920270639,0.0020394740489994125,0.35674191431052354,-2.6318021992598585e-07,0.0,0.0,0.0,-0.0011608239925687612
2026-09-16T13:11:37.512472,50.95,-5.3042129665651006,-0.5343110103902192,0.0,-3.1375384631710377,0.0,0.0,-0.9999979454432096,0.002027093821116845,0.35674695398805745,-2.0357204128882527e-07,0.0,0.0,0.0,0.0027478046674719527
2026-09-16T13:11:37.529861,50.97,-5.311355789371658,-0.5343400958657807,0.0,-3.137482823376079,0.0,0.0,-0.9999978886626948,0.0020549136606505076,0.35675193031902896,-6.483115308841958e-08,0.0,0.0,0.0,0.0029300371071374937
2026-09-16T13:11:37.548667,50.99,-5.318498609926797,-0.5343696542099577,0.0,-3.1374272574548003,0.0,0.0,-0.9999978311851638,0.0020826965618340786,0.356756844099677,1.5973182808086933e-07,0.0,0.0,0.0,0.00269499751632996
2026-09-16T13:11:37.580703,51.01,-5.325641428467,-0.5343996219910377,0.0,-3.137367334050197,0.0,0.0,-0.9999977683351786,0.002112658198215018,0.356761696116232,3.779902625628282e-07,0.0,0.0,0.0,0.0029473527313867245
2026-09-16T13:11:37.588919,51.03,-5.332784244932988,-0.5344300085500232,0.0,-3.1373102387487783,0.0,0.0,-0.999997707616267,0.002141205784350843,0.3567664871451848,5.958706385025662e-07,0.0,0.0,0.0,0.0029235575676344588
2026-09-16T13:11:37.619537,51.05,-5.3399270593080015,-0.5344608129430327,0.0,-3.1372520554490686,0.0,0.0,-0.999997644901897,0.0021702973666063107,0.35677121795283895,8.120305639971943e-07,0.0,0.0,0.0,0.002786291001782074
2026-09-16T13:11:37.631062,51.07,-5.347069871572475,-0.5344920349177895,0.0,-3.137192539099681,0.0,0.0,-0.9999975798750355,0.002200055470251296,0.35677588929629134,1.021689552828964e-06,0.0,0.0,0.0,0.003023889176464492
2026-09-16T13:11:37.649707,51.09,-5.354212681705925,-0.5345236744305839,0.0,-3.13713577082859,0.0,0.0,-0.9999975170255342,0.002228439536213594,0.35678050192283817,1.2298931863035295e-06,0.0,0.0,0.0,0.0028171617793359693
2026-09-16T13:11:37.688711,51.11,-5.361355489686902,-0.5345557316468429,0.0,-3.1370768372561946,0.0,0.0,-0.9999974509264381,0.002257906248274336,0.3567850565708096,1.4332602651770573e-06,0.0,0.0,0.0,-0.00020445462237200004
2026-09-16T13:11:37.706013,51.13,-5.367470410364986,-0.534583522819471,0.0,-3.1370305466185626,0.0,0.0,-0.9999973983986259,0.002281051507484338,0.3051529283122538,1.5566268225009636e-06,0.0,0.0,0.0,0.0022835165754970534
2026-09-16T13:11:37.729959,51.15,-5.373278594127224,-0.5346101939827015,0.0,-3.1369823535286336,0.0,0.0,-0.9999973431428447,0.0023051479890946543,0.2896703313656321,1.7205955528673165e-06,0.0,0.0,0.0,0.0026429115304438915
2026-09-16T13:11:37.746913,51.17,-5.3789947568126495,-0.5346367105899584,0.0,-3.1369312937551044,0.0,0.0,-0.9999972839667909,0.00233067780727603,0.2850326077583019,1.88209179417316e-06,0.0,0.0,0.0,0.002231056864793502
2026-09-16T13:11:37.765246,51.19,-5.384711064744252,-0.5346634966635095,0.0,-3.1368847644200395,0.0,0.0,-0.9999972294737249,0.002353942410988029,0.28504244640100657,2.0261107293571013e-06,0.0,0.0,0.0,0.002372965206001687
2026-09-16T13:11:37.792362,51.2,-5.387545352389949,-0.5346768909780125,0.0,-3.13685998975612,0.0,0.0,-0.9999972002379361,0.002366329708447422,0.2844305937629082,2.1146452396669846e-06,0.0,0.0,0.0,0.002547520587106782
2026-09-16T13:11:37.807910,51.23,-5.396059378741252,-0.5347174743418481,0.0,-3.136787596545656,0.0,0.0,-0.9999971139297386,0.0024025262107794797,0.2831239564078254,2.3076195921685884e-06,0.0,0.0,0.0,0.002572907043663554
2026-09-16T13:11:37.845082,51.25,-5.401736416524459,-0.5347448756934671,0.0,-3.1367423232807736,0.0,0.0,-0.999997059288428,0.0024251627772722624,0.28309594427638596,2.4426414886584252e-06,0.0,0.0,0.0,0.002292101699686505
2026-09-16T13:11:37.867657,51.27,-5.4074132288198316,-0.5347725420049231,0.0,-3.1366963466134616,0.0,0.0,-0.999997003273746,0.0024481510426833672,0.2830941652128338,2.5726927988141595e-06,0.0,0.0,0.0,0.0022410525406471016
2026-09-16T13:11:37.886547,51.28,-5.410255314437439,-0.5347865000830714,0.0,-3.1366724692902364,0.0,0.0,-0.9999969739748334,0.002460089668344356,0.2838382550794581,2.64488687849445e-06,0.0,0.0,0.0,0.0026617391158969715
2026-09-16T13:11:37.905424,51.31,-5.418766693416142,-0.5348286716868541,0.0,-3.1366017273145608,0.0,0.0,-0.9999968863334803,0.002495460547602354,0.28310843359798193,2.817272392618175e-06,0.0,0.0,0.0,0.0019855673542615447
2026-09-16T13:11:37.928509,51.33,-5.424443406751551,-0.5348571353720827,0.0,-3.1365548736733433,0.0,0.0,-0.9999968275983665,0.002518887294580871,0.2831172895680906,2.933669461334243e-06,0.0,0.0,0.0,0.002528419571530146
2026-09-16T13:11:37.947290,51.35,-5.430120116359549,-0.5348858651283231,0.0,-3.1365081698832697,0.0,0.0,-0.9999967685049201,0.002542239114847142,0.28312624385168467,3.0564070082294876e-06,0.0,0.0,0.0,0.0024271285233059955
2026-09-16T13:11:37.966106,51.37,-5.435796823503362,-0.5349148608400304,0.0,-3.136463646619367,0.0,0.0,-0.9999967116627394,0.002564500674228411,0.28313514847237264,3.1749230631590853e-06,0.0,0.0,0.0,0.002020879662551178
2026-09-16T13:11:37.989410,51.39,-5.441473528558237,-0.5349441224707007,0.0,-3.1364154618931335,0.0,0.0,-0.9999966495876379,0.0025885929573747275,0.2831439600325607,3.2878541353126577e-06,0.0,0.0,0.0,0.0024381274530387714
2026-09-16T13:11:38.005267,51.41,-5.447150231632443,-0.5349736501054975,0.0,-3.136369363745856,0.0,0.0,-0.9999965896573392,0.002611641953099992,0.283152666495416,3.402849125375162e-06,0.0,0.0,0.0,0.0024157178238764132
2026-09-16T13:11:38.027135,51.43,-5.452826932754539,-0.5350034437760663,0.0,-3.136321390041251,0.0,0.0,-0.9999965267245858,0.002635628722845404,0.28316126521957047,3.5160669150192853e-06,0.0,0.0,0.0,0.002577179591785124
2026-09-16T13:11:38.045583,51.45,-5.458503631928644,-0.535033503590648,0.0,-3.136274020031659,0.0,0.0,-0.9999964640192182,0.0026593136446354812,0.28316975637104524,3.6275224948238125e-06,0.0,0.0,0.0,0.002094484366079641
2026-09-16T13:11:38.067467,51.47,-5.464180329152931,-0.5350638294026929,0.0,-3.136222005144816,0.0,0.0,-0.9999963945190766,0.0026853209951926606,0.28317814094523686,3.727506114753045e-06,0.0,0.0,0.0,0.002292976091952354
2026-09-16T13:11:38.095092,51.49,-5.469857024422511,-0.5350944212243377,0.0,-3.136180199181717,0.0,0.0,-0.9999963381693949,0.0027062239007888465,0.28318642017475126,3.819750287816229e-06,0.0,0.0,0.0,0.002419015865489974
2026-09-16T13:11:38.106731,51.51,-5.475533717731353,-0.5351252791413549,0.0,-3.136131846160646,0.0,0.0,-0.9999962724500935,0.0027304003220006293,0.2831945953517032,3.920237793199751e-06,0.0,0.0,0.0,0.0024163800676913847
2026-09-16T13:11:38.126740,51.53,-5.481210409075203,-0.535156402862689,0.0,-3.1360832260179525,0.0,0.0,-0.9999962057783782,0.00275471030192127,0.28320266777429615,4.015730413346054e-06,0.0,0.0,0.0,0.0020138866753539775
2026-09-16T13:11:38.149539,51.55,-5.486887098449267,-0.5351877921769485,0.0,-3.1360375377928076,0.0,0.0,-0.9999961425885402,0.002777554327097353,0.2832106387314426,4.099050935344441e-06,0.0,0.0,0.0,0.002469761744412961
2026-09-16T13:11:38.165263,51.57,-5.492563785844842,-0.5352194475619096,0.0,-3.1359927587877423,0.0,0.0,-0.9999960801498367,0.0027999437425664173,0.2832185094972501,4.189795422204642e-06,0.0,0.0,0.0,0.0021475890566517103
2026-09-16T13:11:38.187326,51.59,-5.498240471257134,-0.5352513687723066,0.0,-3.1359444543460397,0.0,0.0,-0.9999960122333132,0.002824095867925618,0.2832262813312251,4.276328648958444e-06,0.0,0.0,0.0,0.0022525917897806484
2026-09-16T13:11:38.208388,51.61,-5.503917154680332,-0.5352835557346552,0.0,-3.1358993756259608,0.0,0.0,-0.9999959483259894,0.0028466351373641345,0.28323395547661556,4.359896730262918e-06,0.0,0.0,0.0,0.002516885578857051
2026-09-16T13:11:38.227193,51.63,-5.509593836106967,-0.5353160086529887,0.0,-3.1358534339807744,0.0,0.0,-0.9999958826726103,0.0028696058661339748,0.28324153316132444,4.448636519145379e-06,0.0,0.0,0.0,0.0022087001655743434
2026-09-16T13:11:38.251477,51.65,-5.5152705155309,-0.5353487274825219,0.0,-3.135806580810275,0.0,0.0,-0.9999958151731425,0.002893032354139159,0.2832490155978209,4.531557370620168e-06,0.0,0.0,0.0,0.002559343335791132
2026-09-16T13:11:38.267538,51.67,-5.520947192945408,-0.535381712266424,0.0,-3.135759753492063,0.0,0.0,-0.9999957471625707,0.0029164459144678952,0.28325640398333357,4.618113839410116e-06,0.0,0.0,0.0,0.0023593735805787952
2026-09-16T13:11:38.286389,51.69,-5.526623868343641,-0.5354149630556145,0.0,-3.1357091049915278,0.0,0.0,-0.9999956729851069,0.002941770056097774,0.28326369950004254,4.699211794142557e-06,0.0,0.0,0.0,0.002192153242595728
2026-09-16T13:11:38.325392,51.71,-5.532300541719102,-0.535448479829202,0.0,-3.135666223284029,0.0,0.0,-0.9999956096811914,0.002963210816394389,0.2832709033152685,4.769097141897609e-06,0.0,0.0,0.0,0.0021782520847306434
2026-09-16T13:11:38.343459,51.73,-5.535138897988646,-0.5354653381055371,0.0,-3.135641928255926,0.0,0.0,-0.9999955736117656,0.002975358276895544,0.28327797211306394,4.802517690082244e-06,0.0,0.0,0.0,0.00215261156973526
2026-09-16T13:11:38.374409,51.75,-5.543653879533327,-0.5355163123424715,0.0,-3.1355717172313193,0.0,0.0,-0.9999954685440933,0.0030104636319676415,0.28328504101038354,4.991456643411096e-06,0.0,0.0,0.0,0.002264772992520845
2026-09-16T13:11:38.387583,51.77,-5.549330549638138,-0.5355506270702609,0.0,-3.135525102362729,0.0,0.0,-0.9999953981062929,0.003033770959826462,0.28329197655801625,5.060699122216279e-06,0.0,0.0,0.0,0.0020336743030848667
2026-09-16T13:11:38.406273,51.79,-5.555007214854315,-0.5355852078488951,0.0,-3.13547730298445,0.0,0.0,-0.9999953253145138,0.0030576705381134377,0.28329882494287917,5.124654048992114e-06,0.0,0.0,0.0,0.002630605982808354
2026-09-16T13:11:38.433588,51.81,-5.5606838780127585,-0.5356200547327664,0.0,-3.1354333308263462,0.0,0.0,-0.999995257846635,0.003079656513646436,0.2833055872465126,5.195123997660804e-06,0.0,0.0,0.0,0.002417631266048953
2026-09-16T13:11:38.455163,51.83,-5.566360539106672,-0.5356551676789982,0.0,-3.135382993393969,0.0,0.0,-0.9999951800189036,0.0031048251095029578,0.2833122645509202,5.26496191757102e-06,0.0,0.0,0.0,0.002839535690884222
2026-09-16T13:11:38.477779,51.86,-5.574878100405572,-0.5357083318441336,0.0,-3.135313599712914,0.0,0.0,-0.9999950716893494,0.003139521780916569,0.28383681309648995,5.341379114942302e-06,0.0,0.0,0.0,0.0022425943814471296
2026-09-16T13:11:38.496229,51.87,-5.5777138550732035,-0.5357261916177264,0.0,-3.1352906785524732,0.0,0.0,-0.9999950356429361,0.003150982304449229,0.28332536842224243,5.395057442646101e-06,0.0,0.0,0.0,0.002678177676686092
2026-09-16T13:11:38.517034,51.89,-5.583390509930364,-0.5357621027707384,0.0,-3.1352449682001273,0.0,0.0,-0.9999949633655022,0.003173837366335965,0.2833317970858445,5.460227328490455e-06,0.0,0.0,0.0,0.002179958201504351
2026-09-16T13:11:38.534490,51.91,-5.589067162695428,-0.5357982797747373,0.0,-3.1351956191513706,0.0,0.0,-0.9999948847481602,0.00319851176546911,0.28333814494393145,5.517120096710676e-06,0.0,0.0,0.0,0.0026623718997845704
2026-09-16T13:11:38.558955,51.93,-5.594743813359656,-0.5358347228426014,0.0,-3.135154475260113,0.0,0.0,-0.9999948187369486,0.00321908360518893,0.28334441301219354,5.576173601873106e-06,0.0,0.0,0.0,-0.0004963371968608131
2026-09-16T13:11:38.575394,51.95,-5.600420462709371,-0.5358713091712793,0.0,-3.135161775949636,0.0,0.0,-0.9999948304810512,0.003215433279319313,0.2833506022935542,5.590367697125417e-06,0.0,0.0,0.0,-0.00016646663601373364
2026-09-16T13:11:38.595447,51.97,-5.6060971123253385,-0.5359077938651738,0.0,-3.1351719740296597,0.0,0.0,-0.999994846863674,0.003210334265625338,0.2833567137783307,5.555451734988355e-06,0.0,0.0,0.0,-0.0001337673723602631
2026-09-16T13:11:38.615143,51.99,-5.611773761955817,-0.5359442164881701,0.0,-3.1351824844668403,0.0,0.0,-0.9999948637208738,0.003205079074071595,0.28336274844424947,5.520102313362492e-06,0.0,0.0,0.0,-0.0008643172433230025
2026-09-16T13:11:38.636174,52.01,-5.6174504116280035,-0.5359805734446719,0.0,-3.1351952314532965,0.0,0.0,-0.999994884128113,0.003198705613514508,0.28336870725731717,5.4702007344097396e-06,0.0,0.0,0.0,-0.0006119261708357105
2026-09-16T13:11:38.657679,52.03,-5.623127061343005,-0.5360168651817336,0.0,-3.1352013417502427,0.0,0.0,-0.9999948938959666,0.0031956504806562357,0.28337459117040326,5.4265809352745105e-06,0.0,0.0,0.0,-0.0006770821774446386
2026-09-16T13:11:38.676803,52.05,-5.628803711106041,-0.5360530915033203,0.0,-3.1352202124704176,0.0,0.0,-0.9999949240035668,0.003186215168604596,0.2833804011255361,5.372763197491172e-06,0.0,0.0,0.0,-0.0005755100971872934
2026-09-16T13:11:38.693744,52.07,-5.634480360919267,-0.5360892526813831,0.0,-3.1352303657315543,0.0,0.0,-0.9999949401659181,0.003181138563764151,0.28338613805190976,5.333068389681943e-06,0.0,0.0,0.0,-0.0005419562053359562
2026-09-16T13:11:38.718474,52.09,-5.640157010788692,-0.5361253483754432,0.0,-3.1352390729612116,0.0,0.0,-0.9999949540058932,0.0031767849709339407,0.2833918028676055,5.291561843831015e-06,0.0,0.0,0.0,-0.0006133709204164345
2026-09-16T13:11:38.734710,52.11,-5.645833660719091,-0.5361613784283832,0.0,-3.13525148704684,0.0,0.0,-0.99999497370507,0.003170577959379308,0.2833973964790232,5.243902803107744e-06,0.0,0.0,0.0,-0.00032870928252238016
2026-09-16T13:11:38.755734,52.13,-5.651510310709923,-0.5361973435146515,0.0,-3.13525932921883,0.0,0.0,-0.9999949861294913,0.003166656893068473,0.2834029197811696,5.202684718044956e-06,0.0,0.0,0.0,-0.0005757323267187686
2026-09-16T13:11:38.795415,52.15,-5.657186960767759,-0.5362332431703494,0.0,-3.135270293404021,0.0,0.0,-0.9999950034743711,0.0031611748279119856,0.28340837365780197,5.151183006116709e-06,0.0,0.0,0.0,-0.0006676684059717833
2026-09-16T13:11:38.817482,52.17,-5.662863610896743,-0.5362690773140655,0.0,-3.135283506557615,0.0,0.0,-0.999995024337092,0.0031545682840560126,0.28341375898156884,5.09726090211721e-06,0.0,0.0,0.0,-0.0003359883454512943
2026-09-16T13:11:38.839097,52.19,-5.668540261099958,-0.5363048460202597,0.0,-3.1352978019761553,0.0,0.0,-0.9999950468594843,0.0031474206102698435,0.2834190766141501,5.0518512413167364e-06,0.0,0.0,0.0,-0.0008813573637783286
2026-09-16T13:11:38.868382,52.21,-5.674216911383515,-0.5363405488738936,0.0,-3.135309814292417,0.0,0.0,-0.9999950657453532,0.0031414144818316106,0.2834243274063945,5.001875175197058e-06,0.0,0.0,0.0,-0.0008222410392184794
2026-09-16T13:11:38.889057,52.23,-5.679893561750078,-0.5363761859978237,0.0,-3.135322025425704,0.0,0.0,-0.9999950849068299,0.003135308945255917,0.2834295121984562,4.953683737701664e-06,0.0,0.0,0.0,-0.0006060617132699922
2026-09-16T13:11:38.913896,52.25,-5.685570212201355,-0.5364117576598838,0.0,-3.1353318233209535,0.0,0.0,-0.9999951002545443,0.003130410021672421,0.28343463181992884,4.910281038280348e-06,0.0,0.0,0.0,-0.0007421633255615369
2026-09-16T13:11:38.928100,52.27,-5.691246862739986,-0.5364472639721792,0.0,-3.1353435336369775,0.0,0.0,-0.9999951185664483,0.003124554892295587,0.28343968708997846,4.861809491034967e-06,0.0,0.0,0.0,-0.00046567204361342893
2026-09-16T13:11:38.947402,52.29,-5.696923513368714,-0.5364827050224182,0.0,-3.1353571794942394,0.0,0.0,-0.9999951398617873,0.0031177319968976177,0.28344467881747465,4.818379608614824e-06,0.0,0.0,0.0,-0.0004325018572991317
2026-09-16T13:11:38.973967,52.31,-5.702600164090915,-0.5365180807900959,0.0,-3.1353657340347563,0.0,0.0,-0.9999951531880221,0.003113454747398812,0.2834496078011196,4.779135271206637e-06,0.0,0.0,0.0,-0.00044802279909082776
2026-09-16T13:11:38.988339,52.33,-5.708276814911152,-0.5365533910551054,0.0,-3.1353806361734127,0.0,0.0,-0.9999951763588303,0.0031060037140981846,0.28345447482957653,4.734607530336768e-06,0.0,0.0,0.0,-0.0004480758220536024
2026-09-16T13:11:39.024412,52.35,-5.713953465831174,-0.5365886360398188,0.0,-3.1353894856926146,0.0,0.0,-0.9999951900923608,0.0031015789758103056,0.2834592806815951,4.6957943483771976e-06,0.0,0.0,0.0,0.0013682334225910298
2026-09-16T13:11:39.047538,52.37,-5.7196301163616114,-0.5366238949594879,0.0,-3.1353649620999153,0.0,0.0,-0.9999951519862555,0.003113840712948337,0.2834640261261368,4.682891283017283e-06,0.0,0.0,0.0,0.0014310741140335357
2026-09-16T13:11:39.064349,52.39,-5.725306765505816,-0.5366593285340991,0.0,-3.135337419829634,0.0,0.0,-0.9999951090103127,0.003127611781030661,0.28346871192249734,4.703288477532561e-06,0.0,0.0,0.0,0.001411266231124609
2026-09-16T13:11:39.084538,52.41,-5.730983413393304,-0.5366949159261573,0.0,-3.1353054457846894,0.0,0.0,-0.999995058881321,0.0031435987249102296,0.2834733388204285,4.722507482942977e-06,0.0,0.0,0.0,0.0011115244888842985
2026-09-16T13:11:39.105608,52.43,-5.73666006002989,-0.5367306561382619,0.0,-3.1352829029862055,0.0,0.0,-0.9999950233850429,0.0031548700682589334,0.28347790756025804,4.727365599009251e-06,0.0,0.0,0.0,0.0014511593858844538
2026-09-16T13:11:39.129415,52.45,-5.7423367054123755,-0.5367665496042835,0.0,-3.1352564603224575,0.0,0.0,-0.9999949815860573,0.0031680913340593093,0.2834824188730081,4.744624689587509e-06,0.0,0.0,0.0,0.0013460337507208843
2026-09-16T13:11:39.147759,52.47,-5.748013349542861,-0.5368025959099719,0.0,-3.13522909541386,0.0,0.0,-0.9999949381451881,0.0031817737193967836,0.2834868734805122,4.760100727913318e-06,0.0,0.0,0.0,0.0015552437547025734
2026-09-16T13:11:39.166292,52.49,-5.753689992421926,-0.5368387948774674,0.0,-3.135202628724874,0.0,0.0,-0.9999948959521201,0.003195006996625633,0.2834912720955306,4.7772959511459525e-06,0.0,0.0,0.0,0.0013006770317179133
2026-09-16T13:11:39.188677,52.51,-5.75936663404673,-0.5368751468588208,0.0,-3.135177020112979,0.0,0.0,-0.9999948549602983,0.0032078112369571038,0.2834956154218647,4.79024518507153e-06,0.0,0.0,0.0,-0.0021456988212220918
2026-09-16T13:11:39.205245,52.53,-5.761664332310902,-0.5368899197067488,0.0,-3.1352219794683496,0.0,0.0,-0.9999949268181944,0.0031853316741220035,0.11375431593518197,4.732836767682647e-06,0.0,0.0,0.0,-0.00839024452343587
2026-09-16T13:11:39.240322,52.55,-5.762953706511764,-0.5368982133796478,0.0,-3.135242830535947,0.0,0.0,-0.9999949599726318,0.0031749061930410032,0.06284786022500935,4.660960691445672e-06,0.0,0.0,0.0,-0.005254723784536506
2026-09-16T13:11:39.262147,52.57,-5.7639405866846705,-0.536904565684403,0.0,-3.135157559758657,0.0,0.0,-0.9999948237003887,0.003217541363903833,0.04759199288426685,4.633152365117852e-06,0.0,0.0,0.0,0.0001043504405219025
2026-09-16T13:11:39.279044,52.59,-5.764836717615911,-0.5369103376151685,0.0,-3.1351469344426226,0.0,0.0,-0.9999948065925798,0.0032228539943757787,0.04303109959866249,4.603447380163601e-06,0.0,0.0,0.0,0.00014874156682936218
2026-09-16T13:11:39.307682,52.6,-5.765280025804131,-0.5369131491545953,0.0,-3.1351471104005824,0.0,0.0,-0.9999948068761193,0.003222766015852798,0.04344271914807398,4.534181302060295e-06,0.0,0.0,0.0,0.0002445932899318068
2026-09-16T13:11:39.321159,52.63,-5.766566359176116,-0.5369214892648602,0.0,-3.1351429048949195,0.0,0.0,-0.9999948000972281,0.0032248687577572277,0.04128819067270548,4.5419479449692386e-06,0.0,0.0,0.0,-2.883126051582632e-05
2026-09-16T13:11:39.379279,52.65,-5.767427107228628,-0.5369270441640568,0.0,-3.135133798097165,0.0,0.0,-0.9999947854027477,0.003229422132923832,0.04131011904942139,4.511088082642296e-06,0.0,0.0,0.0,0.00037316243897483263
2026-09-16T13:11:39.399336,52.67,-5.768283421975304,-0.536932573937148,0.0,-3.1351347754347025,0.0,0.0,-0.9999947869807461,0.003228933466702874,0.041170904703036776,4.479765437506107e-06,0.0,0.0,0.0,5.444276444129464e-05
2026-09-16T13:11:39.419195,52.69,-5.769140748416055,-0.5369381137368049,0.0,-3.1351298092624402,0.0,0.0,-0.9999947789599433,0.0032314165398796965,0.04118116139304137,4.44897489829035e-06,0.0,0.0,0.0,0.0006207961157196336
2026-09-16T13:11:39.438190,52.71,-5.769998007338758,-0.5369436566008646,0.0,-3.1351199941771397,0.0,0.0,-0.9999947630895869,0.003236324056868544,0.04119894624901931,4.41923125116426e-06,0.0,0.0,0.0,0.0001175868258101306
2026-09-16T13:11:39.458970,52.73,-5.770855245064852,-0.5369492027846605,0.0,-3.13512057798645,0.0,0.0,-0.9999947640342423,0.0032360321537419703,0.04121880461025606,4.386688128672089e-06,0.0,0.0,0.0,0.0002061973470279678
2026-09-16T13:11:39.481843,52.75,-5.771712475503236,-0.5369547524305949,0.0,-3.135115979450311,0.0,0.0,-0.9999947565910936,0.00323833140976402,0.04123910247635596,4.355580665711942e-06,0.0,0.0,0.0,0.0004148728565733657
2026-09-16T13:11:39.500147,52.77,-5.772569702828667,-0.5369603070145249,0.0,-3.1351057966238027,0.0,0.0,-0.999994740090449,0.003243422796279774,0.04125935194200402,4.324825940986556e-06,0.0,0.0,0.0,0.0005923350050670736
2026-09-16T13:11:39.517667,52.79,-5.773426928288457,-0.5369658695141,0.0,-3.1350987304427913,0.0,0.0,-0.9999947286249014,0.003246955868181501,0.04127940890108177,4.294638503033511e-06,0.0,0.0,0.0,0.00012385957354298175
2026-09-16T13:11:39.555891,52.81,-5.774284152276919,-0.5369714394516164,0.0,-3.135090404274472,0.0,0.0,-0.9999947150988853,0.0032511189303677988,0.041299232358922564,4.263731716883912e-06,0.0,0.0,0.0,0.00035233272732215055
2026-09-16T13:11:39.571833,52.83,-5.775141374922303,-0.536977016840127,0.0,-3.135083871137954,0.0,0.0,-0.9999947044735481,0.0032543854813459542,0.04131881222641766,4.233444094528507e-06,0.0,0.0,0.0,0.0003809320259388569
2026-09-16T13:11:39.617352,52.85,-5.775998596273966,-0.5369826016801552,0.0,-3.1350721114253637,0.0,0.0,-0.9999946853209429,0.0032602653064479174,0.04133814765791501,4.203772203199244e-06,0.0,0.0,0.0,0.0003982880158494127
2026-09-16T13:11:39.635341,52.87,-5.776855816357529,-0.5369881939579796,0.0,-3.13506575134411,0.0,0.0,-0.9999946749481105,0.0032634453301573583,0.04135724055366734,4.17329684151635e-06,0.0,0.0,0.0,0.0006189162638983857
2026-09-16T13:11:39.655010,52.89,-5.777713035192424,-0.5369937936937316,0.0,-3.135056816397579,0.0,0.0,-0.9999946603587766,0.0032679127796007962,0.041376093676620235,4.143955343694253e-06,0.0,0.0,0.0,0.000328088856430363
2026-09-16T13:11:39.687369,52.91,-5.778570252791445,-0.5369994008659397,0.0,-3.1350454708440285,0.0,0.0,-0.9999946418045468,0.0032735855260328036,0.04139470973847445,4.1138300887484106e-06,0.0,0.0,0.0,0.0001808949186658666
2026-09-16T13:11:39.706349,52.93,-5.779427469172322,-0.537005015473875,0.0,-3.1350422293134677,0.0,0.0,-0.9999946364975195,0.003275206282624556,0.04141309188322607,4.082642516451643e-06,0.0,0.0,0.0,0.000677127889473302
2026-09-16T13:11:39.747584,52.95,-5.78028468434885,-0.5370106375586433,0.0,-3.1350281763985364,0.0,0.0,-0.9999946134597365,0.0032822327023228678,0.04143124297617501,4.054102761751609e-06,0.0,0.0,0.0,0.00015694804213531858
2026-09-16T13:11:39.767086,52.97,-5.781141898335848,-0.5370162670691291,0.0,-3.135022685064682,0.0,0.0,-0.9999946044440494,0.003284978354447998,0.04144916591901634,4.022879328045098e-06,0.0,0.0,0.0,0.0005815262810874955
2026-09-16T13:11:39.786959,52.99,-5.781999111147294,-0.5370219040513894,0.0,-3.1350133146158865,0.0,0.0,-0.9999945890422131,0.003289663553530318,0.04146686357865608,3.993550337433674e-06,0.0,0.0,0.0,0.00043997290747738974
2026-09-16T13:11:39.842411,53.01,-5.782856322797518,-0.5370275484702252,0.0,-3.1350024392769513,0.0,0.0,-0.999994571139326,0.0032951011935262457,0.041484338786525805,3.9637020705439315e-06,0.0,0.0,0.0,0.0004047830905861594
2026-09-16T13:11:39.858884,53.03,-5.783713533300434,-0.5370332003260887,0.0,-3.134996630323514,0.0,0.0,-0.9999945615645632,0.0032980056544630342,0.041501594338606625,3.933207181404171e-06,0.0,0.0,0.0,0.0006584705662278915
2026-09-16T13:11:39.888666,53.05,-5.784570742669609,-0.5370388596449385,0.0,-3.134988228853503,0.0,0.0,-0.9999945477016924,0.0033022063665938965,0.0415186329958766,3.904114869656647e-06,0.0,0.0,0.0,0.0007442119650442286
2026-09-16T13:11:39.909367,53.07,-5.78542795091872,-0.5370445264103382,0.0,-3.1349822904644147,0.0,0.0,-0.9999945378923912,0.0033051755449346348,0.04153545748460951,3.875317150991705e-06,0.0,0.0,0.0,0.0002814473126599061
2026-09-16T13:11:39.920188,53.09,-5.786285158061181,-0.537050200619349,0.0,-3.134967912495839,0.0,0.0,-0.9999945141056956,0.003312364489870024,0.04155207049681103,3.846147583471746e-06,0.0,0.0,0.0,0.00024293751788876213
2026-09-16T13:11:39.959978,53.11,-5.787142364110258,-0.537055882266018,0.0,-3.1349613467360427,0.0,0.0,-0.9999945032262122,0.003315647351740784,0.04156847469064951,3.815413961476629e-06,0.0,0.0,0.0,0.0004469920670279407
2026-09-16T13:11:39.978319,53.13,-5.787999569078856,-0.5370615713739271,0.0,-3.134951447372034,0.0,0.0,-0.9999944868025625,0.003320597006497129,0.04158467269088126,3.7857881549681335e-06,0.0,0.0,0.0,-0.0021489629066801233
2026-09-16T13:11:40.015471,53.15,-5.795178920670959,-0.5371249257740716,0.0,-3.1321012498915106,0.0,0.0,-0.9999887391781139,0.004745684035626854,0.359208673586963,9.172719540916732e-06,0.0,0.0,0.0,-0.008214343737850162
2026-09-16T13:11:40.035680,53.17,-5.8042441400186835,-0.5372681633965649,0.0,-3.1255783881865162,0.0,0.0,-0.999967943084225,0.00800704714012944,0.45448257121323365,2.6504443308200762e-05,0.0,0.0,0.0,-0.014358944889981472
2026-09-16T13:11:40.056458,53.19,-5.81330499389689,-0.5374811535314669,0.0,-3.1182874855715,0.0,0.0,-0.9999321094111575,0.011652320307689812,0.4544662565779902,4.551732130349334e-05,0.0,0.0,0.0,-0.020384706916814054
2026-09-16T13:11:40.074039,53.21,-5.82338723197308,-0.537795562784989,0.0,-3.1104036515128977,0.0,0.0,-0.9998784082328538,0.015593868979011124,0.4916101000073258,6.880514738478336e-05,0.0,0.0,0.0,-0.023944672192321645
2026-09-16T13:11:40.098448,53.23,-5.83323267289354,-0.5381846771092268,0.0,-3.102032620832417,0.0,0.0,-0.9998043818541053,0.0197787265851572,0.4941637888986219,9.092274594709621e-05,0.0,0.0,0.0,0.11641645646097375
2026-09-16T13:11:40.116438,53.25,-5.843089890141229,-0.5386545305151232,0.0,-3.0917272831858753,0.0,0.0,-0.9996891967054258,0.024930102094865784,0.4949166085385914,0.00011609500535011216,0.0,0.0,0.0,0.33495735140090205
2026-09-16T13:11:40.135817,53.27,-5.8529429402353,-0.539204443393033,0.0,-3.0818052982133928,0.0,0.0,-0.9995532172902329,0.029889225562807084,0.49489781467889393,0.00014092610616142542,0.0,0.0,0.0,0.4063025254476124
2026-09-16T13:11:40.157571,53.29,-5.862799471430338,-0.5398349333692871,0.0,-3.073673446506194,0.0,0.0,-0.9994234280780258,0.0339530765729291,0.4951802528221623,0.00016228012858445,0.0,0.0,0.0,0.40334608398870037
2026-09-16T13:11:40.174551,53.31,-5.8726486763921635,-0.540545167624056,0.0,-3.065605793389687,0.0,0.0,-0.9992783364510371,0.03798429016906729,0.4951827421735986,0.00018318105764333467,0.0,0.0,0.0,0.4036899952046927
2026-09-16T13:11:40.195075,53.33,-5.882491833504042,-0.5413347827712719,0.0,-3.0575636116506018,0.0,0.0,-0.9991175198396064,0.04200216124860377,0.4951646217124092,0.00020367085012328222,0.0,0.0,0.0,0.4007637492477124
2026-09-16T13:11:40.216329,53.35,-5.892328529164564,-0.5422032950225742,0.0,-3.0495434627543556,0.0,0.0,-0.9989410552551072,0.04600834843604901,0.4951529804557263,0.00022366496256163697,0.0,0.0,0.0,0.4005556574898552
2026-09-16T13:11:40.235474,53.37,-5.902157951017282,-0.5431506320283587,0.0,-3.0415295722624753,0.0,0.0,-0.9987486835220135,0.05001067049185554,0.4951377502220778,0.00024331318785959671,0.0,0.0,0.0,0.40070086977010133
2026-09-16T13:11:40.257579,53.39,-5.911979448738487,-0.5441767173680916,0.0,-3.033514956802322,0.0,0.0,-0.9985402567121929,0.05401255155191118,0.4951204725855606,0.0002626422278438042,0.0,0.0,0.0,0.40079863490849316
2026-09-16T13:11:40.281956,53.41,-5.921792408297286,-0.5452814815800404,0.0,-3.025498572307406,0.0,0.0,-0.9983157435354996,0.05801444827939502,0.4951032960724392,0.0002816507359258928,0.0,0.0,0.0,0.4008540497059464
2026-09-16T13:11:40.295452,53.43,-5.9315961985987,-0.5464648548189738,0.0,-3.0174858452191486,0.0,0.0,-0.9980753052399086,0.062013587787381134,0.4950863006470239,0.00030033781744153554,0.0,0.0,0.0,0.400761096149923
2026-09-16T13:11:40.338059,53.45,-5.941390189710851,-0.5477267612758759,0.0,-3.0094725208547164,0.0,0.0,-0.9978188271964132,0.06601202990648225,0.4950695084025532,0.00031871397401892745,0.0,0.0,0.0,0.2219129395251948
2026-09-16T13:11:40.354937,53.47,-5.951176174009324,-0.5490492789651722,0.0,-3.0063026048187917,0.0,0.0,-0.9977129476380925,0.06759344728084901,0.495052924103692,0.0003315994531303764,0.0,0.0,0.0,0.15912381815808557
2026-09-16T13:11:40.374786,53.49,-5.960958719661041,-0.5503967897415424,0.0,-3.0031756989016443,0.0,0.0,-0.9976060491089045,0.06915324129295838,0.49503654689633825,0.00033540476217408635,0.0,0.0,0.0,0.14922670041069458
2026-09-16T13:11:40.397578,53.5,-5.965842049319472,-0.5510812689084177,0.0,-3.00168217919301,0.0,0.0,-0.9975541300916771,0.06989819408995658,0.49375000502123445,0.0003375100286425266,0.0,0.0,0.0,0.14900392563595935
2026-09-16T13:11:40.416507,53.53,-5.9805113864456905,-0.5531803817561903,0.0,-2.9972128466316255,0.0,0.0,-0.9973954403256204,0.07212721828589921,0.49500440800766343,0.0003417941753296793,0.0,0.0,0.0,0.14913656649533366
2026-09-16T13:11:40.436794,53.55,-5.990281418624174,-0.5546158263979726,0.0,-2.994229035019169,0.0,0.0,-0.9972867233571217,0.07361515751267404,0.4949886406787818,0.00034481908908688707,0.0,0.0,0.0,0.14867325406114598
2026-09-16T13:11:40.455775,53.57,-6.0000471349118145,-0.556080351285184,0.0,-2.991252285435709,0.0,0.0,-0.9971760518285934,0.07509941184548993,0.49497307151611475,0.0003477452615356616,0.0,0.0,0.0,0.14877245842760395
2026-09-16T13:11:40.476921,53.59,-6.009808448865368,-0.5575739426767768,0.0,-2.9882744097788185,0.0,0.0,-0.99706312817725,0.07658406119681017,0.494957698038238,0.0003506104253422216,0.0,0.0,0.0,0.14893772055457796
2026-09-16T13:11:40.493347,53.61,-6.019565274047836,-0.5590965867899991,0.0,-2.985298062637447,0.0,0.0,-0.9969480537655113,0.07806777884094732,0.4949425177974714,0.00035341427077136044,0.0,0.0,0.0,0.14886946278067661
2026-09-16T13:11:40.515993,53.63,-6.02931752413368,-0.5606482691607393,0.0,-2.9823234064292317,0.0,0.0,-0.9968308387102578,0.07955048080435456,0.4949275283654694,0.00035615481577507967,0.0,0.0,0.0,0.14895445666080864
2026-09-16T13:11:40.538048,53.65,-6.0390651126530175,-0.5622289762691861,0.0,-2.979345593888376,0.0,0.0,-0.9967112906363621,0.08103457976689533,0.49491272734413083,0.00035884262209541707,0.0,0.0,0.0,0.18549805772351585
2026-09-16T13:11:40.558020,53.67,-6.048807508259258,-0.5638413807290142,0.0,-2.9756341823255084,0.0,0.0,-0.9965591982255906,0.08288404208270753,0.4948981123651932,0.0003625276367849514,0.0,0.0,0.0,0.18552561592832237
2026-09-16T13:11:40.576035,53.69,-6.058543706975755,-0.5654908114351507,0.0,-2.971917290522637,0.0,0.0,-0.9964034418378241,0.08473594924079073,0.4948836810903484,0.00036719186465907015,0.0,0.0,0.0,0.18587228465661607
2026-09-16T13:11:40.599953,53.7,-6.063403778948036,-0.5663290648210807,0.0,-2.970056494097532,0.0,0.0,-0.9963241724097638,0.08566296441286264,0.49375000446989287,0.00037056615192466053,0.0,0.0,0.0,0.18686272048056535
2026-09-16T13:11:40.616798,53.73,-6.073136285352362,-0.5680329361544133,0.0,-2.9663134489374072,0.0,0.0,-0.9961621074707758,0.0875274564887067,0.49485528308937216,0.00037097573491105124,0.0,0.0,0.0,0.18700275156433302
2026-09-16T13:11:40.639682,53.75,-6.087714397795975,-0.570657072397023,0.0,-2.960706959772732,0.0,0.0,-0.9959128329158107,0.09031959495925881,0.494841467539286,0.000391772379011756,0.0,0.0,0.0,0.1872891371952239
2026-09-16T13:11:40.656302,53.77,-6.09742486542055,-0.5724518297331654,0.0,-2.9569652079430417,0.0,0.0,-0.995742113324605,0.09218266513748344,0.49482774824075315,0.000396001737784087,0.0,0.0,0.0,0.18714886211482606
2026-09-16T13:11:40.676270,53.79,-6.107128546645129,-0.5742829011341419,0.0,-2.953222006868494,0.0,0.0,-0.9955678403134063,0.09404613407099766,0.49481420141231136,0.0004001385367377549,0.0,0.0,0.0,0.18728400286995092
2026-09-16T13:11:40.696469,53.81,-6.116825310485319,-0.576150261989396,0.0,-2.9494798468955685,0.0,0.0,-0.9953901298655311,0.09590875542035335,0.4948008248616318,0.00040418785167238244,0.0,0.0,0.0,0.1874131027702853
2026-09-16T13:11:40.716277,53.83,-6.126515020998721,-0.5780538872973908,0.0,-2.9457424387115765,0.0,0.0,-0.9952091669081035,0.09776867648730159,0.4947876164483966,0.00040815415072205407,0.0,0.0,0.0,0.18718767368959893
2026-09-16T13:11:40.738317,53.85,-6.1361975426023685,-0.5799937501787729,0.0,-2.941996389441433,0.0,0.0,-0.995024298169097,0.09963255518702678,0.4947745740590479,0.00041204207678166474,0.0,0.0,0.0,0.17699383012968534
2026-09-16T13:11:40.753117,53.87,-6.145872887258516,-0.5819691020835327,0.0,-2.9384568605871357,0.0,0.0,-0.9948464138686418,0.10139335684700036,0.49476169560702943,0.00041553821997041283,0.0,0.0,0.0,0.17730296726304853
2026-09-16T13:11:40.774078,53.89,-6.15554122208328,-0.5839784827866017,0.0,-2.9349128983062602,0.0,0.0,-0.9946651849793109,0.10315604582414553,0.49474897903157045,0.00041869205866055853,0.0,0.0,0.0,0.17723717292993585
2026-09-16T13:11:40.800192,53.91,-6.165202390054436,-0.586022047314896,0.0,-2.931380107018694,0.0,0.0,-0.9944814189304327,0.10491285622893494,0.49473642229795367,0.0004217592329051533,0.0,0.0,0.0,0.17651744874951886
2026-09-16T13:11:40.819853,53.93,-6.174856278153879,-0.5880997335793036,0.0,-2.927846439851224,0.0,0.0,-0.9942945032327507,0.10666977473088339,0.49472402339703664,0.0004247324784672165,0.0,0.0,0.0,0.17673743313234855
2026-09-16T13:11:40.853854,53.95,-6.184502764474491,-0.5902115220686117,0.0,-2.9243159650585793,0.0,0.0,-0.9941046567133431,0.10842477346458375,0.4947117803447871,0.00042764540589422116,0.0,0.0,0.0,0.17650723860910264
2026-09-16T13:11:40.875804,53.97,-6.194141729078336,-0.5923573840092956,0.0,-2.9207835493809458,0.0,0.0,-0.9939116055786628,0.11018039887404944,0.4946996911826821,0.0004304943864433818,0.0,0.0,0.0,0.1767305593554461
2026-09-16T13:11:40.894296,53.99,-6.203773051545882,-0.5945372928696653,0.0,-2.9172453568465593,0.0,0.0,-0.9937151306250035,0.11193855085238609,0.49468775397582065,0.0004332880663387797,0.0,0.0,0.0,0.17699629422376773
2026-09-16T13:11:40.926720,54.01,-6.213396611576153,-0.5967512215757389,0.0,-2.913711633498692,0.0,0.0,-0.9935157997029409,0.1136941323931267,0.49467596681461706,0.0004360118284253868,0.0,0.0,0.0,0.17684242237708214
2026-09-16T13:11:40.933983,54.03,-6.223012288834652,-0.5989991431845092,0.0,-2.910173467277828,0.0,0.0,-0.9933131107580173,0.1154515655858806,0.49466432781292113,0.00043866784778805705,0.0,0.0,0.0,0.17640605549443053
2026-09-16T13:11:40.963402,54.05,-6.232619963358013,-0.6012810291462469,0.0,-2.906642437870687,0.0,0.0,-0.9931077313282928,0.11720509364345678,0.4946528351084327,0.00044123613882530576,0.0,0.0,0.0,0.1767948397607495
2026-09-16T13:11:40.986736,54.07,-6.242219515278977,-0.6035968505262501,0.0,-2.9031127912346264,0.0,0.0,-0.9928993385864769,0.11895756989169153,0.49464148686225806,0.00044376222660160743,0.0,0.0,0.0,0.17699176022830215
2026-09-16T13:11:41.004729,54.09,-6.251810824806568,-0.6059465780873899,0.0,-2.899578519080162,0.0,0.0,-0.9926875741847815,0.12071197148226004,0.4946302812586189,0.0004462453674775874,0.0,0.0,0.0,0.1769644713644195
2026-09-16T13:11:41.025764,54.11,-6.261393772376785,-0.60833018168103,0.0,-2.896040195092274,0.0,0.0,-0.9924724617410557,0.12246800678401117,0.494619216504418,0.000448665821913237,0.0,0.0,0.0,0.17694815145885306
2026-09-16T13:11:41.045201,54.13,-6.2709682381059375,-0.6107476324594264,0.0,-2.892511278867639,0.0,0.0,-0.9922548272470871,0.1242189913211879,0.4946082908295232,0.00045101364936410047,0.0,0.0,0.0,0.17674097094818447
2026-09-16T13:11:41.064971,54.15,-6.280534102224021,-0.6131989010823833,0.0,-2.888976663003442,0.0,0.0,-0.9920337445599771,0.12597241624383546,0.4945975024856263,0.0004533120753763004,0.0,0.0,0.0,0.1766122104082325
2026-09-16T13:11:41.086394,54.17,-6.290091245378143,-0.6156839565541554,0.0,-2.8854392463079575,0.0,0.0,-0.9918093845082807,0.12772683665269957,0.4945868497465365,0.0004555474565323643,0.0,0.0,0.0,0.17671298901373944
2026-09-16T13:11:41.107184,54.19,-6.299639548223279,-0.6182027678609151,0.0,-2.881908554421416,0.0,0.0,-0.9915823571125245,0.12947752338985316,0.4945763309077602,0.00045771940809935665,0.0,0.0,0.0,0.1766224087705292
2026-09-16T13:11:41.125534,54.21,-6.309178891516679,-0.6207553035974704,0.0,-2.8783741684242714,0.0,0.0,-0.9913519971176964,0.1312296376995488,0.4945659442862282,0.0004598428749178228,0.0,0.0,0.0,0.17665451487924028
2026-09-16T13:11:41.144015,54.23,-6.318709156319143,-0.6233415312275615,0.0,-2.87484283162511,0.0,0.0,-0.9911187439021112,0.13297983112450298,0.494555688219884,0.00046191140432892084,0.0,0.0,0.0,0.17676374113876334
2026-09-16T13:11:41.164413,54.25,-6.328230223724596,-0.6259614181127662,0.0,-2.871306241904029,0.0,0.0,-0.9908820469250229,0.13473221248712824,0.49454556106813274,0.00046393653745735344,0.0,0.0,0.0,0.17666561358880822
2026-09-16T13:11:41.184305,54.27,-6.337741974698609,-0.6286149320836888,0.0,-2.867774959809183,0.0,0.0,-0.9906426137926512,0.13648154358031017,0.49453556121014874,0.0004658982786968975,0.0,0.0,0.0,0.07703539517036238
2026-09-16T13:11:41.206966,54.29,-6.347246311212256,-0.6312948917636071,0.0,-2.8662369054220047,0.0,0.0,-0.9905373628501548,0.1372433342565703,0.4945256870459606,0.00046492356084777193,0.0,0.0,0.0,0.07468290283090631
2026-09-16T13:11:41.232467,54.31,-6.356747237578469,-0.6339869103597828,0.0,-2.8647365546911874,0.0,0.0,-0.9904341275724707,0.13798637229726246,0.494515936995583,0.00046097332970242887,0.0,0.0,0.0,0.07336502071850023
2026-09-16T13:11:41.247561,54.33,-6.366244174376504,-0.6366929724575271,0.0,-2.8632796358850503,0.0,0.0,-0.9903333473225061,0.13870782667535575,0.49450630949939545,0.0004569663020781982,0.0,0.0,0.0,0.07287824817929109
2026-09-16T13:11:41.292922,54.35,-6.375737168079783,-0.6394128372145503,0.0,-2.861825721928311,0.0,0.0,-0.9902322510298693,0.13942771969847959,0.49449680301666255,0.0004529378350513266,0.0,0.0,0.0,0.07346401645050234
2026-09-16T13:11:41.311691,54.37,-6.385226189246994,-0.6421465314272656,0.0,-2.8603673302943418,0.0,0.0,-0.9901303176625312,0.1401497557810751,0.494487416026297,0.000448981174335851,0.0,0.0,0.0,0.07280511368239999
2026-09-16T13:11:41.333790,54.39,-6.394711220238307,-0.6448940406029854,0.0,-2.858906966230682,0.0,0.0,-0.9900277188863885,0.14087269372243144,0.4944781470263322,0.00044504388203233503,0.0,0.0,0.0,0.07301536210188218
2026-09-16T13:11:41.354365,54.41,-6.404192240859977,-0.6476553591611612,0.0,-2.857453902329164,0.0,0.0,-0.9899251090900153,0.14159194324932958,0.49446899453367954,0.00044114550887594295,0.0,0.0,0.0,0.07302002809081257
2026-09-16T13:11:41.372061,54.43,-6.413715951111861,-0.6504441814533987,0.0,-2.855990958744161,0.0,0.0,-0.9898212737565292,0.14231600759929328,0.49690578328994767,0.0004373168116953665,0.0,0.0,0.0,0.07342399016520167
2026-09-16T13:11:41.398622,54.45,-6.423249501652259,-0.6532510633175245,0.0,-2.854525176586053,0.0,0.0,-0.9897167058024816,0.14304140049469616,0.49763042021739645,0.0004335653006360572,0.0,0.0,0.0,0.06541096354898716
2026-09-16T13:11:41.415854,54.47,-6.432783272826222,-0.6560725965039208,0.0,-2.853212555185177,0.0,0.0,-0.9896226130503432,0.14369093130539168,0.4978414871735093,0.00042962753472884435,0.0,0.0,0.0,0.06561237773965445
2026-09-16T13:11:41.434679,54.49,-6.442314652450432,-0.658906791391218,0.0,-2.8519108219327776,0.0,0.0,-0.9895288798096695,0.14433501315557723,0.4978985626297266,0.0004255081332602903,0.0,0.0,0.0,0.06531546951081037
2026-09-16T13:11:41.455351,54.51,-6.451842701065383,-0.6617535372234633,0.0,-2.8506096200165483,0.0,0.0,-0.989434765893766,0.14497877100026915,0.49790951912841785,0.00042144032217277417,0.0,0.0,0.0,0.06531244554912803
2026-09-16T13:11:41.474844,54.53,-6.46136714549108,-0.6646127299961876,0.0,-2.849299501491129,0.0,0.0,-0.9893395839291916,0.14562687825677648,0.4979067174453079,0.0004174234049895885,0.0,0.0,0.0,0.06489884338909313
2026-09-16T13:11:41.492888,54.55,-6.470887889856697,-0.6674843437923198,0.0,-2.8479990923416243,0.0,0.0,-0.9892446875438574,0.14627012055186056,0.4978998648394164,0.0004134229203354436,0.0,0.0,0.0,0.06483099914445915
2026-09-16T13:11:41.513900,54.57,-6.480404883853546,-0.6703683644300177,0.0,-2.846697253645522,0.0,0.0,-0.9891492679295718,0.14691400802643742,0.49789133762380483,0.00040947782846593723,0.0,0.0,0.0,0.06481549243062829
2026-09-16T13:11:41.538613,54.59,-6.489918129739773,-0.6732647924355648,0.0,-2.845388981291534,0.0,0.0,-0.9890529545432889,0.14756101486907305,0.49788361296099987,0.0004055850350001895,0.0,0.0,0.0,0.06504525900609763
2026-09-16T13:11:41.553511,54.61,-6.4994275891156645,-0.6761736150997439,0.0,-2.8440915773985935,0.0,0.0,-0.9889570233286696,0.1482025843529631,0.4978753468495447,0.00040173178151878513,0.0,0.0,0.0,0.06546918215546949
2026-09-16T13:11:41.573020,54.63,-6.508933249704847,-0.679094829750163,0.0,-2.8427825698604736,0.0,0.0,-0.9888598123632358,0.14884982866280366,0.49786713709831265,0.00039795566783750586,0.0,0.0,0.0,0.06523735631592735
2026-09-16T13:11:41.594003,54.65,-6.518435096057474,-0.6820284308970828,0.0,-2.8414811681727903,0.0,0.0,-0.9887627463136098,0.14949324901937197,0.49785904931494057,0.0003942027255059826,0.0,0.0,0.0,0.06518056901405295
2026-09-16T13:11:41.613910,54.67,-6.5279331115892125,-0.6849744128229447,0.0,-2.8401787371845892,0.0,0.0,-0.9886651843424198,0.15013711489558146,0.49785104595099905,0.0003904997179821946,0.0,0.0,0.0,0.06514872879264659
2026-09-16T13:11:41.640854,54.69,-6.537427280232769,-0.6879327706913682,0.0,-2.83887366851449,0.0,0.0,-0.9885670042396043,0.15078222086417958,0.49784314190219336,0.0003868440693987724,0.0,0.0,0.0,0.06487180696613692
2026-09-16T13:11:41.651721,54.71,-6.546917585780049,-0.6909034997573499,0.0,-2.8375707863172277,0.0,0.0,-0.9884685687491345,0.15142618199980332,0.49783533759381776,0.0003832205828685234,0.0,0.0,0.0,0.06520248682278987
2026-09-16T13:11:41.672106,54.73,-6.556404012021336,-0.6938865951994241,0.0,-2.8362682068456335,0.0,0.0,-0.9883697367945783,0.15206992927142418,0.497827631114098,0.00037965321875896356,0.0,0.0,0.0,0.06478183946385907
2026-09-16T13:11:41.694813,54.75,-6.5658865428872994,-0.696882051789171,0.0,-2.83496588628235,0.0,0.0,-0.988270505364426,0.15271348410255794,0.4978200214315914,0.0003761203231964976,0.0,0.0,0.0,0.06950787439916278
2026-09-16T13:11:41.712428,54.77,-6.575365067837504,-0.6998901615860766,0.0,-2.8335812630435746,0.0,0.0,-0.9881645432166567,0.1533976386044329,0.4978125073574495,0.00037277270516174,0.0,0.0,0.0,0.06961798477974633
2026-09-16T13:11:41.735027,54.79,-6.584839379103186,-0.7029115183102265,0.0,-2.832190499684966,0.0,0.0,-0.9880576344014403,0.15408475298039628,0.49780508772999826,0.0003695972759749843,0.0,0.0,0.0,0.06954819992622026
2026-09-16T13:11:41.755352,54.81,-6.594309482887845,-0.7059460388358403,0.0,-2.8307991632931695,0.0,0.0,-0.9879502034606344,0.15477207591193887,0.4977977613633459,0.0003664559106165761,0.0,0.0,0.0,0.06937049352397091
2026-09-16T13:11:41.772126,54.83,-6.603775356680354,-0.7089937304039136,0.0,-2.829409316958339,0.0,0.0,-0.9878424102185094,0.155458587970193,0.4977905270856647,0.00036335003461378186,0.0,0.0,0.0,0.06971370052166714
2026-09-16T13:11:41.806014,54.85,-6.613236982440404,-0.7120545862355729,0.0,-2.8280188031587086,0.0,0.0,-0.9877340878186074,0.15614535459354384,0.49778338373986125,0.0003602962241026512,0.0,0.0,0.0,0.06939567966790255
2026-09-16T13:11:41.827450,54.87,-6.622694341942569,-0.7151286001364723,0.0,-2.8266282181516886,0.0,0.0,-0.9876252823818901,0.15683208090212858,0.4977763301826775,0.00035727255770800977,0.0,0.0,0.0,0.06963587822158882
2026-09-16T13:11:41.847988,54.89,-6.632147416794154,-0.718215766428713,0.0,-2.825235354876012,0.0,0.0,-0.987515820060222,0.15751985630639498,0.4977693652856503,0.0003542949554114928,0.0,0.0,0.0,0.06948968252146029
2026-09-16T13:11:41.875347,54.91,-6.641596188654969,-0.7213160792700507,0.0,-2.8238435530200032,0.0,0.0,-0.9874059627387531,0.15820703128481983,0.4977624879343601,0.0003513451009852362,0.0,0.0,0.0,0.06945449251559478
2026-09-16T13:11:41.888158,54.93,-6.651040639170093,-0.724429532861999,0.0,-2.8224521202427386,0.0,0.0,-0.9872956565604246,0.15889394745212926,0.49775569702839495,0.0003484292076242739,0.0,0.0,0.0,0.06983445587322279
2026-09-16T13:11:41.913971,54.95,-6.660480750087749,-0.7275561210916571,0.0,-2.8210647544622884,0.0,0.0,-0.9871851970152292,0.15957877927219202,0.49774899148117435,0.0003455601648750768,0.0,0.0,0.0,0.06952610583479811
2026-09-16T13:11:41.928609,54.96,-6.66519722687762,-0.7291218916134276,0.0,-2.8203676423148316,0.0,0.0,-0.9871295148963781,0.15992285896781966,0.49722222429379126,0.0003421316926350343,0.0,0.0,0.0,0.06953620386560203
2026-09-16T13:11:41.949104,54.99,-6.6793478806416555,-0.733848675463235,0.0,-2.818280765059197,0.0,0.0,-0.9869621078625657,0.16095278078828343,0.4977358321847639,0.0003399303684986626,0.0,0.0,0.0,0.06990719463769156
2026-09-16T13:11:41.969557,55.01,-6.688774863669091,-0.737014629705874,0.0,-2.8168904234151557,0.0,0.0,-0.9868499797137863,0.16163884910163007,0.49772937633001796,0.0003371759164292169,0.0,0.0,0.0,0.06952328544690202
2026-09-16T13:11:41.989389,55.03,-6.698197433999503,-0.7401936944215549,0.0,-2.8154964262870057,0.0,0.0,-0.9867370779678822,0.16232664280211523,0.4977230016225683,0.000334447758519589,0.0,0.0,0.0,0.069572436005098
2026-09-16T13:11:42.007441,55.05,-6.7076155736125,-0.7433858628143166,0.0,-2.8141095912814844,0.0,0.0,-0.9866242806163031,0.16301082448218657,0.4977167070424284,0.0003317472030606699,0.0,0.0,0.0,0.05507973011304526
2026-09-16T13:11:42.025423,55.07,-6.717029619971722,-0.7465900849648418,0.0,-2.8130076861863165,0.0,0.0,-0.9865343196475548,0.16355438287473759,0.4977104915824363,0.00032866994681737414,0.0,0.0,0.0,0.055412778044803795
2026-09-16T13:11:42.045224,55.09,-6.726440257851539,-0.7498043049591177,0.0,-2.811907563060641,0.0,0.0,-0.9864442054259209,0.16409701271389307,0.4977043542479392,0.0003251970560449529,0.0,0.0,0.0,0.054897822866976996
2026-09-16T13:11:42.067623,55.11,-6.73584734356895,-0.7530289076267012,0.0,-2.8108091745375217,0.0,0.0,-0.9863539355298759,0.1646387374366233,0.49769829405721805,0.0003217812793057425,0.0,0.0,0.0,0.05463847358586414
2026-09-16T13:11:42.089457,55.13,-6.745250882354399,-0.7562638404978892,0.0,-2.8097066992747983,0.0,0.0,-0.9862630306086244,0.1651824278023896,0.49769231004046777,0.0003183987417280092,0.0,0.0,0.0,0.05500592950446564
2026-09-16T13:11:42.107654,55.15,-6.754604843279431,-0.7594932042867545,0.0,-2.8086171721964424,0.0,0.0,-0.9861728989037841,0.16571968340455773,0.49524057503415947,0.00031505163336197875,0.0,0.0,0.0,0.05466339976769903
2026-09-16T13:11:42.127274,55.17,-6.763941544720635,-0.762728022750073,0.0,-2.807524922061504,0.0,0.0,-0.986082248170696,0.1662582324055743,0.4945011797246983,0.00031173734762079226,0.0,0.0,0.0,0.054540310150005655
2026-09-16T13:11:42.145540,55.19,-6.7732705934117625,-0.7659715985994779,0.0,-2.806433195512042,0.0,0.0,-0.9859913470021707,0.166796473694275,0.4942755398927568,0.0003084601842107204,0.0,0.0,0.0,0.0547092601112752
2026-09-16T13:11:42.168487,55.21,-6.782594862401054,-0.7692249232179543,0.0,-2.8053433972326185,0.0,0.0,-0.9859003133738029,0.16733371474223965,0.4942040747354418,0.0003052316370511181,0.0,0.0,0.0,0.05489143102059175
2026-09-16T13:11:42.188483,55.23,-6.791915205511806,-0.7724882922185543,0.0,-2.804244036245057,0.0,0.0,-0.9858081843552708,0.16787561960619604,0.4941789094082432,0.00030205766470359934,0.0,0.0,0.0,0.05475048096794446
2026-09-16T13:11:42.205633,55.25,-6.80123187116818,-0.7757617914236153,0.0,-2.8031605021687622,0.0,0.0,-0.9857170902094813,0.16840967332357543,0.4941676808612347,0.0002989006368723257,0.0,0.0,0.0,0.05447304701458913
2026-09-16T13:11:42.226593,55.27,-6.810544959397574,-0.7790454562335009,0.0,-2.8020677535033114,0.0,0.0,-0.9856249283606228,0.16894821867695775,0.4941624625986941,0.00029580247604154224,0.0,0.0,0.0,0.05479954449609233
2026-09-16T13:11:42.244916,55.29,-6.819854398854526,-0.782339261004401,0.0,-2.800973200130333,0.0,0.0,-0.9855323193408021,0.16948760289395595,0.49415499202944463,0.00029275340618534885,0.0,0.0,0.0,0.05430967034600661
2026-09-16T13:11:42.269045,55.31,-6.829160252764829,-0.785643226987558,0.0,-2.7998875534291088,0.0,0.0,-0.9854401723197418,0.1700225478530352,0.49414974384324895,0.0002897231640896617,0.0,0.0,0.0,0.05447605324610667
2026-09-16T13:11:42.285128,55.33,-6.838462494789411,-0.7889573467313987,0.0,-2.798791764201634,0.0,0.0,-0.9853468699773161,0.17056243966919,0.494144671953877,0.0002867575200619383,0.0,0.0,0.0,0.05451413440414076
2026-09-16T13:11:42.325350,55.35,-6.847761114822869,-0.7922816155322533,0.0,-2.797701583761682,0.0,0.0,-0.9852537516793844,0.17109951724565997,0.4941396969135487,0.0002838221413217945,0.0,0.0,0.0,0.058700348154251736
2026-09-16T13:11:42.345805,55.37,-6.857055994812409,-0.7956163279385586,0.0,-2.7965231006031797,0.0,0.0,-0.9851527616926435,0.1716800399853098,0.494134794336754,0.0002810531613400864,0.0,0.0,0.0,0.05870715242522662
2026-09-16T13:11:42.364756,55.39,-6.866346906728036,-0.7989620809768515,0.0,-2.795344437093339,0.0,0.0,-0.9850514141216085,0.17226059194435456,0.4941299563617556,0.0002784423177358688,0.0,0.0,0.0,0.05895251133230495
2026-09-16T13:11:42.388011,55.42,-6.8802745443806925,-0.8039994091086219,0.0,-2.793577083332181,0.0,0.0,-0.9848988068330562,0.17313099173406918,0.49375000152247916,0.0002730912793593685,0.0,0.0,0.0,0.05893379666158292
2026-09-16T13:11:42.408874,55.43,-6.884916857275335,-0.8056864597527307,0.0,-2.7929888656718393,0.0,0.0,-0.98484784488347,0.17342065167789183,0.4941204641258188,0.0002733534787131081,0.0,0.0,0.0,0.059321550767484486
2026-09-16T13:11:42.423481,55.45,-6.894195866246481,-0.8090650866162229,0.0,-2.7918036794367302,0.0,0.0,-0.9847449040820276,0.17400423524868092,0.494115807517647,0.0002708905318286705,0.0,0.0,0.0,0.05883209956380612
2026-09-16T13:11:42.454044,55.47,-6.903470880837406,-0.8124546644158843,0.0,-2.790626823803677,0.0,0.0,-0.9846423446730976,0.17458365638473974,0.4941112094757611,0.00026843500930521315,0.0,0.0,0.0,0.05908296759602808
2026-09-16T13:11:42.469890,55.49,-6.912741887568933,-0.81585518993045,0.0,-2.789446093101992,0.0,0.0,-0.9845391049482244,0.1751649246503112,0.49410666921568364,0.0002660329451166149,0.0,0.0,0.0,0.05875630382038269
2026-09-16T13:11:42.508151,55.51,-6.922008873709471,-0.8192666578931096,0.0,-2.788268061533911,0.0,0.0,-0.9844357592609673,0.17574480330377573,0.494102186037122,0.00026365571068793234,0.0,0.0,0.0,0.05912334290162918
2026-09-16T13:11:42.526595,55.53,-6.931271826429382,-0.8226890633063394,0.0,-2.7870835674374543,0.0,0.0,-0.9843315022774057,0.17632780162046385,0.4940977592108743,0.000261330552480964,0.0,0.0,0.0,0.05917552334449984
2026-09-16T13:11:42.563302,55.55,-6.940530732652747,-0.8261224018400419,0.0,-2.7859041506460116,0.0,0.0,-0.9842273491448337,0.1769082394783624,0.4940933880281963,0.00025902942634473613,0.0,0.0,0.0,0.058971445957551626
2026-09-16T13:11:42.579954,55.57,-6.949785579886129,-0.8295666688275616,0.0,-2.784719166419736,0.0,0.0,-0.9841223596593494,0.17749135533460253,0.49408907178939676,0.00025675926498350455,0.0,0.0,0.0,0.059215242495439795
2026-09-16T13:11:42.603237,55.59,-6.959036354558358,-0.8330218588006262,0.0,-2.783544468463229,0.0,0.0,-0.9840179405484574,0.17806934794841212,0.49408480980369845,0.00025451648282684886,0.0,0.0,0.0,0.05885627099743695
2026-09-16T13:11:42.619791,55.61,-6.968283044098485,-0.8364879673023861,0.0,-2.7823633232399736,0.0,0.0,-0.9839126060737813,0.17865045090651205,0.4940806013894544,0.0002523131131157903,0.0,0.0,0.0,0.058971391970513785
2026-09-16T13:11:42.641854,55.63,-6.97752563571032,-0.8399649892512132,0.0,-2.781182185942263,0.0,0.0,-0.9838069291442563,0.17923148765701932,0.4940764458731534,0.00025014387195920274,0.0,0.0,0.0,0.05896337563615579
2026-09-16T13:11:42.661217,55.65,-6.986764116639146,-0.8434529194572141,0.0,-2.780002559677694,0.0,0.0,-0.983701044942105,0.17981171869433557,0.4940723425898913,0.0002480042666903131,0.0,0.0,0.0,0.054656730577250845
2026-09-16T13:11:42.683761,55.67,-6.995998592628345,-0.8469514401924594,0.0,-2.778911210880525,0.0,0.0,-0.9836027798418392,0.18034847237336527,0.49406829088312226,0.00024577438426269863,0.0,0.0,0.0,0.054178581753779535
2026-09-16T13:11:42.703757,55.69,-7.0052292949592365,-0.850459906141811,0.0,-2.7778241791040226,0.0,0.0,-0.9835046123036992,0.18088304944728892,0.4940642901045514,0.00024342956558262428,0.0,0.0,0.0,0.054728941810045006
2026-09-16T13:11:42.720317,55.71,-7.014456187142786,-0.8539783809455843,0.0,-2.776739986596675,0.0,0.0,-0.9834064117746089,0.18141617700907592,0.49406033961389006,0.0002411267519001862,0.0,0.0,0.0,0.054082420842423574
2026-09-16T13:11:42.742026,55.73,-7.023679263048847,-0.8575068481079265,0.0,-2.7756566403651313,0.0,0.0,-0.9833079992430442,0.1819488351835246,0.4940564387794685,0.00023883438981278258,0.0,0.0,0.0,0.05428506084652079
2026-09-16T13:11:42.784408,55.75,-7.032898511280142,-0.8610453049844867,0.0,-2.77457391188887,0.0,0.0,-0.9832093545637081,0.1824811362810321,0.4940525869767036,0.0002365826610718161,0.0,0.0,0.0,0.05435537707962408
2026-09-16T13:11:42.800917,55.77,-7.042113921085042,-0.864593747235198,0.0,-2.773497434566548,0.0,0.0,-0.9831109937476787,0.18301031110965166,0.49404878358943005,0.00023436890043257953,0.0,0.0,0.0,0.052442037154039244
2026-09-16T13:11:42.824506,55.8,-7.055928939342194,-0.8699333246956543,0.0,-2.771919468205515,0.0,0.0,-0.9829662957147755,0.18378591210637635,0.4937500011560205,0.0002298444605702035,0.0,0.0,0.0,0.052812278557711194
2026-09-16T13:11:42.888485,55.83,-7.069737558707215,-0.875297535465821,0.0,-2.770346910493761,0.0,0.0,-0.9828214849011754,0.18455874082971196,0.49403765787309145,0.00022771920871748137,0.0,0.0,0.0,0.052794860758321654
2026-09-16T13:11:42.901201,55.85,-7.078937944360366,-0.8788847551051711,0.0,-2.7692980650627033,0.0,0.0,-0.9827245629621927,0.18507412933948247,0.49403404213803714,0.0002255509001740259,0.0,0.0,0.0,0.05232052512459578
2026-09-16T13:11:42.920126,55.87,-7.088134558058639,-0.8824816346304306,0.0,-2.76824578214081,0.0,0.0,-0.9826270517726109,0.1855911558363347,0.4940304718514896,0.00022340623314525364,0.0,0.0,0.0,0.052355488054802155
2026-09-16T13:11:42.936384,55.88,-7.092730484605985,-0.8842823319786877,0.0,-2.7677204055294697,0.0,0.0,-0.9825782652437361,0.18584927406532958,0.4937500010985277,0.00022125366187550528,0.0,0.0,0.0,-0.057127909232759844
2026-09-16T13:11:42.968038,55.92,-7.111124408843244,-0.8914744033084951,0.0,-2.7700276278825062,0.0,0.0,-0.9827920091791765,0.184715637382322,0.49375000107085387,0.00020449313871471247,0.0,0.0,0.0,-0.05936278795697217
2026-09-16T13:11:42.986547,55.93,-7.115725490751942,-0.8932694771813987,0.0,-2.770618391531489,0.0,0.0,-0.9828465279458566,0.18442533043151801,0.4940200280039078,0.00020446993733308144,0.0,0.0,0.0,-0.059150125627294006
2026-09-16T13:11:43.005196,55.95,-7.124930876454117,-0.8968438634621999,0.0,-2.771809987057666,0.0,0.0,-0.9829562336957283,0.1838397199701652,0.4940166338686667,0.00019617879914877673,0.0,0.0,0.0,-0.060288609398217716
2026-09-16T13:11:43.025382,55.97,-7.134140556160994,-0.9004071718759142,0.0,-2.7730163794601395,0.0,0.0,-0.9830669462875532,0.18324677109533208,0.4940132823965182,0.00018795475657580748,0.0,0.0,0.0,-0.06516802583961073
2026-09-16T13:11:43.045783,55.99,-7.143354654345631,-0.9039590399264691,0.0,-2.774323109125533,0.0,0.0,-0.9831864634464174,0.18260443065743648,0.49400997305077987,0.00017972820721241697,0.0,0.0,0.0,-0.06629533224193868
2026-09-16T13:11:43.067505,56.01,-7.147418563497648,-0.9055212460113697,0.0,-2.77484762122862,0.0,0.0,-0.9832343187519317,0.18234657778095237,0.21665001041464327,0.00017173593150712107,0.0,0.0,0.0,-0.06831544562246
2026-09-16T13:11:43.089233,56.03,-7.1499439525541115,-0.9064939436412751,0.0,-2.774664153363316,0.0,0.0,-0.983217587246255,0.1824367729643698,0.13346099380410772,0.0001671355249241178,0.0,0.0,0.0,-0.07092155358579333
2026-09-16T13:11:43.105457,56.05,-7.152008060395275,-0.9072890925589815,0.0,-2.7745966085832685,0.0,0.0,-0.9832114253596885,0.18246997846815674,0.10852357065653769,0.0001628174593209272,0.0,0.0,0.0,-0.07330573238464919
2026-09-16T13:11:43.123985,56.07,-7.153933787519785,-0.9080309642493252,0.0,-2.7746165929914803,0.0,0.0,-0.9832132485878726,0.18246015400980617,0.1010613831850201,0.00015865153988904647,0.0,0.0,0.0,-0.07671809417983859
2026-09-16T13:11:43.150413,56.09,-7.15581811500425,-0.9087565526300294,0.0,-2.7743168758228025,0.0,0.0,-0.9831858943272942,0.18260749490598316,0.09884152709817051,0.00015451123843041349,0.0,0.0,0.0,-0.014414019558732732
2026-09-16T13:11:43.187950,56.11,-7.157690213574616,-0.9094767567334449,0.0,-2.7744645055518724,0.0,0.0,-0.9831993707962714,0.1825349206749659,0.09819413361303453,0.0001503839837674406,0.0,0.0,0.0,-0.01432906935898874
2026-09-16T13:11:43.208347,56.13,-7.159562536600215,-0.9101964318940163,0.0,-2.7747506461758578,0.0,0.0,-0.9832254760616227,0.18239425216655092,0.09822043922559666,0.00014624216465164633,0.0,0.0,0.0,-0.014502190791172348
2026-09-16T13:11:43.234011,56.15,-7.161428303188217,-0.9109129755909243,0.0,-2.775038423602924,0.0,0.0,-0.9832517103575009,0.1822527752300337,0.09798356457749631,0.0001421697915461618,0.0,0.0,0.0,-0.014186396009248836
2026-09-16T13:11:43.249229,56.17,-7.163295817483597,-0.9116295809486648,0.0,-2.7753184457147397,0.0,0.0,-0.9832772181235309,0.18211510733393388,0.09799103712555852,0.00013816897924509873,0.0,0.0,0.0,-0.014215532761474053
2026-09-16T13:11:43.270303,56.19,-7.165163533582621,-0.9123456572584787,0.0,-2.7757193245872753,0.0,0.0,-0.9833137014206795,0.18191801614563263,0.09801638629825335,0.00013423414023422395,0.0,0.0,0.0,-0.025404891158607914
2026-09-16T13:11:43.290464,56.21,-7.167031428141385,-0.9130607176474929,0.0,-2.7762287088138327,0.0,0.0,-0.9833600026113222,0.18166756800337402,0.09803431990288422,0.00013023676947202724,0.0,0.0,0.0,-0.024973884757663375
2026-09-16T13:11:43.306194,56.23,-7.168899721710001,-0.9137748555744507,0.0,-2.776720744657468,0.0,0.0,-0.9834046663295708,0.18142563832387507,0.09805854507392647,0.00012631547336248566,0.0,0.0,0.0,-0.025044860965132382
2026-09-16T13:11:43.340186,56.26,-7.171712202732263,-0.9148464480034607,0.0,-2.777487917420162,0.0,0.0,-0.9834741863836036,0.18104840434841968,0.10000001125118435,0.00011897449118383021,0.0,0.0,0.0,-0.026230763903956192
2026-09-16T13:11:43.358559,56.27,-7.172637377459987,-0.9152003002754849,0.0,-2.7777528343517384,0.0,0.0,-0.983498159149759,0.18091813327866058,0.09810685844898821,0.0001186532778982479,0.0,0.0,0.0,-0.02196298119353156
2026-09-16T13:11:43.378070,56.29,-7.174506740135563,-0.9159116103908763,0.0,-2.7781962619763805,0.0,0.0,-0.983538247025561,0.1807000737074736,0.09813064138833462,0.00011493544319081919,0.0,0.0,0.0,-0.02141246820066628
2026-09-16T13:11:43.402185,56.31,-7.17637640437052,-0.9166221228086006,0.0,-2.7786289292330704,0.0,0.0,-0.9835773155129311,0.18048729708313488,0.09815413450702032,0.0001113133878740258,0.0,0.0,0.0,-0.02137495614187697
2026-09-16T13:11:43.417081,56.33,-7.178246373731238,-0.9173318274994866,0.0,-2.7790583854436104,0.0,0.0,-0.9836160485324917,0.18027609123044275,0.0981773350633606,0.00010775588268897072,0.0,0.0,0.0,-0.021279747913396423
2026-09-16T13:11:43.437002,56.35,-7.18011664620418,-0.9180407288304486,0.0,-2.779484851218214,0.0,0.0,-0.9836544669619879,0.18006634784358663,0.0982002448198396,0.00010426055056845074,0.0,0.0,0.0,-0.021289399964101858
2026-09-16T13:11:43.459264,56.37,-7.181987219499225,-0.918748831886176,0.0,-2.779908886743658,0.0,0.0,-0.9836926221175257,0.1798577915786434,0.09822286696407051,0.00010082711889985387,0.0,0.0,0.0,-0.030341552899808784
2026-09-16T13:11:43.482355,56.39,-7.183858136011856,-0.9194560237784435,0.0,-2.780506879300858,0.0,0.0,-0.9837463549566265,0.1795636631101933,0.0982452046183256,9.740383578317798e-05,0.0,0.0,0.0,-0.030108592528694744
2026-09-16T13:11:43.497987,56.41,-7.185729491435755,-0.9201620497284119,0.0,-2.7811105568590273,0.0,0.0,-0.9838005094197283,0.1792667221362712,0.09826726162604976,9.398739226443788e-05,0.0,0.0,0.0,-0.030019357175582385
2026-09-16T13:11:43.521149,56.44,-7.188545636021267,-0.921221007974807,0.0,-2.782004839556995,0.0,0.0,-0.9838805686327555,0.17882680634313636,0.09999999323427258,8.775720718045554e-05,0.0,0.0,0.0,-0.02971726060385543
2026-09-16T13:11:43.537898,56.45,-7.189473462865245,-0.9215707434137853,0.0,-2.7825170047691357,0.0,0.0,-0.9839263308062507,0.17857484578223376,0.09831054740165966,8.734293046180372e-05,0.0,0.0,0.0,-0.051648412088329466
2026-09-16T13:11:43.557536,56.47,-7.191346379569601,-0.9222726067380631,0.0,-2.7835478530968345,0.0,0.0,-0.9840182418967979,0.1780676826780622,0.09833178308734213,8.385286399096622e-05,0.0,0.0,0.0,-0.049180905046389556
2026-09-16T13:11:43.579986,56.49,-7.1932200053751885,-0.9229725709432961,0.0,-2.784536372221841,0.0,0.0,-0.9841061333540077,0.17758130052182883,0.09835275185064625,8.0440434777112e-05,0.0,0.0,0.0,-0.0494870573450273
2026-09-16T13:11:43.597367,56.51,-7.195094317174415,-0.9236706922094756,0.0,-2.7855237588597412,0.0,0.0,-0.9841936841224709,0.1770954322771709,0.09837345704582504,7.709916818317182e-05,0.0,0.0,0.0,-0.04897531594685703
2026-09-16T13:11:43.620924,56.53,-7.196969313898303,-0.9243669679831531,0.0,-2.7865052339593697,0.0,0.0,-0.9842804729890975,0.17661243017511094,0.0983939019856744,7.382258830397643e-05,0.0,0.0,0.0,-0.04919544052136779
2026-09-16T13:11:43.638732,56.55,-7.198844993105574,-0.9250613993375841,0.0,-2.7874907906607618,0.0,0.0,-0.9843673842609707,0.17612737664319694,0.09841408994149095,7.060206041642838e-05,0.0,0.0,0.0,-0.04933476048882224
2026-09-16T13:11:43.658426,56.57,-7.2007213516547015,-0.9257539892460454,0.0,-2.788468932287218,0.0,0.0,-0.9844534052913202,0.17564593024127712,0.09843402414345273,6.744201394594193e-05,0.0,0.0,0.0,-0.04760709744824851
2026-09-16T13:11:43.679884,56.59,-7.202598381005368,-0.9264447553608584,0.0,-2.7894305273932023,0.0,0.0,-0.9845377416353026,0.17517258716950596,0.09845370778113562,6.434879736631938e-05,0.0,0.0,0.0,-0.04766092060730673
2026-09-16T13:11:43.699594,56.61,-7.204476069038306,-0.9271337252741015,0.0,-2.790385248383716,0.0,0.0,-0.9846212499302903,0.17470258780485437,0.09847314400402403,6.131911262573486e-05,0.0,0.0,0.0,-0.04783026341693165
2026-09-16T13:11:43.720574,56.63,-7.206354413344035,-0.927820900319781,0.0,-2.7913443680954755,0.0,0.0,-0.9847049170544675,0.1742303829093949,0.09849233592201471,5.834295080667807e-05,0.0,0.0,0.0,-0.047517546991709174
2026-09-16T13:11:43.741321,56.65,-7.2082334102086145,-0.9285062854006901,0.0,-2.792290532879871,0.0,0.0,-0.9847872321858333,0.17376451687201766,0.09851128660591434,5.542730682422672e-05,0.0,0.0,0.0,-0.04719596931058427
2026-09-16T13:11:43.760397,56.67,-7.210113056229543,-0.9291898846092067,0.0,-2.793241586548405,0.0,0.0,-0.9848697505304517,0.17329620448840127,0.09852999908793082,5.256510569663209e-05,0.0,0.0,0.0,-0.047306055291243924
2026-09-16T13:11:43.779501,56.69,-7.211993348635995,-0.9298717003390782,0.0,-2.7943001518918007,0.0,0.0,-0.984961335253501,0.17277490574629298,0.09854847636215865,4.975755438928714e-05,0.0,0.0,0.0,-0.05855441634438054
2026-09-16T13:11:43.812605,56.72,-7.21482222814494,-0.930892016223675,0.0,-2.796049827934979,0.0,0.0,-0.9851121083750437,0.17191315811442748,0.09999999432975396,4.4569218310431384e-05,0.0,0.0,0.0,-0.05824484004062978
2026-09-16T13:11:43.824746,56.73,-7.215756311738433,-0.9312287437475738,0.0,-2.796629172996201,0.0,0.0,-0.9851618655634392,0.171627790988418,0.09858473707592583,4.404178623006291e-05,0.0,0.0,0.0,-0.05799566451209776
2026-09-16T13:11:43.858075,56.75,-7.21763897208819,-0.9319039835974793,0.0,-2.7977925516497058,0.0,0.0,-0.9852615329411034,0.1710547038422122,0.09860252631736836,4.126764407984381e-05,0.0,0.0,0.0,-0.057932649718730765
2026-09-16T13:11:43.879975,56.77,-7.219522414546237,-0.9325770354185288,0.0,-2.79895106105964,0.0,0.0,-0.985360451882211,0.17048395779804298,0.09862009195575612,3.854702749095866e-05,0.0,0.0,0.0,-0.0551173006946232
2026-09-16T13:11:43.898253,56.79,-7.221406619116143,-0.9332479473110757,0.0,-2.800054668898612,0.0,0.0,-0.9854543755785606,0.169940206111059,0.09863743680168269,3.589640134686618e-05,0.0,0.0,0.0,-0.054969155078166874
2026-09-16T13:11:43.918869,56.81,-7.223291556578453,-0.9339167939295944,0.0,-2.8011573091135524,0.0,0.0,-0.9855479172601836,0.16939687949934082,0.0986545636305565,3.3312387352688996e-05,0.0,0.0,0.0,-0.05505722979101086
2026-09-16T13:11:43.942124,56.83,-7.225177226481709,-0.934583569470923,0.0,-2.802251091964135,0.0,0.0,-0.9856404115725614,0.1688578664885699,0.09867147518233019,3.0779877910433726e-05,0.0,0.0,0.0,-0.05496332621021429
2026-09-16T13:11:43.958306,56.85,-7.227063624371702,-0.9352482793588418,0.0,-2.8033461874341965,0.0,0.0,-0.9857327215585856,0.16831815602811256,0.098688174163512,2.8295894246384135e-05,0.0,0.0,0.0,-0.05469233850990124
2026-09-16T13:11:43.976780,56.87,-7.228950746675475,-0.9359109265743168,0.0,-2.8044406425417674,0.0,0.0,-0.9858246822940006,0.16777871074702186,0.09870466324559675,2.5863395575418036e-05,0.0,0.0,0.0,-0.0547604363032827
2026-09-16T13:11:44.000081,56.89,-7.23083858929873,-0.9365715156230454,0.0,-2.8054631316417167,0.0,0.0,-0.9859103294087515,0.16727469134668024,0.09872094506692333,2.3480293548629258e-05,0.0,0.0,0.0,-0.04800383814650558
2026-09-16T13:11:44.018618,56.91,-7.232727063628369,-0.93723029316422,0.0,-2.806420666252082,0.0,0.0,-0.9859903020646332,0.16680265056195426,0.09873702223309709,2.121990842867904e-05,0.0,0.0,0.0,-0.04796316444971248
2026-09-16T13:11:44.041753,56.93,-7.234616166371089,-0.937887263358535,0.0,-2.8073781155711335,0.0,0.0,-0.986070041620386,0.16633061359464188,0.0987528973159759,1.9005627655946035e-05,0.0,0.0,0.0,-0.04720905428046857
2026-09-16T13:11:44.059874,56.95,-7.236505893150004,-0.9385424332793442,0.0,-2.808327998320252,0.0,0.0,-0.9861489276941011,0.16586226939172916,0.09876857285608467,1.6841873119378877e-05,0.0,0.0,0.0,-0.04748376895967571
2026-09-16T13:11:44.077969,56.97,-7.238396240092129,-0.9391958086179621,0.0,-2.8092754421836754,0.0,0.0,-0.9862273896337611,0.16539509042343895,0.0987840513615913,1.4720160699871776e-05,0.0,0.0,0.0,-0.05101562428113976
2026-09-16T13:11:44.100183,56.99,-7.240287221944869,-0.9398473411101204,0.0,-2.810299632310346,0.0,0.0,-0.9863119583245649,0.16489002658123955,0.09879933530885097,1.2620841382551453e-05,0.0,0.0,0.0,-0.050858596942173005
2026-09-16T13:11:44.138052,57.01,-7.242178871527587,-0.9404969294362133,0.0,-2.8113125660202227,0.0,0.0,-0.9863953431553838,0.16439047113921393,0.0988144271433749,1.0546205031436155e-05,0.0,0.0,0.0,-0.05048966671281302
2026-09-16T13:11:44.149213,57.03,-7.2440711789638845,-0.9411445958780109,0.0,-2.8123290236147267,0.0,0.0,-0.9864787637319791,0.16388913541118635,0.0988293292802211,8.514053354854179e-06,0.0,0.0,0.0,-0.0500289925177785
2026-09-16T13:11:44.178663,57.05,-7.245964139647698,-0.9417903475852435,0.0,-2.813331627082446,0.0,0.0,-0.9865607976835353,0.1633945913242739,0.09884404410366597,6.528109588706635e-06,0.0,0.0,0.0,-0.050162125235725774
2026-09-16T13:11:44.191468,57.07,-7.247857748882285,-0.9424341920512227,0.0,-2.814344894066144,0.0,0.0,-0.9866434522383714,0.1628947456339478,0.09885857396830074,4.580679400545307e-06,0.0,0.0,0.0,-0.05144914561864268
2026-09-16T13:11:44.210348,57.09,-7.249752009790106,-0.9430761137893033,0.0,-2.815368202045616,0.0,0.0,-0.9867266688346498,0.16238990427509778,0.09887292119855026,2.6689696366420194e-06,0.0,0.0,0.0,-0.050776852064786805
2026-09-16T13:11:44.246716,57.11,-7.251646927986834,-0.9437160897819151,0.0,-2.8163906146393094,0.0,0.0,-0.9868095546410799,0.16188546219186434,0.0988870880906181,7.930736723239694e-07,0.0,0.0,0.0,-0.050941612421254896
2026-09-16T13:11:44.263800,57.13,-7.253542496964732,-0.9443541327640702,0.0,-2.8174116211340356,0.0,0.0,-0.9868920691036646,0.16138167163679934,0.09890107691085155,-1.0417926374066158e-06,0.0,0.0,0.0,-0.05108882884694312
2026-09-16T13:11:44.311106,57.15,-7.255438714499846,-0.9449902428679786,0.0,-2.818429785779801,0.0,0.0,-0.9869740977725376,0.16087924143930196,0.09891488989753465,-2.8388199810855967e-06,0.0,0.0,0.0,-0.048335967912147504
2026-09-16T13:11:44.330245,57.17,-7.257335567347637,-0.9456244531810832,0.0,-2.819404443962714,0.0,0.0,-0.9870523817059383,0.16039824116440476,0.09892852926124622,-4.580441369047876e-06,0.0,0.0,0.0,-0.055863969830328215
2026-09-16T13:11:44.351419,57.19,-7.259233069649867,-0.9462567149424611,0.0,-2.8205339086661714,0.0,0.0,-0.9871428063804034,0.15984079520391994,0.0989419971839259,-6.318378446585879e-06,0.0,0.0,0.0,-0.05618066085491297
2026-09-16T13:11:44.369575,57.21,-7.2611312919054285,-0.9468868093093948,0.0,-2.821651409426568,0.0,0.0,-0.9872319633868786,0.15928920386293863,0.09895529582065472,-8.061840116332785e-06,0.0,0.0,0.0,-0.055478598362136505
2026-09-16T13:11:44.390899,57.23,-7.263030217562299,-0.9475147779124308,0.0,-2.8227679817333837,0.0,0.0,-0.9873207384872452,0.15873802113230717,0.09896842729928369,-9.765341825188776e-06,0.0,0.0,0.0,-0.055274980042650725
2026-09-16T13:11:44.411855,57.26,-7.265884769608026,-0.9484541958110602,0.0,-2.824435238795603,0.0,0.0,-0.9874527239527032,0.15791490733425542,0.09999999596773886,-1.2434457976634121e-05,0.0,0.0,0.0,-0.055666079964914364
2026-09-16T13:11:44.429632,57.27,-7.26683015690788,-0.9487643733279529,0.0,-2.8249918350635017,0.0,0.0,-0.9874966331371368,0.15764009497212048,0.0989941971602516,-1.3057744964854972e-05,0.0,0.0,0.0,-0.05743328213438425
2026-09-16T13:11:44.452244,57.29,-7.268731170671973,-0.9493859840340291,0.0,-2.8261317469116074,0.0,0.0,-0.9875863206442543,0.1570772398418818,0.09900683966590218,-1.4660354542205826e-05,0.0,0.0,0.0,-0.05650998399657732
2026-09-16T13:11:44.471721,57.31,-7.270632893704791,-0.9500054188519161,0.0,-2.8272693118918872,0.0,0.0,-0.987675503674299,0.1565154926571803,0.09901932326087924,-1.623366066498131e-05,0.0,0.0,0.0,-0.05693095813421217
2026-09-16T13:11:44.493730,57.33,-7.272535317850945,-0.9506226944297562,0.0,-2.828403551050589,0.0,0.0,-0.9877641078395248,0.1559553374014096,0.09903164994219375,-1.7772572707393918e-05,0.0,0.0,0.0,-0.05624268429057251
2026-09-16T13:11:44.509740,57.35,-7.274438439253941,-0.9512378143578114,0.0,-2.8295344703599983,0.0,0.0,-0.9878521363699357,0.1553967717468866,0.09904382168260799,-1.9273140535293214e-05,0.0,0.0,0.0,-0.05618596444724353
2026-09-16T13:11:44.529371,57.37,-7.276342252823672,-0.951850786103159,0.0,-2.8306595653591873,0.0,0.0,-0.9879393981230303,0.15484103343850636,0.09905584042952062,-2.0738546716203586e-05,0.0,0.0,0.0,-0.06807886623214982
2026-09-16T13:11:44.552285,57.39,-7.2782468098804785,-0.952461441289514,0.0,-2.83202668071256,0.0,0.0,-0.9880450100839857,0.15416568375658862,0.09906770810613612,-2.224064376644052e-05,0.0,0.0,0.0,-0.06835794027198236
2026-09-16T13:11:44.572079,57.41,-7.280152217169492,-0.9530694360459706,0.0,-2.8333929544228917,0.0,0.0,-0.988150095787751,0.1534906778754282,0.0990794266109159,-2.378222647274407e-05,0.0,0.0,0.0,-0.06785686034605212
2026-09-16T13:11:44.591146,57.43,-7.282058449847999,-0.9536748355024844,0.0,-2.8347539618069293,0.0,0.0,-0.9882543179538036,0.15281820259924042,0.09909099781945387,-2.5284111457996943e-05,0.0,0.0,0.0,-0.06785504653628247
2026-09-16T13:11:44.611548,57.45,-7.283965501758932,-0.9542776468668689,0.0,-2.8361047130438544,0.0,0.0,-0.9883573022467378,0.15215072492614232,0.09910242358277443,-2.675054327570658e-05,0.0,0.0,0.0,-0.0677443942911841
2026-09-16T13:11:44.630952,57.47,-7.2858733663369035,-0.9548778787617105,0.0,-2.8374535367910005,0.0,0.0,-0.9884596897264752,0.15148413047524276,0.09911370572920213,-2.8184308341906146e-05,0.0,0.0,0.0,-0.06766490007481246
2026-09-16T13:11:44.652575,57.49,-7.287782038218668,-0.9554755361082925,0.0,-2.838727305363582,0.0,0.0,-0.9885559671119842,0.15085456535116676,0.09912484606393909,-2.9584259486019152e-05,0.0,0.0,0.0,-0.059486965808224906
2026-09-16T13:11:44.671423,57.51,-7.289691420933914,-0.9560709160857607,0.0,-2.8399215305625933,0.0,0.0,-0.9886458680367202,0.1502642592698611,0.09913584636935419,-3.0857917919627555e-05,0.0,0.0,0.0,-0.05960218046094472
2026-09-16T13:11:44.690520,57.53,-7.29160150959767,-0.9566640249601722,0.0,-2.841106644675005,0.0,0.0,-0.9887347346100614,0.1496784038382674,0.09914670840583915,-3.209825093136825e-05,0.0,0.0,0.0,-0.05869857196998697
2026-09-16T13:11:44.709712,57.55,-7.293512297772578,-0.9572548740107298,0.0,-2.8422907495322787,0.0,0.0,-0.9888231787787418,0.1490929948384713,0.09915743391123333,-3.330372721056532e-05,0.0,0.0,0.0,-0.058435015002480994
2026-09-16T13:11:44.728528,57.57,-7.295423778598188,-0.9578434760405631,0.0,-2.843455364593133,0.0,0.0,-0.9889098291013683,0.14851717041036883,0.09916802460181633,-3.4474852760812596e-05,0.0,0.0,0.0,-0.058395915770508025
2026-09-16T13:11:44.749726,57.59,-7.297335945755875,-0.9584298422509396,0.0,-2.844656195303166,0.0,0.0,-0.9889988228353102,0.14792338702980923,0.09917848217186762,-3.561835773102993e-05,0.0,0.0,0.0,-0.06090060508050634
2026-09-16T13:11:44.780849,57.61,-7.2992488306736005,-0.959013860404981,0.0,-2.8458836390933815,0.0,0.0,-0.9890894203955752,0.1473163889780939,0.09918880829479569,-3.6765592877550756e-05,0.0,0.0,0.0,-0.0610667848252823
2026-09-16T13:11:44.795348,57.63,-7.3011624274360925,-0.9595955396030452,0.0,-2.847101339132686,0.0,0.0,-0.9891789306494574,0.14671415459728446,0.09919900462283408,-3.7882988619450356e-05,0.0,0.0,0.0,-0.06110238915776263
2026-09-16T13:11:44.836731,57.65,-7.303076731544382,-0.9601748844213437,0.0,-2.8483199809911057,0.0,0.0,-0.9892681430217215,0.14611139997397463,0.09920907278744827,-3.897337873753827e-05,0.0,0.0,0.0,-0.06099665503960178
2026-09-16T13:11:44.856599,57.67,-7.3049917377448,-0.9607519020158783,0.0,-2.849530496990917,0.0,0.0,-0.9893563969071554,0.14551261078989394,0.09921901439959692,-4.00343403973353e-05,0.0,0.0,0.0,-0.05927612201856454
2026-09-16T13:11:44.875121,57.69,-7.306907435333159,-0.9613266178256579,0.0,-2.850717560439723,0.0,0.0,-0.989442588987704,0.14492537078548198,0.09922883104998982,-4.1058816893764735e-05,0.0,0.0,0.0,-0.05951606514748716
2026-09-16T13:11:44.894947,57.71,-7.3088238114563735,-0.9618990647958663,0.0,-2.8519047446817836,0.0,0.0,-0.9895284412250501,0.1443380199625951,0.09923852430934194,-4.205192217556592e-05,0.0,0.0,0.0,-0.0585455158385622
2026-09-16T13:11:44.919542,57.73,-7.31074086018711,-0.9624692530668449,0.0,-2.8530756998543345,0.0,0.0,-0.9896127782985019,0.14375864853399267,0.09924809572876823,-4.3011007997990405e-05,0.0,0.0,0.0,-0.05841224599730987
2026-09-16T13:11:44.934895,57.75,-7.312658574692066,-0.9630371959517866,0.0,-2.854252078108755,0.0,0.0,-0.9896971643812318,0.14317654422337872,0.09925754683931658,-4.394244545060349e-05,0.0,0.0,0.0,-0.0585274929647549
2026-09-16T13:11:44.956044,57.78,-7.315539830952445,-0.9638861048772013,0.0,-2.8559458899321077,0.0,0.0,-0.9898180664985148,0.1423383125976341,0.09999999709547068,-4.5073457144241997e-05,0.0,0.0,0.0,-0.05295509524193127
2026-09-16T13:11:44.977881,57.79,-7.31649596556832,-0.9641664275769652,0.0,-2.8564719277802526,0.0,0.0,-0.9898554699306276,0.1420779667943501,0.09927609416482289,-4.569635930649527e-05,0.0,0.0,0.0,-0.05257604915676138
2026-09-16T13:11:44.994125,57.81,-7.318415560394149,-0.9647279759774698,0.0,-2.8575177454142833,0.0,0.0,-0.9899296284188976,0.1415603432406942,0.0992851933473064,-4.648615629913584e-05,0.0,0.0,0.0,-0.05230948687665837
2026-09-16T13:11:45.014349,57.83,-7.320335741442219,-0.9652875144672455,0.0,-2.85856546718185,0.0,0.0,-0.9900036505087221,0.1410417384301685,0.09929417815700983,-4.7251939274351e-05,0.0,0.0,0.0,-0.05158318656371508
2026-09-16T13:11:45.037281,57.85,-7.322256501591529,-0.9658450597479975,0.0,-2.859600150655643,0.0,0.0,-0.9900764847998921,0.14052954937054754,0.0993030500315495,-4.7986075784546984e-05,0.0,0.0,0.0,-0.05088265073224395
2026-09-16T13:11:45.054834,57.87,-7.324177836873948,-0.9664006178183184,0.0,-2.8606262934494424,0.0,0.0,-0.9901484561739479,0.1400215509710831,0.09931181039061442,-4.8696966297512515e-05,0.0,0.0,0.0,-0.05152426716667421
2026-09-16T13:11:45.075601,57.89,-7.326099741415526,-0.9669542013580197,0.0,-2.8617275795162196,0.0,0.0,-0.990225407951279,0.13947631142141367,0.0993204606356215,-4.938972339763998e-05,0.0,0.0,0.0,-0.05866460155038746
2026-09-16T13:11:45.097944,57.91,-7.328022292953675,-0.9675055316904236,0.0,-2.862900516581579,0.0,0.0,-0.9903070361225905,0.13889555142656754,0.09932900215079771,-5.014568974381688e-05,0.0,0.0,0.0,-0.057969895782999915
2026-09-16T13:11:45.114788,57.93,-7.3299454853192705,-0.9680546204800726,0.0,-2.8640621046789927,0.0,0.0,-0.9903875388016804,0.138320363599688,0.09933743630283019,-5.0873028561716725e-05,0.0,0.0,0.0,-0.058178256984890285
2026-09-16T13:11:45.135695,57.95,-7.331869313056316,-0.9686014770056641,0.0,-2.865218892918037,0.0,0.0,-0.9904673768201371,0.13774750616630665,0.09934576444108413,-5.158017885221121e-05,0.0,0.0,0.0,-0.05767079575215543
2026-09-16T13:11:45.155263,57.97,-7.3337937708134,-0.9691461103116755,0.0,-2.8663702281694223,0.0,0.0,-0.9905465094784973,0.13717730337036493,0.09935398789839098,-5.2263168428491725e-05,0.0,0.0,0.0,-0.05789355926516574
2026-09-16T13:11:45.177134,57.99,-7.33571885528471,-0.9696885223048204,0.0,-2.8675303217330512,0.0,0.0,-0.9906259120905971,0.13660271701057944,0.09936210799054662,-5.292673013432862e-05,0.0,0.0,0.0,-0.05776115399496716
2026-09-16T13:11:45.196076,58.01,-7.337644565286518,-0.9702287073795463,0.0,-2.8686852893374386,0.0,0.0,-0.9907046327619263,0.13603062384645864,0.09937012601652204,-5.35700039687027e-05,0.0,0.0,0.0,-0.05761834856037209
2026-09-16T13:11:45.216029,58.03,-7.339570895783662,-0.970766673637285,0.0,-2.8698314773634817,0.0,0.0,-0.9907824284018736,0.13546283464510211,0.0993780432593861,-5.419018461101849e-05,0.0,0.0,0.0,-0.05741028721269382
2026-09-16T13:11:45.236544,58.05,-7.34149784070573,-0.9713024330363453,0.0,-2.870976545721221,0.0,0.0,-0.9908598231134875,0.13489555566996383,0.0993858609859388,-5.47909105587077e-05,0.0,0.0,0.0,-0.05315779481758162
2026-09-16T13:11:45.258789,58.08,-7.344392185016204,-0.9721031831049899,0.0,-2.872567105452942,0.0,0.0,-0.9909667894770254,0.13410750222711884,0.09999999759604838,-5.5264732551046426e-05,0.0,0.0,0.0,-0.05308971398797766
2026-09-16T13:11:45.275764,58.09,-7.345353476743862,-0.9723676438616202,0.0,-2.873138600782292,0.0,0.0,-0.9910050699250057,0.13382433031005428,0.09940120287789518,-5.5857099788761114e-05,0.0,0.0,0.0,-0.057002963352313744
2026-09-16T13:11:45.301590,58.11,-7.347282182329975,-0.9728970243764726,0.0,-2.874282609321824,0.0,0.0,-0.9910814558862501,0.1332574493166929,0.09940872949808097,-5.6402962948452225e-05,0.0,0.0,0.0,-0.05661532295789481
2026-09-16T13:11:45.324967,58.13,-7.348246779943798,-0.9731608942173704,0.0,-2.874847533619469,0.0,0.0,-0.9911190565345801,0.13297750100676392,0.09941614584495431,-5.6587707464206804e-05,0.0,0.0,0.0,-0.05686063635830118
2026-09-16T13:11:45.340748,58.15,-7.351141390628236,-0.9739492046157826,0.0,-2.876548820146149,0.0,0.0,-0.991231814352485,0.13213436424897512,0.09942350031042614,-5.810074460352034e-05,0.0,0.0,0.0,-0.05699442791111029
2026-09-16T13:11:45.360435,58.17,-7.3530718851764165,-0.9744720220444971,0.0,-2.8776755162695262,0.0,0.0,-0.9913060946973549,0.13157593479006272,0.09943074665659624,-5.8577611973505805e-05,0.0,0.0,0.0,-0.05477749258503768
2026-09-16T13:11:45.376515,58.19,-7.3550029587187185,-0.9749926912552397,0.0,-2.87877333569872,0.0,0.0,-0.9913781686613529,0.13103177744983166,0.09943790192428857,-5.9023058737709596e-05,0.0,0.0,0.0,-0.054612150944578
2026-09-16T13:11:45.393206,58.21,-7.356934598565042,-0.9755112538189954,0.0,-2.87986546918541,0.0,0.0,-0.9914495729448103,0.13049039929264242,0.09944496725336723,-5.944108808163076e-05,0.0,0.0,0.0,-0.05435535259343096
2026-09-16T13:11:45.416733,58.23,-7.3588668031603435,-0.9760277063737606,0.0,-2.880955914737734,0.0,0.0,-0.9915205719159997,0.12994981903553732,0.0994519437743216,-5.984351815922699e-05,0.0,0.0,0.0,-0.05415870768681272
2026-09-16T13:11:45.438097,58.25,-7.3607995667544195,-0.976542061272537,0.0,-2.882038881182628,0.0,0.0,-0.9915907922003938,0.12941290825646226,0.0994588326035743,-6.0226693457818724e-05,0.0,0.0,0.0,-0.05376697932983454
2026-09-16T13:11:45.455973,58.27,-7.362732884052841,-0.9770543293198168,0.0,-2.883116015952767,0.0,0.0,-0.9916603459607733,0.1288788510538456,0.09946563484294484,-6.0590784478762164e-05,0.0,0.0,0.0,-0.05418478238574731
2026-09-16T13:11:45.476458,58.29,-7.364666750926256,-0.9775645170480031,0.0,-2.884271606958755,0.0,0.0,-0.9917346460454698,0.12830585268438346,0.09947235158139886,-6.094082136443595e-05,0.0,0.0,0.0,-0.06190359235865783
2026-09-16T13:11:45.494011,58.31,-7.366601245966953,-0.9780723159535862,0.0,-2.88549890515348,0.0,0.0,-0.9918131940848354,0.12769725149444963,0.09947898389307709,-6.136991563311512e-05,0.0,0.0,0.0,-0.06139242548770579
2026-09-16T13:11:45.519810,58.34,-7.369506549330184,-0.9788305009180758,0.0,-2.8873391757680515,0.0,0.0,-0.991930272959212,0.12678459522774557,0.0999999979593774,-6.16130386811405e-05,0.0,0.0,0.0,-0.06111534462629696
2026-09-16T13:11:45.536016,58.35,-7.370472097982855,-0.9790807859722552,0.0,-2.8879495611706134,0.0,0.0,-0.9919689204962352,0.1264818594484359,0.09949199946887301,-6.217262136501397e-05,0.0,0.0,0.0,-0.061157656693256186
2026-09-16T13:11:45.555714,58.37,-7.372408443002081,-0.979581479255185,0.0,-2.889162562247827,0.0,0.0,-0.9920454493630534,0.12588020653803136,0.0994983848151214,-6.254698683513129e-05,0.0,0.0,0.0,-0.06007944188714988
2026-09-16T13:11:45.575385,58.39,-7.374345393154915,-0.9800798248014934,0.0,-2.8902651659955634,0.0,0.0,-0.9921146965952393,0.1253332709209181,0.09950468990047626,-6.290022759516786e-05,0.0,0.0,0.0,-0.04915084721973691
2026-09-16T13:11:45.596558,58.41,-7.376282833481963,-0.9805762598453599,0.0,-2.8912499921080044,0.0,0.0,-0.9921762920523962,0.1248447255159712,0.09951091573378437,-6.310773457478489e-05,0.0,0.0,0.0,-0.048986878334940476
2026-09-16T13:11:45.615704,58.43,-7.3782207596914695,-0.9810707931747717,0.0,-2.892228234108847,0.0,0.0,-0.9922372375431984,0.12435941634087298,0.09951706331078196,-6.330138708259392e-05,0.0,0.0,0.0,-0.04854437519447751
2026-09-16T13:11:45.636125,58.45,-7.380159166384148,-0.9815634382346081,0.0,-2.8932001394342635,0.0,0.0,-0.9922975531719187,0.12387722134849133,0.09952313361568538,-6.34786331498691e-05,0.0,0.0,0.0,-0.04846969885222926
2026-09-16T13:11:45.656290,58.47,-7.382098049768087,-0.9820542022838606,0.0,-2.8941671318363236,0.0,0.0,-0.9923573313515104,0.12339743479063332,0.09952912761920289,-6.364199087321861e-05,0.0,0.0,0.0,-0.04787585108226608
2026-09-16T13:11:45.678891,58.49,-7.3840374054795515,-0.9825430949574804,0.0,-2.8952727770472477,0.0,0.0,-0.9924253966008801,0.12284881839718993,0.09953504628097835,-6.378997428222893e-05,0.0,0.0,0.0,-0.06221034829113761
2026-09-16T13:11:45.697215,58.52,-7.386949706298176,-0.9832727883795936,0.0,-2.897126750134156,0.0,0.0,-0.9925388493885525,0.12192880075867368,0.09999999817802527,-6.384799722838436e-05,0.0,0.0,0.0,-0.06137439053487123
2026-09-16T13:11:45.718357,58.53,-7.387917928906354,-0.9835136558230737,0.0,-2.897743948236857,0.0,0.0,-0.9925764292387901,0.12162249841033994,0.09954666135432065,-6.43788696735747e-05,0.0,0.0,0.0,-0.06124672227071769
2026-09-16T13:11:45.734621,58.55,-7.389859083237688,-0.9839953526224506,0.0,-2.89896609382084,0.0,0.0,-0.9926505641148822,0.12101593929068262,0.09955235962450326,-6.464813115927513e-05,0.0,0.0,0.0,-0.06147890462472078
2026-09-16T13:11:45.754009,58.57,-7.391800825638378,-0.9844746718757851,0.0,-2.9001894451743726,0.0,0.0,-0.9927244009181556,0.12040873648406503,0.09955798626989938,-6.490647809746146e-05,0.0,0.0,0.0,-0.05926106874509705
2026-09-16T13:11:45.774560,58.59,-7.393743143392644,-0.9849516528478841,0.0,-2.9013733287367782,0.0,0.0,-0.992795501953076,0.1198210803729461,0.09956354219080164,-6.513460128969061e-05,0.0,0.0,0.0,-0.05903500365428687
2026-09-16T13:11:45.798369,58.61,-7.395686022393954,-0.985426341047367,0.0,-2.9025553080582,0.0,0.0,-0.9928661415923581,0.11923432760536554,0.0995690282761862,-6.534313409886016e-05,0.0,0.0,0.0,-0.058353637170399535
2026-09-16T13:11:45.816452,58.63,-7.39762945646157,-0.9858987501388179,0.0,-2.903722610937602,0.0,0.0,-0.9929355637659498,0.1186548195767682,0.09957444540385527,-6.553274126284689e-05,0.0,0.0,0.0,-0.05830736573341198
2026-09-16T13:11:45.854496,58.65,-7.3995734382307505,-0.9863688988738153,0.0,-2.9048826751613723,0.0,0.0,-0.9930042203374242,0.11807886513709534,0.0995797944405774,-6.570546283996118e-05,0.0,0.0,0.0,-0.05786356896642658
2026-09-16T13:11:45.874908,58.67,-7.401517964668138,-0.986836788327503,0.0,-2.906039406996638,0.0,0.0,-0.9930723470413112,0.11750452562289476,0.09958507624222629,-6.586783341855286e-05,0.0,0.0,0.0,-0.05780839702819658
2026-09-16T13:11:45.893297,58.69,-7.403463030610341,-0.9873024284790223,0.0,-2.9071705451460867,0.0,0.0,-0.9931386451373845,0.1169428558513961,0.09959029165391768,-6.601789028476036e-05,0.0,0.0,0.0,-0.05480159616132416
2026-09-16T13:11:45.911770,58.71,-7.405408607563787,-0.9877659274854647,0.0,-2.9082688567989647,0.0,0.0,-0.9932027152333474,0.11639745037201735,0.09959544151028768,-6.61239754753476e-05,0.0,0.0,0.0,-0.054760292160782195
2026-09-16T13:11:45.938116,58.73,-7.407354689401832,-0.9882273006515543,0.0,-2.9093541517220274,0.0,0.0,-0.993265731778876,0.11585847432869986,0.09960052663505391,-6.621709969923532e-05,0.0,0.0,0.0,-0.053473463427730406
2026-09-16T13:11:45.954908,58.75,-7.409301269175018,-0.9886865670643306,0.0,-2.9104294131726993,0.0,0.0,-0.9933278773013293,0.11532444743433784,0.09960554784200587,-6.629355712762955e-05,0.0,0.0,0.0,-0.05355891143306502
2026-09-16T13:11:45.975057,58.77,-7.411248340038961,-0.9891437456247392,0.0,-2.9115073148747035,0.0,0.0,-0.9933898872424191,0.1147890758064279,0.0996105059345627,-6.635692172054837e-05,0.0,0.0,0.0,-0.058668659071376104
2026-09-16T13:11:45.994495,58.79,-7.413195917442038,-0.9895987600093957,0.0,-2.9126762067462297,0.0,0.0,-0.9934568055878352,0.11420847355259668,0.09961540170590177,-6.643970852143887e-05,0.0,0.0,0.0,-0.058066985722752235
2026-09-16T13:11:46.015903,58.81,-7.415144031290339,-0.9900514707862352,0.0,-2.913843549111067,0.0,0.0,-0.9935232965573729,0.11362860202330392,0.09962023593980127,-6.654161623462049e-05,0.0,0.0,0.0,-0.058368295886757265
2026-09-16T13:11:46.032530,58.83,-7.417092670833438,-0.9905019120404238,0.0,-2.9150038761922135,0.0,0.0,-0.9935890525208687,0.11305217693915658,0.09962500940933464,-6.663323925002151e-05,0.0,0.0,0.0,-0.057659060451625825
2026-09-16T13:11:46.054258,58.85,-7.41904182928044,-0.9909501012318239,0.0,-2.9161547249698194,0.0,0.0,-0.9936539410018624,0.11248042288090489,0.0996297228782819,-6.671084087020206e-05,0.0,0.0,0.0,-0.05717319217818042
2026-09-16T13:11:46.073457,58.87,-7.420991500142533,-0.9913960547620322,0.0,-2.9173012256315154,0.0,0.0,-0.993718257172703,0.11191079198024491,0.09963437710125163,-6.677476390202014e-05,0.0,0.0,0.0,-0.07977903567337499
2026-09-16T13:11:46.093484,58.89,-7.422941754430795,-0.9918394480059674,0.0,-2.9188979380847018,0.0,0.0,-0.9938072851564026,0.11111741524198947,0.09963897282251351,-6.695898909647484e-05,0.0,0.0,0.0,-0.07865590790551795
2026-09-16T13:11:46.112917,58.91,-7.424892737159382,-0.9922796238884336,0.0,-2.9204778394115003,0.0,0.0,-0.9938947523443452,0.11033232192958128,0.09964351077755096,-6.726085931511866e-05,0.0,0.0,0.0,-0.07921708117303379
2026-09-16T13:11:46.134309,58.93,-7.426844412986835,-0.9927167150799107,0.0,-2.9220628368240753,0.0,0.0,-0.9939818784477132,0.10954462705927409,0.09964799169246036,-6.755129984017446e-05,0.0,0.0,0.0,-0.07858025381951836
2026-09-16T13:11:46.151662,58.95,-7.428796776289819,-0.9931507238846768,0.0,-2.9236359799675093,0.0,0.0,-0.994067735642595,0.1087627553641592,0.0996524162842115,-6.782492935222835e-05,0.0,0.0,0.0,-0.0787810489887618
2026-09-16T13:11:46.174716,58.97,-7.430749819111388,-0.9935816632205035,0.0,-2.9252107412566257,0.0,0.0,-0.9941530651769528,0.1079800120358829,0.09965678526090499,-6.808549355829921e-05,0.0,0.0,0.0,-0.06581505248659075
2026-09-16T13:11:46.192826,58.99,-7.4327034951157716,-0.9940097218316373,0.0,-2.9265191597408613,0.0,0.0,-0.9942234939501071,0.10732960485178995,0.09966109932117159,-6.825664767914125e-05,0.0,0.0,0.0,-0.06550746585548149
2026-09-16T13:11:46.213107,59.01,-7.434657718065692,-0.9944352750858163,0.0,-2.9278319016792542,0.0,0.0,-0.9942937278147171,0.10667700234030346,0.09966535915571159,-6.83444534243005e-05,0.0,0.0,0.0,-0.06582371018967591
2026-09-16T13:11:46.237943,59.03,-7.436612498473069,-0.9948582590022276,0.0,-2.9291428602732985,0.0,0.0,-0.9943634387755245,0.10602524051618019,0.09966956544597769,-6.842686442484175e-05,0.0,0.0,0.0,-0.06450202191384144
2026-09-16T13:11:46.257022,59.05,-7.438567827334885,-0.9952786990478513,0.0,-2.930444360851389,0.0,0.0,-0.9944322241820789,0.10537813581708338,0.09967371886499828,-6.8489565475641e-05,0.0,0.0,0.0,-0.06436219030689573
2026-09-16T13:11:46.274779,59.07,-7.440523697153188,-0.9956966141150301,0.0,-2.9317298016483253,0.0,0.0,-0.9944997474601047,0.10473897222041069,0.09967782007734194,-6.853754967182612e-05,0.0,0.0,0.0,-0.059492021672283714
2026-09-16T13:11:46.293365,59.09,-7.442480086946549,-0.9961120870901429,0.0,-2.93292090470768,0.0,0.0,-0.9945619485461523,0.10414667783506475,0.09968186973922422,-6.854744326831294e-05,0.0,0.0,0.0,-0.058676336524480524
2026-09-16T13:11:46.323911,59.11,-7.444436962101214,-0.9965252667380966,0.0,-2.934095962429088,0.0,0.0,-0.9946229660651112,0.10356232604494979,0.09968586849875485,-6.851482134009494e-05,0.0,0.0,0.0,-0.05836371618523196
2026-09-16T13:11:46.339766,59.13,-7.446394320812981,-0.996936148315957,0.0,-2.9352664659234295,0.0,0.0,-0.994683405754981,0.10298020351345132,0.09968981699547011,-6.84737207274997e-05,0.0,0.0,0.0,-0.05887862538976418
2026-09-16T13:11:46.368629,59.15,-7.448352158039055,-0.9973447424937688,0.0,-2.9364307384312274,0.0,0.0,-0.9947431857210406,0.10240114482541421,0.09969371586129296,-6.842644056131798e-05,0.0,0.0,0.0,-0.0575701343115935
2026-09-16T13:11:46.390060,59.17,-7.450310466623772,-0.9977510703579848,0.0,-2.937579719777131,0.0,0.0,-0.9948018500681225,0.1018296572764571,0.09969756571991929,-6.836361122911795e-05,0.0,0.0,0.0,-0.057464998266064105
2026-09-16T13:11:46.410788,59.19,-7.452269241275184,-0.998155144293749,0.0,-2.9387520818487523,0.0,0.0,-0.9948613697676477,0.1012465058362004,0.09970136718763252,-6.82937936160795e-05,0.0,0.0,0.0,-0.059360708028944595
2026-09-16T13:11:46.432214,59.21,-7.454228493769001,-0.9985568936681188,0.0,-2.9399392362661176,0.0,0.0,-0.9949212921207524,0.10065596099969684,0.09970512087268711,-6.8238082199836e-05,0.0,0.0,0.0,-0.059047502616602805
2026-09-16T13:11:46.454013,59.24,-7.457169600270394,-0.9991558390226393,0.0,-2.94169993862323,0.0,0.0,-0.9950095191621727,0.09978004197564662,0.09999999884161422,-6.767808901184757e-05,0.0,0.0,0.0,-0.05811736286269803
2026-09-16T13:11:46.470594,59.25,-7.458148414010109,-0.9993534524121318,0.0,-2.942283370641986,0.0,0.0,-0.9950385842606464,0.09948977752798777,0.09971248728899278,-6.809420417073165e-05,0.0,0.0,0.0,-0.05848426558882281
2026-09-16T13:11:46.490047,59.27,-7.460109069174877,-0.9997482959891375,0.0,-2.943447031789255,0.0,0.0,-0.995096302028093,0.09891081685040527,0.09971610119905171,-6.801285208794167e-05,0.0,0.0,0.0,-0.05280323075595799
2026-09-16T13:11:46.511869,59.29,-7.462070166262511,-1.0001409377406831,0.0,-2.9445106476370255,0.0,0.0,-0.995148762865373,0.09838160278994072,0.0997196696838278,-6.789053217676257e-05,0.0,0.0,0.0,-0.052725133518866034
2026-09-16T13:11:46.531638,59.31,-7.464031673835359,-1.0005315225408276,0.0,-2.9455703772002666,0.0,0.0,-0.99520075211208,0.09785429472205259,0.09972319331429687,-6.773459532092304e-05,0.0,0.0,0.0,-0.052211526524872515
2026-09-16T13:11:46.549897,59.33,-7.465993591702718,-1.0009200400531704,0.0,-2.946617156237964,0.0,0.0,-0.9952518317110273,0.09733340370009241,0.09972667265425816,-6.756956159239665e-05,0.0,0.0,0.0,-0.052377887279660126
2026-09-16T13:11:46.570883,59.35,-7.467955915170536,-1.0013065026204373,0.0,-2.947659702520198,0.0,0.0,-0.9953024337800707,0.09681459245107653,0.09973010826042414,-6.740025987560182e-05,0.0,0.0,0.0,-0.05158591868519156
2026-09-16T13:11:46.589654,59.37,-7.469918637717254,-1.001690932167218,0.0,-2.9486901146776825,0.0,0.0,-0.9953521811492115,0.09630179376058952,0.09973350068250968,-6.72211052874956e-05,0.0,0.0,0.0,-0.05874774589127254
2026-09-16T13:11:46.609068,59.39,-7.471881774921799,-1.00207323726566,0.0,-2.949861032292908,0.0,0.0,-0.9954083912948818,0.09571903958845111,0.09973685046331962,-6.707811132398447e-05,0.0,0.0,0.0,-0.05799839034247565
2026-09-16T13:11:46.630291,59.41,-7.473845363996528,-1.0024532135807849,0.0,-2.951024915495162,0.0,0.0,-0.9954639256323734,0.09513975386022686,0.09974015813883666,-6.696913681435194e-05,0.0,0.0,0.0,-0.05746916470138555
2026-09-16T13:11:46.649150,59.43,-7.475809391546747,-1.0028309158689233,0.0,-2.9521801287996756,0.0,0.0,-0.9955187129260077,0.09456475143596092,0.09974342423830607,-6.684945446695022e-05,0.0,0.0,0.0,-0.057321150331509044
2026-09-16T13:11:46.671298,59.45,-7.477773851396807,-1.0032063621737568,0.0,-2.953322594917635,0.0,0.0,-0.9955725690128431,0.09399606283865204,0.09974664928446374,-6.672121550622415e-05,0.0,0.0,0.0,-0.0572695197452389
2026-09-16T13:11:46.693209,59.47,-7.479738738608959,-1.0035795643547987,0.0,-2.954460785039886,0.0,0.0,-0.9956259004874466,0.09342947221600369,0.09974983379290475,-6.658662882978904e-05,0.0,0.0,0.0,-0.05516079543665296
2026-09-16T13:11:46.711589,59.49,-7.481704043414974,-1.0039505601615584,0.0,-2.9555669762130012,0.0,0.0,-0.9956774236252397,0.0928787816619329,0.09975297827373922,-6.64333167555357e-05,0.0,0.0,0.0,-0.054511825018956406
2026-09-16T13:11:46.730957,59.51,-7.483669754076331,-1.004319398459571,0.0,-2.9566621399708715,0.0,0.0,-0.9957281330855738,0.09233355285007641,0.09975608322967126,-6.626394625752954e-05,0.0,0.0,0.0,-0.05448534760851042
2026-09-16T13:11:46.749961,59.53,-7.485635866768482,-1.0046860866136873,0.0,-2.9577518121433926,0.0,0.0,-0.9957782919455176,0.0917910305534676,0.09975914915750997,-6.608842878600023e-05,0.0,0.0,0.0,-0.05392268877282849
2026-09-16T13:11:46.774907,59.55,-7.487602374516992,-1.0050506491643798,0.0,-2.958822544795208,0.0,0.0,-0.9958272910664075,0.09125791125891691,0.09976217654810579,-6.590397148791587e-05,0.0,0.0,0.0,-0.05298085993039227
2026-09-16T13:11:46.791052,59.57,-7.489569270895723,-1.005413108087363,0.0,-2.959890575506024,0.0,0.0,-0.9958758821987802,0.09072611120730993,0.09976516588585703,-6.571078968485128e-05,0.0,0.0,0.0,-0.06489067023897248
2026-09-16T13:11:46.812031,59.59,-7.491536582496861,-1.0057733051335571,0.0,-2.9611852901780704,0.0,0.0,-0.9959344057367342,0.09008140468386423,0.09976811764864356,-6.558020661818748e-05,0.0,0.0,0.0,-0.06359404104515212
2026-09-16T13:11:46.843542,59.61,-7.493504366288288,-1.0061309126410327,0.0,-2.9624618470038784,0.0,0.0,-0.9959916998773448,0.08944570294562551,0.09977103230919249,-6.550628538459575e-05,0.0,0.0,0.0,-0.06370184237791071
2026-09-16T13:11:46.862594,59.63,-7.495472603184382,-1.0064860168021754,0.0,-2.963736285904009,0.0,0.0,-0.9960484942046047,0.08881101954565912,0.09977391033386458,-6.542171823565878e-05,0.0,0.0,0.0,-0.06350279371492101
2026-09-16T13:11:46.889785,59.65,-7.497441289410194,-1.0068386203764466,0.0,-2.9649965720691096,0.0,0.0,-0.9961042600949089,0.08818334888613671,0.09977675218272967,-6.533206893130251e-05,0.0,0.0,0.0,-0.062460435422089025
2026-09-16T13:11:46.902497,59.67,-7.499410417333779,-1.0071887478603716,0.0,-2.966246533720352,0.0,0.0,-0.996159178453844,0.08756078564153273,0.09977955831107055,-6.523090120115604e-05,0.0,0.0,0.0,-0.04632091775147146
2026-09-16T13:11:46.922315,59.69,-7.501379938120797,-1.0075366580808063,0.0,-2.9671703480215053,0.0,0.0,-0.9961995171360333,0.08710064326934816,0.09978232916745387,-6.502908033907291e-05,0.0,0.0,0.0,-0.04536222768744235
2026-09-16T13:11:46.950155,59.71,-7.503349762176004,-1.0078828461365832,0.0,-2.9680759720231618,0.0,0.0,-0.9962388552215083,0.0866495432586833,0.0997850651953734,-6.472036238400231e-05,0.0,0.0,0.0,-0.04484733470990138
2026-09-16T13:11:46.967451,59.73,-7.505319897833678,-1.0082272554956737,0.0,-2.9689770760037786,0.0,0.0,-0.9962777942275666,0.08620067708002413,0.09978776683260783,-6.440683381550815e-05,0.0,0.0,0.0,-0.04451667270015675
2026-09-16T13:11:46.990524,59.75,-7.507290339616892,-1.008569908148082,0.0,-2.9698610532976057,0.0,0.0,-0.9963157966335451,0.08576032520031873,0.09979043451143316,-6.408536661553999e-05,0.0,0.0,0.0,-0.04363901795686493
2026-09-16T13:11:47.006827,59.78,-7.510247508057848,-1.0090812192195966,0.0,-2.9711765853965444,0.0,0.0,-0.9963719913287021,0.08510496398963305,0.09999999917448647,-6.310494249849494e-05,0.0,0.0,0.0,-0.04421494499458474
2026-09-16T13:11:47.023295,59.79,-7.511232122787107,-1.009250014858386,0.0,-2.971681918751981,0.0,0.0,-0.9963934627125639,0.08485321127492153,0.09979566969586125,-6.342818372076256e-05,0.0,0.0,0.0,-0.05001258114110326
2026-09-16T13:11:47.043051,59.81,-7.5132035030971664,-1.0095872228916911,0.0,-2.972682988675996,0.0,0.0,-0.9964358098938331,0.0843544709023831,0.09979823803912048,-6.317346404707045e-05,0.0,0.0,0.0,-0.04869010098778166
2026-09-16T13:11:47.062949,59.83,-7.515175216110507,-1.0099224791573027,0.0,-2.9736593741584927,0.0,0.0,-0.9964768723912403,0.0838680081400048,0.09980077409941819,-6.290607813462327e-05,0.0,0.0,0.0,-0.048907681909456026
2026-09-16T13:11:47.084214,59.85,-7.517147255039955,-1.010255812031336,0.0,-2.9746363774161426,0.0,0.0,-0.9965177231516439,0.08338121757724337,0.09980327828253711,-6.26341973361716e-05,0.0,0.0,0.0,-0.04296706899289863
2026-09-16T13:11:47.102610,59.87,-7.519119604812803,-1.0105872999069194,0.0,-2.9755052532854007,0.0,0.0,-0.9965538530749136,0.08294828462086233,0.0998057509891598,-6.232760916305188e-05,0.0,0.0,0.0,-0.03981767575998967
2026-09-16T13:11:47.124102,59.89,-7.521092227379114,-1.010917159756785,0.0,-2.9763018735281896,0.0,0.0,-0.9965868131632486,0.08255134056525158,0.09980819261493203,-6.196711791394308e-05,0.0,0.0,0.0,-0.0397684076826253
2026-09-16T13:11:47.144146,59.91,-7.523065109518005,-1.0112454626477443,0.0,-2.9770914709748637,0.0,0.0,-0.9966193266592519,0.08215788294046629,0.09981060355052654,-6.158831942956438e-05,0.0,0.0,0.0,-0.03898975955365865
2026-09-16T13:11:47.162500,59.93,-7.525038248966576,-1.011572214632306,0.0,-2.9778770504741523,0.0,0.0,-0.9966515205515925,0.08176641475690859,0.09981298418184859,-6.120433620212386e-05,0.0,0.0,0.0,-0.03842527510700551
2026-09-16T13:11:47.182873,59.95,-7.527011643124425,-1.0118974238970448,0.0,-2.978647554569931,0.0,0.0,-0.9966829472684667,0.08138244665923156,0.09981533488938255,-6.08189207429953e-05,0.0,0.0,0.0,-0.03792139517507187
2026-09-16T13:11:47.201042,59.97,-7.528985285236433,-1.012221124111804,0.0,-2.9794021022110577,0.0,0.0,-0.9967135798026165,0.08100641849293841,0.09981765604968283,-6.0431333870739565e-05,0.0,0.0,0.0,-0.03865313615330222
2026-09-16T13:11:47.227828,59.99,-7.530959171120287,-1.0125433335926437,0.0,-2.9801683961422607,0.0,0.0,-0.9967445440057251,0.08062452477267112,0.09981994803414714,-6.004136525622422e-05,0.0,0.0,0.0,-0.03739658724231503
2026-09-16T13:11:47.263132,60.01,-7.532933303339836,-1.0128640294839837,0.0,-2.9809291984329596,0.0,0.0,-0.9967751415495778,0.08024535618226789,0.09982221120921896,-5.9652505241438555e-05,0.0,0.0,0.0,-0.037631144590709556
2026-09-16T13:11:47.264847,60.03,-7.534907677271786,-1.0131832330201431,0.0,-2.9816778707774887,0.0,0.0,-0.9968051104505132,0.07987222157759272,0.09982444593701803,-5.926148101633193e-05,0.0,0.0,0.0,-0.03755035547617778
2026-09-16T13:11:47.308893,60.05,-7.536882288566721,-1.0135009640683417,0.0,-2.9824167883407786,0.0,0.0,-0.9968345519116693,0.0795039377330558,0.0998266525755414,-5.887024138735997e-05,0.0,0.0,0.0,-0.03547360909322262
2026-09-16T13:11:47.330927,60.07,-7.538857129558487,-1.0138172635109917,0.0,-2.983130414632164,0.0,0.0,-0.9968628565048805,0.07914824900735372,0.0998288314774338,-5.8465921924312564e-05,0.0,0.0,0.0,-0.03914937275323888
2026-09-16T13:11:47.352096,60.09,-7.5408322025586525,-1.014132110011936,0.0,-2.9839199436730226,0.0,0.0,-0.9968940237495636,0.07875471676290005,0.09983098299133067,-5.8076446506393394e-05,0.0,0.0,0.0,-0.038713110591986795
2026-09-16T13:11:47.372549,60.11,-7.542807523899939,-1.0144453938127074,0.0,-2.9846921551714924,0.0,0.0,-0.9969243570904215,0.07836980438823195,0.09983310746191457,-5.770679521751095e-05,0.0,0.0,0.0,-0.039059030825688706
2026-09-16T13:11:47.389775,60.13,-7.544783086580042,-1.0147571512788855,0.0,-2.9854654190066388,0.0,0.0,-0.9969545828451782,0.07798435576445238,0.09983520522853978,-5.733865605402764e-05,0.0,0.0,0.0,-0.03797141894081578
2026-09-16T13:11:47.410952,60.15,-7.5467588884296255,-1.0150673885553616,0.0,-2.986229677212419,0.0,0.0,-0.9969843101473859,0.07760338471961811,0.09983727662728899,-5.69665249541362e-05,0.0,0.0,0.0,-0.03770955280696538
2026-09-16T13:11:47.427949,60.17,-7.548734923954221,-1.0153761331533844,0.0,-2.986976861774637,0.0,0.0,-0.997013232597087,0.0772309136700261,0.09983932198959665,-5.6589673719535526e-05,0.0,0.0,0.0,-0.03742521752761631
2026-09-16T13:11:47.448858,60.19,-7.5507111896294,-1.0156834003041089,0.0,-2.98776574777837,0.0,0.0,-0.9970436182294306,0.07683764277986091,0.09984134164244544,-5.621080517205483e-05,0.0,0.0,0.0,-0.041669470502787326
2026-09-16T13:11:47.470201,60.21,-7.552687710544507,-1.015989020342089,0.0,-2.988599503246527,0.0,0.0,-0.9970755634942858,0.0764219908308616,0.09984333590913312,-5.5885123104067045e-05,0.0,0.0,0.0,-0.04197262978598593
2026-09-16T13:11:47.490861,60.23,-7.554664485284044,-1.0162929934890328,0.0,-2.989431081094743,0.0,0.0,-0.9971072527232915,0.0760074112610739,0.09984530510875286,-5.556227277018105e-05,0.0,0.0,0.0,-0.04055321876133324
2026-09-16T13:11:47.512059,60.25,-7.5566415071700375,-1.0165953542784987,0.0,-2.990234651807054,0.0,0.0,-0.997137710905029,0.07560678204419799,0.09984724955638691,-5.5225984307632824e-05,0.0,0.0,0.0,-0.03960965796624635
2026-09-16T13:11:47.529778,60.27,-7.558618770461533,-1.0168961315982508,0.0,-2.991028686406159,0.0,0.0,-0.9971676495188894,0.07521089517465869,0.099849169563157,-5.488434525096985e-05,0.0,0.0,0.0,-0.0628249098870734
2026-09-16T13:11:47.552170,60.29,-7.560596323335226,-1.0171949975431585,0.0,-2.9922880809323456,0.0,0.0,-0.9972148119128306,0.07458296656514754,0.09985106543627333,-5.467715478994474e-05,0.0,0.0,0.0,-0.06211262073155519
2026-09-16T13:11:47.569313,60.31,-7.562574266108774,-1.0174912715284137,0.0,-2.9935319051566855,0.0,0.0,-0.9972610031113976,0.07396277221176108,0.0998529374790862,-5.459998241917744e-05,0.0,0.0,0.0,-0.06242199115994417
2026-09-16T13:11:47.590756,60.33,-7.564552575438766,-1.0177850871372445,0.0,-2.9947784564716065,0.0,0.0,-0.9973069085996371,0.07334118937837814,0.09985478599113229,-5.451892218887777e-05,0.0,0.0,0.0,-0.061785646876160547
2026-09-16T13:11:47.610434,60.35,-7.566531247886609,-1.0180764465485197,0.0,-2.9960124472826775,0.0,0.0,-0.9973519699445973,0.0727258416770209,0.09985661126818317,-5.4430579967126704e-05,0.0,0.0,0.0,-0.06153270715872668
2026-09-16T13:11:47.629502,60.37,-7.568510277917865,-1.0183653663396561,0.0,-2.9972428826099575,0.0,0.0,-0.9973965234189269,0.07211223940384894,0.09985841360229261,-5.4337985961682515e-05,0.0,0.0,0.0,-0.05587617213866139
2026-09-16T13:11:47.650437,60.39,-7.570489648808717,-1.0186519409776589,0.0,-2.9983554952835854,0.0,0.0,-0.9974364855770914,0.07155737026764397,0.09986019328198674,-5.420705282562159e-05,0.0,0.0,0.0,-0.055562946833288766
2026-09-16T13:11:47.671033,60.41,-7.57246933274219,-1.0189363442021235,0.0,-2.999461774590553,0.0,0.0,-0.9974759142045038,0.0710056376768035,0.09986195059159422,-5.404022723575025e-05,0.0,0.0,0.0,-0.05480483907221154
2026-09-16T13:11:47.692140,60.43,-7.574449328951589,-1.0192185644189713,0.0,-3.000562310173135,0.0,0.0,-0.9975148353027681,0.07045674808626479,0.09986368581272285,-5.3866073236032855e-05,0.0,0.0,0.0,-0.054394323174958244
2026-09-16T13:11:47.711201,60.45,-7.576429632873085,-1.0194986165456243,0.0,-3.0016488041079477,0.0,0.0,-0.997552963523694,0.06991484080719643,0.09986539922287396,-5.368554695828716e-05,0.0,0.0,0.0,-0.054374097011343415
2026-09-16T13:11:47.728014,60.47,-7.578410240063465,-1.0197765150046043,0.0,-3.002732221088778,0.0,0.0,-0.9975906906197114,0.06937444766545797,0.0998670910963451,-5.350501322067009e-05,0.0,0.0,0.0,-0.06875137355306857
2026-09-16T13:11:47.750921,60.49,-7.580391176621195,-1.0200520546504734,0.0,-3.0041076632318453,0.0,0.0,-0.9976381649750631,0.06868836717515495,0.09986876170498814,-5.340652581913088e-05,0.0,0.0,0.0,-0.06861209669910967
2026-09-16T13:11:47.782988,60.5,-7.5813824105674605,-1.020189049576707,0.0,-3.0047879057585747,0.0,0.0,-0.9976614696442098,0.06834904525562491,0.09999999947501656,-5.317339144950893e-05,0.0,0.0,0.0,-0.06838597904592068
2026-09-16T13:11:47.800014,60.53,-7.584354188668615,-1.0205948743399265,0.0,-3.006827348776256,0.0,0.0,-0.9977306479235932,0.06733167303703949,0.09987204018679109,-5.3358700375992946e-05,0.0,0.0,0.0,-0.06717510525691221
2026-09-16T13:11:47.840044,60.55,-7.586336242429183,-1.0208622571221364,0.0,-3.0081765283334447,0.0,0.0,-0.9977758421592372,0.06665859887085036,0.09987364858609835,-5.332113226927735e-05,0.0,0.0,0.0,-0.06736718390876224
2026-09-16T13:11:47.863659,60.58,-7.5893105589897765,-1.0212587765535985,0.0,-3.0098500075506713,0.0,0.0,-0.9978312687546961,0.06582369706567247,0.09999999949931232,-5.282816994532269e-05,0.0,0.0,0.0,-0.03317805516899263
2026-09-16T13:11:47.879545,60.59,-7.590301352363351,-1.0213895327975913,0.0,-3.0101802065550327,0.0,0.0,-0.9978421226148987,0.06565895472358307,0.09987680498689827,-5.3034453966138004e-05,0.0,0.0,0.0,-0.03309191146023476
2026-09-16T13:11:47.900912,60.61,-7.592284202355898,-1.0216509439681434,0.0,-3.0108453677110116,0.0,0.0,-0.9978639043220295,0.06532708818855623,0.09987835349471856,-5.25911487925998e-05,0.0,0.0,0.0,-0.03238944225362038
2026-09-16T13:11:47.922759,60.63,-7.594267224436956,-1.0219110457796794,0.0,-3.01150123149461,0.0,0.0,-0.9978852735024558,0.06499985328390329,0.09987988253832372,-5.2147561013986054e-05,0.0,0.0,0.0,-0.03248850056319868
2026-09-16T13:11:47.942000,60.65,-7.596250414361078,-1.0221698640367394,0.0,-3.0121387862826863,0.0,0.0,-0.9979059432838827,0.06468174671964387,0.09988139236279768,-5.1703067727950604e-05,0.0,0.0,0.0,-0.03197087004201868
2026-09-16T13:11:47.958553,60.67,-7.598233769712659,-1.0224274108265134,0.0,-3.0127832752009067,0.0,0.0,-0.9979267348059877,0.06436017370594836,0.09988288320929119,-5.125946121642009e-05,0.0,0.0,0.0,-0.047774699403327715
2026-09-16T13:11:47.979767,60.69,-7.600217319720087,-1.0226834528779092,0.0,-3.0137388246838674,0.0,0.0,-0.997957370572453,0.06388338219064267,0.09988435531648998,-5.091165511417299e-05,0.0,0.0,0.0,-0.047362707035822044
2026-09-16T13:11:48.003596,60.71,-7.602201122220307,-1.0229375305350015,0.0,-3.0146883115741128,0.0,0.0,-0.9979875863277791,0.06340960128918723,0.09988580891993928,-5.065236606639829e-05,0.0,0.0,0.0,-0.047258657220380015
2026-09-16T13:11:48.021657,60.73,-7.604185164798461,-1.0231897259223244,0.0,-3.0156320813837034,0.0,0.0,-0.9980173972467139,0.06293865896962576,0.09988724425236625,-5.039478812684984e-05,0.0,0.0,0.0,-0.04695676043497781
2026-09-16T13:11:48.040185,60.75,-7.606169443679878,-1.0234400545857334,0.0,-3.0165703230139522,0.0,0.0,-0.998046813261622,0.062470461326302074,0.09988866154300251,-5.013520567420152e-05,0.0,0.0,0.0,-0.0454243330858294
2026-09-16T13:11:48.059820,60.77,-7.608153952934844,-1.023688549680541,0.0,-3.017475182922842,0.0,0.0,-0.9980749746221014,0.062018908673820324,0.099890061019051,-4.9864869323634456e-05,0.0,0.0,0.0,-0.041588076374463066
2026-09-16T13:11:48.081134,60.79,-7.610138677914082,-1.0239353152900659,0.0,-3.0183017727565566,0.0,0.0,-0.9981005214791421,0.06160640407510162,0.09989144290429225,-4.956451662918883e-05,0.0,0.0,0.0,-0.041138585414532414
2026-09-16T13:11:48.099922,60.81,-7.61212360275267,-1.0241804674012243,0.0,-3.0191188827429,0.0,0.0,-0.9981256077823758,0.06119861999312473,0.09989280741983496,-4.923986529262448e-05,0.0,0.0,0.0,-0.04052728398516282
2026-09-16T13:11:48.120457,60.83,-7.614108726420937,-1.0244240035741667,0.0,-3.0199255795971256,0.0,0.0,-0.9981502109563188,0.060796022631880664,0.09989415478400873,-4.891232929066057e-05,0.0,0.0,0.0,-0.04018124712170926
2026-09-16T13:11:48.142525,60.86,-7.617087259040002,-1.0247866554115532,0.0,-3.0211278880229306,0.0,0.0,-0.9981865783803063,0.06019596947816874,0.09999999957928817,-4.8087651199179435e-05,0.0,0.0,0.0,-0.03982720153546416
2026-09-16T13:11:48.161205,60.87,-7.61807955755252,-1.0249062887904348,0.0,-3.0215256559088166,0.0,0.0,-0.99819853065044,0.05999744500645601,0.09989679891788064,-4.8256211449591425e-05,0.0,0.0,0.0,-0.03979490461345562
2026-09-16T13:11:48.180676,60.89,-7.620065259478904,-1.0251450622072922,0.0,-3.0223801797413716,0.0,0.0,-0.9982240741610456,0.059570947326052066,0.09989809611065396,-4.792590179619389e-05,0.0,0.0,0.0,-0.0449031102460554
2026-09-16T13:11:48.200112,60.91,-7.622051177418476,-1.0253820314886564,0.0,-3.023279911513597,0.0,0.0,-0.9982507720871964,0.05912187435557385,0.09989937699827618,-4.766245244991273e-05,0.0,0.0,0.0,-0.04455007426510888
2026-09-16T13:11:48.224457,60.94,-7.625030912122015,-1.025734447533513,0.0,-3.0246219000257564,0.0,0.0,-0.9982902177994637,0.05845204056232131,0.09999999959965522,-4.69678678627796e-05,0.0,0.0,0.0,-0.04414619567009484
2026-09-16T13:11:48.242914,60.95,-7.626023646549817,-1.0258506272244685,0.0,-3.025066482242365,0.0,0.0,-0.9983031865038107,0.05823012808106972,0.09990189067528647,-4.712722353281841e-05,0.0,0.0,0.0,-0.044538037648425545
2026-09-16T13:11:48.261497,60.97,-7.628010192276976,-1.0260822727642127,0.0,-3.025948386649399,0.0,0.0,-0.9983287661518089,0.057789918444369,0.0999031238670189,-4.6860967122440266e-05,0.0,0.0,0.0,-0.04054187340660716
2026-09-16T13:11:48.281360,60.99,-7.629996935253591,-1.0263122198898638,0.0,-3.02676260084755,0.0,0.0,-0.9983522101076108,0.05738348693874338,0.09990434155792464,-4.6572713780212643e-05,0.0,0.0,0.0,-0.04037438247482044
2026-09-16T13:11:48.321923,61.01,-7.631983862021529,-1.026540572797279,0.0,-3.027577844062757,0.0,0.0,-0.9983755179153672,0.056976532249887024,0.09990554394298348,-4.6263384517362714e-05,0.0,0.0,0.0,-0.04028022598640013
2026-09-16T13:11:48.338186,61.03,-7.633970972382489,-1.0267673218990867,0.0,-3.0283724809831494,0.0,0.0,-0.998398076940076,0.05657985473963448,0.09990673121458328,-4.595135517717193e-05,0.0,0.0,0.0,-0.03940095550224281
2026-09-16T13:11:48.365706,61.05,-7.6359582625268585,-1.0269924892732156,0.0,-3.0291670875040935,0.0,0.0,-0.998420477501742,0.05618318347329119,0.09990790356255065,-4.563940390156506e-05,0.0,0.0,0.0,-0.03887293057938067
2026-09-16T13:11:48.380846,61.07,-7.637945728492267,-1.0272160988138443,0.0,-3.0299388055201497,0.0,0.0,-0.9984420819626462,0.05579792976532953,0.09990906117475343,-4.5322555342457395e-05,0.0,0.0,0.0,-0.04218391551762517
2026-09-16T13:11:48.397587,61.09,-7.639933371709342,-1.0274381265281909,0.0,-3.0307763986558696,0.0,0.0,-0.9984653623847831,0.0553797807672046,0.09991020423641543,-4.502508713242052e-05,0.0,0.0,0.0,-0.04138691661937357
2026-09-16T13:11:48.417431,61.11,-7.641921200839231,-1.0276584829430824,0.0,-3.0316042244921344,0.0,0.0,-0.9984881992603009,0.054966498323266444,0.09991133293000357,-4.4742641434096044e-05,0.0,0.0,0.0,-0.040539745722331544
2026-09-16T13:11:48.437739,61.13,-7.643909210797766,-1.0278772013327857,0.0,-3.032422475869806,0.0,0.0,-0.998510603900775,0.0545579865620944,0.09991244743668676,-4.445533053086494e-05,0.0,0.0,0.0,-0.0401015060373609
2026-09-16T13:11:48.457897,61.15,-7.645897398474433,-1.0280942976831997,0.0,-3.03323751836879,0.0,0.0,-0.9985327545259045,0.05415106775410515,0.09991354793436277,-4.416657621582313e-05,0.0,0.0,0.0,-0.04086423646478768
2026-09-16T13:11:48.478551,61.17,-7.647885761425485,-1.0283097821827096,0.0,-3.0340369792489885,0.0,0.0,-0.9985543205804834,0.053751919501065865,0.09991463459925995,-4.388041712336534e-05,0.0,0.0,0.0,-0.036004152035460806
2026-09-16T13:11:48.500369,61.19,-7.649874288717753,-1.0285237443295485,0.0,-3.03475749422558,0.0,0.0,-0.998573620312661,0.05339217934927944,0.09991570760525048,-4.3565615342423765e-05,0.0,0.0,0.0,-0.03624953147878801
2026-09-16T13:11:48.518712,61.21,-7.651862966714623,-1.0287363005629422,0.0,-3.035467671021623,0.0,0.0,-0.9985925163017345,0.05303759408353714,0.09991676712402077,-4.323011613440155e-05,0.0,0.0,0.0,-0.03503523430740148
2026-09-16T13:11:48.541609,61.23,-7.653851792973471,-1.0289474647565462,0.0,-3.0361636973969124,0.0,0.0,-0.9986109136121876,0.05269006751401994,0.09991781332509983,-4.288486840472799e-05,0.0,0.0,0.0,-0.034556815972716405
2026-09-16T13:11:48.557456,61.25,-7.655840766469732,-1.0291572366799508,0.0,-3.036861704293546,0.0,0.0,-0.9986292418099636,0.05234154565980269,0.09991884637588434,-4.254271226531861e-05,0.0,0.0,0.0,-0.03416788651725499
2026-09-16T13:11:48.577462,61.27,-7.65782988389978,-1.0293656387887677,0.0,-3.037543700683321,0.0,0.0,-0.9986470321220171,0.05200101185445178,0.0999198664416682,-4.219814749187815e-05,0.0,0.0,0.0,-0.037963057856626084
2026-09-16T13:11:48.600769,61.29,-7.659819148856531,-1.0295726272515897,0.0,-3.0383026850086243,0.0,0.0,-0.9986666941882657,0.05162202939715788,0.09992087368566718,-4.187799786032626e-05,0.0,0.0,0.0,-0.037631971595882684
2026-09-16T13:11:48.617781,61.31,-7.661808571451525,-1.029778094517736,0.0,-3.03905172048681,0.0,0.0,-0.9986859575152904,0.05124800739314256,0.09992186826918864,-4.158074347289074e-05,0.0,0.0,0.0,-0.03700094657551778
2026-09-16T13:11:48.641443,61.33,-7.6637981466989356,-1.0299820777452482,0.0,-3.039794729391065,0.0,0.0,-0.9987049274606626,0.0508769875856716,0.0999228503509421,-4.1280891370251066e-05,0.0,0.0,0.0,-0.03692918423819217
2026-09-16T13:11:48.658212,61.35,-7.6657878718035475,-1.030184593416121,0.0,-3.040525814771138,0.0,0.0,-0.9987234584469479,0.05051191490893659,0.09992382008849482,-4.0980494245613366e-05,0.0,0.0,0.0,-0.03634705284263613
2026-09-16T13:11:48.679520,61.37,-7.667777743957543,-1.0303856585032238,0.0,-3.041255379029765,0.0,0.0,-0.9987418178423473,0.05014759508653935,0.09992477763686679,-4.0678502933415216e-05,0.0,0.0,0.0,-0.04657384549945737
2026-09-16T13:11:48.700246,61.39,-7.669767776065478,-1.0305851333292761,0.0,-3.0421769790395508,0.0,0.0,-0.9987648198188495,0.049687369544191846,0.09992572314998543,-4.0434372823270126e-05,0.0,0.0,0.0,-0.04593218377251324
2026-09-16T13:11:48.720325,61.41,-7.671757996231627,-1.0307827225857336,0.0,-3.0430988330481306,0.0,0.0,-0.9987876159727932,0.04922700660597064,0.09992665677785093,-4.0249792557668515e-05,0.0,0.0,0.0,-0.04643348717293937
2026-09-16T13:11:48.738566,61.43,-7.673748396503971,-1.030978489179301,0.0,-3.0440089402664494,0.0,0.0,-0.9988099134876789,0.04877249961541313,0.09992757867013538,-4.0063985763328074e-05,0.0,0.0,0.0,-0.0454942368178467
2026-09-16T13:11:48.766696,61.46,-7.676734663950175,-1.0312689663924395,0.0,-3.045351967394363,0.0,0.0,-0.9988424396833555,0.04810177426459665,0.09999999971063879,-3.9565095374005776e-05,0.0,0.0,0.0,-0.04387579459131633
2026-09-16T13:11:48.784575,61.47,-7.677729723030033,-1.0313646303076847,0.0,-3.0457954918990064,0.0,0.0,-0.998853082280285,0.04788026753448702,0.0999293878374205,-3.967064220070655e-05,0.0,0.0,0.0,-0.04248238464949513
2026-09-16T13:11:48.800382,61.49,-7.679720637800083,-1.031555091157684,0.0,-3.0466346153288555,0.0,0.0,-0.9988730830917856,0.04746118282039278,0.09993027540161217,-3.945560071304538e-05,0.0,0.0,0.0,-0.04146866767509913
2026-09-16T13:11:48.828586,61.51,-7.68171171080782,-1.0317438900372495,0.0,-3.0474682299272207,0.0,0.0,-0.9988927784923678,0.04704484111778222,0.09993115180950664,-3.922900133468495e-05,0.0,0.0,0.0,-0.041882484055028306
2026-09-16T13:11:48.849624,61.53,-7.6837029395684615,-1.031931038495648,0.0,-3.048297530731179,0.0,0.0,-0.9989121997817977,0.046630645793189075,0.09993201720119073,-3.9001040170943064e-05,0.0,0.0,0.0,-0.04052937731679607
2026-09-16T13:11:48.877500,61.55,-7.685694321531336,-1.032116549135141,0.0,-3.0491129315304963,0.0,0.0,-0.9989311280947973,0.04622338502593241,0.09993287171541768,-3.87652766091294e-05,0.0,0.0,0.0,-0.04050554143378882
2026-09-16T13:11:48.892957,61.56,-7.686690384121211,-1.0322089097510372,0.0,-3.0495163225091946,0.0,0.0,-0.9989404308242026,0.04602190418438294,0.09999999972780732,-3.84323189203571e-05,0.0,0.0,0.0,-0.040050289174928394
2026-09-16T13:11:48.913234,61.59,-7.689677525786454,-1.0324828081613617,0.0,-3.0506228530045703,0.0,0.0,-0.9989657402540764,0.045469218143985385,0.09993454865625946,-3.826363543800934e-05,0.0,0.0,0.0,-0.03505054023647868
2026-09-16T13:11:48.929404,61.61,-7.691669323337855,-1.0326638006018305,0.0,-3.0513269282519335,0.0,0.0,-0.9989816852280963,0.04511754180839964,0.09993537135119351,-3.7967795282988015e-05,0.0,0.0,0.0,-0.034447180786949194
2026-09-16T13:11:48.951612,61.63,-7.6936612472259025,-1.032843396753564,0.0,-3.0520230496493217,0.0,0.0,-0.9989973283594625,0.04476983281916664,0.09993618370535187,-3.767092752308978e-05,0.0,0.0,0.0,-0.03430930918532398
2026-09-16T13:11:48.972324,61.66,-7.696649657874971,-1.0331104446930661,0.0,-3.053041912755887,0.0,0.0,-0.9990200058938054,0.044260906271122974,0.09999999974405702,-3.6986173417293046e-05,0.0,0.0,0.0,-0.03340918663126046
2026-09-16T13:11:48.991424,61.67,-7.697645462674381,-1.0331984833886245,0.0,-3.05337622847814,0.0,0.0,-0.9990273904950109,0.04409391160612934,0.09993777790877294,-3.7074589496358856e-05,0.0,0.0,0.0,-0.05137830575082593
2026-09-16T13:11:49.010053,61.69,-7.699637771300978,-1.0333737577727455,0.0,-3.0544008949070114,0.0,0.0,-0.9990498501544822,0.0435820709272371,0.09993856001340204,-3.687773586206026e-05,0.0,0.0,0.0,-0.050586399182615205
2026-09-16T13:11:49.031220,61.71,-7.701630265693923,-1.033546907484581,0.0,-3.0554177771470004,0.0,0.0,-0.9990718799371107,0.04307410729112765,0.09993933228731489,-3.6784216548120654e-05,0.0,0.0,0.0,-0.05084924269201688
2026-09-16T13:11:49.051816,61.73,-7.70362293408431,-1.033718042568866,0.0,-3.0564272433390656,0.0,0.0,-0.9990934936041949,0.04256983718273586,0.09994009485407936,-3.668606565803125e-05,0.0,0.0,0.0,-0.049841052813054364
2026-09-16T13:11:49.070168,61.75,-7.705615773323262,-1.0338871759945751,0.0,-3.0574230575429437,0.0,0.0,-0.9991145655842089,0.04207237618054776,0.09994084783571015,-3.658157216478205e-05,0.0,0.0,0.0,-0.049423417454581474
2026-09-16T13:11:49.092627,61.77,-7.707608779499417,-1.0340543302476475,0.0,-3.058414186332707,0.0,0.0,-0.9991352924716908,0.041577245429549846,0.09994159135268821,-3.647343813619898e-05,0.0,0.0,0.0,-0.047856066122187894
2026-09-16T13:11:49.109876,61.79,-7.709601947414187,-1.034219544215303,0.0,-3.0593637092079984,0.0,0.0,-0.9991549191420053,0.04110288985379042,0.09994232552398018,-3.6351756296393694e-05,0.0,0.0,0.0,-0.047362191996676434
2026-09-16T13:11:49.131419,61.81,-7.711595271069336,-1.0343828678225797,0.0,-3.0603180832523122,0.0,0.0,-0.999174419149363,0.040626101431629015,0.0999430504670572,-3.621947065211468e-05,0.0,0.0,0.0,-0.0471631176443463
2026-09-16T13:11:49.149896,61.83,-7.713588748775372,-1.0345442997219987,0.0,-3.061260917539971,0.0,0.0,-0.9991934599640319,0.040155068983959735,0.09994376629791399,-3.608599052272749e-05,0.0,0.0,0.0,-0.04692775304728835
2026-09-16T13:11:49.171046,61.85,-7.715582376899145,-1.0347038627252665,0.0,-3.0621938952345302,0.0,0.0,-0.9992120831370312,0.039688952026407806,0.09994447313108713,-3.594888489596211e-05,0.0,0.0,0.0,-0.04582797041385606
2026-09-16T13:11:49.190051,61.87,-7.717576152077022,-1.0348615770740208,0.0,-3.063112713661197,0.0,0.0,-0.9992302111613552,0.039229900617176044,0.0999451710796737,-3.580298336387892e-05,0.0,0.0,0.0,-0.04609448553498862
2026-09-16T13:11:49.211112,61.89,-7.719570071601881,-1.0350174553262617,0.0,-3.0638864372717154,0.0,0.0,-0.9992453129377263,0.03884333368784524,0.09994586025520602,-3.565873045850075e-05,0.0,0.0,0.0,-0.03061183787320393
2026-09-16T13:11:49.230604,61.91,-7.721564087269137,-1.0351720985835624,0.0,-3.0645028984325653,0.0,0.0,-0.99925723817363,0.03853533388475185,0.09994654076824226,-3.533668218692355e-05,0.0,0.0,0.0,-0.0298694734680349
2026-09-16T13:11:49.251160,61.93,-7.723558196600283,-1.0353255288143999,0.0,-3.0651019492140223,0.0,0.0,-0.9992687356599852,0.038236029245917354,0.09994721272752463,-3.5009504384798416e-05,0.0,0.0,0.0,-0.029512995100422348
2026-09-16T13:11:49.278881,61.95,-7.725552397278378,-1.0354777666539028,0.0,-3.0656942698119503,0.0,0.0,-0.9992800158302813,0.03794008384588652,0.09994787624071305,-3.468359894030116e-05,0.0,0.0,0.0,-0.02881833375508214
2026-09-16T13:11:49.297491,61.96,-7.726549774395585,-1.035553661550843,0.0,-3.0659886550218163,0.0,0.0,-0.9992855895050017,0.03779299680683155,0.099999999786929,-3.428596514341335e-05,0.0,0.0,0.0,-0.02907690981427294
2026-09-16T13:11:49.314172,61.99,-7.729541054237608,-1.035778872419254,0.0,-3.0666826017691773,0.0,0.0,-0.9992986425160859,0.03744626904656848,0.09994917835127795,-3.3975938121254256e-05,0.0,0.0,0.0,-0.019495982928389922
2026-09-16T13:11:49.351384,62.01,-7.73153547753499,-1.0359281643063223,0.0,-3.067075271640652,0.0,0.0,-0.9993059752666799,0.03725007109133976,0.09994981715742791,-3.35438723102402e-05,0.0,0.0,0.0,-0.019646135432213434
2026-09-16T13:11:49.374995,62.03,-7.733529958725195,-1.0360766802631012,0.0,-3.0674627368247886,0.0,0.0,-0.9993131730663276,0.037056472256652366,0.09995044793377722,-3.311536192398909e-05,0.0,0.0,0.0,-0.01795678246750762
2026-09-16T13:11:49.394159,62.05,-7.735524495823658,-1.0362244430209453,0.0,-3.0678230949061014,0.0,0.0,-0.9993198336448182,0.036876416367278564,0.09995107078139645,-3.268116645148824e-05,0.0,0.0,0.0,-0.01787896221467595
2026-09-16T13:11:49.411602,62.07,-7.737519086027347,-1.03637148670003,0.0,-3.06818970418532,0.0,0.0,-0.9993265764741243,0.03669323578680895,0.09995168580065947,-3.224738518096248e-05,0.0,0.0,0.0,-0.015522580332743877
2026-09-16T13:11:49.433465,62.09,-7.739513726577993,-1.0365178454335304,0.0,-3.0684995829749733,0.0,0.0,-0.9993322497068237,0.03653840029200256,0.09995229308882854,-3.180392968624214e-05,0.0,0.0,0.0,-0.014640769190168133
2026-09-16T13:11:49.452090,62.11,-7.741508410880908,-1.036663606222153,0.0,-3.0687995516689126,0.0,0.0,-0.9993377186547687,0.036388515686715285,0.09995289274378795,-3.134589974119322e-05,0.0,0.0,0.0,-0.014308657393911498
2026-09-16T13:11:49.472148,62.14,-7.7445007309884835,-1.0368813974988318,0.0,-3.069231162962855,0.0,0.0,-0.9993455482312612,0.03617285211812785,0.0999999998086552,-3.0388604718365654e-05,0.0,0.0,0.0,-0.014213815310145718
2026-09-16T13:11:49.491379,62.15,-7.745497906974385,-1.0369533759111216,0.0,-3.069377778956793,0.0,0.0,-0.9993481973053197,0.03609959200057514,0.0999540695365205,-3.0438900929379343e-05,0.0,0.0,0.0,-0.014146859346228344
2026-09-16T13:11:49.511769,62.17,-7.747492716214682,-1.0370974153416934,0.0,-3.069651269072997,0.0,0.0,-0.9993531244025985,0.03596293573617943,0.09995464686244358,-2.998628037059981e-05,0.0,0.0,0.0,-0.01738048804679761
2026-09-16T13:11:49.529755,62.19,-7.749487568940392,-1.0372408506566633,0.0,-3.0700006049374715,0.0,0.0,-0.9993593907296132,0.03578838024465827,0.099955216932059,-2.9558501666590787e-05,0.0,0.0,0.0,-0.017196305461164244
2026-09-16T13:11:49.551245,62.21,-7.751482472890378,-1.0373835712618096,0.0,-3.0703412099561382,0.0,0.0,-0.9993654710883618,0.03561818631452963,0.09995577983572278,-2.9161878698759345e-05,0.0,0.0,0.0,-0.01680580195638208
2026-09-16T13:11:49.573201,62.24,-7.754475120345508,-1.0375966139833357,0.0,-3.07084062754907,0.0,0.0,-0.9993743341052479,0.035368634857631205,0.09999999982034141,-2.8324672008819063e-05,0.0,0.0,0.0,-0.016468140329899753
2026-09-16T13:11:49.589242,62.25,-7.755472423463797,-1.0376670090139084,0.0,-3.0710054110732115,0.0,0.0,-0.9993772447973149,0.03528629452532094,0.09995688450562053,-2.8365432115280387e-05,0.0,0.0,0.0,-0.015952206326989186
2026-09-16T13:11:49.611737,62.27,-7.757467468008557,-1.0378077492544813,0.0,-3.0713237827255964,0.0,0.0,-0.9993828492130652,0.035127207386522225,0.09995742644860742,-2.7970477814306904e-05,0.0,0.0,0.0,-0.01244573190171686
2026-09-16T13:11:49.631309,62.29,-7.759462553411484,-1.037947908773415,0.0,-3.0715737832396584,0.0,0.0,-0.9993872323152952,0.035002283999391114,0.0999579615793199,-2.755852786897831e-05,0.0,0.0,0.0,-0.01220443949493698
2026-09-16T13:11:49.650773,62.31,-7.761457672037631,-1.0380875941660834,0.0,-3.0718204676163112,0.0,0.0,-0.9993915419716026,0.03487901712523435,0.09995848998381067,-2.7127888683329744e-05,0.0,0.0,0.0,-0.01132406169774294
2026-09-16T13:11:49.670173,62.33,-7.763452824030482,-1.0382268017359781,0.0,-3.072046591300095,0.0,0.0,-0.9993954790699127,0.034766023854039735,0.09995901174677024,-2.6698496725277488e-05,0.0,0.0,0.0,-0.011551876834297306
2026-09-16T13:11:49.689395,62.35,-7.765448007234737,-1.0383655608121083,0.0,-3.0722744346027806,0.0,0.0,-0.9993994331876037,0.03465217084536659,0.09995952695111132,-2.6271666740565115e-05,0.0,0.0,0.0,-0.010700488356673796
2026-09-16T13:11:49.712085,62.37,-7.767443221381007,-1.0385038738237882,0.0,-3.072490627907795,0.0,0.0,-0.9994031731323325,0.03454413890987856,0.09996003567984137,-2.5845797783518488e-05,0.0,0.0,0.0,-0.010667672899903502
2026-09-16T13:11:49.733978,62.39,-7.76943846536108,-1.0386417553558587,0.0,-3.0728328974258003,0.0,0.0,-0.9994090702003778,0.034373105783683876,0.09996053801378753,-2.5423960912049942e-05,0.0,0.0,0.0,-0.023775241660961816
2026-09-16T13:11:49.752495,62.41,-7.771433773705826,-1.038778701395547,0.0,-3.0733043505025175,0.0,0.0,-0.9994171450864595,0.034137517590338,0.09996103403418377,-2.5159448267103793e-05,0.0,0.0,0.0,-0.023100750819525378
2026-09-16T13:11:49.771215,62.43,-7.773429145903925,-1.0389147134526144,0.0,-3.0737642316163383,0.0,0.0,-0.9994249682652755,0.03390771015496544,0.09996152381939498,-2.4892807919554908e-05,0.0,0.0,0.0,-0.022957921734459496
2026-09-16T13:11:49.789545,62.45,-7.775424580217868,-1.0390498107217174,0.0,-3.0742145698214918,0.0,0.0,-0.9994325778978921,0.033682669674090455,0.09996200744821837,-2.4628342046253058e-05,0.0,0.0,0.0,-0.02175550520859009
2026-09-16T13:11:49.811348,62.47,-7.777420074328587,-1.039184021443468,0.0,-3.0746552359075423,0.0,0.0,-0.9994399750433869,0.033462460837094976,0.09996248499803707,-2.4359455109941552e-05,0.0,0.0,0.0,-0.0007215848734655368
2026-09-16T13:11:49.831172,62.49,-7.779415605887868,-1.0393176743121115,0.0,-3.074675844809015,0.0,0.0,-0.9994403198026051,0.03345216215533194,0.09996295654497582,-2.3965937586400196e-05,0.0,0.0,0.0,-0.00022120182822323812
2026-09-16T13:11:49.860544,62.51,-7.781411132697872,-1.0394513980857099,0.0,-3.0746868911764915,0.0,0.0,-0.9994405045497988,0.03344664206229993,0.09996342216505626,-2.3453366986115593e-05,0.0,0.0,0.0,9.20043182985774e-05
2026-09-16T13:11:49.879555,62.53,-7.7834066601151,-1.0395851123987558,0.0,-3.0746901451587316,0.0,0.0,-0.9994405589658656,0.03344501598142974,0.09996388193249409,-2.2943125700035904e-05,0.0,0.0,0.0,0.0005308787673883486
2026-09-16T13:11:49.896898,62.55,-7.785402186733974,-1.0397188382291942,0.0,-3.0746757617187477,0.0,0.0,-0.9994403184128297,0.03345220367721348,0.09996433592085449,-2.243256143422297e-05,0.0,0.0,0.0,0.0011558469641200814
2026-09-16T13:11:49.910438,62.57,-7.7873977112920745,-1.039852594413678,0.0,-3.074659999031025,0.0,0.0,-0.9994400547334691,0.03346008060899272,0.09996478420277796,-2.1925742377898512e-05,0.0,0.0,0.0,0.0008429814655955235
2026-09-16T13:11:49.932701,62.59,-7.789393233450369,-1.0399863859752012,0.0,-3.074646088978535,0.0,0.0,-0.9994398219935576,0.03346703173999429,0.09996522684999196,-2.1423277556076045e-05,0.0,0.0,0.0,0.00149313976872464
2026-09-16T13:11:49.952000,62.61,-7.791388753341997,-1.0401202109384637,0.0,-3.074615727758114,0.0,0.0,-0.999439313828433,0.03348220384250415,0.09996566393332232,-2.0929484774050813e-05,0.0,0.0,0.0,0.0014535481386327787
2026-09-16T13:11:49.971120,62.63,-7.793384268859792,-1.040254100726543,0.0,-3.0745830288722464,0.0,0.0,-0.9994387662794748,0.03349854411405561,0.09996609552270466,-2.0438124288335855e-05,0.0,0.0,0.0,0.002067291118245125
2026-09-16T13:11:49.992841,62.65,-7.795379779835547,-1.04038805780071,0.0,-3.0745437734721346,0.0,0.0,-0.9994381085875834,0.03351816079193055,0.09996652168719553,-1.9952421845370313e-05,0.0,0.0,0.0,0.0020338437074908177
2026-09-16T13:11:50.011390,62.67,-7.797375285282056,-1.0405220968307674,0.0,-3.0745000342741187,0.0,0.0,-0.9994373753198422,0.03354001809458137,0.09996694249484044,-1.947133518317436e-05,0.0,0.0,0.0,-0.001916829407035275
2026-09-16T13:11:50.032310,62.69,-7.799370788566611,-1.0406561675409818,0.0,-3.074539735274406,0.0,0.0,-0.9994380409090659,0.033520178756212236,0.09996735801339987,-1.9017603564878375e-05,0.0,0.0,0.0,-0.001553867287069503
2026-09-16T13:11:50.051519,62.71,-7.8013662982237015,-1.040790142867605,0.0,-3.074569327758738,0.0,0.0,-0.9994385367723453,0.03350539082526036,0.09996776830892987,-1.8595559189568264e-05,0.0,0.0,0.0,-0.0013541834306631901
2026-09-16T13:11:50.070364,62.73,-7.803361811754168,-1.0409240601185246,0.0,-3.07459042310041,0.0,0.0,-0.9994388901205835,0.03349484907469,0.09996817344707988,-1.817661088753104e-05,0.0,0.0,0.0,-0.0002911843642294543
2026-09-16T13:11:50.090743,62.75,-7.805357326637291,-1.0410579568855682,0.0,-3.0746001450062743,0.0,0.0,-0.9994390529256605,0.03348999084889084,0.09996857349310319,-1.7751761261696184e-05,0.0,0.0,0.0,-0.00032139682756008827
2026-09-16T13:11:50.111309,62.77,-7.807352842366193,-1.0411918406854426,0.0,-3.074600221000092,0.0,0.0,-0.9994390541981759,0.033489952873296334,0.09996896851058013,-1.7334239446538678e-05,0.0,0.0,0.0,0.006714206005255388
2026-09-16T13:11:50.132040,62.79,-7.809348350995176,-1.0413258300815558,0.0,-3.07446236781009,0.0,0.0,-0.9994367434756541,0.0335588407246053,0.09996935856285857,-1.687907258399729e-05,0.0,0.0,0.0,0.007545856075628542
2026-09-16T13:11:50.151469,62.81,-7.8113438383384075,-1.0414601359868616,0.0,-3.074316388529315,0.0,0.0,-0.9994342913656966,0.033631789163644704,0.09996974371234894,-1.638626935718549e-05,0.0,0.0,0.0,0.00726386212971031
2026-09-16T13:11:50.170105,62.83,-7.813339305619061,-1.0415947392956149,0.0,-3.074170386073757,0.0,0.0,-0.9994318335407152,0.03370474900431909,0.09997012402067712,-1.5898986328121587e-05,0.0,0.0,0.0,0.00787293565652813
2026-09-16T13:11:50.192551,62.85,-7.81533475246107,-1.04172964490939,0.0,-3.0740125211195,0.0,0.0,-0.99942917002799,0.03378363652958359,0.09997049954855144,-1.5415001557332477e-05,0.0,0.0,0.0,0.008949261273946907
2026-09-16T13:11:50.217845,62.87,-7.81733017678285,-1.0418648829017227,0.0,-3.0738339301713324,0.0,0.0,-0.9994261493175888,0.03387288089632591,0.09997087035634436,-1.4929699107402596e-05,0.0,0.0,0.0,-0.007007796517015089
2026-09-16T13:11:50.232718,62.89,-7.819325592772673,-1.0420002430349864,0.0,-3.0739721875891375,0.0,0.0,-0.9994284885180921,0.0338037917760997,0.09997123650338711,-1.454063502777204e-05,0.0,0.0,0.0,-0.006214774900392526
2026-09-16T13:11:50.250490,62.91,-7.821321032385306,-1.0421352538452477,0.0,-3.0741016374024333,0.0,0.0,-0.9994306743718979,0.03373910378971696,0.09997159804797896,-1.4246689492082371e-05,0.0,0.0,0.0,-0.0057040807289815195
2026-09-16T13:11:50.271604,62.93,-7.8233164886859345,-1.0422700174650128,0.0,-3.0742223743266806,0.0,0.0,-0.9994327093285678,0.033678769635464,0.09997195504811199,-1.3951388529470069e-05,0.0,0.0,0.0,-0.0054696997968007675
2026-09-16T13:11:50.310412,62.95,-7.825311960254652,-1.0424045545048182,0.0,-3.074324469460723,0.0,0.0,-0.9994344272456293,0.03362775098339251,0.09997230756090808,-1.3655698319505552e-05,0.0,0.0,0.0,-0.005549899489424678
2026-09-16T13:11:50.328227,62.97,-7.827307446120176,-1.0425388790050032,0.0,-3.0744304785719003,0.0,0.0,-0.9994362082656777,0.033574776358522865,0.09997265564277111,-1.3365597942869719e-05,0.0,0.0,0.0,0.008611841611695523
2026-09-16T13:11:50.349120,62.99,-7.829302931392025,-1.0426732122437337,0.0,-3.074256051276057,0.0,0.0,-0.999433276285991,0.03366194070831172,0.09997299934939599,-1.299169919912115e-05,0.0,0.0,0.0,0.00933526153368404
2026-09-16T13:11:50.373941,63.01,-7.831298388407964,-1.0428079646078805,0.0,-3.074074496128747,0.0,0.0,-0.9994302164187443,0.033752666697341616,0.09997333873577753,-1.2542368388857298e-05,0.0,0.0,0.0,0.00958222751671053
2026-09-16T13:11:50.389962,63.03,-7.833293819917023,-1.0429430938608706,0.0,-3.0738772980472526,0.0,0.0,-0.9994268835800749,0.033851209393746716,0.09997367385621934,-1.2094779849518456e-05,0.0,0.0,0.0,0.009563047694999514
2026-09-16T13:11:50.419876,63.05,-7.835289224880853,-1.0430786142304116,0.0,-3.073684832325042,0.0,0.0,-0.9994236213536202,0.03394738694532679,0.09997400476419945,-1.165294955652862e-05,0.0,0.0,0.0,0.010462202195124446
2026-09-16T13:11:50.441070,63.07,-7.837284601447386,-1.0432145517984208,0.0,-3.07347018935543,0.0,0.0,-0.9994199723140237,0.034054646376613394,0.09997433151309389,-1.1205813081509726e-05,0.0,0.0,0.0,0.008793937402274134
2026-09-16T13:11:50.462536,63.09,-7.839279950417454,-1.0433508935048463,0.0,-3.073288949959146,0.0,0.0,-0.9994168821886696,0.0341452133728705,0.09997465415475512,-1.077231765792244e-05,0.0,0.0,0.0,0.009831890129408117
2026-09-16T13:11:50.482574,63.11,-7.841275274729636,-1.0434875952455707,0.0,-3.073089185920398,0.0,0.0,-0.9994134667105115,0.03424503697877036,0.09997497274080748,-1.035357429116136e-05,0.0,0.0,0.0,0.009761825683505598
2026-09-16T13:11:50.504036,63.13,-7.8432705714857445,-1.043624698338311,0.0,-3.072889449564899,0.0,0.0,-0.9994100417371756,0.03434484640956913,0.0999752873226555,-9.936868670494724e-06,0.0,0.0,0.0,0.011087758362029309
2026-09-16T13:11:50.520468,63.15,-7.845265839856059,-1.0437622136330407,0.0,-3.0726683953463536,0.0,0.0,-0.9994062395960739,0.03445530810245309,0.0999755979502048,-9.520183457224359e-06,0.0,0.0,0.0,0.010740700967637736
2026-09-16T13:11:50.542974,63.17,-7.8472610775315035,-1.0439001733106241,0.0,-3.0724511242355437,0.0,0.0,-0.9994024906272106,0.03456387895083792,0.09997590467330045,-9.106917890163586e-06,0.0,0.0,0.0,0.01779754805655005
2026-09-16T13:11:50.564414,63.19,-7.849256278023244,-1.0440386695223385,0.0,-3.0720981361938895,0.0,0.0,-0.9993963747435075,0.03474026697558275,0.09997620754101963,-8.657614409481429e-06,0.0,0.0,0.0,0.01819067473706243
2026-09-16T13:11:50.582928,63.21,-7.851251427084481,-1.0441779046476067,0.0,-3.07173405446606,0.0,0.0,-0.9993900340358932,0.03492219737840287,0.09997650660167984,-8.177339153430286e-06,0.0,0.0,0.0,0.01771292730999344
2026-09-16T13:11:50.601408,63.23,-7.853246525578635,-1.0443178622124987,0.0,-3.0713676468394975,0.0,0.0,-0.999383619384619,0.03510528885651127,0.0999768019034184,-7.706796881785303e-06,0.0,0.0,0.0,0.01891608183654285
2026-09-16T13:11:50.623590,63.25,-7.855241570391382,-1.0444585826949215,0.0,-3.0709876376165415,0.0,0.0,-0.9993769311781392,0.03529517571800616,0.09997709349348509,-7.227866178690664e-06,0.0,0.0,0.0,0.020424402042776423
2026-09-16T13:11:50.644530,63.28,-7.85823413495002,-1.0446712910448397,0.0,-3.070417831079119,0.0,0.0,-0.9993668349076946,0.03557990003606921,0.09999999990318222,-6.333145723873365e-06,0.0,0.0,0.0,0.016652449222837457
2026-09-16T13:11:50.661787,63.29,-7.8592314961913505,-1.044742334883552,0.0,-3.0702528858807683,0.0,0.0,-0.999363897142152,0.03566232029537774,0.09997766572392501,-6.291606653775855e-06,0.0,0.0,0.0,0.016847635276029806
2026-09-16T13:11:50.688259,63.31,-7.861226386286059,-1.0448852309639214,0.0,-3.0699103002242754,0.0,0.0,-0.9993577737811923,0.035833503639741277,0.09997794645600111,-5.865651641889052e-06,0.0,0.0,0.0,0.01809477194826304
2026-09-16T13:11:50.704230,63.33,-7.863221226800774,-1.045028817290918,0.0,-3.0695601481514,0.0,0.0,-0.9993514848774688,0.03600846668768676,0.09997822365925368,-5.438998113190742e-06,0.0,0.0,0.0,0.017520761679852646
2026-09-16T13:11:50.727240,63.35,-7.865216015948773,-1.045173115248936,0.0,-3.0692022722738033,0.0,0.0,-0.9993450255976842,0.0361872880050979,0.09997849737832273,-5.015751783209359e-06,0.0,0.0,0.0,0.01838729159313811
2026-09-16T13:11:50.744434,63.37,-7.8672107523702595,-1.0453181400253964,0.0,-3.068830499402415,0.0,0.0,-0.9993382816061708,0.036373052063661475,0.09997876765686171,-4.593455233437422e-06,0.0,0.0,0.0,0.016398398627134124
2026-09-16T13:11:50.763220,63.39,-7.869205437050634,-1.0454638744638216,0.0,-3.068502795398321,0.0,0.0,-0.9993323083939397,0.03653679515282986,0.09997903453825964,-4.187365361112458e-06,0.0,0.0,0.0,0.01679161071218143
2026-09-16T13:11:50.803856,63.41,-7.871200074244901,-1.0456102570787658,0.0,-3.068164576705476,0.0,0.0,-0.9993261153909823,0.03670579106311659,0.09997929806478983,-3.800001072513951e-06,0.0,0.0,0.0,0.01723447217861562
2026-09-16T13:11:50.822334,63.43,-7.873194661099308,-1.0457573238075983,0.0,-3.067818647546315,0.0,0.0,-0.9993197516410018,0.03687863853460825,0.09997955827904696,-3.4141502993256144e-06,0.0,0.0,0.0,0.018080519828891476
2026-09-16T13:11:50.851328,63.45,-7.8751891957379305,-1.0459050967901722,0.0,-3.0674583551015298,0.0,0.0,-0.9993130918783261,0.0370586616134501,0.09997981522266666,-3.025496375592281e-06,0.0,0.0,0.0,0.01876541208698148
2026-09-16T13:11:50.865416,63.48,-7.87818098896489,-1.0461282088607304,0.0,-3.067005318008086,0.0,0.0,-0.9993046717665227,0.037285023610054646,0.09999999991365506,-2.366233036585814e-06,0.0,0.0,0.0,0.007853482873864373
2026-09-16T13:11:50.882774,63.49,-7.879178112232929,-1.0462026963919762,0.0,-3.066927057682936,0.0,0.0,-0.9993032120324351,0.03732412653576807,0.09998031946106826,-2.313275959834497e-06,0.0,0.0,0.0,0.008344071942767466
2026-09-16T13:11:50.906415,63.51,-7.881172528595281,-1.0463520562076822,0.0,-3.066757814538278,0.0,0.0,-0.9993000500282552,0.03740868901106716,0.09998056683695995,-2.057793902662449e-06,0.0,0.0,0.0,0.009458319002221705
2026-09-16T13:11:50.922405,63.53,-7.883166918682207,-1.0465017662688245,0.0,-3.0665771491628813,0.0,0.0,-0.9992966667236967,0.03749895831765327,0.09998081110315966,-1.798237643653066e-06,0.0,0.0,0.0,0.009375264937020083
2026-09-16T13:11:50.945206,63.55,-7.885161280715606,-1.0466518493866026,0.0,-3.066386736565672,0.0,0.0,-0.9992930920577471,0.03759409748440645,0.09998105229932336,-1.5366011041384361e-06,0.0,0.0,0.0,0.010216419538560053
2026-09-16T13:11:50.962210,63.57,-7.887155613365952,-1.0468023222501732,0.0,-3.0661829862683994,0.0,0.0,-0.99928925696788,0.03769590042142899,0.09998129046347155,-1.2747249178418192e-06,0.0,0.0,0.0,0.01008040652047361
2026-09-16T13:11:50.980397,63.59,-7.889149915198019,-1.0469532028219188,0.0,-3.0657844997974313,0.0,0.0,-0.9992817264799394,0.037895001296630974,0.09998152563428389,-1.0155733426531026e-06,0.0,0.0,0.0,0.030058914225682923
2026-09-16T13:11:51.002242,63.61,-7.891144126357162,-1.0471052777609493,0.0,-3.065178091617665,0.0,0.0,-0.9992701906273929,0.03819798585650754,0.09998175784881648,-5.295364565553323e-07,0.0,0.0,0.0,0.03157275720028533
2026-09-16T13:11:51.021681,63.63,-7.89313824339921,-1.0472585817085471,0.0,-3.0645490937503506,0.0,0.0,-0.9992581279830745,0.03851225337164124,0.09998198714479725,-4.003254349519792e-08,0.0,0.0,0.0,0.031636205706453376
2026-09-16T13:11:51.044091,63.65,-7.895132262986443,-1.047413147916882,0.0,-3.0639187826509575,0.0,0.0,-0.9992459410082267,0.038827173198464654,0.09998221355834269,4.488869412304482e-07,0.0,0.0,0.0,0.03209337078752418
2026-09-16T13:11:51.061915,63.68,-7.8981231823716405,-1.0476475298644046,0.0,-3.0629581870360587,0.0,0.0,-0.9992271771467727,0.03930710433613897,0.09999999992300876,1.3445682628441713e-06,0.0,0.0,0.0,0.031992657467603935
2026-09-16T13:11:51.082432,63.69,-7.8991200047509,-1.047726090223264,0.0,-3.0628112609147724,0.0,0.0,-0.9992242868302605,0.03938051051671726,0.09998265788372578,1.4072533302137119e-06,0.0,0.0,0.0,0.014370256251357356
2026-09-16T13:11:51.101540,63.71,-7.901113779482871,-1.0478837820908857,0.0,-3.062521681407937,0.0,0.0,-0.9992185744619679,0.03952518754152294,0.09998287586651511,1.6693796715675427e-06,0.0,0.0,0.0,0.014940336317977107
2026-09-16T13:11:51.121402,63.73,-7.903107508061793,-1.0480420562286743,0.0,-3.0622148898011483,0.0,0.0,-0.9992124997081518,0.03967846301189877,0.09998309110935526,1.9311735775125676e-06,0.0,0.0,0.0,0.015822350777027684
2026-09-16T13:11:51.144289,63.75,-7.905101186599758,-1.0482009592998813,0.0,-3.0618912242009513,0.0,0.0,-0.9992060653467918,0.03984016784832754,0.09998330364682921,2.194017144997915e-06,0.0,0.0,0.0,0.01668655701778933
2026-09-16T13:11:51.162323,63.77,-7.90709481267301,-1.048360519096553,0.0,-3.0615623384141344,0.0,0.0,-0.9991995004043485,0.04000447964541564,0.09998351351251497,2.4642224389944814e-06,0.0,0.0,0.0,0.04679471887882658
2026-09-16T13:11:51.183987,63.78,-7.9080916711196405,-1.048440757190358,0.0,-3.0610987786546042,0.0,0.0,-0.9991902013314952,0.0402360729088485,0.09999999992726019,2.839137060765e-06,0.0,0.0,0.0,0.04712316217624619
2026-09-16T13:11:51.203498,63.81,-7.911081722843821,-1.0486838777564431,0.0,-3.059681467303372,0.0,0.0,-0.9991614369193651,0.04094414455364256,0.09998392536370426,3.519158560809144e-06,0.0,0.0,0.0,0.048146063318220765
2026-09-16T13:11:51.222676,63.84,-7.91407155097587,-1.0489316880040283,0.0,-3.0582422513931076,0.0,0.0,-0.9991317144890967,0.041663138408889085,0.09999999992968493,4.669116078689579e-06,0.0,0.0,0.0,0.04803181344342273
2026-09-16T13:11:51.246573,63.85,-7.915067997331096,-1.0490149822899715,0.0,-3.0577637126266386,0.0,0.0,-0.999121717175697,0.04190219884309992,0.09998432692609892,4.740426243966267e-06,0.0,0.0,0.0,0.04916579090762274
2026-09-16T13:11:51.263179,63.87,-7.917060891969514,-1.0491834323394646,0.0,-3.0567775163696984,0.0,0.0,-0.9991009338146016,0.04239485877781719,0.09998452392974815,5.346860480153265e-06,0.0,0.0,0.0,0.032163028151220505
2026-09-16T13:11:51.280248,63.89,-7.919053641480374,-1.0493535903190319,0.0,-3.0561351785731037,0.0,0.0,-0.9990872663763875,0.04271573673199846,0.09998471845714749,5.844659987636813e-06,0.0,0.0,0.0,0.03239829807142955
2026-09-16T13:11:51.335825,63.91,-7.921046287624596,-1.0495249535228435,0.0,-3.0554784436524893,0.0,0.0,-0.9990731860552675,0.043043802171471884,0.09998491053942166,6.237713496050059e-06,0.0,0.0,0.0,0.03329258979025667
2026-09-16T13:11:51.358769,63.93,-7.923038821027295,-1.0496976225369083,0.0,-3.054822581925717,0.0,0.0,-0.99905901694482,0.04337142678365262,0.0999851002073049,6.626638959639503e-06,0.0,0.0,0.0,0.03378098044471071
2026-09-16T13:11:51.376495,63.95,-7.925031238776594,-1.0498716208455592,0.0,-3.0541470376981854,0.0,0.0,-0.9990443102952754,0.04370887857904317,0.09998528749114502,7.0174133762300924e-06,0.0,0.0,0.0,0.03352040072829196
2026-09-16T13:11:51.397372,63.97,-7.927023538648264,-1.0500469635709802,0.0,-3.053465246055447,0.0,0.0,-0.99902935207205,0.044049446063485834,0.09998547242090844,7.401478970221831e-06,0.0,0.0,0.0,0.05389243387276324
2026-09-16T13:11:51.421122,63.99,-7.92901569174113,-1.0502239659871164,0.0,-3.0523878101649413,0.0,0.0,-0.9990054768784655,0.044587634685299596,0.0999856550261843,7.900106053955932e-06,0.0,0.0,0.0,0.05434494061179962
2026-09-16T13:11:51.438024,64.01,-7.931007643264074,-1.0504032235376384,0.0,-3.0513006088897336,0.0,0.0,-0.9989810914091337,0.04513068808489488,0.09998583533604788,8.507822144822043e-06,0.0,0.0,0.0,0.05542932005145523
2026-09-16T13:11:51.458656,64.03,-7.932999397017878,-1.050584665175167,0.0,-3.0501946189497224,0.0,0.0,-0.9989559816209802,0.04568311267485935,0.09998601337977878,9.116454463240914e-06,0.0,0.0,0.0,0.05577022237944112
2026-09-16T13:11:51.477964,64.05,-7.934990948414561,-1.0507683144673976,0.0,-3.049083131247853,0.0,0.0,-0.9989304392489397,0.04623826923577995,0.09998618918543593,9.717927739433101e-06,0.0,0.0,0.0,0.05571377633951583
2026-09-16T13:11:51.497509,64.07,-7.936982293754821,-1.0509541846004973,0.0,-3.0479644970535547,0.0,0.0,-0.9989044211452568,0.046796980847694916,0.09998636278114917,1.0312839131013114e-05,0.0,0.0,0.0,0.05641585712110087
2026-09-16T13:11:51.517528,64.09,-7.938973428729652,-1.051142294745286,0.0,-3.0468893798125536,0.0,0.0,-0.9988791206996628,0.04733394374303181,0.0999865341951237,1.0904798520975765e-05,0.0,0.0,0.0,0.051114722176852825
2026-09-16T13:11:51.534997,64.11,-7.940964370409683,-1.051332439297424,0.0,-3.0458674572409885,0.0,0.0,-0.9988548044935646,0.04784432610167016,0.09998670345421488,1.1423691062575978e-05,0.0,0.0,0.0,0.051822099862807204
2026-09-16T13:11:51.561308,64.13,-7.942955115880667,-1.0515246270449146,0.0,-3.0448372191196245,0.0,0.0,-0.9988300264484511,0.04835884887987423,0.09998687058593385,1.1937255790697935e-05,0.0,0.0,0.0,0.052378445499893116
2026-09-16T13:11:51.576096,64.15,-7.9449456605912765,-1.051718882969954,0.0,-3.0437900295149034,0.0,0.0,-0.998804569092306,0.04888182443744247,0.09998703561702248,1.2449609382956414e-05,0.0,0.0,0.0,0.05222145419190579
2026-09-16T13:11:51.596991,64.17,-7.946936001062952,-1.051915221041279,0.0,-3.042739873617971,0.0,0.0,-0.998778764636764,0.04940626792887426,0.09998719857345875,1.2953369883757003e-05,0.0,0.0,0.0,0.06020406770679833
2026-09-16T13:11:51.616502,64.19,-7.948926122025829,-1.0521137709374648,0.0,-3.0415418416731956,0.0,0.0,-0.998748990303948,0.05000454346201227,0.09998735948188603,1.3498291321247648e-05,0.0,0.0,0.0,0.05999425977589093
2026-09-16T13:11:51.638095,64.21,-7.950915999137447,-1.05231475027718,0.0,-3.0403341305455474,0.0,0.0,-0.9987186126913167,0.05060763444315185,0.09998751836747989,1.4077367483801311e-05,0.0,0.0,0.0,0.06084680837835244
2026-09-16T13:11:51.659864,64.23,-7.952905632233885,-1.0525181309260696,0.0,-3.039118676835709,0.0,0.0,-0.9986876726453641,0.05121457318172372,0.09998767525623489,1.4647659461080828e-05,0.0,0.0,0.0,0.06113026750113075
2026-09-16T13:11:51.678914,64.25,-7.954895015692935,-1.0527239389613032,0.0,-3.037893668477379,0.0,0.0,-0.9986561161727059,0.05182626390978736,0.09998783017282503,1.5211917350950186e-05,0.0,0.0,0.0,0.0608886805785343
2026-09-16T13:11:51.697191,64.27,-7.9568841450793375,-1.0529321881539107,0.0,-3.0366664311158194,0.0,0.0,-0.9986241266000796,0.052439048162873904,0.09998798314203779,1.5768091115335565e-05,0.0,0.0,0.0,0.060663841464773334
2026-09-16T13:11:51.718425,64.29,-7.958873017585965,-1.053142876414016,0.0,-3.035454244817502,0.0,0.0,-0.9985921602324512,0.053044297735820756,0.09998813418863503,1.631846794646694e-05,0.0,0.0,0.0,0.0608271728434589
2026-09-16T13:11:51.737142,64.31,-7.960861633978142,-1.0533559682606148,0.0,-3.034233672103782,0.0,0.0,-0.998559602060705,0.05365371499128872,0.09998828333664203,1.6848465760736953e-05,0.0,0.0,0.0,0.06159950794218612
2026-09-16T13:11:51.756335,64.33,-7.962849987756486,-1.053571496663684,0.0,-3.0330032363802317,0.0,0.0,-0.9985264043650616,0.0542680365019922,0.0999884306099232,1.7375797530354615e-05,0.0,0.0,0.0,0.06249231588684021
2026-09-16T13:11:51.787313,64.35,-7.964838073389291,-1.0537894845245568,0.0,-3.031764522802063,0.0,0.0,-0.9984926015716005,0.054886470161390366,0.099988576032043,1.790224396731903e-05,0.0,0.0,0.0,0.06271642706233758
2026-09-16T13:11:51.805987,64.37,-7.966825885235162,-1.0540099549469588,0.0,-3.030505267378938,0.0,0.0,-0.998457845614549,0.05551513785224174,0.09998871962626975,1.8425963410786166e-05,0.0,0.0,0.0,0.06265440824565983
2026-09-16T13:11:51.826307,64.39,-7.968813418881714,-1.0542329192887416,0.0,-3.029257068875309,0.0,0.0,-0.9984230042112029,0.05613826379463684,0.09998886141557933,1.894018484732348e-05,0.0,0.0,0.0,0.06375525304504873
2026-09-16T13:11:51.852768,64.41,-7.970800670180969,-1.0544583861372943,0.0,-3.0279783260915316,0.0,0.0,-0.9983869069382411,0.056776615382497446,0.09998900142265867,1.9451444821350402e-05,0.0,0.0,0.0,0.06362339000250586
2026-09-16T13:11:51.865825,64.43,-7.972787631829638,-1.0546863914010118,0.0,-3.026705574027264,0.0,0.0,-0.998350573502875,0.057411953341446664,0.09998913966976675,1.9956623640636867e-05,0.0,0.0,0.0,0.0639727274266408
2026-09-16T13:11:51.888273,64.45,-7.974774301261924,-1.0549169288164304,0.0,-3.025426183529239,0.0,0.0,-0.9983136430840729,0.05805058166983653,0.09998927617930978,2.0455185911257668e-05,0.0,0.0,0.0,0.0646843142261658
2026-09-16T13:11:51.906296,64.47,-7.976760671405535,-1.055150030807289,0.0,-3.0241296027398405,0.0,0.0,-0.9982757996663666,0.05869776657144955,0.09998941097312997,2.095250133491652e-05,0.0,0.0,0.0,0.044467189633274826
2026-09-16T13:11:51.928210,64.49,-7.978746772858705,-1.0553854111091219,0.0,-3.0232353546278636,0.0,0.0,-0.9982494546961661,0.05914411381369268,0.09998954407250998,2.1325976794005293e-05,0.0,0.0,0.0,0.044156560176335305
2026-09-16T13:11:51.948885,64.51,-7.980732675578178,-1.0556224614299234,0.0,-3.0223418654711485,0.0,0.0,-0.998222932769187,0.05959007042858009,0.09998967549874542,2.1569446660144536e-05,0.0,0.0,0.0,0.04547830737240615
2026-09-16T13:11:51.968519,64.53,-7.982718364918124,-1.0558612924724158,0.0,-3.0214353984248317,0.0,0.0,-0.9981958220247578,0.06004249238929221,0.09998980527315121,2.1814421705367022e-05,0.0,0.0,0.0,0.045769736144732454
2026-09-16T13:11:51.986590,64.55,-7.9847038359543605,-1.0561019315169429,0.0,-3.0205228470722445,0.0,0.0,-0.9981683221909461,0.06049793859720887,0.09998993341634896,2.2057557319613347e-05,0.0,0.0,0.0,0.04663295905386924
2026-09-16T13:11:52.007214,64.57,-7.986689083713726,-1.0563444056081508,0.0,-3.019589746249854,0.0,0.0,-0.99813998821855,0.06096362783720297,0.0999900599488422,2.2307056759427502e-05,0.0,0.0,0.0,0.0654366944507422
2026-09-16T13:11:52.026135,64.59,-7.988674069814399,-1.0565890122523993,0.0,-3.018284781346781,0.0,0.0,-0.9980999980532939,0.061614883640357096,0.0999901848910191,2.2664205224040383e-05,0.0,0.0,0.0,0.06589336886449254
2026-09-16T13:11:52.046660,64.61,-7.990658721536638,-1.0568363179449949,0.0,-3.016967203406926,0.0,0.0,-0.9980591902613619,0.0622724074918782,0.09999030826258569,2.3128406401938228e-05,0.0,0.0,0.0,0.06710118263974472
2026-09-16T13:11:52.065548,64.63,-7.992643043052134,-1.0570862592313808,0.0,-3.0156270858008547,0.0,0.0,-0.9980172400359579,0.06294115180872563,0.09999043008328205,2.3596758511163997e-05,0.0,0.0,0.0,0.06740823132956236
2026-09-16T13:11:52.086397,64.65,-7.994627027460867,-1.0573388623764757,0.0,-3.0142802071821126,0.0,0.0,-0.9979746266827247,0.06361324152624277,0.0999905503728863,2.4058893355657756e-05,0.0,0.0,0.0,0.06809779632798736
2026-09-16T13:11:52.106779,64.67,-7.996610667999753,-1.0575941517295817,0.0,-3.0129213818950946,0.0,0.0,-0.9979311767121588,0.06429126337136384,0.09999066915050231,2.452018584471712e-05,0.0,0.0,0.0,0.06768336633146678
2026-09-16T13:11:52.128741,64.69,-7.998593958993144,-1.057852142499486,0.0,-3.0116298678899094,0.0,0.0,-0.9978894521118225,0.06493567096724807,0.09999078643513518,2.4974587770076525e-05,0.0,0.0,0.0,0.061748002614325635
2026-09-16T13:11:52.144935,64.71,-8.000576930947183,-1.0581125737729558,0.0,-3.0103862944428954,0.0,0.0,-0.9978488830749649,0.06555613278744479,0.09999090224555134,2.5346755327786747e-05,0.0,0.0,0.0,0.06178517646608921
2026-09-16T13:11:52.170473,64.73,-8.00255957831234,-1.0583754646434134,0.0,-3.0091415160719484,0.0,0.0,-0.9978078883820051,0.06617717040372824,0.09999101660028079,2.5712398113652657e-05,0.0,0.0,0.0,0.06286362984112065
2026-09-16T13:11:52.187405,64.75,-8.00454189378627,-1.0586408464576378,0.0,-3.0078779013011516,0.0,0.0,-0.9977658780070257,0.06680757954655474,0.09999112951762079,2.608076311713754e-05,0.0,0.0,0.0,0.06321922270829439
2026-09-16T13:11:52.208845,64.77,-8.006523871626863,-1.0589087381367857,0.0,-3.006597464509383,0.0,0.0,-0.9977229020866075,0.06744635388127139,0.09999124101563873,2.6447972991392974e-05,0.0,0.0,0.0,0.0762182616167642
2026-09-16T13:11:52.226457,64.79,-8.008505477949942,-1.059179364109517,0.0,-3.0050712856840214,0.0,0.0,-0.9976711440033033,0.06820768595356422,0.09999135111217426,2.6890393699617644e-05,0.0,0.0,0.0,0.0772058816409826
2026-09-16T13:11:52.247312,64.81,-8.010486659566649,-1.059453082361714,0.0,-3.0035348047719057,0.0,0.0,-0.997618449695247,0.06897411708497464,0.09999145982484399,2.739853444575318e-05,0.0,0.0,0.0,0.02548486723294934
2026-09-16T13:11:52.267852,64.83,-8.012467524503684,-1.0597290831643913,0.0,-3.0030322316986475,0.0,0.0,-0.9976010859311599,0.0692248029897549,0.09999156717104514,2.7598455509407455e-05,0.0,0.0,0.0,0.025833980051350333
2026-09-16T13:11:52.290020,64.85,-8.01444828516156,-1.0600058302848336,0.0,-3.0025188761665276,0.0,0.0,-0.9975832846008545,0.06948086272471371,0.09999167316780752,2.749379520380859e-05,0.0,0.0,0.0,0.025447517785724363
2026-09-16T13:11:52.307569,64.87,-8.016428904086094,-1.0602835898977603,0.0,-3.002004477222023,0.0,0.0,-0.9975653811639777,0.06973743831807784,0.09999177783237778,2.7385461440182803e-05,0.0,0.0,0.0,0.02545717159693863
2026-09-16T13:11:52.324962,64.89,-8.018409380176195,-1.0605623660795995,0.0,-3.00155478069857,0.0,0.0,-0.9975496756054997,0.06996173739525245,0.09999188118150276,2.7277191564319058e-05,0.0,0.0,0.0,0.019416519325766275
2026-09-16T13:11:52.363680,64.91,-8.020389749228245,-1.060841901677759,0.0,-3.0011751569093335,0.0,0.0,-0.9975363780655169,0.07015108292770776,0.09999198323128991,2.7094647944414572e-05,0.0,0.0,0.0,0.01952828275070482
2026-09-16T13:11:52.385611,64.93,-8.02237001024713,-1.061122201525658,0.0,-3.0007860680674416,0.0,0.0,-0.9975227116866513,0.07034514673600419,0.09999208399849668,2.691640255679874e-05,0.0,0.0,0.0,0.019079187935178998
2026-09-16T13:11:52.404243,64.95,-8.02435016177874,-1.0614032737523478,0.0,-3.0003879628835004,0.0,0.0,-0.9975086895410638,0.07054370482239837,0.09999218349910335,2.673842483303009e-05,0.0,0.0,0.0,0.020279746199962288
2026-09-16T13:11:52.423706,64.97,-8.026330200865338,-1.061685136964242,0.0,-2.999984200095254,0.0,0.0,-0.9974944277524038,0.07074508182838192,0.0999922817490305,2.65668460238654e-05,0.0,0.0,0.0,0.02826975815553357
2026-09-16T13:11:52.445310,64.99,-8.028310107976807,-1.0619679255665575,0.0,-2.999418986247871,0.0,0.0,-0.9974743948694476,0.07102697783116904,0.0999923787639985,2.6448509685117545e-05,0.0,0.0,0.0,0.02852603118090527
2026-09-16T13:11:52.461743,65.01,-8.030289849067733,-1.0622518740989284,0.0,-2.9988489903625197,0.0,0.0,-0.9974541118178215,0.07131125309318855,0.0999924745595304,2.6377245901684975e-05,0.0,0.0,0.0,0.0288905861438874
2026-09-16T13:11:52.483992,65.03,-8.032269427219855,-1.062536956318842,0.0,-2.9982748560943313,0.0,0.0,-0.9974335996021793,0.07159758644423343,0.09999256915109697,2.6309183779587226e-05,0.0,0.0,0.0,0.029064680302719432
2026-09-16T13:11:52.504586,65.05,-8.034248840127905,-1.0628231835863986,0.0,-2.997693845197213,0.0,0.0,-0.9974127580250922,0.07188734331423575,0.0999926625534043,2.624421238468164e-05,0.0,0.0,0.0,0.02958433311165953
2026-09-16T13:11:52.528497,65.07,-8.036228085534576,-1.0631105667912046,0.0,-2.997108614327824,0.0,0.0,-0.9973916799780482,0.07217919860019664,0.09999275478182634,2.618347166075115e-05,0.0,0.0,0.0,0.02964498157532171
2026-09-16T13:11:52.543149,65.09,-8.038207161002672,-1.0633991179211442,0.0,-2.99651018082918,0.0,0.0,-0.9973700381046278,0.07247763166090164,0.09999284585097708,2.6125022374754445e-05,0.0,0.0,0.0,0.02980857788509248
2026-09-16T13:11:52.581085,65.11,-8.040186064531785,-1.0636888458374159,0.0,-2.9959160883199942,0.0,0.0,-0.9973484648937087,0.07277389349322139,0.09999293577542806,2.606620319483551e-05,0.0,0.0,0.0,0.030243706245235296
2026-09-16T13:11:52.601415,65.13,-8.04216479342891,-1.0639797639884052,0.0,-2.9953106048271265,0.0,0.0,-0.9973263874936621,0.07307582916971721,0.09999302456956766,2.6012418728105447e-05,0.0,0.0,0.0,0.03126082734158312
2026-09-16T13:11:52.620890,65.15,-8.044143344518485,-1.0642718889290759,0.0,-2.994693486516073,0.0,0.0,-0.9973037918007817,0.07338355987401439,0.09999311224760339,2.5965270003205e-05,0.0,0.0,0.0,0.03084685026946339
2026-09-16T13:11:52.640351,65.17,-8.04612171481254,-1.0645652357485569,0.0,-2.9940820732816653,0.0,0.0,-0.9972813113590053,0.0736884388086949,0.09999319882356422,2.591766263335037e-05,0.0,0.0,0.0,0.03065397441414921
2026-09-16T13:11:52.661287,65.19,-8.048099903967088,-1.0648598015732815,0.0,-2.9934867844210484,0.0,0.0,-0.9972593342302638,0.07398527076797803,0.09999328431130274,2.5870970911209626e-05,0.0,0.0,0.0,0.02900018708257102
2026-09-16T13:11:52.680967,65.21,-8.050077923594154,-1.0651555036078997,0.0,-2.9929065868200766,0.0,0.0,-0.9972378292289282,0.07427457138735297,0.09999336872449748,2.5799128374740584e-05,0.0,0.0,0.0,0.028914185866949098
2026-09-16T13:11:52.698990,65.23,-8.05205577051474,-1.0654523585889637,0.0,-2.9923215458655994,0.0,0.0,-0.9972160597302316,0.07456628069114742,0.09999345207665494,2.57304825639002e-05,0.0,0.0,0.0,0.029056659039086552
2026-09-16T13:11:52.720962,65.25,-8.054033443847066,-1.065750367800538,0.0,-2.9917372685687225,0.0,0.0,-0.9971942334843844,0.07485760285696506,0.09999353438096895,2.566021149673123e-05,0.0,0.0,0.0,0.0307854996548783
2026-09-16T13:11:52.739461,65.27,-8.056010939023412,-1.066049556872523,0.0,-2.991127687420658,0.0,0.0,-0.9971713712746696,0.07516153477807035,0.09999361565103752,2.5603115662030845e-05,0.0,0.0,0.0,0.026873177535890344
2026-09-16T13:11:52.761784,65.29,-8.057988259120956,-1.0663499008737247,0.0,-2.9905918516776273,0.0,0.0,-0.9971511983680197,0.07542869210865515,0.09999369589943545,2.5529755085696598e-05,0.0,0.0,0.0,0.026733167351635927
2026-09-16T13:11:52.786459,65.31,-8.059965421240426,-1.0666512830317396,0.0,-2.990058456195721,0.0,0.0,-0.9971310462439418,0.07569462739496188,0.09999377513914581,2.5430679995276157e-05,0.0,0.0,0.0,0.027239506589569924
2026-09-16T13:11:52.804096,65.33,-8.060953942671077,-1.0668023722166795,0.0,-2.9897815875111102,0.0,0.0,-0.9971205579534727,0.07583266384979163,0.09999383771588893,2.517966456903139e-05,0.0,0.0,0.0,0.027697568224758856
2026-09-16T13:11:52.841252,65.35,-8.063919251379577,-1.0672572723687517,0.0,-2.988958788429303,0.0,0.0,-0.9970892760501415,0.07624287236066457,0.09999393084493768,2.5571027632235428e-05,0.0,0.0,0.0,0.02766131638922877
2026-09-16T13:11:52.861348,65.37,-8.065895917151577,-1.0675618993763487,0.0,-2.988402057850121,0.0,0.0,-0.9970680140503267,0.07652042444823123,0.09999400712653207,2.5477343736826824e-05,0.0,0.0,0.0,0.027560301307023735
2026-09-16T13:11:52.880397,65.39,-8.067872412065425,-1.067867626424055,0.0,-2.9879178122863097,0.0,0.0,-0.9970494574866887,0.07676183508423814,0.09999408245410968,2.5384395952331994e-05,0.0,0.0,0.0,0.02108973988108091
2026-09-16T13:11:52.900299,65.41,-8.069848781136832,-1.0681741659655115,0.0,-2.9875127786229463,0.0,0.0,-0.9970338914771315,0.07696375280589896,0.09999415683513661,2.5210753084297807e-05,0.0,0.0,0.0,0.02050572918124218
2026-09-16T13:11:52.924388,65.43,-8.071825023227367,-1.0684815230515197,0.0,-2.9870936151566037,0.0,0.0,-0.9970177393834363,0.07717271120507825,0.0999942302810851,2.503889728663927e-05,0.0,0.0,0.0,0.021126371654809156
2026-09-16T13:11:52.939567,65.45,-8.073801135963679,-1.0687897106797921,0.0,-2.986668277714303,0.0,0.0,-0.9970013046152087,0.0773847439458957,0.09999430280370684,2.4872704234616418e-05,0.0,0.0,0.0,0.02132677889486793
2026-09-16T13:11:52.959660,65.47,-8.075777117842236,-1.0690987361822413,0.0,-2.986241163399819,0.0,0.0,-0.996984755814454,0.07759765894402758,0.09999437441489185,2.4709561685703418e-05,0.0,0.0,0.0,0.02838692108503815
2026-09-16T13:11:52.982074,65.49,-8.07775295120766,-1.0694087097094924,0.0,-2.985679808851481,0.0,0.0,-0.9969629366442498,0.07787748684744211,0.09999444512609817,2.4590588502547594e-05,0.0,0.0,0.0,0.02836045456448214
2026-09-16T13:11:53.001135,65.51,-8.079728603698165,-1.069719833985672,0.0,-2.9851126797109626,0.0,0.0,-0.9969408132661259,0.07816018707932722,0.09999451494821107,2.4512487977448774e-05,0.0,0.0,0.0,0.02883211113509918
2026-09-16T13:11:53.022908,65.53,-8.081704077731763,-1.0700320893370845,0.0,-2.984533788301778,0.0,0.0,-0.9969181483747614,0.07844874403734674,0.09999458389297446,2.444030470828814e-05,0.0,0.0,0.0,0.029098978905014766
2026-09-16T13:11:53.041273,65.55,-8.083679370747074,-1.0703454877244776,0.0,-2.983954851799508,0.0,0.0,-0.9968953981875215,0.07873731689956803,0.09999465197099086,2.436950300617107e-05,0.0,0.0,0.0,0.029631446474700552
2026-09-16T13:11:53.062033,65.57,-8.085654480208179,-1.070660040813971,0.0,-2.983365583970346,0.0,0.0,-0.9968721562341378,0.07903103267135479,0.09999471919329606,2.4305039425552184e-05,0.0,0.0,0.0,0.02895028359888585
2026-09-16T13:11:53.082020,65.59,-8.087629406414678,-1.070975742414355,0.0,-2.9827992546102764,0.0,0.0,-0.9968497374716386,0.07931330848429566,0.09999478557064603,2.4237130075777635e-05,0.0,0.0,0.0,0.028679021190285512
2026-09-16T13:11:53.101438,65.61,-8.08960415251464,-1.0712925686141619,0.0,-2.982216435992767,0.0,0.0,-0.9968265825096322,0.07960379640549452,0.09999485111351852,2.4164073445051386e-05,0.0,0.0,0.0,0.02843553839839688
2026-09-16T13:11:53.120480,65.63,-8.091578715730497,-1.0716105325953995,0.0,-2.98164274776423,0.0,0.0,-0.9968037076202539,0.0798897269648306,0.09999491583282971,2.408698811449978e-05,0.0,0.0,0.0,0.029463258144016707
2026-09-16T13:11:53.142490,65.65,-8.093553092998778,-1.0719296491449155,0.0,-2.981052421928197,0.0,0.0,-0.9967800837143245,0.08018394297154706,0.09999497973836298,2.4020543555521885e-05,0.0,0.0,0.0,0.029816977064458988
2026-09-16T13:11:53.159252,65.67,-8.095527281491982,-1.0722499314391283,0.0,-2.9804616056837316,0.0,0.0,-0.996756353234158,0.080478396401409,0.09999504284091558,2.3956151068034725e-05,0.0,0.0,0.0,0.03223239919645001
2026-09-16T13:11:53.181085,65.69,-8.097501273632584,-1.072571421649126,0.0,-2.9798219566684736,0.0,0.0,-0.9967305632931283,0.0807971793898979,0.0999951051500122,2.3909153792608468e-05,0.0,0.0,0.0,0.03222514560773311
2026-09-16T13:11:53.201370,65.7,-8.098488228071654,-1.0727325730973716,0.0,-2.9795006779597104,0.0,0.0,-0.9967175712261338,0.0809572925009034,0.09999999997247558,2.3801269555630053e-05,0.0,0.0,0.0,0.03202431622816408
2026-09-16T13:11:53.226825,65.73,-8.101448632975229,-1.0732182262745447,0.0,-2.978529716401372,0.0,0.0,-0.9966781505592642,0.0814411701645097,0.09999522742887848,2.384297331599885e-05,0.0,0.0,0.0,0.03260514462393918
2026-09-16T13:11:53.241323,65.75,-8.103421996043407,-1.0735435554896875,0.0,-2.9778726235853026,0.0,0.0,-0.9966513395637361,0.08176862078945997,0.0999952874177844,2.3814634593925002e-05,0.0,0.0,0.0,0.0331492620951529
2026-09-16T13:11:53.261831,65.77,-8.105395146075908,-1.0738701742752057,0.0,-2.9772198128207896,0.0,0.0,-0.9966245967544323,0.08209392878931647,0.09999534665279695,2.3786077293387344e-05,0.0,0.0,0.0,0.025419160616722412
2026-09-16T13:11:53.281793,65.79,-8.107368099591168,-1.0741979780877298,0.0,-2.976712602613841,0.0,0.0,-0.9966037452661215,0.08234667523063409,0.09999540514339426,2.3713828358598865e-05,0.0,0.0,0.0,0.02599049317038883
2026-09-16T13:11:53.301867,65.81,-8.109340891389458,-1.0745267536726595,0.0,-2.9762002158230185,0.0,0.0,-0.9965826158859531,0.08260199582280608,0.09999546289850589,2.3602900942422956e-05,0.0,0.0,0.0,0.025818254706418728
2026-09-16T13:11:53.320088,65.83,-8.111313512703134,-1.0748565505862264,0.0,-2.9756755481031165,0.0,0.0,-0.9965609122938616,0.08286343034189728,0.099995519927802,2.349478353340466e-05,0.0,0.0,0.0,0.026603763210526064
2026-09-16T13:11:53.349235,65.86,-8.114272155702546,-1.0753531038295774,0.0,-2.974876225423057,0.0,0.0,-0.9965277153952022,0.08326171058306873,0.09999999997433626,2.322637589291972e-05,0.0,0.0,0.0,0.0269206530406413
2026-09-16T13:11:53.362053,65.87,-8.115258230539972,-1.075519274789038,0.0,-2.974610174131581,0.0,0.0,-0.9965166306352307,0.08339427358882194,0.09999563184490386,2.3294517703813074e-05,0.0,0.0,0.0,0.04250378971442144
2026-09-16T13:11:53.381424,65.89,-8.117230283414129,-1.075852453664923,0.0,-2.973753633928941,0.0,0.0,-0.9964808239741362,0.08382104420625285,0.09999568675061658,2.328992333029198e-05,0.0,0.0,0.0,0.04270391355702105
2026-09-16T13:11:53.412842,65.91,-8.119202036010797,-1.0761874051992144,0.0,-2.972892550414551,0.0,0.0,-0.9964446431586559,0.08425006302916901,0.09999574096618825,2.3378035887120975e-05,0.0,0.0,0.0,0.043039118996681926
2026-09-16T13:11:53.431049,65.93,-8.121173497086492,-1.0765240683112876,0.0,-2.97202200612556,0.0,0.0,-0.996407877060089,0.08468377963108625,0.09999579450029364,2.3472641335858052e-05,0.0,0.0,0.0,0.043786677101059136
2026-09-16T13:11:53.453329,65.95,-8.123144664976046,-1.076862443778757,0.0,-2.971149237202384,0.0,0.0,-0.9963708275020112,0.08511858846901355,0.09999584736149851,2.35667204443588e-05,0.0,0.0,0.0,0.04376360985386312
2026-09-16T13:11:53.473927,65.97,-8.125115535983552,-1.077202544150873,0.0,-2.970273149574461,0.0,0.0,-0.9963334462390689,0.08555503436607587,0.09999589955826096,2.365953855767003e-05,0.0,0.0,0.0,0.040974568191253447
2026-09-16T13:11:53.493262,65.99,-8.127086115548677,-1.0775443291299749,0.0,-2.969455907907026,0.0,0.0,-0.9962984034911827,0.085962149815605,0.0999959510989328,2.373630991213676e-05,0.0,0.0,0.0,0.04093640051081204
2026-09-16T13:11:53.524313,66.01,-8.129056418131826,-1.0778877071603568,0.0,-2.9686362502206025,0.0,0.0,-0.9962630900547703,0.08637045440728397,0.09999600199161775,2.3790246194196453e-05,0.0,0.0,0.0,0.041042580913826066
2026-09-16T13:11:53.533741,66.03,-8.131026437452197,-1.0782327065883222,0.0,-2.9678106373379567,0.0,0.0,-0.9962273508896876,0.08678171085727222,0.09999605224488795,2.384488681858443e-05,0.0,0.0,0.0,0.04120107659593241
2026-09-16T13:11:53.563610,66.05,-8.132996170171179,-1.0785793385701803,0.0,-2.9669801319245206,0.0,0.0,-0.9961912286582603,0.08719538946725292,0.09999610186621205,2.390040172989438e-05,0.0,0.0,0.0,0.04202903433220238
2026-09-16T13:11:53.576677,66.07,-8.134965612875257,-1.0789276145208493,0.0,-2.9661433771882266,0.0,0.0,-0.9961546608952977,0.08761216568818722,0.09999615086410184,2.3961333537418594e-05,0.0,0.0,0.0,0.04230649907512497
2026-09-16T13:11:53.592291,66.09,-8.136934763268666,-1.0792775393989356,0.0,-2.9653109945881386,0.0,0.0,-0.9961181112006506,0.088026748991702,0.09999619924582512,2.4024154835320308e-05,0.0,0.0,0.0,0.041619937028939596
2026-09-16T13:11:53.623079,66.11,-8.13890362095963,-1.0796291074138225,0.0,-2.9644731038561076,0.0,0.0,-0.9960811453862107,0.088444060321169,0.09999624701969538,2.4081610120115612e-05,0.0,0.0,0.0,0.04256183966294048
2026-09-16T13:11:53.637106,66.13,-8.140872181573213,-1.0799823350645255,0.0,-2.963619478588862,0.0,0.0,-0.9960433056174791,0.08886919226934152,0.09999629419292755,2.4144391786983425e-05,0.0,0.0,0.0,0.042668336176049766
2026-09-16T13:11:53.652928,66.15,-8.142840441364916,-1.080337235110608,0.0,-2.962769585235343,0.0,0.0,-0.9960054510181061,0.08929244952524833,0.09999634077306961,2.4203464171531742e-05,0.0,0.0,0.0,0.04279828785770105
2026-09-16T13:11:53.673576,66.17,-8.144808397579618,-1.0806938146628808,0.0,-2.961912030251283,0.0,0.0,-0.9959670728688463,0.08971950602328362,0.09999638676800374,2.4264722292835612e-05,0.0,0.0,0.0,0.03119779056374551
2026-09-16T13:11:53.693125,66.19,-8.146776078481157,-1.0810519104011098,0.0,-2.9612884060339364,0.0,0.0,-0.9959390488235966,0.09003005624984194,0.09999643218451756,2.4256414021841553e-05,0.0,0.0,0.0,0.03138254148738309
2026-09-16T13:11:53.713520,66.21,-8.148743545137782,-1.08141118124152,0.0,-2.9606625084188885,0.0,0.0,-0.9959108252556927,0.09034172977381558,0.09999647703030672,2.41801902276069e-05,0.0,0.0,0.0,0.03155310060832796
2026-09-16T13:11:53.732443,66.23,-8.150710783845257,-1.0817716981482177,0.0,-2.960023401196362,0.0,0.0,-0.9958819053817143,0.09065997205650518,0.0999965213124037,2.4109607092429122e-05,0.0,0.0,0.0,0.0321561710161105
2026-09-16T13:11:53.754960,66.25,-8.152677791648667,-1.082133472752003,0.0,-2.9593814165521275,0.0,0.0,-0.9958527529213816,0.090979637825755,0.09999656503803694,2.404277782780477e-05,0.0,0.0,0.0,0.03238182188149188
2026-09-16T13:11:53.777399,66.27,-8.154644565429862,-1.0824965174419934,0.0,-2.95873622512583,0.0,0.0,-0.9958233514625455,0.09130089091516853,0.09999660821377368,2.3979597237118446e-05,0.0,0.0,0.0,0.03266207846279972
2026-09-16T13:11:53.794078,66.29,-8.156611102924922,-1.0828608398633475,0.0,-2.958072831877905,0.0,0.0,-0.9957930124842578,0.09163119713027187,0.09999665084709433,2.3922177526421964e-05,0.0,0.0,0.0,0.0336002399657431
2026-09-16T13:11:53.825713,66.31,-8.158577394469297,-1.0832264873716897,0.0,-2.957399216483413,0.0,0.0,-0.9957620939112471,0.09196658267810402,0.09999669294424837,2.3876395496600215e-05,0.0,0.0,0.0,0.034380212064707705
2026-09-16T13:11:53.843867,66.33,-8.160543438313786,-1.0835934643847105,0.0,-2.9567220732165285,0.0,0.0,-0.9957308995632449,0.09230371419921928,0.09999673451240063,2.3835135194420408e-05,0.0,0.0,0.0,0.03437830890931042
2026-09-16T13:11:53.873196,66.35,-8.162509230949139,-1.0839617846697842,0.0,-2.956030950257174,0.0,0.0,-0.9956989435043463,0.09264779492426517,0.09999677555820223,2.379723087594057e-05,0.0,0.0,0.0,0.034562588820826905
2026-09-16T13:11:53.883092,66.37,-8.164474769137277,-1.0843314603922178,0.0,-2.9553391946036083,0.0,0.0,-0.9956668391285565,0.09299217956231184,0.09999681608779168,2.3759209229299157e-05,0.0,0.0,0.0,0.046658817086806664
2026-09-16T13:11:53.905002,66.39,-8.166440016632034,-1.0847026782659084,0.0,-2.9544028999626097,0.0,0.0,-0.9956231959843342,0.09345828811796211,0.09999685610808261,2.3794445252513007e-05,0.0,0.0,0.0,0.047338461447670024
2026-09-16T13:11:53.925402,66.41,-8.16840490304186,-1.0850758028426613,0.0,-2.9534538929922443,0.0,0.0,-0.995578737618517,0.09393070425542455,0.0999968956254788,2.3902561898367783e-05,0.0,0.0,0.0,0.04735665632271854
2026-09-16T13:11:53.946064,66.43,-8.170369434342938,-1.085450792596393,0.0,-2.9525072907888466,0.0,0.0,-0.9955341686026172,0.09440190223028143,0.0999969346458742,2.4011227951457455e-05,0.0,0.0,0.0,0.047555498114046885
2026-09-16T13:11:53.964673,66.45,-8.172333608528112,-1.0858276484086766,0.0,-2.951551451864449,0.0,0.0,-0.9954889384044999,0.09487767658560047,0.09999697317594136,2.4119121328578722e-05,0.0,0.0,0.0,0.04762924430727842
2026-09-16T13:11:53.983417,66.47,-8.17429742128389,-1.0862063831207982,0.0,-2.9505953924646056,0.0,0.0,-0.9954434703181817,0.09535353900561513,0.09999701122170228,2.422535455156297e-05,0.0,0.0,0.0,0.05172378126811081
2026-09-16T13:11:54.004004,66.49,-8.17626085949848,-1.0865870547284533,0.0,-2.9495648687106146,0.0,0.0,-0.9953942061343389,0.09586644039594396,0.09999704878924433,2.4356970980962495e-05,0.0,0.0,0.0,0.051418240277907014
2026-09-16T13:11:54.029058,66.51,-8.178223901799733,-1.086969762785942,0.0,-2.9485395680905433,0.0,0.0,-0.9953449293761585,0.09637671692462925,0.09999708588457866,2.45029565038672e-05,0.0,0.0,0.0,0.05153600249675681
2026-09-16T13:11:54.042755,66.53,-8.180186549406129,-1.0873544898210392,0.0,-2.9475016766344844,0.0,0.0,-0.9952947810673586,0.0968932339231112,0.09999712251364068,2.4648376043961922e-05,0.0,0.0,0.0,0.05173613423289636
2026-09-16T13:11:54.067427,66.55,-8.18214879565344,-1.0877412587118482,0.0,-2.9464605461541877,0.0,0.0,-0.9952442069634985,0.0974113366379756,0.09999715868229128,2.4793293958370786e-05,0.0,0.0,0.0,0.05224338051575925
2026-09-16T13:11:54.083794,66.57,-8.184110637555365,-1.0881300733789012,0.0,-2.9454143841613782,0.0,0.0,-0.9951931167905562,0.09793191661914066,0.09999719439631762,2.4937617664851623e-05,0.0,0.0,0.0,0.08206509179009361
2026-09-16T13:11:54.104977,66.59,-8.186071984192647,-1.0885213784888241,0.0,-2.943778996969542,0.0,0.0,-0.9951127057940305,0.0987456468270035,0.09999722966143271,2.5255948347306193e-05,0.0,0.0,0.0,0.08201466810572847
2026-09-16T13:11:54.125753,66.61,-8.18803265728264,-1.0889160455483382,0.0,-2.9421324370261996,0.0,0.0,-0.9950310732512342,0.09956486963029225,0.09999726448342344,2.574294112024103e-05,0.0,0.0,0.0,0.08212569804321022
2026-09-16T13:11:54.144559,66.63,-8.1899926779184,-1.0893139401689025,0.0,-2.9404832765896094,0.0,0.0,-0.994948635761622,0.10038531862821008,0.09999729886743261,2.622185415053335e-05,0.0,0.0,0.0,0.08256836843766958
2026-09-16T13:11:54.162927,66.65,-8.191952038533984,-1.089715072277335,0.0,-2.9388308769026676,0.0,0.0,-0.9948653578574952,0.1012073106800003,0.09999733281939088,2.669677980524814e-05,0.0,0.0,0.0,0.0826269988397796
2026-09-16T13:11:54.186292,66.67,-8.193910731895288,-1.0901194499147515,0.0,-2.937169584353797,0.0,0.0,-0.9947809471763865,0.10203365687287365,0.09999736634458774,2.7166076961157123e-05,0.0,0.0,0.0,0.07397030479272
2026-09-16T13:11:54.203401,66.69,-8.195868778535031,-1.0905269475255168,0.0,-2.9356907767206177,0.0,0.0,-0.994705231175634,0.10276917374304649,0.09999739944838794,2.7576182084347815e-05,0.0,0.0,0.0,0.07370614684039803
2026-09-16T13:11:54.225185,66.71,-8.197826227379144,-1.0909373067458337,0.0,-2.9342043414691843,0.0,0.0,-0.9946285765974948,0.1035084277517607,0.09999743213608772,2.7927304194427818e-05,0.0,0.0,0.0,0.07432696227809123
2026-09-16T13:11:54.246272,66.73,-8.199783062877108,-1.0913505808402126,0.0,-2.9327128642967804,0.0,0.0,-0.9945511098066653,0.10425013180965446,0.09999746441291724,2.8277197482459358e-05,0.0,0.0,0.0,0.0749161831627295
2026-09-16T13:11:54.268261,66.75,-8.20173927867598,-1.091766778350524,0.0,-2.9312146634102967,0.0,0.0,-0.9944727369471248,0.10499512116710304,0.09999749628389795,2.8625476183059653e-05,0.0,0.0,0.0,0.0753163938539889
2026-09-16T13:11:54.286164,66.77,-8.203694868259463,-1.0921859083746392,0.0,-2.9297143613010856,0.0,0.0,-0.9943936949455195,0.1057410963277616,0.09999752775455846,2.8970195929346697e-05,0.0,0.0,0.0,0.0750839387361771
2026-09-16T13:11:54.304413,66.79,-8.205649826745951,-1.0926079722221569,0.0,-2.9282195705369456,0.0,0.0,-0.9943143868117119,0.10648427198065177,0.0999975588293622,2.9309441695888266e-05,0.0,0.0,0.0,0.07511493981938082
2026-09-16T13:11:54.351505,66.81,-8.207604150099412,-1.0930329672434749,0.0,-2.9267081574261877,0.0,0.0,-0.9942336320343106,0.10723565140317455,0.09999758951371032,2.9641829531559755e-05,0.0,0.0,0.0,0.07571645461088035
2026-09-16T13:11:54.367503,66.83,-8.209557830366276,-1.0934609087562421,0.0,-2.925202522769213,0.0,0.0,-0.9941526214523744,0.10798409725219751,0.09999761981236949,2.997159803162454e-05,0.0,0.0,0.0,0.07562162239869509
2026-09-16T13:11:54.384699,66.85,-8.2115108628277,-1.093891797024247,0.0,-2.923691543867849,0.0,0.0,-0.9940707569004155,0.10873513818189226,0.09999764973033062,3.0295090665477046e-05,0.0,0.0,0.0,0.07625110646762934
2026-09-16T13:11:54.405069,66.87,-8.213463240525876,-1.0943256423848613,0.0,-2.922173421868655,0.0,0.0,-0.9939879339270116,0.10948966712667893,0.09999767927209471,3.061803816073432e-05,0.0,0.0,0.0,0.07554554943817832
2026-09-16T13:11:54.424579,66.89,-8.21541495760654,-1.0947624499968465,0.0,-2.920462447059251,0.0,0.0,-0.9938939031779286,0.11033997111537702,0.09999770844238867,3.0931420362707065e-05,0.0,0.0,0.0,0.09525934863550645
2026-09-16T13:11:54.462273,66.91,-8.217365841424215,-1.0952029647669668,0.0,-2.918566673588551,0.0,0.0,-0.9937888668971248,0.11128202025183112,0.09999773724616462,3.146497394200056e-05,0.0,0.0,0.0,0.09565898766542923
2026-09-16T13:11:54.483384,66.93,-8.219315881999364,-1.0956471974178628,0.0,-2.9166573006907024,0.0,0.0,-0.9936821745939409,0.11223072615935788,0.0999977656878895,3.199616631757869e-05,0.0,0.0,0.0,0.09560209859965944
2026-09-16T13:11:54.504339,66.95,-8.221265069597951,-1.0960951578618572,0.0,-2.914742419780695,0.0,0.0,-0.9935742649225117,0.11318206608686152,0.09999779377225723,3.25191088132386e-05,0.0,0.0,0.0,0.09600764749590204
2026-09-16T13:11:54.523877,66.97,-8.223213394907518,-1.0965468538911851,0.0,-2.9128236235576472,0.0,0.0,-0.9934652210136414,0.11413524712513934,0.09999782150333239,3.303622632269701e-05,0.0,0.0,0.0,0.0787087413996942
2026-09-16T13:11:54.543456,66.99,-8.225157473419822,-1.097001234189189,0.0,-2.9112488645599863,0.0,0.0,-0.9933750453116972,0.11491744581212845,0.0998206369543343,3.344250361608946e-05,0.0,0.0,0.0,0.07890961596365131
2026-09-16T13:11:54.562835,67.01,-8.227099830964042,-1.09745834963542,0.0,-2.909670856465611,0.0,0.0,-0.9932840657896971,0.11570118689230739,0.0997676075920737,3.373960157508068e-05,0.0,0.0,0.0,0.07906378837662142
2026-09-16T13:11:54.581717,67.03,-8.229041158211732,-1.097918458394037,0.0,-2.9080904540327994,0.0,0.0,-0.9931923284683999,0.11648604496469946,0.0997517591381859,3.4031702284026295e-05,0.0,0.0,0.0,0.07894170325960656
2026-09-16T13:11:54.605936,67.05,-8.230981755910046,-1.0983816366623689,0.0,-2.906506089411079,0.0,0.0,-0.9930997386534646,0.11727279772573158,0.09975180439495282,3.4318660408386295e-05,0.0,0.0,0.0,0.07937783768991756
2026-09-16T13:11:54.622925,67.07,-8.232921450895631,-1.0988478521840581,0.0,-2.9049222774368233,0.0,0.0,-0.993006558238624,0.11805920250061927,0.09974566429354549,3.460324908076329e-05,0.0,0.0,0.0,0.09449780560700209
2026-09-16T13:11:54.643358,67.09,-8.234804883226087,-1.0993039446166795,0.0,-2.9030299826396613,0.0,0.0,-0.9928944123807952,0.11899868008929942,0.09687651708205566,3.494942369437943e-05,0.0,0.0,0.0,0.0936647780922209
2026-09-16T13:11:54.666088,67.1,-8.235738332215286,-1.099531527149766,0.0,-2.9020948114257332,0.0,0.0,-0.992838661771387,0.11946293020013092,0.09606846673728593,3.527277622058007e-05,0.0,0.0,0.0,0.09377360229089597
2026-09-16T13:11:54.681978,67.13,-8.238532362142573,-1.100217850828207,0.0,-2.8992848879853876,0.0,0.0,-0.9926698410920823,0.12085771215036334,0.09579960586866117,3.574553395937427e-05,0.0,0.0,0.0,0.09339758817577587
2026-09-16T13:11:54.710717,67.15,-8.240391120313628,-1.1006791256214157,0.0,-2.897408197863095,0.0,0.0,-0.992555997852803,0.12178912564932225,0.09572931225160444,3.6127083179059135e-05,0.0,0.0,0.0,0.09422264716282162
2026-09-16T13:11:54.727473,67.17,-8.242248614901685,-1.1011437889148683,0.0,-2.8955263707739505,0.0,0.0,-0.9924409654678454,0.12272298098258035,0.09570910973966812,3.6503372844214994e-05,0.0,0.0,0.0,0.09299082641766503
2026-09-16T13:11:54.742236,67.19,-8.244046720311484,-1.1015971917702487,0.0,-2.893668721393618,0.0,0.0,-0.9923265492524735,0.12364473158480373,0.09267806423436017,3.684323143135419e-05,0.0,0.0,0.0,0.09197761074898703
2026-09-16T13:11:54.778085,67.21,-8.24582760104124,-1.102049739631452,0.0,-2.89183061076542,0.0,0.0,-0.9922124938302807,0.12455668222578566,0.09182446276982816,3.7148367080365796e-05,0.0,0.0,0.0,0.09183536982089227
2026-09-16T13:11:54.798310,67.23,-8.247603034177537,-1.1025043685102087,0.0,-2.8899955160809734,0.0,0.0,-0.992097789525175,0.1254670316029734,0.09158441337997197,3.743672621483014e-05,0.0,0.0,0.0,0.09198339105877584
2026-09-16T13:11:54.828029,67.25,-8.249376329311328,-1.1029619225343072,0.0,-2.888156526675074,0.0,0.0,-0.9919820038757958,0.1263792070973723,0.09151724242368346,3.771821939329007e-05,0.0,0.0,0.0,0.09233940946565058
2026-09-16T13:11:54.849454,67.27,-8.251148411635691,-1.1034226502786968,0.0,-2.8863116579275703,0.0,0.0,-0.9918650053362139,0.12729419149903226,0.0914987786065984,3.799874898743204e-05,0.0,0.0,0.0,0.09736199915303026
2026-09-16T13:11:54.870420,67.29,-8.252925389777605,-1.1038882274703612,0.0,-2.8843595101892348,0.0,0.0,-0.9917402843370492,0.1282622642208873,0.09179888337181308,3.830429273343787e-05,0.0,0.0,0.0,0.09783778677201307
2026-09-16T13:11:54.890233,67.31,-8.254703069480529,-1.1043577250801824,0.0,-2.882404750363352,0.0,0.0,-0.9916144497057964,0.12923150983669032,0.0918841534841945,3.8634590665369226e-05,0.0,0.0,0.0,0.09773894585301092
2026-09-16T13:11:54.911301,67.33,-8.256479824170857,-1.104830700653956,0.0,-2.8804437352108754,0.0,0.0,-0.9914872605850145,0.1302037330402769,0.09188474745711933,3.896062145957733e-05,0.0,0.0,0.0,0.0982744903235752
2026-09-16T13:11:54.927632,67.35,-8.258256465957468,-1.1053073867388377,0.0,-2.8784753994933125,0.0,0.0,-0.9913586381060623,0.13117945972023734,0.09191603482023863,3.9285558393200365e-05,0.0,0.0,0.0,0.09845960239930424
2026-09-16T13:11:54.949484,67.37,-8.260031972723047,-1.1057875145918197,0.0,-2.876511923709729,0.0,0.0,-0.991229376540224,0.1321526506872968,0.09191852438844521,3.960355424997862e-05,0.0,0.0,0.0,0.09884800151743972
2026-09-16T13:11:54.972423,67.39,-8.261733997376398,-1.106251398611684,0.0,-2.8745313971084463,0.0,0.0,-0.9910980246312222,0.13313416380512244,0.08814285529585521,3.988881054557104e-05,0.0,0.0,0.0,0.09775921669701529
2026-09-16T13:11:54.987821,67.41,-8.263415565249375,-1.106713261118089,0.0,-2.8725695141585255,0.0,0.0,-0.9909669509890515,0.13410630875340218,0.087119699915062,4.0146025983791946e-05,0.0,0.0,0.0,0.09791127068764734
2026-09-16T13:11:55.011166,67.43,-8.265096258983009,-1.1071784158013802,0.0,-2.870613215825142,0.0,0.0,-0.9908353009692569,0.1350755579413322,0.08712062590814071,4.038844816105435e-05,0.0,0.0,0.0,0.09741843596403515
2026-09-16T13:11:55.028985,67.45,-8.266766613967814,-1.107644225900116,0.0,-2.8686647487164136,0.0,0.0,-0.9907032356329308,0.13604079868348887,0.08676856250859133,4.0617254895288464e-05,0.0,0.0,0.0,0.09755248888158957
2026-09-16T13:11:55.049268,67.47,-8.268438333269398,-1.1081139322184734,0.0,-2.8667050236515252,0.0,0.0,-0.9905694587705489,0.1370114862010548,0.08674907548867461,4.084282373564513e-05,0.0,0.0,0.0,0.09935674566098103
2026-09-16T13:11:55.070720,67.49,-8.270109068276595,-1.1085869155816124,0.0,-2.8647093906159906,0.0,0.0,-0.9904322533450206,0.13799982439809416,0.08674706478035235,4.107103522151271e-05,0.0,0.0,0.0,0.10010937586925533
2026-09-16T13:11:55.087294,67.51,-8.271778838512867,-1.1090632361121644,0.0,-2.8627148008939822,0.0,0.0,-0.99029413431169,0.1389875086036892,0.08674718046945637,4.1307319911591246e-05,0.0,0.0,0.0,0.10035349054458508
2026-09-16T13:11:55.111964,67.53,-8.27344764871481,-1.1095428936606324,0.0,-2.860711167379621,0.0,0.0,-0.9901543973720393,0.13997953194954568,0.08674786447962156,4.1542336415685595e-05,0.0,0.0,0.0,0.10041066310710157
2026-09-16T13:11:55.129476,67.55,-8.275115493446828,-1.1100258932199933,0.0,-2.858705887271931,0.0,0.0,-0.9900135506154347,0.14097222988170402,0.08674869440364308,4.177241257388904e-05,0.0,0.0,0.0,0.10001583283508063
2026-09-16T13:11:55.149632,67.57,-8.276782365070483,-1.1105122391027393,0.0,-2.856697188075521,0.0,0.0,-0.9898714659145388,0.14196647832570244,0.08674955579584383,4.19963141895093e-05,0.0,0.0,0.0,0.0799557708339732
2026-09-16T13:11:55.173435,67.6,-8.279207149402458,-1.1112255240955227,0.0,-2.854312156050429,0.0,0.0,-0.9897014648107461,0.14314681467452772,0.08382227421325072,4.198244593887893e-05,0.0,0.0,0.0,0.07899624802024212
2026-09-16T13:11:55.190774,67.61,-8.280010489406182,-1.1114633119569397,0.0,-2.8535206692525956,0.0,0.0,-0.9896447379052649,0.1435384712765872,0.08373643812181758,4.207369225277791e-05,0.0,0.0,0.0,0.07927670328339233
2026-09-16T13:11:55.213439,67.63,-8.281617483058206,-1.1119408660638097,0.0,-2.851943613360943,0.0,0.0,-0.989531246152275,0.14431878910358806,0.08373751578141822,4.204634453953189e-05,0.0,0.0,0.0,0.07925422763776514
2026-09-16T13:11:55.229873,67.65,-8.283218137393265,-1.1124192947648226,0.0,-2.850357401919059,0.0,0.0,-0.9894164748911815,0.1451035465242257,0.08352880620881609,4.201761032399866e-05,0.0,0.0,0.0,0.07960128137517758
2026-09-16T13:11:55.249316,67.67,-8.284819397876854,-1.1129006683206748,0.0,-2.8487732104798567,0.0,0.0,-0.9893012286174356,0.14588721347682365,0.08351832515314975,4.198922177956535e-05,0.0,0.0,0.0,0.09679400224196452
2026-09-16T13:11:55.269566,67.69,-8.286383611941998,-1.113373848088742,0.0,-2.8468294827528045,0.0,0.0,-0.989158978921777,0.146848610543061,0.08161874311847725,4.2030389075968596e-05,0.0,0.0,0.0,0.09647599544318676
2026-09-16T13:11:55.304496,67.71,-8.287937612044777,-1.1138472992430994,0.0,-2.844897524443709,0.0,0.0,-0.9890166647473149,0.14780404883526477,0.08112990143610273,4.214475666000984e-05,0.0,0.0,0.0,0.09662682568905492
2026-09-16T13:11:55.325602,67.73,-8.289490710845133,-1.114323751314669,0.0,-2.8429660076868943,0.0,0.0,-0.9888734605484113,0.14875913088953438,0.08113111579210651,4.225249999607357e-05,0.0,0.0,0.0,0.09682254568361881
2026-09-16T13:11:55.360560,67.75,-8.29103866294622,-1.1148019025432458,0.0,-2.8410307932883336,0.0,0.0,-0.9887290572417424,0.1497159021809479,0.08097340070988397,4.235697745500743e-05,0.0,0.0,0.0,0.09699106945529697
2026-09-16T13:11:55.377971,67.77,-8.292586731342428,-1.1152833713677,0.0,-2.839093423127335,0.0,0.0,-0.9885835658163601,0.15067359887455553,0.0809661995480385,4.2458803790758066e-05,0.0,0.0,0.0,0.09649192502162911
2026-09-16T13:11:55.400603,67.79,-8.294133864136331,-1.1157678388434282,0.0,-2.8371152652372618,0.0,0.0,-0.9884340542021169,0.1516513122052251,0.0809673825969682,4.255595256906861e-05,0.0,0.0,0.0,0.10077107482711103
2026-09-16T13:11:55.418281,67.81,-8.295624856083434,-1.11623808018955,0.0,-2.8350966593255276,0.0,0.0,-0.9882804886553195,0.15264886420541407,0.07889155448927523,4.2676011220558976e-05,0.0,0.0,0.0,0.10079061928847335
2026-09-16T13:11:55.440054,67.83,-8.297128667621237,-1.1167156639534253,0.0,-2.8330771718255017,0.0,0.0,-0.9881258486282604,0.15364669626347413,0.07878707381993665,4.278322001044868e-05,0.0,0.0,0.0,0.10082589985141469
2026-09-16T13:11:55.461979,67.85,-8.298631008587478,-1.1171961211888923,0.0,-2.8310573647193613,0.0,0.0,-0.9879701764128664,0.1546445295467305,0.0787616597184535,4.288627034442608e-05,0.0,0.0,0.0,0.10103142932638554
2026-09-16T13:11:55.480442,67.87,-8.300132248060509,-1.1176795735036016,0.0,-2.829034056736881,0.0,0.0,-0.987813224118081,0.1556439342134533,0.07875620389307326,4.2987957022004735e-05,0.0,0.0,0.0,0.10533824412900811
2026-09-16T13:11:55.499427,67.89,-8.3015425257809,-1.1181369586532242,0.0,-2.826924614507671,0.0,0.0,-0.9876485137649864,0.15668571491304936,0.07400671972778011,4.3063812512930856e-05,0.0,0.0,0.0,0.10355195000268337
2026-09-16T13:11:55.529305,67.91,-8.302930637939197,-1.1185903673914994,0.0,-2.8248528231346515,0.0,0.0,-0.9874856738249753,0.1577087314971321,0.07288017040651053,4.312279849805696e-05,0.0,0.0,0.0,0.10314713188697447
2026-09-16T13:11:55.549284,67.93,-8.304312780033325,-1.1190449819685704,0.0,-2.8227858777547574,0.0,0.0,-0.9873221588372288,0.15872918656943313,0.0726139608953161,4.316425735742154e-05,0.0,0.0,0.0,0.10323474130200153
2026-09-16T13:11:55.568900,67.95,-8.305692786512921,-1.1195020529265054,0.0,-2.8207212088329934,0.0,0.0,-0.9871577711553967,0.1597483484969701,0.07255204180505048,4.320084181457864e-05,0.0,0.0,0.0,0.10331250067491357
2026-09-16T13:11:55.588253,67.97,-8.307071562118336,-1.1199618798349789,0.0,-2.81865884229132,0.0,0.0,-0.9869925165184753,0.16076620396254726,0.0725386197293613,4.323606452513749e-05,0.0,0.0,0.0,0.10762163519122256
2026-09-16T13:11:55.615844,67.99,-8.308494543309152,-1.1204397588301946,0.0,-2.8165030093083105,0.0,0.0,-0.9868186506143031,0.1618300058696345,0.07493395047147755,4.3312788803458364e-05,0.0,0.0,0.0,0.10878086764792694
2026-09-16T13:11:55.629232,68.01,-8.309927479226372,-1.1209244549780857,0.0,-2.814328111091326,0.0,0.0,-0.9866420852744262,0.162903025034319,0.07552247697328225,4.3421710086587786e-05,0.0,0.0,0.0,0.10909095052001021
2026-09-16T13:11:55.651203,68.03,-8.311359337858054,-1.121412266476963,0.0,-2.8121475102436952,0.0,0.0,-0.9864638856345753,0.16397866427903235,0.07552387123861096,4.353551834492845e-05,0.0,0.0,0.0,0.1090465499430134
2026-09-16T13:11:55.670902,68.05,-8.312794858503382,-1.1219048219109375,0.0,-2.8099695460982814,0.0,0.0,-0.9862847309293601,0.16505280832388078,0.07570454138516114,4.364816084877888e-05,0.0,0.0,0.0,0.11083596880873081
2026-09-16T13:11:55.688045,68.07,-8.314228098035287,-1.1224001190166624,0.0,-2.807751254567721,0.0,0.0,-0.9861010566776847,0.16614664010792887,0.0757145466423224,4.377040819672032e-05,0.0,0.0,0.0,0.10637800196003853
2026-09-16T13:11:55.710617,68.09,-8.315641601695946,-1.1228920593358136,0.0,-2.8056254807632213,0.0,0.0,-0.9859239046100976,0.1671946599577249,0.07472393154571802,4.386423303370839e-05,0.0,0.0,0.0,0.10587305403628597
2026-09-16T13:11:55.728573,68.11,-8.31704958323242,-1.1233854096008404,0.0,-2.803510358330286,0.0,0.0,-0.9857465347088779,0.16823724114903627,0.07448520582667469,4.3928080034632517e-05,0.0,0.0,0.0,0.10605102678239345
2026-09-16T13:11:55.748862,68.13,-8.318455432457187,-1.1238813591099417,0.0,-2.801385301158935,0.0,0.0,-0.9855672214270176,0.16928452985618073,0.07442847265862061,4.3989914454153176e-05,0.0,0.0,0.0,0.10601393674498777
2026-09-16T13:11:55.768837,68.15,-8.319859964449211,-1.1243801958784068,0.0,-2.799262919427232,0.0,0.0,-0.9853870233275102,0.1703303092750931,0.07441577975872093,4.404699709800786e-05,0.0,0.0,0.0,0.10638312304780033
2026-09-16T13:11:55.790386,68.17,-8.321263370551728,-1.1248819911877328,0.0,-2.797140538063508,0.0,0.0,-0.9852057155896383,0.17137589669935674,0.07441373426763159,4.410387270428013e-05,0.0,0.0,0.0,0.10705970651583288
2026-09-16T13:11:55.810427,68.19,-8.322584305721442,-1.1253575012462993,0.0,-2.7949976569983823,0.0,0.0,-0.9850215310421959,0.1724313874655313,0.07006959035219065,4.412245043298182e-05,0.0,0.0,0.0,0.1051581818423068
2026-09-16T13:11:55.841670,68.21,-8.323885813326227,-1.125829135833654,0.0,-2.7928912422850876,0.0,0.0,-0.9848393787545585,0.1734687235623047,0.06908031503691307,4.411304920092678e-05,0.0,0.0,0.0,0.10485049857208413
2026-09-16T13:11:55.860099,68.23,-8.325182132241393,-1.1263019687533486,0.0,-2.7907902755638445,0.0,0.0,-0.9846566093877761,0.17450318503961057,0.06885606727550167,4.4089193260240335e-05,0.0,0.0,0.0,0.10484666460244592
2026-09-16T13:11:55.892307,68.25,-8.326476498865848,-1.1267771722874311,0.0,-2.7886838305857014,0.0,0.0,-0.9844722726141415,0.17554015054666985,0.06880625760456949,4.4062476075710015e-05,0.0,0.0,0.0,0.10500058557204109
2026-09-16T13:11:55.914189,68.27,-8.327769645574145,-1.1272550155116015,0.0,-2.7865832336940177,0.0,0.0,-0.9842873601019002,0.17657404323295162,0.06879620968042888,4.403356006672495e-05,0.0,0.0,0.0,0.1051197114922976
2026-09-16T13:11:55.932472,68.29,-8.32906178439574,-1.1277355782604495,0.0,-2.784649904597791,0.0,0.0,-0.9841162123818966,0.1775254362819866,0.06879789205348888,4.400591819639439e-05,0.0,0.0,0.0,0.08762014979172889
2026-09-16T13:11:55.954389,68.31,-8.330356080005952,-1.1282195222288196,0.0,-2.782898601497539,0.0,0.0,-0.983960384685072,0.17838711099853916,0.06890685811244485,4.383380323252112e-05,0.0,0.0,0.0,0.08567973006113018
2026-09-16T13:11:55.972934,68.33,-8.335198091740088,-1.130052276193953,0.0,-2.7779561091514084,0.0,0.0,-0.9835165421185297,0.1808181721487374,0.25961577643621364,4.872768763034265e-05,0.0,0.0,0.0,0.08122319775101415
2026-09-16T13:11:55.993024,68.35,-8.340824245070193,-1.132244013573442,0.0,-2.7690293234902406,0.0,0.0,-0.9826996855342014,0.18520617714045545,0.3031545764693543,6.31915088606797e-05,0.0,0.0,0.0,0.1107253100246322
2026-09-16T13:11:56.010984,68.37,-8.346610368929044,-1.1345659774002843,0.0,-2.7577035302376642,0.0,0.0,-0.9816351309437649,0.19076810450653858,0.31308524049477915,8.050917019260793e-05,0.0,0.0,0.0,0.3239014144408455
2026-09-16T13:11:56.031549,68.39,-8.352465625520407,-1.1369858169904627,0.0,-2.7453356018474544,0.0,0.0,-0.9804366658373371,0.19683481470960829,0.31815467652568563,9.96535512327325e-05,0.0,0.0,0.0,0.5266629274217205
2026-09-16T13:11:56.053705,68.41,-8.35831637911183,-1.1394763066772422,0.0,-2.733918409096363,0.0,0.0,-0.9792970462031996,0.20242849428301415,0.3193094449045157,0.00011911667678023224,0.0,0.0,0.0,0.5283113493458224
2026-09-16T13:11:56.076803,68.43,-8.364145414169476,-1.1420305469651775,0.0,-2.7233514541881587,0.0,0.0,-0.9782138562212335,0.20759973867224413,0.31956230444831263,0.00013675201185644163,0.0,0.0,0.0,0.5294504159934352
2026-09-16T13:11:56.095905,68.45,-8.36994822660231,-1.1446468074986962,0.0,-2.7127686483836473,0.0,0.0,-0.9771016730417525,0.21277293187576285,0.3196074999099958,0.00015415811358777723,0.0,0.0,0.0,0.5307914040013643
2026-09-16T13:11:56.113256,68.47,-8.375723237491693,-1.1473245497713667,0.0,-2.7021472941772635,0.0,0.0,-0.9759579313065538,0.2179589785253914,0.31960500687864046,0.00017133303513127332,0.0,0.0,0.0,0.5457915751776495
2026-09-16T13:11:56.137854,68.49,-8.38105339924888,-1.1498665596923965,0.0,-2.6912375049708914,0.0,0.0,-0.9747544737420483,0.22327945700368954,0.296463765266314,0.0001874321797969619,0.0,0.0,0.0,0.5382849244461053
2026-09-16T13:11:56.154581,68.51,-8.38626804939847,-1.1524230503449497,0.0,-2.6804694557193347,0.0,0.0,-0.9735382095336755,0.22852429756585046,0.29150521089662584,0.00020280506064976784,0.0,0.0,0.0,0.5379431399316745
2026-09-16T13:11:56.172282,68.53,-8.39143632281921,-1.1550259328846977,0.0,-2.6697068208035963,0.0,0.0,-0.9722943575701191,0.23375988158216843,0.2904341937743509,0.00021765568458410477,0.0,0.0,0.0,0.5390761611550788
2026-09-16T13:11:56.193346,68.55,-8.396572305638694,-1.157682258020709,0.0,-2.65892329869937,0.0,0.0,-0.9710198534589964,0.23899883721154175,0.2901944464007458,0.00023225356518331104,0.0,0.0,0.0,0.5399814331985389
2026-09-16T13:11:56.214485,68.57,-8.401678475527778,-1.1603934140407492,0.0,-2.6481130413614595,0.0,0.0,-0.969713855942389,0.24424380768679402,0.29013255499786156,0.0002466316630495838,0.0,0.0,0.0,0.5404924873586135
2026-09-16T13:11:56.233198,68.59,-8.406755039524342,-1.1631596114028224,0.0,-2.6372716417691304,0.0,0.0,-0.968375643073335,0.2494967212255602,0.29011915071770356,0.00026079412482836624,0.0,0.0,0.0,0.5442077520685262
2026-09-16T13:11:56.253181,68.61,-8.411073701919683,-1.1655776258994504,0.0,-2.6264823116815394,0.0,0.0,-0.9670156073624143,0.2547171276484974,0.2622343593588978,0.0002735277513678583,0.0,0.0,0.0,0.5336053508655767
2026-09-16T13:11:56.273684,68.63,-8.415451072152951,-1.1680873778761942,0.0,-2.615825495313185,0.0,0.0,-0.9656446492681594,0.25986614119537293,0.25579382170596227,0.0002849702970372704,0.0,0.0,0.0,0.35935252379928107
2026-09-16T13:11:56.323281,68.65,-8.419848015840042,-1.1706625438613683,0.0,-2.608655198419172,0.0,0.0,-0.9647067867230211,0.2633264431281893,0.2555822136903225,0.00029349385107390756,0.0,0.0,0.0,0.35872886214980043
2026-09-16T13:11:56.342502,68.67,-8.424227531018222,-1.1732672163629083,0.0,-2.6014831963351783,0.0,0.0,-0.9637562970771538,0.26678418214754174,0.2555721180856695,0.000299237135036516,0.0,0.0,0.0,0.379374448902683
2026-09-16T13:11:56.365598,68.69,-8.428378580866664,-1.1757776259962216,0.0,-2.593892855398627,0.0,0.0,-0.9627368674218966,0.27043987151800203,0.24330336892438276,0.00030477910076063863,0.0,0.0,0.0,0.3759295780657886
2026-09-16T13:11:56.382507,68.71,-8.432472994295237,-1.1782963744102628,0.0,-2.5863714862687934,0.0,0.0,-0.9617130229040064,0.2740585002820349,0.24104471733041807,0.00031026633211389017,0.0,0.0,0.0,0.37594517326491733
2026-09-16T13:11:56.406714,68.73,-8.43654844340457,-1.1808458275488813,0.0,-2.578842562182013,0.0,0.0,-0.9606745282252428,0.2776768820395519,0.2410361203970857,0.0003155851708744604,0.0,0.0,0.0,0.37583422122685106
2026-09-16T13:11:56.426484,68.75,-8.440592887371333,-1.183418418964795,0.0,-2.5713303778194234,0.0,0.0,-0.9596247740122197,0.28128329687700315,0.2405371895743275,0.0003207699256170049,0.0,0.0,0.0,0.3758758816239691
2026-09-16T13:11:56.441993,68.77,-8.444621371613803,-1.1860235471366454,0.0,-2.5637471003507075,0.0,0.0,-0.9585513538977641,0.28491981668666594,0.24052884934098806,0.0003258549928460673,0.0,0.0,0.0,0.3499451618950539
2026-09-16T13:11:56.464947,68.79,-8.448292737834278,-1.188436936101336,0.0,-2.5567463568893087,0.0,0.0,-0.957548158294312,0.2882733503936349,0.22023885034223165,0.00032992684491581643,0.0,0.0,0.0,0.34463630575369963
2026-09-16T13:11:56.483295,68.81,-8.451891639341655,-1.1908379211065214,0.0,-2.5498496220150004,0.0,0.0,-0.9565483946190664,0.29157360777629876,0.21681415697521583,0.00033310649057924775,0.0,0.0,0.0,0.3436633123057358
2026-09-16T13:11:56.503137,68.83,-8.45546456656016,-1.1932571741578122,0.0,-2.5429722268245247,0.0,0.0,-0.9555401077159511,0.29486115808323865,0.21623150342827388,0.0003360838456463918,0.0,0.0,0.0,0.34368368383073966
2026-09-16T13:11:56.524459,68.85,-8.4590192047422,-1.1956998371862542,0.0,-2.536099436910681,0.0,0.0,-0.9545212084231708,0.29814302384991276,0.21612821846852082,0.00033897819093062144,0.0,0.0,0.0,0.3439474847122987
2026-09-16T13:11:56.541828,68.87,-8.462556703745557,-1.1981666912238242,0.0,-2.529224877683484,0.0,0.0,-0.9534907707268055,0.30142221241773515,0.21610584123783,0.0003418131115092616,0.0,0.0,0.0,0.3185005671187564
2026-09-16T13:11:56.562550,68.89,-8.465803169796988,-1.200463358384199,0.0,-2.522851282780269,0.0,0.0,-0.9525253591457669,0.3044592586607078,0.19922197684642715,0.0003437807083164812,0.0,0.0,0.0,0.3142817412563998
2026-09-16T13:11:56.584716,68.91,-8.468993256424305,-1.2027500268412958,0.0,-2.516557787298618,0.0,0.0,-0.9515625882831908,0.3074551033562373,0.1965923688422424,0.0003451181730177397,0.0,0.0,0.0,0.3142474726931638
2026-09-16T13:11:56.603147,68.93,-8.472162443334042,-1.2050519123094308,0.0,-2.510275350477192,0.0,0.0,-0.9505921115897407,0.3104426474944414,0.19617983764402408,0.0003463310592768339,0.0,0.0,0.0,0.31360254489628836
2026-09-16T13:11:56.623509,68.95,-8.475316117806383,-1.2073728951084333,0.0,-2.5040011166510445,0.0,0.0,-0.9496135406836795,0.3134232335839283,0.19611217809381853,0.00034748362984663036,0.0,0.0,0.0,0.31355278715681073
2026-09-16T13:11:56.643328,68.97,-8.478455008734295,-1.2097135072312546,0.0,-2.4977322799529027,0.0,0.0,-0.9486264779854036,0.31639817519228614,0.19609820119828383,0.0003486019740424814,0.0,0.0,0.0,0.3153720767088231
2026-09-16T13:11:56.665358,68.99,-8.481470593277212,-1.2119919462269053,0.0,-2.491422223349352,0.0,0.0,-0.9476235130375361,0.3193895388681328,0.18926512993361588,0.00034952752403649484,0.0,0.0,0.0,0.313879045661962
2026-09-16T13:11:56.693420,69.0,-8.482964225884533,-1.213130881518736,0.0,-2.4882856002692595,0.0,0.0,-0.9471214455556235,0.3208753143646704,0.1879708512595265,0.00034930393496819285,0.0,0.0,0.0,0.31343101686951486
2026-09-16T13:11:56.710966,69.03,-8.487424217366511,-1.2165788147822754,0.0,-2.478877062691415,0.0,0.0,-0.9456014874485736,0.32532726128476386,0.18807904772762038,0.00035106800028425494,0.0,0.0,0.0,0.31374194220738183
2026-09-16T13:11:56.746824,69.05,-8.490377804391134,-1.2188989232220084,0.0,-2.4726162338356517,0.0,0.0,-0.94457844675488,0.3282857869694304,0.18805265093612789,0.00035177179633136805,0.0,0.0,0.0,0.313230360240739
2026-09-16T13:11:56.765771,69.07,-8.493316741601754,-1.2212374516758198,0.0,-2.4663463247528794,0.0,0.0,-0.9435446457955649,0.3312453794251657,0.18804594070418776,0.00035244881821715066,0.0,0.0,0.0,0.3135357680658956
2026-09-16T13:11:56.786730,69.09,-8.496240967899931,-1.2235943500268438,0.0,-2.46010674283972,0.0,0.0,-0.9425066393314128,0.33418742468292567,0.18804274182290776,0.00035309878759152584,0.0,0.0,0.0,0.32104478648431195
2026-09-16T13:11:56.822475,69.11,-8.50088241346344,-1.227377888107272,0.0,-2.453697743690946,0.0,0.0,-0.9414308984938633,0.3372059657850631,0.2672849117878711,0.00035584715526967544,0.0,0.0,0.0,0.32514685045426267
2026-09-16T13:11:56.844664,69.13,-8.505031354182622,-1.2308101002666443,0.0,-2.447199794844793,0.0,0.0,-0.9403303580730167,0.3402628655705355,0.26997811236695485,0.0003597040135067228,0.0,0.0,0.0,0.32511440398759633
2026-09-16T13:11:56.867492,69.15,-8.509157766819822,-1.2342692287270711,0.0,-2.440676328165091,0.0,0.0,-0.9392155112700484,0.3433281570010556,0.2699686828900492,0.00036356490511485305,0.0,0.0,0.0,0.3273404848063463
2026-09-16T13:11:56.884530,69.17,-8.513275607931066,-1.237767258847169,0.0,-2.4341337449208127,0.0,0.0,-0.9380873613176199,0.34639876231901456,0.27061742135294875,0.0003674336138046022,0.0,0.0,0.0,0.3274896605003653
2026-09-16T13:11:56.906184,69.19,-8.51736630287685,-1.2412886349604078,0.0,-2.427807878024144,0.0,0.0,-0.9369870345341493,0.34936413255355925,0.2706081717846498,0.0003712402977637258,0.0,0.0,0.0,0.3010872947818047
2026-09-16T13:11:56.921541,69.21,-8.52098663523943,-1.2444450454104141,0.0,-2.421785541598184,0.0,0.0,-0.9359307940629172,0.35218396999971086,0.24956433983286808,0.0003736350916770624,0.0,0.0,0.0,0.30058265680928414
2026-09-16T13:11:56.944416,69.23,-8.522856291130292,-1.2460891926785878,0.0,-2.418774535542635,0.0,0.0,-0.9353995195682466,0.35359261699234257,0.24955689026345546,0.00037135186597280867,0.0,0.0,0.0,0.30183501528373935
2026-09-16T13:11:56.965751,69.25,-8.528414678254197,-1.2510372215919052,0.0,-2.409721544271604,0.0,0.0,-0.9337894068361509,0.3578230619741964,0.2487958994250393,0.00038660300699743145,0.0,0.0,0.0,0.30213205723254416
2026-09-16T13:11:56.984079,69.27,-8.532097534021014,-1.254365697948845,0.0,-2.403680802033487,0.0,0.0,-0.9327043907274074,0.36064181609710166,0.24876606189165143,0.0003884630666355171,0.0,0.0,0.0,0.3069725718161842
2026-09-16T13:11:57.006374,69.29,-8.535573100997661,-1.2575456637585842,0.0,-2.397547878011078,0.0,0.0,-0.9315941128373273,0.36350021860630716,0.2360356402782049,0.0003900067077196031,0.0,0.0,0.0,0.3042016542224677
2026-09-16T13:11:57.022965,69.31,-8.538996139227583,-1.2607160989744615,0.0,-2.3914654464824188,0.0,0.0,-0.9304843237957188,0.36633171193663266,0.23374380537288178,0.0003913650137418755,0.0,0.0,0.0,0.304009463372442
2026-09-16T13:11:57.042608,69.33,-8.5423999290603,-1.2639072964104132,0.0,-2.385383627308286,0.0,0.0,-0.9293660417457421,0.3691595325192774,0.23373810835649497,0.0003926265571072286,0.0,0.0,0.0,0.3039282694262505
2026-09-16T13:11:57.063877,69.35,-8.54577426235646,-1.2671097203208375,0.0,-2.379292796299803,0.0,0.0,-0.9282374895944999,0.37198812200297554,0.233248032080895,0.00039384018607519986,0.0,0.0,0.0,0.30507991980571614
2026-09-16T13:11:57.081970,69.37,-8.549131801150839,-1.2703352826234318,0.0,-2.373195040602711,0.0,0.0,-0.9270990307215922,0.3748164714031179,0.2332292635514266,0.0003950325859337779,0.0,0.0,0.0,0.29192676432704673
2026-09-16T13:11:57.104430,69.39,-8.552326228715849,-1.273441413686571,0.0,-2.36736732102498,0.0,0.0,-0.9260029338219459,0.3775163129629618,0.22316236432927175,0.00039575415404438706,0.0,0.0,0.0,0.29012096635989637
2026-09-16T13:11:57.131239,69.41,-8.555478395981865,-1.2765419556084365,0.0,-2.361564902269453,0.0,0.0,-0.9249037844030261,0.3802012488103643,0.2214277559637808,0.0003961207854970768,0.0,0.0,0.0,0.29066324483051975
2026-09-16T13:11:57.144831,69.43,-8.558608382760182,-1.2796565757918321,0.0,-2.3557510476309527,0.0,0.0,-0.9237946607421472,0.3828882667101476,0.22112589888993908,0.0003964294369657227,0.0,0.0,0.0,0.2904075008448229
2026-09-16T13:11:57.173381,69.45,-8.561719513716389,-1.2827886095331291,0.0,-2.3499454698770283,0.0,0.0,-0.9226793264724705,0.3855682306678134,0.22107043969554957,0.0003967094983915827,0.0,0.0,0.0,0.2910256265378372
2026-09-16T13:11:57.189102,69.48,-8.566340148701697,-1.2875071699311889,0.0,-2.341255688263448,0.0,0.0,-0.9209953706909886,0.3895735195900365,0.2191423405464841,0.00039614404399410314,0.0,0.0,0.0,0.28791022205379246
2026-09-16T13:11:57.204533,69.49,-8.56786466610691,-1.2890836257218778,0.0,-2.338378927968661,0.0,0.0,-0.9204340633269414,0.39089785758872614,0.2194622853121161,0.00039715746349574524,0.0,0.0,0.0,0.2872626299434079
2026-09-16T13:11:57.224987,69.51,-8.570895264467262,-1.2922422964935691,0.0,-2.3326384883926092,0.0,0.0,-0.9193083107617881,0.39353809188477246,0.21918667148855925,0.0003972402570625346,0.0,0.0,0.0,0.2873163621357518
2026-09-16T13:11:57.246723,69.53,-8.573907680483686,-1.2954183245980524,0.0,-2.326888932742841,0.0,0.0,-0.9181731790012071,0.3961792692239428,0.21918272122908014,0.0003973059744407657,0.0,0.0,0.0,0.28758593484584904
2026-09-16T13:11:57.265875,69.55,-8.57690082512104,-1.2986106247548863,0.0,-2.3211325951733843,0.0,0.0,-0.9170291067653074,0.39882028201336805,0.21913245729084815,0.00039736301210304076,0.0,0.0,0.0,0.28757083184591054
2026-09-16T13:11:57.283372,69.57,-8.579875697861501,-1.3018202676221717,0.0,-2.315353220380769,0.0,0.0,-0.9158728136985704,0.4014685406452959,0.2191206948634188,0.00039740416056399647,0.0,0.0,0.0,0.26629010163730765
2026-09-16T13:11:57.304347,69.59,-8.582609414930559,-1.3048035383950576,0.0,-2.310028198058944,0.0,0.0,-0.9148006541977081,0.40390563635513366,0.2025413280736749,0.00039678894670340834,0.0,0.0,0.0,0.26365258457036433
2026-09-16T13:11:57.336261,69.61,-8.58529297756421,-1.3077627763531126,0.0,-2.3047574011787693,0.0,0.0,-0.9137330263538161,0.4063150951543596,0.1999223796687851,0.00039564771211678725,0.0,0.0,0.0,0.2634304521507281
2026-09-16T13:11:57.356296,69.63,-8.587960996717962,-1.310736147281886,0.0,-2.299480362916351,0.0,0.0,-0.9126577768420985,0.40872458008986745,0.1999201611624488,0.00039446170463870267,0.0,0.0,0.0,0.2637888763769339
2026-09-16T13:11:57.374948,69.65,-8.59060423503758,-1.3137133742065366,0.0,-2.2942048129005785,0.0,0.0,-0.9115764795405602,0.4111305412499035,0.19943972627663295,0.00039326775788891015,0.0,0.0,0.0,0.26401141034325104
2026-09-16T13:11:57.396147,69.67,-8.593234318720723,-1.3167074412390787,0.0,-2.2889236042649013,0.0,0.0,-0.9104876696054248,0.41353621787756734,0.19942731146516995,0.00039208152958786116,0.0,0.0,0.0,0.26793360818803236
2026-09-16T13:11:57.415816,69.69,-8.595893464943574,-1.319767150389001,0.0,-2.283567937335424,0.0,0.0,-0.9093770253488495,0.4159728666243484,0.20286902277536592,0.00039103126579544627,0.0,0.0,0.0,0.26842996010653664
2026-09-16T13:11:57.440268,69.72,-8.599862124083085,-1.3243943818942756,0.0,-2.2755040076154196,0.0,0.0,-0.9076924501689652,0.4196360517237058,0.20323264661421836,0.0003882388139810764,0.0,0.0,0.0,0.2687334095412332
2026-09-16T13:11:57.455602,69.73,-8.601176325063125,-1.3259458315704316,0.0,-2.2728115099113975,0.0,0.0,-0.9071266932423089,0.42085765100241923,0.2034173358436988,0.0003891350778299145,0.0,0.0,0.0,0.26906522763337215
2026-09-16T13:11:57.476530,69.75,-8.603794447721759,-1.3290584209304597,0.0,-2.2674278830974277,0.0,0.0,-0.9059905378887486,0.42329793911151503,0.2035038119094475,0.00038820711608037714,0.0,0.0,0.0,0.27992101278338777
2026-09-16T13:11:57.495935,69.77,-8.606151317115863,-1.3318921177861265,0.0,-2.26183113335565,0.0,0.0,-0.9048024457598448,0.42583157955581813,0.1843719612545574,0.0003869541366061418,0.0,0.0,0.0,0.2773218327483634
2026-09-16T13:11:57.514723,69.79,-8.608457503214215,-1.3346963523149697,0.0,-2.256286707017653,0.0,0.0,-0.9036184745830714,0.42833824530639697,0.18158475593627224,0.00038557483479742906,0.0,0.0,0.0,0.277343058036541
2026-09-16T13:11:57.534704,69.81,-8.610743118080496,-1.33750709450328,0.0,-2.2507418859345796,0.0,0.0,-0.9024274739165776,0.4308417973230366,0.1811786474460992,0.0003841424769335067,0.0,0.0,0.0,0.2770996939965503
2026-09-16T13:11:57.560918,69.84,-8.614142058458663,-1.3417445187663324,0.0,-2.2424295113923263,0.0,0.0,-0.9006290256715187,0.43458872295305917,0.18108008087735186,0.00038046514640503715,0.0,0.0,0.0,0.27735207546415086
2026-09-16T13:11:57.574629,69.85,-8.615265995313917,-1.3431645462318622,0.0,-2.2396553821400556,0.0,0.0,-0.9000253568385945,0.43583753515221774,0.18111862428786468,0.0003812927667201135,0.0,0.0,0.0,0.27709725749498937
2026-09-16T13:11:57.595074,69.87,-8.617503678211818,-1.3460117942774021,0.0,-2.2341121178669967,0.0,0.0,-0.8988139200961709,0.43833039712225547,0.1811095479432288,0.00037988181318340477,0.0,0.0,0.0,0.26511237129173626
2026-09-16T13:11:57.618215,69.89,-8.619748339646536,-1.3489001711365256,0.0,-2.2288109542058776,0.0,0.0,-0.8976489335256815,0.44071123441569593,0.1829491911079681,0.0003784024755360184,0.0,0.0,0.0,0.26512344986447794
2026-09-16T13:11:57.637686,69.91,-8.621977709363241,-1.3518003093971795,0.0,-2.2235102643260762,0.0,0.0,-0.8964777454144773,0.4430887630899429,0.1829485786496479,0.0003768120624148385,0.0,0.0,0.0,0.26579575860041377
2026-09-16T13:11:57.656439,69.93,-8.624197044137206,-1.3547192867410445,0.0,-2.218203021121562,0.0,0.0,-0.8952988005157242,0.4454661129593422,0.18325849433521427,0.00037525248248548865,0.0,0.0,0.0,0.2658203900814373
2026-09-16T13:11:57.676567,69.95,-8.626399286659115,-1.3576479491798301,0.0,-2.2128944988093835,0.0,0.0,-0.894113264770116,0.4478408978221221,0.18326372158454537,0.000373710305820114,0.0,0.0,0.0,0.265577576891279
2026-09-16T13:11:57.696782,69.97,-8.628585942657404,-1.3605882673331078,0.0,-2.207580134007818,0.0,0.0,-0.8929201147240343,0.4502151360418898,0.18326310384508393,0.00037218320676535863,0.0,0.0,0.0,0.27043976810030806
2026-09-16T13:11:57.717490,69.99,-8.630686898747216,-1.363445270962673,0.0,-2.202169715003372,0.0,0.0,-0.8916989226820157,0.4526290217029091,0.1773371085163923,0.00037058227335924225,0.0,0.0,0.0,0.2706141753312511
2026-09-16T13:11:57.738013,70.01,-8.631731671575826,-1.364878064545818,0.0,-2.1994726439566947,0.0,0.0,-0.891087725753809,0.4538310974480533,0.17733693164890255,0.0003661914543800682,0.0,0.0,0.0,0.2699804373692842
2026-09-16T13:11:57.756572,70.03,-8.6348278308857,-1.3691730070528254,0.0,-2.1913732656167872,0.0,0.0,-0.8892425489954889,0.45743599449103844,0.17649354323508512,0.0003730413442962193,0.0,0.0,0.0,0.2698293524203866
2026-09-16T13:11:57.787985,70.05,-8.636870371302487,-1.3720469466947054,0.0,-2.1859741650600126,0.0,0.0,-0.8880044388216329,0.4598348797482384,0.17635640361325947,0.0003713547030536093,0.0,0.0,0.0,0.27104181943432115
2026-09-16T13:11:57.803566,70.07,-8.638897999965044,-1.374932827856575,0.0,-2.180547998770224,0.0,0.0,-0.8867536018719973,0.46224241428826,0.17635391773439196,0.0003696976679389757,0.0,0.0,0.0,0.2699182401748888
2026-09-16T13:11:57.821665,70.09,-8.640786180885783,-1.3776516901202336,0.0,-2.1751431197269873,0.0,0.0,-0.8855011831652219,0.4646371214324058,0.16546395774871286,0.00036779684995570585,0.0,0.0,0.0,0.26912034079031005
2026-09-16T13:11:57.848686,70.11,-8.642643588013549,-1.3803570335735755,0.0,-2.1697636351841685,0.0,0.0,-0.8842482273940291,0.4670172077670344,0.1640102363142438,0.0003657759581681116,0.0,0.0,0.0,0.2686565025076901
2026-09-16T13:11:57.865985,70.13,-8.644484295621856,-1.383069150154846,0.0,-2.164390876894191,0.0,0.0,-0.882990452970202,0.46939094576214146,0.1638168691204278,0.0003637446448036255,0.0,0.0,0.0,0.2686209586181193
2026-09-16T13:11:57.885528,70.15,-8.646310115392104,-1.3857906971238252,0.0,-2.159014877242014,0.0,0.0,-0.8817255417564697,0.4717627253336788,0.16379182994607308,0.00036173361611736176,0.0,0.0,0.0,0.2690131494046919
2026-09-16T13:11:57.908093,70.17,-8.648121235168938,-1.3885219668684252,0.0,-2.153632837797521,0.0,0.0,-0.8804528279463542,0.47413375513800715,0.16378926344657066,0.0003597490735950749,0.0,0.0,0.0,0.2666730383017671
2026-09-16T13:11:57.926510,70.19,-8.649916549402198,-1.3912611929397423,0.0,-2.1482979701626914,0.0,0.0,-0.8791849767351919,0.4764806152228441,0.16368681860620096,0.0003577603066929245,0.0,0.0,0.0,0.2668146955104085
2026-09-16T13:11:57.948185,70.21,-8.651697084074895,-1.3940097256236785,0.0,-2.14295704212317,0.0,0.0,-0.8779094190101088,0.4788267452986866,0.1636739105381798,0.00035577600316401856,0.0,0.0,0.0,0.2672416832393628
2026-09-16T13:11:57.967535,70.23,-8.65346289796184,-1.3967676959092699,0.0,-2.137616996033439,0.0,0.0,-0.8766278127683259,0.4811690741111912,0.16367294447748315,0.00035381628641093806,0.0,0.0,0.0,0.267525080413122
2026-09-16T13:11:57.985278,70.25,-8.655213953113115,-1.3995350544507392,0.0,-2.1322718963271705,0.0,0.0,-0.8753387352956257,0.4835101844750063,0.16367356293070065,0.00035188214792632866,0.0,0.0,0.0,0.26688015264256815
2026-09-16T13:11:58.006747,70.27,-8.656950196928912,-1.4023117288901685,0.0,-2.1269271589714194,0.0,0.0,-0.8740434937234384,0.48584768300335224,0.1636743834914836,0.00034996139714934974,0.0,0.0,0.0,0.27026577412026714
2026-09-16T13:11:58.027694,70.3,-8.659348170097106,-1.4062021396313977,0.0,-2.11883700075227,0.0,0.0,-0.8720710559393595,0.48937927356275573,0.15141521497755675,0.0003450586106246813,0.0,0.0,0.0,0.2686010383542492
2026-09-16T13:11:58.047268,70.31,-8.660133749867393,-1.4074957330851652,0.0,-2.1161513713194497,0.0,0.0,-0.871413124208464,0.4905498618461167,0.15127325013857587,0.00034562960395730026,0.0,0.0,0.0,0.26853529896257466
2026-09-16T13:11:58.066303,70.33,-8.661695892299115,-1.4100860444090815,0.0,-2.1107808420067795,0.0,0.0,-0.8700927278613116,0.4928880653077953,0.15110394056025278,0.00034342354625621445,0.0,0.0,0.0,0.2683563458860894
2026-09-16T13:11:58.086874,70.35,-8.663243884815264,-1.4126843491926955,0.0,-2.1054050938797895,0.0,0.0,-0.8687647653463874,0.4952249816928025,0.15108440703598627,0.00034124135922299824,0.0,0.0,0.0,0.2685685558390864
2026-09-16T13:11:58.110050,70.37,-8.664777871769719,-1.4152908865820493,0.0,-2.1000368228662993,0.0,0.0,-0.867432386443082,0.49755507730266385,0.15108350790400735,0.00033908345515374803,0.0,0.0,0.0,0.26913042814905036
2026-09-16T13:11:58.124927,70.39,-8.666342248979223,-1.4179819392526147,0.0,-2.0946516163634175,0.0,0.0,-0.8660895251538225,0.49988892208052205,0.15552082673952758,0.00033706408764732563,0.0,0.0,0.0,0.26944826486744655
2026-09-16T13:11:58.146118,70.41,-8.667897622587276,-1.4206911023194648,0.0,-2.0892573815507594,0.0,0.0,-0.8647381175182558,0.5022230461766797,0.1560907342042365,0.00033512216750149237,0.0,0.0,0.0,0.2697374995330479
2026-09-16T13:11:58.168945,70.43,-8.66943905192794,-1.4234098704258098,0.0,-2.0838580368971633,0.0,0.0,-0.8633791303020328,0.5045557227491383,0.15616490914870626,0.00033321902707964646,0.0,0.0,0.0,0.26984488390753897
2026-09-16T13:11:58.186525,70.45,-8.670965874270406,-1.426137078872145,0.0,-2.0784637245168485,0.0,0.0,-0.8620151259718656,0.5068825530590974,0.15617552893166042,0.000331338623042385,0.0,0.0,0.0,0.26954193428016193
2026-09-16T13:11:58.211486,70.47,-8.672477954154365,-1.4288724883631778,0.0,-2.073063682101541,0.0,0.0,-0.860643391899098,0.5092081617378257,0.15617679125766823,0.0003294811590159513,0.0,0.0,0.0,0.26992907684126566
2026-09-16T13:11:58.232413,70.5,-8.674664390865049,-1.4328884903983212,0.0,-2.0650990407058636,0.0,0.0,-0.8586087426466307,0.5126314729420853,0.1504676313426524,0.0003251275439666208,0.0,0.0,0.0,0.2633287670306279
2026-09-16T13:11:58.252521,70.51,-8.675375056263178,-1.4342140138566124,0.0,-2.062475472478758,0.0,0.0,-0.8579355422799546,0.513757340865121,0.15033444052055123,0.00032558426766390766,0.0,0.0,0.0,0.2628156738883914
2026-09-16T13:11:58.269493,70.54,-8.67747717395833,-1.4381739955724129,0.0,-2.0545940781355174,0.0,0.0,-0.8559043239475346,0.5171342071918215,0.1496621800083588,0.00032094752172701264,0.0,0.0,0.0,0.2627716386352516
2026-09-16T13:11:58.306736,70.55,-8.678170162530098,-1.4394997542401797,0.0,-2.0519687205757218,0.0,0.0,-0.8552247556271354,0.5182572887693009,0.1495273178748248,0.0003213816693820708,0.0,0.0,0.0,0.2626482449089316
2026-09-16T13:11:58.324565,70.57,-8.67954837372481,-1.4421564274724707,0.0,-2.046713572933595,0.0,0.0,-0.8538600456137398,0.5205026633020259,0.14951666890207882,0.00031931426024101565,0.0,0.0,0.0,0.27241719700943956
2026-09-16T13:11:58.344917,70.59,-8.680852950173087,-1.44470445587976,0.0,-2.0412629812769483,0.0,0.0,-0.8524383527241137,0.5228277486945385,0.14296682439698002,0.0003172025506525928,0.0,0.0,0.0,0.2714825282313394
2026-09-16T13:11:58.366543,70.61,-8.682136793790265,-1.4472459890442253,0.0,-2.035833544555292,0.0,0.0,-0.8510158832747844,0.5251399493602049,0.14219562458740131,0.00031512582449063064,0.0,0.0,0.0,0.27159538784516263
2026-09-16T13:11:58.385363,70.63,-8.683406035128783,-1.4497928431256653,0.0,-2.030408468123887,0.0,0.0,-0.8495882920129216,0.5274464276820601,0.1421065362168531,0.00031306053821967476,0.0,0.0,0.0,0.269751735650149
2026-09-16T13:11:58.405157,70.65,-8.684661374791549,-1.4523463421727827,0.0,-2.0250110665365226,0.0,0.0,-0.8481617798797725,0.5297372888056648,0.14209794121735528,0.0003110072092572118,0.0,0.0,0.0,0.26941773851252754
2026-09-16T13:11:58.426191,70.67,-8.685902923417588,-1.4549065471644513,0.0,-2.019621513221818,0.0,0.0,-0.8467311783293587,0.5320209691778847,0.14209882367111293,0.0003089606067086868,0.0,0.0,0.0,0.26231681598702467
2026-09-16T13:11:58.443990,70.69,-8.68728765325755,-1.457800727485545,0.0,-2.0143688128565067,0.0,0.0,-0.8453309863124979,0.5342429443426834,0.16033761524995943,0.00030730860824331266,0.0,0.0,0.0,0.264649933369411
2026-09-16T13:11:58.465822,70.71,-8.688677351418235,-1.4607453983177263,0.0,-2.0090783767911735,0.0,0.0,-0.8439148414262015,0.5364771574080197,0.1627652372242574,0.000305829387678927,0.0,0.0,0.0,0.2645701328404013
2026-09-16T13:11:58.485278,70.73,-8.690054079493466,-1.463703163582287,0.0,-2.0037785669664183,0.0,0.0,-0.8424902666535623,0.5387115653055998,0.16308868374030777,0.0003044153458327971,0.0,0.0,0.0,0.26493014415945054
2026-09-16T13:11:58.506843,70.75,-8.6914154620812,-1.46666895351356,0.0,-1.998475981008102,0.0,0.0,-0.84105902505637,0.5409433578215269,0.16313210400110095,0.00030302680447029715,0.0,0.0,0.0,0.26545849000861
2026-09-16T13:11:58.527658,70.77,-8.69276114859491,-1.4696420217650805,0.0,-1.9931755973387633,0.0,0.0,-0.8396224694702579,0.5431704233117503,0.16313825393091863,0.0003016598505569364,0.0,0.0,0.0,0.2603299240221876
2026-09-16T13:11:58.545539,70.79,-8.693961167680031,-1.4723313635311213,0.0,-1.9879757838281285,0.0,0.0,-0.8382074408895593,0.5453515251994587,0.1471384286494791,0.00029989637035188465,0.0,0.0,0.0,0.25756449648295965
2026-09-16T13:11:58.566942,70.81,-8.695132227664832,-1.4749922461354763,0.0,-1.9828176740330672,0.0,0.0,-0.8367981632498573,0.5475114921000883,0.1452182738387427,0.0002979240461671941,0.0,0.0,0.0,0.2574929930636957
2026-09-16T13:11:58.589205,70.83,-8.696287791407201,-1.4776549530906262,0.0,-1.9776676459736993,0.0,0.0,-0.8353855407582255,0.549664441538733,0.14498924669646818,0.0002959345379981879,0.0,0.0,0.0,0.2572487586232453
2026-09-16T13:11:58.605342,70.85,-8.697429414631571,-1.480323074357261,0.0,-1.9725152066046616,0.0,0.0,-0.8339667137835266,0.5518147517972906,0.14496332153917027,0.00029396690928279527,0.0,0.0,0.0,0.25740397711163227
2026-09-16T13:11:58.626774,70.87,-8.698557257298319,-1.482996978970775,0.0,-1.9673723449862528,0.0,0.0,-0.8325450046941747,0.5539574127663396,0.1449617711546916,0.0002920248063678301,0.0,0.0,0.0,0.25780034410840247
2026-09-16T13:11:58.646498,70.89,-8.699810130148407,-1.4860099748891258,0.0,-1.9622126227563392,0.0,0.0,-0.8311131025145102,0.5561034173862855,0.163101936723898,0.0002905282761024038,0.0,0.0,0.0,0.2601258136302978
2026-09-16T13:11:58.665628,70.91,-8.701065475473227,-1.4890740772580637,0.0,-1.9570108552299876,0.0,0.0,-0.8296639327255121,0.5582631626163748,0.1655515411343349,0.00028926083444607924,0.0,0.0,0.0,0.26055393112770786
2026-09-16T13:11:58.687188,70.93,-8.702307231987392,-1.492150728832485,0.0,-1.9517948810443821,0.0,0.0,-0.8282051697353527,0.5604250144520991,0.16588238818551626,0.00028807002340979436,0.0,0.0,0.0,0.2608121902322331
2026-09-16T13:11:58.706407,70.95,-8.703533246518612,-1.4952346327020754,0.0,-1.9465775397083278,0.0,0.0,-0.8267403890628257,0.5625836196444469,0.16592713534631623,0.0002869008617383719,0.0,0.0,0.0,0.26125459122223926
2026-09-16T13:11:58.726510,70.97,-8.704743188923057,-1.498325005142395,0.0,-1.941353529701138,0.0,0.0,-0.8252680992587597,0.5647411480898431,0.1659332491018988,0.0002857529331016413,0.0,0.0,0.0,0.2694953439048302
2026-09-16T13:11:58.749490,70.99,-8.705878822013368,-1.5012716527968961,0.0,-1.935964602369096,0.0,0.0,-0.8237434308189187,0.5669627502602594,0.1578515202599475,0.0002845143237628443,0.0,0.0,0.0,0.26823598266940435
2026-09-16T13:11:58.766773,71.01,-8.706991369716235,-1.5042052678649358,0.0,-1.9305981806701549,0.0,0.0,-0.8222191867233632,0.5691709839617363,0.15681374334540926,0.00028326934536331157,0.0,0.0,0.0,0.26834201342076197
2026-09-16T13:11:58.785236,71.03,-8.708087254633458,-1.507142348266534,0.0,-1.9252327373183922,0.0,0.0,-0.820689302466798,0.5713747183911453,0.15668108962327448,0.00028202283012598666,0.0,0.0,0.0,0.2685650175824742
2026-09-16T13:11:58.831101,71.05,-8.709167240666387,-1.5100849528877547,0.0,-1.9198602843046229,0.0,0.0,-0.8191515014303213,0.5735772116327934,0.1566647313661185,0.00028079625436939955,0.0,0.0,0.0,0.2684128406090512
2026-09-16T13:11:58.850957,71.07,-8.710231396687966,-1.5130332731401703,0.0,-1.9144884063439982,0.0,0.0,-0.817607955104213,0.5757753309671292,0.15666330791005534,0.00027958134187235285,0.0,0.0,0.0,0.2682471967763707
2026-09-16T13:11:58.877807,71.09,-8.711279705229893,-1.5159872653701814,0.0,-1.9091874581814974,0.0,0.0,-0.81607900744813,0.5779403547101335,0.1566640780843639,0.0002783794185921549,0.0,0.0,0.0,0.2618383831404376
2026-09-16T13:11:58.897817,71.11,-8.711816414650706,-1.5175182699906835,0.0,-1.9065680717596307,0.0,0.0,-0.8153213831970797,0.5790086718708112,0.15943302419964447,0.00027465019950436077,0.0,0.0,0.0,0.2621161495644332
2026-09-16T13:11:58.917505,71.13,-8.713378827882025,-1.522052628878443,0.0,-1.8987039065825535,0.0,0.0,-0.8130383762012847,0.5822100985245603,0.15984286024819966,0.0002808776583568854,0.0,0.0,0.0,0.26226839133810287
2026-09-16T13:11:58.941191,71.15,-8.714400779510836,-1.5250826977729472,0.0,-1.8934576141833732,0.0,0.0,-0.8115083585307742,0.5843408115429628,0.1598495436213715,0.00027963267441019515,0.0,0.0,0.0,0.2624435279490755
2026-09-16T13:11:58.956598,71.17,-8.715406822374835,-1.5281181008900189,0.0,-1.8882112876736532,0.0,0.0,-0.8099727469564983,0.5864675175896311,0.15985084076499115,0.0002784068346594668,0.0,0.0,0.0,0.26450473272846803
2026-09-16T13:11:58.972092,71.19,-8.716393060707235,-1.5311470736500696,0.0,-1.882919415407365,0.0,0.0,-0.8084181578723811,0.5886085983250888,0.15923391710942902,0.0002772044957874239,0.0,0.0,0.0,0.21999262115035664
2026-09-16T13:11:58.990583,71.21,-8.717363792341496,-1.5341793921046765,0.0,-1.878520754933497,0.0,0.0,-0.8071216590478473,0.5903851518253576,0.15915402351709088,0.0002756133100357706,0.0,0.0,0.0,0.21965730357236504
2026-09-16T13:11:59.010452,71.23,-8.718321473022378,-1.5372156408125257,0.0,-1.8741308213963765,0.0,0.0,-0.8058238399929896,0.5921553334210145,0.15914407315295448,0.0002736186125724042,0.0,0.0,0.0,0.21961876791390378
2026-09-16T13:11:59.030492,71.25,-8.719265807053423,-1.540256039024058,0.0,-1.8697479128511745,0.0,0.0,-0.8045242247238291,0.5939198362005783,0.1591432271169317,0.00027165267997661884,0.0,0.0,0.0,0.21992037814987975
2026-09-16T13:11:59.055875,71.27,-8.72019678146343,-1.5433005509271165,0.0,-1.8653508745980312,0.0,0.0,-0.8032165373285282,0.5956871613204108,0.15914356125700424,0.0002697217451349288,0.0,0.0,0.0,0.22006990521649886
2026-09-16T13:11:59.070395,71.29,-8.721114361407581,-1.5463491265838292,0.0,-1.860943166226949,0.0,0.0,-0.801901780147654,0.5974558853974272,0.15914406667350267,0.0002678225810899919,0.0,0.0,0.0,0.22051303581020765
2026-09-16T13:11:59.093468,71.31,-8.722098777569231,-1.5496714335268043,0.0,-1.8565180665178584,0.0,0.0,-0.8005779174889461,0.5992286692315898,0.1685740161798641,0.00026614545977879964,0.0,0.0,0.0,0.22147662385729802
2026-09-16T13:11:59.113704,71.32,-8.722580570940641,-1.5513153582933255,0.0,-1.8542999376760658,0.0,0.0,-0.799912842063231,0.6001161930012591,0.17002493932845658,0.00026446127316864294,0.0,0.0,0.0,0.22209963449424383
2026-09-16T13:11:59.132110,71.35,-8.723990377619664,-1.55621754559838,0.0,-1.8476454546081242,0.0,0.0,-0.7979116864968521,0.6027743695212573,0.17005326540302645,0.00026309049207956075,0.0,0.0,0.0,0.22205934886005388
2026-09-16T13:11:59.150810,71.37,-8.724912797780922,-1.5594913763568967,0.0,-1.8432096583359001,0.0,0.0,-0.7965728329504693,0.6045425723679547,0.17008105733288945,0.0002616075340166396,0.0,0.0,0.0,0.22205741149141364
2026-09-16T13:11:59.173101,71.39,-8.725820618494904,-1.5627690295978898,0.0,-1.8387992618148363,0.0,0.0,-0.7952377609759721,0.6062977020556177,0.1700807036433613,0.00026014695913157635,0.0,0.0,0.0,0.22006356945395344
2026-09-16T13:11:59.190188,71.41,-8.726747324762563,-1.5661723345558363,0.0,-1.8343908730337792,0.0,0.0,-0.793899432244475,0.608049086408244,0.17448939200632607,0.0002587580316207097,0.0,0.0,0.0,0.2204236016827443
2026-09-16T13:11:59.212083,71.43,-8.72764930242813,-1.5695439813682945,0.0,-1.8299902001948467,0.0,0.0,-0.7925595989509284,0.6097944589045915,0.17456556489091005,0.00025742033707768885,0.0,0.0,0.0,0.2195317941208836
2026-09-16T13:11:59.231160,71.45,-8.728536477831067,-1.5729197738194882,0.0,-1.8255853929779498,0.0,0.0,-0.7912146643332092,0.6115385146857777,0.17457571556964488,0.0002560970420126099,0.0,0.0,0.0,0.22018294359140497
2026-09-16T13:11:59.251545,71.47,-8.72940878588746,-1.5762994697012582,0.0,-1.8211835567788108,0.0,0.0,-0.7898668028971314,0.6132784307971902,0.17457656362004476,0.0002547988052892961,0.0,0.0,0.0,0.2199334704028435
2026-09-16T13:11:59.272546,71.49,-8.730266200826085,-1.5796829746272496,0.0,-1.8167455923732865,0.0,0.0,-0.7885040054859599,0.6150296198823252,0.17457589146863903,0.00025351979268225676,0.0,0.0,0.0,0.22386902567447803
2026-09-16T13:11:59.292104,71.51,-8.731133407602542,-1.583169938071796,0.0,-1.8122715713810527,0.0,0.0,-0.7871262059970083,0.6167919712778006,0.17816761020305408,0.00025240196239997484,0.0,0.0,0.0,0.22388712890345974
2026-09-16T13:11:59.310998,71.53,-8.731977738721666,-1.586631595765708,0.0,-1.8077928006600066,0.0,0.0,-0.7857429985826473,0.6185531021491607,0.17823141677884197,0.00025132966448550374,0.0,0.0,0.0,0.22362794146875078
2026-09-16T13:11:59.338067,71.55,-8.732806565297329,-1.5900969963057554,0.0,-1.8033173544027323,0.0,0.0,-0.784356881889034,0.6203098272906146,0.17823048622337617,0.0002502686614575356,0.0,0.0,0.0,0.22399459966402083
2026-09-16T13:11:59.351161,71.57,-8.733619939767717,-1.593566368420867,0.0,-1.798841601495119,0.0,0.0,-0.7829667422266514,0.6220635663394734,0.1782401944598329,0.00024922848637861376,0.0,0.0,0.0,0.2155767750417232
2026-09-16T13:11:59.372705,71.59,-8.734432315931095,-1.5971015093224514,0.0,-1.7945269900281016,0.0,0.0,-0.7816229400189172,0.6237512161400443,0.18145094805117218,0.0002481788871646907,0.0,0.0,0.0,0.2161526825085176
2026-09-16T13:11:59.391636,71.61,-8.735231494818382,-1.6006491299570005,0.0,-1.790205246902273,0.0,0.0,-0.7802732699615121,0.6254387453488705,0.18191910779171813,0.0002470948930095788,0.0,0.0,0.0,0.21569467942438178
2026-09-16T13:11:59.415949,71.63,-8.736015325051804,-1.6042001582507426,0.0,-1.7858813865702092,0.0,0.0,-0.7789192926489422,0.6271241787232187,0.181917937354343,0.0002460281250916326,0.0,0.0,0.0,0.21607585436468896
2026-09-16T13:11:59.432946,71.65,-8.73678427385566,-1.6077567368009498,0.0,-1.78156065961633,0.0,0.0,-0.7775626598577744,0.6288054627584775,0.18199537793723947,0.00024498170384170206,0.0,0.0,0.0,0.21558721546613474
2026-09-16T13:11:59.452733,71.67,-8.737537691426935,-1.6113159388246037,0.0,-1.7772322454854967,0.0,0.0,-0.7761999747245762,0.6304867954506004,0.1819942298042111,0.00024395067791116266,0.0,0.0,0.0,0.22398563964132628
2026-09-16T13:11:59.475739,71.69,-8.738272465089866,-1.614863734751203,0.0,-1.772758406417415,0.0,0.0,-0.7747876856946625,0.6322215134712744,0.1812395860788268,0.00024300728656638092,0.0,0.0,0.0,0.22357903179973834
2026-09-16T13:11:59.500749,71.71,-8.738991314374202,-1.6184148011911474,0.0,-1.7682916242364324,0.0,0.0,-0.7733737566395686,0.6339503391758705,0.18123852411021685,0.00024214337872864198,0.0,0.0,0.0,0.22315991615305983
2026-09-16T13:11:59.518994,71.72,-8.739344626822595,-1.6201887500019505,0.0,-1.7660559802575424,0.0,0.0,-0.7726646299825418,0.6348144371183927,0.18103015158436508,0.00024125036596662778,0.0,0.0,0.0,0.22352092056141543
2026-09-16T13:11:59.542788,71.75,-8.740380154415604,-1.6255203709826578,0.0,-1.7593467927882345,0.0,0.0,-0.7705307419341562,0.6374028363087184,0.18110827331955923,0.0002404596467238712,0.0,0.0,0.0,0.22370641335368294
2026-09-16T13:11:59.560709,71.77,-8.741050823582016,-1.629078252399591,0.0,-1.7548743054652864,0.0,0.0,-0.7691034284409047,0.6391243356033676,0.18110692372542234,0.00023963758872578788,0.0,0.0,0.0,0.2330660552986414
2026-09-16T13:11:59.582874,71.79,-8.741734627821613,-1.6327981223724406,0.0,-1.75021181891574,0.0,0.0,-0.7676113855609485,0.6409155644522926,0.18922680548598295,0.00023909286698581915,0.0,0.0,0.0,0.23356625641420975
2026-09-16T13:11:59.603266,71.81,-8.742405185210016,-1.636545109592543,0.0,-1.7455378828431336,0.0,0.0,-0.7661114916132253,0.642707695938176,0.19045964499382878,0.0002387431559486605,0.0,0.0,0.0,0.23400224057818209
2026-09-16T13:11:59.621758,71.83,-8.743058829992924,-1.6402988361766944,0.0,-1.740858733223131,0.0,0.0,-0.7646057335524418,0.6444983104855531,0.19064559460888406,0.00023842439069094316,0.0,0.0,0.0,0.23403893206337922
2026-09-16T13:11:59.642471,71.85,-8.743694997603786,-1.6440561342007078,0.0,-1.7361758570569557,0.0,0.0,-0.7630945861322437,0.6462868191566804,0.19067242585864305,0.00023811261687935246,0.0,0.0,0.0,0.23271006535492597
2026-09-16T13:11:59.661539,71.87,-8.744313621163386,-1.647816447292542,0.0,-1.7315264444817209,0.0,0.0,-0.7615900984738091,0.6480590419912786,0.19067508772768577,0.00023778709214848895,0.0,0.0,0.0,0.2209209855672212
2026-09-16T13:11:59.681705,71.89,-8.74491735548069,-1.6515937902067814,0.0,-1.727104580336068,0.0,0.0,-0.7601554237106465,0.6497412806673803,0.1913981626608352,0.00023734616577446543,0.0,0.0,0.0,0.22089295022289657
2026-09-16T13:11:59.701017,71.91,-8.745504826579568,-1.6553759009160287,0.0,-1.7226848765506875,0.0,0.0,-0.7587177367924454,0.6514195237145949,0.19150705582004057,0.0002367825935044402,0.0,0.0,0.0,0.22081237519093405
2026-09-16T13:11:59.723255,71.93,-8.746075614692225,-1.6591609015835478,0.0,-1.7182643672203912,0.0,0.0,-0.7572760816705468,0.6530948906014372,0.19152225190444144,0.00023623161969020315,0.0,0.0,0.0,0.22141354920377737
2026-09-16T13:11:59.742880,71.95,-8.746629663808323,-1.662948440089626,0.0,-1.7138375244502737,0.0,0.0,-0.7558286536178923,0.6547694604745736,0.19152316924869575,0.00023569806193144143,0.0,0.0,0.0,0.22162205758665654
2026-09-16T13:11:59.764158,71.97,-8.747166950826301,-1.66673839277938,0.0,-1.709409474786292,0.0,0.0,-0.7543771264578015,0.6564412777067498,0.1915215326890071,0.00023517285215174475,0.0,0.0,0.0,0.22024079724528506
2026-09-16T13:11:59.783397,71.99,-8.74772615334921,-1.670811235373162,0.0,-1.7050075371030622,0.0,0.0,-0.7529304936255423,0.6581000469296421,0.20574659306678056,0.00023491234168360837,0.0,0.0,0.0,0.22168564646947397
2026-09-16T13:11:59.822808,72.01,-8.74827329525641,-1.6749320733578235,0.0,-1.7005761211351311,0.0,0.0,-0.7514704890870437,0.6597667042457351,0.20807493719665468,0.00023480177079894028,0.0,0.0,0.0,0.22156131721488684
2026-09-16T13:11:59.824360,72.03,-8.74880212465408,-1.6790552271606862,0.0,-1.6961403684667264,0.0,0.0,-0.7500053610955627,0.6614317488055095,0.20807208045737038,0.00023472132579452782,0.0,0.0,0.0,0.22164264139911738
2026-09-16T13:11:59.858915,72.05,-8.749314072821333,-1.6831919971173952,0.0,-1.691696296939122,0.0,0.0,-0.7485337857502755,0.6630966532794149,0.2084512024255614,0.0002346513854890823,0.0,0.0,0.0,0.2221544865020879
2026-09-16T13:11:59.879195,72.07,-8.74980741395348,-1.68732927945097,0.0,-1.6872585579971084,0.0,0.0,-0.7470606193792761,0.6647559183434566,0.20852122124695785,0.00023459206178253047,0.0,0.0,0.0,0.23277306458609145
2026-09-16T13:11:59.897609,72.09,-8.750280502005191,-1.6914554805215924,0.0,-1.6826011675657309,0.0,0.0,-0.7455105812644847,0.6664937908358114,0.20787870316952822,0.00023465861259353447,0.0,0.0,0.0,0.2326835495058673
2026-09-16T13:11:59.918834,72.12,-8.75095339689211,-1.6976445401672964,0.0,-1.6756114075983355,0.0,0.0,-0.7431767172995581,0.6690951852045063,0.20754269459935729,0.00023502164924615133,0.0,0.0,0.0,0.23312561714598048
2026-09-16T13:11:59.941037,72.13,-8.75116830682254,-1.69970986251494,0.0,-1.6732795091161257,0.0,0.0,-0.7423960813017572,0.6699612365411859,0.20775176257791084,0.00023503454184074918,0.0,0.0,0.0,0.23302853966707526
2026-09-16T13:11:59.962024,72.15,-8.751583317363092,-1.7038398459981594,0.0,-1.668616489036679,0.0,0.0,-0.7408320435586949,0.671690317956607,0.20774634613990592,0.0002352189695127659,0.0,0.0,0.0,0.23337396884498976
2026-09-16T13:11:59.982481,72.17,-8.751979053639365,-1.7079717120290865,0.0,-1.663953181795682,0.0,0.0,-0.7392638820100478,0.6734158542501314,0.20774329597296304,0.00023540705128072343,0.0,0.0,0.0,0.23333525195183832
2026-09-16T13:12:00.002511,72.19,-8.752355497669065,-1.7121053805508246,0.0,-1.6593803698686336,0.0,0.0,-0.7377222490200638,0.6751043499347187,0.207740733970015,0.00023559898277612974,0.0,0.0,0.0,0.223497512835035
2026-09-16T13:12:00.037608,72.21,-8.752766932649577,-1.7168477350403046,0.0,-1.6549154534656738,0.0,0.0,-0.7362132696741075,0.6767496003366088,0.22815765731065876,0.00023593618494994773,0.0,0.0,0.0,0.22512830718858035
2026-09-16T13:12:00.058853,72.23,-8.75314556116267,-1.7214617234629728,0.0,-1.650410152699649,0.0,0.0,-0.7346869227850771,0.6784063129781401,0.23181529210597807,0.00023649917844626025,0.0,0.0,0.0,0.22552056664487627
2026-09-16T13:12:00.078866,72.25,-8.753505028998855,-1.7260991344198724,0.0,-1.6458932271285485,0.0,0.0,-0.7331528949850765,0.6800638444844729,0.2325853413245032,0.00023712742568784333,0.0,0.0,0.0,0.22602145010819952
2026-09-16T13:12:00.097046,72.28,-8.754003943717324,-1.7330488767005392,0.0,-1.6390776384460226,0.0,0.0,-0.7308311246787293,0.6825583251274748,0.2324151427958562,0.00023841174123633067,0.0,0.0,0.0,0.22985199302958
2026-09-16T13:12:00.116305,72.29,-8.754160253160213,-1.7353694609953785,0.0,-1.636778404653802,0.0,0.0,-0.7300459613283238,0.6833980497105648,0.2327531461829505,0.00023843643080477807,0.0,0.0,0.0,0.23035333246460274
2026-09-16T13:12:00.137490,72.31,-8.754456079117706,-1.7400088737584734,0.0,-1.6321737100658245,0.0,0.0,-0.7284706081538407,0.685077056290731,0.2327767688437271,0.00023916838020965166,0.0,0.0,0.0,0.23069770789217245
2026-09-16T13:12:00.155208,72.33,-8.754730527465176,-1.7446496992847704,0.0,-1.6275610451880687,0.0,0.0,-0.7268886566881189,0.686755328176012,0.23277757270366364,0.00023989694244086376,0.0,0.0,0.0,0.23094045971178523
2026-09-16T13:12:00.175140,72.35,-8.754983555796887,-1.7492917599315378,0.0,-1.6229437829017175,0.0,0.0,-0.7253012562814759,0.6884316143499751,0.23277432513082785,0.00024062320073899482,0.0,0.0,0.0,0.23089732541418564
2026-09-16T13:12:00.200249,72.37,-8.755215152956321,-1.753934939342491,0.0,-1.618309505641855,0.0,0.0,-0.7237041191032502,0.6901103882662459,0.2327702321710273,0.00024133684237022875,0.0,0.0,0.0,0.23440919256506693
2026-09-16T13:12:00.219223,72.39,-8.755452621293538,-1.7591702660970396,0.0,-1.6136156610441434,0.0,0.0,-0.7220824920349421,0.691806963463514,0.2537231995510876,0.00024255199268399203,0.0,0.0,0.0,0.23511318041834475
2026-09-16T13:12:00.235606,72.41,-8.75565806654469,-1.7642445928661854,0.0,-1.608910602294306,0.0,0.0,-0.7204529991890714,0.6935037678048129,0.2543714280294502,0.00024393542744089103,0.0,0.0,0.0,0.23529049298483729
2026-09-16T13:12:00.258301,72.43,-8.755839712505573,-1.76932231876156,0.0,-1.604201431220331,0.0,0.0,-0.7188180896352777,0.6951982120324317,0.2544919463447717,0.00024530967472551784,0.0,0.0,0.0,0.23487193436519355
2026-09-16T13:12:00.278807,72.45,-8.755997442263576,-1.774400840137194,0.0,-1.5994913639003003,0.0,0.0,-0.717178882611334,0.6968891234166009,0.25448639084684416,0.00024665966952070747,0.0,0.0,0.0,0.23618229015040582
2026-09-16T13:12:00.296482,72.47,-8.75613122653443,-1.7794808689416286,0.0,-1.5947703247613463,0.0,0.0,-0.7155318656471285,0.6985800950811151,0.25450993251562365,0.0002480171838731927,0.0,0.0,0.0,0.24791795939347697
2026-09-16T13:12:00.318155,72.49,-8.756245903483501,-1.784803268415642,0.0,-1.5898102764791398,0.0,0.0,-0.713797171477486,0.7003524812483642,0.26666583266887145,0.0002497971157834372,0.0,0.0,0.0,0.24913440559560032
2026-09-16T13:12:00.341861,72.51,-8.756334669477289,-1.790174711321301,0.0,-1.5848285137581644,0.0,0.0,-0.7120504639675787,0.7021282908155432,0.269117262023995,0.000251884549419061,0.0,0.0,0.0,0.2494226947219053
2026-09-16T13:12:00.362947,72.53,-8.756396719459417,-1.7955563396901464,0.0,-1.5798326318823723,0.0,0.0,-0.710294369297576,0.7039047584326723,0.2696075322100873,0.0002539922037296488,0.0,0.0,0.0,0.2498762771245927
2026-09-16T13:12:00.388109,72.55,-8.756431879141777,-1.8009401936917926,0.0,-1.5748292064987721,0.0,0.0,-0.7085311809553663,0.7056795063015462,0.26970153162635424,0.00025608301099312486,0.0,0.0,0.0,0.2502552517129772
2026-09-16T13:12:00.403223,72.57,-8.756440102210474,-1.8063241533637866,0.0,-1.569824358947501,0.0,0.0,-0.7067630551697097,0.7074503401986446,0.2696952262972849,0.00025815018974485596,0.0,0.0,0.0,0.24085874897803342
2026-09-16T13:12:00.428630,72.59,-8.756421675763479,-1.8117351716196641,0.0,-1.56501302767035,0.0,0.0,-0.7050591227386415,0.709148527068214,0.27103940994928116,0.00026007125517048463,0.0,0.0,0.0,0.24184379142639673
2026-09-16T13:12:00.443574,72.61,-8.75637724054959,-1.8171511717275026,0.0,-1.5601759044947332,0.0,0.0,-0.7033419429235377,0.7108516802572411,0.2713032824889933,0.00026183849445860586,0.0,0.0,0.0,0.24171336285335643
2026-09-16T13:12:00.464564,72.63,-8.756306608226128,-1.8225668853542343,0.0,-1.55534288180758,0.0,0.0,-0.7016221098552738,0.7125492368687472,0.2712970864128932,0.00026358719180303794,0.0,0.0,0.0,0.2430882540577548
2026-09-16T13:12:00.505847,72.65,-8.756209731311621,-1.8279835073586819,0.0,-1.5504898483092129,0.0,0.0,-0.6998910333254248,0.7142496352611383,0.2713569653500029,0.0002653311742867135,0.0,0.0,0.0,0.24261222329637067
2026-09-16T13:12:00.526660,72.67,-8.756086540908717,-1.8333995930814064,0.0,-1.545636994204607,0.0,0.0,-0.6981559000688228,0.7159457655430975,0.2713509184804318,0.000267059198695865,0.0,0.0,0.0,0.24988720189309468
2026-09-16T13:12:00.544398,72.69,-8.75592404792319,-1.8392846574689947,0.0,-1.5406273602652245,0.0,0.0,-0.6963603986895194,0.7176922705010649,0.2949453877602325,0.0002693905097847439,0.0,0.0,0.0,0.25292262099899954
2026-09-16T13:12:00.564992,72.71,-8.755728302493962,-1.8452716569709693,0.0,-1.5355737247795238,0.0,0.0,-0.694544699993788,0.7194495532770446,0.30014492417153954,0.0002721313901464015,0.0,0.0,0.0,0.25405575943470277
2026-09-16T13:12:00.586608,72.73,-8.75550129584374,-1.8512802779745983,0.0,-1.530500052592755,0.0,0.0,-0.6927173414742899,0.721209182429614,0.30128591767334023,0.000274960390921349,0.0,0.0,0.0,0.25465685527824267
2026-09-16T13:12:00.604029,72.75,-8.75524351009983,-1.857292673139542,0.0,-1.5254052289024242,0.0,0.0,-0.6908778790206013,0.7229714768094212,0.3015314219738103,0.00027779067558480054,0.0,0.0,0.0,0.25490608332187203
2026-09-16T13:12:00.624470,72.77,-8.75495502853639,-1.86330478109259,0.0,-1.5203072418518981,0.0,0.0,-0.6890327869601821,0.7247301694381739,0.30157940402859584,0.00028059216553803795,0.0,0.0,0.0,0.2530823561714236
2026-09-16T13:12:00.646778,72.79,-8.75460009761337,-1.869999513310002,0.0,-1.5152463360856938,0.0,0.0,-0.68719668736722,0.726471412287861,0.3359882552583952,0.0002840831683241398,0.0,0.0,0.0,0.25665798594943445
2026-09-16T13:12:00.665754,72.81,-8.754201083172033,-1.8768593202393704,0.0,-1.5101108895083901,0.0,0.0,-0.6853290464408032,0.7282335464015233,0.3444350678731843,0.0002879981144234906,0.0,0.0,0.0,0.2582935311964875
2026-09-16T13:12:00.689797,72.83,-8.753764043755325,-1.883757994988884,0.0,-1.5049468383715934,0.0,0.0,-0.6834464463997538,0.7300006540432333,0.3465022692276167,0.00029205791217846376,0.0,0.0,0.0,0.2597310871887837
2026-09-16T13:12:00.706090,72.85,-8.753290597450503,-1.8906643911054044,0.0,-1.4997628665518699,0.0,0.0,-0.6815520012800581,0.7317696834053373,0.34700191530361196,0.0002961332158455527,0.0,0.0,0.0,0.25931968623055585
2026-09-16T13:12:00.724587,72.87,-8.75278131307158,-1.8975682213945504,0.0,-1.4945633540914356,0.0,0.0,-0.6796472774170161,0.7335390775545891,0.3469909830147963,0.00030016479201603306,0.0,0.0,0.0,0.26055803130950506
2026-09-16T13:12:00.748160,72.89,-8.752235786268166,-1.9044730397157226,0.0,-1.4892030263827363,0.0,0.0,-0.6776788338030234,0.7353580068343406,0.34710567496704314,0.00030417577494371007,0.0,0.0,0.0,0.2793101406969756
2026-09-16T13:12:00.766457,72.91,-8.75162881932461,-1.9116540890042357,0.0,-1.483620256501819,0.0,0.0,-0.6756235290251908,0.7372468019785146,0.3572061774174803,0.0003090708169347597,0.0,0.0,0.0,0.2791468404754488
2026-09-16T13:12:00.784663,72.93,-8.750988467787241,-1.9187513035430206,0.0,-1.4780298195091452,0.0,0.0,-0.6735601264066308,0.7391324347605668,0.3571948679605495,0.000314035667400563,0.0,0.0,0.0,0.280633185415891
2026-09-16T13:12:00.818406,72.96,-8.749930491157963,-1.9296045219991425,0.0,-1.469742706194796,0.0,0.0,-0.6704917158603696,0.7419170162239288,0.3765257583268701,0.00032371706976518365,0.0,0.0,0.0,0.26766155366238165
2026-09-16T13:12:00.837208,72.97,-8.749546921483978,-1.9333551928737411,0.0,-1.4670713968709477,0.0,0.0,-0.6695001731639297,0.7428118995637241,0.3775205854717413,0.00032403171017510163,0.0,0.0,0.0,0.26316391893361224
2026-09-16T13:12:00.862074,72.99,-8.748685767543574,-1.9414233732499806,0.0,-1.461805219066923,0.0,0.0,-0.6675419647813663,0.7445721759882202,0.4068229707990286,0.00032946418052448844,0.0,0.0,0.0,0.26320454356523637
2026-09-16T13:12:00.887467,73.01,-8.74778189807115,-1.949485950142974,0.0,-1.4564962218868156,0.0,0.0,-0.6655631494411194,0.7463415398502338,0.4068083810812407,0.0003349527962344842,0.0,0.0,0.0,0.26780927345503386
2026-09-16T13:12:00.907079,73.03,-8.746803222720885,-1.9578173676812451,0.0,-1.4511411331095212,0.0,0.0,-0.6635624034360028,0.7481209372462686,0.4167270383880147,0.00034075681945693124,0.0,0.0,0.0,0.26927698720656085
2026-09-16T13:12:00.933869,73.05,-8.745787589462505,-1.9660768137036229,0.0,-1.4457644297789636,0.0,0.0,-0.6615487958319479,0.7499021207686372,0.41727224447277417,0.00034661981871994427,0.0,0.0,0.0,0.26949460471039915
2026-09-16T13:12:00.947464,73.06,-8.745261550620999,-1.9701998061716357,0.0,-1.4430643820125593,0.0,0.0,-0.6605358075087906,0.7507945437992406,0.41623432638493113,0.00035201724620085293,0.0,0.0,0.0,0.2695977656083319
2026-09-16T13:12:00.968432,73.09,-8.743486978261666,-1.9835943212429878,0.0,-1.4348278281094866,0.0,0.0,-0.6574382349803655,0.7535084386958794,0.4685701035846945,0.0003592394964086574,0.0,0.0,0.0,0.2818595373569935
2026-09-16T13:12:00.986259,73.11,-8.742152518794757,-1.9931489760355696,0.0,-1.429185230274138,0.0,0.0,-0.6553097487451499,0.7553602671570491,0.48390495097493047,0.00036737714201979935,0.0,0.0,0.0,0.28208691501585365
2026-09-16T13:12:01.009322,73.13,-8.740763900990581,-2.0026954215080766,0.0,-1.4235074652089605,0.0,0.0,-0.6531627319051598,0.7572175682392666,0.48388543616979696,0.00037565572868751833,0.0,0.0,0.0,0.286234167388291
2026-09-16T13:12:01.029202,73.15,-8.739296351139219,-2.0123969291012838,0.0,-1.4177872674531191,0.0,0.0,-0.6509943462527183,0.7590825786085437,0.48985393105561953,0.00038415839724666477,0.0,0.0,0.0,0.28599270917088465
2026-09-16T13:12:01.046999,73.17,-8.737780185738243,-2.0220444368095345,0.0,-1.412083459931368,0.0,0.0,-0.648826871344238,0.7609360623742626,0.48983441552323126,0.00039257039082781154,0.0,0.0,0.0,0.2850849520339348
2026-09-16T13:12:01.064863,73.19,-8.73620712646063,-2.0316953665369146,0.0,-1.4062909832304864,0.0,0.0,-0.6466203009774423,0.7628120255763159,0.4902296731132738,0.00040080257692992675,0.0,0.0,0.0,0.2943034254645723
2026-09-16T13:12:01.087194,73.21,-8.734577215166787,-2.041337185739851,0.0,-1.4004014272788836,0.0,0.0,-0.6443711885192033,0.7647128686025555,0.4903722721537721,0.00040943580857559015,0.0,0.0,0.0,0.2958219089128394
2026-09-16T13:12:01.107382,73.23,-8.732890639759587,-2.0509682217236307,0.0,-1.394486005897579,0.0,0.0,-0.6421065738957318,0.7666153845050888,0.49036461983291385,0.00041795826290782513,0.0,0.0,0.0,0.29574323444982314
2026-09-16T13:12:01.127634,73.25,-8.731147079617974,-2.0605891052160774,0.0,-1.3885529622524457,0.0,0.0,-0.6398295706159721,0.7685168316734389,0.49034601063910166,0.00042637883723529524,0.0,0.0,0.0,0.29910637349191566
2026-09-16T13:12:01.154533,73.26,-8.730252202219821,-2.0653879992899142,0.0,-1.3855663948334782,0.0,0.0,-0.6386812440006365,0.7694714215367582,0.48888846562918326,0.0004341135040606418,0.0,0.0,0.0,0.2989108873373265
2026-09-16T13:12:01.170219,73.29,-8.72748641883708,-2.0797987381538774,0.0,-1.3761938343386697,0.0,0.0,-0.6350682853778393,0.7724560006286774,0.4903141579634246,0.0004436805488315948,0.0,0.0,0.0,0.31894635791238585
2026-09-16T13:12:01.191407,73.31,-8.725564914237738,-2.089385767720426,0.0,-1.3697945669621154,0.0,0.0,-0.6325934625502401,0.7744840289758712,0.49029624133157534,0.00045299570093463063,0.0,0.0,0.0,0.32107078262480343
2026-09-16T13:12:01.208074,73.33,-8.723581962316702,-2.0989602799907807,0.0,-1.3633750104016416,0.0,0.0,-0.6301042861041123,0.7765105206197962,0.49027864056302967,0.00046225356090570256,0.0,0.0,0.0,0.3253036606714372
2026-09-16T13:12:01.235902,73.35,-8.7215372112999,-2.1085217856248186,0.0,-1.3568713007024171,0.0,0.0,-0.6275758595173179,0.7785554190621883,0.4902612068586214,0.00047150198307613323,0.0,0.0,0.0,0.3254235132890756
2026-09-16T13:12:01.258348,73.37,-8.719430182242283,-2.1180697613997865,0.0,-1.3503598063223525,0.0,0.0,-0.6250377582629564,0.7805945174965156,0.49024395737276477,0.0004807205048001732,0.0,0.0,0.0,0.33089403832257813
2026-09-16T13:12:01.279467,73.39,-8.717260664376846,-2.127603733045845,0.0,-1.3437425955101086,0.0,0.0,-0.6224516626340796,0.7826582445001585,0.490226927887176,0.0004899273666216456,0.0,0.0,0.0,0.3312328780472145
2026-09-16T13:12:01.309888,73.41,-8.71502796354823,-2.137123107774327,0.0,-1.3371170039325289,0.0,0.0,-0.6198554648592637,0.7847160012922548,0.49021010931266756,0.0004991460967270305,0.0,0.0,0.0,0.33107271684074197
2026-09-16T13:12:01.327541,73.43,-8.7127323113382,-2.1466274982330185,0.0,-1.3304852699665937,0.0,0.0,-0.617250048103558,0.786767041833957,0.49019350236071135,0.0005081793102516256,0.0,0.0,0.0,0.3349002077260489
2026-09-16T13:12:01.355140,73.45,-8.710373257064106,-2.1561163513843495,0.0,-1.3237797919890941,0.0,0.0,-0.6146087593021922,0.7888320942944829,0.49017710401926906,0.000517246693498093,0.0,0.0,0.0,0.3395925653117872
2026-09-16T13:12:01.368179,73.47,-8.707950287684742,-2.1655890861688425,0.0,-1.316990613538756,0.0,0.0,-0.6119274623796823,0.7909138896147686,0.49016091171900134,0.0005263435419068304,0.0,0.0,0.0,0.3395591154127046
2026-09-16T13:12:01.390455,73.49,-8.705462932398481,-2.175045119689698,0.0,-1.3099747432684896,0.0,0.0,-0.6091492283815445,0.7930556207241513,0.49014492294285555,0.0005354155631624281,0.0,0.0,0.0,0.36428714743781665
2026-09-16T13:12:01.410176,73.51,-8.702907009183122,-2.184482854371752,0.0,-1.3026832526559429,0.0,0.0,-0.6062539077430933,0.7952711483174961,0.49012913514123513,0.000545678433415294,0.0,0.0,0.0,0.3665754819979219
2026-09-16T13:12:01.430606,73.53,-8.70028215068701,-2.193901649921377,0.0,-1.295348730117998,0.0,0.0,-0.6033333705089101,0.7974890870917033,0.49011354578317845,0.0005558848481665556,0.0,0.0,0.0,0.36902203932319927
2026-09-16T13:12:01.447101,73.55,-8.697588030817835,-2.2033008691470606,0.0,-1.2879644434831246,0.0,0.0,-0.6003848209028746,0.7997112396543037,0.49009815237645077,0.0005660593946754409,0.0,0.0,0.0,0.3718166146623122
2026-09-16T13:12:01.476593,73.57,-8.694824330533159,-2.212679865712447,0.0,-1.2805318764697884,0.0,0.0,-0.5974087281721759,0.8019369124212348,0.49008295245831274,0.0005762118826856795,0.0,0.0,0.0,0.3943226307346855
2026-09-16T13:12:01.495674,73.59,-8.691989309177433,-2.2220375511233654,0.0,-1.2726372969546338,0.0,0.0,-0.594238604896356,0.8042888041312228,0.4900679435962407,0.000586912056823351,0.0,0.0,0.0,0.3946657839086984
2026-09-16T13:12:01.544990,73.61,-8.689080003238143,-2.231372412828806,0.0,-1.2647471449191539,0.0,0.0,-0.5910610084070054,0.8066268557027431,0.4900531233894869,0.0005980762503251702,0.0,0.0,0.0,0.39448001450517683
2026-09-16T13:12:01.563299,73.63,-8.686097134822974,-2.2406840292885746,0.0,-1.256795764905763,0.0,0.0,-0.5878494473439384,0.8089703500483971,0.4900384894658834,0.0006090401698004806,0.0,0.0,0.0,0.40043244633444963
2026-09-16T13:12:01.590161,73.65,-8.683039812198158,-2.2499714672440327,0.0,-1.248795024838471,0.0,0.0,-0.5846085715694592,0.8113154861381092,0.4900240394844899,0.0006201391241108852,0.0,0.0,0.0,0.40306884873912974
2026-09-16T13:12:01.607685,73.67,-8.679908029595868,-2.25923406206142,0.0,-1.2407298039143588,0.0,0.0,-0.5813321076890423,0.8136663816146121,0.49000977113295163,0.0006311331812920021,0.0,0.0,0.0,0.42288564363180503
2026-09-16T13:12:01.623071,73.69,-8.676700233390077,-2.2684706076243475,0.0,-1.2322799924900274,0.0,0.0,-0.5778892658410741,0.8161151857585204,0.48999568212851846,0.000642586338794039,0.0,0.0,0.0,0.4297748563721806
2026-09-16T13:12:01.645127,73.71,-8.673413558563146,-2.2776793843242884,0.0,-1.2236877412473275,0.0,0.0,-0.5743778103119652,0.8185903316196889,0.4899817702170388,0.000654597597441046,0.0,0.0,0.0,0.4295030216476676
2026-09-16T13:12:01.665749,73.73,-8.670047751586065,-2.286859535007203,0.0,-1.2150943921246986,0.0,0.0,-0.5708553029754515,0.8210506823971377,0.48996803317197535,0.0006665780525066053,0.0,0.0,0.0,0.4328268020025157
2026-09-16T13:12:01.683051,73.75,-8.666602983970215,-2.2960103489068984,0.0,-1.2064391921038287,0.0,0.0,-0.5672967896089658,0.8235134197445484,0.48995446879560967,0.0006784305561120095,0.0,0.0,0.0,0.43295870492746164
2026-09-16T13:12:01.704125,73.77,-8.663079039599557,-2.305130965385668,0.0,-1.1977240287584339,0.0,0.0,-0.56370288792652,0.8259776353771943,0.48994107491743216,0.0006901841167144102,0.0,0.0,0.0,0.4566059632397293
2026-09-16T13:12:01.724164,73.79,-8.659474009413334,-2.314219837569026,0.0,-1.1885955993002193,0.0,0.0,-0.5599270901915714,0.82854188407684,0.4899278493945997,0.0007025710009652625,0.0,0.0,0.0,0.4604398305745588
2026-09-16T13:12:01.745858,73.81,-8.655785501021487,-2.3232751570542853,0.0,-1.1793916383962373,0.0,0.0,-0.5561082409756782,0.831109874997847,0.48991479011099354,0.0007153548953826935,0.0,0.0,0.0,0.4642916859543808
2026-09-16T13:12:01.763953,73.83,-8.652013427510283,-2.332295987094039,0.0,-1.1701069597388238,0.0,0.0,-0.552243968354015,0.8336825531439468,0.48990189497677367,0.0007281407306170418,0.0,0.0,0.0,0.46853568589560846
2026-09-16T13:12:01.798001,73.85,-8.64815738498194,-2.3412812448707965,0.0,-1.1607402450977429,0.0,0.0,-0.5483334929357361,0.8362597566096883,0.48988916192879417,0.0007409424148580744,0.0,0.0,0.0,0.34410012784645255
2026-09-16T13:12:01.817745,73.87,-8.644225638721652,-2.3502336374458115,0.0,-1.1538558220855495,0.0,0.0,-0.5454516671148447,0.8381422784000558,0.48987658892991714,0.0007500544738323254,0.0,0.0,0.0,0.3582277678588181
2026-09-16T13:12:01.844313,73.89,-8.640234259653393,-2.3591595800550818,0.0,-1.1466950110991752,0.0,0.0,-0.5424472881572396,0.8400898401783328,0.4898641739670085,0.0007558262099759533,0.0,0.0,0.0,0.3590143434571884
2026-09-16T13:12:01.868125,73.92,-8.636179642777558,-2.3680516827023164,0.0,-1.1395185888353243,0.0,0.0,-0.5394293828385105,0.8420308432180282,0.48888889265980573,0.0007561917905111361,0.0,0.0,0.0,0.3644672223584699
2026-09-16T13:12:01.882988,73.93,-8.63412706714934,-2.3724940619851966,0.0,-1.1358706740488957,0.0,0.0,-0.5378926580161439,0.8430133382410552,0.4898397336403251,0.0007577967295571901,0.0,0.0,0.0,0.3645669480740833
2026-09-16T13:12:01.924935,73.95,-8.62774231779165,-2.38604297092541,0.0,-1.1249068035583487,0.0,0.0,-0.5332632543804123,0.8459493492683895,0.49765450495522545,0.0007964079777647597,0.0,0.0,0.0,0.3670778360335642
2026-09-16T13:12:01.944458,73.97,-8.623395213779068,-2.39505238399033,0.0,-1.1175379933857386,0.0,0.0,-0.5301428218691218,0.8479083608625667,0.4999900972443778,0.0008026746118705536,0.0,0.0,0.0,0.3893188870693876
2026-09-16T13:12:01.968043,73.99,-8.618979410797573,-2.404030349356517,0.0,-1.109750866418464,0.0,0.0,-0.5268374267449991,0.8499660733115809,0.500893374239016,0.0008095814861030311,0.0,0.0,0.0,0.39160757540207164
2026-09-16T13:12:01.985337,74.01,-8.614495786336157,-2.4129681899830335,0.0,-1.1019280848595132,0.0,0.0,-0.5235088557280916,0.8520202333127214,0.5009444112772399,0.0008170142935126878,0.0,0.0,0.0,0.39140266836257054
2026-09-16T13:12:02.006606,74.03,-8.609942134890558,-2.421870980743908,0.0,-1.0940998567493407,0.0,0.0,-0.5201699497246216,0.8540627748611249,0.5009512199289387,0.0008243650330536616,0.0,0.0,0.0,0.39334339044884004
2026-09-16T13:12:02.026442,74.05,-8.605318772467323,-2.430737897167819,0.0,-1.0862377130751244,0.0,0.0,-0.5168085570776825,0.8561009959877888,0.5009448673539769,0.0008316237811895209,0.0,0.0,0.0,0.39524382187245
2026-09-16T13:12:02.045569,74.07,-8.600625661446639,-2.4395681339938258,0.0,-1.0783425462334262,0.0,0.0,-0.5134250089409325,0.8581344651008975,0.5009346719347976,0.0008388534910014927,0.0,0.0,0.0,0.4156326063093307
2026-09-16T13:12:02.066225,74.09,-8.595861530077066,-2.4483602681742727,0.0,-1.0700229220065003,0.0,0.0,-0.5098508989367667,0.8602627859284457,0.5009234278593735,0.0008465952228020385,0.0,0.0,0.0,0.4157628760995213
2026-09-16T13:12:02.085776,74.11,-8.591023967100647,-2.4571122182188385,0.0,-1.0616853890655824,0.0,0.0,-0.5062602444217535,0.8623807540280722,0.5009118180233061,0.0008548023499301663,0.0,0.0,0.0,0.4203836232817783
2026-09-16T13:12:02.109522,74.13,-8.586113241434031,-2.4658233337977453,0.0,-1.053274990248987,0.0,0.0,-0.5026292958023841,0.8645020480028948,0.5009005543838579,0.0008630579536067628,0.0,0.0,0.0,0.42290598807275687
2026-09-16T13:12:02.127408,74.15,-8.581129270401188,-2.4744927499125726,0.0,-1.0448252909806994,0.0,0.0,-0.4989724297090719,0.8666178594918439,0.5008892484228071,0.0008712835335791283,0.0,0.0,0.0,0.42225239263329
2026-09-16T13:12:02.157371,74.17,-8.576072180219052,-2.4831197186629828,0.0,-1.0363539797552273,0.0,0.0,-0.4952972699140417,0.8687235546568868,0.5008780708809054,0.0008793926714835965,0.0,0.0,0.0,0.440937644770732
2026-09-16T13:12:02.167919,74.19,-8.570940945743661,-2.4917027939701253,0.0,-1.0275395049081886,0.0,0.0,-0.491463801092439,0.8708980033366546,0.5008670392429712,0.0008879576885618866,0.0,0.0,0.0,0.44114960014553833
2026-09-16T13:12:02.201187,74.21,-8.565733855117657,-2.5002400660466995,0.0,-1.0186921242992613,0.0,0.0,-0.48760642187556813,0.8730635585945078,0.5008561409284689,0.0008968600824362874,0.0,0.0,0.0,0.44585435048710814
2026-09-16T13:12:02.218942,74.23,-8.560451090068002,-2.5087307200136526,0.0,-1.0097705468920593,0.0,0.0,-0.4837070313886258,0.8752299742268902,0.5008453800875307,0.0009057939207609464,0.0,0.0,0.0,0.44804892794960616
2026-09-16T13:12:02.247279,74.25,-8.555092595782618,-2.517173785552747,0.0,-1.0007998273301935,0.0,0.0,-0.4797764575161108,0.8773907628948983,0.5008347540588898,0.0009146886076085685,0.0,0.0,0.0,0.45093115098003367
2026-09-16T13:12:02.263009,74.27,-8.54965839138672,-2.525568322117915,0.0,-0.9917845825501939,0.0,0.0,-0.4758166504626826,0.8795444929862691,0.5008242615716442,0.0009235605328986988,0.0,0.0,0.0,0.4841734933260315
2026-09-16T13:12:02.282476,74.29,-8.544146569652888,-2.533912099730945,0.0,-0.9820995595979705,0.0,0.0,-0.4715518838882853,0.8818383189686243,0.5008139009631892,0.0009333188116041019,0.0,0.0,0.0,0.4842035909869034
2026-09-16T13:12:02.333634,74.31,-8.538553522406328,-2.5422016567543513,0.0,-0.9724191220916497,0.0,0.0,-0.4672780865041929,0.8841103946187829,0.5008036705815546,0.0009438599102528082,0.0,0.0,0.0,0.484367476042781
2026-09-16T13:12:02.353048,74.33,-8.532880479729744,-2.5504366742017455,0.0,-0.9627082718797708,0.0,0.0,-0.4629798634993263,0.8863687979583584,0.5007935687901114,0.0009542120190905564,0.0,0.0,0.0,0.48718621844924614
2026-09-16T13:12:02.382393,74.35,-8.527127488762725,-2.558616039911836,0.0,-0.9529380554950331,0.0,0.0,-0.4586443489149888,0.8886199194303187,0.5007835939740888,0.000964539921431627,0.0,0.0,0.0,0.48678138291355855
2026-09-16T13:12:02.396426,74.37,-8.521294844066803,-2.5667387973336906,0.0,-0.9432072448375924,0.0,0.0,-0.454315441338957,0.890840883525778,0.5007737445368992,0.0009747314592892216,0.0,0.0,0.0,0.514343365973519
2026-09-16T13:12:02.412893,74.39,-8.515381759616314,-2.5748031834600593,0.0,-0.93290617489083,0.0,0.0,-0.4497211284699757,0.8931690246575346,0.500764018902812,0.0009854633243436505,0.0,0.0,0.0,0.5178442593818398
2026-09-16T13:12:02.432189,74.41,-8.509385197536576,-2.5828056984136367,0.0,-0.9225503366024861,0.0,0.0,-0.445090363455162,0.8954856606106832,0.5007544155160093,0.0009969077940002553,0.0,0.0,0.0,0.521351549517893
2026-09-16T13:12:02.456350,74.43,-8.503305817964788,-2.590745480923578,0.0,-0.912128863140586,0.0,0.0,-0.4404182020634792,0.897792741834758,0.5007449328393266,0.0010083367611472673,0.0,0.0,0.0,0.5238828352229632
2026-09-16T13:12:02.474812,74.45,-8.497143788796587,-2.5986212919429916,0.0,-0.901650150071748,0.0,0.0,-0.43570832240108676,0.9000879167006024,0.5007355693557745,0.0010197192644394446,0.0,0.0,0.0,0.5240860770694988
2026-09-16T13:12:02.496598,74.47,-8.490899503747336,-2.6064320478635503,0.0,-0.8911399654939179,0.0,0.0,-0.4309722828559012,0.9023651652241309,0.5007263235672949,0.0010309829420714841,0.0,0.0,0.0,0.55932327184905
2026-09-16T13:12:02.513147,74.49,-8.48457134662086,-2.6141750063187237,0.0,-0.8799458132486719,0.0,0.0,-0.4259149521329776,0.9047632030258322,0.5007171939941539,0.0010431559393299155,0.0,0.0,0.0,0.5597471885708758
2026-09-16T13:12:02.547030,74.51,-8.47815630477023,-2.621846144237501,0.0,-0.8687252327205358,0.0,0.0,-0.42083229167681074,0.9071384581650387,0.5007081791760759,0.0010560590292738468,0.0,0.0,0.0,0.5631250277003347
2026-09-16T13:12:02.569377,74.53,-8.471655310867277,-2.6294445778793225,0.0,-0.8574335208870475,0.0,0.0,-0.4157040387125592,0.9094999462331305,0.5006992776702063,0.0010689305611228754,0.0,0.0,0.0,0.5695350445391815
2026-09-16T13:12:02.588963,74.55,-8.465068494863543,-2.6369687366368777,0.0,-0.8460425918622789,0.0,0.0,-0.4105172996986787,0.911852809749526,0.5006904880521086,0.001081853843936213,0.0,0.0,0.0,0.5758630197235927
2026-09-16T13:12:02.607743,74.57,-8.458396007334814,-2.6444170258640294,0.0,-0.8345288799469852,0.0,0.0,-0.4052611208754742,0.9142009756649543,0.5006818089159718,0.0010948040200947405,0.0,0.0,0.0,0.62182201872933
2026-09-16T13:12:02.630094,74.59,-8.45163549404258,-2.6517855086874893,0.0,-0.8220768451248337,0.0,0.0,-0.3995614718536712,0.9167064034957583,0.500673238872567,0.0011090553630914903,0.0,0.0,0.0,0.6260815232171231
2026-09-16T13:12:02.650993,74.61,-8.444782736874433,-2.659068298165953,0.0,-0.8095583924836005,0.0,0.0,-0.3938158095039105,0.9191893755830621,0.5006647765514551,0.00112451740082298,0.0,0.0,0.0,0.6261091456100485
2026-09-16T13:12:02.668152,74.63,-8.437839286810537,-2.6662646720332788,0.0,-0.7969807849832673,0.0,0.0,-0.388027458519023,0.9216478131234663,0.50065642059763,0.0011398027267954837,0.0,0.0,0.0,0.6322259607828192
2026-09-16T13:12:02.688392,74.65,-8.430805357439624,-2.673372635016766,0.0,-0.7843282959952652,0.0,0.0,-0.3821891633377625,0.9240841105804066,0.5006481696743647,0.0011551998296374204,0.0,0.0,0.0,0.6438689376037358
2026-09-16T13:12:02.708608,74.67,-8.423681484745348,-2.6803904481478686,0.0,-0.7714514191789084,0.0,0.0,-0.37623162430361334,0.9265256417789336,0.5006400224616004,0.0011706487962913662,0.0,0.0,0.0,0.7082700902677816
2026-09-16T13:12:02.732708,74.69,-8.416464294615052,-2.6873122553382753,0.0,-0.7572869248056358,0.0,0.0,-0.3696603600232138,0.929166948522981,0.5006319776557467,0.0011880306239279515,0.0,0.0,0.0,0.7115454514256674
2026-09-16T13:12:02.748995,74.71,-8.40914847839588,-2.6941297653477747,0.0,-0.7430468736794849,0.0,0.0,-0.3630353536112759,0.9317753656479312,0.5006240339703202,0.001207085033429651,0.0,0.0,0.0,0.7154501250122914
2026-09-16T13:12:02.769125,74.73,-8.401736101173412,-2.7008421606771087,0.0,-0.72874334622137,0.0,0.0,-0.35636228897760447,0.934347857596218,0.5006161901328622,0.0012260109580733364,0.0,0.0,0.0,0.718024499054618
2026-09-16T13:12:02.802878,74.75,-8.394228263151685,-2.7074476078964267,0.0,-0.714389048375553,0.0,0.0,-0.3496472144972547,0.9368814361456367,0.5006084448888911,0.001244792040259546,0.0,0.0,0.0,0.720133046710544
2026-09-16T13:12:02.823122,74.77,-8.386626224819636,-2.71394441844677,0.0,-0.6999845813054315,0.0,0.0,-0.34289056549478886,0.9393753563377443,0.5006007969994164,0.0012633670526597167,0.0,0.0,0.0,0.8123024426689488
2026-09-16T13:12:02.844113,74.79,-8.378926945629885,-2.7203256826797015,0.0,-0.6837403375577159,0.0,0.0,-0.3352496182640577,0.9421293400875506,0.5005932452401889,0.0012843767246472786,0.0,0.0,0.0,0.6300703967803818
2026-09-16T13:12:02.884483,74.81,-8.371142365458812,-2.72660266193388,0.0,-0.6751114202245438,0.0,0.0,-0.3311817325221802,0.9435669875761906,0.5005857884104216,0.0013023694722918324,0.0,0.0,0.0,0.40714917328500144
2026-09-16T13:12:02.901074,74.83,-8.36331292449947,-2.7328234543219136,0.0,-0.667343103977081,0.0,0.0,-0.32751428014346556,0.944846228918816,0.5005784252811462,0.0013006048246682837,0.0,0.0,0.0,0.40723893110117915
2026-09-16T13:12:02.943339,74.85,-8.35543315899774,-2.738980377095111,0.0,-0.6592670833759007,0.0,0.0,-0.32369632156414746,0.9461610282641323,0.5005711547376317,0.0012997727049266763,0.0,0.0,0.0,0.3474852380127824
2026-09-16T13:12:02.963708,74.87,-8.348947300187056,-2.7439696682917925,0.0,-0.6527349692753024,0.0,0.0,-0.3206043847074002,0.9472131906315437,0.4346105164379379,0.001292875871417629,0.0,0.0,0.0,0.3483300134056398
2026-09-16T13:12:02.984276,74.89,-8.34209850915704,-2.7491680634368216,0.0,-0.6457648034544801,0.0,0.0,-0.317301327889801,0.9483247689053413,0.43004246484022823,0.0012857699585998846,0.0,0.0,0.0,0.34725641294163645
2026-09-16T13:12:03.002599,74.91,-8.335235431401442,-2.7543024342503437,0.0,-0.6388155193135985,0.0,0.0,-0.3140043299723055,0.9494215506078654,0.4286711244671138,0.0012786492821020253,0.0,0.0,0.0,0.34702602648595365
2026-09-16T13:12:03.023423,74.93,-8.328343429506544,-2.759384215212074,0.0,-0.6318773588458536,0.0,0.0,-0.3107088276002286,0.9505051417279611,0.42825877898805026,0.0012715372651585085,0.0,0.0,0.0,0.34706835732918145
2026-09-16T13:12:03.044700,74.95,-8.3214182964305,-2.7644166032094537,0.0,-0.6249368269762449,0.0,0.0,-0.3074084577147256,0.9515776584837696,0.42813414383465864,0.0012644961357974088,0.0,0.0,0.0,0.33590640987999515
2026-09-16T13:12:03.063412,74.97,-8.314459415525242,-2.769400964989057,0.0,-0.6182136145503807,0.0,0.0,-0.3042078974534809,0.9526056661215765,0.4280958334876395,0.0012572420125795114,0.0,0.0,0.0,0.3360738627365211
2026-09-16T13:12:03.084004,74.99,-8.3074675318845,-2.7743385440821946,0.0,-0.6115048873827531,0.0,0.0,-0.3010108062548188,0.9536207288633275,0.42808343214418443,0.0012497748678340233,0.0,0.0,0.0,0.3357219066176149
2026-09-16T13:12:03.115206,75.01,-8.3004427167529,-2.7792290428569597,0.0,-0.6047911172482757,0.0,0.0,-0.29780792108725535,0.9546258126290568,0.4280788149178461,0.0012423881036516965,0.0,0.0,0.0,0.33554251032569593
2026-09-16T13:12:03.120734,75.03,-8.293385261551949,-2.7840722858992217,0.0,-0.5980820746999815,0.0,0.0,-0.29460393890892683,0.9556194426545251,0.42807654419928,0.0012350629817733006,0.0,0.0,0.0,0.3355206034396437
2026-09-16T13:12:03.157814,75.05,-8.28629547103167,-2.7888680606698726,0.0,-0.5913693315332519,0.0,0.0,-0.2913948716000917,0.9566028584554648,0.42807498856420406,0.001227819171740702,0.0,0.0,0.0,0.33529416097054765
2026-09-16T13:12:03.179465,75.07,-8.279173660984084,-2.7936161535610404,0.0,-0.5846581374479651,0.0,0.0,-0.28818326334515953,0.9575752747057197,0.42807365844523665,0.001220642005388236,0.0,0.0,0.0,0.335438896461715
2026-09-16T13:12:03.198972,75.09,-8.272020151190624,-2.798316351694984,0.0,-0.5779505250243981,0.0,0.0,-0.28497012671766486,0.958536398306563,0.4280724068338378,0.0012135440683015335,0.0,0.0,0.0,0.3351366162021082
2026-09-16T13:12:03.218267,75.11,-8.264835263210898,-2.802968443594394,0.0,-0.5712392105555998,0.0,0.0,-0.2817520087124612,0.9594872618156497,0.4280711975799031,0.0012065226848516904,0.0,0.0,0.0,0.33551686625087557
2026-09-16T13:12:03.236458,75.13,-8.261231216806328,-2.8052764842412623,0.0,-0.5678875585783505,0.0,0.0,-0.28014368014091845,0.9599580816249753,0.42806992838634306,0.0011911840994943998,0.0,0.0,0.0,0.3357991643320705
2026-09-16T13:12:03.302715,75.15,-8.250372552272717,-2.812127334139846,0.0,-0.5578225869875175,0.0,0.0,-0.27530917768260915,0.9613557388832323,0.42806881482910997,0.001209766074272509,0.0,0.0,0.0,0.33535320118697903
2026-09-16T13:12:03.326256,75.17,-8.243095476022532,-2.8166338641746305,0.0,-0.551107829196686,0.0,0.0,-0.27207999663742893,0.9622746361771034,0.4280676496262416,0.0012027135277613006,0.0,0.0,0.0,0.33551454619367926
2026-09-16T13:12:03.345841,75.19,-8.235788327789326,-2.8210914613520788,0.0,-0.5444019401903759,0.0,0.0,-0.2688520198385075,0.9631814945423084,0.42806650002522995,0.0011957319920006004,0.0,0.0,0.0,0.33520828254883206
2026-09-16T13:12:03.371332,75.2,-8.232126417978888,-2.8233056608784994,0.0,-0.5410457968372847,0.0,0.0,-0.26723535447828745,0.9636312911673551,0.4279761908323164,0.0011867035736321872,0.0,0.0,0.0,0.33558784549459386
2026-09-16T13:12:03.388578,75.22,-8.228454236068535,-2.825503723345836,0.0,-0.5376907570989348,0.0,0.0,-0.26561846858916066,0.9640782277099452,0.4279761908061659,0.0011715516205379128,0.0,0.0,0.0,0.33542784086280286
2026-09-16T13:12:03.411488,75.25,-8.213690034430396,-2.8341692196203745,0.0,-0.5245189811155482,0.0,0.0,-0.2592634428288527,0.9658066406960195,0.4280631379681663,0.0011919877096330848,0.0,0.0,0.0,0.32303550810721693
2026-09-16T13:12:03.430145,75.27,-8.206267474354043,-2.838431881443803,0.0,-0.5180575020623862,0.0,0.0,-0.2561418255148052,0.9666392115065181,0.4280620450542576,0.0011844305837304962,0.0,0.0,0.0,0.32268733608493405
2026-09-16T13:12:03.445031,75.29,-8.198817531446567,-2.8426464954249417,0.0,-0.5115967078415848,0.0,0.0,-0.2530178659517372,0.9674616062197139,0.42806096589856935,0.0011769548586432572,0.0,0.0,0.0,0.3227268483812041
2026-09-16T13:12:03.467261,75.31,-8.191340528841568,-2.846812916195738,0.0,-0.5051424104191771,0.0,0.0,-0.2498944113706135,0.9682730932777873,0.42805990030782237,0.001169562138419421,0.0,0.0,0.0,0.32265187405699974
2026-09-16T13:12:03.487073,75.33,-8.183836793530032,-2.850930997717668,0.0,-0.4986881361794544,0.0,0.0,-0.2467683655020734,0.9690744934149464,0.4280588481113735,0.0011622484748495853,0.0,0.0,0.0,0.3227693947848497
2026-09-16T13:12:03.505769,75.35,-8.176306635961266,-2.8550005646757386,0.0,-0.49223664156813696,0.0,0.0,-0.2436410976208755,0.9698654626029813,0.4280578091404367,0.001155024195674196,0.0,0.0,0.0,0.3225548177448211
2026-09-16T13:12:03.528851,75.37,-8.16875037017079,-2.859021448236419,0.0,-0.48578178300033587,0.0,0.0,-0.24050966194130477,0.9706467444507705,0.42805678322891433,0.0011478868062268913,0.0,0.0,0.0,0.32263293974794066
2026-09-16T13:12:03.549302,75.39,-8.161168310876725,-2.8629934808560065,0.0,-0.4793296699601761,0.0,0.0,-0.23737705457031505,0.9714175898981455,0.4280557702125122,0.001140834591133226,0.0,0.0,0.0,0.3227992284140746
2026-09-16T13:12:03.570965,75.42,-8.153563152097783,-2.8669202489003407,0.0,-0.47287403347582924,0.0,0.0,-0.23424026400545772,0.9721787380511124,0.4279761907559347,0.0011172020878181107,0.0,0.0,0.0,0.32251165878871946
2026-09-16T13:12:03.587433,75.43,-8.149747601209054,-2.8688596757269615,0.0,-0.469649158403366,0.0,0.0,-0.23267238268858512,0.9725551718715071,0.428053715168735,0.0011189049226003839,0.0,0.0,0.0,0.32283797016422505
2026-09-16T13:12:03.626005,75.45,-8.138270455871032,-2.8746146846944085,0.0,-0.4599659490212757,0.0,0.0,-0.22796094635529715,0.9736702762931594,0.42805280778786103,0.0011365742649135058,0.0,0.0,0.0,0.32282983101656415
2026-09-16T13:12:03.646364,75.47,-8.13058838892137,-2.8783896818621684,0.0,-0.4535125854368678,0.0,0.0,-0.2248180409509713,0.974400763784064,0.42805184471997576,0.0011296000040690382,0.0,0.0,0.0,0.32273491265776205
2026-09-16T13:12:03.664065,75.49,-8.122882121392614,-2.882115018421402,0.0,-0.4470594066366358,0.0,0.0,-0.22167288495465023,0.9751210858533839,0.42805089377877636,0.0011227102286443583,0.0,0.0,0.0,0.32250000833265435
2026-09-16T13:12:03.685599,75.51,-8.115151970756289,-2.8857905417116068,0.0,-0.44060327045202285,0.0,0.0,-0.21852397819641722,0.9758315791944898,0.42804995479021174,0.0011159008026955328,0.0,0.0,0.0,0.32254919530346055
2026-09-16T13:12:03.703896,75.53,-8.107398259125059,-2.8894160988775615,0.0,-0.4341491074167952,0.0,0.0,-0.21537375774929834,0.9765316914841763,0.4280490276044678,0.001109170586074766,0.0,0.0,0.0,0.31002759868460833
2026-09-16T13:12:03.725255,75.55,-8.099621646134578,-2.892992273355801,0.0,-0.4279469089970425,0.0,0.0,-0.21234440534211427,0.977194890244471,0.4280481120732031,0.0011022076670596037,0.0,0.0,0.0,0.31005947851534316
2026-09-16T13:12:03.744685,75.57,-8.091823119234416,-2.8965204043268615,0.0,-0.421748537317733,0.0,0.0,-0.2093148818456106,0.977848291013467,0.42804720804948515,0.0010950196866942683,0.0,0.0,0.0,0.3097326057290973
2026-09-16T13:12:03.763852,75.59,-8.084002880143116,-2.9000001455246833,0.0,-0.4155512603763043,0.0,0.0,-0.2062838834874036,0.9784921866899885,0.42804631538923815,0.001087904000158136,0.0,0.0,0.0,0.3101215815993955
2026-09-16T13:12:03.789361,75.61,-8.076161226558368,-2.903431357526526,0.0,-0.4093568370169761,0.0,0.0,-0.20325230149260787,0.9791263973246549,0.42804543394920186,0.0010808884403917382,0.0,0.0,0.0,0.3100862756147952
2026-09-16T13:12:03.807281,75.63,-8.068298460036747,-2.9068139094827,0.0,-0.4031578513032472,0.0,0.0,-0.2002165347702592,0.9797516722132142,0.42804456358834175,0.0010739679821421533,0.0,0.0,0.0,0.3099277013895669
2026-09-16T13:12:03.844123,75.65,-8.06041488263218,-2.910147671722508,0.0,-0.39696480940463136,0.0,0.0,-0.19718175815885206,0.98036694877448,0.42804370416782495,0.001067127124662324,0.0,0.0,0.0,0.3100324372104273
2026-09-16T13:12:03.878119,75.67,-8.052510796939465,-2.9134325158411802,0.0,-0.39076527521479054,0.0,0.0,-0.19414190650145086,0.9809734553697067,0.42804285554971,0.0010603867447198543,0.0,0.0,0.0,0.310095563944544
2026-09-16T13:12:03.886450,75.69,-8.044586506347242,-2.9166683153057558,0.0,-0.3845693350092491,0.0,0.0,-0.19110195329639396,0.9815701928269333,0.428042017598357,0.0010537286535775784,0.0,0.0,0.0,0.3095588529910045
2026-09-16T13:12:03.922108,75.71,-8.03664231510491,-2.9198549456604685,0.0,-0.3783685555528651,0.0,0.0,-0.18805778955350388,0.9821579647837969,0.42804119017969006,0.0010471461350681415,0.0,0.0,0.0,0.309786695398176
2026-09-16T13:12:03.942048,75.73,-8.028678528298665,-2.9229922845121883,0.0,-0.3721752174197359,0.0,0.0,-0.18501547455021405,0.9827356074636551,0.42804037316131704,0.0010406455035841947,0.0,0.0,0.0,0.30698414447695455
2026-09-16T13:12:03.960167,75.75,-8.021728841856909,-2.925681991558884,0.0,-0.36677717588220915,0.0,0.0,-0.18236238006390548,0.983231387994417,0.3724057456439408,0.0010327883449273497,0.0,0.0,0.0,0.25779235622131663
2026-09-16T13:12:03.979537,75.77,-8.01507429913236,-2.928218396674475,0.0,-0.3616262597099125,0.0,0.0,-0.1798295068314862,0.9836977932641429,0.3557190585002969,0.0010220717674210072,0.0,0.0,0.0,0.10418955529886909
2026-09-16T13:12:04.000332,75.79,-8.008502607288145,-2.930693680359954,0.0,-0.3595779223050348,0.0,0.0,-0.17882194020158096,0.9838814530737645,0.35071681726705434,0.0010078527998855242,0.0,0.0,0.0,0.10163722237242313
2026-09-16T13:12:04.021131,75.81,-8.001954717271769,-2.9331477625404703,0.0,-0.35754638407920497,0.0,0.0,-0.17782245172958056,0.9840625872681478,0.34921986254886617,0.000990513044750583,0.0,0.0,0.0,0.09950307587546607
2026-09-16T13:12:04.041576,75.83,-7.995410257551069,-2.9355855326263547,0.0,-0.3555577195717219,0.0,0.0,-0.17684387881437474,0.9842389153685637,0.3487744470521635,0.0009733773840875131,0.0,0.0,0.0,0.09937379761063982
2026-09-16T13:12:04.062812,75.85,-7.988863490671637,-2.938009401305446,0.0,-0.35357256464865694,0.0,0.0,-0.17586685849645753,0.9844139617470828,0.34864444718065535,0.0009564462549110452,0.0,0.0,0.0,0.09072839459743395
2026-09-16T13:12:04.079181,75.87,-7.982312830701909,-2.940420407025817,0.0,-0.35175597209531345,0.0,0.0,-0.17497264653798233,0.984573294866103,0.34860902643481095,0.0009395942251063909,0.0,0.0,0.0,0.09089610274172884
2026-09-16T13:12:04.103368,75.89,-7.975757855574214,-2.9428196610702972,0.0,-0.34994201462207597,0.0,0.0,-0.1740795876501693,0.984731586354143,0.3486141015541003,0.0009228224881578795,0.0,0.0,0.0,0.09041837962113142
2026-09-16T13:12:04.121852,75.92,-7.965918530198808,-2.9464037028550223,0.0,-0.3472312328478502,0.0,0.0,-0.172744731941003,0.9849666276512271,0.3489959870743281,0.000889426684558588,0.0,0.0,0.0,0.09063135566959013
2026-09-16T13:12:04.139622,75.93,-7.962635656769948,-2.947582292963139,0.0,-0.3463284337760384,0.0,0.0,-0.17230010087813155,0.9850445041912501,0.348607150294875,0.0008900246961608329,0.0,0.0,0.0,0.09058800247235022
2026-09-16T13:12:04.158930,75.95,-7.9560680670376,-2.9499458054816605,0.0,-0.3445161160985051,0.0,0.0,-0.1714074234763814,0.9852002310074782,0.34861203782186967,0.0008740090406268538,0.0,0.0,0.0,0.09060432791533377
2026-09-16T13:12:04.188809,75.97,-7.949496219709401,-2.9522974244780786,0.0,-0.34270507278227225,0.0,0.0,-0.1705152331771188,0.9853550402035567,0.34861653540479876,0.0008582351801980256,0.0,0.0,0.0,0.09034967014173115
2026-09-16T13:12:04.204388,75.99,-7.942920127011865,-2.9546371445932933,0.0,-0.3408979989513834,0.0,0.0,-0.16962485904209393,0.9855087047788821,0.3486211727436765,0.0008426976561277276,0.0,0.0,0.0,0.09009829465429459
2026-09-16T13:12:04.249707,76.01,-7.936339809466318,-2.9569649589869864,0.0,-0.33908851412791347,0.0,0.0,-0.1687331582174301,0.9856617682136056,0.34862587831279157,0.0008274015788097886,0.0,0.0,0.0,0.09014978371493418
2026-09-16T13:12:04.271040,76.03,-7.929755289801287,-2.9592808597100464,0.0,-0.3372788619063143,0.0,0.0,-0.16784123676304658,0.9858140388743969,0.34863051320427857,0.0008123453601198989,0.0,0.0,0.0,0.09030788884650864
2026-09-16T13:12:04.292342,76.05,-7.923166589476358,-2.9615848395564233,0.0,-0.33546759087103384,0.0,0.0,-0.1669483798480476,0.9859656375686284,0.3486351012240487,0.0007975277316995209,0.0,0.0,0.0,0.0905565027809352
2026-09-16T13:12:04.309574,76.07,-7.916573730002799,-2.9638768906845327,0.0,-0.33365658971641826,0.0,0.0,-0.16605551907293234,0.9861164051902894,0.3486396305366602,0.0007829444371245452,0.0,0.0,0.0,0.09038130249229157
2026-09-16T13:12:04.328080,76.09,-7.909976732993144,-2.9661570057388067,0.0,-0.33185029987017645,0.0,0.0,-0.16516484544574156,0.9862659751957807,0.34864410387078504,0.0007685844808434866,0.0,0.0,0.0,0.09062361864429473
2026-09-16T13:12:04.366668,76.11,-7.903375620053567,-2.9684251772185033,0.0,-0.3300389586766243,0.0,0.0,-0.16427154573617855,0.9864151556324784,0.3486485210479306,0.000754463301314459,0.0,0.0,0.0,0.09043713225413011
2026-09-16T13:12:04.384547,76.13,-7.896770412891014,-2.970681397934014,0.0,-0.32823166647633734,0.0,0.0,-0.16338010857886195,0.986563196212366,0.3486528826751889,0.0007405587671577737,0.0,0.0,0.0,0.0903163131361118
2026-09-16T13:12:04.408956,76.15,-7.8901611331068,-2.9729256603943015,0.0,-0.3264203197131881,0.0,0.0,-0.1624865376691651,0.9867107605961775,0.348657189504218,0.0007268778282733683,0.0,0.0,0.0,0.09046257835440799
2026-09-16T13:12:04.427911,76.18,-7.880239802478913,-2.976275348009718,0.0,-0.3237069832440294,0.0,0.0,-0.1611477494020152,0.9869302928082941,0.3489955209350152,0.00070032175052248,0.0,0.0,0.0,0.09068679049893433
2026-09-16T13:12:04.445033,76.19,-7.876930442098911,-2.9773782806222524,0.0,-0.3228032497983913,0.0,0.0,-0.1607017720082711,0.9870030093537717,0.34866564144087764,0.0007001827893047698,0.0,0.0,0.0,0.09070994518402886
2026-09-16T13:12:04.468085,76.21,-7.870309074223097,-2.9795866238235447,0.0,-0.3209910658772018,0.0,0.0,-0.15980739067050026,0.9871482147515064,0.34866978789971803,0.0006871584108252765,0.0,0.0,0.0,0.09052007770352605
2026-09-16T13:12:04.490365,76.23,-7.863683720319698,-2.9817829793360504,0.0,-0.3191827821908965,0.0,0.0,-0.15891480346668513,0.9872922997973522,0.34867388223951107,0.0006743352204429614,0.0,0.0,0.0,0.09039507765627205
2026-09-16T13:12:04.507025,76.25,-7.857054401918599,-2.9839673394395736,0.0,-0.3173754527453267,0.0,0.0,-0.15802255748000946,0.9874355023633073,0.34867792511494333,0.0006617205039163281,0.0,0.0,0.0,0.09067352519036805
2026-09-16T13:12:04.534850,76.27,-7.850421140907312,-2.986139697494065,0.0,-0.3155660580841544,0.0,0.0,-0.15712916266982657,0.9875780608330054,0.3486819171733248,0.0006493214251764303,0.0,0.0,0.0,0.0903693406111571
2026-09-16T13:12:04.545957,76.29,-7.843783959083099,-2.9883000465904304,0.0,-0.3137527054264671,0.0,0.0,-0.15623368455691516,0.9877201201806969,0.3486858590532628,0.0006371191070013083,0.0,0.0,0.0,0.09073679334550112
2026-09-16T13:12:04.579585,76.31,-7.8371428774986445,-2.990448379842992,0.0,-0.3119415593386683,0.0,0.0,-0.15533916790272212,0.987861196178537,0.3486897513854894,0.0006251166974578905,0.0,0.0,0.0,0.09062874166121462
2026-09-16T13:12:04.602014,76.34,-7.827173937399961,-2.9936530747920607,0.0,-0.309230066661359,0.0,0.0,-0.15399973635277164,0.9880708887540797,0.34899552106215126,0.0006021875437216437,0.0,0.0,0.0,0.09042314984117343
2026-09-16T13:12:04.626160,76.35,-7.823849105267662,-2.994708968951183,0.0,-0.3083263787864623,0.0,0.0,-0.15355326680659098,0.9881403717352226,0.34869738989024157,0.0006016963749509307,0.0,0.0,0.0,0.09066360703131386
2026-09-16T13:12:04.640572,76.37,-7.8171964576442265,-2.9968212115557145,0.0,-0.306516695158621,0.0,0.0,-0.1526590933422317,0.9882789086183758,0.3487011372846927,0.0005902828246375542,0.0,0.0,0.0,0.09022964911286711
2026-09-16T13:12:04.661839,76.39,-7.8105399980523185,-2.998921410238787,0.0,-0.3047090132823982,0.0,0.0,-0.15176578417219677,0.98841648446118,0.3487048375763043,0.0005790500912908311,0.0,0.0,0.0,0.09063051004553167
2026-09-16T13:12:04.684891,76.41,-7.803879748043115,-3.001009557314331,0.0,-0.30289418873761687,0.0,0.0,-0.1508688205653039,0.988553791647796,0.34870849135656967,0.000568017616948568,0.0,0.0,0.0,0.0905552468852238
2026-09-16T13:12:04.700251,76.43,-7.797215729692549,-3.0030856467621443,0.0,-0.30108310025137275,0.0,0.0,-0.14997357963560853,0.9886900047088986,0.34871209921054186,0.0005571579141292676,0.0,0.0,0.0,0.09073158535087412
2026-09-16T13:12:04.721427,76.45,-7.7905479648184315,-3.005149671745237,0.0,-0.2992781287024821,0.0,0.0,-0.14908124001686704,0.9888249510783156,0.34871566171549634,0.000546481692552448,0.0,0.0,0.0,0.09001581351578143
2026-09-16T13:12:04.742027,76.47,-7.783876475370565,-3.00720162585338,0.0,-0.2974679990625275,0.0,0.0,-0.1481862284033394,0.9889594742513939,0.3487191794411667,0.0005359806839184818,0.0,0.0,0.0,0.090556351532658
2026-09-16T13:12:04.760943,76.49,-7.77720128310125,-3.009241502036542,0.0,-0.2956584230822634,0.0,0.0,-0.14729136921471622,0.9890931465513519,0.3487226529505499,0.0005256678161083924,0.0,0.0,0.0,0.09028783134544333
2026-09-16T13:12:04.799213,76.51,-7.770522409830592,-3.011269293461312,0.0,-0.29384600050866494,0.0,0.0,-0.14639498148507207,0.9892262175033502,0.34872608279928263,0.00051552535407616,0.0,0.0,0.0,0.09069161624262535
2026-09-16T13:12:04.818463,76.53,-7.763839877442049,-3.013284993501775,0.0,-0.2920433804030145,0.0,0.0,-0.14550332260873888,0.9893577629501965,0.3487294695365874,0.000505558932153638,0.0,0.0,0.0,0.09024378311262023
2026-09-16T13:12:04.856705,76.55,-7.757153707832417,-3.015288595575706,0.0,-0.2902261892307201,0.0,0.0,-0.14460433657605157,0.9894895582285849,0.3487328137039311,0.0004957688943342211,0.0,0.0,0.0,0.09021364829463797
2026-09-16T13:12:04.882892,76.57,-7.750463923002233,-3.0172800934497,0.0,-0.2884203719822227,0.0,0.0,-0.14371085909781162,0.9896197193757655,0.3487361158365408,0.00048613153477819037,0.0,0.0,0.0,0.09086304246452193
2026-09-16T13:12:04.898332,76.59,-7.74377054473886,-3.0192594801753727,0.0,-0.28660763954552815,0.0,0.0,-0.1428138423087562,0.9897495675396932,0.3487393764627744,0.00047668200348943295,0.0,0.0,0.0,0.09080263402937518
2026-09-16T13:12:04.920812,76.61,-7.737073594945017,-3.021226749188793,0.0,-0.2848005511239488,0.0,0.0,-0.14191950164250974,0.9898782021307175,0.34874259610434954,0.0004673894714959866,0.0,0.0,0.0,0.09028083680423625
2026-09-16T13:12:04.939783,76.63,-7.730373095792353,-3.0231818948450266,0.0,-0.28298881278890997,0.0,0.0,-0.14102274339274554,0.9900063564674643,0.3487457752764258,0.000458253416030199,0.0,0.0,0.0,0.09070645406162264
2026-09-16T13:12:04.977020,76.65,-7.723669069142852,-3.0251249104470985,0.0,-0.281179693848043,0.0,0.0,-0.14012716619497356,0.9901335148827991,0.3487489144876868,0.0004492818261130007,0.0,0.0,0.0,0.09011431537127682
2026-09-16T13:12:04.998350,76.67,-7.716961537009837,-3.027055789816876,0.0,-0.2793736873297292,0.0,0.0,-0.1392330153946588,0.990259646468597,0.34875201424042307,0.00044045698500243827,0.0,0.0,0.0,0.09042247269786952
2026-09-16T13:12:05.019386,76.69,-7.710250521197005,-3.028974526047042,0.0,-0.277562563184719,0.0,0.0,-0.1383362168509428,0.9903853245617934,0.34875507503061076,0.000431801899184331,0.0,0.0,0.0,0.09065353616823435
2026-09-16T13:12:05.037481,76.71,-7.703536043778131,-3.0308811131683844,0.0,-0.2757524501825994,0.0,0.0,-0.1374398056392854,0.9905101210113078,0.34875809734813534,0.0004233020944999002,0.0,0.0,0.0,0.09057249041137098
2026-09-16T13:12:05.057893,76.73,-7.696818126709238,-3.0327755447997733,0.0,-0.27393745287307336,0.0,0.0,-0.13654086256578493,0.9906344395637532,0.3487610816761543,0.0004149511446295219,0.0,0.0,0.0,0.09066089883240318
2026-09-16T13:12:05.078876,76.75,-7.69009679190757,-3.034657814419887,0.0,-0.27213529519181495,0.0,0.0,-0.13564816752259062,0.9907570714598828,0.3487640284926048,0.0004067407091993033,0.0,0.0,0.0,0.07421448586383234
2026-09-16T13:12:05.096389,76.77,-7.683372286251624,-3.0365287261823557,0.0,-0.27064270958928693,0.0,0.0,-0.13490873494617192,0.9908580287988908,0.3487669382689967,0.0003983558743091905,0.0,0.0,0.0,0.07391704199510471
2026-09-16T13:12:05.117894,76.79,-7.676645080841256,-3.038389907313786,0.0,-0.2691607053946954,0.0,0.0,-0.13417447009778222,0.9909577244130949,0.34876981147047603,0.0003897812449396798,0.0,0.0,0.0,0.07443352551002691
2026-09-16T13:12:05.137495,76.81,-7.669915124658779,-3.0402411168936228,0.0,-0.26768120972741505,0.0,0.0,-0.13344137462284175,0.9910567085382987,0.3487726485571992,0.0003813653653823817,0.0,0.0,0.0,0.07371760272752206
2026-09-16T13:12:05.156044,76.83,-7.663182444127599,-3.0420823934716807,0.0,-0.26621238133377995,0.0,0.0,-0.13271349258491966,0.9911544424992064,0.34877544998297205,0.00037307883560142713,0.0,0.0,0.0,0.07436151326592044
2026-09-16T13:12:05.180902,76.85,-7.656447054527282,-3.0439137352618277,0.0,-0.26473266700883075,0.0,0.0,-0.13198014361549307,0.9912523602449751,0.3487782161961799,0.00036496808932012955,0.0,0.0,0.0,0.07367176230098726
2026-09-16T13:12:05.201686,76.86,-7.653077915896034,-3.0448282094779753,0.0,-0.26399350830766016,0.0,0.0,-0.13161378820675637,0.9913010696826,0.3489955213965249,0.00035821834175490296,0.0,0.0,0.0,0.0735454341604862
2026-09-16T13:12:05.221105,76.89,-7.642968207061328,-3.0475465996561497,0.0,-0.26178465764028575,0.0,0.0,-0.1305188901463552,0.9914458226826939,0.34878364474905715,0.0003491475332089912,0.0,0.0,0.0,0.07488363967838169
2026-09-16T13:12:05.250729,76.91,-7.637527847860655,-3.049000381520856,0.0,-0.2605886793146861,0.0,0.0,-0.12992599298803012,0.9915236942938249,0.28103553937864983,0.0003410960369535656,0.0,0.0,0.0,0.05935666296345609
2026-09-16T13:12:05.271085,76.94,-7.62980786206302,-3.051054642242102,0.0,-0.25890272470142145,0.0,0.0,-0.1290901149503438,0.991632866650812,0.25540998175450846,0.00032507095984716296,0.0,0.0,0.0,0.053967035314375626
2026-09-16T13:12:05.300029,76.95,-7.627341833726098,-3.051704406404127,0.0,-0.2583653088874298,0.0,0.0,-0.12882365070103696,0.9916675183850973,0.2546283972180437,0.000323747330257946,0.0,0.0,0.0,0.05351643774114406
2026-09-16T13:12:05.322782,76.97,-7.622437667084059,-3.052997699914275,0.0,-0.2572909918656445,0.0,0.0,-0.12829094949383693,0.9917365740346424,0.2528088977651036,0.000315095506352204,0.0,0.0,0.0,0.05330095370798649
2026-09-16T13:12:05.342546,76.99,-7.617542629938962,-3.0542829880752347,0.0,-0.25621962553172134,0.0,0.0,-0.12775967452351666,0.9918051550408704,0.25226995719968465,0.0003065837280286426,0.0,0.0,0.0,0.0533685663062545
2026-09-16T13:12:05.374385,77.01,-7.6126493759343274,-3.0555622176996815,0.0,-0.2551517476439318,0.0,0.0,-0.12723009294009385,0.9918732295260595,0.2521150854114633,0.0002982233281807314,0.0,0.0,0.0,0.2248570615408814
2026-09-16T13:12:05.394943,77.03,-7.607753551174534,-3.0568276415537086,0.0,-0.24955810569151105,0.0,0.0,-0.1244555070928256,0.992225189538276,0.2520753486616807,0.00029257055684603724,0.0,0.0,0.0,0.28227877957795533
2026-09-16T13:12:05.420838,77.05,-7.602850268832357,-3.0580626822191594,0.0,-0.24390749683460866,0.0,0.0,-0.1216516758772623,0.9925728536265,0.25207006787646186,0.0002912467507411392,0.0,0.0,0.0,0.28484169192580316
2026-09-16T13:12:05.433090,77.07,-7.597940150247543,-3.05926988742452,0.0,-0.23822065092411382,0.0,0.0,-0.1188288834637252,0.9929147478282133,0.2520750404287557,0.0002900288738635986,0.0,0.0,0.0,0.28455527062791514
2026-09-16T13:12:05.456013,77.09,-7.5930232567798885,-3.060449080679668,0.0,-0.23252694318555722,0.0,0.0,-0.11600172256159406,0.9932490122636634,0.25208300656355154,0.0002888927348220246,0.0,0.0,0.0,0.28464955307182516
2026-09-16T13:12:05.476511,77.11,-7.588099736359923,-3.061600253757096,0.0,-0.2268322048721658,0.0,0.0,-0.11317310953838304,0.9935752851583081,0.25209178939329674,0.00028779836001749495,0.0,0.0,0.0,0.28481369127090744
2026-09-16T13:12:05.496114,77.13,-7.583169740685741,-3.062723370125893,0.0,-0.22113391211022293,0.0,0.0,-0.11034181259171386,0.9938936987394452,0.2521008568929974,0.0002867447462508756,0.0,0.0,0.0,0.28476800309964206
2026-09-16T13:12:05.513068,77.15,-7.578233433829239,-3.0638183923765747,0.0,-0.21544390143108985,0.0,0.0,-0.10751373697027006,0.9942035990493535,0.2521096543948369,0.0002857225116849775,0.0,0.0,0.0,0.28495896338446397
2026-09-16T13:12:05.537342,77.17,-7.57329097068265,-3.064885285998095,0.0,-0.20974446976675143,0.0,0.0,-0.10468010651553446,0.9945059453315985,0.2521184845890333,0.0002847469496600642,0.0,0.0,0.0,0.28470587202931713
2026-09-16T13:12:05.555475,77.19,-7.568342512610794,-3.065924016458517,0.0,-0.20405181626128147,0.0,0.0,-0.10184899742312291,0.9947998701869158,0.25212721121793435,0.0002837965748411102,0.0,0.0,0.0,0.28460944264202476
2026-09-16T13:12:05.575414,77.21,-7.5633882200299105,-3.066934550027051,0.0,-0.1983580506917941,0.0,0.0,-0.09901650989434134,0.9950857906574406,0.2521358303848603,0.00028288323156168676,0.0,0.0,0.0,0.28487448540303534
2026-09-16T13:12:05.593878,77.23,-7.558428253560222,-3.0679168537934776,0.0,-0.1926654938107468,0.0,0.0,-0.09618382140512476,0.9953635880922644,0.2521443418809986,0.000282010063962761,0.0,0.0,0.0,0.2845767989818547
2026-09-16T13:12:05.613868,77.25,-7.55346277409783,-3.068870896172649,0.0,-0.18697002616715563,0.0,0.0,-0.09334890467616033,0.9956334576518414,0.2521527465918847,0.0002811696457829317,0.0,0.0,0.0,0.28500355628223656
2026-09-16T13:12:05.635345,77.27,-7.548491942629723,-3.0697966460388795,0.0,-0.1812745386460675,0.0,0.0,-0.09051322102860536,0.9958952539394024,0.25216104571916814,0.00028036782105962297,0.0,0.0,0.0,0.28487630636607825
2026-09-16T13:12:05.658212,77.29,-7.543515920359583,-3.070694073395732,0.0,-0.17558077699946437,0.0,0.0,-0.08767766296551506,0.9961488982159773,0.25216924054813733,0.0002795956448686727,0.0,0.0,0.0,0.2844163550389236
2026-09-16T13:12:05.683189,77.31,-7.53853486864875,-3.071563149107732,0.0,-0.16988047077790466,0.0,0.0,-0.0848381338094838,0.9963947465998223,0.25217733237713724,0.0002788502368208634,0.0,0.0,0.0,0.2846781892142336
2026-09-16T13:12:05.699739,77.33,-7.533548949036887,-3.072403845044447,0.0,-0.16419070041004025,0.0,0.0,-0.08200316566810525,0.9966320689303597,0.25218532249761333,0.00027813194233907687,0.0,0.0,0.0,0.2844639274530383
2026-09-16T13:12:05.749420,77.35,-7.531054200047408,-3.0728135906260214,0.0,-0.1613424963709864,0.0,0.0,-0.08058377725183219,0.996747839146806,0.25219317257697366,0.00027321771088000343,0.0,0.0,0.0,0.28494005796637734
2026-09-16T13:12:05.766281,77.37,-7.523563142287235,-3.0739999048018354,0.0,-0.1527993420222855,0.0,0.0,-0.07632536970176974,0.9970829644216614,0.2522010032129395,0.00028533249685872133,0.0,0.0,0.0,0.28455235682754776
2026-09-16T13:12:05.788103,77.39,-7.518563587917324,-3.074755303342625,0.0,-0.1471078412553295,0.0,0.0,-0.07348761525067543,0.997296129745207,0.2522086957887367,0.0002845715901463119,0.0,0.0,0.0,0.28477736292864464
2026-09-16T13:12:05.829148,77.41,-7.513559815764452,-3.075482218118137,0.0,-0.14141156320335654,0.0,0.0,-0.07064688300156287,0.997501387428691,0.25221629168471127,0.0002838497701233539,0.0,0.0,0.0,0.2845907583734763
2026-09-16T13:12:05.848935,77.43,-7.508551985635263,-3.076180626195008,0.0,-0.1357169317936191,0.0,0.0,-0.06780639909894157,0.9976984976641164,0.2522237921035659,0.00028315302054559297,0.0,0.0,0.0,0.2843791944239691
2026-09-16T13:12:05.871742,77.45,-7.503540259923169,-3.0768505048952637,0.0,-0.13002421340072792,0.0,0.0,-0.0649663199639849,0.9978874572166628,0.2522311982454063,0.000282482898826395,0.0,0.0,0.0,0.277170603992139
2026-09-16T13:12:05.890070,77.47,-7.498524836390275,-3.0774921086071734,0.0,-0.12447523461547538,0.0,0.0,-0.06219744530252597,0.9980638645887543,0.2522385112954007,0.00028173781162177386,0.0,0.0,0.0,0.2774475983215423
2026-09-16T13:12:05.906954,77.49,-7.493505942882544,-3.0781059716571577,0.0,-0.11892420498593426,0.0,0.0,-0.059427068248581995,0.9982326500167075,0.25224573242338494,0.0002809171805389885,0.0,0.0,0.0,0.2774862849027537
2026-09-16T13:12:05.928181,77.51,-7.4884837227904955,-3.0786919930443557,0.0,-0.11338439226465757,0.0,0.0,-0.05666183284418931,0.9983934278122714,0.25225286278492043,0.0002801202602623628,0.0,0.0,0.0,0.2770734610890851
2026-09-16T13:12:05.950448,77.53,-7.485971399128876,-3.078974606630514,0.0,-0.11060843177129745,0.0,0.0,-0.0552760283537147,0.9984711115948419,0.2522598639128474,0.00027523520316819004,0.0,0.0,0.0,0.2772634835318966
2026-09-16T13:12:05.968447,77.55,-7.478429911525698,-3.079780374364731,0.0,-0.10229540262201953,0.0,0.0,-0.05112540308552312,0.9986922414634765,0.2522668562678803,0.00028691622191031994,0.0,0.0,0.0,0.2769410216586143
2026-09-16T13:12:05.986983,77.57,-7.473398638413884,-3.080282783898234,0.0,-0.09675073632881448,0.0,0.0,-0.04835650255741422,0.9988301400440491,0.25227372109946755,0.0002860752108858347,0.0,0.0,0.0,0.2769111258458539
2026-09-16T13:12:06.008807,77.59,-7.4683646599389695,-3.080757289675804,0.0,-0.09120354093839421,0.0,0.0,-0.04558596713566229,0.9989604194362789,0.2522804996553343,0.00028526440778593476,0.0,0.0,0.0,0.27748794988212133
2026-09-16T13:12:06.029217,77.61,-7.46332812834332,-3.0812038774691737,0.0,-0.08566190809312291,0.0,0.0,-0.04281785975041426,0.9990828949023168,0.25228719301026375,0.0002844883045360263,0.0,0.0,0.0,0.2772505714707436
2026-09-16T13:12:06.050780,77.64,-7.455766260371783,-3.0818209265601637,0.0,-0.0773451525316351,0.0,0.0,-0.03866293740770152,0.9992523091146741,0.25281300225066644,0.00028416174398715916,0.0,0.0,0.0,0.27714949152013085
2026-09-16T13:12:06.069951,77.65,-7.453248025140442,-3.0820132447380515,0.0,-0.07457084105747214,0.0,0.0,-0.03727678208122341,0.9993049792319004,0.25230032837515015,0.0002830249789528847,0.0,0.0,0.0,0.2770654117455523
2026-09-16T13:12:06.092276,77.67,-7.448204763421431,-3.0823759995839506,0.0,-0.06902850767649983,0.0,0.0,-0.03450740182255956,0.9994044422652205,0.2523067724891222,0.0002823309840013532,0.0,0.0,0.0,0.27707657214592407
2026-09-16T13:12:06.117791,77.69,-7.4431595682979905,-3.0827107865496144,0.0,-0.06348495772637941,0.0,0.0,-0.03173714859099278,0.9994962498175335,0.2523131356035156,0.0002816684724390458,0.0,0.0,0.0,0.2769472190283567
2026-09-16T13:12:06.174329,77.71,-7.438112594877469,-3.0830175955646686,0.0,-0.05794290540989256,0.0,0.0,-0.028967400034020853,0.9995803568174342,0.252319418736176,0.0002810328838324273,0.0,0.0,0.0,0.2773842609323359
2026-09-16T13:12:06.194597,77.73,-7.43306399830036,-3.0832964171032673,0.0,-0.052394967726524744,0.0,0.0,-0.026194487374928792,0.9996568655449553,0.2523256228927229,0.0002804343234721084,0.0,0.0,0.0,0.27723174293917063
2026-09-16T13:12:06.216763,77.75,-7.428013933762683,-3.0835472425688475,0.0,-0.04685094600265627,0.0,0.0,-0.023423330594518683,0.99972563615417,0.2523317490657114,0.0002798546603854404,0.0,0.0,0.0,0.277126590712405
2026-09-16T13:12:06.238280,77.77,-7.422962556505207,-3.083770064222998,0.0,-0.04130663939039625,0.0,0.0,-0.020651851414499618,0.9997867277740555,0.25233779823536057,0.0002793000389055198,0.0,0.0,0.0,0.2772621356440916
2026-09-16T13:12:06.259956,77.79,-7.417910021812328,-3.0839648752507287,0.0,-0.03576318025154945,0.0,0.0,-0.017880637197498096,0.9998401286272778,0.2523437713695689,0.0002787730749090007,0.0,0.0,0.0,0.2776111734653163
2026-09-16T13:12:06.275234,77.81,-7.412856485001066,-3.084131669621314,0.0,-0.030216312367850495,0.0,0.0,-0.015107581434970036,0.9998858739792186,0.25234966942406895,0.00027827767103960204,0.0,0.0,0.0,0.2772727021656989
2026-09-16T13:12:06.295853,77.83,-7.407802101424941,-3.0842704423344456,0.0,-0.02467080816480483,0.0,0.0,-0.012335091254424531,0.9999239198677793,0.25235549334243756,0.0002777979678483808,0.0,0.0,0.0,0.27683494818694543
2026-09-16T13:12:06.319215,77.85,-7.402747026457115,-3.0843811890907173,0.0,-0.019127728387685394,0.0,0.0,-0.009563718397387469,0.9999542665994358,0.252361244056818,0.00027733418415478594,0.0,0.0,0.0,0.2746206454937551
2026-09-16T13:12:06.335842,77.87,-7.397691417250202,-3.084464015612153,0.0,-0.013642585279460386,0.0,0.0,-0.006821239740691009,0.9999767350735717,0.2523669224870691,0.0002768631603887453,0.0,0.0,0.0,0.27436029121280125
2026-09-16T13:12:06.354414,77.89,-7.39263543061621,-3.0845191408619783,0.0,-0.008155161164097093,0.0,0.0,-0.0040775692826313,0.999991686679817,0.2523725295419115,0.0002763719072884149,0.0,0.0,0.0,0.27443150219898477
2026-09-16T13:12:06.381569,77.91,-7.3875792180057696,-3.0845465331460455,0.0,-0.0026727151810770344,0.0,0.0,-0.0013363571927824938,0.999999107074328,0.2523780661187889,0.00027590099583893837,0.0,0.0,0.0,0.27437120291261624
2026-09-16T13:12:06.399173,77.94,-7.379992678687182,-3.084534903368365,0.0,0.005556204981248758,0.0,0.0,0.0027780989171277766,0.9999961410757576,0.2528130026043684,0.00027607575885691153,0.0,0.0,0.0,0.2742202973878173
2026-09-16T13:12:06.426843,77.95,-7.377466723318222,-3.0845181129154735,0.0,0.008298330856419069,0.0,0.0,0.004149153523175876,0.9999913922254736,0.2523889313697508,0.0002750322667434608,0.0,0.0,0.0,0.27446135424904994
2026-09-16T13:12:06.449187,77.97,-7.372410745500803,-3.084462301217642,0.0,0.013782186298890942,0.0,0.0,0.006891038609828967,0.9999762565115623,0.252394261782618,0.00027463396183804447,0.0,0.0,0.0,0.27375177500088316
2026-09-16T13:12:06.471588,77.99,-7.367355150197421,-3.08437875719817,0.0,0.019270279204095523,0.0,0.0,0.009634990521572668,0.9999535824015279,0.25239952519436293,0.00027424919678711157,0.0,0.0,0.0,0.27438822289874876
2026-09-16T13:12:06.499879,78.01,-7.362300089518718,-3.0842674832875305,0.0,0.02475516647206711,0.0,0.0,0.012377267188075015,0.9999233986945975,0.25240472244744466,0.000273891284624348,0.0,0.0,0.0,0.27477265970505504
2026-09-16T13:12:06.508183,78.03,-7.357245715559115,-3.084128482833774,0.0,0.030240265789293296,0.0,0.0,0.015119556777753281,0.9998856929683734,0.25240985437330743,0.000273560741422002,0.0,0.0,0.0,0.274150502599895
2026-09-16T13:12:06.530277,78.05,-7.352192180390794,-3.083961760069493,0.0,0.035724458832447244,0.0,0.0,0.017861279579820248,0.9998404746217125,0.2524149217929437,0.0002732418271824205,0.0,0.0,0.0,0.2742626819913082
2026-09-16T13:12:06.552257,78.07,-7.347139636056719,-3.083767320128807,0.0,0.041210556700197465,0.0,0.0,0.02060382029147137,0.9997877187630366,0.25241992551745257,0.00027294642770934124,0.0,0.0,0.0,0.27408208328402833
2026-09-16T13:12:06.569976,78.08,-7.344611864210397,-3.0836588945328316,0.0,0.043952515516635156,0.0,0.0,0.021974488873790193,0.9997585317659138,0.2528130027478243,0.0002736653807582841,0.0,0.0,0.0,0.2742332725566149
2026-09-16T13:12:06.600025,78.11,-7.3370381279270935,-3.0832953128928287,0.0,0.052178267250388564,0.0,0.0,0.026086174162013833,0.9996596978560199,0.25242974507308374,0.00027240751102912137,0.0,0.0,0.0,0.27436033902678836
2026-09-16T13:12:06.621831,78.13,-7.331989468064888,-3.0830177596670074,0.0,0.057665435143826826,0.0,0.0,0.028828722841911503,0.9995843659938386,0.25243456247524276,0.00027217483520629077,0.0,0.0,0.0,0.2743954474118252
2026-09-16T13:12:06.653328,78.15,-7.326942406878272,-3.082712517716504,0.0,0.06314939644311668,0.0,0.0,0.03156945202297121,0.9995015606285812,0.2524393193248859,0.00027195833353682835,0.0,0.0,0.0,0.2742800739260693
2026-09-16T13:12:06.670878,78.17,-7.3218970962320515,-3.0823795960202633,0.0,0.06863311790883397,0.0,0.0,0.03430982400439983,0.9994112446719754,0.25244401638299063,0.00027176024690283706,0.0,0.0,0.0,0.27396642924868264
2026-09-16T13:12:06.690766,78.19,-7.316853687929964,-3.08201900455932,0.0,0.07412026867565746,0.0,0.0,0.037051651524831454,0.9993133518167775,0.2524486544011108,0.000271577640723776,0.0,0.0,0.0,0.2738756026735188
2026-09-16T13:12:06.714809,78.21,-7.311812333700681,-3.0816307543870725,0.0,0.07960363647355483,0.0,0.0,0.03979131016366939,0.999208012195388,0.25245323412121057,0.0002714082995816229,0.0,0.0,0.0,0.2743007246638384
2026-09-16T13:12:06.733574,78.23,-7.306773185254855,-3.081214856813106,0.0,0.0850886294970259,0.0,0.0,0.04253148157564639,0.9990951271400439,0.2524577562762115,0.0002712652710278156,0.0,0.0,0.0,0.27438018112006585
2026-09-16T13:12:06.754910,78.25,-7.3017363941982385,-3.080771324498768,0.0,0.09057629099556187,0.0,0.0,0.0452726659658747,0.9989746672045005,0.2524622215899683,0.00027114048867903475,0.0,0.0,0.0,0.25298690208873725
2026-09-16T13:12:06.771803,78.27,-7.296702036387845,-3.0803009780394666,0.0,0.09563576254826332,0.0,0.0,0.04779966036317281,0.998856942944867,0.2524666307765367,0.0002707103541390003,0.0,0.0,0.0,0.2531839290245281
2026-09-16T13:12:06.795283,78.29,-7.291670097341791,-3.079805438571895,0.0,0.10068976695718579,0.0,0.0,0.05032361875552398,0.9987329640075713,0.2524709845412547,0.0002699871706356323,0.0,0.0,0.0,0.25244618362788335
2026-09-16T13:12:06.814986,78.31,-7.286640724315025,-3.07928450251765,0.0,0.10573446818135634,0.0,0.0,0.05284261070164679,0.9986028532375792,0.25247528358117693,0.00026927478068895864,0.0,0.0,0.0,0.25179488887618695
2026-09-16T13:12:06.834243,78.33,-7.28161404210594,-3.078738214310407,0.0,0.11078061985455977,0.0,0.0,0.05536199056219964,0.9984663489577358,0.25247952858417216,0.0002685700238005312,0.0,0.0,0.0,0.25192279250293276
2026-09-16T13:12:06.868926,78.35,-7.27659017890155,-3.0781665841867816,0.0,0.11582146497280732,0.0,0.0,0.05787836916396569,0.9983236421035614,0.2524837202293197,0.0002678874275919577,0.0,0.0,0.0,0.2523500897957045
2026-09-16T13:12:06.890488,78.37,-7.271569262394422,-3.077569627232205,0.0,0.12086027444618797,0.0,0.0,0.06039336412733214,0.9981746548422192,0.2524878591873042,0.0002672386806892245,0.0,0.0,0.0,0.25181283225631124
2026-09-16T13:12:06.909160,78.39,-7.266551420231006,-3.076947358878776,0.0,0.12590497411799803,0.0,0.0,0.06291091501572563,0.9980191464956392,0.2524919461203808,0.0002666119752485032,0.0,0.0,0.0,0.2520939778207064
2026-09-16T13:12:06.928431,78.41,-7.261536779991485,-3.0762997950806237,0.0,0.13094779676826643,0.0,0.0,0.06542712914960251,0.9978573499109185,0.2524959816823369,0.00026601013834214856,0.0,0.0,0.0,0.25190312939310905
2026-09-16T13:12:06.950450,78.43,-7.256525469217017,-3.0756269521027826,0.0,0.1359871799950225,0.0,0.0,0.0679412115917773,0.9976893262771941,0.25249996651916967,0.00026542862686177446,0.0,0.0,0.0,0.25216198897018144
2026-09-16T13:12:06.968711,78.45,-7.251517615371581,-3.074928846822329,0.0,0.1410337276594107,0.0,0.0,0.0704584360023399,0.9975147160799706,0.25250390126833017,0.0002648789000622337,0.0,0.0,0.0,0.2521825353209232
2026-09-16T13:12:06.991530,78.47,-7.246513345776413,-3.0742054971682844,0.0,0.1460783725915169,0.0,0.0,0.07297426298096252,0.9973338242245599,0.25250778655925626,0.00026434614664573716,0.0,0.0,0.0,0.2522632281489915
2026-09-16T13:12:07.015044,78.49,-7.241512787685754,-3.0734569215267205,0.0,0.1511172504637699,0.0,0.0,0.07548675038715827,0.9971468048968452,0.2525116230139007,0.0002638337446821402,0.0,0.0,0.0,0.25220465614391785
2026-09-16T13:12:07.042459,78.5,-7.2390125441592925,-3.0730724141501775,0.0,0.15364022218459672,0.0,0.0,0.0767445765858869,0.9970507860508676,0.25281300310915183,0.0002642329557526444,0.0,0.0,0.0,0.2521677074694538
2026-09-16T13:12:07.061777,78.53,-7.231523314554809,-3.0718841690751932,0.0,0.1612057885809648,0.0,0.0,0.08051564546648197,0.9967533450333216,0.25251915186160984,0.0002628794731876891,0.0,0.0,0.0,0.2522457369801844
2026-09-16T13:12:07.087303,78.55,-7.226534653494107,-3.071060032517845,0.0,0.16624927528741784,0.0,0.0,0.08302894291810739,0.9965471361846873,0.2525228454593295,0.0002624313478639053,0.0,0.0,0.0,0.25209383797179247
2026-09-16T13:12:07.098827,78.57,-7.221550211989068,-3.0702107498716686,0.0,0.17129347094295522,0.0,0.0,0.08554206554846963,0.9963345597848653,0.25252649263012683,0.00026200025475020777,0.0,0.0,0.0,0.2518528048315106
2026-09-16T13:12:07.121800,78.59,-7.216570116768617,-3.069336342855304,0.0,0.17628332853460368,0.0,0.0,0.08802758051767524,0.9961180377185247,0.25253009395742526,0.0002615833984797827,0.0,0.0,0.0,0.19448972477561627
2026-09-16T13:12:07.147995,78.61,-7.213293443876482,-3.06874561235523,0.0,0.17947858986730925,0.0,0.0,0.089618896223222,0.9959761309588354,0.19467315915767405,0.0002581658608348217,0.0,0.0,0.0,0.1723366846820429
2026-09-16T13:12:07.163462,78.63,-7.2100627244257955,-3.068153038357471,0.0,0.18293127571090564,0.0,0.0,0.09133815816937409,0.9958199339550431,0.1721155063178079,0.0002540291893708505,0.0,0.0,0.0,0.17082472977782795
2026-09-16T13:12:07.185101,78.65,-7.206694238981405,-3.0675239449075065,0.0,0.1863452253073632,0.0,0.0,0.09303786380588225,0.9956625713053786,0.1705629521698308,0.00024975903094670793,0.0,0.0,0.0,0.17060595854400937
2026-09-16T13:12:07.199825,78.67,-7.203327870177638,-3.0668833566523803,0.0,0.18964006743204995,0.0,0.0,0.09467801230271373,0.9955079477263892,0.17057267349077146,0.0002455495487178537,0.0,0.0,0.0,0.15777297736725
2026-09-16T13:12:07.220864,78.69,-7.1999800278595725,-3.0662352968999995,0.0,0.19280103267261367,0.0,0.0,0.0962512764081385,0.9953570674837268,0.1699730047787058,0.00024115436946321077,0.0,0.0,0.0,0.15784356500139377
2026-09-16T13:12:07.242577,78.71,-7.196630479928358,-3.065575950271082,0.0,0.19595536729963267,0.0,0.0,0.09782100067900637,0.9952040252260628,0.1699403526375889,0.00023683297664932242,0.0,0.0,0.0,0.15774541982217014
2026-09-16T13:12:07.258677,78.73,-7.19328327324827,-3.0649060972835147,0.0,0.19910832937712453,0.0,0.0,0.09938979874771524,0.9950485756509019,0.16993711136704653,0.00023258995078342614,0.0,0.0,0.0,0.1573335503719545
2026-09-16T13:12:07.305264,78.75,-7.18993826808453,-3.0642257152396146,0.0,0.20225469503984345,0.0,0.0,0.10095506844750736,0.994890986065689,0.1699426106942265,0.00022842157577725937,0.0,0.0,0.0,0.15769614438276608
2026-09-16T13:12:07.327333,78.77,-7.18659544608471,-3.063534800408313,0.0,0.20540850401147645,0.0,0.0,0.10252379033733092,0.9947305526698509,0.16995065085432345,0.0002243419099360481,0.0,0.0,0.0,0.15759829296411026
2026-09-16T13:12:07.348193,78.79,-7.183254818296957,-3.062833355188827,0.0,0.20855726196489766,0.0,0.0,0.10408974549872677,0.9945679086326937,0.1699597146005437,0.00022033771343193102,0.0,0.0,0.0,0.1576887566949164
2026-09-16T13:12:07.374953,78.81,-7.179916429939503,-3.0621213888833014,0.0,0.21171037623387476,0.0,0.0,0.10565760862207488,0.9944025692546578,0.16996822026315409,0.00021641493482107876,0.0,0.0,0.0,0.15758923400577488
2026-09-16T13:12:07.388259,78.83,-7.176580299415903,-3.0613989056132174,0.0,0.21485825760449997,0.0,0.0,0.10722260776498704,0.9942350388032378,0.16997702687328217,0.00021256609782759547,0.0,0.0,0.0,0.15758878133694548
2026-09-16T13:12:07.417876,78.85,-7.173246462573214,-3.06066591318781,0.0,0.2180108433818692,0.0,0.0,0.10878967952938791,0.994064789451821,0.1699857531544466,0.00020879634235659264,0.0,0.0,0.0,0.15769290158659668
2026-09-16T13:12:07.439739,78.87,-7.169914952848229,-3.0599224189015004,0.0,0.22115873431646277,0.0,0.0,0.11035414790040053,0.9938923291992833,0.16999435775785893,0.00020510086545262178,0.0,0.0,0.0,0.15764554847024143
2026-09-16T13:12:07.461030,78.89,-7.166585802923149,-3.0591684300477824,0.0,0.2243100942819432,0.0,0.0,0.11192006650868087,0.9937172126478903,0.17000286521729055,0.00020148176257120886,0.0,0.0,0.0,0.15788424499004378
2026-09-16T13:12:07.478345,78.91,-7.163259045953908,-3.0584039540323635,0.0,0.22746198316990096,0.0,0.0,0.11348596999824226,0.993539598915694,0.17001126631245306,0.00019793735957242888,0.0,0.0,0.0,0.1574469053318729
2026-09-16T13:12:07.499590,78.93,-7.159934714945709,-3.0576289985455825,0.0,0.23061427628803788,0.0,0.0,0.11505179240695135,0.9933594943744927,0.17001956198084187,0.00019445921516609386,0.0,0.0,0.0,0.1575392857108838
2026-09-16T13:12:07.520699,78.95,-7.156612842946532,-3.056843571103715,0.0,0.23376510142118215,0.0,0.0,0.11661660001524798,0.9931770076883998,0.17002775342739493,0.00019105132843268851,0.0,0.0,0.0,0.15697248062889374
2026-09-16T13:12:07.542786,78.97,-7.153293462913452,-3.0560476796163245,0.0,0.2369181390162449,0.0,0.0,0.11818221666846042,0.9929919252759959,0.17003584192660628,0.00018770753314774913,0.0,0.0,0.0,0.15780174057434018
2026-09-16T13:12:07.569140,78.99,-7.149976607815807,-3.0552413319405067,0.0,0.2400723331875616,0.0,0.0,0.1197481137172534,0.9928043056217876,0.17004382876152319,0.0001844385606837551,0.0,0.0,0.0,0.15736788850086852
2026-09-16T13:12:07.612327,79.01,-7.146662310541821,-3.054424536268585,0.0,0.24321927499347493,0.0,0.0,0.12131011352308307,0.9926146565294192,0.17005171520679196,0.00018122949672045024,0.0,0.0,0.0,0.15754737532695937
2026-09-16T13:12:07.630252,79.03,-7.143350604033502,-3.053597300570516,0.0,0.24636861879528066,0.0,0.0,0.12287300488545537,0.9924224023420768,0.1700595025232836,0.00017809290882955542,0.0,0.0,0.0,0.15719752161796216
2026-09-16T13:12:07.655832,79.06,-7.138384968196594,-3.0523365330286816,0.0,0.2510962340015803,0.0,0.0,0.12521855503939458,0.99212918184773,0.17067125022448645,0.00017304561020778432,0.0,0.0,0.0,0.15777407301983515
2026-09-16T13:12:07.670168,79.07,-7.136735094612348,-3.0519115428626216,0.0,0.25267333985479823,0.0,0.0,0.1260008623968047,0.9920301319391773,0.17007478473703133,0.00017201608040664273,0.0,0.0,0.0,0.15755709681428268
2026-09-16T13:12:07.693514,79.09,-7.133431357414281,-3.0510530374696923,0.0,0.2558237861159318,0.0,0.0,0.12756337423590963,0.9918304217725675,0.17008228207980722,0.00016907191650208223,0.0,0.0,0.0,0.15731206088037875
2026-09-16T13:12:07.712261,79.11,-7.130130342353032,-3.050184125525806,0.0,0.25897219758244155,0.0,0.0,0.1291245606685357,0.9916283819214523,0.17008968518394968,0.00016618847568598355,0.0,0.0,0.0,0.15743853830531157
2026-09-16T13:12:07.730388,79.13,-7.126832082219997,-3.04930481560257,0.0,0.2621277741653216,0.0,0.0,0.13068897894750947,0.99142341649855,0.17009699523442282,0.000163370679885161,0.0,0.0,0.0,0.15756527132667864
2026-09-16T13:12:07.774775,79.15,-7.123536609669825,-3.0484151167842386,0.0,0.26527727072423574,0.0,0.0,0.1322500585782523,0.9912163850572936,0.17010421340072987,0.00016061012260999003,0.0,0.0,0.0,0.13348804971229736
2026-09-16T13:12:07.797333,79.17,-7.120243793962949,-3.047515635245912,0.0,0.2679449831626686,0.0,0.0,0.1335720806781872,0.9910391007741823,0.17011134083781973,0.00015766925995227906,0.0,0.0,0.0,0.13228061646954692
2026-09-16T13:12:07.820025,79.19,-7.116953329244031,-3.0466075936760584,0.0,0.2705914356408905,0.0,0.0,0.13488333230012162,0.9908614871250244,0.17011837868597157,0.00015453762890212,0.0,0.0,0.0,0.13250084554155087
2026-09-16T13:12:07.843122,79.21,-7.113665280029251,-3.045690845408273,0.0,0.2732432744280797,0.0,0.0,0.13619701581067978,0.990681771753304,0.17012532807170655,0.00015146716618107969,0.0,0.0,0.0,0.1320712838817551
2026-09-16T13:12:07.859173,79.23,-7.110379671547564,-3.044765389031987,0.0,0.2758937196110693,0.0,0.0,0.13750976969571005,0.9905004105189623,0.17013219010639075,0.000148454671009014,0.0,0.0,0.0,0.13265021235518834
2026-09-16T13:12:07.899169,79.25,-7.107096526532961,-3.043831232185944,0.0,0.27854363845324226,0.0,0.0,0.13882202146185127,0.9903173462871613,0.1701389658884142,0.00014551036454592858,0.0,0.0,0.0,0.13256059417199895
2026-09-16T13:12:07.920589,79.27,-7.103815868028222,-3.0428883814018097,0.0,0.2811856075436201,0.0,0.0,0.1401300938684549,0.9901331005437694,0.17014565650179436,0.00014262711208581317,0.0,0.0,0.0,0.13232401256134055
2026-09-16T13:12:07.942317,79.29,-7.100537719015364,-3.0419368434223206,0.0,0.28383951466714397,0.0,0.0,0.14144383075634454,0.9899462827552667,0.1701522630170641,0.0001398104462950685,0.0,0.0,0.0,0.1322166762810063
2026-09-16T13:12:07.958623,79.31,-7.097262102439488,-3.0409766251138586,0.0,0.28648691703075274,0.0,0.0,0.14275409952022702,0.989758186159715,0.17015878649115737,0.0001370485832402174,0.0,0.0,0.0,0.13246622231312988
2026-09-16T13:12:07.980191,79.33,-7.093989040579232,-3.040007732952056,0.0,0.2891380209024539,0.0,0.0,0.144065949599971,0.9895680886962042,0.17016522796823302,0.0001343507931294424,0.0,0.0,0.0,0.13200607129343164
2026-09-16T13:12:08.001087,79.35,-7.090718557908034,-3.0390301739126193,0.0,0.2917830545417468,0.0,0.0,0.14537454367064467,0.989376693707989,0.17017158847857997,0.0001317054223026078,0.0,0.0,0.0,0.13241505718508456
2026-09-16T13:12:08.018578,79.37,-7.087450676631025,-3.0380439547245817,0.0,0.29443706521757473,0.0,0.0,0.1466873234409409,0.989182909851223,0.17017786904028204,0.0001291263098334883,0.0,0.0,0.0,0.13276879732099744
2026-09-16T13:12:08.038304,79.39,-7.084185419666803,-3.037049082342026,0.0,0.29708221433326454,0.0,0.0,0.1479954629161924,0.988988039844882,0.17018407065776142,0.0001266029262057872,0.0,0.0,0.0,0.13247341820349975
2026-09-16T13:12:08.058802,79.41,-7.080922809923333,-3.036045563753567,0.0,0.2997308345049747,0.0,0.0,0.149305059592321,0.9887911807758671,0.17019019432388116,0.00012413676668641193,0.0,0.0,0.0,0.13242366209738837
2026-09-16T13:12:08.080930,79.43,-7.077662870347857,-3.0350334058214927,0.0,0.30238214101964855,0.0,0.0,0.15061572226692677,0.9885923852660469,0.1701962410178877,0.00012172604548938474,0.0,0.0,0.0,0.1325452744878602
2026-09-16T13:12:08.100103,79.45,-7.074405623777834,-3.034012615765057,0.0,0.3050279782003477,0.0,0.0,0.15192341733290646,0.9883922679108187,0.17020221170771252,0.00011936881675044089,0.0,0.0,0.0,0.132225127697314
2026-09-16T13:12:08.116941,79.47,-7.07115109307106,-3.032983200736506,0.0,0.30767911458672303,0.0,0.0,0.15323346482729208,0.9881900147527413,0.17020810734855402,0.00011706535050141043,0.0,0.0,0.0,0.132273436486075
2026-09-16T13:12:08.141229,79.49,-7.067899301063906,-3.0319451679566005,0.0,0.3103282115943298,0.0,0.0,0.15454223563149844,0.9879861828011657,0.17021392888360243,0.00011481314829561818,0.0,0.0,0.0,0.13278324781745157
2026-09-16T13:12:08.160271,79.51,-7.064650270563546,-3.0308985247377804,0.0,0.31297710043095783,0.0,0.0,0.1558506324887751,0.9877806337202855,0.17021967724476258,0.00011261801189839295,0.0,0.0,0.0,0.13207043338182467
2026-09-16T13:12:08.180121,79.53,-7.061404024364734,-3.0298432784308953,0.0,0.3156281845948441,0.0,0.0,0.15715983998348929,0.9875731794132342,0.1702253533513733,0.00011046713702404586,0.0,0.0,0.0,0.13277380202610167
2026-09-16T13:12:08.199005,79.55,-7.058160585228676,-3.0287794364895797,0.0,0.3182762412944405,0.0,0.0,0.15846727673389904,0.9873642297574597,0.1702309581116409,0.00010837164581938877,0.0,0.0,0.0,0.13235491824719448
2026-09-16T13:12:08.218328,79.57,-7.054919975889692,-3.027707006448827,0.0,0.3209233905476956,0.0,0.0,0.15977398778866553,0.9871536216952796,0.17023649242264244,0.00010632250831657582,0.0,0.0,0.0,0.13248213440578382
2026-09-16T13:12:08.241769,79.58,-7.053298712645463,-3.027166823952404,0.0,0.3222467993356424,0.0,0.0,0.1604271566512651,0.9870476824392986,0.17067125089275087,0.00010540178679477282,0.0,0.0,0.0,0.1324507004335472
2026-09-16T13:12:08.279939,79.61,-7.048447337541647,-3.0255364121994615,0.0,0.3262211514187117,0.0,0.0,0.16238827611397308,0.9867269367868357,0.17024735322750437,0.00010237945024962916,0.0,0.0,0.0,0.1326259378574313
2026-09-16T13:12:08.299284,79.63,-7.045215353942189,-3.0244382632369136,0.0,0.32887289004634873,0.0,0.0,0.1636964039637244,0.986510763919657,0.17025268145886407,0.00010047910192723735,0.0,0.0,0.0,0.1326209838277177
2026-09-16T13:12:08.334984,79.65,-7.041986291063857,-3.0233315563571113,0.0,0.33151577108955443,0.0,0.0,0.16499987595904564,0.9862935875962591,0.17025794271680625,9.862252209464161e-05,0.0,0.0,0.0,0.13246129214637412
2026-09-16T13:12:08.356475,79.67,-7.0387601715703045,-3.022216299309437,0.0,0.334167369306285,0.0,0.0,0.1663073577212984,0.9860739641465848,0.17026313784301625,9.681631723639865e-05,0.0,0.0,0.0,0.13248374586851003
2026-09-16T13:12:08.376576,79.69,-7.035537017979596,-3.0210925002624807,0.0,0.33681693586329514,0.0,0.0,0.16761354569935133,0.9858527776996378,0.1702682676687415,9.50526490505275e-05,0.0,0.0,0.0,0.13236593651686146
2026-09-16T13:12:08.413523,79.71,-7.032316852913289,-3.0199601670822998,0.0,0.33945952127738455,0.0,0.0,0.16891599909467828,0.9856304506506719,0.17027333301463782,9.333135449492745e-05,0.0,0.0,0.0,0.1323209528867888
2026-09-16T13:12:08.431994,79.73,-7.0290996991354975,-3.018819307233339,0.0,0.34211209181860625,0.0,0.0,0.17022307729604494,0.9854055530368523,0.17027833469161566,9.165976962437013e-05,0.0,0.0,0.0,0.13218157508560557
2026-09-16T13:12:08.451511,79.75,-7.025885579080718,-3.017669929116688,0.0,0.344479465522046,0.0,0.0,0.17138936936940471,0.9852033719324949,0.1702832734993976,9.002587211584939e-05,0.0,0.0,0.0,0.1038862569989789
2026-09-16T13:12:08.472902,79.77,-7.022673854770345,-3.016513875239062,0.0,0.3465557125106322,0.0,0.0,0.17241203959957258,0.9850249177564573,0.17028815022865199,8.786097918420272e-05,0.0,0.0,0.0,0.10315091884473165
2026-09-16T13:12:08.492062,79.79,-7.0194645346100755,-3.0153511646298146,0.0,0.34862205091089965,0.0,0.0,0.17342964480528333,0.9848462612523404,0.1702929656595334,8.574219640314968e-05,0.0,0.0,0.0,0.10287422069526696
2026-09-16T13:12:08.514157,79.81,-7.016257615225719,-3.0141818494071884,0.0,0.35067952464787266,0.0,0.0,0.17444270051507346,0.984667326682981,0.17029772056253575,8.366013536406555e-05,0.0,0.0,0.0,0.10234548516785907
2026-09-16T13:12:08.531923,79.83,-7.01305310487847,-3.013005949038296,0.0,0.35273116497683654,0.0,0.0,0.17545270015330675,0.9844878617885108,0.17030241569832533,8.161580597339532e-05,0.0,0.0,0.0,0.10242538743905484
2026-09-16T13:12:08.553500,79.85,-7.009851017708879,-3.011823466788115,0.0,0.3547855719783901,0.0,0.0,0.17646387678937875,0.9843071168027095,0.17030705181857717,7.96238683373979e-05,0.0,0.0,0.0,0.102807540883342
2026-09-16T13:12:08.571039,79.87,-7.006651366992432,-3.010634408296895,0.0,0.35684107173807617,0.0,0.0,0.1774754049355854,0.9841252362595677,0.1703116296646655,7.768352070969798e-05,0.0,0.0,0.0,0.10277821759566616
2026-09-16T13:12:08.592177,79.89,-7.003454166222739,-3.009438778609692,0.0,0.3588933782283048,0.0,0.0,0.17848517462319471,0.9839426011916181,0.17031614996921263,7.578875236723526e-05,0.0,0.0,0.0,0.10278812547255664
2026-09-16T13:12:08.617541,79.91,-7.000259428992121,-3.0082365825088053,0.0,0.36095027611929664,0.0,0.0,0.1794970147829085,0.9837585179727921,0.17032061345549077,7.394259669651337e-05,0.0,0.0,0.0,0.10274364960679852
2026-09-16T13:12:08.632858,79.93,-6.997067168742622,-3.007027825179399,0.0,0.36300342689944554,0.0,0.0,0.1805068223077661,0.9835737324168191,0.17032502083753795,7.213906233775807e-05,0.0,0.0,0.0,0.10255374510686364
2026-09-16T13:12:08.662032,79.95,-6.993877398957728,-3.005812511695804,0.0,0.3650540290973279,0.0,0.0,0.18151518648161444,0.9833881416188344,0.17032937282084426,7.037972488659298e-05,0.0,0.0,0.0,0.10250105863854389
2026-09-16T13:12:08.674047,79.97,-6.990690133145626,-3.0045906470685466,0.0,0.36711575929368667,0.0,0.0,0.182528830368696,0.9832005014666316,0.17033367010160658,6.866791387581584e-05,0.0,0.0,0.0,0.10293761622547187
2026-09-16T13:12:08.692832,79.99,-6.9875053846783315,-3.003362236664521,0.0,0.36916391883982064,0.0,0.0,0.1835356102265476,0.983013061855624,0.17033791336741227,6.699640100094096e-05,0.0,0.0,0.0,0.10268585099939292
2026-09-16T13:12:08.719455,80.01,-6.98432316706999,-3.002127285479955,0.0,0.371192344518779,0.0,0.0,0.18453250012943967,0.9828264121379616,0.17034210329720584,6.537138808325487e-05,0.0,0.0,0.0,0.0727134643054547
2026-09-16T13:12:08.734055,80.03,-6.982527235723287,-3.0014265494864842,0.0,0.3722910142925051,0.0,0.0,0.18507237309512675,0.9827248937098002,0.12056554696246038,6.279452696395191e-05,0.0,0.0,0.0,0.06139889114417847
2026-09-16T13:12:08.772668,80.05,-6.9807679557870905,-3.0007381060494103,0.0,0.373519165830622,0.0,0.0,0.18567580570769607,0.9826110599697104,0.10115897082757196,5.9993898451015604e-05,0.0,0.0,0.0,0.0604937460586595
2026-09-16T13:12:08.789416,80.07,-6.978895630971034,-3.0000030263516755,0.0,0.3747298450471992,0.0,0.0,0.18627058504635874,0.9824984830250311,0.09982427044859565,5.718863220339527e-05,0.0,0.0,0.0,0.06010039527956165
2026-09-16T13:12:08.808513,80.09,-6.977031622892924,-2.9992686147957044,0.0,0.3759409984838636,0.0,0.0,0.1868655290622421,0.9823855017498417,0.0994304483556485,5.443288338790198e-05,0.0,0.0,0.0,0.060186526071159305
2026-09-16T13:12:08.842804,80.11,-6.975170729663869,-2.998532837155302,0.0,0.3771428572034856,0.0,0.0,0.1874558395772917,0.9822730313962471,0.09931879809182657,5.173311521457862e-05,0.0,0.0,0.0,0.06001534896586888
2026-09-16T13:12:08.865747,80.14,-6.972378748012692,-2.99742425030596,0.0,0.3789485283033577,0.0,0.0,0.18834259407055215,0.9821033892919703,0.10000463389459417,4.757908346180028e-05,0.0,0.0,0.0,0.06010894867756429
2026-09-16T13:12:08.882155,80.15,-6.971453144868119,-2.9970551743016443,0.0,0.3795510166808815,0.0,0.0,0.18863843845900236,0.9820466076188793,0.0992899276860244,4.650955511762908e-05,0.0,0.0,0.0,0.06061037285877091
2026-09-16T13:12:08.903177,80.17,-6.970524328075951,-2.9966843865377255,0.0,0.3801501837774405,0.0,0.0,0.18893263499670945,0.9819900505774996,0.09929889557963252,4.363068892516083e-05,0.0,0.0,0.0,0.06024101956008258
2026-09-16T13:12:08.927381,80.19,-6.96773947279329,-2.9955686937036496,0.0,0.3819570295236261,0.0,0.0,0.18981971004803064,0.9818189637999877,0.09930353616754282,4.223423967735421e-05,0.0,0.0,0.0,0.06031473465606532
2026-09-16T13:12:08.947877,80.21,-6.96588399417035,-2.9948221099720373,0.0,0.3831597003187852,0.0,0.0,0.19041007818958955,0.981704640981102,0.0993120016980349,3.981090954377044e-05,0.0,0.0,0.0,0.06041209198897865
2026-09-16T13:12:08.963560,80.23,-6.964029418782123,-2.994073294074558,0.0,0.384362491094902,0.0,0.0,0.19100043636410657,0.9815899517154405,0.09932056292646195,3.7443559908638815e-05,0.0,0.0,0.0,0.06020182072804689
2026-09-16T13:12:09.023101,80.25,-6.962175747264209,-2.993322246228659,0.0,0.3855655908913534,0.0,0.0,0.19159087710612294,0.9814748778291305,0.09932907717224707,3.512950317769362e-05,0.0,0.0,0.0,0.06008557168458577
2026-09-16T13:12:09.052592,80.27,-6.96124922521191,-2.9929458910687288,0.0,0.3861692694880929,0.0,0.0,0.19188711606248476,0.9814170034644919,0.09933749485589918,3.2510379535685505e-05,0.0,0.0,0.0,0.06015692443066702
2026-09-16T13:12:09.067063,80.29,-6.958471128987393,-2.9918134523003417,0.0,0.3879789190715931,0.0,0.0,0.19277504782735036,0.981242977521451,0.09934582775413765,3.13709603527294e-05,0.0,0.0,0.0,0.0601811952279235
2026-09-16T13:12:09.111607,80.31,-6.956620182970733,-2.9910557142707943,0.0,0.38918000607757675,0.0,0.0,0.19336429212453612,0.9811270307820374,0.09935405042339476,2.9199190470265485e-05,0.0,0.0,0.0,0.060417679119700106
2026-09-16T13:12:09.131101,80.33,-6.954770152041102,-2.990295748763157,0.0,0.3903826063322091,0.0,0.0,0.19395420894093415,0.9810105834465276,0.09936216881372821,2.7081217252522572e-05,0.0,0.0,0.0,0.06042006189160567
2026-09-16T13:12:09.164293,80.35,-6.952921037861802,-2.9895335566288797,0.0,0.39158698118895796,0.0,0.0,0.19454492597890669,0.9808936087955011,0.09937018601197138,2.5013888379038165e-05,0.0,0.0,0.0,0.0046418393709794364
2026-09-16T13:12:09.187556,80.37,-6.951072524789099,-2.9887699089688415,0.0,0.39168198311325064,0.0,0.0,0.19459151914959025,0.9808843666177245,0.09937810248175276,2.2667339291078263e-05,0.0,0.0,0.0,0.0036289093132554438
2026-09-16T13:12:09.210219,80.39,-6.949223971092439,-2.988006360998876,0.0,0.39175177706622133,0.0,0.0,0.19462574892977338,0.9808775753647979,0.09938591945828362,2.0042514513998598e-05,0.0,0.0,0.0,0.0031682293153138803
2026-09-16T13:12:09.236906,80.41,-6.947375468326576,-2.9872426910123404,0.0,0.3918047063370942,0.0,0.0,0.19465170742905447,0.9808724243218145,0.09939363818431313,1.7465071401465096e-05,0.0,0.0,0.0,0.002078193783493939
2026-09-16T13:12:09.255671,80.43,-6.945526997483705,-2.98647894501325,0.0,0.39184916149414345,0.0,0.0,0.1946735097998016,0.9808680974433955,0.09940125988715505,1.4931538992612703e-05,0.0,0.0,0.0,0.0017365757019115074
2026-09-16T13:12:09.278622,80.45,-6.943678558367518,-2.985715123482969,0.0,0.39188663438451465,0.0,0.0,0.19469188774697208,0.9808644497816813,0.09940878579061208,1.2450623151814449e-05,0.0,0.0,0.0,0.002148864017535838
2026-09-16T13:12:09.298715,80.47,-6.9418301505160835,-2.9849512275323526,0.0,0.39192848438692485,0.0,0.0,0.19471241229414082,0.9808603756389573,0.09941621709686568,1.002942265982494e-05,0.0,0.0,0.0,0.0019281935550568572
2026-09-16T13:12:09.316531,80.49,-6.939981773788232,-2.9841872574961252,0.0,0.3919720472731064,0.0,0.0,0.19473377680240225,0.9808561342889548,0.09942355499496354,7.660648283569669e-06,0.0,0.0,0.0,0.0019076671321896384
2026-09-16T13:12:09.359339,80.51,-6.938133428144348,-2.983423213463309,0.0,0.39200659280208694,0.0,0.0,0.19475071887035855,0.9808527705519715,0.09943080065857844,5.343652800486946e-06,0.0,0.0,0.0,0.0017227146218214743
2026-09-16T13:12:09.378827,80.53,-6.936285113593318,-2.982659095405713,0.0,0.3920488277148522,0.0,0.0,0.1947714319425327,0.9808486576934565,0.09943795524748329,3.082065754180005e-06,0.0,0.0,0.0,0.0022468370058579715
2026-09-16T13:12:09.397958,80.55,-6.9344368300433485,-2.9818949035388687,0.0,0.39208616302061294,0.0,0.0,0.19478974205086458,0.9808450215970704,0.09944501990630654,8.744431087908243e-07,0.0,0.0,0.0,0.001856572185556193
2026-09-16T13:12:09.417089,80.57,-6.932588577516687,-2.9811306378026403,0.0,0.3921262896006824,0.0,0.0,0.19480942098980572,0.9808411132765676,0.09945199576543028,-1.2824567555816191e-06,0.0,0.0,0.0,0.0020664543938845262
2026-09-16T13:12:09.437233,80.59,-6.930740356063374,-2.9803662980698604,0.0,0.3921647035586782,0.0,0.0,0.19482825994853417,0.9808373713951902,0.09945888394102828,-3.3875254256460223e-06,0.0,0.0,0.0,0.002080716410172892
2026-09-16T13:12:09.458054,80.61,-6.928892165689646,-2.979601884319508,0.0,0.3922069638594498,0.0,0.0,0.1948489851462005,0.9808332544257947,0.09946568553524447,-5.441741507587577e-06,0.0,0.0,0.0,0.0020548962080685503
2026-09-16T13:12:09.479129,80.63,-6.9270440064211565,-2.9788373964838124,0.0,0.3922473561891079,0.0,0.0,0.19486879417653727,0.9808293190235405,0.09947240163636928,-7.448373405369901e-06,0.0,0.0,0.0,0.00221053711561762
2026-09-16T13:12:09.497113,80.65,-6.925195878267447,-2.97807283453414,0.0,0.39228486033252846,0.0,0.0,0.19488718672400024,0.9808256646574888,0.0994790333190138,-9.4060438002256e-06,0.0,0.0,0.0,0.0021223347412511807
2026-09-16T13:12:09.516825,80.67,-6.923347781233524,-2.9773081984530214,0.0,0.39232772232699625,0.0,0.0,0.19490820675135026,0.980821487805489,0.09948558164428174,-1.1315214742202023e-05,0.0,0.0,0.0,0.0023076189852455666
2026-09-16T13:12:09.536553,80.69,-6.921499715287581,-2.9765434883121213,0.0,0.39236720764479227,0.0,0.0,0.19492757073743758,0.9808176396080982,0.09949204765993923,-1.3178319845468556e-05,0.0,0.0,0.0,0.001819064988661684
2026-09-16T13:12:09.557954,80.71,-6.919651680459965,-2.975778704033056,0.0,0.3924059702084395,0.0,0.0,0.19494658020391653,0.9808138614777006,0.09949843240058236,-1.4997966186663803e-05,0.0,0.0,0.0,0.0016260253549909127
2026-09-16T13:12:09.576954,80.73,-6.917803676730159,-2.9750138456605537,0.0,0.3924452702830844,0.0,0.0,0.19496585319526288,0.980810030580766,0.09950473688780283,-1.677273269520107e-05,0.0,0.0,0.0,0.001446284345090911
2026-09-16T13:12:09.597570,80.75,-6.915955704056112,-2.9742489132915138,0.0,0.39248379847847126,0.0,0.0,0.19498474757933312,0.9808062745575314,0.09951096213035142,-1.850365354657476e-05,0.0,0.0,0.0,0.002325747360301753
2026-09-16T13:12:09.617822,80.77,-6.914107762475965,-2.9734839068292174,0.0,0.39252360640091577,0.0,0.0,0.1950042694707639,0.9808023933943951,0.09951710912429929,-2.0184795139975972e-05,0.0,0.0,0.0,0.002331706053732846
2026-09-16T13:12:09.637280,80.79,-6.912259851991772,-2.9727188262643356,0.0,0.39256365244551983,0.0,0.0,0.19502390805986866,0.9807984886229464,0.09952317885319742,-2.182279757566631e-05,0.0,0.0,0.0,0.0021077885289108424
2026-09-16T13:12:09.661292,80.81,-6.910411972617313,-2.9719536715593677,0.0,0.3926022838823502,0.0,0.0,0.19504285285091433,0.9807947214130879,0.09952917228823403,-2.3419850334820295e-05,0.0,0.0,0.0,0.002003066574825882
2026-09-16T13:12:09.677795,80.83,-6.908564124382656,-2.9711884426376667,0.0,0.3926431710373075,0.0,0.0,0.1950629037630327,0.9807907338344576,0.09953509038838984,-2.497506805136537e-05,0.0,0.0,0.0,0.0023112918387279656
2026-09-16T13:12:09.699228,80.85,-6.906716307289535,-2.9704231394912055,0.0,0.3926881243255797,0.0,0.0,0.19508494859805442,0.9807863492272384,0.09954093410059173,-2.648808090762789e-05,0.0,0.0,0.0,0.002335345928064696
2026-09-16T13:12:09.719193,80.87,-6.904868521332656,-2.96965776212903,0.0,0.39272549446694915,0.0,0.0,0.19510327462626006,0.9807827038799727,0.09954670435986399,-2.7963663816226647e-05,0.0,0.0,0.0,0.002043856587530439
2026-09-16T13:12:09.741232,80.89,-6.903020766545971,-2.968892310465616,0.0,0.39276673939792994,0.0,0.0,0.1951235007422356,0.9807786801608683,0.09955240208947809,-2.9399761058194246e-05,0.0,0.0,0.0,0.0020605828468306343
2026-09-16T13:12:09.766052,80.91,-6.901173042854776,-2.968126784677995,0.0,0.39280921896909193,0.0,0.0,0.1951443322270902,0.9807745355583224,0.09955802820110045,-3.07975639912482e-05,0.0,0.0,0.0,0.002250009899617621
2026-09-16T13:12:09.779367,80.93,-6.899325350163886,-2.9673611849925967,0.0,0.392845881473162,0.0,0.0,0.19516231101950238,0.9807709581535982,0.09956358359493815,-3.21575882943217e-05,0.0,0.0,0.0,0.0016277120249877115
2026-09-16T13:12:09.841324,80.95,-6.897477688549832,-2.9665955112214077,0.0,0.3928881442080706,0.0,0.0,0.1951830360074327,0.9807668338881169,0.09956906915988309,-3.3481674604911626e-05,0.0,0.0,0.0,0.0018799886963754265
2026-09-16T13:12:09.861483,80.97,-6.895630057985934,-2.9658297634259245,0.0,0.392929037287291,0.0,0.0,0.19520308925454966,0.9807628428654301,0.0995744857736542,-3.4768670775254185e-05,0.0,0.0,0.0,0.0016404970373532241
2026-09-16T13:12:09.877275,80.99,-6.8937824584887295,-2.965063941563311,0.0,0.3929662671665701,0.0,0.0,0.19522134606184874,0.9807592090017814,0.09957983430293785,-3.6021254446222975e-05,0.0,0.0,0.0,0.0021778305884166045
2026-09-16T13:12:09.924708,81.0,-6.892856884011322,-2.9646798606748965,0.0,0.39298601304883674,0.0,0.0,0.1952310290302704,0.9807572815451241,0.09999999833113196,-3.619481993068487e-05,0.0,0.0,0.0,0.002166014675441789
2026-09-16T13:12:09.943442,81.03,-6.890087352570811,-2.963532075924324,0.0,0.3930416904880794,0.0,0.0,0.1952583319815929,0.9807518461832055,0.09959033052045585,-3.841313676921404e-05,0.0,0.0,0.0,0.0018741789138145924
2026-09-16T13:12:09.983201,81.05,-6.888239846204221,-2.9627660320122446,0.0,0.3930833901283105,0.0,0.0,0.19527878043872143,0.9807477748689342,0.09959547988813952,-3.955480707140625e-05,0.0,0.0,0.0,0.0018378866123734054
2026-09-16T13:12:10.002196,81.07,-6.886392370857071,-2.961999914137052,0.0,0.3931290942297756,0.0,0.0,0.1953011924856378,0.9807433120922558,0.09960056453050324,-4.0663874381060835e-05,0.0,0.0,0.0,0.002022493653180122
2026-09-16T13:12:10.025565,81.09,-6.884544926523697,-2.961233722310083,0.0,0.39316915483943055,0.0,0.0,0.19532083703395647,0.9807393999530939,0.09960558526111625,-4.1742097452204605e-05,0.0,0.0,0.0,0.001866791418718706
2026-09-16T13:12:10.044836,81.11,-6.882697513361711,-2.9604674561492175,0.0,0.393206456013047,0.0,0.0,0.1953391283652999,0.9807357569342952,0.0996105428833215,-4.278841918187945e-05,0.0,0.0,0.0,0.0017933632049470123
2026-09-16T13:12:10.061573,81.13,-6.880850131287863,-2.9597011158535587,0.0,0.3932505965606383,0.0,0.0,0.1953607734244003,0.9807314455073928,0.09961543819036431,-4.380136535742439e-05,0.0,0.0,0.0,0.00216081847442057
2026-09-16T13:12:10.101311,81.15,-6.879002780163497,-2.9589347017555774,0.0,0.39328770639103233,0.0,0.0,0.19537897077957178,0.9807278204359837,0.09962027196551933,-4.478319433665244e-05,0.0,0.0,0.0,0.0021753148574133506
2026-09-16T13:12:10.121023,81.17,-6.877155460049409,-2.958168213706851,0.0,0.39332549120123833,0.0,0.0,0.1953974990519825,0.9807241290822972,0.09962504498221568,-4.573230061175796e-05,0.0,0.0,0.0,0.00181983759062122
2026-09-16T13:12:10.144216,81.19,-6.875308170950904,-2.9574016516931514,0.0,0.39336532110540784,0.0,0.0,0.19541703008727243,0.9807202375559863,0.09962975800416082,-4.6651725377264464e-05,0.0,0.0,0.0,0.0022706360617533693
2026-09-16T13:12:10.160333,81.21,-6.873460912834377,-2.956635015793966,0.0,0.39340670245494114,0.0,0.0,0.19543732180891388,0.980716194035848,0.09963441178546284,-4.753868861169691e-05,0.0,0.0,0.0,0.0021046910136196854
2026-09-16T13:12:10.183082,81.23,-6.871613685837342,-2.955868305676559,0.0,0.39344779422315856,0.0,0.0,0.19545747144892836,0.9807121783962873,0.09963900707075089,-4.839803472939229e-05,0.0,0.0,0.0,0.0019576753728060563
2026-09-16T13:12:10.204146,81.25,-6.869766489944908,-2.955101521375826,0.0,0.39348382080826483,0.0,0.0,0.19547513727259638,0.9807086574045625,0.09964354459529455,-4.9230043165057325e-05,0.0,0.0,0.0,0.0020711328077341854
2026-09-16T13:12:10.221100,81.27,-6.867919325154207,-2.9543346628977325,0.0,0.3935236685663219,0.0,0.0,0.1954946767544495,0.9807047625869232,0.0996480250851213,-5.003070326780395e-05,0.0,0.0,0.0,0.001819007306345053
2026-09-16T13:12:10.242032,81.29,-6.866072191458605,-2.953567730257266,0.0,0.3935669059287079,0.0,0.0,0.19551587825237077,0.9807005360206571,0.09965244925713285,-5.0805028191427836e-05,0.0,0.0,0.0,0.0020492989822313715
2026-09-16T13:12:10.262608,81.31,-6.864225088956623,-2.952800723216373,0.0,0.3936071830524486,0.0,0.0,0.19553562811114347,0.9806965984131792,0.09965681781907672,-5.155253176267548e-05,0.0,0.0,0.0,0.0019906585542145156
2026-09-16T13:12:10.281228,81.33,-6.86237801763101,-2.952033641816075,0.0,0.3936450697669538,0.0,0.0,0.19555420576207846,0.9806928941359587,0.09966113147023156,-5.227369783167348e-05,0.0,0.0,0.0,0.0019329857475245062
2026-09-16T13:12:10.328740,81.35,-6.860530977379929,-2.9512664863012477,0.0,0.3936845435037625,0.0,0.0,0.1955735615305853,0.9806890343173224,0.099665390900804,-5.2967679166067837e-05,0.0,0.0,0.0,0.001889539510686042
2026-09-16T13:12:10.349303,81.37,-6.8586839682324365,-2.9504992566012636,0.0,0.39372928129540746,0.0,0.0,0.1955954984124971,0.9806846593073468,0.09966959679203902,-5.3635834487776654e-05,0.0,0.0,0.0,0.001949739230440732
2026-09-16T13:12:10.372938,81.39,-6.856836990259042,-2.949731952546033,0.0,0.3937662347742288,0.0,0.0,0.19561361823400297,0.980681045172895,0.09967374981704413,-5.428104647695468e-05,0.0,0.0,0.0,0.001953202096914383
2026-09-16T13:12:10.391017,81.41,-6.8549900434877165,-2.948964574068159,0.0,0.39380674194468224,0.0,0.0,0.19563348050100915,0.9806770830946654,0.09967785064032487,-5.4899483223460714e-05,0.0,0.0,0.0,0.0019303186874916724
2026-09-16T13:12:10.410728,81.43,-6.853143127828253,-2.948197121384915,0.0,0.39384372312472843,0.0,0.0,0.19565161376545295,0.9806734655485352,0.09968189991803438,-5.5493912879550495e-05,0.0,0.0,0.0,0.0018051554916691044
2026-09-16T13:12:10.431707,81.45,-6.851296243187445,-2.9474295947204685,0.0,0.3938897998642581,0.0,0.0,0.19567420683144615,0.9806689577940583,0.09968589829807804,-5.6063539169084815e-05,0.0,0.0,0.0,0.002280169005023397
2026-09-16T13:12:10.450403,81.47,-6.849449389687442,-2.9466619937808187,0.0,0.39392445322022107,0.0,0.0,0.1956911985373114,0.9806655672628822,0.09968984642021758,-5.6610450026060086e-05,0.0,0.0,0.0,0.0019845340111716387
2026-09-16T13:12:10.470531,81.49,-6.847602567365959,-2.9458943184754576,0.0,0.3939670447764491,0.0,0.0,0.19571208252926037,0.9806613996441688,0.09969374491617294,-5.7132915699706844e-05,0.0,0.0,0.0,0.0021196868852881986
2026-09-16T13:12:10.491069,81.51,-6.845755776225199,-2.945126568799731,0.0,0.394011688465283,0.0,0.0,0.1957339726516888,0.9806570307451978,0.09969759440972385,-5.7633383309304614e-05,0.0,0.0,0.0,0.0023191775869415864
2026-09-16T13:12:10.509832,81.53,-6.844832381700502,-2.9447426646063675,0.0,0.39402799974184305,0.0,0.0,0.1957419705291987,0.9806554343771039,0.09970137984985109,-5.812276845321675e-05,0.0,0.0,0.0,0.001635435081577216
2026-09-16T13:12:10.528905,81.55,-6.8420622883005455,-2.9435908469809258,0.0,0.39408914650064253,0.0,0.0,0.19577195238836653,0.9806494494252506,0.09970514904750574,-5.854737649733776e-05,0.0,0.0,0.0,0.001900845184463334
2026-09-16T13:12:10.548845,81.57,-6.840215589561188,-2.942822874336232,0.0,0.3941271464639611,0.0,0.0,0.19579058467458194,0.9806457295847392,0.09970885519111568,-5.898562188675777e-05,0.0,0.0,0.0,0.0020162170836832334
2026-09-16T13:12:10.572976,81.59,-6.838368922691108,-2.942054828271817,0.0,0.39416586004633997,0.0,0.0,0.19580956679251924,0.9806419395235582,0.09971251475505954,-5.940137932067806e-05,0.0,0.0,0.0,0.002026198366379025
2026-09-16T13:12:10.591701,81.61,-6.836522286937717,-2.9412867079939002,0.0,0.39420796147007403,0.0,0.0,0.19583020996004652,0.98063781737551,0.09971612831987076,-5.979577938542461e-05,0.0,0.0,0.0,0.002185280113858915
2026-09-16T13:12:10.609281,81.63,-6.8346756822280605,-2.9405185136790077,0.0,0.39422689135572225,0.0,0.0,0.1958394916321473,0.9806359638098442,0.09971969646373849,-6.017051821299469e-05,0.0,0.0,0.0,-0.0019100587443860635
2026-09-16T13:12:10.632837,81.65,-6.835601856017117,-2.9409038117191146,0.0,0.39422443699374365,0.0,0.0,0.19583828821418767,0.980636204139607,-0.0009050749614989892,-6.056253228894786e-05,0.0,0.0,0.0,0.0001000289049641055
2026-09-16T13:12:10.652085,81.67,-6.835601805333234,-2.940903794562292,0.0,0.39422686135505236,0.0,0.0,0.19583947692227935,0.9806359667475021,-0.000893897817345186,-6.092252094227706e-05,0.0,0.0,0.0,5.227938128854539e-05
2026-09-16T13:12:10.672536,81.69,-6.83560175214327,-2.9409037761556,0.0,0.39422994992673877,0.0,0.0,0.19584099130428662,0.980635664314201,-0.0008826619096084291,-6.12633525003759e-05,0.0,0.0,0.0,-5.1739948792886895e-05
2026-09-16T13:12:10.689402,81.71,-6.835601699677323,-2.9409037578469746,0.0,0.39423163131316796,0.0,0.0,0.19584181571796638,0.980635499671662,-0.0008715672319636075,-6.158541439105438e-05,0.0,0.0,0.0,-0.00045746214640604723
2026-09-16T13:12:10.709039,81.73,-6.835601647925879,-2.9409037396362074,0.0,0.3942253034270986,0.0,0.0,0.1958387130421274,0.9806361192991023,-0.0008606120096081918,-6.188905344303784e-05,0.0,0.0,0.0,4.56160716198896e-05
2026-09-16T13:12:10.733545,81.75,-6.835601596879367,-2.9409037215234735,0.0,0.3942283838635206,0.0,0.0,0.1958402234355044,0.980635817663587,-0.0008497944896496313,-6.217465431934327e-05,0.0,0.0,0.0,-0.00013523925169014707
2026-09-16T13:12:10.755999,81.78,-6.835597910964076,-2.9409015194448016,0.0,0.3942279722017874,0.0,0.0,0.1958400215903801,0.980635857973529,-3.314267592790729e-09,-6.183920674754285e-05,0.0,0.0,0.0,1.4891346484102396e-05
2026-09-16T13:12:10.769277,81.79,-6.835601496863465,-2.9409036855928554,0.0,0.3942320793286393,0.0,0.0,0.1958420353878993,0.9806354558015556,-0.0008285656552414188,-6.26932610862778e-05,0.0,0.0,0.0,0.00023855374710428907
2026-09-16T13:12:10.819587,81.81,-6.835601447875422,-2.940903667775582,0.0,0.39422492098053097,0.0,0.0,0.1958385255216648,0.9806361567480062,-0.0008181509440678345,-6.292704145510464e-05,0.0,0.0,0.0,0.00023074926767346232
2026-09-16T13:12:10.831824,81.83,-6.835601399555569,-2.940903650056235,0.0,0.3942287906103115,0.0,0.0,0.1958404228707363,0.9806357778348754,-0.0008078671412998451,-6.31441880268143e-05,0.0,0.0,0.0,3.9768886611732744e-05
2026-09-16T13:12:10.865046,81.85,-6.835601351894709,-2.9409036324354907,0.0,0.39423069607962535,0.0,0.0,0.1958413571563388,0.9806355912504723,-0.0007977126014754849,-6.33451173048328e-05,0.0,0.0,0.0,-8.698938652654264e-06
2026-09-16T13:12:10.888052,81.87,-6.835601304884046,-2.940903614913351,0.0,0.39423055775833227,0.0,0.0,0.19584128933494682,0.9806356047949848,-0.0007876856998155795,-6.353016820259363e-05,0.0,0.0,0.0,0.00010972113170597757
2026-09-16T13:12:10.906846,81.89,-6.8356012585148855,-2.940903597489823,0.0,0.3942261279226944,0.0,0.0,0.19583911730719147,0.9806360385649409,-0.000777784831963724,-6.369967578624924e-05,0.0,0.0,0.0,-0.0004657133039697854
2026-09-16T13:12:10.925750,81.91,-6.835601212778939,-2.9409035801642194,0.0,0.394226000155499,0.0,0.0,0.19583905466063287,0.9806360510758462,-0.0007680084137296322,-6.385389565589767e-05,0.0,0.0,0.0,0.00011579310337807362
2026-09-16T13:12:10.946784,81.93,-6.835601167667301,-2.940903562937574,0.0,0.3942244361122285,0.0,0.0,0.19583828778196477,0.9806362042259241,-0.0007583548808354674,-6.399326615911242e-05,0.0,0.0,0.0,0.0002299951991217532
2026-09-16T13:12:10.965216,81.95,-6.835601123171766,-2.940903545809504,0.0,0.3942269384200081,0.0,0.0,0.19583951470861288,0.9806359592013211,-0.0007488226886657978,-6.411806769430264e-05,0.0,0.0,0.0,0.00015939499982320883
2026-09-16T13:12:10.986015,81.97,-6.835601079284018,-2.9409035287801473,0.0,0.39423061214799393,0.0,0.0,0.19584131600316612,0.9806355994691137,-0.0007394103120202968,-6.422863301768105e-05,0.0,0.0,0.0,0.00022124899379382572
2026-09-16T13:12:11.011077,82.0,-6.835597910963068,-2.940901519444422,0.0,0.39422797220276484,0.0,0.0,0.19584002159085936,0.9806358579734333,-2.883760326670079e-09,-6.361609459600548e-05,0.0,0.0,0.0,8.723940111777845e-06
2026-09-16T13:12:11.025118,82.01,-6.835600993299443,-2.9409034950173814,0.0,0.394223426226445,0.0,0.0,0.1958377926166591,0.9806363031129505,-0.0007209390001151093,-6.44082859605863e-05,0.0,0.0,0.0,-0.00022190858751556776
2026-09-16T13:12:11.045684,82.03,-6.835600951186886,-2.94090347828331,0.0,0.39422918199209755,0.0,0.0,0.19584061477222367,0.9806357395106694,-0.000711877109349517,-6.447791770710929e-05,0.0,0.0,0.0,1.3753895113806226e-05
2026-09-16T13:12:11.066844,82.05,-6.835600909649983,-2.9409034616482406,0.0,0.394232417197975,0.0,0.0,0.19584220105122147,0.9806354227170324,-0.0007029291226232477,-6.453457659707034e-05,0.0,0.0,0.0,-0.00027452684260763447
2026-09-16T13:12:11.085387,82.07,-6.835600868681192,-2.940903445111668,0.0,0.3942313212851607,0.0,0.0,0.1958416637057291,0.9806355300298741,-0.000694093608211934,-6.457850635568652e-05,0.0,0.0,0.0,0.0001726234956082862
2026-09-16T13:12:11.107877,82.09,-6.835600828272805,-2.940903428673714,0.0,0.39422900387706505,0.0,0.0,0.19584052743923958,0.9806357569517443,-0.0006853691523873084,-6.4610014707307e-05,0.0,0.0,0.0,7.850965647395039e-05
2026-09-16T13:12:11.125245,82.11,-6.835600788417439,-2.9409034123339435,0.0,0.39423032773932937,0.0,0.0,0.19584117655253347,0.9806356273185873,-0.0006767543591911045,-6.462934553143412e-05,0.0,0.0,0.0,-0.00014379781003990473
2026-09-16T13:12:11.145546,82.13,-6.835600749107607,-2.940903396092433,0.0,0.3942289552460623,0.0,0.0,0.1958405035945894,0.9806357617137046,-0.0006682478502116005,-6.463679412592063e-05,0.0,0.0,0.0,0.0006748322032517362
2026-09-16T13:12:11.165926,82.15,-6.835600710335788,-2.940903379949529,0.0,0.39422388361732796,0.0,0.0,0.19583801688370625,0.9806362583257143,-0.0006598482643630851,-6.463268199889563e-05,0.0,0.0,0.0,-0.00020631608721351604
2026-09-16T13:12:11.186391,82.17,-6.835600672095203,-2.9409033639040287,0.0,0.39422841016736854,0.0,0.0,0.19584023633275213,0.9806358150879111,-0.0006515542576682491,-6.461715853896758e-05,0.0,0.0,0.0,-0.00016564200316449007
2026-09-16T13:12:11.207744,82.19,-6.8356006343782765,-2.940903347956873,0.0,0.39422741609827483,0.0,0.0,0.19583974892284994,0.9806359124271531,-0.0006433645030427946,-6.459060251053368e-05,0.0,0.0,0.0,9.271671443843976e-05
2026-09-16T13:12:11.228122,82.21,-6.835600597178028,-2.9409033321077818,0.0,0.394231159847537,0.0,0.0,0.19584158454999365,0.9806355458379773,-0.0006352776900834113,-6.455325655812357e-05,0.0,0.0,0.0,-6.959081376841693e-05
2026-09-16T13:12:11.246178,82.23,-6.8356005604874825,-2.9409033163566782,0.0,0.39422689312724746,0.0,0.0,0.19583949250075794,0.980635963636377,-0.0006272925248579705,-6.450538200877877e-05,0.0,0.0,0.0,1.6756986882538052e-06
2026-09-16T13:12:11.269404,82.25,-6.835600524299888,-2.9409033007031593,0.0,0.39422861022672173,0.0,0.0,0.19584033442543453,0.9806357954980707,-0.0006194077296985405,-6.444720134941159e-05,0.0,0.0,0.0,9.955826546569982e-05
2026-09-16T13:12:11.287816,82.27,-6.835600488608326,-2.9409032851474333,0.0,0.394229587697255,0.0,0.0,0.1958408136967082,0.9806356997838755,-0.0006116220429968619,-6.437899999070234e-05,0.0,0.0,0.0,4.0901646749239945e-05
2026-09-16T13:12:11.308977,82.3,-6.835597910961917,-2.9409015194439427,0.0,0.3942279722030406,0.0,0.0,0.1958400215909946,0.9806358579734064,-2.3853756890741817e-09,-6.350682801338274e-05,0.0,0.0,0.0,7.432659488827302e-05
2026-09-16T13:12:11.345838,82.31,-6.835600418686812,-2.940903254328367,0.0,0.3942263019504711,0.0,0.0,0.1958392026361455,0.980636021524214,-0.0005963430276239143,-6.421346302078876e-05,0.0,0.0,0.0,9.083116334414906e-05
2026-09-16T13:12:11.364928,82.33,-6.835600384443747,-2.9409032390647196,0.0,0.3942269662355295,0.0,0.0,0.19583952834706314,0.9806359564776318,-0.0005888472542307368,-6.411660328038186e-05,0.0,0.0,0.0,0.0001676807516138853
2026-09-16T13:12:11.388967,82.35,-6.835600350670486,-2.9409032238982644,0.0,0.39422833095106935,0.0,0.0,0.19584019749158185,0.9806358228447797,-0.0005814456994603233,-6.401067675774878e-05,0.0,0.0,0.0,-0.00015408289301562327
2026-09-16T13:12:11.405621,82.36,-6.835597910961715,-2.940901519443852,0.0,0.3942279722022346,0.0,0.0,0.19584002159059938,0.9806358579734853,-2.296552161331135e-09,-6.320626359142231e-05,0.0,0.0,0.0,0.00017787399219733132
2026-09-16T13:12:11.430181,82.39,-6.835600284508144,-2.94090319385609,0.0,0.39422815519820853,0.0,0.0,0.1958401113168055,0.9806358400545134,-0.0005669205235247811,-6.377251582666911e-05,0.0,0.0,0.0,-7.962243715540693e-05
2026-09-16T13:12:11.447734,82.41,-6.835600252106625,-2.9409031789800193,0.0,0.39422699395906463,0.0,0.0,0.19583954194041078,0.9806359537629498,-0.0005597945782559728,-6.364072755071728e-05,0.0,0.0,0.0,0.0001842576030420344
2026-09-16T13:12:11.466585,82.43,-6.835600220149999,-2.9409031642005026,0.0,0.39422623544639945,0.0,0.0,0.1958391700280013,0.9806360280362657,-0.0005527582030306941,-6.350077168906028e-05,0.0,0.0,0.0,-0.0002056774002927264
2026-09-16T13:12:11.489555,82.45,-6.835600188632357,-2.9409031495170845,0.0,0.3942217406700567,0.0,0.0,0.1958369661576969,0.9806364681604234,-0.0005458102719923496,-6.335283359011914e-05,0.0,0.0,0.0,-0.00016843145821995203
2026-09-16T13:12:11.508115,82.47,-6.835600157547742,-2.9409031349296177,0.0,0.39422863135371733,0.0,0.0,0.19584034478437864,0.9806357934293117,-0.0005389496734358396,-6.319712865374247e-05,0.0,0.0,0.0,-0.00020228071281301537
2026-09-16T13:12:11.531066,82.49,-6.835600126890091,-2.940903120438389,0.0,0.3942261104714144,0.0,0.0,0.19583910875051444,0.9806360402737624,-0.0005321753096296657,-6.303391690742515e-05,0.0,0.0,0.0,-0.0003327042348098006
2026-09-16T13:12:11.546227,82.51,-6.835600096653804,-2.940903106042744,0.0,0.3942293045771694,0.0,0.0,0.1958406748778746,0.9806357275070997,-0.0005254860966404429,-6.286335305044374e-05,0.0,0.0,0.0,-8.702212448112262e-05
2026-09-16T13:12:11.567910,82.54,-6.835597910961154,-2.940901519443591,0.0,0.39422797220506084,0.0,0.0,0.1958400215919851,0.9806358579732085,-2.0494384958633788e-09,-6.18618324881836e-05,0.0,0.0,0.0,0.00012517760915311358
2026-09-16T13:12:11.586595,82.55,-6.8356000374221075,-2.94090307753846,0.0,0.3942281643373504,0.0,0.0,0.19584011579789054,0.9806358391596082,-0.0005123588553305955,-6.250108605409308e-05,0.0,0.0,0.0,-0.0001072644215116386
2026-09-16T13:12:11.606447,82.57,-6.835600008415653,-2.9409030634290256,0.0,0.3942271197522693,0.0,0.0,0.19583960361908004,0.980635941445306,-0.000505918726583141,-6.230973412641235e-05,0.0,0.0,0.0,-5.2011066280224684e-05
2026-09-16T13:12:11.625600,82.59,-6.835599979808099,-2.940903049414486,0.0,0.39423266913572164,0.0,0.0,0.19584232458075926,0.9806353980470033,-0.0004995595474627957,-6.211183068123726e-05,0.0,0.0,0.0,-0.00034047241043760776
2026-09-16T13:12:11.647556,82.62,-6.835597910960926,-2.94090151944348,0.0,0.39422797220384254,0.0,0.0,0.19584002159138783,0.9806358579733279,-1.9483228463727797e-09,-6.107988649203668e-05,0.0,0.0,0.0,0.00027801181930876123
2026-09-16T13:12:11.667880,82.63,-6.835599923767987,-2.940903021669451,0.0,0.3942257477558161,0.0,0.0,0.19583893090451712,0.980636075790696,-0.0004870799808860462,-6.169714499029602e-05,0.0,0.0,0.0,-0.0004961846327012922
2026-09-16T13:12:11.687489,82.65,-6.835599896324983,-2.9409030079380694,0.0,0.39422942385398085,0.0,0.0,0.19584073336142568,0.9806357158274723,-0.0004809575966341455,-6.148068256783164e-05,0.0,0.0,0.0,0.00014690912753706554
2026-09-16T13:12:11.705239,82.67,-6.83559986925946,-2.9409029943010836,0.0,0.39422701932575066,0.0,0.0,0.19583955437815295,0.9806359512790496,-0.0004749121680987088,-6.125844652530661e-05,0.0,0.0,0.0,7.45338721657891e-05
2026-09-16T13:12:11.726931,82.69,-6.835599842566495,-2.940902980757723,0.0,0.3942273970942218,0.0,0.0,0.1958397396048215,0.9806359142880275,-0.00046894272797979783,-6.103055466124398e-05,0.0,0.0,0.0,0.0003702898178513707
2026-09-16T13:12:11.748371,82.71,-6.835599816240921,-2.940902967307989,0.0,0.39422332662688087,0.0,0.0,0.19583774378118468,0.9806363128656286,-0.00046304832113592024,-6.079720625720519e-05,0.0,0.0,0.0,-0.0003844243681192901
2026-09-16T13:12:11.767007,82.73,-6.835599790277968,-2.940902953951061,0.0,0.3942266724333821,0.0,0.0,0.1958393842905861,0.9806359852466583,-0.0004572280044314011,-6.055850858761368e-05,0.0,0.0,0.0,0.0001089659313060011
2026-09-16T13:12:11.795894,82.75,-6.835599764672388,-2.9409029406874376,0.0,0.394227680810022,0.0,0.0,0.1958398787157711,0.9806358865066035,-0.00045148084658520535,-6.031470984105121e-05,0.0,0.0,0.0,0.00018704988814611666
2026-09-16T13:12:11.808953,82.77,-6.835599739419411,-2.940902927516604,0.0,0.3942313212460844,0.0,0.0,0.19584166368656933,0.9806355300337005,-0.0004458059280222231,-6.006594572755721e-05,0.0,0.0,0.0,-0.00011019683841872725
2026-09-16T13:12:11.826671,82.79,-6.835599714514252,-2.94090291443825,0.0,0.39422861181718727,0.0,0.0,0.19584033520526825,0.980635795342332,-0.0004402023407259794,-5.981237161062586e-05,0.0,0.0,0.0,-8.061942051758693e-05
2026-09-16T13:12:11.871858,82.81,-6.835599689952217,-2.94090290145199,0.0,0.3942280453290308,0.0,0.0,0.1958400574459785,0.9806358508129079,-0.00043466918809338163,-5.955413250769473e-05,0.0,0.0,0.0,-0.0003063254590155705
2026-09-16T13:12:11.891071,82.83,-6.835599665728629,-2.940902888557535,0.0,0.3942292936820758,0.0,0.0,0.19584066953581553,0.9806357285739509,-0.00042920558479123713,-5.9291381576527874e-05,0.0,0.0,0.0,-2.5960416647509763e-05
2026-09-16T13:12:11.910134,82.85,-6.83559964183877,-2.9409028757548485,0.0,0.39422612913761856,0.0,0.0,0.19583911790289069,0.980636038445976,-0.0004238106566145738,-5.9024296803553234e-05,0.0,0.0,0.0,-0.00011765105191773987
2026-09-16T13:12:11.932494,82.87,-6.835599618278202,-2.9409028630433585,0.0,0.3942310851104556,0.0,0.0,0.1958415479050742,0.9806355531562908,-0.0004184835403468667,-5.8752995854872194e-05,0.0,0.0,0.0,-4.8968845228419355e-05
2026-09-16T13:12:11.951504,82.89,-6.835599595042293,-2.9409028504231096,0.0,0.3942290000966243,0.0,0.0,0.19584052558562184,0.980635757321926,-0.0004132233836217664,-5.8477661328511914e-05,0.0,0.0,0.0,-8.184578157806335e-05
2026-09-16T13:12:11.973846,82.92,-6.8355979109601765,-2.9409015194430896,0.0,0.39422797219661104,0.0,0.0,0.19584002158784208,0.980635857974036,-1.6116047888564689e-09,-5.737767500982616e-05,0.0,0.0,0.0,-0.0003198512703476115
2026-09-16T13:12:11.995249,82.93,-6.835599549527191,-2.9409028254541316,0.0,0.39422812687100217,0.0,0.0,0.19584009742746858,0.980635842828315,-0.0004029005927690116,-5.791535102123716e-05,0.0,0.0,0.0,4.478357144372923e-05
2026-09-16T13:12:12.011996,82.95,-6.835599527239149,-2.9409028131051724,0.0,0.3942275246311322,0.0,0.0,0.19583980213845847,0.9806359017996279,-0.00039783630694108994,-5.762869422774846e-05,0.0,0.0,0.0,8.572281883896619e-05
2026-09-16T13:12:12.030848,82.97,-6.83559950525846,-2.9409028008460485,0.0,0.39423028004940786,0.0,0.0,0.19584115316931544,0.9806356319884123,-0.0003928356769910885,-5.7338539411407365e-05,0.0,0.0,0.0,0.000580424669633785
2026-09-16T13:12:12.051514,82.99,-6.835599483580812,-2.940902788676703,0.0,0.3942279815326302,0.0,0.0,0.1958400261654596,0.9806358570598528,-0.00038789790279217555,-5.704504690422673e-05,0.0,0.0,0.0,-0.00018182625294479058
2026-09-16T13:12:12.076135,83.02,-6.835597910959961,-2.940901519442969,0.0,0.39422797220700057,0.0,0.0,0.1958400215929362,0.9806358579730186,-1.5128333546825246e-09,-5.593610438784277e-05,0.0,0.0,0.0,-1.2801464288954711e-05
2026-09-16T13:12:12.093769,83.03,-6.8355994411186,-2.9409027646049055,0.0,0.3942295085173795,0.0,0.0,0.1958407748734017,0.9806357075372004,-0.00037820777130041685,-5.644844016666117e-05,0.0,0.0,0.0,2.672370148024052e-05
2026-09-16T13:12:12.114935,83.05,-6.835599420325807,-2.9409027527020464,0.0,0.39422438695058304,0.0,0.0,0.19583826367712,0.9806362090397901,-0.0003734538635361095,-5.614560455525846e-05,0.0,0.0,0.0,0.00014116412519355473
2026-09-16T13:12:12.131138,83.07,-6.83559939981995,-2.9409027408873167,0.0,0.3942266370104459,0.0,0.0,0.1958393669220831,0.9806359887152611,-0.00036875971033200185,-5.583989825227918e-05,0.0,0.0,0.0,3.8254946051986604e-05
2026-09-16T13:12:12.152126,83.09,-6.8355993795970305,-2.9409027291605487,0.0,0.3942296192541916,0.0,0.0,0.19584082916963746,0.9806356966938073,-0.00036412456059914774,-5.553145950901771e-05,0.0,0.0,0.0,0.00017266808204960087
2026-09-16T13:12:12.174160,83.11,-6.83559935965313,-2.9409027175215012,0.0,0.3942292790281412,0.0,0.0,0.19584066235072964,0.980635730008869,-0.0003595476726894729,-5.522041653430475e-05,0.0,0.0,0.0,-0.0002992576697889394
2026-09-16T13:12:12.191927,83.13,-6.83559933998454,-2.9409027059695596,0.0,0.39422734164033013,0.0,0.0,0.19583971241478254,0.9806359197180651,-0.0003550283142771527,-5.490685506749287e-05,0.0,0.0,0.0,9.836381840831496e-05
