wall_time,ros_time_sec,x,y,z,yaw,qx,qy,qz,qw,lin_vel_x,lin_vel_y,lin_vel_z,ang_vel_x,ang_vel_y,ang_vel_z
2026-08-22T03:28:00.230845,0.030000000000000002,0.0,0.0,0.0,0.0,0.0,0.0,0.0,1.0,0.0,0.0,0.0,0.0,0.0,-0.0001795390517574278
2026-08-22T03:28:03.115480,0.05,0.0,0.0,0.0,2.4118817876228604e-07,0.0,0.0,1.2059408938114273e-07,0.9999999999999928,0.0,0.0,0.0,0.0,0.0,-0.000330091068333253
2026-08-22T03:28:03.134706,0.07,-1.6280603657829793e-16,1.4247417541049837e-27,0.0,1.2674095550835318e-08,0.0,0.0,6.337047775417659e-09,1.0,-8.14066200046758e-15,1.2270376814149812e-25,0.0,0.0,0.0,0.0001711910509551281
2026-08-22T03:28:03.153649,0.09000000000000001,-3.211430086189665e-16,-1.0922503480261242e-26,0.0,-5.152500586191877e-07,0.0,0.0,-2.57625029309591e-07,0.9999999999999668,-7.967181866573964e-15,-1.0877597891871682e-24,0.0,0.0,0.0,1.940775474989092e-05
2026-08-22T03:28:03.195557,0.11,-4.76704167637936e-16,-1.8363310951537393e-26,0.0,-2.4033265488832e-06,0.0,0.0,-1.2016632744413108e-06,0.999999999999278,-7.815359941778057e-15,-1.8412907784666433e-24,0.0,0.0,0.0,-0.00020462242876361227
2026-08-22T03:28:03.214380,0.13,-6.291861324800299e-16,-2.190316705599905e-26,0.0,-3.3257175386935955e-06,0.0,0.0,-1.6628587693460314e-06,0.9999999999986174,-7.663525889978122e-15,-2.2200508625787595e-24,0.0,0.0,0.0,-0.00024461968698215157
2026-08-22T03:28:03.261846,0.15000000000000002,-7.784587819414737e-16,-3.521024410591337e-26,0.0,4.840759375568381e-07,0.0,0.0,2.420379687784167e-07,0.9999999999999707,-7.503002813524096e-15,-3.560444106502431e-24,0.0,0.0,0.0,-0.00016531219463240205
2026-08-22T03:28:03.282775,0.17,-9.250425950580297e-16,1.009134602270596e-26,0.0,-4.5026297801342707e-07,0.0,0.0,-2.2513148900671163e-07,0.9999999999999747,-7.364160897532276e-15,1.0102289744825773e-24,0.0,0.0,0.0,-0.00017086837495989627
2026-08-22T03:28:03.301537,0.19,-1.0685038169097309e-15,4.190779726748993e-26,0.0,-2.4384549264233617e-06,0.0,0.0,-1.2192274632113787e-06,0.9999999999992567,-7.212290615182235e-15,4.1831812298511635e-24,0.0,0.0,0.0,6.0602104593839056e-05
2026-08-22T03:28:03.334455,0.2,-1.1384990186722318e-15,1.0789173632146513e-28,0.0,-1.5276668818842154e-12,0.0,0.0,-7.638334409421077e-13,1.0,-7.064661651161594e-15,-4.0435776384483176e-24,0.0,0.0,0.0,-0.00015731242356825957
2026-08-22T03:28:03.354708,0.23,-1.347186232374078e-15,-7.230571944379432e-26,0.0,3.850595158283454e-07,0.0,0.0,1.9252975791417151e-07,0.9999999999999815,-6.934552760925332e-15,-7.24728255814708e-24,0.0,0.0,0.0,-8.051605465324157e-05
2026-08-22T03:28:03.383073,0.25,-1.4824073895188296e-15,-3.277040239014648e-26,0.0,3.636325869305069e-06,0.0,0.0,1.8181629346515325e-06,0.9999999999983471,-6.795667287270577e-15,-3.2756511760386776e-24,0.0,0.0,0.0,0.00010460424864193593
2026-08-22T03:28:03.408095,0.27,-1.6151565670600387e-15,5.64056913652769e-26,0.0,-2.246993433097089e-06,0.0,0.0,-1.123496716548308e-06,0.9999999999993688,-6.66979259202719e-15,5.676727043202532e-24,0.0,0.0,0.0,0.0002885982383948002
2026-08-22T03:28:03.425956,0.29000000000000004,-1.7449132185464406e-15,-1.3994503246331456e-25,0.0,1.2588809155111846e-06,0.0,0.0,6.294404577555507e-07,0.9999999999998019,-6.526544924662658e-15,-1.4010988338895624e-23,0.0,0.0,0.0,4.4194373179898445e-05
2026-08-22T03:28:03.450638,0.31,-1.872414783496433e-15,-1.0800176445089947e-25,0.0,-1.6479741864472435e-06,0.0,0.0,-8.239870932235282e-07,0.9999999999996605,-6.404992274961052e-15,-1.079069752548143e-23,0.0,0.0,0.0,-0.00015639631455687016
2026-08-22T03:28:03.465798,0.33,-1.9972274117970914e-15,-1.0822184816007398e-25,0.0,-1.525579658157028e-06,0.0,0.0,-7.6278982907844e-07,0.9999999999997091,-6.270406008238294e-15,-1.0841327055721278e-23,0.0,0.0,0.0,9.900865035873855e-05
2026-08-22T03:28:03.496238,0.35000000000000003,-2.11969818857348e-15,-2.213499643641379e-25,0.0,1.110814304094987e-06,0.0,0.0,5.554071520474649e-07,0.9999999999998458,-6.1488352966235026e-15,-2.21510169101478e-23,0.0,0.0,0.0,0.00013872600604676017
2026-08-22T03:28:03.517814,0.37,-2.2398704663672188e-15,-2.363783586926051e-25,0.0,4.5689618310973394e-08,0.0,0.0,2.2844809155486697e-08,0.9999999999999998,-6.035940087951026e-15,-2.363211572053916e-23,0.0,0.0,0.0,0.00020470906207473123
2026-08-22T03:28:03.536665,0.39,-2.3573104003164527e-15,-3.3654795276342386e-25,0.0,-1.3653255859225055e-07,0.0,0.0,-6.826627929612522e-08,0.9999999999999977,-5.9056666753268e-15,-3.365976614731933e-23,0.0,0.0,0.0,-5.2458276932415e-05
2026-08-22T03:28:03.565571,0.41000000000000003,-2.472581973124049e-15,-3.151445559421856e-25,0.0,-1.940150458512591e-06,0.0,0.0,-9.700752292561433e-07,0.9999999999995295,-5.788412481172346e-15,-3.152496380189649e-23,0.0,0.0,0.0,-0.00017926936977867745
2026-08-22T03:28:03.581667,0.43000000000000005,-2.5854682605574065e-15,-3.179765288072618e-25,0.0,7.656577118986262e-07,0.0,0.0,3.828288559493038e-07,0.9999999999999267,-5.671150085715576e-15,-3.182417752642635e-23,0.0,0.0,0.0,5.932030553173474e-05
2026-08-22T03:28:03.616077,0.45,-2.696229537951886e-15,-3.0931668283766318e-25,0.0,8.248183238634964e-07,0.0,0.0,4.1240916193173656e-07,0.999999999999915,-5.56256659481294e-15,-3.0933128236304494e-23,0.0,0.0,0.0,6.873839619609938e-05
2026-08-22T03:28:03.635648,0.47000000000000003,-2.804692235191119e-15,-3.023415996832979e-25,0.0,-3.4140803015780823e-06,0.0,0.0,-1.7070401507882119e-06,0.999999999998543,-5.4496319290133975e-15,-3.0234868080967243e-23,0.0,0.0,0.0,-6.044929883959095e-05
2026-08-22T03:28:03.656518,0.49000000000000005,-2.9110298949252857e-15,-4.585429047819577e-25,0.0,5.579827386803516e-07,0.0,0.0,2.7899136934017217e-07,0.999999999999961,-5.341033865873215e-15,-4.5894206383633626e-23,0.0,0.0,0.0,-0.0003159573409821343
2026-08-22T03:28:03.681959,0.51,-3.0153292573760677e-15,-2.345393972915424e-25,0.0,-2.460145218652343e-06,0.0,0.0,-1.2300726093258613e-06,0.9999999999992435,-5.236773171597413e-15,-2.3459965859358272e-23,0.0,0.0,0.0,0.0003534095131531821
2026-08-22T03:28:03.699689,0.53,-3.1175903263315134e-15,-5.972479118715654e-25,0.0,-6.916214210228589e-07,0.0,0.0,-3.4581071051142254e-07,0.9999999999999402,-5.136850586444504e-15,-5.975711971967446e-23,0.0,0.0,0.0,0.0005355494224758169
2026-08-22T03:28:03.724024,0.55,-3.217552731253133e-15,-9.741481681823957e-25,0.0,2.151029336427968e-06,0.0,0.0,1.0755146682137765e-06,0.9999999999994217,-5.023886437735268e-15,-9.745022577735405e-23,0.0,0.0,0.0,-0.0002563894498341599
2026-08-22T03:28:03.744998,0.5700000000000001,-3.315954107379209e-15,-6.735187902803001e-25,0.0,1.7404104979412696e-06,0.0,0.0,8.702052489705249e-07,0.9999999999996214,-4.936987767925814e-15,-6.736615532313332e-23,0.0,0.0,0.0,-0.00010397727565220451
2026-08-22T03:28:03.762862,0.5900000000000001,-3.4122737014100568e-15,-4.938706680404591e-25,0.0,2.385316962616457e-06,0.0,0.0,1.192658481307946e-06,0.9999999999992888,-4.841392522593031e-15,-4.939242097936878e-23,0.0,0.0,0.0,-8.924554062380078e-05
2026-08-22T03:28:03.790142,0.61,-3.506598288998319e-15,-2.8078976541423964e-25,0.0,1.9444156955650276e-06,0.0,0.0,9.722078477823605e-07,0.9999999999995274,-4.741445627320431e-15,-2.8068745853734896e-23,0.0,0.0,0.0,9.561253683988096e-05
2026-08-22T03:28:03.808088,0.63,-3.599014699558727e-15,-2.1809877055006797e-25,0.0,-7.549450207200439e-07,0.0,0.0,-3.774725103600129e-07,0.9999999999999287,-4.645839325879765e-15,-2.1796391513650777e-23,0.0,0.0,0.0,0.00016924130416975464
2026-08-22T03:28:03.836758,0.65,-3.6896095746567e-15,-3.814597623097261e-25,0.0,1.1593486881622539e-07,0.0,0.0,5.796743440811266e-08,0.9999999999999983,-4.545881061980596e-15,-3.8157451558866654e-23,0.0,0.0,0.0,-5.390197593392311e-05
2026-08-22T03:28:03.854787,0.67,-3.778383114738348e-15,-3.347366263812037e-25,0.0,-3.856084611619793e-07,0.0,0.0,-1.9280423058098842e-07,0.9999999999999815,-4.458958150694236e-15,-3.348034341416044e-23,0.0,0.0,0.0,-1.990434716275738e-05
2026-08-22T03:28:03.873834,0.6900000000000001,-3.865421856623531e-15,-3.448669678320682e-25,0.0,-1.6531131454833312e-06,0.0,0.0,-8.265565727415716e-07,0.9999999999996584,-4.367683469361147e-15,-3.449642006172668e-23,0.0,0.0,0.0,-0.00028580242787555604
2026-08-22T03:28:03.894789,0.7100000000000001,-3.950639115445605e-15,-2.5372885021425104e-25,0.0,-8.255995886941037e-09,0.0,0.0,-4.127997943470518e-09,1.0,-4.2764041010532665e-15,-2.5387733075813723e-23,0.0,0.0,0.0,-8.344836074678232e-05
2026-08-22T03:28:03.910858,0.7300000000000001,-4.034425424574102e-15,-1.9360214272480236e-25,0.0,-3.199571473100349e-06,0.0,0.0,-1.599785736549492e-06,0.9999999999987204,-4.202511462804517e-15,-1.935897621006645e-23,0.0,0.0,0.0,-0.00010731296128680247
2026-08-22T03:28:03.941607,0.75,-4.1164768805098865e-15,-3.3592263495076056e-25,0.0,-5.785523704560092e-07,0.0,0.0,-2.8927618522800056e-07,0.9999999999999581,-4.119919159901995e-15,-3.361830839384215e-23,0.0,0.0,0.0,3.206939004415603e-05
2026-08-22T03:28:03.962552,0.77,-4.196750167640769e-15,-3.972054807532315e-25,0.0,-2.8309984516639024e-06,0.0,0.0,-1.4154992258314783e-06,0.9999999999989981,-4.032974621680652e-15,-3.973440038224783e-23,0.0,0.0,0.0,0.00010303920158099075
2026-08-22T03:28:03.980138,0.79,-4.275462243053125e-15,-6.671987163796054e-25,0.0,-2.2236201937531064e-06,0.0,0.0,-1.111810096876324e-06,0.9999999999993819,-3.950374826112903e-15,-6.676343586530493e-23,0.0,0.0,0.0,-8.678695966943392e-06
2026-08-22T03:28:04.007157,0.81,-4.352743335881683e-15,-8.138118650207396e-25,0.0,-6.61228743759068e-07,0.0,0.0,-3.30614371879528e-07,0.9999999999999454,-3.880818313195786e-15,-8.143315222703617e-23,0.0,0.0,0.0,0.00021308941589031672
2026-08-22T03:28:04.027948,0.8300000000000001,-4.428506469787617e-15,-1.0125704808478151e-24,0.0,-2.4385991372888327e-06,0.0,0.0,-1.2192995686441142e-06,0.9999999999992567,-3.8069097634092945e-15,-1.0131252561365652e-22,0.0,0.0,0.0,1.2050738378198341e-05
2026-08-22T03:28:04.051200,0.8500000000000001,-4.502534675248546e-15,-1.188005058090925e-24,0.0,2.011732430418079e-06,0.0,0.0,1.0058662152088696e-06,0.9999999999994941,-3.719949776645682e-15,-1.1888018798519594e-22,0.0,0.0,0.0,-0.00023874730493962228
2026-08-22T03:28:04.071689,0.8700000000000001,-4.575218646737641e-15,-8.618458544205223e-25,0.0,1.8080436370304658e-06,0.0,0.0,9.040218185151095e-07,0.9999999999995913,-3.646035664231421e-15,-8.622015687482738e-23,0.0,0.0,0.0,-0.00031067949927274274
2026-08-22T03:28:04.091724,0.89,-4.646688496870174e-15,-4.966190089173737e-25,0.0,1.0401611527655064e-07,0.0,0.0,5.200805763827529e-08,0.9999999999999987,-3.58516896696997e-15,-4.9670741068767566e-23,0.0,0.0,0.0,-4.9125045558886634e-06
2026-08-22T03:28:04.113410,0.91,-4.716510147787911e-15,-4.819194899085278e-25,0.0,3.1758467855524946e-07,0.0,0.0,1.5879233927762404e-07,0.9999999999999873,-3.511249348613743e-15,-4.82041690071963e-23,0.0,0.0,0.0,0.0001868390116915446
2026-08-22T03:28:04.132712,0.93,-4.784900570081658e-15,-5.94849031127372e-25,0.0,-4.6564183220354494e-07,0.0,0.0,-2.3282091610177038e-07,0.9999999999999729,-3.4329766571369463e-15,-5.950318018114238e-23,0.0,0.0,0.0,-1.847628279502341e-05
2026-08-22T03:28:04.173083,0.9500000000000001,-4.8519901468661256e-15,-6.10225202159691e-25,0.0,9.390441744194787e-07,0.0,0.0,4.6952208720972217e-07,0.9999999999998898,-3.367753837056543e-15,-6.104782955556504e-23,0.0,0.0,0.0,-0.00013753134710367114
2026-08-22T03:28:04.193532,0.9700000000000001,-4.917648424886731e-15,-4.3599522807516e-25,0.0,3.072204032950055e-06,0.0,0.0,1.536102016474423e-06,0.9999999999988202,-3.293826964163159e-15,-4.3605037312126647e-23,0.0,0.0,0.0,-3.9938790560648245e-05
2026-08-22T03:28:04.212453,0.9900000000000001,-4.9823528836254245e-15,-1.7998222741174655e-25,0.0,-2.5287256111283796e-06,0.0,0.0,-1.2643628055638529e-06,0.9999999999992006,-3.2373031557526496e-15,-1.7971425907684557e-23,0.0,0.0,0.0,0.0003939370060169716
2026-08-22T03:28:04.241009,1.01,-5.045452495559446e-15,-6.525181823250645e-25,0.0,8.670491302709138e-08,0.0,0.0,4.3352456513545676e-08,0.9999999999999991,-3.1677232345347306e-15,-6.528610436817697e-23,0.0,0.0,0.0,-6.591337025221492e-05
2026-08-22T03:28:04.256764,1.03,-5.107554931401938e-15,-5.92291245229005e-25,0.0,-1.9019168639999864e-07,0.0,0.0,-9.509584319999916e-08,0.9999999999999954,-3.1155486722721215e-15,-5.925157214564986e-23,0.0,0.0,0.0,-0.0003028791156748232
2026-08-22T03:28:04.288483,1.05,-5.168182542574739e-15,-3.7538305737554295e-25,0.0,-2.62359641034493e-06,0.0,0.0,-1.311798205172089e-06,0.9999999999991396,-3.045964802496771e-15,-3.7544404124182874e-23,0.0,0.0,0.0,0.00012547893902296062
2026-08-22T03:28:04.308860,1.07,-5.2278562788313684e-15,-6.537313407863415e-25,0.0,-2.052894450876863e-06,0.0,0.0,-1.0264472254382514e-06,0.9999999999994732,-2.989436100758336e-15,-6.54104585666832e-23,0.0,0.0,0.0,0.00012593599913988962
2026-08-22T03:28:04.329609,1.09,-5.2863590714483285e-15,-8.891570190655409e-25,0.0,2.1058531713968875e-06,0.0,0.0,1.0529265856982492e-06,0.9999999999994457,-2.9329062579525897e-15,-8.897261832649628e-23,0.0,0.0,0.0,-1.197438443125982e-05
2026-08-22T03:28:04.348549,1.11,-5.343343736912315e-15,-7.243139038751582e-25,0.0,-1.1528666243876272e-07,0.0,0.0,-5.764333121938133e-08,0.9999999999999983,-2.8633171106930434e-15,-7.245757828468371e-23,0.0,0.0,0.0,1.561363126473783e-05
2026-08-22T03:28:04.367236,1.13,-5.3993311711952275e-15,-7.378304486471014e-25,0.0,4.956070420725213e-07,0.0,0.0,2.4780352103625804e-07,0.9999999999999692,-2.8067854828459806e-15,-7.38186547281858e-23,0.0,0.0,0.0,0.0003119418014903819
2026-08-22T03:28:04.403111,1.15,-5.454191030933954e-15,-9.248642239666934e-25,0.0,-1.3643580274447231e-06,0.0,0.0,-6.821790137223086e-07,0.9999999999997673,-2.7502529329929792e-15,-9.253538923841977e-23,0.0,0.0,0.0,0.0003619389271547536
2026-08-22T03:28:04.423360,1.17,-5.508227141313425e-15,-1.2780934445062293e-24,0.0,-1.8142346895899664e-06,0.0,0.0,-9.071173447948588e-07,0.9999999999995886,-2.7067797149877476e-15,-1.278997029970569e-22,0.0,0.0,0.0,-0.0002508261571782251
2026-08-22T03:28:04.445364,1.19,-5.5608751347606555e-15,-1.2117945076761977e-24,0.0,1.1771408794380989e-06,0.0,0.0,5.885704397190154e-07,0.9999999999998268,-2.6458914978979e-15,-1.2126957667502323e-22,0.0,0.0,0.0,0.00010677335672211997
2026-08-22T03:28:04.463539,1.21,-5.61252574240854e-15,-1.1968708394608393e-24,0.0,-1.319607100036535e-06,0.0,0.0,-6.598035500182197e-07,0.9999999999997823,-2.589356255034339e-15,-1.1976178966078272e-22,0.0,0.0,0.0,0.00012478400880598748
2026-08-22T03:28:04.483713,1.23,-5.6631355127499565e-15,-1.3683729448733142e-24,0.0,6.331970814343891e-07,0.0,0.0,3.165985407171892e-07,0.9999999999999499,-2.5328203463145503e-15,-1.3693793874671477e-22,0.0,0.0,0.0,0.00015176995729298382
2026-08-22T03:28:04.506391,1.25,-5.71300837108054e-15,-1.4209053240300076e-24,0.0,-1.4073894347710336e-06,0.0,0.0,-7.036947173854587e-07,0.9999999999997524,-2.49370080859978e-15,-1.4218950122417854e-22,0.0,0.0,0.0,0.0002723915571100499
2026-08-22T03:28:04.524900,1.26,-5.737207584530555e-15,4.778983959394938e-29,0.0,1.0964562591198046e-12,0.0,0.0,5.482281295599023e-13,1.0,-2.450296978781958e-15,-1.6985813421451358e-22,0.0,0.0,0.0,-7.119556157700031e-05
2026-08-22T03:28:04.544825,1.29,-5.809284107613182e-15,-1.70272644177195e-24,0.0,2.113513026369418e-06,0.0,0.0,1.0567565131845123e-06,0.9999999999994417,-2.389334051202727e-15,-1.7040668312911595e-22,0.0,0.0,0.0,-4.162748977152252e-05
2026-08-22T03:28:04.564166,1.31,-5.855990915873969e-15,-1.5147866272750626e-24,0.0,-2.6028805910627284e-07,0.0,0.0,-1.3014402955313605e-07,0.9999999999999916,-2.3415049120648515e-15,-1.5158261439517847e-22,0.0,0.0,0.0,0.00013470186669403578
2026-08-22T03:28:04.583751,1.33,-5.901786993022276e-15,-1.6127518692618574e-24,0.0,6.733608235443002e-07,0.0,0.0,3.3668041177214367e-07,0.9999999999999434,-2.293675502399585e-15,-1.613956066288765e-22,0.0,0.0,0.0,-7.235552785664072e-05
2026-08-22T03:28:04.610394,1.35,-5.946845903454168e-15,-1.5021705702816146e-24,0.0,-2.4808531460251974e-06,0.0,0.0,-1.2404265730122804e-06,0.9999999999992307,-2.2502010838474683e-15,-1.5032324544741718e-22,0.0,0.0,0.0,-0.00017504773027155423
2026-08-22T03:28:04.632700,1.37,-5.990950715493708e-15,-1.5338001981749554e-24,0.0,-1.788332548713356e-07,0.0,0.0,-8.941662743566769e-08,0.999999999999996,-2.206726512806344e-15,-1.5349939651404986e-22,0.0,0.0,0.0,-0.00016023138871641715
2026-08-22T03:28:04.653730,1.3900000000000001,-6.034318363165763e-15,-1.4215771238466828e-24,0.0,5.414603950093521e-06,0.0,0.0,2.7073019750434536e-06,0.9999999999963353,-2.1676074113344732e-15,-1.4225676940597863e-22,0.0,0.0,0.0,-2.8177262950823114e-05
2026-08-22T03:28:04.672544,1.4100000000000001,-6.076514788169819e-15,-1.0334220383268315e-24,0.0,-1.0268593038098572e-06,0.0,0.0,-5.134296519049061e-07,0.9999999999998682,-2.1154209330565538e-15,-1.0337900154145286e-22,0.0,0.0,0.0,-0.0002487540838497339
2026-08-22T03:28:04.689503,1.4300000000000002,-6.118321473253548e-15,-9.229449998653154e-25,0.0,-1.2730904956903544e-06,0.0,0.0,-6.365452478451342e-07,0.9999999999997974,-2.089370047717254e-15,-9.233786058552103e-23,0.0,0.0,0.0,0.00041615378752771106
2026-08-22T03:28:04.712338,1.45,-6.1587397050908764e-15,-1.2740503495702482e-24,0.0,-1.7564290315519317e-06,0.0,0.0,-8.782145157758529e-07,0.9999999999996144,-2.0328263620400257e-15,-1.274859175130294e-22,0.0,0.0,0.0,-2.6398230228681782e-05
2026-08-22T03:28:04.732160,1.47,-6.198681373631172e-15,-1.3569183044265653e-24,0.0,4.299877989222268e-06,0.0,0.0,2.149938994609477e-06,0.9999999999976888,-1.998064102531868e-15,-1.35786376573753e-22,0.0,0.0,0.0,-0.00020910848414144927
2026-08-22T03:28:04.750231,1.49,-6.2378856873972695e-15,-9.285008573309536e-25,0.0,-4.245277409609116e-07,0.0,0.0,-2.1226387048045422e-07,0.9999999999999775,-1.9589454623138655e-15,-9.287762362237545e-23,0.0,0.0,0.0,-0.00013126043836613068
2026-08-22T03:28:04.771655,1.51,-6.276309474965684e-15,-8.588564641679033e-25,0.0,2.8692006193153925e-06,0.0,0.0,1.4346003096572043e-06,0.9999999999989709,-1.9241835039688344e-15,-8.59163858990094e-23,0.0,0.0,0.0,-4.266448805990264e-05
2026-08-22T03:28:04.788352,1.53,-6.313778865586611e-15,-6.4127042044261255e-25,0.0,-3.818626739704456e-06,0.0,0.0,-1.909313369851068e-06,0.9999999999981772,-1.8763512780775566e-15,-6.412197000036453e-23,0.0,0.0,0.0,-0.00013191143349260533
2026-08-22T03:28:04.820699,1.55,-6.3504678323915695e-15,-7.851408196472246e-25,0.0,-2.424907981080082e-07,0.0,0.0,-1.2124539905400382e-07,0.9999999999999927,-1.8372330840202106e-15,-7.8544037688273e-23,0.0,0.0,0.0,-5.8503931434921554e-05
2026-08-22T03:28:04.838509,1.57,-6.386506380163563e-15,-7.531568681749242e-25,0.0,2.892681516541984e-08,0.0,0.0,1.446340758270992e-08,0.9999999999999999,-1.8024721482983078e-15,-7.533226113362009e-23,0.0,0.0,0.0,-0.00032256016340494116
2026-08-22T03:28:04.858590,1.59,-6.421720730763556e-15,-5.392007283113362e-25,0.0,-2.4615588296583728e-06,0.0,0.0,-1.2307794148288755e-06,0.9999999999992426,-1.7589968522275383e-15,-5.391035052039551e-23,0.0,0.0,0.0,-0.0002711847115703636
2026-08-22T03:28:04.879569,1.6099999999999999,-6.45628476678759e-15,-5.127072506194606e-25,0.0,3.694838315304595e-07,0.0,0.0,1.8474191576522863e-07,0.9999999999999829,-1.7242365708362717e-15,-5.1263130784970665e-23,0.0,0.0,0.0,-9.537170232839289e-05
2026-08-22T03:28:04.899684,1.63,-6.490111546441993e-15,-4.244090221021379e-25,0.0,1.4654491073962106e-06,0.0,0.0,7.327245536980398e-07,0.9999999999997315,-1.689476467608223e-15,-4.241448433274636e-23,0.0,0.0,0.0,-0.00015243002574962945
2026-08-22T03:28:04.921749,1.65,-6.523504854659619e-15,-2.370542358024895e-25,0.0,2.329639233078496e-06,0.0,0.0,1.1648196165389843e-06,0.9999999999993215,-1.6634319199926773e-15,-2.365271172844295e-23,0.0,0.0,0.0,-0.00019830926072013662
2026-08-22T03:28:04.941014,1.67,-6.556160801134964e-15,2.51090162583266e-26,0.0,-1.980925700362235e-06,0.0,0.0,-9.904628501809555e-07,0.9999999999995095,-1.6330296284171333e-15,2.5992402347441975e-24,0.0,0.0,0.0,6.833318511998194e-05
2026-08-22T03:28:04.958947,1.69,-6.5882095948662e-15,-1.2819895549344102e-25,0.0,-5.21361973637724e-06,0.0,0.0,-2.6068098681856675e-06,0.9999999999966023,-1.6026274703672264e-15,-1.2760155041559175e-23,0.0,0.0,0.0,-2.75804135039246e-05
2026-08-22T03:28:04.983516,1.71,-6.61947755097494e-15,-4.062707201318332e-25,0.0,-2.378930949120672e-06,0.0,0.0,-1.1894654745600556e-06,0.9999999999992926,-1.5635092575100832e-15,-4.061178796519405e-23,0.0,0.0,0.0,0.00040302452805111036
2026-08-22T03:28:05.000180,1.74,-6.665241275767713e-15,-2.6694467358491124e-29,0.0,-2.6987301282588305e-12,0.0,0.0,-1.3493650641294153e-12,1.0,-1.5265566504530333e-15,-5.65683762904838e-23,0.0,0.0,0.0,-0.0003293792240400965
2026-08-22T03:28:05.025589,1.75,-6.680452967337028e-15,-5.656914209979858e-25,0.0,3.0650619544658757e-06,0.0,0.0,1.5325309772323377e-06,0.9999999999988257,-1.5157816634099655e-15,-5.656546971859703e-23,0.0,0.0,0.0,-0.00020053025351473723
2026-08-22T03:28:05.045549,1.77,-6.709638928093653e-15,-2.7465711651732085e-25,0.0,1.4655576441313656e-07,0.0,0.0,7.327788220656821e-08,0.9999999999999973,-1.4635874932781626e-15,-2.741591334714613e-23,0.0,0.0,0.0,9.767146827332752e-06
2026-08-22T03:28:05.064720,1.78,-6.724135137667192e-15,-8.703296350520516e-31,0.0,2.0339285811132868e-13,0.0,0.0,1.0169642905566434e-13,1.0,-1.4528309107916979e-15,-2.663899596374611e-23,0.0,0.0,0.0,7.879905960532868e-05
2026-08-22T03:28:05.102474,1.81,-6.767101650872044e-15,-5.82245858136289e-26,0.0,2.3452264672485516e-06,0.0,0.0,1.1726132336240069e-06,0.9999999999993124,-1.420221059467309e-15,-5.74828846835267e-24,0.0,0.0,0.0,-3.45999144950389e-05
2026-08-22T03:28:05.122459,1.83,-6.794726685745455e-15,8.97544198517584e-26,0.0,-1.0333251032612625e-06,0.0,0.0,-5.166625516306082e-07,0.9999999999998666,-1.3811024160893276e-15,9.073752426869626e-24,0.0,0.0,0.0,3.7212410191564535e-05
2026-08-22T03:28:05.147766,1.85,-6.822048588677075e-15,1.6450855411359473e-26,0.0,1.1024895516520419e-06,0.0,0.0,5.512447758259929e-07,0.999999999999848,-1.3594200876880718e-15,1.726719320757772e-24,0.0,0.0,0.0,-0.00023248815845475714
2026-08-22T03:28:05.166550,1.87,-6.8486329005833994e-15,2.0202557440201904e-25,0.0,-2.442996188012359e-06,0.0,0.0,-1.2214980940058756e-06,0.9999999999992539,-1.3246604982507883e-15,2.031246644663904e-23,0.0,0.0,0.0,-0.00019089376708531148
2026-08-22T03:28:05.182807,1.8900000000000001,-6.874913972909427e-15,1.749526169874194e-25,0.0,1.2768527395401463e-06,0.0,0.0,6.384263697700298e-07,0.9999999999997962,-1.302978852833667e-15,1.759466266794757e-23,0.0,0.0,0.0,0.00015393006870968357
2026-08-22T03:28:05.214209,1.9100000000000001,-6.900501043909662e-15,1.613130272301854e-25,0.0,1.8840178666046372e-06,0.0,0.0,9.420089333021792e-07,0.9999999999995564,-1.2769378990266003e-15,1.6236114481786175e-23,0.0,0.0,0.0,0.00018695111933403997
2026-08-22T03:28:05.234404,1.94,-6.938026542383156e-15,-4.5604504278674685e-29,0.0,2.561062473205311e-12,0.0,0.0,1.2805312366026556e-12,1.0,-1.235990492809945e-15,5.400786062134262e-23,0.0,0.0,0.0,-0.0002217575747174548
2026-08-22T03:28:05.262795,1.9500000000000002,-6.950330774762825e-15,5.415046271898196e-25,0.0,3.0008917106805195e-06,0.0,0.0,1.500445855339697e-06,0.9999999999988743,-1.2248559831239273e-15,5.431380831070645e-23,0.0,0.0,0.0,0.00019955574238867546
2026-08-22T03:28:05.283776,1.9700000000000002,-6.974573664552042e-15,5.886044887340887e-25,0.0,-1.936808368352416e-06,0.0,0.0,-9.684041841760567e-07,0.999999999999531,-1.2075346384015821e-15,5.902755596842741e-23,0.0,0.0,0.0,-6.593161346141161e-05
2026-08-22T03:28:05.302851,1.9900000000000002,-6.99829602236728e-15,5.233658321767875e-25,0.0,2.336581757411693e-06,0.0,0.0,1.1682908787055808e-06,0.9999999999993175,-1.1858534208291495e-15,5.2484221697212954e-23,0.0,0.0,0.0,0.0001363515396816307
2026-08-22T03:28:05.331496,2.0,-7.00997419844096e-15,-4.551193484377621e-30,0.0,3.0833113839889847e-12,0.0,0.0,1.5416556919944924e-12,1.0,-1.1709383538215838e-15,5.655809040114532e-23,0.0,0.0,0.0,0.00015447754481760044
2026-08-22T03:28:05.351320,2.03,-7.0440922894034666e-15,6.5544557438442385e-25,0.0,-2.0668886291375086e-07,0.0,0.0,-1.0334443145687526e-07,0.9999999999999947,-1.1250515060642352e-15,6.571533273407799e-23,0.0,0.0,0.0,-0.00020592516133296771
2026-08-22T03:28:05.375777,2.05,-7.066383620383095e-15,7.388557147532633e-25,0.0,-2.1888836165828704e-07,0.0,0.0,-1.0944418082914331e-07,0.999999999999994,-1.1077312205431823e-15,7.406442836907585e-23,0.0,0.0,0.0,8.679477644449503e-05
2026-08-22T03:28:05.394086,2.07,-7.0881109329399084e-15,6.825709200471684e-25,0.0,1.5985630708037493e-06,0.0,0.0,7.992815354017894e-07,0.9999999999996806,-1.0816905378692817e-15,6.842756187359413e-23,0.0,0.0,0.0,-9.261023761245594e-06
2026-08-22T03:28:05.414467,2.09,-7.109361196922788e-15,7.5468313628141995e-25,0.0,3.4222804146111224e-07,0.0,0.0,1.711140207305553e-07,0.9999999999999853,-1.0556499749535804e-15,7.565079377457712e-23,0.0,0.0,0.0,0.00011913159700938287
2026-08-22T03:28:05.439112,2.11,-7.13026475178543e-15,7.103851012958814e-25,0.0,-7.27200339945e-08,0.0,0.0,-3.636001699724999e-08,0.9999999999999993,-1.038330161474571e-15,7.121189870260823e-23,0.0,0.0,0.0,0.00019998034630194423
2026-08-22T03:28:05.453228,2.13,-7.150691021172937e-15,6.120466647907215e-25,0.0,1.1077385799751485e-06,0.0,0.0,5.538692899875459e-07,0.9999999999998466,-1.0122893836827108e-15,6.136184112604823e-23,0.0,0.0,0.0,-0.00019062607599759442
2026-08-22T03:28:05.488970,2.15,-7.170813951034264e-15,7.4046364071511915e-25,0.0,6.311316176343952e-07,0.0,0.0,3.155658088171923e-07,0.9999999999999503,-9.94969691451525e-16,7.422235455974679e-23,0.0,0.0,0.0,-1.043899907056827e-05
2026-08-22T03:28:05.509161,2.17,-7.190720277145037e-15,7.668586849127108e-25,0.0,-6.174330122732385e-07,0.0,0.0,-3.0871650613661435e-07,0.9999999999999524,-9.863709357583394e-16,7.686476016694704e-23,0.0,0.0,0.0,0.0002947892299948059
2026-08-22T03:28:05.529179,2.19,-7.210149194350336e-15,6.060576918935313e-25,0.0,3.863712006335619e-06,0.0,0.0,1.9318560031666074e-06,0.9999999999981339,-9.646896994586945e-16,6.075828426417903e-23,0.0,0.0,0.0,-0.0002800635126506256
2026-08-22T03:28:05.551081,2.21,-7.22910106216405e-15,8.833038307877357e-25,0.0,1.6102638489279288e-06,0.0,0.0,8.051319244638773e-07,0.9999999999996759,-9.430084150523717e-16,8.852849571045742e-23,0.0,0.0,0.0,-0.00028196779667236327
2026-08-22T03:28:05.570709,2.23,-7.247532392880038e-15,1.0595259589938955e-24,0.0,1.9224814589158257e-06,0.0,0.0,9.612407294577648e-07,0.999999999999538,-9.169663067764626e-16,1.061738225868438e-22,0.0,0.0,0.0,0.00014727339318080796
2026-08-22T03:28:05.590703,2.24,-7.256695244704003e-15,7.359552269272493e-33,0.0,2.829292355954749e-12,0.0,0.0,1.4146461779773745e-12,1.0,-9.150666153598757e-16,1.0663042912767976e-22,0.0,0.0,0.0,6.960129418498985e-05
2026-08-22T03:28:05.611723,2.27,-7.283701886387329e-15,1.1027351382408764e-24,0.0,9.637873037426912e-07,0.0,0.0,4.818936518713271e-07,0.9999999999998839,-8.91047299692469e-16,1.1049829133285108e-22,0.0,0.0,0.0,6.173549062809394e-05
2026-08-22T03:28:05.629200,2.29,-7.301005641643751e-15,1.1043511797513946e-24,0.0,-7.446723602200223e-07,0.0,0.0,-3.723361801100025e-07,0.9999999999999307,-8.650041080195587e-16,1.106593272208243e-22,0.0,0.0,0.0,-7.368094891669182e-05
2026-08-22T03:28:05.655284,2.31,-7.318353250836516e-15,1.0920850508183586e-24,0.0,3.916000546055899e-08,0.0,0.0,1.958000273027949e-08,0.9999999999999998,-8.564054721977248e-16,1.0942701086016916e-22,0.0,0.0,0.0,0.00012339675615684114
2026-08-22T03:28:05.674404,2.33,-7.335180075378099e-15,1.0341211625467204e-24,0.0,-3.941457346723354e-06,0.0,0.0,-1.9707286733604013e-06,0.9999999999980581,-8.347227372835182e-16,1.0362155581102528e-22,0.0,0.0,0.0,4.936017901727656e-05
2026-08-22T03:28:05.700193,2.35,-7.35170344488144e-15,8.53274787848283e-25,0.0,1.2952964900669881e-06,0.0,0.0,6.476482450334488e-07,0.9999999999997903,-8.174012029858337e-16,8.550237585741145e-23,0.0,0.0,0.0,0.00014803052456852594
2026-08-22T03:28:05.720639,2.38,-7.375697275114457e-15,-5.544507301092442e-30,0.0,2.3514523661560816e-12,0.0,0.0,1.1757261830780408e-12,1.0,-7.936359727675866e-16,8.953285430655516e-23,0.0,0.0,0.0,4.937127788697201e-05
2026-08-22T03:28:05.739428,2.39,-7.383579244100504e-15,8.971775843459824e-25,0.0,-3.948947726151176e-06,0.0,0.0,-1.9744738630743048e-06,0.9999999999980508,-7.827578244415959e-16,8.990421352385534e-23,0.0,0.0,0.0,0.000225279412097267
2026-08-22T03:28:05.761606,2.41,-7.399061776491505e-15,6.617118216566007e-25,0.0,6.626652018226764e-07,0.0,0.0,3.313326009113321e-07,0.9999999999999452,-7.654356414294053e-16,6.631268263748374e-23,0.0,0.0,0.0,6.129132541939416e-05
2026-08-22T03:28:05.780384,2.43,-7.414284222471088e-15,6.570463671816211e-25,0.0,1.0720921861384627e-06,0.0,0.0,5.360460930692056e-07,0.9999999999998563,-7.524747236507862e-16,6.584879848165228e-23,0.0,0.0,0.0,0.0004307600992114343
2026-08-22T03:28:05.805873,2.45,-7.429072738124068e-15,5.359669244332818e-25,0.0,-2.4687144630775038e-06,0.0,0.0,-1.2343572315384385e-06,0.9999999999992382,-7.307902582381898e-16,5.372168950758412e-23,0.0,0.0,0.0,3.8645909398343e-07
2026-08-22T03:28:05.821021,2.46,-7.43641259679681e-15,1.003549572828348e-29,0.0,-2.0534685063466895e-12,0.0,0.0,-1.0267342531733448e-12,1.0,-7.329206430270722e-16,4.4275022101723347e-23,0.0,0.0,0.0,0.00026393223779893265
2026-08-22T03:28:05.839684,2.49,-7.458086600394209e-15,4.531575752487557e-25,0.0,-5.83243123131183e-07,0.0,0.0,-2.9162156156558736e-07,0.9999999999999575,-7.092286756336119e-16,4.54268632706103e-23,0.0,0.0,0.0,-0.00039732250498751445
2026-08-22T03:28:05.866489,2.51,-7.47218159340059e-15,5.628442962320932e-25,0.0,-2.7145860403976485e-07,0.0,0.0,-1.35729302019882e-07,0.9999999999999908,-7.006279976205163e-16,5.640810627299742e-23,0.0,0.0,0.0,-0.0002938174600132907
2026-08-22T03:28:05.883850,2.5300000000000002,-7.485929388644155e-15,6.462059616716138e-25,0.0,-1.080259564023578e-06,0.0,0.0,-5.401297820117627e-07,0.9999999999998541,-6.833030759958116e-16,6.475763595142337e-23,0.0,0.0,0.0,7.762145439489323e-05
2026-08-22T03:28:05.907177,2.55,-7.499330237930416e-15,5.788785635379957e-25,0.0,-1.498974889990734e-06,0.0,0.0,-7.494874449952968e-07,0.9999999999997191,-6.659779279711051e-16,5.801308220502952e-23,0.0,0.0,0.0,-0.00014998658239824536
2026-08-22T03:28:05.928466,2.5700000000000003,-7.512601232604743e-15,5.719914799364808e-25,0.0,-1.5206966681446947e-06,0.0,0.0,-7.603483340722739e-07,0.9999999999997109,-6.573763614741671e-16,5.732154890964265e-23,0.0,0.0,0.0,-0.0001920769725467567
2026-08-22T03:28:05.951099,2.59,-7.525481660112644e-15,5.790682793721119e-25,0.0,-3.272308580104522e-06,0.0,0.0,-1.6361542900515308e-06,0.9999999999986615,-6.400502316484489e-16,5.802951725943375e-23,0.0,0.0,0.0,0.00014789852933891177
2026-08-22T03:28:05.988395,2.61,-7.53823223380532e-15,4.238733106048755e-25,0.0,1.2678195826509866e-06,0.0,0.0,6.339097913254507e-07,0.999999999999799,-6.3144787738458e-16,4.248280531545167e-23,0.0,0.0,0.0,0.0004910579655563966
2026-08-22T03:28:06.008326,2.63,-7.550679101614515e-15,3.075483060727076e-25,0.0,-2.374091938150969e-06,0.0,0.0,-1.1870459690752055e-06,0.9999999999992955,-6.184828031710726e-16,3.083494844902604e-23,0.0,0.0,0.0,-0.0003558892406738301
2026-08-22T03:28:06.048558,2.65,-7.563082851672713e-15,3.3853898406013297e-25,0.0,-1.625032184371378e-06,0.0,0.0,-8.125160921855995e-07,0.9999999999996699,-6.142414695957444e-16,3.3933843036760696e-23,0.0,0.0,0.0,0.00019122519917042462
2026-08-22T03:28:06.068798,2.67,-7.574835569779114e-15,2.313379343172463e-25,0.0,-2.2958659529059844e-06,0.0,0.0,-1.14793297645274e-06,0.9999999999993411,-5.925506421096112e-16,2.3197120307158296e-23,0.0,0.0,0.0,6.840503929042845e-05
2026-08-22T03:28:06.094215,2.69,-7.58654504603912e-15,1.4202016399059812e-25,0.0,9.709046513428632e-07,0.0,0.0,4.854523256714125e-07,0.9999999999998822,-5.752220403930448e-16,1.4249271288909858e-23,0.0,0.0,0.0,-0.0002224946762845896
2026-08-22T03:28:06.126601,2.71,-7.597951072277372e-15,2.320356260853217e-25,0.0,3.6547402744169233e-06,0.0,0.0,1.8273701372074446e-06,0.9999999999983303,-5.622554951385159e-16,2.3267544452533204e-23,0.0,0.0,0.0,-0.00029261197924549266
2026-08-22T03:28:06.141250,2.72,-7.603683307909034e-15,-1.7774915359134744e-29,0.0,6.070699498650356e-13,0.0,0.0,3.035349749325178e-13,1.0,-5.681219066205573e-16,4.163798823869903e-23,0.0,0.0,0.0,-0.0002922706924815212
2026-08-22T03:28:06.186202,2.75,-7.620416552925556e-15,4.301093953588863e-25,0.0,-1.5031931126507914e-06,0.0,0.0,-7.51596556325325e-07,0.9999999999997176,-5.494073992885184e-16,4.310394121247546e-23,0.0,0.0,0.0,-6.197355275886899e-05
2026-08-22T03:28:06.205164,2.77,-7.631258783162454e-15,4.009676927573585e-25,0.0,-1.6949881453953712e-06,0.0,0.0,-8.47494072697584e-07,0.9999999999996408,-5.364386623670043e-16,4.0185848763570147e-23,0.0,0.0,0.0,-5.22724438652659e-05
2026-08-22T03:28:06.225949,2.79,-7.641753938556884e-15,3.654860380644667e-25,0.0,-5.635722848396086e-07,0.0,0.0,-2.8178614241980056e-07,0.9999999999999603,-5.191070874564997e-16,3.6630993135966304e-23,0.0,0.0,0.0,0.0003782060649271018
2026-08-22T03:28:06.250839,2.81,-7.652336213390262e-15,2.4753360200522567e-25,0.0,3.512372104719219e-06,0.0,0.0,1.7561860523587068e-06,0.9999999999984579,-5.148626779203972e-16,2.4816747272193082e-23,0.0,0.0,0.0,0.00015546503613189566
2026-08-22T03:28:06.267685,2.8200000000000003,-7.657372999666568e-15,-4.5007296970710655e-30,0.0,4.221956118044545e-12,0.0,0.0,2.1109780590222726e-12,1.0,-5.117434120290885e-16,2.944425079848173e-23,0.0,0.0,0.0,9.899620975666024e-06
2026-08-22T03:28:06.308654,2.85,-7.672329300787e-15,2.9559853078723457e-25,0.0,8.193110394572046e-07,0.0,0.0,4.096555197285908e-07,0.9999999999999161,-4.889216318091517e-16,2.963027740321e-23,0.0,0.0,0.0,-0.00018987523926443123
2026-08-22T03:28:06.328269,2.87,-7.682043948536745e-15,3.5990181667003503e-25,0.0,-2.886920649203262e-07,0.0,0.0,-1.4434603246016258e-07,0.9999999999999896,-4.759504797050035e-16,3.6071266716055857e-23,0.0,0.0,0.0,0.00023454508188086042
2026-08-22T03:28:06.349109,2.89,-7.69154188278798e-15,2.920933430479827e-25,0.0,-6.907255487575981e-07,0.0,0.0,-3.4536277437879215e-07,0.9999999999999404,-4.673415103272122e-16,2.9278229518643826e-23,0.0,0.0,0.0,6.36742092859982e-05
2026-08-22T03:28:06.376904,2.91,-7.700866341351393e-15,2.569082367703359e-25,0.0,1.6922956289633364e-06,0.0,0.0,8.461478144815671e-07,0.9999999999996421,-4.587318685706463e-16,2.575269810813471e-23,0.0,0.0,0.0,0.00011184638477822483
2026-08-22T03:28:06.392230,2.93,-7.710060692228132e-15,2.6887393363991898e-25,0.0,1.381858376614531e-06,0.0,0.0,6.909291883072105e-07,0.9999999999997613,-4.501215502971448e-16,2.69524333399917e-23,0.0,0.0,0.0,-0.00044325857619062633
2026-08-22T03:28:06.418566,2.95,-7.718994831341502e-15,4.000055536397242e-25,0.0,-3.824773874061551e-06,0.0,0.0,-1.912386937029609e-06,0.9999999999981714,-4.4151055761291183e-16,4.008667723180141e-23,0.0,0.0,0.0,-0.00011031987834859123
2026-08-22T03:28:06.439667,2.97,-7.727929096496662e-15,3.292914051510046e-25,0.0,2.821892102211621e-07,0.0,0.0,1.4109460511058055e-07,0.99999999999999,-4.3726162952845833e-16,3.299986814248155e-23,0.0,0.0,0.0,0.0003665988634879548
2026-08-22T03:28:06.459858,2.99,-7.736733252911878e-15,2.4969550518550823e-25,0.0,-4.997373860504695e-06,0.0,0.0,-2.4986869302497474e-06,0.9999999999968783,-4.3301176656997134e-16,2.502917663611112e-23,0.0,0.0,0.0,0.00013312536787071024
2026-08-22T03:28:06.480880,3.01,-7.74532043433267e-15,1.0423557089369903e-25,0.0,-9.600687396194019e-07,0.0,0.0,-4.800343698096825e-07,0.9999999999998848,-4.243981700878558e-16,1.0454196074696205e-23,0.0,0.0,0.0,0.0002434706107890728
2026-08-22T03:28:06.499727,3.03,-7.753343307159477e-15,3.028289062682748e-26,0.0,-1.4031693864602344e-06,0.0,0.0,-7.015846932300597e-07,0.9999999999997539,-3.9833260758361194e-16,3.04835775707693e-24,0.0,0.0,0.0,0.00015863612628898145
2026-08-22T03:28:06.531179,3.05,-7.761410070531385e-15,-3.2800059866602295e-26,0.0,3.022196954916012e-07,0.0,0.0,1.5110984774580002e-07,0.9999999999999886,-3.8971892697532644e-16,-3.2713570992589054e-24,0.0,0.0,0.0,-0.00017122179698893973
2026-08-22T03:28:06.548312,3.07,-7.769520459978137e-15,9.552459440313818e-27,0.0,-2.3233512282949675e-06,0.0,0.0,-1.1616756141472225e-06,0.9999999999993252,-3.8983040031291893e-16,9.716630895184478e-25,0.0,0.0,0.0,9.859023411640792e-05
2026-08-22T03:28:06.566230,3.09,-7.777370504756225e-15,-5.897123605107637e-26,0.0,-2.417527165565758e-06,0.0,0.0,-1.2087635827825848e-06,0.9999999999992695,-3.855777532735875e-16,-5.893782274102461e-24,0.0,0.0,0.0,7.539378789050727e-06
2026-08-22T03:28:06.592055,3.11,-7.78517717650232e-15,-1.1021393530301597e-25,0.0,1.4482837027429698e-06,0.0,0.0,7.241418513714215e-07,0.9999999999997378,-3.81324173597287e-16,-1.1027185790138484e-23,0.0,0.0,0.0,0.0002073075101039009
2026-08-22T03:28:06.611307,3.13,-7.792636768426288e-15,-1.2078622087824014e-25,0.0,3.6216387462317816e-06,0.0,0.0,1.810819373114901e-06,0.9999999999983604,-3.7270670363077945e-16,-1.208398695312838e-23,0.0,0.0,0.0,-0.00015666455320510585
2026-08-22T03:28:06.639708,3.15,-7.800183354806554e-15,-1.3970185155387677e-26,0.0,2.324569150502498e-07,0.0,0.0,1.1622845752512463e-07,0.9999999999999932,-3.7281459830423284e-16,-1.3829901172028242e-24,0.0,0.0,0.0,2.0751823276864445e-05
2026-08-22T03:28:06.659075,3.17,-7.807339098738338e-15,-1.2822654019694442e-26,0.0,-2.803463718059618e-06,0.0,0.0,-1.4017318590293498e-06,0.9999999999990176,-3.5546922149432085e-16,-1.2696227656583755e-24,0.0,0.0,0.0,-3.8293701775902995e-05
2026-08-22T03:28:06.678573,3.19,-7.81466883880499e-15,-6.177310727719789e-26,0.0,-8.875571695377005e-07,0.0,0.0,-4.437785847688357e-07,0.9999999999999015,-3.555759837181659e-16,-6.174902445307213e-24,0.0,0.0,0.0,0.00014620912772386917
2026-08-22T03:28:06.710076,3.21,-7.821564367702401e-15,-1.0405822999607536e-25,0.0,3.4265000845579152e-06,0.0,0.0,1.7132500422781195e-06,0.9999999999985324,-3.3822929564766467e-16,-1.0409723568322336e-23,0.0,0.0,0.0,1.6858547523731777e-06
2026-08-22T03:28:06.728662,3.23,-7.82833005450118e-15,-3.8863499645906016e-26,0.0,-1.3913545333643642e-06,0.0,0.0,-6.956772666821259e-07,0.999999999999758,-3.2960876113713015e-16,-3.876940698521754e-24,0.0,0.0,0.0,-0.00019986467779701994
2026-08-22T03:28:06.753944,3.25,-7.83522623727818e-15,-2.9889747423242647e-26,0.0,8.617918201281328e-07,0.0,0.0,4.30895910064053e-07,0.9999999999999072,-3.340770087418023e-16,-2.9804563886608793e-24,0.0,0.0,0.0,0.0002385264469629347
2026-08-22T03:28:06.770780,3.26,-7.83839139444156e-15,2.4062801683270515e-30,0.0,2.7049473771967314e-12,0.0,0.0,1.3524736885983657e-12,1.0,-3.295974524305497e-16,-5.634560805551517e-24,0.0,0.0,0.0,-0.0003446100613102409
2026-08-22T03:28:06.789907,3.29,-7.848063567883904e-15,-1.1722956245694235e-25,0.0,1.6096711901170124e-06,0.0,0.0,8.048355950584193e-07,0.9999999999996761,-3.1246829383422963e-16,-1.1730578930192262e-23,0.0,0.0,0.0,-0.00016702662809210575
2026-08-22T03:28:06.811394,3.31,-7.85439569101026e-15,-5.899105895196817e-26,0.0,1.5999354481266437e-06,0.0,0.0,7.999677240632365e-07,0.99999999999968,-3.082079855041639e-16,-5.8943989724123635e-24,0.0,0.0,0.0,-9.41903591237668e-05
2026-08-22T03:28:06.831147,3.33,-7.860467469517429e-15,-1.5648983315457202e-26,0.0,4.547031702717419e-06,0.0,0.0,2.2735158513567507e-06,0.9999999999974155,-2.995836057220559e-16,-1.5524699163771906e-24,0.0,0.0,0.0,0.00013699045775146984
2026-08-22T03:28:06.866980,3.35,-7.86653950910609e-15,3.9809275887857565e-26,0.0,-1.3836252237275917e-06,0.0,0.0,-6.918126118637406e-07,0.9999999999997607,-2.996851156825013e-16,4.004574524024027e-24,0.0,0.0,0.0,-0.0001918276904878455
2026-08-22T03:28:06.890320,3.38,-7.875297636222695e-15,5.990444293066736e-30,0.0,-3.582911745070305e-12,0.0,0.0,-1.7914558725351526e-12,1.0,-2.8189255812115215e-16,-1.7614830872781367e-24,0.0,0.0,0.0,-5.254433340774791e-06
2026-08-22T03:28:06.908422,3.39,-7.878075629436205e-15,-1.7486079340027376e-26,0.0,-6.204228837347614e-07,0.0,0.0,-3.102114418673757e-07,0.9999999999999519,-2.737060845806891e-16,-1.7390949027768577e-24,0.0,0.0,0.0,0.0001647095681715999
2026-08-22T03:28:06.955952,3.4,-7.88097885547715e-15,3.0184656428066894e-30,0.0,8.553158181712206e-13,0.0,0.0,4.276579090856103e-13,1.0,-2.7755573237842243e-16,-5.0790861343417836e-24,0.0,0.0,0.0,-9.506603400800682e-05
2026-08-22T03:28:06.975955,3.43,-7.889352195117598e-15,-2.10482813904742e-26,0.0,-5.702271876462106e-06,0.0,0.0,-2.85113593822719e-06,0.9999999999959355,-2.695419487417285e-16,-2.0951035921397034e-24,0.0,0.0,0.0,0.0004048393592379179
2026-08-22T03:28:07.015795,3.46,-7.89745872850161e-15,1.4799894963037935e-30,0.0,-3.055333763768431e-12,0.0,0.0,-1.5276668818842154e-12,1.0,-2.7321890741397845e-16,-1.803895624430755e-23,0.0,0.0,0.0,-0.00012243546069935136
2026-08-22T03:28:07.039997,3.48,-7.902662899146015e-15,-1.9774732139039754e-30,0.0,2.8133051444001467e-12,0.0,0.0,1.4066525722000733e-12,1.0,-2.515349158588026e-16,-1.597571224314941e-23,0.0,0.0,0.0,0.00010161024972740325
2026-08-22T03:28:07.053774,3.49,-7.90513884122266e-15,-1.5991173474955973e-25,0.0,1.8779776209676413e-06,0.0,0.0,9.389888104836827e-07,0.9999999999995591,-2.436534994700561e-16,-1.600460064265073e-23,0.0,0.0,0.0,-9.081902598384196e-05
2026-08-22T03:28:07.099395,3.51,-7.9103436268105e-15,-1.1645777412837415e-25,0.0,-1.701935174125424e-06,0.0,0.0,-8.509675870626093e-07,0.999999999999638,-2.4811344348544595e-16,-1.1651614925484417e-23,0.0,0.0,0.0,0.0003990445866108597
2026-08-22T03:28:07.116756,3.5300000000000002,-7.915461404094249e-15,-1.9267622425010396e-25,0.0,3.5580560835413175e-06,0.0,0.0,1.7790280417697198e-06,0.9999999999984175,-2.4384521428697657e-16,-1.9287891873633677e-23,0.0,0.0,0.0,-0.00015695542560690792
2026-08-22T03:28:07.151581,3.56,-7.922959163753681e-15,-7.918654479411987e-31,0.0,4.3431924723336124e-13,0.0,0.0,2.1715962361668062e-13,1.0,-2.5153487400793807e-16,-1.0828821346208772e-23,0.0,0.0,0.0,2.5682593653873345e-06
2026-08-22T03:28:07.168926,3.5700000000000003,-7.925437002368399e-15,-1.083458495220063e-25,0.0,3.3452155570046216e-06,0.0,0.0,1.6726077785015309e-06,0.9999999999986012,-2.440328489359645e-16,-1.0839101202375369e-23,0.0,0.0,0.0,5.7013480193253234e-05
2026-08-22T03:28:07.188773,3.59,-7.930077449266944e-15,-7.133229220934374e-26,0.0,1.1579537417816255e-06,0.0,0.0,5.789768708907803e-07,0.9999999999998324,-2.310346951486983e-16,-7.13010852440049e-24,0.0,0.0,0.0,0.00015558056181934257
2026-08-22T03:28:07.210712,3.61,-7.934718161371043e-15,-7.391022114727644e-26,0.0,2.2043185943232402e-08,0.0,0.0,1.1021592971616201e-08,0.9999999999999999,-2.2676329060584844e-16,-7.389002496661237e-24,0.0,0.0,0.0,-0.00010056173529988599
2026-08-22T03:28:07.230969,3.63,-7.939185264328625e-15,-5.956306467069786e-26,0.0,-1.0353404884533293e-06,0.0,0.0,-5.176702442266414e-07,0.999999999999866,-2.1812766137571325e-16,-5.952258743581715e-24,0.0,0.0,0.0,0.0001696272780468769
2026-08-22T03:28:07.255975,3.65,-7.943695999654336e-15,-9.1700929347492e-26,0.0,-2.4054529967898475e-07,0.0,0.0,-1.2027264983949208e-07,0.9999999999999928,-2.1821855315872816e-16,-9.171992262847893e-24,0.0,0.0,0.0,0.00010109083822274287
2026-08-22T03:28:07.277712,3.67,-7.947989622683071e-15,-1.0465306130238668e-25,0.0,2.8603365898050015e-07,0.0,0.0,1.430168294902496e-07,0.9999999999999898,-2.0958138600470633e-16,-1.0469354093679407e-23,0.0,0.0,0.0,-0.00021547451686083061
2026-08-22T03:28:07.291633,3.69,-7.952283376691171e-15,-7.435900596480508e-26,0.0,3.0569559155146923e-06,0.0,0.0,1.5284779577567507e-06,0.9999999999988318,-2.053072883070201e-16,-7.434511009732357e-24,0.0,0.0,0.0,-0.00030785892548522594
2026-08-22T03:28:07.333282,3.71,-7.956533892676988e-15,-3.872541446598721e-28,0.0,3.011802508723349e-06,0.0,0.0,1.5059012543611053e-06,0.9999999999988661,-2.0539598604636463e-16,-2.323592242157329e-26,0.0,0.0,0.0,8.68820181806673e-05
2026-08-22T03:28:07.352898,3.73,-7.960697667380804e-15,2.632727591966478e-26,0.0,4.739501157313697e-06,0.0,0.0,2.3697505786546305e-06,0.9999999999971921,-2.0548364046822006e-16,2.653229262804498e-24,0.0,0.0,0.0,7.606678348066691e-06
2026-08-22T03:28:07.380797,3.75,-7.964731065164608e-15,7.985349054009683e-26,0.0,-3.372950220459359e-06,0.0,0.0,-1.68647511022888e-06,0.9999999999985779,-1.968431459733037e-16,8.015794869995194e-24,0.0,0.0,0.0,0.0002094640518192806
2026-08-22T03:28:07.401903,3.77,-7.968504118557734e-15,2.0974870136855193e-26,0.0,1.9331572174152716e-06,0.0,0.0,9.66578608707485e-07,0.9999999999995328,-1.8383867343224378e-16,2.1150078190206852e-24,0.0,0.0,0.0,0.0003017249547606859
2026-08-22T03:28:07.417788,3.79,-7.972581416922823e-15,1.4934019407965867e-26,0.0,-9.229441730873589e-07,0.0,0.0,-4.614720865436631e-07,0.9999999999998935,-1.9265202035513114e-16,1.511158307539994e-24,0.0,0.0,0.0,-8.507982899728322e-05
2026-08-22T03:28:07.452271,3.81,-7.976354595753657e-15,1.4360282414383731e-26,0.0,8.01723673671262e-07,0.0,0.0,4.008618368356202e-07,0.9999999999999196,-1.8400937884493208e-16,1.4525352526519354e-24,0.0,0.0,0.0,-6.708916476064886e-05
2026-08-22T03:28:07.472971,3.83,-7.979910931779408e-15,2.948993526793278e-26,0.0,2.4251447063861065e-06,0.0,0.0,1.2125723531927561e-06,0.9999999999992648,-1.7536633260758896e-16,2.9685733443478305e-24,0.0,0.0,0.0,-2.1150892777111976e-05
2026-08-22T03:28:07.503847,3.85,-7.983554269953375e-15,5.770335992567551e-26,0.0,9.532140232693108e-07,0.0,0.0,4.766070116346374e-07,0.9999999999998864,-1.7545015035531638e-16,5.795333046452497e-24,0.0,0.0,0.0,8.811522614987532e-05
2026-08-22T03:28:07.524430,3.87,-7.987197603417171e-15,5.916075512803921e-26,0.0,-2.979482012221979e-06,0.0,0.0,-1.4897410061104385e-06,0.9999999999988903,-1.7553298270689408e-16,5.940872328594377e-24,0.0,0.0,0.0,5.275532036187481e-05
2026-08-22T03:28:07.544918,3.89,-7.990927668014145e-15,2.0218727583813843e-26,0.0,9.21664115249854e-07,0.0,0.0,4.6083205762491066e-07,0.9999999999998939,-1.756148242870455e-16,2.0384103721902742e-24,0.0,0.0,0.0,8.895940792430905e-05
2026-08-22T03:28:07.579357,3.91,-7.994310515010833e-15,2.064014460978234e-26,0.0,1.6847340829073691e-06,0.0,0.0,8.423670414535847e-07,0.9999999999996452,-1.6696838973681823e-16,2.0814537079391784e-24,0.0,0.0,0.0,0.00014559195989582958
2026-08-22T03:28:07.606552,3.93,-7.99791073707292e-15,2.5630803927111825e-26,0.0,-2.7076045938656534e-07,0.0,0.0,-1.3538022969328225e-07,0.9999999999999908,-1.7577623691304053e-16,2.5815499455751877e-24,0.0,0.0,0.0,-0.00025929158209014294
2026-08-22T03:28:07.648720,3.95,-8.001033097371234e-15,4.8655103566696135e-26,0.0,1.4086717130545878e-06,0.0,0.0,7.043358565272357e-07,0.999999999999752,-1.5840050655280678e-16,4.8873661227500246e-24,0.0,0.0,0.0,2.6197961395589122e-05
2026-08-22T03:28:07.669645,3.96,-8.002582971290368e-15,-7.461445452052819e-31,0.0,1.3917755836700962e-12,0.0,0.0,6.958877918350481e-13,1.0,-1.517883045706074e-16,5.81873660123596e-24,0.0,0.0,0.0,-0.00032083048683796483
2026-08-22T03:28:07.689025,3.99,-8.007365496108038e-15,4.196455586770253e-26,0.0,3.1132318758508863e-06,0.0,0.0,1.5566159379248142e-06,0.9999999999987885,-1.541954370726109e-16,4.216121962907079e-24,0.0,0.0,0.0,1.4145344660194828e-05
2026-08-22T03:28:07.724910,4.01,-8.010531755407377e-15,6.96513761258812e-26,0.0,-1.9536959539045995e-06,0.0,0.0,-9.768479769521443e-07,0.9999999999995229,-1.5427317570225464e-16,6.991208975206293e-24,0.0,0.0,0.0,-8.111928846913989e-05
2026-08-22T03:28:07.735960,4.03,-8.013654507131418e-15,5.803400080248037e-26,0.0,-1.6064379200209091e-06,0.0,0.0,-8.032189600103681e-07,0.9999999999996774,-1.4998625583210802e-16,5.8260358770691896e-24,0.0,0.0,0.0,0.000262414246547993
2026-08-22T03:28:07.770404,4.05,-8.016386539675143e-15,2.3655771005463816e-26,0.0,-2.3444681072071205e-06,0.0,0.0,-1.1722340536032917e-06,0.9999999999993129,-1.32607587368486e-16,2.3819950426135023e-24,0.0,0.0,0.0,0.00014781771561461792
2026-08-22T03:28:07.798260,4.07,-8.019336221120452e-15,-8.363444204196017e-27,0.0,2.1798124940630714e-06,0.0,0.0,1.08990624703132e-06,0.999999999999406,-1.414115979316811e-16,-8.2610951212823575e-25,0.0,0.0,0.0,-2.4575395868139417e-05
2026-08-22T03:28:07.819460,4.08,-8.020667463596284e-15,-1.6679873238315115e-30,0.0,1.6111556533360272e-12,0.0,0.0,8.055778266680136e-13,1.0,-1.387778713500097e-16,1.0641157644651574e-24,0.0,0.0,0.0,-0.0002774267371082616
2026-08-22T03:28:07.841654,4.11,-8.024844447918315e-15,7.21696654746195e-27,0.0,-1.346038132954419e-06,0.0,0.0,-6.730190664771587e-07,0.9999999999997735,-1.3283391495542087e-16,7.343431653554835e-25,0.0,0.0,0.0,0.00024238858557566303
2026-08-22T03:28:07.860115,4.13,-8.027663877573214e-15,-2.1662758756715842e-26,0.0,-2.1778467216293507e-06,0.0,0.0,-1.0889233608144602e-06,0.9999999999994071,-1.3727151999221267e-16,-2.1585219110546663e-24,0.0,0.0,0.0,6.449351018308636e-06
2026-08-22T03:28:07.900292,4.15,-8.030526534520473e-15,-4.008864020434452e-26,0.0,-2.998417781618912e-06,0.0,0.0,-1.4992088908088943e-06,0.9999999999988762,-1.37344157598453e-16,-4.0048378301735214e-24,0.0,0.0,0.0,0.00013078958108626897
2026-08-22T03:28:07.923253,4.17,-8.033128709159986e-15,-7.108315093493853e-26,0.0,-3.7355573772046573e-06,0.0,0.0,-1.8677786886012425e-06,0.9999999999982557,-1.2868838185400464e-16,-7.11009270708143e-24,0.0,0.0,0.0,-0.00014562283396987846
2026-08-22T03:28:07.942670,4.19,-8.035600778110602e-15,-8.577378809096331e-26,0.0,-9.69599883937633e-07,0.0,0.0,-4.847999419687975e-07,0.9999999999998825,-1.200323725115207e-16,-8.582052434223977e-24,0.0,0.0,0.0,0.00013850581488480642
2026-08-22T03:28:07.966778,4.21,-8.038333458693047e-15,-1.0168464591651612e-25,0.0,4.426048776373649e-07,0.0,0.0,2.213024388186806e-07,0.9999999999999755,-1.244674758924917e-16,-1.0175459559151055e-23,0.0,0.0,0.0,-7.363321223840422e-05
2026-08-22T03:28:07.985268,4.22,-8.039575949401676e-15,-8.773253224115149e-31,0.0,-2.438049762076844e-13,0.0,0.0,-1.219024881038422e-13,1.0,-1.2143063818321876e-16,-9.135588918758368e-24,0.0,0.0,0.0,0.000397846815982656
2026-08-22T03:28:08.026836,4.25,-8.043321354377761e-15,-5.384874901687067e-26,0.0,-3.206162175750649e-07,0.0,0.0,-1.6030810878753174e-07,0.9999999999999871,-1.2024378743324808e-16,-5.382224193611004e-24,0.0,0.0,0.0,0.0001917388318917953
2026-08-22T03:28:08.046376,4.27,-8.045706808311859e-15,-6.760503325216306e-26,0.0,1.1803318229475224e-06,0.0,0.0,5.901659114737269e-07,0.9999999999998258,-1.1594876605128834e-16,-6.761016574122396e-24,0.0,0.0,0.0,0.00021338695430143673
2026-08-22T03:28:08.067072,4.29,-8.048222498432998e-15,-7.053870139356965e-26,0.0,-2.6458154569475316e-06,0.0,0.0,-1.3229077284733798e-06,0.9999999999991249,-1.160170208665339e-16,-7.054664850205595e-24,0.0,0.0,0.0,0.00017455097685970482
2026-08-22T03:28:08.101758,4.31,-8.050477841327639e-15,-9.748288189768859e-26,0.0,2.041930131202463e-06,0.0,0.0,1.020965065601054e-06,0.9999999999994789,-1.1172063940490794e-16,-9.754673516268846e-24,0.0,0.0,0.0,0.00025408120601304156
2026-08-22T03:28:08.120191,4.33,-8.052820052525789e-15,-9.672895864247353e-26,0.0,1.557786420303131e-06,0.0,0.0,7.788932101514868e-07,0.9999999999996967,-1.1178757047626359e-16,-9.678331322082632e-24,0.0,0.0,0.0,-0.00012506942367912613
2026-08-22T03:28:08.153329,4.35,-8.05481491022754e-15,-7.835815686322229e-26,0.0,3.629456890585913e-07,0.0,0.0,1.8147284452929468e-07,0.9999999999999836,-9.876222899342619e-17,-7.838057659627619e-24,0.0,0.0,0.0,0.00020107229584223553
2026-08-22T03:28:08.176605,4.37,-8.057070651986852e-15,-8.510225970414939e-26,0.0,-1.0105230279222612e-06,0.0,0.0,-5.05261513961109e-07,0.9999999999998723,-1.0755617615850305e-16,-8.513731691562119e-24,0.0,0.0,0.0,5.5829794321450436e-05
2026-08-22T03:28:08.194944,4.4,-8.060219158771022e-15,-2.1336236912809265e-31,0.0,2.864819492742754e-12,0.0,0.0,1.432409746371377e-12,1.0,-1.0842019685370038e-16,-8.999563797681169e-24,0.0,0.0,0.0,0.00017455977832579023
2026-08-22T03:28:08.223838,4.41,-8.061277867566567e-15,-9.0042922025068e-26,0.0,8.061557328353788e-07,0.0,0.0,4.0307786641767837e-07,0.9999999999999187,-1.0332156225559516e-16,-9.008479188448306e-24,0.0,0.0,0.0,1.911364097589529e-05
2026-08-22T03:28:08.240355,4.43,-8.063272982429616e-15,-8.461067820693457e-26,0.0,1.285847708309973e-07,0.0,0.0,6.42923854154986e-08,0.9999999999999979,-9.902130479700668e-17,-8.464408158308504e-24,0.0,0.0,0.0,-0.00040508442346087704
2026-08-22T03:28:08.278244,4.45,-8.06518135872352e-15,-5.97329897967695e-26,0.0,3.666813563896199e-08,0.0,0.0,1.8334067819480993e-08,0.9999999999999998,-9.472058995682283e-17,-5.9722416509587275e-24,0.0,0.0,0.0,-0.0004508584379658307
2026-08-22T03:28:08.299922,4.47,-8.067046229434618e-15,-3.431147763524537e-26,0.0,2.2351859674252235e-06,0.0,0.0,1.1175929837123792e-06,0.9999999999993755,-8.605558041880786e-17,-3.425395444906019e-24,0.0,0.0,0.0,0.0002718529001045278
2026-08-22T03:28:08.316272,4.49,-8.068911234742721e-15,-3.283834177559185e-26,0.0,-4.63185618748696e-08,0.0,0.0,-2.3159280937434797e-08,0.9999999999999998,-8.175431615807524e-17,-3.277396470068622e-24,0.0,0.0,0.0,6.0976883922700124e-05
2026-08-22T03:28:08.357769,4.51,-8.070646269127885e-15,-3.485885731798872e-26,0.0,-1.2698650975195847e-06,0.0,0.0,-6.349325487597497e-07,0.9999999999997984,-8.181648461355892e-17,-3.480189073853368e-24,0.0,0.0,0.0,0.00024379521565140187
2026-08-22T03:28:08.374247,4.53,-8.072424667712879e-15,-5.210001954229824e-26,0.0,-5.764843726829839e-07,0.0,0.0,-2.8824218634148793e-07,0.9999999999999585,-8.187789734217556e-17,-5.2076291680067275e-24,0.0,0.0,0.0,0.00012087827000022264
2026-08-22T03:28:08.411404,4.55,-8.074333302037355e-15,-5.9933395002252e-26,0.0,1.0271516686088944e-06,0.0,0.0,5.135758343044246e-07,0.9999999999998681,-8.630242736965143e-17,-5.992394673092769e-24,0.0,0.0,0.0,8.977454595602483e-05
2026-08-22T03:28:08.432889,4.57,-8.076024684879123e-15,-5.75648187273536e-26,0.0,2.6267485413455915e-06,0.0,0.0,1.3133742706724182e-06,0.9999999999991376,-7.763425279024617e-17,-5.754941859942695e-24,0.0,0.0,0.0,-2.149976858178634e-05
2026-08-22T03:28:08.454562,4.59,-8.078150559613413e-15,-3.5843288732390075e-26,0.0,8.646964135827773e-07,0.0,0.0,4.323482067913752e-07,0.9999999999999065,-9.514927719679303e-17,-3.578562006255709e-24,0.0,0.0,0.0,0.0003315069214128286
2026-08-22T03:28:08.476074,4.61,-8.079711692628725e-15,-4.902182906169731e-26,0.0,-2.4678211754114443e-06,0.0,0.0,-1.233910587705409e-06,0.9999999999992387,-8.211507686969553e-17,-4.899063323989673e-24,0.0,0.0,0.0,-0.00022694997759966227
2026-08-22T03:28:08.493593,4.63,-8.081359968175646e-15,-4.9420002191679033e-26,0.0,1.6399202680261737e-06,0.0,0.0,8.19960134012995e-07,0.9999999999996638,-8.217278184969195e-17,-4.9395085941621966e-24,0.0,0.0,0.0,0.0002042191849591925
2026-08-22T03:28:08.527325,4.65,-8.082791129448827e-15,-5.118832996624483e-26,0.0,-2.5001999830465134e-06,0.0,0.0,-1.2500999915229312e-06,0.9999999999992186,-7.350201085905502e-17,-5.116120761744412e-24,0.0,0.0,0.0,3.145680724371189e-05
2026-08-22T03:28:08.550394,4.67,-8.084439401290582e-15,-6.466947887561754e-26,0.0,2.551916117532471e-06,0.0,0.0,1.2759580587658894e-06,0.999999999999186,-7.355898781954011e-17,-6.467227359378532e-24,0.0,0.0,0.0,0.000268489621181709
2026-08-22T03:28:08.571783,4.69,-8.08617467710844e-15,-5.982956683982753e-26,0.0,-6.769566960329598e-07,0.0,0.0,-3.3847834801647345e-07,0.9999999999999427,-8.234308158753015e-17,-5.98169794896582e-24,0.0,0.0,0.0,-0.00048398174997972137
2026-08-22T03:28:08.593956,4.71,-8.087605692543129e-15,-3.8781946638178115e-26,0.0,5.371070530557631e-07,0.0,0.0,2.6855352652787833e-07,0.9999999999999639,-6.930629535159448e-17,-3.873577318565007e-24,0.0,0.0,0.0,-0.00017842435660113946
2026-08-22T03:28:08.612435,4.73,-8.088993611780699e-15,-2.851721843061942e-26,0.0,2.5767158318146244e-07,0.0,0.0,1.2883579159073087e-07,0.9999999999999917,-6.499761254459298e-17,-2.845060902654987e-24,0.0,0.0,0.0,0.00021717391328455532
2026-08-22T03:28:08.655058,4.75,-8.090381664998695e-15,-3.4325094592327746e-26,0.0,-3.95609702374955e-06,0.0,0.0,-1.9780485118734848e-06,0.9999999999980437,-6.505251266903926e-17,-3.42691051421875e-24,0.0,0.0,0.0,-8.136697558684442e-05
2026-08-22T03:28:08.674519,4.77,-8.092030194325484e-15,-5.263858925220816e-26,0.0,3.018975164081895e-06,0.0,0.0,1.5094875820403738e-06,0.9999999999988607,-7.3834577688077e-17,-5.2622235262872186e-24,0.0,0.0,0.0,3.254904251909625e-05
2026-08-22T03:28:08.697846,4.79,-8.093331230725966e-15,-4.177980916321511e-26,0.0,2.6092741762795413e-06,0.0,0.0,1.3046370881394005e-06,0.999999999999149,-6.515963228172639e-17,-4.173620041068383e-24,0.0,0.0,0.0,0.00016904331233399798
2026-08-22T03:28:08.724361,4.8,-8.094002898474891e-15,-4.455293704637969e-31,0.0,3.582467655860455e-12,0.0,0.0,1.7912338279302276e-12,1.0,-6.938892233317883e-17,-3.60991751121846e-24,0.0,0.0,0.0,-6.91485145024681e-05
2026-08-22T03:28:08.749493,4.83,-8.096063945652534e-15,-3.9620504207357914e-26,0.0,1.3827808347244286e-06,0.0,0.0,6.913904173621592e-07,0.999999999999761,-6.526476539959879e-17,-3.957693461563442e-24,0.0,0.0,0.0,3.3600544531575135e-05
2026-08-22T03:28:08.778068,4.85,-8.097408614389898e-15,-3.406948824640143e-26,0.0,8.342818231810157e-07,0.0,0.0,4.171409115904957e-07,0.999999999999913,-6.531636511333558e-17,-3.401402317442654e-24,0.0,0.0,0.0,0.00013287487114122757
2026-08-22T03:28:08.799880,4.88,-8.09964074992564e-15,-1.0609386971160137e-30,0.0,6.847855615887966e-13,0.0,0.0,3.423927807943983e-13,1.0,-6.938894917003181e-17,-2.2014724396275206e-24,0.0,0.0,0.0,-0.00010165522717125422
2026-08-22T03:28:08.817582,4.89,-8.100314777925159e-15,-2.193908861245211e-26,0.0,-2.4628575512330997e-06,0.0,0.0,-1.2314287756162386e-06,0.9999999999992418,-6.541665073375297e-17,-2.1861683844713278e-24,0.0,0.0,0.0,-0.00025158312659523526
2026-08-22T03:28:08.849474,4.91,-8.101659436790045e-15,-2.2011531910163088e-26,0.0,-1.0387850970516863e-06,0.0,0.0,-5.193925485258199e-07,0.9999999999998651,-6.546634101403914e-17,-2.193922107958664e-24,0.0,0.0,0.0,0.00010666542354054124
2026-08-22T03:28:08.869972,4.93,-8.102830349425196e-15,-2.8600646868675064e-26,0.0,-1.18631650503076e-06,0.0,0.0,-5.931582525153452e-07,0.999999999999824,-5.678755541782779e-17,-2.8538948285805452e-24,0.0,0.0,0.0,-0.0001849306001204422
2026-08-22T03:28:08.913213,4.95,-8.103871293563238e-15,-2.535395828982094e-26,0.0,5.304003476425124e-07,0.0,0.0,2.6520017382125303e-07,0.9999999999999648,-5.2472761423513846e-17,-2.5287235295176965e-24,0.0,0.0,0.0,0.00010372304564419625
2026-08-22T03:28:08.938302,4.98,-8.105755650071671e-15,-2.7638484701087063e-31,0.0,-3.7259084706420253e-13,0.0,0.0,-1.8629542353210127e-13,1.0,-5.637851507925154e-17,-2.1347552279161607e-24,0.0,0.0,0.0,-6.655921477445374e-05
2026-08-22T03:28:08.981982,5.01,-8.107384693745299e-15,-1.7588112747969534e-26,0.0,4.042507377732818e-07,0.0,0.0,2.0212536888663952e-07,0.9999999999999796,-4.825300669256173e-17,-1.750782269060281e-24,0.0,0.0,0.0,-0.0003312878814751822
2026-08-22T03:28:09.003689,5.03,-8.108555869146201e-15,-6.306419825420932e-27,0.0,-1.1289948087522816e-07,0.0,0.0,-5.644974043761405e-08,0.9999999999999984,-4.830044768842805e-17,-6.205449232990999e-25,0.0,0.0,0.0,0.00021927038793174584
2026-08-22T03:28:09.033188,5.05,-8.109553433840507e-15,-1.2019465822124341e-26,0.0,7.859010398014732e-07,0.0,0.0,3.929505199007265e-07,0.9999999999999228,-4.3983347647417e-17,-1.192931911165627e-24,0.0,0.0,0.0,9.705427890538236e-05
2026-08-22T03:28:09.049104,5.07,-8.110638004681943e-15,-1.0829613398415661e-26,0.0,-5.251216834700756e-07,0.0,0.0,-2.625608417350348e-07,0.9999999999999656,-4.8393915706060524e-17,-1.073742962993697e-24,0.0,0.0,0.0,-0.00011054152952616697
2026-08-22T03:28:09.066489,5.09,-8.111809307325798e-15,-9.3126030484999e-27,0.0,1.5508082942261579e-06,0.0,0.0,7.754041471130013e-07,0.9999999999996994,-5.280358347271108e-17,-9.21965401944667e-25,0.0,0.0,0.0,5.794899219763076e-05
2026-08-22T03:28:09.102964,5.11,-8.112719989834515e-15,-6.449217737181831e-27,0.0,-3.407033974944796e-07,0.0,0.0,-1.7035169874723895e-07,0.9999999999999855,-4.412044653787222e-17,-6.349931272541798e-25,0.0,0.0,0.0,-0.00044371452721078257
2026-08-22T03:28:09.123158,5.13,-8.113674312034457e-15,3.9374761819047226e-27,0.0,-1.6823708803848096e-06,0.0,0.0,-8.411854401923054e-07,0.9999999999996462,-4.4165338594044177e-17,4.053400146658842e-25,0.0,0.0,0.0,2.9105654048779844e-05
2026-08-22T03:28:09.157394,5.16,-8.11533999732365e-15,-7.723919189826071e-31,0.0,4.4786396813378815e-12,0.0,0.0,2.2393198406689407e-12,1.0,-5.2041707925032516e-17,3.9016599331486054e-25,0.0,0.0,0.0,0.0001164256469574679
2026-08-22T03:28:09.176954,5.17,-8.115843288145262e-15,4.015807555865837e-27,0.0,-1.532078219401711e-06,0.0,0.0,-7.660391097007807e-07,0.9999999999997066,-4.8616456397537474e-17,4.1342721780354017e-25,0.0,0.0,0.0,0.0004872480647868464
2026-08-22T03:28:09.192986,5.19,-8.116797464615777e-15,-1.338807345422948e-26,0.0,9.315868063630717e-07,0.0,0.0,4.65793403181519e-07,0.9999999999998915,-4.4295389715334086e-17,-1.3306306939759863e-24,0.0,0.0,0.0,0.00021506711473479883
2026-08-22T03:28:09.226920,5.21,-8.117708272173732e-15,-1.5329003152355638e-26,0.0,4.829585988908037e-07,0.0,0.0,2.414792994453995e-07,0.9999999999999708,-3.997413621861881e-17,-1.5250411980007964e-24,0.0,0.0,0.0,-0.00014131987193649238
2026-08-22T03:28:09.240718,5.23,-8.11840210262756e-15,-1.0528777746249459e-26,0.0,3.1083527884945283e-06,0.0,0.0,1.5541763942466384e-06,0.9999999999987923,-3.128870991364125e-17,-1.0442516108403073e-24,0.0,0.0,0.0,-0.00017724644152649884
2026-08-22T03:28:09.271182,5.25,-8.119356549407804e-15,4.613988879199191e-27,0.0,2.5632597822067287e-06,0.0,0.0,1.2816298911030132e-06,0.9999999999991787,-3.569536560006288e-17,4.729144996806978e-25,0.0,0.0,0.0,0.00011353821313219041
2026-08-22T03:28:09.290918,5.28,-8.120847744361863e-15,2.4911573714553104e-31,0.0,2.824407374646398e-13,0.0,0.0,1.412203687323199e-13,1.0,-4.336809133967268e-17,1.1395665955813143e-24,0.0,0.0,0.0,5.971963153048861e-05
2026-08-22T03:28:09.309424,5.29,-8.12126529216742e-15,1.1519800932914197e-26,0.0,2.399572174738296e-06,0.0,0.0,1.1997860873688602e-06,0.9999999999992802,-4.014146977168617e-17,1.1644660696125968e-24,0.0,0.0,0.0,-0.00012420910799395041
2026-08-22T03:28:09.346031,5.31,-8.122263095909036e-15,2.2773526900901873e-26,0.0,-3.836408603685725e-06,0.0,0.0,-1.9182043018416864e-06,0.9999999999981602,-4.454589169316648e-17,2.2919865573626284e-24,0.0,0.0,0.0,4.553407938065636e-05
2026-08-22T03:28:09.363150,5.33,-8.122870039906465e-15,1.6286235260607857e-26,0.0,1.5432670705806122e-06,0.0,0.0,7.716335352902293e-07,0.9999999999997022,-3.149354398074619e-17,1.6416352672827298e-24,0.0,0.0,0.0,-3.211547688691631e-05
2026-08-22T03:28:09.399716,5.35,-8.123651001577736e-15,2.1119836818769415e-26,0.0,-4.362932831458722e-06,0.0,0.0,-2.1814664157276306e-06,0.9999999999976206,-3.5897643071382395e-17,2.1260484687451606e-24,0.0,0.0,0.0,0.00029201786009483107
2026-08-22T03:28:09.419646,5.37,-8.124431823723187e-15,4.254037065807139e-27,0.0,1.6530243787116208e-06,0.0,0.0,8.265121893557162e-07,0.9999999999996584,-3.593694607705606e-17,4.359486503197142e-25,0.0,0.0,0.0,-6.476091591291143e-05
2026-08-22T03:28:09.441581,5.39,-8.125299515336549e-15,1.0703178059121936e-26,0.0,-1.2533049762453177e-06,0.0,0.0,-6.266524881226177e-07,0.9999999999998036,-4.033974245625248e-17,1.0822571721665236e-24,0.0,0.0,0.0,-6.836472113521155e-05
2026-08-22T03:28:09.466326,5.4,-8.125661601966693e-15,1.9512167431417382e-31,0.0,-1.6142642778049776e-12,0.0,0.0,-8.071321389024888e-13,1.0,-4.336807493751676e-17,9.494848036957425e-25,0.0,0.0,0.0,3.79649820519136e-05
2026-08-22T03:28:09.485439,5.43,-8.126687264023764e-15,8.700373169301107e-27,0.0,5.080852596428543e-07,0.0,0.0,2.5404262982142436e-07,0.9999999999999677,-2.732324566777674e-17,8.813615642816189e-25,0.0,0.0,0.0,0.0003035892690717543
2026-08-22T03:28:09.522155,5.45,-8.127555087409465e-15,6.062352801948901e-27,0.0,8.857457136635106e-07,0.0,0.0,4.428728568317408e-07,0.999999999999902,-3.608927443452004e-17,6.170444428308779e-25,0.0,0.0,0.0,0.00014258069737481773
2026-08-22T03:28:09.543186,5.46,-8.127830006333932e-15,1.2353616283097766e-31,0.0,1.9260149031197216e-12,0.0,0.0,9.630074515598608e-13,1.0,-3.469446646355952e-17,4.827092402521457e-25,0.0,0.0,0.0,-4.0745079014876094e-05
2026-08-22T03:28:09.563905,5.49,-8.129073474919542e-15,6.525459017567618e-27,0.0,3.4008299398813335e-06,0.0,0.0,1.7004149699398473e-06,0.9999999999985543,-4.052696756510802e-17,6.631475227810445e-25,0.0,0.0,0.0,-0.00017574466217780155
2026-08-22T03:28:09.608809,5.51,-8.129680534878705e-15,1.5930507436350197e-26,0.0,-2.6525351199957466e-06,0.0,0.0,-1.3262675599974847e-06,0.9999999999991205,-3.18346207504581e-17,1.6055277398752664e-24,0.0,0.0,0.0,0.00016094207418947587
2026-08-22T03:28:09.623221,5.53,-8.130504843478906e-15,5.4962899168989274e-27,0.0,1.1879085821675515e-06,0.0,0.0,5.939542910837409e-07,0.9999999999998236,-3.6234483935370584e-17,5.59805875010305e-25,0.0,0.0,0.0,-0.00022893559383646366
2026-08-22T03:28:09.670759,5.55,-8.130981660326545e-15,1.1760489075430203e-26,0.0,1.0603890459037755e-06,0.0,0.0,5.30194522951863e-07,0.9999999999998594,-2.31775671053252e-17,1.1874665500615888e-24,0.0,0.0,0.0,-0.00020956252380547002
2026-08-22T03:28:09.689973,5.57,-8.1318494717397e-15,1.8350053184094323e-26,0.0,-2.50210245678062e-06,0.0,0.0,-1.2510512283899834e-06,0.9999999999992174,-3.1941227396715676e-17,1.84755219035812e-24,0.0,0.0,0.0,3.22963688211543e-05
2026-08-22T03:28:09.711416,5.59,-8.132369926049893e-15,1.4403135579504267e-26,0.0,-1.2728873644007876e-07,0.0,0.0,-6.364436822003934e-08,0.999999999999998,-2.7611781071904546e-17,1.4519165630076215e-24,0.0,0.0,0.0,-8.447634274872027e-05
2026-08-22T03:28:09.744843,5.61,-8.1331074914936e-15,1.5486833554023674e-26,0.0,1.4412830893206774e-06,0.0,0.0,7.206415446602763e-07,0.9999999999997403,-3.2010234715961783e-17,1.5604807617199975e-24,0.0,0.0,0.0,0.00016424810043233026
2026-08-22T03:28:09.770038,5.63,-8.133541069127591e-15,1.4086215056652928e-26,0.0,1.7675173733522342e-06,0.0,0.0,8.83758686676002e-07,0.9999999999996095,-2.331590540870212e-17,1.420143710612655e-24,0.0,0.0,0.0,0.0001288205609262709
2026-08-22T03:28:09.793293,5.65,-8.134235263794863e-15,1.7234113387740842e-26,0.0,-1.980567221337992e-07,0.0,0.0,-9.902836106689945e-08,0.9999999999999951,-2.7713842832733897e-17,1.7354679147338694e-24,0.0,0.0,0.0,0.00014074873701060093
2026-08-22T03:28:09.811159,5.67,-8.134712342923823e-15,1.4871591412444187e-26,0.0,1.3853162159627177e-06,0.0,0.0,6.926581079813034e-07,0.9999999999997601,-2.338301667955969e-17,1.4985986512553136e-24,0.0,0.0,0.0,-0.00010931733257238128
2026-08-22T03:28:09.825926,5.69,-8.135580277814441e-15,2.1092523547747233e-26,0.0,-3.708557449133565e-06,0.0,0.0,-1.8542787245657198e-06,0.9999999999982808,-3.65081506490114e-17,2.1218183085814265e-24,0.0,0.0,0.0,-9.328532738348585e-05
2026-08-22T03:28:09.858441,5.71,-8.136143949802077e-15,1.7512478608499247e-26,0.0,2.2017761254211625e-06,0.0,0.0,1.1008880627103587e-06,0.999999999999394,-2.781181392224255e-17,1.7628448755788075e-24,0.0,0.0,0.0,0.0001877213069065114
2026-08-22T03:28:09.874625,5.73,-8.136794494519785e-15,1.9895660722433277e-26,0.0,5.622897902846091e-07,0.0,0.0,2.8114489514230086e-07,0.9999999999999605,-2.3479735750512928e-17,2.0017666066043954e-24,0.0,0.0,0.0,2.543672884977441e-05
2026-08-22T03:28:09.906931,5.75,-8.137228198908557e-15,2.0349647000167214e-26,0.0,2.857481185003508e-07,0.0,0.0,1.428740592501749e-07,0.9999999999999898,-1.914760496849005e-17,2.0470874897532294e-24,0.0,0.0,0.0,-8.434843603336728e-05
2026-08-22T03:28:09.928447,5.77,-8.137705542953197e-15,2.1697648206158984e-26,0.0,-4.7523057489229364e-07,0.0,0.0,-2.3761528744614457e-07,0.9999999999999718,-2.354344840094459e-17,2.18203179468514e-24,0.0,0.0,0.0,-0.0001460921209585617
2026-08-22T03:28:09.948546,5.79,-8.138139379448655e-15,2.2997579630259573e-26,0.0,-5.126834579094464e-07,0.0,0.0,-2.563417289547204e-07,0.9999999999999671,-2.3574551823703682e-17,2.3121464122222074e-24,0.0,0.0,0.0,0.0002400251521459924
2026-08-22T03:28:09.975388,5.8100000000000005,-8.138486205621041e-15,1.932382910464469e-26,0.0,1.8584424545942117e-06,0.0,0.0,9.292212272969719e-07,0.9999999999995682,-1.4877221349807963e-17,1.9440131295718463e-24,0.0,0.0,0.0,4.0102175526428085e-05
2026-08-22T03:28:09.997983,5.83,-8.138963545339569e-15,2.2480135435826758e-26,0.0,-8.19723068534728e-07,0.0,0.0,-4.0986153426735245e-07,0.999999999999916,-1.9272229921558108e-17,2.2602121573463362e-24,0.0,0.0,0.0,0.0004024504432042227
2026-08-22T03:28:10.027992,5.85,-8.139484249909496e-15,1.667066281319437e-26,0.0,-4.675635310036342e-07,0.0,0.0,-2.3378176550181495e-07,0.9999999999999727,-2.366653502038771e-17,1.6780454849864336e-24,0.0,0.0,0.0,0.00017045787550661946
2026-08-22T03:28:10.049371,5.87,-8.140135055057179e-15,1.3375835510834772e-26,0.0,-2.1038160982200793e-06,0.0,0.0,-1.0519080491098457e-06,0.9999999999994468,-2.806012088144507e-17,1.34784698760078e-24,0.0,0.0,0.0,-1.3350621980143793e-05
2026-08-22T03:28:10.067818,5.89,-8.140525240241283e-15,1.1663587282613134e-26,0.0,-1.4294475008114207e-06,0.0,0.0,-7.147237504056494e-07,0.9999999999997445,-1.936092767861325e-17,1.1761600239883215e-24,0.0,0.0,0.0,-7.347669870110874e-06
2026-08-22T03:28:10.088166,5.9,-8.14079706417145e-15,2.0281517163940113e-31,0.0,-1.2523315717771766e-12,0.0,0.0,-6.261657858885883e-13,1.0,-2.1684034274079822e-17,9.301164106682782e-25,0.0,0.0,0.0,0.00011873840974949226
2026-08-22T03:28:10.106942,5.93,-8.141306019406916e-15,1.2539991042302704e-26,0.0,3.6289236948761067e-07,0.0,0.0,1.8144618474380436e-07,0.9999999999999836,-1.5054852103432955e-17,1.2638994297945202e-24,0.0,0.0,0.0,-0.00043591543032339003
2026-08-22T03:28:10.135931,5.95,-8.141913588330606e-15,1.7084217048977406e-26,0.0,-1.918384427757047e-06,0.0,0.0,-9.591922138783764e-07,0.9999999999995399,-2.3811675455427497e-17,1.7190338701139768e-24,0.0,0.0,0.0,-9.717647217895985e-05
2026-08-22T03:28:10.156175,5.97,-8.14226067217622e-15,1.7061156267377283e-26,0.0,1.6221577086028564e-06,0.0,0.0,8.110788543013391e-07,0.999999999999671,-2.3839427312068743e-17,1.716616549237613e-24,0.0,0.0,0.0,9.920807209235444e-05
2026-08-22T03:28:10.175201,5.99,-8.14260748159997e-15,1.7306633570866943e-26,0.0,-1.8457064885346601e-06,0.0,0.0,-9.228532442671989e-07,0.9999999999995741,-1.5138764477555968e-17,1.7412450526138466e-24,0.0,0.0,0.0,6.713044459977555e-05
2026-08-22T03:28:10.203679,6.01,-8.143041436930743e-15,1.3839988224751473e-26,0.0,-8.935424471445685e-07,0.0,0.0,-4.467712235722694e-07,0.9999999999999002,-1.9530504224750053e-17,1.393765370447771e-24,0.0,0.0,0.0,-9.563540969990793e-05
2026-08-22T03:28:10.222020,6.03,-8.143431885066713e-15,1.3864433360535123e-26,0.0,-2.8440348760483403e-06,0.0,0.0,-1.422017438023691e-06,0.9999999999989889,-1.9557553153864874e-17,1.3961535785188341e-24,0.0,0.0,0.0,-5.768442641738899e-05
2026-08-22T03:28:10.261139,6.05,-8.143822331356418e-15,1.1139174792163676e-26,0.0,1.024376884650735e-06,0.0,0.0,5.121884423253451e-07,0.9999999999998689,-1.9584254515217e-17,1.122990299214331e-24,0.0,0.0,0.0,-0.00016055711068052911
2026-08-22T03:28:10.282822,6.07,-8.144125903761365e-15,1.3818291711769168e-26,0.0,-7.217578614771016e-07,0.0,0.0,-3.6087893073854287e-07,0.9999999999999348,-1.5246592150067125e-17,1.3914383310299484e-24,0.0,0.0,0.0,-0.00010195894803100198
2026-08-22T03:28:10.294963,6.09,-8.144516348246719e-15,1.3674129054653834e-26,0.0,7.664934500439814e-07,0.0,0.0,3.8324672502198127e-07,0.9999999999999266,-1.5272963000372573e-17,1.3768832137809654e-24,0.0,0.0,0.0,0.00021342925205027752
2026-08-22T03:28:10.327866,6.11,-8.144863423227384e-15,1.2872150294673612e-26,0.0,3.0537829385224317e-06,0.0,0.0,1.5268914692606223e-06,0.9999999999988343,-1.5299011264713944e-17,1.296517934089833e-24,0.0,0.0,0.0,0.00014011602138665097
2026-08-22T03:28:10.345830,6.13,-8.145297368753607e-15,1.6580408395991947e-26,0.0,2.1224464283875477e-06,0.0,0.0,1.0612232141935746e-06,0.9999999999994369,-1.9688764093243278e-17,1.6680407618415767e-24,0.0,0.0,0.0,-0.00019228522333906842
2026-08-22T03:28:10.377742,6.15,-8.145774679196418e-15,2.2019227264402953e-26,0.0,3.6405572485520565e-06,0.0,0.0,1.820278624275023e-06,0.9999999999983433,-2.4077861179308743e-17,2.2128184444462342e-24,0.0,0.0,0.0,0.0002685382449951552
2026-08-22T03:28:10.409151,6.17,-8.146208346083818e-15,2.3082450903293007e-26,0.0,-6.888532730897623e-07,0.0,0.0,-3.444266365448743e-07,0.9999999999999407,-1.9738238840532942e-17,2.319327458010263e-24,0.0,0.0,0.0,-0.00012459264042582855
2026-08-22T03:28:10.434785,6.19,-8.146511908753946e-15,2.3793741726161044e-26,0.0,-6.87315113712117e-07,0.0,0.0,-3.436575568560517e-07,0.9999999999999409,-1.539863385927563e-17,2.390366998670937e-24,0.0,0.0,0.0,6.234687679860653e-05
2026-08-22T03:28:10.452061,6.2,-8.146651756015265e-15,1.9490504976433427e-31,0.0,-5.3734794391857577e-14,0.0,0.0,-2.6867397195928788e-14,1.0,-2.1684027188016298e-17,2.231580912321061e-24,0.0,0.0,0.0,-0.0003314459473374348
2026-08-22T03:28:10.474303,6.23,-8.147119303484078e-15,1.9266043734988212e-26,0.0,3.008163418360965e-06,0.0,0.0,1.5040817091799155e-06,0.9999999999988689,-1.544692760447073e-17,1.9365347576517755e-24,0.0,0.0,0.0,0.0005638158961523672
2026-08-22T03:28:10.501207,6.25,-8.147292622843552e-15,1.569473797359588e-26,0.0,-3.5422227506742843e-07,0.0,0.0,-1.771111375337133e-07,0.9999999999999843,-6.7427171191134574e-18,1.5787582409416152e-24,0.0,0.0,0.0,5.8212015576323533e-05
2026-08-22T03:28:10.518726,6.27,-8.147813432906625e-15,1.4628273281367232e-26,0.0,1.4685120395263596e-06,0.0,0.0,7.342560197631138e-07,0.9999999999997304,-1.5495024818328133e-17,1.4718107137576587e-24,0.0,0.0,0.0,1.02678391904289e-05
2026-08-22T03:28:10.543713,6.29,-8.148117126265851e-15,1.5911562548401776e-26,0.0,-1.665358989821897e-06,0.0,0.0,-8.326794949108521e-07,0.9999999999996533,-1.5518305477023484e-17,1.6003490224651043e-24,0.0,0.0,0.0,0.00026689903235808737
2026-08-22T03:28:10.562781,6.31,-8.148290441285348e-15,1.2935398801553907e-26,0.0,-2.58686987342216e-06,0.0,0.0,-1.2934349367107192e-06,0.9999999999991636,-6.813205317990482e-18,1.302049641194568e-24,0.0,0.0,0.0,7.587080553465706e-05
2026-08-22T03:28:10.580342,6.33,-8.1486376386004e-15,8.670129618209171e-27,0.0,8.292963538103494e-07,0.0,0.0,4.146481769051628e-07,0.9999999999999141,-1.120059405333765e-17,8.74638970877229e-25,0.0,0.0,0.0,-0.00030247481988535693
2026-08-22T03:28:10.606405,6.35,-8.149071569328243e-15,1.2096318218275501e-26,0.0,-9.614755480669144e-07,0.0,0.0,-4.807377740334388e-07,0.9999999999998844,-1.558737421359892e-17,1.217875720349869e-24,0.0,0.0,0.0,0.00017659467129499683
2026-08-22T03:28:10.624682,6.37,-8.149288384446813e-15,1.0108621575955435e-26,0.0,-2.2352409336789947e-06,0.0,0.0,-1.1176204668392646e-06,0.9999999999993755,-1.1245450328007678e-17,1.018666157622326e-24,0.0,0.0,0.0,0.0001190544985144688
2026-08-22T03:28:10.640289,6.39,-8.149548703669307e-15,7.411997806301066e-27,0.0,-1.5528219479143957e-06,0.0,0.0,-7.764109739571198e-07,0.9999999999996986,-1.126761209828909e-17,7.484175960831934e-25,0.0,0.0,0.0,-0.00010109400372424862
2026-08-22T03:28:10.674473,6.41,-8.149765653606273e-15,7.117278473405886e-27,0.0,-2.342116029563357e-06,0.0,0.0,-1.1710580147814108e-06,0.9999999999993143,-1.128950378763639e-17,7.1883662442523685e-25,0.0,0.0,0.0,1.1372122810603482e-05
2026-08-22T03:28:10.692326,6.43,-8.150069474387408e-15,4.7312116150452284e-27,0.0,-2.100195575671649e-06,0.0,0.0,-1.0500977878356313e-06,0.9999999999994487,-1.567515976275036e-17,4.7970685220484795e-25,0.0,0.0,0.0,0.00017862264148851535
2026-08-22T03:28:10.731744,6.45,-8.150329788076387e-15,1.961806915689572e-27,0.0,1.6465668295495564e-07,0.0,0.0,8.232834147747771e-08,0.9999999999999966,-1.569617146913369e-17,2.0221249525164256e-25,0.0,0.0,0.0,0.00018576551295131137
2026-08-22T03:28:10.750828,6.47,-8.150720204436472e-15,7.729557640271569e-28,0.0,5.394254043444846e-07,0.0,0.0,2.69712702172239e-07,0.9999999999999636,-1.5716912962631947e-17,8.311075037511829e-26,0.0,0.0,0.0,0.00020839130136017015
2026-08-22T03:28:10.771484,6.49,-8.150980379311459e-15,-4.127027557796536e-28,0.0,7.372820363116261e-07,0.0,0.0,3.686410181558047e-07,0.999999999999932,-1.137335334712437e-17,-3.572218970711301e-26,0.0,0.0,0.0,0.0002935704885206117
2026-08-22T03:28:10.797749,6.51,-8.151370930869555e-15,-8.594432282244955e-28,0.0,-3.6284924163076945e-06,0.0,0.0,-1.8142462081528516e-06,0.9999999999983542,-1.5757951644914152e-17,-8.049459876215274e-26,0.0,0.0,0.0,-1.5552508797990775e-05
2026-08-22T03:28:10.813580,6.53,-8.151587599049972e-15,-2.837868817137825e-27,0.0,4.111135263329402e-07,0.0,0.0,2.0555676316646864e-07,0.9999999999999789,-7.049844623963642e-18,-2.788324455793292e-25,0.0,0.0,0.0,7.028164250469043e-05
2026-08-22T03:28:10.852485,6.55,-8.151804541267954e-15,-2.4574944328621496e-27,0.0,1.7460710730610176e-06,0.0,0.0,8.730355365303978e-07,0.9999999999996189,-7.070227219569951e-18,-2.4071318203568884e-25,0.0,0.0,0.0,-2.3183953356127466e-05
2026-08-22T03:28:10.869470,6.57,-8.152151722744787e-15,5.749426132195835e-28,0.0,7.389024632153964e-07,0.0,0.0,3.694512316076897e-07,0.9999999999999317,-1.1454413636979812e-17,6.308409821762772e-26,0.0,0.0,0.0,-4.4039607245794165e-05
2026-08-22T03:28:10.898075,6.59,-8.152542269527026e-15,2.192064655367434e-27,0.0,5.7230913297345865e-06,0.0,0.0,2.861545664863388e-06,0.9999999999959058,-1.5838013401133117e-17,2.250433137180666e-25,0.0,0.0,0.0,-0.00010182319966859244
2026-08-22T03:28:10.912500,6.61,-8.152759068853314e-15,6.2028055046278006e-27,0.0,2.5070774696267506e-06,0.0,0.0,1.253538734813047e-06,0.9999999999992143,-1.1492939751739751e-17,6.269085720711969e-25,0.0,0.0,0.0,0.00032952927086271237
2026-08-22T03:28:10.929527,6.63,-8.152845764174519e-15,4.257109899928064e-27,0.0,-8.555485031536136e-08,0.0,0.0,-4.277742515768067e-08,0.9999999999999991,-7.147951918828702e-18,4.318609287411266e-25,0.0,0.0,0.0,-0.0001581857469655691
2026-08-22T03:28:10.959281,6.65,-8.153019332167188e-15,4.9378327454774224e-27,0.0,-2.324784590168605e-06,0.0,0.0,-1.1623922950840407e-06,0.9999999999993244,-7.167111175243973e-18,4.999762523365703e-25,0.0,0.0,0.0,-0.00010344130611927236
2026-08-22T03:28:10.974975,6.67,-8.153323139482307e-15,2.4880939139705077e-27,0.0,1.4443541083153375e-06,0.0,0.0,7.221770541576061e-07,0.9999999999997392,-1.155008263663268e-17,2.5445415872203373e-25,0.0,0.0,0.0,0.00024355694670879244
2026-08-22T03:28:10.989058,6.69,-8.153496567609233e-15,1.8480802343162803e-27,0.0,-2.622786190453752e-06,0.0,0.0,-1.3113930952265e-06,0.9999999999991401,-7.204395171481412e-18,1.9035616533063398e-25,0.0,0.0,0.0,-0.00023261264935147818
2026-08-22T03:28:11.026024,6.71,-8.15367013214615e-15,1.2346316511823434e-27,0.0,6.013452980013767e-08,0.0,0.0,3.006726490006883e-08,0.9999999999999996,-7.222845934974304e-18,1.2879732555759136e-25,0.0,0.0,0.0,0.0001632293930382479
2026-08-22T03:28:11.045279,6.73,-8.153930431726983e-15,8.66950695711976e-28,0.0,-2.6840590816590297e-06,0.0,0.0,-1.3420295408291119e-06,0.9999999999990995,-7.241075059410283e-18,9.196360300260266e-26,0.0,0.0,0.0,0.0003675597295683704
2026-08-22T03:28:11.081729,6.75,-8.154017121867344e-15,-1.0267377439125477e-27,0.0,-1.3749713607680294e-06,0.0,0.0,-6.874856803839605e-07,0.9999999999997636,-2.895029380051301e-18,-9.782270047518444e-26,0.0,0.0,0.0,-5.3258806109279084e-05
2026-08-22T03:28:11.100848,6.77,-8.154234188846868e-15,-2.140660954077221e-27,0.0,8.756097917839157e-07,0.0,0.0,4.3780489589194384e-07,0.9999999999999042,-7.27718149713839e-18,-2.094640461244468e-25,0.0,0.0,0.0,4.569206981695235e-05
2026-08-22T03:28:11.121307,6.79,-8.15432101298081e-15,-1.97717745154831e-27,0.0,1.3009376824690835e-06,0.0,0.0,6.504688412344958e-07,0.9999999999997884,-7.294734390354751e-18,-1.9308977851974718e-25,0.0,0.0,0.0,-4.586468929656902e-05
2026-08-22T03:28:11.142156,6.8100000000000005,-8.154624812208707e-15,7.801825035575571e-29,0.0,-2.382155000368868e-06,0.0,0.0,-1.1910775001841526e-06,0.9999999999992907,-1.1676105763750632e-17,1.2789155736806355e-26,0.0,0.0,0.0,0.0002513922100593659
2026-08-22T03:28:11.161326,6.83,-8.154841736662714e-15,-2.8351159374020196e-27,0.0,-5.882824436476143e-07,0.0,0.0,-2.9414122182380285e-07,0.9999999999999567,-1.1692879208023379e-17,-2.791570161801475e-25,0.0,0.0,0.0,0.00011879243349325596
2026-08-22T03:28:11.198156,6.85,-8.15505865986884e-15,-3.7294298498540844e-27,0.0,2.8413890005296594e-06,0.0,0.0,1.4206945002643517e-06,0.9999999999989908,-1.1709433434112576e-17,-3.6876501127172245e-25,0.0,0.0,0.0,-0.0002403417975823637
2026-08-22T03:28:11.219447,6.87,-8.155188845941835e-15,-1.6020735854718257e-27,0.0,1.779118215416986e-06,0.0,0.0,8.895591077083757e-07,0.9999999999996043,-1.1725778448965803e-17,-1.556200250744426e-25,0.0,0.0,0.0,-2.3524044737544317e-05
2026-08-22T03:28:11.244752,6.89,-8.155362398948864e-15,-5.805162679386101e-28,0.0,-1.8057277397787175e-06,0.0,0.0,-9.02863869889236e-07,0.9999999999995924,-1.1741918911882005e-17,-5.331470513616552e-26,0.0,0.0,0.0,-0.0001185683021530067
2026-08-22T03:28:11.259783,6.91,-8.155362206386817e-15,1.1139269057900055e-27,0.0,-5.836183496477078e-07,0.0,0.0,-2.918091748238497e-07,0.9999999999999575,-3.0297633335040473e-18,1.1637658514963395e-25,0.0,0.0,0.0,-1.1962059083193577e-05
2026-08-22T03:28:11.279220,6.93,-8.155535896676463e-15,8.647769215254324e-28,0.0,-1.473732460510746e-06,0.0,0.0,-7.368662302553063e-07,0.9999999999997286,-7.410216549245893e-18,9.137687039091095e-26,0.0,0.0,0.0,0.00013418179575447865
2026-08-22T03:28:11.316788,6.95,-8.155622712415111e-15,3.4565864130898423e-28,0.0,1.4065564259979624e-06,0.0,0.0,7.032782129989232e-07,0.9999999999997528,-7.426099066524731e-18,3.9325747230513056e-26,0.0,0.0,0.0,2.316443630708025e-06
2026-08-22T03:28:11.338404,6.97,-8.155883135358445e-15,1.9245597259988144e-27,0.0,-8.718192003875912e-07,0.0,0.0,-4.3590960019378184e-07,0.999999999999905,-1.1805822243718795e-17,1.975134929090119e-25,0.0,0.0,0.0,-0.00022480240722926335
2026-08-22T03:28:11.359912,6.99,-8.155926307016913e-15,3.686355846565363e-27,0.0,1.321283837452114e-06,0.0,0.0,6.60641918726009e-07,0.9999999999997817,-3.092871708830714e-18,3.739629205969955e-25,0.0,0.0,0.0,-0.00012698879298127577
2026-08-22T03:28:11.380475,7.0,-8.15593252659675e-15,-1.2872889345769462e-32,0.0,4.263256414560601e-14,0.0,0.0,2.1316282072803006e-14,1.0,-4.3368037764571244e-18,4.0855218385999504e-25,0.0,0.0,0.0,-3.847236318197335e-05
2026-08-22T03:28:11.404799,7.02,-8.156062630770868e-15,2.7444468248273143e-32,0.0,-1.5218937221561646e-12,0.0,0.0,-7.609468610780823e-13,1.0,-4.336803838598829e-18,4.175360084884965e-25,0.0,0.0,0.0,-4.0758439623848926e-05
2026-08-22T03:28:11.439798,7.05,-8.156273619122912e-15,3.915252167993798e-27,0.0,-8.239125226516819e-07,0.0,0.0,-4.119562613258293e-07,0.9999999999999152,-7.50320982313865e-18,3.967737514611377e-25,0.0,0.0,0.0,-0.0003989938242089788
2026-08-22T03:28:11.459554,7.07,-8.156316924761224e-15,5.6710916483415155e-27,0.0,-2.2568611224293993e-06,0.0,0.0,-1.12843056121446e-06,0.9999999999993633,-3.153876796526118e-18,5.726450819971819e-25,0.0,0.0,0.0,5.178706519420008e-05
2026-08-22T03:28:11.480694,7.09,-8.156446966940274e-15,4.005271280147203e-27,0.0,5.428628586656714e-07,0.0,0.0,2.7143142933283237e-07,0.9999999999999631,1.1953134555292074e-18,4.0571040235549467e-25,0.0,0.0,0.0,-0.0001862790704808913
2026-08-22T03:28:11.499101,7.11,-8.156707522779362e-15,4.671000226883778e-27,0.0,2.7223957159705496e-06,0.0,0.0,1.3611978579848543e-06,0.9999999999990735,-7.547797403687402e-18,4.723619560048835e-25,0.0,0.0,0.0,-1.5267113840759913e-05
2026-08-22T03:28:11.520072,7.13,-8.156837698120572e-15,5.792676487051149e-27,0.0,1.9416286725082443e-06,0.0,0.0,9.708143362539697e-07,0.9999999999995287,-7.561961380657894e-18,5.847391933259676e-25,0.0,0.0,0.0,-2.661344190774256e-05
2026-08-22T03:28:11.558022,7.15,-8.157011240272821e-15,7.160193888527173e-27,0.0,1.0931676888148445e-06,0.0,0.0,5.46583844407395e-07,0.9999999999998507,-7.57593090024541e-18,7.216977958350729e-25,0.0,0.0,0.0,9.750377642965202e-05
2026-08-22T03:28:11.575508,7.17,-8.157097909278573e-15,7.060025474747962e-27,0.0,2.0051439855173214e-06,0.0,0.0,1.0025719927584928e-06,0.9999999999994974,-3.2256756707211546e-18,7.116039540206877e-25,0.0,0.0,0.0,0.00012937508385465885
2026-08-22T03:28:11.598838,7.19,-8.157141347113314e-15,7.1090098593289e-27,0.0,-1.1693881321050983e-06,0.0,0.0,-5.846940660525157e-07,0.999999999999829,-3.239629492974627e-18,7.164771752027887e-25,0.0,0.0,0.0,0.0002232536581308397
2026-08-22T03:28:11.623312,7.21,-8.157271656450696e-15,6.2532726264569676e-27,0.0,-4.045368917626745e-06,0.0,0.0,-2.0226844588119936e-06,0.9999999999979544,-7.617466284058618e-18,6.306858534335683e-25,0.0,0.0,0.0,-6.360245309702139e-05
2026-08-22T03:28:11.638944,7.23,-8.157401827178263e-15,5.18353944616365e-27,0.0,2.2677242972335423e-07,0.0,0.0,1.1338621486167687e-07,0.9999999999999936,-7.63074656770845e-18,5.2342425889068e-25,0.0,0.0,0.0,0.0003793537626681311
2026-08-22T03:28:11.667180,7.25,-8.157662101104392e-15,3.936461017163948e-27,0.0,-3.941273031049518e-06,0.0,0.0,-1.970636515523484e-06,0.9999999999980583,-7.643853455097618e-18,3.9850664358823727e-25,0.0,0.0,0.0,9.290595530115703e-05
2026-08-22T03:28:11.685684,7.27,-8.157575293739304e-15,6.817247028089885e-27,0.0,-4.74462378718954e-06,0.0,0.0,-2.3723118935925444e-06,0.999999999997186,-3.2927415432315027e-18,6.870544969193034e-25,0.0,0.0,0.0,-4.843447147331891e-05
2026-08-22T03:28:11.707770,7.29,-8.157444982553959e-15,1.0140530753903642e-26,0.0,1.5869844274263303e-06,0.0,0.0,7.934922137130818e-07,0.9999999999996851,5.422247508663191e-18,1.0200216935389099e-24,0.0,0.0,0.0,-9.922174668677177e-05
2026-08-22T03:28:11.735989,7.3,-8.157623881793054e-15,7.384733787919882e-33,0.0,4.951594689828198e-13,0.0,0.0,2.475797344914099e-13,1.0,-8.673587399151506e-18,1.2106544515346514e-24,0.0,0.0,0.0,-0.00026538285854086166
2026-08-22T03:28:11.751222,7.33,-8.157749098203014e-15,1.3868324563270066e-26,0.0,1.1177917045301908e-06,0.0,0.0,5.588958522650664e-07,0.9999999999998438,-7.695994740334034e-18,1.393339840557715e-24,0.0,0.0,0.0,-0.00014830444328020256
2026-08-22T03:28:11.797641,7.35,-8.157879263803419e-15,1.4809035353427698e-26,0.0,2.6232400824888202e-06,0.0,0.0,1.311620041244034e-06,0.9999999999991398,-7.708279954425193e-18,1.4875865502482674e-24,0.0,0.0,0.0,-3.2171371174689563e-05
2026-08-22T03:28:11.815790,7.37,-8.158052796765825e-15,1.6420855494392073e-26,0.0,6.870847122364411e-07,0.0,0.0,3.435423561182137e-07,0.9999999999999409,-7.720411516892317e-18,1.649042332393643e-24,0.0,0.0,0.0,0.00029692658396886196
2026-08-22T03:28:11.834590,7.39,-8.15805258436823e-15,1.4933050400165396e-26,0.0,1.1612730017596107e-06,0.0,0.0,5.806365008797727e-07,0.9999999999998315,9.957111484840812e-19,1.4998887272473251e-24,0.0,0.0,0.0,8.858795565536961e-05
2026-08-22T03:28:11.867548,7.41,-8.158139382813126e-15,1.5617768363212706e-26,0.0,4.928783372548651e-07,0.0,0.0,2.4643916862743005e-07,0.9999999999999696,9.83213636433114e-19,1.5684520627973928e-24,0.0,0.0,0.0,-0.000163020328358807
2026-08-22T03:28:11.892609,7.43,-8.15826968505102e-15,1.5733113092288538e-26,0.0,1.310296102285946e-06,0.0,0.0,6.551480511429261e-07,0.9999999999997854,-3.3931945923849845e-18,1.5799542137131678e-24,0.0,0.0,0.0,0.00014600633041526555
2026-08-22T03:28:11.928313,7.45,-8.15839984871751e-15,1.6155283640864898e-26,0.0,-1.0077668233243744e-06,0.0,0.0,-5.038834116621658e-07,0.9999999999998731,-3.405062669437536e-18,1.6222143569850284e-24,0.0,0.0,0.0,-0.00016194174402067954
2026-08-22T03:28:11.944420,7.47,-8.158399634931054e-15,1.6237202041820816e-26,0.0,-6.724003354108276e-07,0.0,0.0,-3.362001677054075e-07,0.9999999999999435,5.311329093111935e-18,1.6303761375102386e-24,0.0,0.0,0.0,8.848007584008688e-05
2026-08-22T03:28:11.964707,7.49,-8.158399832188214e-15,1.6278052262822333e-26,0.0,1.0843640323443537e-06,0.0,0.0,5.421820161721503e-07,0.999999999999853,9.350475230899787e-19,1.6344061220449906e-24,0.0,0.0,0.0,1.4577553372351908e-05
2026-08-22T03:28:11.988863,7.51,-8.15835638677574e-15,1.612303867604282e-26,0.0,1.493990477108298e-06,0.0,0.0,7.469952385540795e-07,0.999999999999721,5.2873385828964514e-18,1.618816699447437e-24,0.0,0.0,0.0,7.274936564522625e-05
2026-08-22T03:28:12.006393,7.53,-8.158530191010392e-15,1.78996220594917e-26,0.0,-7.422006782498158e-07,0.0,0.0,-3.711003391248994e-07,0.9999999999999312,-3.452703514559362e-18,1.7967803171372897e-24,0.0,0.0,0.0,0.0002093366883256789
2026-08-22T03:28:12.035029,7.55,-8.158703855368531e-15,1.6851073314765636e-26,0.0,-1.959866722689441e-06,0.0,0.0,-9.799333613445634e-07,0.9999999999995198,-7.827883725615163e-18,1.6916667178763755e-24,0.0,0.0,0.0,0.00016234541825149474
2026-08-22T03:28:12.052543,7.5600000000000005,-8.158664716118168e-15,1.2485692227022055e-31,0.0,-2.8066438062523957e-13,0.0,0.0,-1.4033219031261979e-13,1.0,-1.3788653419212004e-23,1.680145366802827e-24,0.0,0.0,0.0,-9.795708988772687e-05
2026-08-22T03:28:12.065891,7.59,-8.158747196238001e-15,1.6447706024104552e-26,0.0,1.8358834097398358e-07,0.0,0.0,9.179417048699166e-08,0.9999999999999958,-3.4856315826428944e-18,1.6511560862498381e-24,0.0,0.0,0.0,6.875773975687039e-05
2026-08-22T03:28:12.088906,7.6,-8.15888155640164e-15,6.220143246797013e-32,0.0,7.256417688950023e-13,0.0,0.0,3.6282088444750116e-13,1.0,-8.673605453557866e-18,1.6306821677469852e-24,0.0,0.0,0.0,-0.00012084298334225711
2026-08-22T03:28:12.104270,7.63,-8.159094245702728e-15,1.6364151099559985e-26,0.0,-2.741303810616103e-07,0.0,0.0,-1.370651905308047e-07,0.9999999999999906,-3.506568015881839e-18,1.642680092996497e-24,0.0,0.0,0.0,0.0001440627624501227
2026-08-22T03:28:12.146868,7.65,-8.159050793609214e-15,1.6053725160298692e-26,0.0,-3.72489907096707e-06,0.0,0.0,-1.8624495354824579e-06,0.9999999999982656,8.470592430128973e-19,1.6115353086170224e-24,0.0,0.0,0.0,0.0002740775440352249
2026-08-22T03:28:12.165682,7.67,-8.159311327437225e-15,1.1099982741894221e-26,0.0,-2.332215602862675e-06,0.0,0.0,-1.1661078014310732e-06,0.9999999999993201,-7.891684120803223e-18,1.1151625584069016e-24,0.0,0.0,0.0,-0.00014370021857884954
2026-08-22T03:28:12.184278,7.69,-8.15931110456738e-15,1.211241883832039e-26,0.0,-1.7037566957256445e-07,0.0,0.0,-8.518783478628212e-08,0.9999999999999963,8.265763492896834e-19,1.2165860849899766e-24,0.0,0.0,0.0,6.0848065171495476e-05
2026-08-22T03:28:12.204912,7.71,-8.159658509374651e-15,1.179047853950467e-26,0.0,-1.3435520105353762e-06,0.0,0.0,-6.717760052676375e-07,0.9999999999997744,-1.2275953982097807e-17,1.1842887956270783e-24,0.0,0.0,0.0,-3.727599767045818e-05
2026-08-22T03:28:12.224499,7.73,-8.15961491566207e-15,1.292664551962708e-26,0.0,-2.266047955501449e-06,0.0,0.0,-1.133023977750482e-06,0.9999999999993582,-3.557103318641998e-18,1.2980697184611057e-24,0.0,0.0,0.0,5.818240349573554e-05
2026-08-22T03:28:12.255233,7.75,-8.159745204769797e-15,1.171169562678987e-26,0.0,-1.8841359361587704e-07,0.0,0.0,-9.420679680793839e-08,0.9999999999999956,-7.930937569855688e-18,1.176289194384193e-24,0.0,0.0,0.0,-1.6827180344882277e-05
2026-08-22T03:28:12.275833,7.77,-8.159744979192246e-15,1.1751807063783175e-26,0.0,-2.2403316410901652e-06,0.0,0.0,-1.1201658205448484e-06,0.9999999999993726,7.878254072736304e-19,1.1802927742292334e-24,0.0,0.0,0.0,2.8890604349648155e-05
2026-08-22T03:28:12.290550,7.79,-8.160049149759794e-15,8.693084402699773e-27,0.0,6.974477733123763e-07,0.0,0.0,3.4872388665618105e-07,0.9999999999999392,-1.6678269878768738e-17,8.737582799168695e-25,0.0,0.0,0.0,5.3448182296095185e-05
2026-08-22T03:28:12.328495,7.8100000000000005,-8.159918679654904e-15,7.216238444234391e-27,0.0,-2.0157177829105426e-06,0.0,0.0,-1.0078588914551004e-06,0.9999999999994921,-3.5945496443429136e-18,7.2581054948564905e-25,0.0,0.0,0.0,-0.0002026357710136398
2026-08-22T03:28:12.351236,7.83,-8.159831853506785e-15,8.751626034469303e-27,0.0,-1.5867686213866248e-06,0.0,0.0,-7.933843106932293e-07,0.9999999999996853,7.602017618041069e-19,8.796097975076308e-25,0.0,0.0,0.0,0.0003789759814666313
2026-08-22T03:28:12.379532,7.85,-8.159745164990407e-15,9.680722487175354e-27,0.0,-4.848371335075541e-06,0.0,0.0,-2.424185667535396e-06,0.9999999999970617,7.506573242523222e-19,9.726579021192676e-25,0.0,0.0,0.0,-0.0002133234548896655
2026-08-22T03:28:12.399969,7.87,-8.159788580123301e-15,7.935846473301558e-27,0.0,-3.734381572861878e-07,0.0,0.0,-1.867190786430928e-07,0.9999999999999826,7.412221619466664e-19,7.978059625531406e-25,0.0,0.0,0.0,-8.553535295152979e-05
2026-08-22T03:28:12.421076,7.89,-8.159918867126022e-15,7.599655081749948e-27,0.0,1.7147741626644117e-07,0.0,0.0,8.573870813322049e-08,0.9999999999999963,-3.6321477240408805e-18,7.6408626779242655e-25,0.0,0.0,0.0,-0.00010605105150048811
2026-08-22T03:28:12.461154,7.91,-8.16013588811356e-15,7.953243640390088e-27,0.0,2.7241623592466624e-06,0.0,0.0,1.36208117962291e-06,0.9999999999990724,-8.005066805102789e-18,7.994823404691177e-25,0.0,0.0,0.0,6.522684874572614e-05
2026-08-22T03:28:12.483205,7.93,-8.160135657959535e-15,7.10337836217078e-27,0.0,1.6633008779187721e-06,0.0,0.0,8.316504389592901e-07,0.9999999999996542,7.146288077834168e-19,7.143049419679994e-25,0.0,0.0,0.0,-0.00033050381145281375
2026-08-22T03:28:12.528799,7.95,-8.160135702652273e-15,6.991861427689128e-27,0.0,8.530321418120934e-07,0.0,0.0,4.265160709060338e-07,0.9999999999999091,7.056642930463603e-19,7.0310451278926105e-25,0.0,0.0,0.0,0.00029148350268659606
2026-08-22T03:28:12.548047,7.97,-8.160309491665719e-15,7.869686132886714e-27,0.0,2.2568136914813408e-07,0.0,0.0,1.128406845740668e-07,0.9999999999999937,-8.031311897265709e-18,7.910553088456979e-25,0.0,0.0,0.0,-6.847944939570544e-05
2026-08-22T03:28:12.569394,7.99,-8.160483004593854e-15,8.284286049520723e-27,0.0,-2.4376703362527508e-06,0.0,0.0,-1.2188351681260736e-06,0.9999999999992573,-8.039401935188745e-18,8.325314610368191e-25,0.0,0.0,0.0,0.00022525683793434684
2026-08-22T03:28:12.596345,8.02,-8.160356071401272e-15,3.446551281297265e-32,0.0,2.212896532682862e-12,0.0,0.0,1.106448266341431e-12,1.0,-4.336797436546528e-18,1.0262296942900034e-24,0.0,0.0,0.0,0.0002653608933520856
2026-08-22T03:28:12.610555,8.03,-8.160396214665323e-15,1.0306430685125888e-26,0.0,-1.8792463261085859e-06,0.0,0.0,-9.396231630541546e-07,0.9999999999995586,-3.691855373747586e-18,1.0350727250788115e-24,0.0,0.0,0.0,-6.128130078362872e-05
2026-08-22T03:28:12.659815,8.05,-8.160352751096235e-15,1.0974815595873858e-26,0.0,-2.1119627602317337e-06,0.0,0.0,-1.0559813801156705e-06,0.9999999999994424,6.64084333459866e-19,1.1019950042378437e-24,0.0,0.0,0.0,7.65901235827766e-05
2026-08-22T03:28:12.677838,8.07,-8.160352656436538e-15,1.0545811028868384e-26,0.0,-2.1399934797550206e-06,0.0,0.0,-1.069996739877306e-06,0.9999999999994276,5.019798829316918e-18,1.0589879881491998e-24,0.0,0.0,0.0,-0.00016640223482462175
2026-08-22T03:28:12.699730,8.09,-8.160439571592145e-15,8.454874594301672e-27,0.0,-2.691604805704629e-07,0.0,0.0,-1.3458024028523101e-07,0.9999999999999909,6.471679720393638e-19,8.494537263787913e-25,0.0,0.0,0.0,-5.513671389903538e-06
2026-08-22T03:28:12.725301,8.11,-8.160700093222802e-15,8.053113870086949e-27,0.0,2.3690873569570674e-06,0.0,0.0,1.1845436784782565e-06,0.9999999999992985,-8.0890838944146e-18,8.091724439744367e-25,0.0,0.0,0.0,-0.00010271080106202189
2026-08-22T03:28:12.751472,8.13,-8.160917106896759e-15,1.0115429450330738e-26,0.0,-1.7572116144393137e-06,0.0,0.0,-8.786058072195437e-07,0.999999999999614,-1.2460501239030599e-17,1.0158002626227189e-24,0.0,0.0,0.0,-7.419776466666241e-05
2026-08-22T03:28:12.788902,8.15,-8.160873364986431e-15,1.1613585864869092e-26,0.0,-1.5261553838463728e-06,0.0,0.0,-7.630776919231123e-07,0.9999999999997089,6.247411098261766e-19,1.1658370657682422e-24,0.0,0.0,0.0,0.00014607312551073845
2026-08-22T03:28:12.809975,8.17,-8.160960139973624e-15,1.073569632100258e-26,0.0,4.014853938194563e-07,0.0,0.0,2.0074269690972677e-07,0.9999999999999799,6.169134268521093e-19,1.0778444426310728e-24,0.0,0.0,0.0,-0.0001004848621633654
2026-08-22T03:28:12.828175,8.19,-8.160960178829642e-15,1.062131667768503e-26,0.0,2.3107030786562177e-06,0.0,0.0,1.1553515393278518e-06,0.9999999999993325,6.091596163769787e-19,1.066352044565958e-24,0.0,0.0,0.0,-0.00037036934106826646
2026-08-22T03:28:12.854685,8.21,-8.161133961785738e-15,1.223212745024258e-26,0.0,1.718728225075239e-06,0.0,0.0,8.593641125375137e-07,0.9999999999996307,-8.12660511144796e-18,1.2277037485064463e-24,0.0,0.0,0.0,0.00015657475562007593
2026-08-22T03:28:12.878543,8.23,-8.16122059638893e-15,1.1703373817055207e-26,0.0,-1.3866441763710211e-06,0.0,0.0,-6.933220881854551e-07,0.9999999999997596,-3.769443391075438e-18,1.1747049152743938e-24,0.0,0.0,0.0,-6.86700233480419e-05
2026-08-22T03:28:12.928593,8.25,-8.1613942404477e-15,1.0790802167094528e-26,0.0,3.2842015014189485e-06,0.0,0.0,1.6421007507087363e-06,0.9999999999986517,-8.140620129884767e-18,1.0832146885290448e-24,0.0,0.0,0.0,-0.0002306066999935312
2026-08-22T03:28:12.962025,8.27,-8.16130726563013e-15,9.405633041265634e-27,0.0,-4.781972207101859e-06,0.0,0.0,-2.3909861035486513e-06,0.9999999999971416,5.807820957368999e-19,9.444339039155968e-25,0.0,0.0,0.0,-1.7280785956142017e-05
2026-08-22T03:28:12.984399,8.29,-8.161394174163922e-15,7.25780538645331e-27,0.0,2.1257397038176866e-06,0.0,0.0,1.062869851908643e-06,0.9999999999994351,-3.79055476380505e-18,7.29180551370665e-25,0.0,0.0,0.0,8.883847975844954e-05
2026-08-22T03:28:13.008992,8.31,-8.161350568145733e-15,6.602124276148912e-27,0.0,-2.1411858166509035e-06,0.0,0.0,-1.0705929083252472e-06,0.9999999999994269,4.9306789465178296e-18,6.634737488118873e-25,0.0,0.0,0.0,-0.00011141870583088796
2026-08-22T03:28:13.029487,8.33,-8.161524349890986e-15,3.938347394531688e-27,0.0,-3.8858917550399497e-07,0.0,0.0,-1.9429458775199627e-07,0.9999999999999811,-3.804878308150573e-18,3.9656835104271178e-25,0.0,0.0,0.0,-6.0443115426446007e-05
2026-08-22T03:28:13.069744,8.35,-8.161654624088378e-15,3.914648933202158e-27,0.0,1.5756213089801463e-07,0.0,0.0,7.878106544900724e-08,0.9999999999999969,-8.175635103075408e-18,3.9418467431636994e-25,0.0,0.0,0.0,0.000180329336478727
2026-08-22T03:28:13.097234,8.37,-8.161828127796373e-15,3.17967094900482e-27,0.0,2.4490585333047936e-06,0.0,0.0,1.2245292666520906e-06,0.9999999999992503,-8.181902807341075e-18,3.205430880597952e-25,0.0,0.0,0.0,-0.000275223021496126
2026-08-22T03:28:13.126842,8.39,-8.162001631045732e-15,5.841058043707439e-27,0.0,-1.1597049467404474e-06,0.0,0.0,-5.798524733701912e-07,0.9999999999998319,-8.188083122460612e-18,5.8717539507030345e-25,0.0,0.0,0.0,-0.00011779694667115719
2026-08-22T03:28:13.145537,8.41,-8.162088397812869e-15,6.3273750490891866e-27,0.0,1.2928701518255536e-06,0.0,0.0,6.464350759127318e-07,0.9999999999997911,-8.19418440692085e-18,6.358390450580439e-25,0.0,0.0,0.0,-3.6783803545195636e-05
2026-08-22T03:28:13.162961,8.42,-8.162090794943475e-15,2.403668995202726e-32,0.0,7.704947790898586e-13,0.0,0.0,3.852473895449293e-13,1.0,-1.52356274849668e-23,6.16829230155822e-25,0.0,0.0,0.0,-0.00029685113835158897
2026-08-22T03:28:13.199664,8.45,-8.162131556531877e-15,5.4696126949974566e-27,0.0,1.3372294742630686e-06,0.0,0.0,6.686147371314844e-07,0.9999999999997765,5.212802805367092e-19,5.498723364809145e-25,0.0,0.0,0.0,-0.00027044670837686225
2026-08-22T03:28:13.227838,8.47,-8.162305334014273e-15,6.4169542805215465e-27,0.0,1.8738172919974259e-06,0.0,0.0,9.369086459985759e-07,0.9999999999995611,-8.213381040968334e-18,6.4475722302519635e-25,0.0,0.0,0.0,8.859206641017197e-05
2026-08-22T03:28:13.247740,8.48,-8.162351003487558e-15,-4.797388239929459e-32,0.0,2.2994939286036242e-12,0.0,0.0,1.1497469643018121e-12,1.0,-1.3010415686983156e-17,6.731057922173849e-25,0.0,0.0,0.0,-0.0002285968663713518
2026-08-22T03:28:13.274055,8.51,-8.16226174988322e-15,8.281782831870311e-27,0.0,-2.949116342243485e-07,0.0,0.0,-1.4745581711217373e-07,0.9999999999999891,5.035533288300663e-19,8.315313061786714e-25,0.0,0.0,0.0,5.572582749441163e-05
2026-08-22T03:28:13.298639,8.53,-8.162435525667982e-15,8.007804281393102e-27,0.0,-8.933643980135743e-07,0.0,0.0,-4.466821990067722e-07,0.9999999999999002,-8.230859537741177e-18,8.040758933525343e-25,0.0,0.0,0.0,-0.0002734633573921956
2026-08-22T03:28:13.367211,8.55,-8.162261809189206e-15,1.034210855134812e-26,0.0,-2.1519492530153177e-06,0.0,0.0,-1.075974626507451e-06,0.9999999999994211,4.916705192737267e-19,1.0379317949749527e-24,0.0,0.0,0.0,0.00015644781700711142
2026-08-22T03:28:13.398576,8.57,-8.1623052077457e-15,9.671738177681588e-27,0.0,-2.885710319144864e-06,0.0,0.0,-1.4428551595719309e-06,0.999999999998959,4.855072498476817e-19,9.707292758553874e-25,0.0,0.0,0.0,-0.00018507147945873712
2026-08-22T03:28:13.419027,8.58,-8.162351003378617e-15,5.513436971172809e-32,0.0,-3.9466208079375065e-12,0.0,0.0,-1.9733104039687532e-12,1.0,1.9174028521954204e-24,8.612965577218616e-25,0.0,0.0,0.0,5.412354196254824e-05
2026-08-22T03:28:13.447295,8.6,-8.162351003465955e-15,1.9486326929488385e-32,0.0,7.389644451905042e-13,0.0,0.0,3.694822225952521e-13,1.0,-8.67359835667178e-18,8.717748494828436e-25,0.0,0.0,0.0,-0.0002854475003327095
2026-08-22T03:28:13.467812,8.62,-8.162611211879258e-15,1.7418390476066506e-31,0.0,-3.504752044136694e-12,0.0,0.0,-1.752376022068347e-12,1.0,-1.3010415850959567e-17,5.910578361585369e-25,0.0,0.0,0.0,0.0003293585708002442
2026-08-22T03:28:13.518371,8.65,-8.162652264134818e-15,3.4893293696035035e-27,0.0,1.0632447589031814e-07,0.0,0.0,5.316223794515904e-08,0.9999999999999986,4.632336494299918e-19,3.512286386839624e-25,0.0,0.0,0.0,-0.000222948992592516
2026-08-22T03:28:13.537368,8.67,-8.162695660882906e-15,3.439422298266793e-27,0.0,-6.26129045500079e-07,0.0,0.0,-3.1306452275003435e-07,0.999999999999951,4.5743639489932605e-19,3.4620772609787127e-25,0.0,0.0,0.0,0.00021593526985099065
2026-08-22T03:28:13.556690,8.69,-8.162522081239347e-15,4.069800739304965e-27,0.0,2.3977735343905238e-06,0.0,0.0,1.1988867671949747e-06,0.9999999999992814,4.815743179096999e-18,4.093437090583476e-25,0.0,0.0,0.0,1.539716587289669e-05
2026-08-22T03:28:13.592024,8.71,-8.162565615357939e-15,5.13462323891436e-27,0.0,1.9715188352975588e-06,0.0,0.0,9.857594176486197e-07,0.9999999999995142,4.45676309399e-19,5.160127904159763e-25,0.0,0.0,0.0,6.315739469884128e-05
2026-08-22T03:28:13.611658,8.72,-8.16252447576943e-15,1.1767119977451565e-31,0.0,2.169375790117556e-12,0.0,0.0,1.084687895058778e-12,1.0,8.673602010693233e-18,4.190903292565442e-25,0.0,0.0,0.0,0.00010943218041753912
2026-08-22T03:28:13.644290,8.75,-8.16282615504369e-15,6.869777215336817e-27,0.0,4.189983869640202e-06,0.0,0.0,2.0949919348185684e-06,0.9999999999978055,-8.294247268629053e-18,6.898328118346564e-25,0.0,0.0,0.0,-0.00014761821096662196
2026-08-22T03:28:13.665972,8.76,-8.162697948269195e-15,6.200689539178378e-32,0.0,2.261746345766369e-12,0.0,0.0,1.1308731728831845e-12,1.0,4.336784494840006e-18,2.8301373524427247e-25,0.0,0.0,0.0,0.0001680068051674607
2026-08-22T03:28:13.701291,8.79,-8.162913080223066e-15,5.4501172909687084e-27,0.0,-2.5244946342262158e-06,0.0,0.0,-1.2622473171127725e-06,0.9999999999992034,-1.266881348048343e-17,5.475931758525006e-25,0.0,0.0,0.0,0.00024270504916338025
2026-08-22T03:28:13.721792,8.81,-8.162782589479992e-15,6.470256516547663e-27,0.0,1.9951629579573193e-06,0.0,0.0,9.975814789784943e-07,0.9999999999995024,4.1902569277129305e-19,6.497194292998637e-25,0.0,0.0,0.0,-0.00040509812336498815
2026-08-22T03:28:13.740606,8.83,-8.162782615359676e-15,6.350550597677531e-27,0.0,-1.1390069776240354e-07,0.0,0.0,-5.695034888120173e-08,0.9999999999999983,4.1378473631422014e-19,6.377204970541172e-25,0.0,0.0,0.0,-0.00012981750218209745
2026-08-22T03:28:13.781435,8.85,-8.162782505116415e-15,6.241501792352339e-27,0.0,-2.4484055480833433e-06,0.0,0.0,-1.2242027740413659e-06,0.9999999999992507,4.77263761027361e-18,6.26780891319953e-25,0.0,0.0,0.0,4.532395041032379e-05
2026-08-22T03:28:13.807859,8.870000000000001,-8.162912909042592e-15,4.364189240617154e-27,0.0,-2.6981735734565865e-07,0.0,0.0,-1.349086786728289e-07,0.9999999999999909,-3.960942864063482e-18,4.386596403435969e-25,0.0,0.0,0.0,-4.541115990101385e-05
2026-08-22T03:28:13.829167,8.89,-8.163043037144819e-15,4.305380916815675e-27,0.0,-8.291667814575021e-07,0.0,0.0,-4.145833907287392e-07,0.9999999999999141,-3.965685120462635e-18,4.327599093092097e-25,0.0,0.0,0.0,-1.6265478902922263e-05
2026-08-22T03:28:13.857051,8.91,-8.162999556296591e-15,4.6195753320232406e-27,0.0,-6.586768050986792e-07,0.0,0.0,-3.293384025493336e-07,0.9999999999999458,3.9370605693928905e-19,4.642244392758712e-25,0.0,0.0,0.0,-0.0002077057652327326
2026-08-22T03:28:13.881891,8.93,-8.162999580888143e-15,4.506569970336448e-27,0.0,-3.7671326107435728e-06,0.0,0.0,-1.8835663053706727e-06,0.9999999999982261,3.887660923586763e-19,4.528849061083109e-25,0.0,0.0,0.0,0.00022455061356238982
2026-08-22T03:28:13.905867,8.95,-8.163173350005695e-15,1.557810806160832e-27,0.0,-1.060752662596087e-06,0.0,0.0,-5.303763312980187e-07,0.9999999999998593,-8.344230942902437e-18,1.5741044773860498e-25,0.0,0.0,0.0,4.352027726233217e-05
2026-08-22T03:28:13.930504,8.97,-8.163216739129626e-15,1.6205977071355257e-27,0.0,2.1687170903561537e-07,0.0,0.0,1.0843585451780747e-07,0.9999999999999941,-8.348386283411526e-18,1.637048104036337e-25,0.0,0.0,0.0,6.977477223068889e-05
2026-08-22T03:28:13.957991,8.99,-8.163303495692958e-15,1.3191737926953375e-27,0.0,-7.820509053679816e-07,0.0,0.0,-3.9102545268398074e-07,0.9999999999999235,-8.35247283883978e-18,1.3350871851210779e-25,0.0,0.0,0.0,1.4774849680919216e-05
2026-08-22T03:28:13.975781,9.01,-8.163173003061607e-15,1.9567163581112557e-27,0.0,-1.0037151887409834e-06,0.0,0.0,-5.018575943704706e-07,0.9999999999998741,4.735657253497746e-18,1.9736994152149905e-25,0.0,0.0,0.0,0.00019005780928217552
2026-08-22T03:28:14.002764,9.03,-8.163303404318867e-15,1.725019375440216e-27,0.0,-7.090292379885454e-07,0.0,0.0,-3.545146189942653e-07,0.9999999999999372,-3.997441480955392e-18,1.7414573591976432e-25,0.0,0.0,0.0,-0.00014311421943163553
2026-08-22T03:28:14.052694,9.05,-8.163303289737581e-15,2.140465359220643e-27,0.0,3.5504611339831627e-07,0.0,0.0,1.775230566991572e-07,0.9999999999999842,3.6233103301990993e-19,2.1575364369167494e-25,0.0,0.0,0.0,-4.626794233765716e-05
2026-08-22T03:28:14.072515,9.07,-8.163259944353857e-15,2.0640576072580257e-27,0.0,1.4636684460000993e-06,0.0,0.0,7.318342229999843e-07,0.9999999999997322,3.5778608849449943e-19,2.0808251866621936e-25,0.0,0.0,0.0,0.0001516450451964841
2026-08-22T03:28:14.101872,9.09,-8.163433575233114e-15,3.4836636114998904e-27,0.0,-2.338160368431374e-06,0.0,0.0,-1.1690801842154209e-06,0.9999999999993167,-4.010767773628299e-18,3.5031201599841296e-25,0.0,0.0,0.0,-3.647963044826387e-05
2026-08-22T03:28:14.119571,9.11,-8.163390091702408e-15,4.390069754705242e-27,0.0,1.331563859174878e-07,0.0,0.0,6.657819295874385e-08,0.9999999999999978,3.4918157947299877e-19,4.410956440145208e-25,0.0,0.0,0.0,0.0002653285057403827
2026-08-22T03:28:14.149716,9.13,-8.163260009355092e-15,4.3537873403235064e-27,0.0,5.497192576697786e-07,0.0,0.0,2.748596288348858e-07,0.9999999999999623,3.4480326576751815e-19,4.3744416630654815e-25,0.0,0.0,0.0,9.2802933377763e-05
2026-08-22T03:28:14.180316,9.15,-8.163390271285009e-15,4.729321095573257e-27,0.0,-1.485813115653656e-06,0.0,0.0,-7.429065578267596e-07,0.999999999999724,-4.023586782351724e-18,4.750590144551128e-25,0.0,0.0,0.0,0.0003108893941386889
2026-08-22T03:28:14.201676,9.17,-8.163433522998984e-15,3.766794319468223e-27,0.0,-2.5871729558701873e-06,0.0,0.0,-1.2935864779347328e-06,0.9999999999991633,3.365223735885098e-19,3.7859623310552522e-25,0.0,0.0,0.0,0.00011124056308176494
2026-08-22T03:28:14.225821,9.19,-8.163433544083627e-15,3.7110563390693034e-27,0.0,7.977660860802872e-07,0.0,0.0,3.9888304304013296e-07,0.9999999999999204,3.3230113312191985e-19,3.7300403396223623e-25,0.0,0.0,0.0,-5.5476480900050354e-05
2026-08-22T03:28:14.244033,9.2,-8.163478573661468e-15,1.8909970121450796e-32,0.0,2.0250467969162855e-13,0.0,0.0,1.0125233984581428e-13,1.0,-4.336798812816957e-18,3.992283940868166e-25,0.0,0.0,0.0,-9.2269243354835e-05
2026-08-22T03:28:14.266848,9.23,-8.163694064845953e-15,3.7182825782725635e-27,0.0,-1.631447865690916e-09,0.0,0.0,-8.15723932845458e-10,1.0,-8.40377706866172e-18,3.7368050664617734e-25,0.0,0.0,0.0,0.0002097813269205035
2026-08-22T03:28:14.300886,9.25,-8.16338996074529e-15,2.690640058339058e-27,0.0,-1.438277406506927e-06,0.0,0.0,-7.191387032534016e-07,0.9999999999997414,9.04904660355033e-18,2.707029517304376e-25,0.0,0.0,0.0,0.00035677151475411995
2026-08-22T03:28:14.321577,9.27,-8.163520360257715e-15,3.1092310809846706e-27,0.0,-3.379447752749343e-07,0.0,0.0,-1.6897238763746634e-07,0.9999999999999857,3.162491312043105e-19,3.1266793496210033e-25,0.0,0.0,0.0,6.46354208196223e-05
2026-08-22T03:28:14.340164,9.28,-8.163608677900913e-15,4.680743139075878e-32,0.0,2.575717417130363e-13,0.0,0.0,1.2878587085651816e-13,1.0,-8.67359900156893e-18,2.838954771317396e-25,0.0,0.0,0.0,0.00020013544337353856
2026-08-22T03:28:14.365997,9.31,-8.16356362885225e-15,-3.790033733978384e-28,0.0,-1.914518399814824e-06,0.0,0.0,-9.57259199907266e-07,0.9999999999995418,4.673055918747174e-18,-3.6889844531723555e-26,0.0,0.0,0.0,0.0001234690148960911
2026-08-22T03:28:14.385024,9.33,-8.163520281489775e-15,-3.684042560682387e-29,0.0,1.4903994007831047e-06,0.0,0.0,7.451997003914833e-07,0.9999999999997223,4.668854681955732e-18,-2.5716370025471676e-27,0.0,0.0,0.0,0.00016494218494746452
2026-08-22T03:28:14.421751,9.35,-8.163824287399885e-15,2.9915901534393578e-27,0.0,-1.436763734652402e-06,0.0,0.0,-7.183818673261392e-07,0.999999999999742,-8.427487613602651e-18,3.0085684733611763e-25,0.0,0.0,0.0,-9.990023126981348e-05
2026-08-22T03:28:14.448416,9.37,-8.163780662935846e-15,4.1771179314933386e-27,0.0,4.3690014823738466e-06,0.0,0.0,2.184500741185186e-06,0.999999999997614,2.975046316105417e-19,4.195916183737078e-25,0.0,0.0,0.0,-1.2791672418190796e-05
2026-08-22T03:28:14.465456,9.39,-8.16382404942047e-15,5.381524089216106e-27,0.0,2.3853639494753054e-06,0.0,0.0,1.19268197473737e-06,0.9999999999992888,2.937817411996623e-19,5.402404200012227e-25,0.0,0.0,0.0,0.00036804322522549177
2026-08-22T03:28:14.490857,9.41,-8.163824067927225e-15,5.495386531490709e-27,0.0,-2.866718906258115e-06,0.0,0.0,-1.4333594531285664e-06,0.9999999999989727,2.9008908556024414e-19,5.516328104465072e-25,0.0,0.0,0.0,6.425876878608853e-05
2026-08-22T03:28:14.509300,9.43,-8.163737213814484e-15,6.488398538377919e-27,0.0,5.800349134332805e-08,0.0,0.0,2.9001745671664022e-08,0.9999999999999996,4.650498433014934e-18,6.511193739328365e-25,0.0,0.0,0.0,-0.00028388837547606836
2026-08-22T03:28:14.547666,9.45,-8.163780737638148e-15,5.649688778683556e-27,0.0,-1.366358781229593e-06,0.0,0.0,-6.831793906147433e-07,0.9999999999997666,2.8250788283631047e-19,5.670525302472719e-25,0.0,0.0,0.0,2.2295345469219152e-05
2026-08-22T03:28:14.571794,9.47,-8.16378075554454e-15,5.5717519737092084e-27,0.0,-3.3144483881919493e-06,0.0,0.0,-1.6572241940952157e-06,0.9999999999986268,2.78948309784087e-19,5.592349964107656e-25,0.0,0.0,0.0,-5.882783971878253e-05
2026-08-22T03:28:14.590076,9.49,-8.163780773075713e-15,5.427007289890735e-27,0.0,6.296517045534246e-07,0.0,0.0,3.1482585227670704e-07,0.9999999999999505,2.754420961245961e-19,5.447177501813046e-25,0.0,0.0,0.0,-0.00012312703354428758
2026-08-22T03:28:14.609509,9.51,-8.163780790386535e-15,5.365463063219926e-27,0.0,1.5665496766459344e-06,0.0,0.0,7.83274838322887e-07,0.9999999999996932,2.719799523662714e-19,5.38536306990621e-25,0.0,0.0,0.0,4.6413743463191595e-06
2026-08-22T03:28:14.634915,9.53,-8.16356369474426e-15,3.759747913221222e-27,0.0,-2.9107517929283233e-06,0.0,0.0,-1.455375896463648e-06,0.999999999998941,8.996673275644614e-18,3.7762900035001297e-25,0.0,0.0,0.0,5.293616189106079e-05
2026-08-22T03:28:14.676763,9.55,-8.163694091269702e-15,9.650147269046763e-28,0.0,3.300190970279005e-06,0.0,0.0,1.6500954851387534e-06,0.9999999999986386,2.645165633671063e-19,9.763733676763753e-26,0.0,0.0,0.0,-6.74671142503674e-06
2026-08-22T03:28:14.697466,9.57,-8.163563731598466e-15,-6.163314561618723e-28,0.0,8.052372635347639e-07,0.0,0.0,4.0261863176737103e-07,0.999999999999919,8.989285131909564e-18,-6.084367642166915e-26,0.0,0.0,0.0,7.870840035522252e-05
2026-08-22T03:28:14.719211,9.59,-8.163563887355141e-15,1.8533350349382951e-28,0.0,1.916236614718514e-06,0.0,0.0,9.581183073591104e-07,0.999999999999541,4.621277589724925e-18,1.9501572634921766e-26,0.0,0.0,0.0,6.327461847571958e-05
2026-08-22T03:28:14.737381,9.61,-8.163607409645767e-15,1.1791986954682255e-27,0.0,1.6489723861923269e-06,0.0,0.0,8.2448619309607e-07,0.9999999999996602,2.5363701259695617e-19,1.1907337933275462e-25,0.0,0.0,0.0,0.00016912376249536204
2026-08-22T03:28:14.764002,9.63,-8.1636941618316e-15,2.1147851172007436e-27,0.0,-1.5811357285677732e-06,0.0,0.0,-7.905678642838041e-07,0.9999999999996875,2.504389622963841e-19,2.127982745800856e-25,0.0,0.0,0.0,0.00024265682065818141
2026-08-22T03:28:14.780758,9.65,-8.163737545704734e-15,1.7322846598640947e-27,0.0,-1.1033872859833595e-06,0.0,0.0,-5.516936429916517e-07,0.9999999999998478,2.4729040757814636e-19,1.7446635729107016e-25,0.0,0.0,0.0,-0.00036500788915804297
2026-08-22T03:28:14.803189,9.66,-8.163782150248647e-15,3.7817995954580303e-32,0.0,-3.9608316626527085e-12,0.0,0.0,-1.9804158313263542e-12,1.0,9.765103368783032e-25,1.343894561353657e-25,0.0,0.0,0.0,2.365913538036798e-05
2026-08-22T03:28:14.825379,9.69,-8.16369420863234e-15,1.2404929273550866e-27,0.0,-9.229225677032105e-07,0.0,0.0,-4.6146128385158887e-07,0.9999999999998935,2.4111356283498507e-19,1.251761249309094e-25,0.0,0.0,0.0,0.00023470391354991966
2026-08-22T03:28:14.850984,9.71,-8.163650855652088e-15,1.5222829546847383e-27,0.0,-1.1217867004198467e-06,0.0,0.0,-5.608933502098939e-07,0.9999999999998427,2.380835787754838e-19,1.5339998617280861e-25,0.0,0.0,0.0,1.1007283712876975e-05
2026-08-22T03:28:14.868335,9.73,-8.163737742916374e-15,1.0833061203164585e-27,0.0,-1.490932223457975e-06,0.0,0.0,-7.454661117289183e-07,0.9999999999997221,-4.128964711337697e-18,1.0940453242626052e-25,0.0,0.0,0.0,0.0001820803437502411
2026-08-22T03:28:14.916871,9.75,-8.163737619916117e-15,8.340510425450645e-28,0.0,-4.769035424345702e-07,0.0,0.0,-2.3845177121728284e-07,0.9999999999999716,2.3246990318118333e-19,8.442636316388773e-26,0.0,0.0,0.0,0.00015000799285246278
2026-08-22T03:28:14.938451,9.77,-8.163911379107623e-15,5.1169978574165135e-28,0.0,1.9708890541814132e-06,0.0,0.0,9.85444527090547e-07,0.9999999999995145,-8.498554945395531e-18,5.21320700418734e-26,0.0,0.0,0.0,-0.00015831889781630596
2026-08-22T03:28:14.959702,9.78,-8.163782150465653e-15,-4.0592190617003187e-32,0.0,3.232969447708456e-13,0.0,0.0,1.616484723854228e-13,1.0,-1.643717601618088e-23,-6.719061269673011e-26,0.0,0.0,0.0,-0.0002453752972537565
2026-08-22T03:28:14.978883,9.81,-8.163911268176633e-15,-2.1935024172343777e-27,0.0,1.3968113465878675e-06,0.0,0.0,6.984056732938769e-07,0.9999999999997561,-4.139555853506198e-18,-2.1892302381737383e-25,0.0,0.0,0.0,-0.00024116599112293405
2026-08-22T03:28:14.999517,9.83,-8.163780904162247e-15,-2.598086792311363e-27,0.0,2.237304790320138e-07,0.0,0.0,1.1186523951600667e-07,0.9999999999999938,4.586068330362254e-18,-2.5944864101184666e-25,0.0,0.0,0.0,-0.00011759650355715041
2026-08-22T03:28:15.045569,9.85,-8.16391129613082e-15,-2.6716486167275904e-27,0.0,-2.0594924494687925e-06,0.0,0.0,-1.029746224734214e-06,0.9999999999994698,-4.145159667294536e-18,-2.668325974524468e-25,0.0,0.0,0.0,4.8350806681048575e-05
2026-08-22T03:28:15.066451,9.870000000000001,-8.163867804217168e-15,-1.9559067795185666e-27,0.0,7.384486728767571e-07,0.0,0.0,3.692243364383701e-07,0.9999999999999318,2.1647060229470715e-19,-1.951213539257985e-25,0.0,0.0,0.0,2.0595588738169844e-05
2026-08-22T03:28:15.092268,9.89,-8.163867817670337e-15,-1.8731678511748634e-27,0.0,2.166164638328638e-06,0.0,0.0,1.0830823191641073e-06,0.9999999999994135,2.1375830090437022e-19,-1.8683455337225293e-25,0.0,0.0,0.0,2.2751024908181853e-05
2026-08-22T03:28:15.115877,9.91,-8.163824326806552e-15,-2.0391959357120358e-27,0.0,-5.667616802540466e-07,0.0,0.0,-2.8338084012701944e-07,0.9999999999999598,4.5751265575891185e-18,-2.0348560700584016e-25,0.0,0.0,0.0,-0.00017154403375790482
2026-08-22T03:28:15.133538,9.93,-8.163954718282567e-15,-2.8915191183392015e-27,0.0,1.4853978571593986e-06,0.0,0.0,7.426989285796309e-07,0.9999999999997242,-4.155972572299634e-18,-2.8888164572853157e-25,0.0,0.0,0.0,-0.00014336899123232742
2026-08-22T03:28:15.170583,9.95,-8.163780985297333e-15,-3.963357349689737e-27,0.0,-1.112128396929535e-06,0.0,0.0,-5.560641984647387e-07,0.9999999999998453,4.569850083550233e-18,-3.9625668708848415e-25,0.0,0.0,0.0,8.738797250035475e-05
2026-08-22T03:28:15.197922,9.97,-8.163781135811653e-15,-3.791645475245526e-27,0.0,2.1176400530897865e-06,0.0,0.0,1.0588200265446955e-06,0.9999999999994394,2.0288233284250907e-19,-3.7905141044961386e-25,0.0,0.0,0.0,1.0179498086303808e-05
2026-08-22T03:28:15.219702,9.99,-8.163781148670504e-15,-3.658385466540893e-27,0.0,6.40593654122057e-07,0.0,0.0,3.20296827061023e-07,0.9999999999999487,2.0032358842810226e-19,-3.657032388978106e-25,0.0,0.0,0.0,8.079260018178773e-05
2026-08-22T03:28:15.237292,10.01,-8.16373779321347e-15,-3.705162539116242e-27,0.0,3.6488681853796834e-08,0.0,0.0,1.8244340926898417e-08,0.9999999999999999,1.9780630417381106e-19,-3.703907404335766e-25,0.0,0.0,0.0,-4.969153479335753e-05
2026-08-22T03:28:15.256011,10.03,-8.163737805601794e-15,-3.621141037221778e-27,0.0,-2.0338386512719353e-06,0.0,0.0,-1.0169193256357923e-06,0.999999999999483,1.9531998081945861e-19,-3.6197381658166353e-25,0.0,0.0,0.0,-0.0001614664281300912
2026-08-22T03:28:15.298709,10.05,-8.163651081783364e-15,-2.5539377614656185e-27,0.0,1.4880376788539706e-06,0.0,0.0,7.440188394269167e-07,0.9999999999997232,1.9286626796049782e-19,-2.550534826807155e-25,0.0,0.0,0.0,-0.00012748633100130095
2026-08-22T03:28:15.321489,10.07,-8.163694461864786e-15,-2.096449409447016e-27,0.0,3.0020415460185745e-06,0.0,0.0,1.5010207730087236e-06,0.9999999999988735,1.9044135786728015e-19,-2.092211220131008e-25,0.0,0.0,0.0,-3.584331979348361e-05
2026-08-22T03:28:15.342114,10.09,-8.163955090912429e-15,1.4562213126721366e-27,0.0,1.561063744048852e-06,0.0,0.0,7.805318720243466e-07,0.9999999999996954,-1.2904119814379253e-17,1.4675988036598847e-25,0.0,0.0,0.0,1.72557431260836e-05
2026-08-22T03:28:15.367089,10.11,-8.163694208619671e-15,-1.2387655910931838e-27,0.0,4.283075316635632e-07,0.0,0.0,2.1415376583177994e-07,0.999999999999977,8.914798528555769e-18,-1.2332362587372077e-25,0.0,0.0,0.0,-0.0002416060090880147
2026-08-22T03:28:15.382112,10.13,-8.16360748689618e-15,-2.4577414863377464e-27,0.0,2.3809122362550283e-07,0.0,0.0,1.1904561181275114e-07,0.9999999999999929,8.911808739875529e-18,-2.454322391637387e-25,0.0,0.0,0.0,2.4306666542620198e-05
2026-08-22T03:28:15.415584,10.15,-8.163694510389408e-15,-2.0701775071280943e-27,0.0,-4.7516854007056977e-08,0.0,0.0,-2.375842700352848e-08,0.9999999999999997,1.8070179747347273e-19,-2.0660620185248683e-25,0.0,0.0,0.0,-1.10807290235138e-05
2026-08-22T03:28:15.435474,10.16,-8.16369541411887e-15,2.3839812937713755e-32,0.0,-1.3233858453531866e-13,0.0,0.0,-6.616929226765933e-14,1.0,7.136886784812371e-25,-2.0119280062079033e-25,0.0,0.0,0.0,-0.0003160774980932625
2026-08-22T03:28:15.456549,10.19,-8.16382463740284e-15,-4.389222974243314e-27,0.0,-5.357590850962879e-07,0.0,0.0,-2.678795425481407e-07,0.9999999999999641,1.7616862565445994e-19,-4.38954986254246e-25,0.0,0.0,0.0,0.00014692104431321708
2026-08-22T03:28:15.478183,10.21,-8.163911520950028e-15,-4.477789418882353e-27,0.0,4.017751700224893e-07,0.0,0.0,2.0088758501124325e-07,0.9999999999999798,-4.1901015560353444e-18,-4.478259490716638e-25,0.0,0.0,0.0,-7.13530988084169e-05
2026-08-22T03:28:15.499437,10.23,-8.163954762153853e-15,-4.145693674115931e-27,0.0,-5.131573388439392e-09,0.0,0.0,-2.565786694219696e-09,1.0,1.7210094398793917e-19,-4.145543525820074e-25,0.0,0.0,0.0,9.394404312683306e-05
2026-08-22T03:28:15.556688,10.25,-8.163911404858324e-15,-4.0322946275718485e-27,0.0,-7.70163059993223e-07,0.0,0.0,-3.8508152999660196e-07,0.9999999999999258,1.699470192577953e-19,-4.0319468355268746e-25,0.0,0.0,0.0,-0.00015403367580854078
2026-08-22T03:28:15.574962,10.27,-8.163824679401912e-15,-3.577203661222744e-27,0.0,-2.6301240603210374e-06,0.0,0.0,-1.3150620301601397e-06,0.9999999999991354,1.678122279541655e-19,-3.5760025231179892e-25,0.0,0.0,0.0,3.5569463226917434e-05
2026-08-22T03:28:15.594132,10.29,-8.163607577124225e-15,-8.396494459858402e-28,0.0,-2.948014490744555e-06,0.0,0.0,-1.4740072453717436e-06,0.9999999999989136,8.893815278853025e-18,-8.33022011212057e-26,0.0,0.0,0.0,0.00011349173027762159
2026-08-22T03:28:15.616827,10.31,-8.163868343831219e-15,-4.7652960919239294e-27,0.0,-3.82742112670087e-07,0.0,0.0,-1.913710563350423e-07,0.9999999999999817,-8.565160012001955e-18,-4.766602941429368e-25,0.0,0.0,0.0,-7.506155738183855e-05
2026-08-22T03:28:15.634396,10.33,-8.163564229992196e-15,-3.603295303492849e-27,0.0,2.2156996237754356e-08,0.0,0.0,1.1078498118877178e-08,0.9999999999999999,8.889667697560511e-18,-3.6020642696513314e-25,0.0,0.0,0.0,-0.00018918464475925278
2026-08-22T03:28:15.661805,10.35,-8.163607883397924e-15,-4.501014534887903e-27,0.0,-9.79322372973712e-07,0.0,0.0,-4.896611864868365e-07,0.9999999999998801,1.5887413921799945e-19,-4.5016961818257755e-25,0.0,0.0,0.0,0.00042589896371934165
2026-08-22T03:28:15.687698,10.37,-8.163477653250169e-15,-3.7273032297478295e-27,0.0,3.334681268896134e-07,0.0,0.0,1.667340634448059e-07,0.9999999999999861,4.520916467048381e-18,-3.7265351277791745e-25,0.0,0.0,0.0,-0.0001740746754419115
2026-08-22T03:28:15.712626,10.39,-8.163608041233408e-15,-3.84671894718599e-27,0.0,-1.381598225602687e-06,0.0,0.0,-6.907991128012886e-07,0.9999999999997614,-4.209501458380746e-18,-3.8461692250972805e-25,0.0,0.0,0.0,-9.85820539488316e-05
2026-08-22T03:28:15.728336,10.4,-8.16339183770544e-15,-5.525950258158586e-32,0.0,-1.971756091734278e-12,0.0,0.0,-9.85878045867139e-13,1.0,8.673592189464789e-18,-1.2437425859477522e-25,0.0,0.0,0.0,0.0003299856317727917
2026-08-22T03:28:15.750698,10.44,-8.163478573685217e-15,4.2743802767577774e-32,0.0,1.6426859872353816e-12,0.0,0.0,8.213429936176908e-13,1.0,-8.673599656587134e-18,1.8101262569216995e-25,0.0,0.0,0.0,0.00022900162879588884
2026-08-22T03:28:15.795212,10.45,-8.163564839997001e-15,1.8212284780202354e-27,0.0,-6.046021883143738e-07,0.0,0.0,-3.0230109415718226e-07,0.9999999999999543,-8.579662700239374e-18,1.8325361933490034e-25,0.0,0.0,0.0,-1.172763477090876e-05
2026-08-22T03:28:15.815269,10.47,-8.163477837637595e-15,2.3400425234630203e-27,0.0,2.228483132249437e-06,0.0,0.0,1.1142415661244879e-06,0.9999999999993793,1.4725219647991763e-19,2.352118260785995e-25,0.0,0.0,0.0,0.00032740778362199617
2026-08-22T03:28:15.839829,10.48,-8.163478573684705e-15,2.798896418226548e-32,0.0,4.5852210917018965e-12,0.0,0.0,2.2926105458509483e-12,1.0,5.816403596099864e-25,2.3924702453885444e-25,0.0,0.0,0.0,-6.55128172512473e-05
2026-08-22T03:28:15.859860,10.51,-8.163390983382842e-15,2.6177130844679403e-27,0.0,4.680260148326455e-07,0.0,0.0,2.3401300741632055e-07,0.9999999999999726,4.507646579099571e-18,2.6302196307058067e-25,0.0,0.0,0.0,-0.00018723722858035528
2026-08-22T03:28:15.879888,10.53,-8.163564738622585e-15,2.5864848858600805e-27,0.0,2.7522437422433654e-06,0.0,0.0,1.3761218711212484e-06,0.9999999999990531,-4.222605267881844e-18,2.598661393935347e-25,0.0,0.0,0.0,-5.6786050197676875e-05
2026-08-22T03:28:15.928758,10.55,-8.163521241884419e-15,1.686329555077803e-27,0.0,-2.400106950517511e-06,0.0,0.0,-1.2000534752584675e-06,0.9999999999992799,1.3999857178020654e-19,1.6968104244599705e-25,0.0,0.0,0.0,-9.171520122820622e-05
2026-08-22T03:28:15.949459,10.57,-8.163477746232937e-15,1.9515376912521026e-27,0.0,-2.844779695809763e-06,0.0,0.0,-1.4223898479044017e-06,0.9999999999989884,4.502302678646358e-18,1.9625991888809161e-25,0.0,0.0,0.0,-0.00014981186413464358
2026-08-22T03:28:15.973959,10.59,-8.163738373525802e-15,-2.4866782802954303e-27,0.0,9.969230445605604e-07,0.0,0.0,4.984615222802595e-07,0.9999999999998758,-8.591937897515944e-18,-2.4847022944861476e-25,0.0,0.0,0.0,-0.0001273096389285568
2026-08-22T03:28:15.996460,10.6,-8.163695414227995e-15,-5.273305070176665e-32,0.0,-2.3003821070233244e-13,0.0,0.0,-1.1501910535116622e-13,1.0,-4.336816931566665e-18,-2.159292024467728e-25,0.0,0.0,0.0,-9.075422789742442e-07
2026-08-22T03:28:16.018742,10.63,-8.163824985737238e-15,-2.2349489058998598e-27,0.0,-7.715833323374e-07,0.0,0.0,-3.857916661686904e-07,0.9999999999999256,-4.2302805061393755e-18,-2.2320622111719935e-25,0.0,0.0,0.0,-0.00022381856515528897
2026-08-22T03:28:16.050498,10.65,-8.16386822430748e-15,-1.7284187230302102e-27,0.0,1.5564338191609297e-06,0.0,0.0,7.782169095803862e-07,0.9999999999996972,1.324356970391567e-19,-1.7245610829147932e-25,0.0,0.0,0.0,3.2077336300743666e-05
2026-08-22T03:28:16.072641,10.67,-8.163955241163323e-15,-1.2562807804739645e-27,0.0,2.864636577282198e-06,0.0,0.0,1.4323182886406092e-06,0.9999999999989743,-8.59733076662471e-18,-1.2514094353249448e-25,0.0,0.0,0.0,-0.00012197159083681449
2026-08-22T03:28:16.092765,10.68,-8.163868886597057e-15,-2.982497679371641e-32,0.0,1.3709033908071433e-12,0.0,0.0,6.854516954035716e-13,1.0,-1.6827531909771283e-23,-2.773651359748831e-25,0.0,0.0,0.0,-0.00021031909813004705
2026-08-22T03:28:16.125207,10.71,-8.163781509411085e-15,-1.6479928152669863e-27,0.0,-5.080127603473983e-06,0.0,0.0,-2.54006380173426e-06,0.999999999996774,1.2819325093510075e-19,-1.6441149051717983e-25,0.0,0.0,0.0,3.793708418192688e-05
2026-08-22T03:28:16.147986,10.73,-8.163607908941576e-15,2.890723300158535e-27,0.0,4.551938996399939e-06,0.0,0.0,2.275969498198005e-06,0.99999999999741,4.490639179766357e-18,2.9034024816766497e-25,0.0,0.0,0.0,-5.555951377241399e-05
2026-08-22T03:28:16.169807,10.75,-8.163521182240845e-15,1.6271913732041768e-27,0.0,-2.2787478828334433e-06,0.0,0.0,-1.139373941416475e-06,0.999999999999351,4.4887142209935924e-18,1.636860556826733e-25,0.0,0.0,0.0,-0.00027483060102392214
2026-08-22T03:28:16.183633,10.76,-8.163608677837209e-15,9.040690755260781e-32,0.0,-4.1886494273057906e-12,0.0,0.0,-2.0943247136528953e-12,1.0,9.164170416370818e-24,-5.995875036547961e-26,0.0,0.0,0.0,-6.031162517798898e-06
2026-08-22T03:28:16.208638,10.78,-8.16365204596722e-15,2.90127178536627e-32,0.0,-3.560263195367952e-12,0.0,0.0,-1.780131597683976e-12,1.0,4.3368006096812724e-18,-6.16990295164763e-26,0.0,0.0,0.0,-9.619746424092138e-05
2026-08-22T03:28:16.230149,10.81,-8.163825057677206e-15,-1.84788058595737e-27,0.0,-6.625217703337684e-07,0.0,0.0,-3.312608851668781e-07,0.9999999999999452,-4.244720453795712e-18,-1.844722817215299e-25,0.0,0.0,0.0,5.260891036809037e-05
2026-08-22T03:28:16.250781,10.83,-8.163781559592379e-15,-1.672594006632737e-27,0.0,-2.949164876309141e-06,0.0,0.0,-1.4745824381540358e-06,0.9999999999989128,1.1816138998580217e-19,-1.6690779464133809e-25,0.0,0.0,0.0,0.0001549396106490575
2026-08-22T03:28:16.290564,10.85,-8.163868439212741e-15,-2.761015204480364e-27,0.0,5.69967111729852e-07,0.0,0.0,2.849835558649222e-07,0.9999999999999594,-4.2473711351273076e-18,-2.7596775689138457e-25,0.0,0.0,0.0,9.989990124408171e-05
2026-08-22T03:28:16.310648,10.870000000000001,-8.163738204629204e-15,-3.44204628928383e-27,0.0,1.6817968839788477e-07,0.0,0.0,8.40898441989423e-08,0.9999999999999964,1.1555400694096934e-19,-3.4419101022202193e-25,0.0,0.0,0.0,0.0001373923370055364
2026-08-22T03:28:16.333046,10.89,-8.163738211653306e-15,-3.3448704809977874e-27,0.0,1.1208930041917142e-06,0.0,0.0,5.604465020958278e-07,0.9999999999998429,1.141101648378127e-19,-3.344530614984549e-25,0.0,0.0,0.0,-8.763766623269838e-05
2026-08-22T03:28:16.357866,10.9,-8.163738782206427e-15,2.1600712257859163e-32,0.0,2.0383694732117874e-13,0.0,0.0,1.0191847366058937e-13,1.0,4.507040866997653e-25,-3.262970225159412e-25,0.0,0.0,0.0,-0.00017734854140067857
2026-08-22T03:28:16.377554,10.93,-8.163825098252065e-15,-3.89755269313063e-27,0.0,-7.219666593449858e-07,0.0,0.0,-3.609833296724851e-07,0.9999999999999348,-4.252796347115441e-18,-3.898431196405491e-25,0.0,0.0,0.0,4.614189913253994e-06
2026-08-22T03:28:16.401024,10.95,-8.163781599421393e-15,-3.5490165318256e-27,0.0,-7.972389739485665e-07,0.0,0.0,-3.9861948697427264e-07,0.9999999999999205,1.101956341927997e-19,-3.5490631049115266e-25,0.0,0.0,0.0,-0.0001993989028679607
2026-08-22T03:28:16.424521,10.97,-8.163955350886884e-15,-4.102042542081416e-27,0.0,-5.315846545173032e-07,0.0,0.0,-2.657923272586484e-07,0.9999999999999647,-8.619292693402198e-18,-4.1033672576643617e-25,0.0,0.0,0.0,9.404835819595936e-05
2026-08-22T03:28:16.443072,10.99,-8.163955218425403e-15,-4.2824742736634875e-27,0.0,-1.3837086694223901e-06,0.0,0.0,-6.918543347111398e-07,0.9999999999997606,-4.25593548885028e-18,-4.283928311842285e-25,0.0,0.0,0.0,9.967794880038169e-06
2026-08-22T03:28:16.460709,11.01,-8.164041959487049e-15,-4.574102798797708e-27,0.0,-7.069487013566801e-07,0.0,0.0,-3.5347435067833263e-07,0.9999999999999375,-4.256943409342353e-18,-4.576135987444456e-25,0.0,0.0,0.0,-2.361497034394471e-05
2026-08-22T03:28:16.482356,11.03,-8.164258941072889e-15,-5.051475669538861e-27,0.0,-4.329258721735841e-06,0.0,0.0,-2.16462936086623e-06,0.9999999999976572,-8.622003881810371e-18,-5.0544087132611655e-25,0.0,0.0,0.0,-8.048471921228724e-05
2026-08-22T03:28:16.510659,11.05,-8.164085063684744e-15,4.146131484017781e-28,0.0,2.749745932728587e-06,0.0,0.0,1.3748729663638603e-06,0.9999999999990549,4.469507872677014e-18,4.2240872143723506e-26,0.0,0.0,0.0,-4.293368918637143e-05
2026-08-22T03:28:16.536635,11.07,-8.163868095046988e-15,-2.100316977379019e-27,0.0,-6.014184528169152e-07,0.0,0.0,-3.007092264084531e-07,0.9999999999999548,8.83192236621321e-18,-2.0979288013733032e-25,0.0,0.0,0.0,0.0001664181972256205
2026-08-22T03:28:16.563891,11.09,-8.164085353675077e-15,-2.0234516581839845e-27,0.0,-1.2637599740017438e-06,0.0,0.0,-6.318799870008297e-07,0.9999999999998004,-4.262228654741668e-18,-2.0205445788626666e-25,0.0,0.0,0.0,-0.0001093491227905762
2026-08-22T03:28:16.587542,11.11,-8.164041854597946e-15,-1.2176487471860625e-27,0.0,1.1505915060716634e-06,0.0,0.0,5.752957530357998e-07,0.9999999999998345,1.0086465867960009e-19,-1.2133204947001603e-25,0.0,0.0,0.0,-6.597929358508441e-05
2026-08-22T03:28:16.609667,11.12,-8.163955622705833e-15,4.919436523767334e-32,0.0,4.0900616227190767e-13,0.0,0.0,2.0450308113595383e-13,1.0,4.336800523942717e-18,-1.9043590018237918e-25,0.0,0.0,0.0,-3.770000910599268e-05
2026-08-22T03:28:16.647286,11.15,-8.16417210891933e-15,-2.2244253631392737e-27,0.0,5.927650321702061e-07,0.0,0.0,2.963825160850987e-07,0.999999999999956,-4.266038385411647e-18,-2.22205075967356e-25,0.0,0.0,0.0,0.0002591840576619351
2026-08-22T03:28:16.667841,11.17,-8.164215481883735e-15,-2.8028281505085986e-27,0.0,-4.539303388728655e-06,0.0,0.0,-2.269651694362379e-06,0.9999999999974244,-4.2669444940008975e-18,-2.801509985842436e-25,0.0,0.0,0.0,-1.362956445284132e-05
2026-08-22T03:28:16.690032,11.19,-8.164128613965367e-15,1.7361289463134917e-28,0.0,-1.4665860597062878e-06,0.0,0.0,-7.33293029853078e-07,0.9999999999997311,9.623463553567982e-20,1.8046224464306116e-26,0.0,0.0,0.0,0.00020880154220582426
2026-08-22T03:28:16.713236,11.21,-8.164128619818655e-15,2.0210249835772482e-28,0.0,-1.3310443254255235e-06,0.0,0.0,-6.655221627127125e-07,0.9999999999997785,9.503362835764466e-20,2.0894995004631078e-26,0.0,0.0,0.0,-2.5966174230762686e-05
2026-08-22T03:28:16.740054,11.23,-8.164041753445552e-15,7.199602994120102e-28,0.0,-4.167063730076138e-06,0.0,0.0,-2.0835318650365612e-06,0.9999999999978294,4.4578950328463386e-18,7.278166169570153e-26,0.0,0.0,0.0,-4.5342368188586364e-05
2026-08-22T03:28:16.768023,11.25,-8.164128633213306e-15,-2.0923039835055424e-27,0.0,9.262054079250958e-07,0.0,0.0,4.6310270396253136e-07,0.9999999999998928,9.232435711885202e-20,-2.0899028046032916e-25,0.0,0.0,0.0,0.00021797258195649147
2026-08-22T03:28:16.794194,11.26,-8.164042358879716e-15,4.098080982068894e-32,0.0,2.587707825796315e-12,0.0,0.0,1.2938539128981574e-12,1.0,4.33680049017662e-18,-2.6005681931915125e-25,0.0,0.0,0.0,-2.9275221523638565e-05
2026-08-22T03:28:16.817921,11.28,-8.1640423587499e-15,7.899014866760961e-32,0.0,-2.3785418079569354e-12,0.0,0.0,-1.1892709039784677e-12,1.0,9.032081824702966e-24,-3.3261472777131293e-25,0.0,0.0,0.0,4.5004870679322604e-05
2026-08-22T03:28:16.838173,11.31,-8.164042052366109e-15,-3.315109828095326e-27,0.0,-2.1096278506327337e-06,0.0,0.0,-1.0548139253161712e-06,0.9999999999994437,-4.275514774016666e-18,-3.315065849811173e-25,0.0,0.0,0.0,0.0001229485298732946
2026-08-22T03:28:16.859681,11.33,-8.163824807329177e-15,-1.1338380537209251e-27,0.0,3.890034126374787e-06,0.0,0.0,1.9450170631861666e-06,0.9999999999981084,8.815874665705813e-18,-1.1295218459708077e-25,0.0,0.0,0.0,0.0001314792080229064
2026-08-22T03:28:16.904733,11.35,-8.163738079648233e-15,-3.472638614034995e-28,0.0,2.1123064528616457e-06,0.0,0.0,1.0561532264306264e-06,0.9999999999994422,8.814111053735049e-18,-3.4211200314981234e-26,0.0,0.0,0.0,9.542809430218625e-05
2026-08-22T03:28:16.926937,11.37,-8.163911833096488e-15,2.905371398835738e-27,0.0,-1.3604602466799065e-07,0.0,0.0,-6.802301233399527e-08,0.9999999999999977,8.423051268064743e-20,2.9171399534309674e-25,0.0,0.0,0.0,-0.00041116446686363054
2026-08-22T03:28:16.948440,11.39,-8.163998711125796e-15,2.8007270763655125e-27,0.0,-3.0697688035985493e-07,0.0,0.0,-1.5348844017992686e-07,0.9999999999999882,-4.280901405964326e-18,2.812009091103388e-25,0.0,0.0,0.0,0.00019987067545200175
2026-08-22T03:28:16.974745,11.41,-8.163998578575587e-15,2.319379278719896e-27,0.0,3.8252987177855857e-07,0.0,0.0,1.9126493588927812e-07,0.9999999999999817,8.24431876366097e-20,2.329784853849575e-25,0.0,0.0,0.0,0.00029923717182679286
2026-08-22T03:28:16.995717,11.42,-8.164085726815196e-15,3.075956175279931e-32,0.0,2.8119728767705965e-12,0.0,0.0,1.4059864383852982e-12,1.0,3.2520616275520177e-25,2.5157339859041264e-25,0.0,0.0,0.0,2.269299167012985e-05
2026-08-22T03:28:17.023072,11.45,-8.164345805731688e-15,2.816734081586531e-27,0.0,2.354151206418464e-06,0.0,0.0,1.1770756032089603e-06,0.9999999999993072,-8.647722411975353e-18,2.8281386720971653e-25,0.0,0.0,0.0,0.00019865788917682937
2026-08-22T03:28:17.045971,11.47,-8.164302167271158e-15,5.911374337403495e-28,0.0,2.936728662916721e-06,0.0,0.0,1.4683643314578328e-06,0.999999999998922,8.004743061444858e-20,5.979997337488331e-26,0.0,0.0,0.0,0.0003394182708218584
2026-08-22T03:28:17.070010,11.48,-8.164302567336452e-15,2.6318594016852433e-32,0.0,5.274447545389194e-12,0.0,0.0,2.637223772694597e-12,1.0,3.16199814211564e-25,6.425146094711446e-26,0.0,0.0,0.0,-0.0003548637964396806
2026-08-22T03:28:17.095006,11.51,-8.164389049356853e-15,-6.931036718087747e-28,0.0,-1.4370112340067465e-06,0.0,0.0,-7.185056170033114e-07,0.9999999999997419,-4.2859911679981995e-18,-6.8874997281833e-26,0.0,0.0,0.0,0.00012965164122514134
2026-08-22T03:28:17.113271,11.53,-8.164128435701186e-15,1.0266174637673835e-27,0.0,-2.4345899563016365e-07,0.0,0.0,-1.217294978150815e-07,0.9999999999999926,8.805530658241648e-18,1.0342959912304504e-25,0.0,0.0,0.0,-0.00018698421781644824
2026-08-22T03:28:17.146959,11.55,-8.164345692411261e-15,-2.8474118107211117e-28,0.0,-1.5040657790343916e-06,0.0,0.0,-7.520328895171249e-07,0.9999999999997172,-4.288271456401309e-18,-2.7979793043651095e-26,0.0,0.0,0.0,0.0001916674938788153
2026-08-22T03:28:17.171094,11.57,-8.164302191697291e-15,-1.6730475224921864e-28,0.0,1.769822297603696e-07,0.0,0.0,8.849111488018468e-08,0.9999999999999961,7.514922297928108e-20,-1.6205366079713437e-26,0.0,0.0,0.0,0.0002472811502489626
2026-08-22T03:28:17.187416,11.59,-8.164475940960481e-15,1.0510670270567572e-29,0.0,1.5032171227780113e-06,0.0,0.0,7.516085613889348e-07,0.9999999999997176,-8.65389864777482e-18,1.629825701432295e-27,0.0,0.0,0.0,-4.954947913902053e-05
2026-08-22T03:28:17.214998,11.61,-8.16430206163222e-15,-1.4400550388736102e-27,0.0,-2.928172989413725e-06,0.0,0.0,-1.464086494706339e-06,0.9999999999989282,4.438005465032805e-18,-1.4372924050729765e-25,0.0,0.0,0.0,-3.3054807598090804e-05
2026-08-22T03:28:17.236187,11.62,-8.16447603953287e-15,1.5287999709766095e-31,0.0,-2.715605518233133e-12,0.0,0.0,-1.3578027591165664e-12,1.0,-8.673591286700524e-18,-5.612142674131502e-25,0.0,0.0,0.0,-0.00010922784423023194
2026-08-22T03:28:17.273810,11.65,-8.164432309609285e-15,-4.239942973609823e-27,0.0,1.3103702585226529e-06,0.0,0.0,6.551851292612795e-07,0.9999999999997854,7.244933717481535e-20,-4.242373042679782e-25,0.0,0.0,0.0,9.252067795718311e-06
2026-08-22T03:28:17.300184,11.67,-8.164432313816202e-15,-4.141067692270689e-27,0.0,6.53596500610476e-06,0.0,0.0,3.267982503046563e-06,0.9999999999946602,7.1555918704841e-20,-4.143307213187079e-25,0.0,0.0,0.0,-0.00010037359097793755
2026-08-22T03:28:17.320580,11.69,-8.164475686360288e-15,-2.3476556403334945e-27,0.0,-6.093603972523454e-07,0.0,0.0,-3.0468019862616797e-07,0.9999999999999536,7.065581313455391e-20,-2.346500017407715e-25,0.0,0.0,0.0,0.0001163763895835634
2026-08-22T03:28:17.353038,11.71,-8.164215073806615e-15,-1.5857052352278582e-27,0.0,8.336138765940859e-07,0.0,0.0,4.168069382970309e-07,0.9999999999999132,1.316193555760529e-17,-1.5831436577438532e-25,0.0,0.0,0.0,-6.815201361355037e-05
2026-08-22T03:28:17.372873,11.73,-8.164345595661292e-15,-1.0978517606358727e-27,0.0,-1.2017032031685917e-06,0.0,0.0,-6.008516015842596e-07,0.9999999999998195,6.788711138319673e-20,-1.0944132720870183e-25,0.0,0.0,0.0,-9.118871038951807e-05
2026-08-22T03:28:17.413971,11.75,-8.164389104681361e-15,-1.2229889206305604e-27,0.0,-2.4344170350687486e-06,0.0,0.0,-1.2172085175340734e-06,0.9999999999992591,-4.29704732999075e-18,-1.2198702552672073e-25,0.0,0.0,0.0,0.00021398013247459733
2026-08-22T03:28:17.438507,11.77,-8.164258730680176e-15,1.3670970120681174e-28,0.0,-3.3440741797896587e-06,0.0,0.0,-1.6720370898940499e-06,0.9999999999986021,4.4305568548407745e-18,1.4248718515062638e-26,0.0,0.0,0.0,-0.00011361033020750117
2026-08-22T03:28:17.467208,11.79,-8.164432617176273e-15,-3.152684762414509e-27,0.0,4.780424713857201e-07,0.0,0.0,2.3902123569285777e-07,0.9999999999999715,-8.662772142807944e-18,-3.1536578237405497e-25,0.0,0.0,0.0,-7.278053614220448e-05
2026-08-22T03:28:17.486070,11.81,-8.164085128958647e-15,-3.687283834703519e-27,0.0,-3.790363316547029e-07,0.0,0.0,-1.8951816582735034e-07,0.999999999999982,8.793292216673397e-18,-3.6887358104334723e-25,0.0,0.0,0.0,-9.984436307266037e-05
2026-08-22T03:28:17.505858,11.83,-8.16434575275173e-15,-4.757763768061347e-27,0.0,2.1135085219725624e-06,0.0,0.0,1.0567542609860845e-06,0.9999999999994417,-4.300348150912809e-18,-4.761351183156526e-25,0.0,0.0,0.0,8.462334516471043e-06
2026-08-22T03:28:17.535418,11.85,-8.164128506630305e-15,-7.100218166544883e-27,0.0,8.011202590196833e-07,0.0,0.0,4.0056012950983085e-07,0.9999999999999197,8.79133624616991e-18,-7.108342388757464e-25,0.0,0.0,0.0,0.00018571666799787224
2026-08-22T03:28:17.554262,11.870000000000001,-8.164302258192826e-15,-4.969004297202049e-27,0.0,-1.3047164029167393e-06,0.0,0.0,-6.523582014583233e-07,0.9999999999997872,6.176779911314366e-20,-4.972720400995877e-25,0.0,0.0,0.0,0.0003621628288622428
2026-08-22T03:28:17.580233,11.89,-8.164345630511504e-15,-5.188127596719275e-27,0.0,2.0529241862021766e-08,0.0,0.0,1.0264620931010882e-08,1.0,6.097348836043666e-20,-5.192309791102032e-25,0.0,0.0,0.0,0.00017681149091781172
2026-08-22T03:28:17.596177,11.91,-8.164345634386942e-15,-5.073307709736419e-27,0.0,3.2013504163153073e-06,0.0,0.0,1.60067520815697e-06,0.9999999999987189,6.020707868686836e-20,-5.077243084518696e-25,0.0,0.0,0.0,-0.00013864297254499735
2026-08-22T03:28:17.618236,11.92,-8.164432671510612e-15,2.117722970068312e-32,0.0,1.5130119379591633e-12,0.0,0.0,7.565059689795817e-13,1.0,2.373624556152163e-25,-3.32353944040292e-25,0.0,0.0,0.0,1.4793378131229567e-05
2026-08-22T03:28:17.658308,11.95,-8.164519386685641e-15,-3.2072636312057353e-27,0.0,2.4201210813146195e-07,0.0,0.0,1.2100605406573066e-07,0.9999999999999927,-8.669408859896317e-18,-3.207592586226327e-25,0.0,0.0,0.0,0.0003164131080085539
2026-08-22T03:28:17.683659,11.97,-8.164345506295729e-15,-5.020095761009795e-27,0.0,-3.137461979108025e-07,0.0,0.0,-1.568730989554006e-07,0.9999999999999877,4.422690235609318e-18,-5.02415697849281e-25,0.0,0.0,0.0,-0.00012419343917369135
2026-08-22T03:28:17.703158,11.99,-8.164389015501089e-15,-5.365493337892333e-27,0.0,3.384685620666516e-07,0.0,0.0,1.69234281033325e-07,0.9999999999999857,5.757996128840461e-20,-5.369936468747992e-25,0.0,0.0,0.0,0.00012458291387032754
2026-08-22T03:28:17.731895,12.01,-8.164432387318328e-15,-5.162547757817134e-27,0.0,8.529432138359994e-08,0.0,0.0,4.2647160691799955e-08,0.9999999999999991,5.684690822108167e-20,-5.166548001442214e-25,0.0,0.0,0.0,1.4688045992449421e-05
2026-08-22T03:28:17.751491,12.03,-8.164779880318059e-15,-4.9255954531197835e-27,0.0,-1.0756472068607084e-06,0.0,0.0,-5.378236034303281e-07,0.9999999999998553,-1.7400091469416628e-17,-4.929078862470135e-25,0.0,0.0,0.0,-0.0005048017468977261
2026-08-22T03:28:17.780822,12.05,-8.164779605244355e-15,1.1693855852353061e-27,0.0,-1.1516314732951116e-06,0.0,0.0,-5.758157366475239e-07,0.9999999999998342,-8.67134692320292e-18,1.1773071866120973e-25,0.0,0.0,0.0,6.842209543595271e-05
2026-08-22T03:28:17.801473,12.07,-8.164735964606131e-15,1.414250698551168e-27,0.0,-3.2225615012038138e-06,0.0,0.0,-1.6112807506012096e-06,0.9999999999987019,5.67543749298679e-20,1.4225944589457172e-25,0.0,0.0,0.0,-0.00018786127223992594
2026-08-22T03:28:17.821305,12.09,-8.164996584951126e-15,-2.305687277497361e-27,0.0,-1.9669833717372859e-07,0.0,0.0,-9.834916858686411e-08,0.9999999999999951,-1.3036109645601979e-17,-2.305145894437192e-25,0.0,0.0,0.0,-3.185854383639015e-05
2026-08-22T03:28:17.842926,12.11,-8.164909439051186e-15,-1.8269184758872567e-27,0.0,-8.231805681546689e-08,0.0,0.0,-4.115902840773343e-08,0.9999999999999991,5.635656926345621e-20,-1.8246978020501391e-25,0.0,0.0,0.0,0.00020383435522042882
2026-08-22T03:28:17.863988,12.12,-8.164909720553278e-15,2.3303258330617996e-32,0.0,1.6289192217300297e-12,0.0,0.0,8.144596108650148e-13,1.0,2.2264449055426553e-25,-1.767818895733421e-25,0.0,0.0,0.0,-0.00028726158497658716
2026-08-22T03:28:17.913650,12.15,-8.164909445680933e-15,-1.738737092156173e-27,0.0,7.925680454157202e-07,0.0,0.0,3.9628402270784974e-07,0.9999999999999215,5.497425052387895e-20,-1.7364060010726053e-25,0.0,0.0,0.0,-0.0001941319512969114
2026-08-22T03:28:17.935518,12.17,-8.164735704444118e-15,-2.3001952386631273e-27,0.0,-1.145495872822977e-06,0.0,0.0,-5.727479364114571e-07,0.999999999999836,8.7823951715724e-18,-2.298890193347557e-25,0.0,0.0,0.0,-0.00035521272906197354
2026-08-22T03:28:17.959513,12.2,-8.164692880184135e-15,2.6076288462968267e-32,0.0,-2.504663143554353e-13,0.0,0.0,-1.2523315717771766e-13,1.0,-4.3367999158416615e-18,-4.252532579340437e-25,0.0,0.0,0.0,1.292420978929872e-06
2026-08-22T03:28:17.978353,12.21,-8.164736123203674e-15,-4.254888741684203e-27,0.0,-2.385419125783273e-06,0.0,0.0,-1.1927095628913535e-06,0.9999999999992887,-4.311803991736204e-18,-4.2573165278286095e-25,0.0,0.0,0.0,0.0003058482491079883
2026-08-22T03:28:17.998373,12.23,-8.164519012137746e-15,-1.896160777020236e-27,0.0,-1.2881605448988862e-06,0.0,0.0,-6.440802724493986e-07,0.9999999999997926,4.415987053923838e-18,-1.8941457812422041e-25,0.0,0.0,0.0,0.0001715068698643285
2026-08-22T03:28:18.055462,12.25,-8.164475648640703e-15,-1.4054252021130273e-27,0.0,6.527039588810625e-07,0.0,0.0,3.263519794405254e-07,0.9999999999999467,4.415008374734051e-18,-1.402415554414461e-25,0.0,0.0,0.0,0.00016097767686016733
2026-08-22T03:28:18.072805,12.27,-8.16451902156577e-15,-6.0087644292671995e-28,0.0,3.167754557331648e-06,0.0,0.0,1.5838772786651618e-06,0.9999999999987457,4.414023400881815e-18,-5.964854090903363e-26,0.0,0.0,0.0,0.00020794249952317968
2026-08-22T03:28:18.106862,12.29,-8.16434541802894e-15,-2.020814500418872e-27,0.0,7.695906409921349e-07,0.0,0.0,3.84795320496058e-07,0.999999999999926,8.7771088097527e-18,-2.019541860135144e-25,0.0,0.0,0.0,-0.0001020330980002314
2026-08-22T03:28:18.121383,12.31,-8.164345696769307e-15,-2.292050548565352e-27,0.0,-5.184522370971223e-06,0.0,0.0,-2.5922611854827083e-06,0.9999999999966401,4.770465979788173e-20,-2.2908720229017117e-25,0.0,0.0,0.0,1.4699705280439481e-05
2026-08-22T03:28:18.142374,12.33,-8.164389068030683e-15,-3.579307525983544e-27,0.0,1.2980342085633367e-06,0.0,0.0,6.490171042816228e-07,0.9999999999997894,4.708711544640355e-20,-3.5805192509312584e-25,0.0,0.0,0.0,-9.953471105480301e-06
2026-08-22T03:28:18.177752,12.35,-8.164389071033389e-15,-3.495043753070021e-27,0.0,-1.7117582284953414e-07,0.0,0.0,-8.558791142476697e-08,0.9999999999999963,4.649525120096889e-20,-3.4960885100604204e-25,0.0,0.0,0.0,-0.0001346938876937891
2026-08-22T03:28:18.193481,12.37,-8.16443244200246e-15,-3.4670262304803045e-27,0.0,2.3524184289414054e-07,0.0,0.0,1.1762092144707e-07,0.9999999999999931,4.591014679876801e-20,-3.4680108242770367e-25,0.0,0.0,0.0,4.814592992567296e-05
2026-08-22T03:28:18.215765,12.39,-8.164258700239322e-15,-3.566494839023464e-27,0.0,-3.633396659097344e-07,0.0,0.0,-1.8166983295486616e-07,0.9999999999999835,8.773445005625098e-18,-3.5677216467267408e-25,0.0,0.0,0.0,-0.0001256961513777778
2026-08-22T03:28:18.238250,12.41,-8.164389082782079e-15,-4.512787481406804e-27,0.0,-3.2003049827977748e-06,0.0,0.0,-1.6001524913982045e-06,0.9999999999987198,4.40934864267425e-20,-4.515779971378787e-25,0.0,0.0,0.0,4.956625984878059e-05
2026-08-22T03:28:18.262020,12.43,-8.164475958245607e-15,-5.652132460286318e-27,0.0,-1.956948896264521e-07,0.0,0.0,-9.784744481322589e-08,0.9999999999999952,-4.3205339519538794e-18,-5.657359812078591e-25,0.0,0.0,0.0,-0.0004507820342826542
2026-08-22T03:28:18.308872,12.46,-8.164476039533171e-15,-1.6299457095338328e-31,0.0,4.772182649048773e-12,0.0,0.0,2.3860913245243864e-12,1.0,-8.673591407734787e-18,8.131473412649111e-26,0.0,0.0,0.0,0.00027345785836054
2026-08-22T03:28:18.351017,12.49,-8.164649571761172e-15,2.4946938812964258e-27,0.0,-8.791729841917119e-07,0.0,0.0,-4.3958649209584174e-07,0.9999999999999034,-8.685545709302856e-18,2.505063303531372e-25,0.0,0.0,0.0,-0.00016292500800580394
2026-08-22T03:28:18.369236,12.51,-8.1645626987387e-15,4.095966733602461e-27,0.0,1.368010972502276e-06,0.0,0.0,6.840054862510846e-07,0.9999999999997661,-4.321337092302442e-18,4.1091375115074093e-25,0.0,0.0,0.0,-5.801727840559553e-05
2026-08-22T03:28:18.391441,12.53,-8.164606067556324e-15,4.19963362428174e-27,0.0,8.824890755931847e-07,0.0,0.0,4.4124453779657805e-07,0.9999999999999026,-4.3215222658180925e-18,4.213007855439106e-25,0.0,0.0,0.0,0.00047355384064809826
2026-08-22T03:28:18.420747,12.55,-8.164605932301532e-15,2.8440012263230797e-27,0.0,2.214599880367984e-06,0.0,0.0,1.1072999401837659e-06,0.9999999999993869,4.2341556505547406e-20,2.8545505959213802e-25,0.0,0.0,0.0,-0.00012296904528271536
2026-08-22T03:28:18.436799,12.57,-8.164605934854476e-15,2.823329346152469e-27,0.0,5.890812282416391e-10,0.0,0.0,2.9454061412081955e-10,1.0,4.181796075297662e-20,2.8338624555752183e-25,0.0,0.0,0.0,-0.0002277052039306437
2026-08-22T03:28:18.459776,12.59,-8.164649441781675e-15,2.790881314627787e-27,0.0,1.5669403996554365e-06,0.0,0.0,7.834701998276381e-07,0.9999999999996931,-4.322762959850587e-18,2.8011911491608147e-25,0.0,0.0,0.0,5.479076643824831e-05
2026-08-22T03:28:18.485912,12.61,-8.16451906616418e-15,1.430542346728891e-27,0.0,-8.123210837318595e-07,0.0,0.0,-4.061605418659186e-07,0.9999999999999175,4.405164485037492e-18,1.4381717403535871e-25,0.0,0.0,0.0,0.00015064516807766374
2026-08-22T03:28:18.503950,12.63,-8.164649446765586e-15,1.1934505941479443e-27,0.0,1.0062891306894528e-06,0.0,0.0,5.031445653447051e-07,0.9999999999998734,-4.323790092722268e-18,1.200737933255985e-25,0.0,0.0,0.0,6.0944019057093046e-05
2026-08-22T03:28:18.530438,12.65,-8.1645192075305e-15,1.4143432414153251e-28,0.0,-3.5862744627301883e-06,0.0,0.0,-1.793137231364133e-06,0.9999999999983923,4.008703661362753e-20,1.4663080537801255e-26,0.0,0.0,0.0,7.787781366280663e-05
2026-08-22T03:28:18.557616,12.68,-8.16456277566391e-15,-1.4761120533770946e-31,0.0,3.0691005292737827e-12,0.0,0.0,1.5345502646368914e-12,1.0,-1.3010382875496652e-17,6.400821174132327e-25,0.0,0.0,0.0,0.00025092842412049966
2026-08-22T03:28:18.577145,12.69,-8.164693096292632e-15,6.417046670673616e-27,0.0,8.356204590498351e-07,0.0,0.0,4.1781022952490536e-07,0.9999999999999127,-1.3053742868805399e-17,6.434539898197186e-25,0.0,0.0,0.0,-0.00013893852394067312
2026-08-22T03:28:18.601703,12.71,-8.164519077241449e-15,6.330080481640792e-27,0.0,4.244031126532377e-07,0.0,0.0,2.1220155632661727e-07,0.9999999999999775,4.4029837384253015e-18,6.346782879496662e-25,0.0,0.0,0.0,-0.00015117302583359256
2026-08-22T03:28:18.623302,12.73,-8.164388840408288e-15,5.6947987657256984e-27,0.0,-3.5025496272211858e-06,0.0,0.0,-1.7512748136096976e-06,0.9999999999984666,8.766241711149452e-18,5.710115773647655e-25,0.0,0.0,0.0,0.00027314449102604444
2026-08-22T03:28:18.653556,12.75,-8.1645627269489e-15,2.9819999733306843e-27,0.0,-3.9854852529330737e-07,0.0,0.0,-1.992742626466524e-07,0.9999999999999801,-4.327083179343201e-18,2.992074966147322e-25,0.0,0.0,0.0,-0.00027413866134970964
2026-08-22T03:28:18.678109,12.77,-8.164432351406265e-15,3.951898747454258e-27,0.0,-9.485550536147968e-07,0.0,0.0,-4.7427752680738064e-07,0.9999999999998875,4.400881333749192e-18,3.9638910259271863e-25,0.0,0.0,0.0,0.00014356822872090268
2026-08-22T03:28:18.695512,12.79,-8.16447585939254e-15,3.910852874907376e-27,0.0,-9.7027962908669e-07,0.0,0.0,-4.851398145433259e-07,0.9999999999998823,3.6036558941989925e-20,3.922526336458015e-25,0.0,0.0,0.0,7.384172062491841e-05
2026-08-22T03:28:18.718376,12.81,-8.16447599806098e-15,3.9898160972877136e-27,0.0,7.98991526274051e-07,0.0,0.0,3.9949576313701486e-07,0.9999999999999202,-4.328479633146511e-18,4.001490479925539e-25,0.0,0.0,0.0,3.6784740214237383e-05
2026-08-22T03:28:18.736111,12.83,-8.164649607125619e-15,4.358879527888614e-27,0.0,-2.231182723910763e-06,0.0,0.0,-1.11559136195515e-06,0.9999999999993777,-8.692648913731529e-18,4.371300982748416e-25,0.0,0.0,0.0,0.0002810746581803318
2026-08-22T03:28:18.785807,12.85,-8.164562461347397e-15,4.2975991853981845e-27,0.0,-2.2355721069899914e-06,0.0,0.0,-1.117786053494763e-06,0.9999999999993753,4.39974959081987e-18,4.309609816718524e-25,0.0,0.0,0.0,0.00016439223131389606
2026-08-22T03:28:18.810227,12.870000000000001,-8.164692841543721e-15,2.9486491457021878e-27,0.0,1.7872242530359017e-07,0.0,0.0,8.936121265179497e-08,0.999999999999996,-4.329128308304503e-18,2.958086708090319e-25,0.0,0.0,0.0,-3.260267487679729e-05
2026-08-22T03:28:18.835651,12.89,-8.164779714711979e-15,3.022552995392309e-27,0.0,6.720765761691895e-07,0.0,0.0,3.360382880845884e-07,0.9999999999999435,-8.693296695221822e-18,3.0320964329979832e-25,0.0,0.0,0.0,0.00019123003385369177
2026-08-22T03:28:18.857284,12.91,-8.16451896036649e-15,9.82933351638919e-28,0.0,1.6702953846703394e-06,0.0,0.0,8.351476923350726e-07,0.9999999999996513,8.763167280124357e-18,9.882605143771547e-26,0.0,0.0,0.0,0.00016198289086153772
2026-08-22T03:28:18.874615,12.93,-8.16469271000726e-15,3.966329143127034e-27,0.0,-2.656362734221318e-07,0.0,0.0,-1.328181367110655e-07,0.9999999999999912,3.3961497087098736e-20,3.97760577102887e-25,0.0,0.0,0.0,-5.5946466605703615e-06
2026-08-22T03:28:18.900549,12.95,-8.164649344484503e-15,3.984908652747346e-27,0.0,4.003602782631788e-09,0.0,0.0,2.001801391315894e-09,1.0,3.351805799168379e-20,3.996063975238528e-25,0.0,0.0,0.0,-0.00016310118492276096
2026-08-22T03:28:18.918860,12.97,-8.164605978500758e-15,3.9300530880163625e-27,0.0,3.3060413939800526e-06,0.0,0.0,1.6530206969892735e-06,0.9999999999986338,3.3097429793895743e-20,3.9410207516238075e-25,0.0,0.0,0.0,-0.00016983749353662346
2026-08-22T03:28:18.936252,13.0,-8.164519407771413e-15,3.10339290761013e-32,0.0,7.096545573404001e-12,0.0,0.0,3.5482727867020003e-12,1.0,1.290880333186759e-25,2.1925153837006623e-25,0.0,0.0,0.0,0.00019070172122572946
2026-08-22T03:28:18.957044,13.01,-8.16451924641097e-15,2.2001473949429725e-27,0.0,2.1579084159561997e-06,0.0,0.0,1.0789542079778906e-06,0.9999999999994179,3.22719595899969e-20,2.2077149041540813e-25,0.0,0.0,0.0,-0.000528223195195919
2026-08-22T03:28:18.976358,13.02,-8.164476039727884e-15,3.200187140327351e-32,0.0,-2.602806858931217e-12,0.0,0.0,-1.3014034294656085e-12,1.0,1.2768500672736584e-25,1.6119954766927436e-25,0.0,0.0,0.0,2.418338194009272e-05
2026-08-22T03:28:19.006046,13.05,-8.164432514304762e-15,1.5415243164689786e-27,0.0,1.0052891146195007e-06,0.0,0.0,5.026445573097293e-07,0.9999999999998737,3.146711953015092e-20,1.547745050991928e-25,0.0,0.0,0.0,-0.0005454000957102437
2026-08-22T03:28:19.025033,13.07,-8.164345643893086e-15,1.133509705699002e-27,0.0,-9.325130490012157e-07,0.0,0.0,-4.6625652450059095e-07,0.9999999999998913,4.3951275610817605e-18,1.1390546135929927e-25,0.0,0.0,0.0,-0.0001574126406391452
2026-08-22T03:28:19.045780,13.09,-8.164606264408125e-15,-5.9326638015437645e-28,0.0,-1.2123519872453412e-06,0.0,0.0,-6.061759936226336e-07,0.9999999999998163,-8.697766131105428e-18,-5.91410063299621e-26,0.0,0.0,0.0,0.00015862843540175622
2026-08-22T03:28:19.069086,13.11,-8.164562622910334e-15,-7.594083625529908e-28,0.0,-2.637963323337545e-07,0.0,0.0,-1.3189816616687685e-07,0.9999999999999913,3.062417063088082e-20,-7.57689482211128e-26,0.0,0.0,0.0,-9.824569674060861e-05
2026-08-22T03:28:19.094997,13.13,-8.164475888481486e-15,-6.02988187260849e-28,0.0,-3.204613612250995e-06,0.0,0.0,-1.6023068061248118e-06,0.9999999999987164,3.0257834995007075e-20,-6.009195326637358e-26,0.0,0.0,0.0,0.00011381027197469656
2026-08-22T03:28:19.129907,13.15,-8.164519258343336e-15,-1.404877904599152e-27,0.0,-5.50971799739841e-07,0.0,0.0,-2.7548589986991706e-07,0.999999999999962,2.9876827330669974e-20,-1.40433588730037e-25,0.0,0.0,0.0,-0.0001166261752133888
2026-08-22T03:28:19.156246,13.17,-8.164562628311333e-15,-1.5149514450228084e-27,0.0,2.992774888355143e-06,0.0,0.0,1.4963874441770131e-06,0.9999999999988805,2.95006093756448e-20,-1.5146215933584207e-25,0.0,0.0,0.0,0.0002006182215796237
2026-08-22T03:28:19.171952,13.19,-8.164649502554727e-15,-3.2123641073284454e-28,0.0,-1.8522068843118693e-06,0.0,0.0,-9.261034421558021e-07,0.9999999999995711,-4.334926170543802e-18,-3.1841548877895277e-26,0.0,0.0,0.0,5.8968856554772594e-05
2026-08-22T03:28:19.200521,13.21,-8.164605998562089e-15,2.5662184583886068e-28,0.0,-1.0000469008453194e-06,0.0,0.0,-5.000234504226389e-07,0.999999999999875,2.909819771938145e-20,2.6025316624089037e-26,0.0,0.0,0.0,-3.209828756036661e-05
2026-08-22T03:28:19.221847,13.22,-8.164606143945246e-15,2.83465341764573e-32,0.0,-1.1008971512183052e-12,0.0,0.0,-5.504485756091526e-13,1.0,1.149470860774161e-25,2.581155035661073e-26,0.0,0.0,0.0,-0.00010189665211822116
2026-08-22T03:28:19.250777,13.25,-8.164692874391637e-15,-1.1637882277574634e-28,0.0,6.237015344190412e-07,0.0,0.0,3.118507672095155e-07,0.9999999999999514,-4.3356761683017455e-18,-1.134752899445001e-26,0.0,0.0,0.0,-0.00030829976158924886
2026-08-22T03:28:19.271733,13.27,-8.164518993706856e-15,1.2536658860713645e-28,0.0,1.1341335932613106e-06,0.0,0.0,5.670667966306249e-07,0.9999999999998392,8.75646888914096e-18,1.2890344690118361e-26,0.0,0.0,0.0,0.0007471238920936954
2026-08-22T03:28:19.298360,13.29,-8.16460600702768e-15,4.870014593026441e-27,0.0,1.919279125850437e-06,0.0,0.0,9.596395629250712e-07,0.9999999999995396,2.734003874733471e-20,4.882563829828267e-25,0.0,0.0,0.0,5.3801842132942396e-05
2026-08-22T03:28:19.321762,13.3,-8.164519407836242e-15,7.645429635591825e-32,0.0,2.0476953466186387e-12,0.0,0.0,1.0238476733093194e-12,1.0,4.336800233489263e-18,3.576856111820439e-25,0.0,0.0,0.0,0.00012566503317301326
2026-08-22T03:28:19.339717,13.32,-8.164432671597401e-15,7.099185259983349e-32,0.0,6.674660824046441e-13,0.0,0.0,3.3373304120232206e-13,1.0,4.3368089041414594e-18,3.100650393152467e-25,0.0,0.0,0.0,-0.00032972205380928056
2026-08-22T03:28:19.379640,13.35,-8.164389175276798e-15,3.254994218125453e-27,0.0,-5.816646710954388e-07,0.0,0.0,-2.908323355477153e-07,0.9999999999999577,2.5633683627070023e-20,3.2639931821495844e-25,0.0,0.0,0.0,-5.815905866612087e-05
2026-08-22T03:28:19.398931,13.37,-8.16412855995807e-15,3.8785918655342926e-27,0.0,-3.1414979533295204e-06,0.0,0.0,-1.570748976664114e-06,0.9999999999987663,1.3117470773174223e-17,3.888809716273326e-25,0.0,0.0,0.0,-8.061073764663787e-05
2026-08-22T03:28:19.415204,13.39,-8.164041966279628e-15,2.7664865651487063e-27,0.0,-3.7660719875987074e-06,0.0,0.0,-1.8830359937982407e-06,0.9999999999982271,8.752093795183703e-18,2.7747337001637228e-25,0.0,0.0,0.0,8.641040950409105e-05
2026-08-22T03:28:19.438011,13.41,-8.164129116096916e-15,7.51036753454599e-28,0.0,-3.099862937450126e-06,0.0,0.0,-1.5499314687244425e-06,0.9999999999987988,-4.341069151210404e-18,7.54907900852033e-26,0.0,0.0,0.0,-7.333273496424466e-05
2026-08-22T03:28:19.457399,13.43,-8.164129116233538e-15,1.7330109850005765e-27,0.0,-2.997895860445965e-06,0.0,0.0,-1.498947930222421e-06,0.9999999999988766,-4.3410400975495565e-18,1.738665305030524e-25,0.0,0.0,0.0,-9.898409638548175e-05
2026-08-22T03:28:19.501524,13.45,-8.16404210736273e-15,3.497486906455513e-27,0.0,-8.679376057862954e-07,0.0,0.0,-4.3396880289313405e-07,0.9999999999999059,4.387125031382495e-18,3.5068413284481455e-25,0.0,0.0,0.0,0.00017557853723352765
2026-08-22T03:28:19.523173,13.47,-8.164172486873796e-15,3.2383923043391394e-27,0.0,1.8275582736038134e-07,0.0,0.0,9.137791368019053e-08,0.9999999999999958,-4.341602806950263e-18,3.247007965536553e-25,0.0,0.0,0.0,0.0001129353734228147
2026-08-22T03:28:19.548454,13.49,-8.164042246519193e-15,2.745257240900649e-27,0.0,-1.011314314958156e-06,0.0,0.0,-5.056571574790564e-07,0.9999999999998721,2.2498224710628812e-20,2.752803511476533e-25,0.0,0.0,0.0,-0.0001510437985855593
2026-08-22T03:28:19.571039,13.51,-8.163825134956051e-15,3.73720966440101e-27,0.0,3.0300576709940685e-06,0.0,0.0,1.5150288354964547e-06,0.9999999999988524,8.750336672492326e-18,3.7468180942484855e-25,0.0,0.0,0.0,0.00012177904863920969
2026-08-22T03:28:19.590013,13.53,-8.16352129052545e-15,1.2516044980827264e-27,0.0,-1.6491653704875375e-06,0.0,0.0,-8.245826852436753e-07,0.99999999999966,1.7477500845823303e-17,1.2554121771978804e-25,0.0,0.0,0.0,0.0001638024130860835
2026-08-22T03:28:19.626695,13.55,-8.163565075023019e-15,1.43021670298129e-27,0.0,-8.718633837112576e-07,0.0,0.0,-4.3593169185561504e-07,0.999999999999905,4.383710743325092e-18,1.435324870664374e-25,0.0,0.0,0.0,0.00016303813096758504
2026-08-22T03:28:19.638099,13.57,-8.163608582644371e-15,1.5005386634850486e-27,0.0,3.055963474718482e-06,0.0,0.0,1.5279817373586462e-06,0.9999999999988326,1.903869719520414e-20,1.505597387010868e-25,0.0,0.0,0.0,-2.1966645558106808e-05
2026-08-22T03:28:19.658020,13.58,-8.163521941815685e-15,1.5925867698758292e-31,0.0,2.3638868640318833e-12,0.0,0.0,1.1819434320159417e-12,1.0,8.673600325817064e-18,-8.468355934416506e-26,0.0,0.0,0.0,0.00022864029106156838
2026-08-22T03:28:19.686635,13.61,-8.163521852128252e-15,-1.9402517286180707e-29,0.0,1.5900599419360621e-06,0.0,0.0,7.950299709679471e-07,0.9999999999996839,1.7885484502676797e-20,-1.735851608208844e-27,0.0,0.0,0.0,-0.00021205898333416908
2026-08-22T03:28:19.706910,13.62,-8.163521941772872e-15,2.787900053242955e-32,0.0,-4.418687638008123e-13,0.0,0.0,-2.2093438190040615e-13,1.0,7.060853380881302e-26,-1.3471358488859537e-27,0.0,0.0,0.0,4.365422583825444e-05
2026-08-22T03:28:19.739830,13.65,-8.163521854664208e-15,-6.714247937940285e-30,0.0,-2.586030074525069e-07,0.0,0.0,-1.2930150372625312e-07,0.9999999999999917,1.7421663616202663e-20,-4.597870069877893e-28,0.0,0.0,0.0,-0.0002932609006583152
2026-08-22T03:28:19.762221,13.67,-8.163521855759128e-15,-2.923121984424061e-30,0.0,-1.349635692093898e-07,0.0,0.0,-6.748178460469484e-08,0.9999999999999977,1.720268086979004e-20,-8.157284887948145e-29,0.0,0.0,0.0,-0.00010014652493950667
2026-08-22T03:28:19.778350,13.69,-8.163521993092398e-15,2.1368239563175912e-29,0.0,-4.0098686127088e-06,0.0,0.0,-2.0049343063530567e-06,0.9999999999979902,-4.34706816231739e-18,2.346128891214203e-27,0.0,0.0,0.0,0.0003105663892721525
2026-08-22T03:28:19.804072,13.71,-8.163261375511044e-15,4.866858687963082e-27,0.0,-5.577315049798415e-07,0.0,0.0,-2.7886575248991714e-07,0.9999999999999611,8.745221449820179e-18,4.87828037909945e-25,0.0,0.0,0.0,-0.00021679342154112949
2026-08-22T03:28:19.819153,13.73,-8.163261651944406e-15,3.5348610977697916e-27,0.0,-6.516993544813943e-07,0.0,0.0,-3.2584967724069136e-07,0.9999999999999469,1.6235330790573627e-20,3.543422486481525e-25,0.0,0.0,0.0,-0.0002842554232774762
2026-08-22T03:28:19.846990,13.75,-8.163088044741227e-15,4.063327158484194e-27,0.0,-2.166899905731157e-06,0.0,0.0,-1.0834499528653664e-06,0.999999999999413,4.380071352412935e-18,4.0730549708934015e-25,0.0,0.0,0.0,-9.492121490404806e-05
2026-08-22T03:28:19.867221,13.77,-8.163044815390578e-15,4.0298217460264974e-27,0.0,-1.1624258751119498e-06,0.0,0.0,-5.812129375559422e-07,0.9999999999998311,1.5480885611126434e-20,4.039252788606805e-25,0.0,0.0,0.0,-0.0001230357768633727
2026-08-22T03:28:19.891956,13.79,-8.162784335642494e-15,5.452046325691345e-27,0.0,3.587643129687735e-06,0.0,0.0,1.793821564842905e-06,0.9999999999983911,8.743390981290768e-18,5.464329825651547e-25,0.0,0.0,0.0,-9.183628983477438e-05
2026-08-22T03:28:19.910628,13.81,-8.162871348162824e-15,7.671824794433783e-27,0.0,1.66164889403575e-07,0.0,0.0,8.30824447017874e-08,0.9999999999999966,1.4417892118037514e-20,7.687938828933769e-25,0.0,0.0,0.0,8.004317766354392e-05
2026-08-22T03:28:19.928986,13.83,-8.162784477026017e-15,7.493808472245e-27,0.0,-5.242154572648872e-07,0.0,0.0,-2.6210772863244056e-07,0.9999999999999657,4.378275399831063e-18,7.509465787060093e-25,0.0,0.0,0.0,-0.0003223051185541371
2026-08-22T03:28:19.978471,13.85,-8.162784615696154e-15,6.47986577026544e-27,0.0,7.131872350463198e-07,0.0,0.0,3.565936175231523e-07,0.9999999999999364,1.370682820188171e-20,6.4934650116950095e-25,0.0,0.0,0.0,-0.0001528421547259203
2026-08-22T03:28:19.998475,13.870000000000001,-8.162524135879939e-15,5.4714113343451004e-27,0.0,-9.166152099560065e-07,0.0,0.0,-4.5830760497798723e-07,0.999999999999895,8.741639223523915e-18,5.483107409595842e-25,0.0,0.0,0.0,-0.0002570224858901294
2026-08-22T03:28:20.021588,13.89,-8.162394035551296e-15,4.292792626928337e-27,0.0,-6.821311115956519e-07,0.0,0.0,-3.410655557978193e-07,0.9999999999999418,8.740800776821323e-18,4.302335010146103e-25,0.0,0.0,0.0,2.548860630167172e-05
2026-08-22T03:28:20.042800,13.9,-8.162351003382733e-15,-3.915115270807828e-33,0.0,-3.566036355096003e-13,0.0,0.0,-1.7830181775480014e-13,1.0,8.673617645020602e-18,4.519565446863716e-25,0.0,0.0,0.0,-0.00026854821139057314
2026-08-22T03:28:20.058012,13.93,-8.162524692859122e-15,1.3857136375703237e-28,0.0,1.549369803566236e-06,0.0,0.0,7.746849017830406e-07,0.9999999999996999,-8.717103459459465e-18,1.3960714721192223e-26,0.0,0.0,0.0,-0.0001681834107702939
2026-08-22T03:28:20.108508,13.95,-8.162394314160279e-15,-5.8705028919580105e-28,0.0,2.5270457308934624e-06,0.0,0.0,1.263522865446395e-06,0.9999999999992017,1.1522648657153495e-20,-5.869646005405149e-26,0.0,0.0,0.0,-0.0001352987533288334
2026-08-22T03:28:20.132860,13.97,-8.162220706098229e-15,-2.829199440619541e-27,0.0,1.39018569544902e-07,0.0,0.0,6.950928477245094e-08,0.9999999999999976,4.3754523827559035e-18,-2.833508056356747e-25,0.0,0.0,0.0,1.1604562640295107e-05
2026-08-22T03:28:20.150237,13.99,-8.162177340205168e-15,-2.749156318394414e-27,0.0,-3.1869463641420737e-06,0.0,0.0,-1.5934731820703624e-06,0.9999999999987305,4.374974587586457e-18,-2.7531944223137107e-25,0.0,0.0,0.0,-5.3309328876412296e-05
2026-08-22T03:28:20.178074,14.01,-8.162220846866298e-15,-4.070154723229559e-27,0.0,2.742080345008447e-07,0.0,0.0,1.371040172504219e-07,0.9999999999999906,1.0438207168003587e-20,-4.076654249960475e-25,0.0,0.0,0.0,-2.915762273357571e-05
2026-08-22T03:28:20.198095,14.02,-8.162177531100478e-15,2.5534361931046336e-32,0.0,-1.4210854715202004e-14,0.0,0.0,-7.105427357601002e-15,1.0,4.336800166529212e-18,-4.098763621605853e-25,0.0,0.0,0.0,0.00011651808231117297
2026-08-22T03:28:20.225190,14.05,-8.161960369059615e-15,-4.9744619069586126e-27,0.0,1.5183210018143713e-06,0.0,0.0,7.591605009071126e-07,0.9999999999997118,8.737947015841856e-18,-4.982648753321415e-25,0.0,0.0,0.0,-0.00016515995749781634
2026-08-22T03:28:20.248281,14.07,-8.16196050908671e-15,-5.147629964241528e-27,0.0,-1.5763265581725254e-06,0.0,0.0,-7.881632790861809e-07,0.9999999999996894,4.3730897079581606e-18,-5.156082853913149e-25,0.0,0.0,0.0,-6.953278416505896e-05
2026-08-22T03:28:20.264003,14.09,-8.161830271088939e-15,-4.643817932562178e-27,0.0,-5.137809778954506e-06,0.0,0.0,-2.5689048894744273e-06,0.9999999999967004,8.73668034573055e-18,-4.650942511802371e-25,0.0,0.0,0.0,-6.761931985643582e-05
2026-08-22T03:28:20.285658,14.11,-8.162004019519628e-15,-1.1504226176426807e-26,0.0,-9.862797583082283e-07,0.0,0.0,-4.931398791540942e-07,0.9999999999998784,7.781628001711171e-21,-1.1524472873602781e-24,0.0,0.0,0.0,-1.3439825041991287e-05
2026-08-22T03:28:20.305108,14.13,-8.162004020398446e-15,-1.1315354735334553e-26,0.0,-7.935336152620209e-07,0.0,0.0,-3.9676680763100004e-07,0.9999999999999213,7.666578950016656e-21,-1.1335062178675691e-24,0.0,0.0,0.0,-6.42320442098146e-05
2026-08-22T03:28:20.335678,14.15,-8.161917148534302e-15,-1.0825881705615326e-26,0.0,8.795081809509497e-07,0.0,0.0,4.397540904754607e-07,0.9999999999999033,4.371626185967392e-18,-1.0844450352806689e-24,0.0,0.0,0.0,-1.699263989062759e-06
2026-08-22T03:28:20.360775,14.17,-8.16196065483348e-15,-1.0310105641207143e-26,0.0,3.472741789689593e-06,0.0,0.0,1.736370894843924e-06,0.9999999999984925,7.140512174895575e-21,-1.0327632238042163e-24,0.0,0.0,0.0,0.00020147788460921545
2026-08-22T03:28:20.378372,14.19,-8.161917287386831e-15,-1.1021667081073691e-26,0.0,-1.3954154809425745e-07,0.0,0.0,-6.977077404712867e-08,0.9999999999999976,7.042819592539446e-21,-1.104040307340215e-24,0.0,0.0,0.0,-1.3107460766908482e-05
2026-08-22T03:28:20.405283,14.21,-8.16174354309414e-15,-1.0731049911738094e-26,0.0,-2.8119017341232677e-06,0.0,0.0,-1.4059508670611707e-06,0.9999999999990117,8.735066239562667e-18,-1.0749072342765507e-24,0.0,0.0,0.0,-4.795751224784565e-06
2026-08-22T03:28:20.421584,14.23,-8.161700314785107e-15,-1.0952670902501354e-26,0.0,3.4361205982769154e-06,0.0,0.0,1.7180602991376124e-06,0.9999999999985242,4.3702544401316815e-18,-1.097084182496393e-24,0.0,0.0,0.0,-7.299245187291557e-05
2026-08-22T03:28:20.470702,14.25,-8.161570212817895e-15,-1.2698241235867068e-26,0.0,1.4215924823979265e-06,0.0,0.0,7.107962411989034e-07,0.9999999999997474,4.369826102136045e-18,-1.2719911346517463e-24,0.0,0.0,0.0,-0.00023293158814313578
2026-08-22T03:28:20.495515,14.28,-8.161743850340222e-15,1.3709103080580035e-31,0.0,2.9340974094793637e-12,0.0,0.0,1.4670487047396819e-12,1.0,-1.732295259585391e-23,-1.2797901209960752e-24,0.0,0.0,0.0,0.00030800617581371487
2026-08-22T03:28:20.542948,14.31,-8.161743820762884e-15,-1.2602724195997725e-26,0.0,-5.946830827774363e-07,0.0,0.0,-2.9734154138871376e-07,0.9999999999999558,5.889423718503687e-21,-1.2623561956579742e-24,0.0,0.0,0.0,6.182039314725053e-05
2026-08-22T03:28:20.561086,14.33,-8.161830693478998e-15,-1.2617037574165509e-26,0.0,9.395792299748963e-07,0.0,0.0,4.6978961498743083e-07,0.9999999999998896,-4.358240576570761e-18,-1.263775768169213e-24,0.0,0.0,0.0,-0.00023111341433482624
2026-08-22T03:28:20.589202,14.35,-8.16200430075997e-15,-1.1214226749465276e-26,0.0,-1.3309852695542192e-06,0.0,0.0,-6.654926347770604e-07,0.9999999999997785,-8.72203577901421e-18,-1.1232147975791118e-24,0.0,0.0,0.0,-0.00013053048438499057
2026-08-22T03:28:20.610034,14.37,-8.161917289386888e-15,-9.326381289707988e-27,0.0,-1.1273524656019163e-06,0.0,0.0,-5.636762328009283e-07,0.9999999999998411,6.677504737057329e-21,-9.340547221703266e-25,0.0,0.0,0.0,0.00026174662444819393
2026-08-22T03:28:20.629860,14.39,-8.162047666148558e-15,-9.736889003175672e-27,0.0,-3.1512414500056715e-06,0.0,0.0,-1.5756207250021833e-06,0.9999999999987587,-8.721500457120054e-18,-9.751718854407236e-25,0.0,0.0,0.0,1.8638210842191925e-05
2026-08-22T03:28:20.653609,14.41,-8.161960654873903e-15,-7.234416400705828e-27,0.0,2.1304538839750364e-06,0.0,0.0,1.0652269419873168e-06,0.9999999999994327,7.197478657841892e-21,-7.244484462936829e-25,0.0,0.0,0.0,0.0001930273958552603
2026-08-22T03:28:20.674607,14.43,-8.162177767762113e-15,-4.9291993782026184e-27,0.0,-2.4552642936548357e-06,0.0,0.0,-1.2276321468271093e-06,0.9999999999992465,-8.720988378026549e-18,-4.934457092080387e-25,0.0,0.0,0.0,2.6035655265230846e-05
2026-08-22T03:28:20.706986,14.45,-8.162307733093139e-15,-5.8973712024192665e-27,0.0,1.2807331071229555e-06,0.0,0.0,6.40366553561434e-07,0.9999999999997949,-4.356354889630911e-18,-5.904940539517599e-25,0.0,0.0,0.0,-6.552993116078443e-05
2026-08-22T03:28:20.727466,14.47,-8.162524708366624e-15,-4.480213096833277e-27,0.0,-8.282769226042319e-08,0.0,0.0,-4.141384613021158e-08,0.9999999999999991,-8.720157235472574e-18,-4.484800055218366e-25,0.0,0.0,0.0,0.0003293771968879742
2026-08-22T03:28:20.748003,14.49,-8.162481065201897e-15,-6.040486037977392e-27,0.0,1.8459283213090316e-07,0.0,0.0,9.229641606545145e-08,0.9999999999999958,8.531756815443973e-21,-6.048232125066587e-25,0.0,0.0,0.0,2.0590771077993642e-05
2026-08-22T03:28:20.769778,14.5,-8.162437739621896e-15,1.9763817895069877e-32,0.0,3.255173908200959e-13,0.0,0.0,1.6275869541004795e-13,1.0,4.336800159050643e-18,-5.991866223311927e-25,0.0,0.0,0.0,-6.502002951907804e-05
2026-08-22T03:28:20.783958,14.53,-8.162220586747529e-15,-4.5315907201437666e-27,0.0,1.0736759046281461e-06,0.0,0.0,5.368379523140473e-07,0.9999999999998559,8.736113723751331e-18,-4.536351468044293e-25,0.0,0.0,0.0,0.0005324954297667101
2026-08-22T03:28:20.825803,14.55,-8.162003477668398e-15,-2.2423669890804213e-27,0.0,-1.0725407277867305e-06,0.0,0.0,-5.362703638933395e-07,0.9999999999998562,1.7463446698635495e-17,-2.2434639064019133e-25,0.0,0.0,0.0,-0.00018678351290608446
2026-08-22T03:28:20.850401,14.56,-8.162090794731842e-15,1.818183171234014e-31,0.0,-2.4500401707427955e-12,0.0,0.0,-1.2250200853713977e-12,1.0,3.4717095657521117e-23,-5.212975028980501e-25,0.0,0.0,0.0,2.884127338477019e-05
2026-08-22T03:28:20.868012,14.59,-8.161873653812059e-15,-5.412343538311546e-27,0.0,-2.47192813329633e-07,0.0,0.0,-1.235964066648162e-07,0.9999999999999923,8.733783476016282e-18,-5.418879761292607e-25,0.0,0.0,0.0,-1.276437163644402e-07
2026-08-22T03:28:20.893198,14.61,-8.161917297725022e-15,-5.4384073365410285e-27,0.0,1.304331851414986e-06,0.0,0.0,6.521659257074467e-07,0.9999999999997874,4.931826681132337e-21,-5.444638090353073e-25,0.0,0.0,0.0,-0.00017645314139259295
2026-08-22T03:28:20.913265,14.63,-8.162004170640617e-15,-4.837061472270087e-27,0.0,-1.7611002580686375e-06,0.0,0.0,-8.805501290342049e-07,0.9999999999996123,-4.359203375301066e-18,-4.84210186890483e-25,0.0,0.0,0.0,-8.377734329090817e-05
2026-08-22T03:28:20.952495,14.65,-8.16204753746817e-15,-4.52335604323992e-27,0.0,9.882272311578788e-07,0.0,0.0,4.941136155789193e-07,0.9999999999998779,-4.358929823526352e-18,-4.52789276527946e-25,0.0,0.0,0.0,0.0001589676035618854
2026-08-22T03:28:20.973219,14.67,-8.16200403181542e-15,-5.2229495025905714e-27,0.0,-2.360396952560961e-06,0.0,0.0,-1.1801984762802067e-06,0.9999999999993036,5.40488183869152e-21,-5.228691158938666e-25,0.0,0.0,0.0,-6.68982190467976e-05
2026-08-22T03:28:20.990533,14.68,-8.162090794818582e-15,1.515980198159554e-32,0.0,-2.524203068787756e-12,0.0,0.0,-1.262101534393878e-12,1.0,2.0925830719939797e-26,-6.322995702192075e-25,0.0,0.0,0.0,0.00020073184385423622
2026-08-22T03:28:21.015511,14.7,-8.162177531036294e-15,-6.922896403519975e-32,0.0,1.574296248918472e-12,0.0,0.0,7.87148124459236e-13,1.0,-8.673600229528383e-18,-4.673106021570045e-25,0.0,0.0,0.0,-0.00033084384741020867
2026-08-22T03:28:21.039085,14.72,-8.162134163187638e-15,2.2470341299959383e-31,0.0,-2.318145675417327e-13,0.0,0.0,-1.1590728377086634e-13,1.0,-4.3368174481176666e-18,-3.163932240055424e-25,0.0,0.0,0.0,-0.000229648085146671
2026-08-22T03:28:21.067001,14.75,-8.162134132305434e-15,-2.034163345601941e-27,0.0,9.25738982360258e-07,0.0,0.0,4.6286949118011247e-07,0.9999999999998929,6.159014254748626e-21,-2.0336940815285902e-25,0.0,0.0,0.0,4.943887817618037e-05
2026-08-22T03:28:21.090665,14.77,-8.161960387849042e-15,-2.691423487742081e-27,0.0,-3.6482937515458502e-06,0.0,0.0,-1.8241468757719135e-06,0.9999999999983362,8.734202163348837e-18,-2.69235435134201e-25,0.0,0.0,0.0,0.0004686937528119228
2026-08-22T03:28:21.115864,14.79,-8.161960527532636e-15,-1.643379737389317e-27,0.0,-3.1681642012060247e-06,0.0,0.0,-1.58408210060235e-06,0.9999999999987453,4.3694005450907306e-18,-1.6419521386308908e-25,0.0,0.0,0.0,2.390314786664794e-05
2026-08-22T03:28:21.140707,14.81,-8.161830289303004e-15,-3.401851392384954e-28,0.0,-3.1976428749302954e-06,0.0,0.0,-1.5988214374644665e-06,0.9999999999987219,8.733037554678577e-18,-3.3620724487200657e-26,0.0,0.0,0.0,0.00019499708591398657
2026-08-22T03:28:21.161757,14.83,-8.161917301410897e-15,-1.7828014819881057e-27,0.0,-1.3560904914555751e-06,0.0,0.0,-6.780452457277355e-07,0.9999999999997701,4.185982896871614e-21,-1.7818448478746063e-25,0.0,0.0,0.0,1.169594631058259e-05
2026-08-22T03:28:21.197840,14.85,-8.161830429631025e-15,-1.2195767673059174e-27,0.0,-1.0219814514655923e-06,0.0,0.0,-5.109907257327739e-07,0.9999999999998694,4.368172102311297e-18,-1.2175765492326346e-25,0.0,0.0,0.0,0.00039848720307268095
2026-08-22T03:28:21.220762,14.86,-8.161830586340298e-15,-8.20464960467137e-32,0.0,2.468247828346648e-12,0.0,0.0,1.234123914173324e-12,1.0,4.33680881361653e-18,-1.6603297375698778e-26,0.0,0.0,0.0,-3.3038365691057505e-05
2026-08-22T03:28:21.245195,14.89,-8.161830569576477e-15,-5.424518540247357e-28,0.0,-1.7225082076244293e-06,0.0,0.0,-8.61254103812108e-07,0.9999999999996291,3.3397959633380447e-21,-5.393215754888268e-26,0.0,0.0,0.0,-0.0002127605558202653
2026-08-22T03:28:21.262924,14.91,-8.161917306031752e-15,-1.3985077501555454e-27,0.0,1.3105009522007551e-06,0.0,0.0,6.552504761003306e-07,0.9999999999997853,3.2878383787668078e-21,-1.3969914312686595e-25,0.0,0.0,0.0,0.0002710949918494882
2026-08-22T03:28:21.285822,14.93,-8.161873938278185e-15,-1.693246275370206e-27,0.0,6.389137339191109e-07,0.0,0.0,3.1945686695955e-07,0.9999999999999489,3.2471915342508573e-21,-1.69229708685341e-25,0.0,0.0,0.0,-3.4808792465544476e-05
2026-08-22T03:28:21.327370,14.95,-8.161873938438903e-15,-1.6495450656880146e-27,0.0,2.1598425736790716e-06,0.0,0.0,1.079921286839326e-06,0.9999999999994169,3.2063755297855655e-21,-1.6485210399503616e-25,0.0,0.0,0.0,-0.00021939940579068047
2026-08-22T03:28:21.348569,14.97,-8.161873938640417e-15,-1.6066632026475256e-27,0.0,-1.6683009631535133e-06,0.0,0.0,-8.341504815766596e-07,0.9999999999996521,3.1660727795799755e-21,-1.6055664434245172e-25,0.0,0.0,0.0,0.00010825278034769196
2026-08-22T03:28:21.366378,14.99,-8.16191717063421e-15,-2.2059549457902996e-27,0.0,-6.558282761304211e-08,0.0,0.0,-3.279141380652106e-08,0.9999999999999994,4.36718021154296e-18,-2.205939913789959e-25,0.0,0.0,0.0,-0.00011571383847470221
2026-08-22T03:28:21.388634,15.01,-8.161873940690203e-15,-2.443600835384562e-27,0.0,-4.112309333503816e-06,0.0,0.0,-2.0561546667504593e-06,0.9999999999978861,2.7517806231706662e-21,-2.444115721353495e-25,0.0,0.0,0.0,0.00011053717233353754
2026-08-22T03:28:21.415621,15.03,-8.162091053666822e-15,-6.582915165590853e-27,0.0,2.5599688280308897e-06,0.0,0.0,1.2799844140150952e-06,0.9999999999991808,-8.72540405339033e-18,-6.591592238628924e-25,0.0,0.0,0.0,-0.0001125283591915227
2026-08-22T03:28:21.451735,15.05,-8.161917169887583e-15,-8.83658616396186e-27,0.0,-1.7148681665801746e-06,0.0,0.0,-8.574340832899823e-07,0.9999999999996324,4.367398923356845e-18,-8.84910989823684e-25,0.0,0.0,0.0,-7.562659498082846e-05
2026-08-22T03:28:21.471793,15.07,-8.162004043664988e-15,-9.973209419510076e-27,0.0,-6.718884604239861e-07,0.0,0.0,-3.3594423021198674e-07,0.9999999999999436,2.9829420938949404e-21,-9.987738206341716e-25,0.0,0.0,0.0,-0.00018682772705776705
2026-08-22T03:28:21.488382,15.09,-8.161873803654428e-15,-9.36916657311537e-27,0.0,-8.862906217821376e-07,0.0,0.0,-4.431453108910543e-07,0.9999999999999019,4.366993481915826e-18,-9.382325248610095e-25,0.0,0.0,0.0,0.0002856051915830207
2026-08-22T03:28:21.507490,15.11,-8.161917445871208e-15,-8.695376431039761e-27,0.0,-3.4236573087653705e-07,0.0,0.0,-1.711828654382677e-07,0.9999999999999853,-4.361488576120794e-18,-8.707160122583321e-25,0.0,0.0,0.0,-0.0002949878904325566
2026-08-22T03:28:21.528573,15.13,-8.161700195581978e-15,-7.388414863840113e-27,0.0,6.345160494802826e-07,0.0,0.0,3.1725802474013596e-07,0.9999999999999497,8.730973000311834e-18,-7.39744601668557e-25,0.0,0.0,0.0,-7.729361187848598e-05
2026-08-22T03:28:21.559067,15.15,-8.162047688042914e-15,-6.3495274473597824e-27,0.0,1.0099733853685677e-06,0.0,0.0,5.049866926842624e-07,0.9999999999998725,-8.725948688945406e-18,-6.35686522932516e-25,0.0,0.0,0.0,0.00010765465672665569
2026-08-22T03:28:21.584727,15.17,-8.161917308874883e-15,-7.819300708470273e-27,0.0,-1.4777899250972837e-06,0.0,0.0,-7.388949625485746e-07,0.999999999999727,2.7886023546504588e-21,-7.829383461472883e-25,0.0,0.0,0.0,0.0001205716210495367
2026-08-22T03:28:21.600986,15.18,-8.161960690623237e-15,4.352313041621898e-32,0.0,-2.2737367544323206e-13,0.0,0.0,-1.1368683772161603e-13,1.0,-4.336800114269791e-18,-8.229787314298064e-25,0.0,0.0,0.0,-0.00019309720187011674
2026-08-22T03:28:21.620452,15.21,-8.161960675400463e-15,-6.528560734525466e-27,0.0,2.4500605553257064e-06,0.0,0.0,1.2250302776625466e-06,0.9999999999992496,3.0705076571730535e-21,-6.535939574529761e-25,0.0,0.0,0.0,-0.00011016181404980419
2026-08-22T03:28:21.642229,15.22,-8.161960690644645e-15,1.4947213192255472e-32,0.0,1.1231016117108084e-12,0.0,0.0,5.615508058554042e-13,1.0,1.214479856668032e-26,-6.397313468530094e-25,0.0,0.0,0.0,-0.0003920175355695219
2026-08-22T03:28:21.672200,15.25,-8.161917307586086e-15,-5.281210660008449e-27,0.0,-6.974923532077071e-07,0.0,0.0,-3.4874617660384645e-07,0.9999999999999392,3.0029928944922276e-21,-5.286200135389898e-25,0.0,0.0,0.0,-9.682325615731393e-05
2026-08-22T03:28:21.695560,15.27,-8.161917307731456e-15,-5.177456925133793e-27,0.0,-1.4437199613581697e-07,0.0,0.0,-7.218599806790842e-08,0.9999999999999974,2.965246360883995e-21,-5.182213875402259e-25,0.0,0.0,0.0,-0.0001443136851774443
2026-08-22T03:28:21.718168,15.29,-8.161917171665696e-15,-5.093958082297039e-27,0.0,-2.778212810916614e-07,0.0,0.0,-1.3891064054583024e-07,0.9999999999999903,4.366982588977931e-18,-5.098461747357158e-25,0.0,0.0,0.0,0.0003834078860809937
2026-08-22T03:28:21.739905,15.31,-8.161873941665906e-15,-3.971988431306769e-27,0.0,-2.2414314435614813e-06,0.0,0.0,-1.120715721780506e-06,0.999999999999372,2.5566417677189783e-21,-3.974324117218815e-25,0.0,0.0,0.0,-0.00014947664632352034
2026-08-22T03:28:21.765107,15.33,-8.161830573844441e-15,-3.316320367352378e-27,0.0,-9.420507267599021e-07,0.0,0.0,-4.7102536337993363e-07,0.9999999999998891,2.51656601728693e-21,-3.317486740210941e-25,0.0,0.0,0.0,0.00017121660237656857
2026-08-22T03:28:21.811207,15.35,-8.161830573959235e-15,-3.242859469354404e-27,0.0,-2.454469640866818e-07,0.0,0.0,-1.2272348204334062e-07,0.9999999999999925,2.4849336413823557e-21,-3.24387902662883e-25,0.0,0.0,0.0,-9.380906423009545e-05
2026-08-22T03:28:21.832444,15.36,-8.161830586383955e-15,2.1389419930657385e-32,0.0,-9.85878045867139e-13,0.0,0.0,-4.929390229335695e-13,1.0,9.814811135012394e-27,-3.1701335822288265e-25,0.0,0.0,0.0,0.00013617478872951679
2026-08-22T03:28:21.858346,15.4,-8.161787218145273e-15,-6.331534238833571e-33,0.0,4.559019828320743e-12,0.0,0.0,2.2795099141603714e-12,1.0,8.681176554332431e-24,-2.7626648284554163e-26,0.0,0.0,0.0,0.000148814492631514
2026-08-22T03:28:21.882735,15.41,-8.161787207812675e-15,-2.715513148811355e-28,0.0,3.0265669361817515e-06,0.0,0.0,1.513283468090298e-06,0.999999999998855,2.0578385221241563e-21,-2.669024764274331e-26,0.0,0.0,0.0,-0.00011041492451433372
2026-08-22T03:28:21.902929,15.43,-8.161743703881197e-15,-6.298282009063929e-28,0.0,-1.9397787287545046e-07,0.0,0.0,-9.698893643772507e-08,0.9999999999999953,4.366078647887269e-18,-6.260563372869905e-26,0.0,0.0,0.0,-0.00036100970235970016
2026-08-22T03:28:21.932535,15.45,-8.161917450268003e-15,-1.72572456684081e-27,0.0,-2.1498448599110986e-06,0.0,0.0,-1.0749224299553422e-06,0.9999999999994222,-4.362393949195181e-18,-1.7241296886653695e-25,0.0,0.0,0.0,-0.0001242739481478317
2026-08-22T03:28:21.950315,15.46,-8.161830586470422e-15,-4.62811506546764e-32,0.0,-2.8270719099054986e-12,0.0,0.0,-1.4135359549527493e-12,1.0,4.3367914598250114e-18,2.857929634535762e-26,0.0,0.0,0.0,-0.0001322487695108869
2026-08-22T03:28:21.974078,15.49,-8.16178721014654e-15,9.89985300721814e-28,0.0,-2.0467746586483315e-06,0.0,0.0,-1.023387329323987e-06,0.9999999999994763,1.617087826929959e-21,9.969294903401453e-26,0.0,0.0,0.0,-0.00010187686416448331
2026-08-22T03:28:21.995582,15.51,-8.161787210356318e-15,9.938251192080977e-28,0.0,1.2503301189958904e-06,0.0,0.0,6.251650594979044e-07,0.9999999999998046,1.5881426482166877e-21,1.0006518386482407e-25,0.0,0.0,0.0,-0.0005708402042266269
2026-08-22T03:28:22.013045,15.53,-8.16191745084904e-15,1.7947894533030463e-27,0.0,-1.1591277804257065e-06,0.0,0.0,-5.795638902128206e-07,0.999999999999832,-4.362488472510569e-18,1.8029382204254594e-25,0.0,0.0,0.0,0.0003910881255252493
2026-08-22T03:28:22.054051,15.55,-8.161873945167514e-15,1.2284743586579785e-27,0.0,1.3174984085928543e-06,0.0,0.0,6.587492042963795e-07,0.9999999999997831,1.8823452001091132e-21,1.2355459754549065e-25,0.0,0.0,0.0,6.592492577994546e-05
2026-08-22T03:28:22.075744,15.57,-8.161873945134303e-15,1.2284616194084738e-27,0.0,-1.16912766889854e-06,0.0,0.0,-5.845638344492366e-07,0.9999999999998291,1.867303825093268e-21,1.235564576487153e-25,0.0,0.0,0.0,8.564769328505075e-05
2026-08-22T03:28:22.101322,15.58,-8.161830586405371e-15,5.491188973728193e-33,0.0,-2.602362769721367e-13,0.0,0.0,-1.3011813848606835e-13,1.0,4.336800132693612e-18,1.66681048866255e-25,0.0,0.0,0.0,0.00041425306906755415
2026-08-22T03:28:22.117694,15.61,-8.161787210798037e-15,1.9866035847934526e-27,0.0,-1.448341307774825e-06,0.0,0.0,-7.241706538873493e-07,0.9999999999997378,1.4867890396197113e-21,1.9950036295972154e-25,0.0,0.0,0.0,-8.692502638437129e-05
2026-08-22T03:28:22.133181,15.63,-8.161700338653646e-15,2.5267081128285596e-27,0.0,1.7812753152490759e-06,0.0,0.0,8.906376576244201e-07,0.9999999999996034,4.36551545509413e-18,2.536194792678205e-25,0.0,0.0,0.0,0.0003410634341079298
2026-08-22T03:28:22.182771,15.65,-8.1616569722228e-15,3.387743022328364e-27,0.0,-1.8708873925632472e-06,0.0,0.0,-9.354436962814872e-07,0.9999999999995625,4.365162563157016e-18,3.398511872163306e-25,0.0,0.0,0.0,6.828411278261202e-05
2026-08-22T03:28:22.205330,15.67,-8.161830582408058e-15,1.371248494763668e-27,0.0,5.831202578576722e-07,0.0,0.0,2.9156012892883196e-07,0.9999999999999575,7.47476250955043e-22,1.3783012703316267e-25,0.0,0.0,0.0,-7.390057357916144e-05
2026-08-22T03:28:22.226430,15.69,-8.161743574138543e-15,1.2192773664509497e-27,0.0,1.2474028014963778e-06,0.0,0.0,6.237014007481485e-07,0.9999999999998055,8.728840050569877e-18,1.225962788292488e-25,0.0,0.0,0.0,-0.00013338647773570873
2026-08-22T03:28:22.250808,15.71,-8.16183058591785e-15,1.4946138930278817e-27,0.0,3.5076453119842204e-07,0.0,0.0,1.753822655992101e-07,0.9999999999999846,4.985836652992354e-23,1.5017261766150008e-25,0.0,0.0,0.0,-0.00018469749939833778
2026-08-22T03:28:22.275515,15.72,-8.161873954449466e-15,2.325419963241452e-32,0.0,-1.2465584120491258e-12,0.0,0.0,-6.232792060245629e-13,1.0,-4.336800125155602e-18,1.6148087997114957e-25,0.0,0.0,0.0,0.00011782979719584914
2026-08-22T03:28:22.300196,15.75,-8.162004193141503e-15,1.820709480506368e-27,0.0,1.199130956308636e-06,0.0,0.0,5.995654781542822e-07,0.9999999999998203,-4.363690514338063e-18,1.8284567006332587e-25,0.0,0.0,0.0,0.00014753836874991264
2026-08-22T03:28:22.323567,15.77,-8.16213429567276e-15,2.038364654334357e-27,0.0,1.3180381617239332e-06,0.0,0.0,6.59019080861919e-07,0.9999999999997828,-4.3633533009212e-18,2.046481749733974e-25,0.0,0.0,0.0,-0.00030188804656461473
2026-08-22T03:28:22.342308,15.79,-8.16217752592259e-15,2.96302668493476e-27,0.0,8.467709795567657e-07,0.0,0.0,4.233854897783702e-07,0.9999999999999104,1.035647580045237e-21,2.9727980321683603e-25,0.0,0.0,0.0,0.00013203444144774422
2026-08-22T03:28:22.375396,15.81,-8.162177525922898e-15,2.9324667539932778e-27,0.0,-3.7255978924122246e-07,0.0,0.0,-1.8627989462061015e-07,0.9999999999999827,1.0312492738869924e-21,2.9420413634738555e-25,0.0,0.0,0.0,2.803133341142625e-05
2026-08-22T03:28:22.398398,15.83,-8.162047285594798e-15,3.1394184135602843e-27,0.0,-1.7371400464760715e-06,0.0,0.0,-8.685700232379264e-07,0.9999999999996227,4.3650749398656246e-18,3.1493219513426066e-25,0.0,0.0,0.0,2.8920678826953268e-05
2026-08-22T03:28:22.435286,15.85,-8.162307904177775e-15,7.377434475412113e-28,0.0,1.5393333221425107e-06,0.0,0.0,7.696666610711795e-07,0.9999999999997038,-8.727441015093328e-18,7.42862700169489e-26,0.0,0.0,0.0,-9.85265619710232e-05
2026-08-22T03:28:22.453721,15.870000000000001,-8.162047148076038e-15,-1.1167376135796725e-27,0.0,8.823064807650384e-07,0.0,0.0,4.4115324038250484e-07,0.9999999999999027,8.72943492061122e-18,-1.1150419937938875e-25,0.0,0.0,0.0,-0.0002769542499593306
2026-08-22T03:28:22.474980,15.89,-8.162264399895887e-15,-1.2625601415873328e-27,0.0,3.194285273622199e-06,0.0,0.0,1.5971426368104206e-06,0.9999999999987246,-4.363402164499456e-18,-1.2612539059175923e-25,0.0,0.0,0.0,-0.0003068661669317605
2026-08-22T03:28:22.498694,15.91,-8.162394502899802e-15,1.1824597857404031e-27,0.0,-1.6147157175794293e-06,0.0,0.0,-8.073578587896269e-07,0.999999999999674,-4.363094432144857e-18,1.188667741710053e-25,0.0,0.0,0.0,0.0001042812284383769
2026-08-22T03:28:22.519840,15.93,-8.162524605511886e-15,9.169741347184306e-29,0.0,-1.3109622587492709e-06,0.0,0.0,-6.554811293745885e-07,0.9999999999997852,-4.3627647110421746e-18,9.558672856249562e-27,0.0,0.0,0.0,-0.00015804051533052128
2026-08-22T03:28:22.557474,15.95,-8.16256797205083e-15,5.156920671064299e-28,0.0,-2.9139381623188854e-06,0.0,0.0,-1.4569690811589273e-06,0.9999999999989386,-4.362437775447077e-18,5.203298195192933e-26,0.0,0.0,0.0,-0.0002689550497544316
2026-08-22T03:28:22.577682,15.96,-8.162784684144504e-15,8.97450824283954e-32,0.0,-4.669153952363558e-12,0.0,0.0,-2.334576976181779e-12,1.0,-8.67360891714686e-18,-2.868044817739098e-25,0.0,0.0,0.0,-8.75387200520132e-05
2026-08-22T03:28:22.598228,16.0,-8.162914788469702e-15,2.45226283762048e-32,0.0,1.3749001936957939e-12,0.0,0.0,6.874500968478969e-13,1.0,9.828800311666586e-27,-1.574210647971119e-25,0.0,0.0,0.0,0.00020117009027397268
2026-08-22T03:28:22.624908,16.01,-8.162914775598214e-15,-1.5733941825368387e-27,0.0,3.5820204105085907e-06,0.0,0.0,1.7910102052533378e-06,0.9999999999983962,2.574288062109721e-21,-1.5726268692239975e-25,0.0,0.0,0.0,0.00012320020518500762
2026-08-22T03:28:22.651193,16.03,-8.16295814389366e-15,-6.169316331559548e-28,0.0,-1.437687757288586e-06,0.0,0.0,-7.188438786442311e-07,0.9999999999997417,2.5412513950719564e-21,-6.143680311673706e-26,0.0,0.0,0.0,0.00025477440803693013
2026-08-22T03:28:22.678430,16.05,-8.163045016442721e-15,-1.141461497048586e-27,0.0,-2.1742014824077675e-06,0.0,0.0,-1.0871007412036695e-06,0.9999999999994091,-4.361546664331893e-18,-1.1398957756096692e-25,0.0,0.0,0.0,-0.0002984618737176924
2026-08-22T03:28:22.702061,16.07,-8.16304487882395e-15,-5.988362629560949e-29,0.0,-2.5395482725620866e-06,0.0,0.0,-1.2697741362807022e-06,0.9999999999991939,2.8116356786455487e-21,-5.6237482283729445e-27,0.0,0.0,0.0,-5.166637483396575e-05
2026-08-22T03:28:22.721784,16.09,-8.162871134200543e-15,1.8962784143182126e-27,0.0,-6.31611309920288e-08,0.0,0.0,-3.1580565496014394e-08,0.9999999999999996,8.73089686077507e-18,1.9038461555947474e-25,0.0,0.0,0.0,-0.00011893799918878383
2026-08-22T03:28:22.746474,16.11,-8.163044882116247e-15,1.1886891587635936e-27,0.0,-1.5453346282612306e-06,0.0,0.0,-7.726673141305382e-07,0.9999999999997015,2.079455962420223e-21,1.1944857471328142e-25,0.0,0.0,0.0,-6.859208900133497e-05
2026-08-22T03:28:22.763760,16.13,-8.163131754982674e-15,5.931532010553726e-28,0.0,-2.498367383640954e-06,0.0,0.0,-1.249183691820152e-06,0.9999999999992197,-4.3620198927661965e-18,5.977220585199433e-26,0.0,0.0,0.0,0.00010146076289111713
2026-08-22T03:28:22.794970,16.15,-8.163088249287232e-15,1.3004510540528849e-27,0.0,1.7409398531675892e-06,0.0,0.0,8.704699265836846e-07,0.9999999999996212,2.3450349405718342e-21,1.3064112956069724e-25,0.0,0.0,0.0,0.0001965937507790658
2026-08-22T03:28:22.809751,16.16,-8.163261733122075e-15,-4.1348914047675766e-32,0.0,3.0890845437170356e-12,0.0,0.0,1.5445422718585178e-12,1.0,-8.673600241796272e-18,3.5051710884090344e-25,0.0,0.0,0.0,6.826680864008264e-05
2026-08-22T03:28:22.830532,16.19,-8.163522199440647e-15,4.359476467797394e-27,0.0,-2.71024584108659e-07,0.0,0.0,-1.3551229205432904e-07,0.9999999999999908,-8.725150589718647e-18,4.371143953561217e-25,0.0,0.0,0.0,-0.00021519613820429663
2026-08-22T03:28:22.855342,16.21,-8.16334831541767e-15,5.720664406697862e-27,0.0,1.0044716125534592e-07,0.0,0.0,5.022358062767294e-08,0.9999999999999988,4.367666439837907e-18,5.7349448293998275e-25,0.0,0.0,0.0,-0.0004856266073761432
2026-08-22T03:28:22.876787,16.22,-8.163391837447271e-15,1.4289230578502655e-31,0.0,-3.962163930282259e-12,0.0,0.0,-1.9810819651411293e-12,1.0,8.686335289528684e-24,4.421122714047272e-25,0.0,0.0,0.0,4.05988898425082e-05
2026-08-22T03:28:22.920369,16.25,-8.163391821520594e-15,4.374621208718319e-27,0.0,-1.4129557213138358e-07,0.0,0.0,-7.064778606569172e-08,0.9999999999999976,3.19833326981999e-21,4.385987841232287e-25,0.0,0.0,0.0,-6.309031593198849e-05
2026-08-22T03:28:22.940498,16.27,-8.163435189768531e-15,4.28095876169346e-27,0.0,-4.696013224503304e-06,0.0,0.0,-2.3480066122494945e-06,0.9999999999972434,3.1574521436794364e-21,4.292063222628316e-25,0.0,0.0,0.0,0.00019187969526464072
2026-08-22T03:28:22.958918,16.29,-8.163478558057268e-15,3.0240610983157523e-27,0.0,1.666468247840669e-07,0.0,0.0,8.332341239203335e-08,0.9999999999999966,3.117085107604689e-21,3.032713324363158e-25,0.0,0.0,0.0,0.0002519834563145712
2026-08-22T03:28:22.979323,16.31,-8.163391685950553e-15,2.924688305687761e-27,0.0,3.880060018168764e-06,0.0,0.0,1.9400300090831646e-06,0.9999999999981182,4.36713387845173e-18,2.932986843171373e-25,0.0,0.0,0.0,0.0003199209953422148
2026-08-22T03:28:23.001723,16.33,-8.163522064313384e-15,6.692443522045437e-27,0.0,2.372348797408108e-07,0.0,0.0,1.1861743987040513e-07,0.999999999999993,-4.361351303428656e-18,6.7082865241575855e-25,0.0,0.0,0.0,-5.2273884961115706e-05
2026-08-22T03:28:23.039061,16.35,-8.163478558811474e-15,6.639978451906353e-27,0.0,-1.0533805960832865e-06,0.0,0.0,-5.266902980416189e-07,0.9999999999998613,2.9966015638699243e-21,6.655204404961027e-25,0.0,0.0,0.0,0.0004321839643851576
2026-08-22T03:28:23.059605,16.36,-8.163348469511616e-15,-3.213516104223016e-33,0.0,2.723155034800584e-12,0.0,0.0,1.361577517400292e-12,1.0,8.673600262708985e-18,7.603021326901821e-25,0.0,0.0,0.0,0.00025623442201221406
2026-08-22T03:28:23.086240,16.39,-8.163391825946326e-15,1.0896552640514847e-26,0.0,-1.1874988499194219e-06,0.0,0.0,-5.93749424959676e-07,0.9999999999998237,2.261151096836557e-21,1.091960734675109e-24,0.0,0.0,0.0,9.402746712870602e-05
2026-08-22T03:28:23.104066,16.41,-8.163478562528687e-15,1.0125542991794964e-26,0.0,1.7231687188257183e-07,0.0,0.0,8.615843594128581e-08,0.9999999999999963,2.214132954064021e-21,1.0146906239314356e-24,0.0,0.0,0.0,-0.00016249929824521897
2026-08-22T03:28:23.127009,16.42,-8.163478573664175e-15,5.12736019335431e-32,0.0,-1.2101430968414206e-12,0.0,0.0,-6.050715484207103e-13,1.0,4.336800133843938e-18,9.929886802490275e-25,0.0,0.0,0.0,3.1328456843560576e-05
2026-08-22T03:28:23.167430,16.45,-8.163521932506588e-15,9.603388047734839e-27,0.0,1.4908803844804201e-06,0.0,0.0,7.454401922401408e-07,0.9999999999997221,1.8229247719603806e-21,9.623417254710609e-25,0.0,0.0,0.0,-2.4356015100382e-05
2026-08-22T03:28:23.186162,16.47,-8.163478564769104e-15,9.077150972367488e-27,0.0,1.025213638428113e-07,0.0,0.0,5.126068192140563e-08,0.9999999999999987,1.7920721703366168e-21,9.096071446804278e-25,0.0,0.0,0.0,-1.914782828797784e-05
2026-08-22T03:28:23.211094,16.48,-8.163435205642604e-15,4.542898851749452e-32,0.0,-7.416289804496046e-14,0.0,0.0,-3.708144902248023e-14,1.0,7.29775185352749e-27,8.89473155014209e-25,0.0,0.0,0.0,-0.00011317920410015078
2026-08-22T03:28:23.233845,16.51,-8.163391828812398e-15,9.06687250937045e-27,0.0,-5.453142453148984e-07,0.0,0.0,-2.7265712265744585e-07,0.9999999999999628,1.748654073896733e-21,9.085492325514357e-25,0.0,0.0,0.0,8.11133510460164e-05
2026-08-22T03:28:23.253522,16.52,-8.163391837512338e-15,4.5449848125037545e-32,0.0,2.2115642650533118e-13,0.0,0.0,1.1057821325266559e-13,1.0,6.906707153409612e-27,8.91000126258487e-25,0.0,0.0,0.0,-6.518927309025447e-05
2026-08-22T03:28:23.290485,16.55,-8.163391828987451e-15,8.791617867112118e-27,0.0,1.0674111292630073e-06,0.0,0.0,5.337055646314783e-07,0.9999999999998576,1.7049704911028496e-21,8.809441821316335e-25,0.0,0.0,0.0,2.6414360222240676e-05
2026-08-22T03:28:23.308193,16.57,-8.163261588701694e-15,7.975786761310623e-27,0.0,-1.7746582972044678e-06,0.0,0.0,-8.873291486021174e-07,0.9999999999996063,4.365740192752932e-18,7.991868481245536e-25,0.0,0.0,0.0,-0.00016073435461529906
2026-08-22T03:28:23.328546,16.59,-8.16339196693357e-15,6.076972513664772e-27,0.0,-4.773618105247124e-07,0.0,0.0,-2.386809052623539e-07,0.9999999999999715,-4.362727471352142e-18,6.089231998952835e-25,0.0,0.0,0.0,-0.00018169972447109537
2026-08-22T03:28:23.354514,16.61,-8.163348461345169e-15,6.634422626127691e-27,0.0,-2.790506524075198e-06,0.0,0.0,-1.3952532620371463e-06,0.9999999999990267,1.6377314918639107e-21,6.647874341463329e-25,0.0,0.0,0.0,4.1262303846325134e-05
2026-08-22T03:28:23.373865,16.63,-8.163348461296584e-15,6.531885584442445e-27,0.0,2.0020730313596853e-06,0.0,0.0,1.0010365156796756e-06,0.999999999999499,1.6257647877941263e-21,6.545003181321356e-25,0.0,0.0,0.0,0.00032630609403649935
2026-08-22T03:28:23.404474,16.65,-8.163348461398759e-15,6.431641296835587e-27,0.0,-2.4561794158550754e-06,0.0,0.0,-1.228089707927229e-06,0.9999999999992459,1.6053296463106057e-21,6.444471247541443e-25,0.0,0.0,0.0,0.0002725053479636317
2026-08-22T03:28:23.422894,16.67,-8.163522206191618e-15,4.4543039395743096e-27,0.0,1.819721122231499e-06,0.0,0.0,9.09860561115624e-07,0.9999999999995861,-8.726526795774231e-18,4.463227786278812e-25,0.0,0.0,0.0,0.0001359097184853458
2026-08-22T03:28:23.443372,16.69,-8.163348322298442e-15,1.5887312307462612e-27,0.0,1.3393405229322752e-07,0.0,0.0,6.696702614661371e-08,0.9999999999999978,4.366290293989482e-18,1.5920634516361627e-25,0.0,0.0,0.0,-0.0001569947152206035
2026-08-22T03:28:23.461728,16.71,-8.163391827959248e-15,1.213706313285844e-27,0.0,6.239783392203434e-07,0.0,0.0,3.119891696101667e-07,0.9999999999999514,1.888926892096482e-21,1.216487605365323e-25,0.0,0.0,0.0,-0.0001085558666532038
2026-08-22T03:28:23.482639,16.73,-8.163478700575457e-15,1.4349793696723669e-27,0.0,-2.001419434627394e-06,0.0,0.0,-1.0007097173135299e-06,0.9999999999994993,-4.362199408518209e-18,1.438186989547234e-25,0.0,0.0,0.0,-2.1184947640352114e-05
2026-08-22T03:28:23.531885,16.75,-8.163435194868731e-15,2.2400654708951906e-27,0.0,7.696742234664101e-07,0.0,0.0,3.8483711173319553e-07,0.999999999999926,2.1677756829455597e-21,2.2447738795563847e-25,0.0,0.0,0.0,-1.7979725086316237e-05
2026-08-22T03:28:23.549887,16.77,-8.163261450161495e-15,1.618008587232152e-27,0.0,4.999375522452e-07,0.0,0.0,2.4996877612259734e-07,0.9999999999999688,8.730261093702654e-18,1.6214290010167835e-25,0.0,0.0,0.0,-0.0004646767057806103
2026-08-22T03:28:23.569859,16.78,-8.163348469295339e-15,2.3015190343987892e-31,0.0,-3.4554581418433372e-12,0.0,0.0,-1.7277290709216686e-12,1.0,1.7352569887043112e-23,-4.0786889577998226e-26,0.0,0.0,0.0,-7.695909048379589e-05
2026-08-22T03:28:23.589475,16.81,-8.163131349598834e-15,3.8478191722037637e-28,0.0,-8.46368656493013e-07,0.0,0.0,-4.2318432824649377e-07,0.9999999999999104,8.72953016373766e-18,3.8618538231308113e-26,0.0,0.0,0.0,8.02513481757521e-05
2026-08-22T03:28:23.610016,16.83,-8.163218361291417e-15,1.3957945206329864e-28,0.0,-5.287329842840194e-06,0.0,0.0,-2.6436649214170175e-06,0.9999999999965056,7.312962405414923e-22,1.402977655323798e-26,0.0,0.0,0.0,1.5299022354770897e-05
2026-08-22T03:28:23.639570,16.85,-8.163174857341355e-15,8.085382646381695e-28,0.0,-1.7714045412731139e-06,0.0,0.0,-8.857022706364411e-07,0.9999999999996078,4.364760160510986e-18,8.107742986593302e-26,0.0,0.0,0.0,-0.00030396569296476815
2026-08-22T03:28:23.665543,16.87,-8.163131490906404e-15,1.0445403371748549e-29,0.0,3.804021369013811e-07,0.0,0.0,1.9020106845068938e-07,0.9999999999999819,4.364416762495445e-18,1.1008221559309422e-27,0.0,0.0,0.0,-8.082366455760778e-05
2026-08-22T03:28:23.679724,16.89,-8.163088124558019e-15,-1.942941627844913e-28,0.0,-2.3028189275464683e-06,0.0,0.0,-1.1514094637729798e-06,0.9999999999993371,4.364069061775619e-18,-1.9427626891244818e-26,0.0,0.0,0.0,0.0001404628276460862
2026-08-22T03:28:23.705597,16.9,-8.163131628925912e-15,-3.9817767612551326e-33,0.0,-7.482903185973555e-13,0.0,0.0,-3.7414515929867775e-13,1.0,8.672075237375023e-24,-7.158932590486617e-26,0.0,0.0,0.0,6.029930671196201e-05
2026-08-22T03:28:23.725907,16.93,-8.16308812636547e-15,-7.802184958215165e-28,0.0,2.3199462102496686e-06,0.0,0.0,1.159973105124574e-06,0.9999999999993272,4.363720584135105e-18,-7.814590817594282e-26,0.0,0.0,0.0,-0.00030736851318910853
2026-08-22T03:28:23.774512,16.95,-8.163175136510216e-15,-3.668303747206798e-28,0.0,-2.916037463940313e-06,0.0,0.0,-1.45801873196964e-06,0.9999999999989371,-4.3647210145395556e-18,-3.6715637267102605e-26,0.0,0.0,0.0,1.089647784482538e-05
2026-08-22T03:28:23.794229,16.96,-8.16308826099053e-15,-3.0461707656354624e-32,0.0,-2.3385737790704297e-12,0.0,0.0,-1.1692868895352149e-12,1.0,4.336791450633739e-18,1.848032372311312e-25,0.0,0.0,0.0,0.00016189561326910022
2026-08-22T03:28:23.814274,16.98,-8.163088260839018e-15,1.9061738637653888e-32,0.0,1.8629542353210127e-12,0.0,0.0,9.314771176605063e-13,1.0,8.670751413495353e-24,2.6015126364249633e-25,0.0,0.0,0.0,-3.7911739608089383e-06
2026-08-22T03:28:23.835594,17.01,-8.162914519476825e-15,2.5955306462059227e-27,0.0,1.645587913934321e-06,0.0,0.0,8.227939569670677e-07,0.9999999999996615,8.727459005741914e-18,2.600687741088147e-25,0.0,0.0,0.0,0.00027026865036095714
2026-08-22T03:28:23.860399,17.03,-8.162958026783553e-15,5.0044552804391225e-27,0.0,-3.9041374533255185e-07,0.0,0.0,-1.9520687266627465e-07,0.9999999999999809,4.3627414661503164e-18,5.014106296488403e-25,0.0,0.0,0.0,0.00018422536050434284
2026-08-22T03:28:23.878867,17.04,-8.16295815659974e-15,-1.0284421618624633e-32,0.0,1.2088108292118704e-12,0.0,0.0,6.044054146059352e-13,1.0,4.336808792132737e-18,5.386779338906314e-25,0.0,0.0,0.0,-0.0003001543711392773
2026-08-22T03:28:23.901395,17.07,-8.163045038741976e-15,2.6894039116799998e-27,0.0,-1.4887936949925522e-06,0.0,0.0,-7.443968474962072e-07,0.9999999999997229,-4.366028171560669e-18,2.694369876028033e-25,0.0,0.0,0.0,9.659002951360301e-05
2026-08-22T03:28:23.918996,17.09,-8.163001532946131e-15,2.9729654844632682e-27,0.0,1.5476265757818914e-06,0.0,0.0,7.738132878908682e-07,0.9999999999997006,-1.6214803428160901e-21,2.978653954133571e-25,0.0,0.0,0.0,-0.000131955898463496
2026-08-22T03:28:23.940644,17.1,-8.163001524752236e-15,1.3897073451394599e-34,0.0,1.900701818158268e-13,0.0,0.0,9.50350909079134e-14,1.0,-4.336800131485992e-18,3.116160824244543e-25,0.0,0.0,0.0,-5.1046536831559416e-05
2026-08-22T03:28:23.957903,17.13,-8.162958162978019e-15,3.0135766589832515e-27,0.0,-7.497264542521975e-08,0.0,0.0,-3.748632271260987e-08,0.9999999999999993,-1.2365663551479456e-21,3.0192417136125046e-25,0.0,0.0,0.0,5.146739709240087e-05
2026-08-22T03:28:23.998549,17.15,-8.162914794658494e-15,2.9847079490283152e-27,0.0,2.640927962982431e-06,0.0,0.0,1.3204639814908319e-06,0.9999999999991281,-1.2117251326407355e-21,2.9903084558032918e-25,0.0,0.0,0.0,6.585095198188124e-07
2026-08-22T03:28:24.020074,17.17,-8.162871426492045e-15,2.2619531145818462e-27,0.0,1.2660089332428017e-06,0.0,0.0,6.330044666213585e-07,0.9999999999997996,-1.1958150244667481e-21,2.2661493599370003e-25,0.0,0.0,0.0,-9.769687209915006e-05
2026-08-22T03:28:24.039087,17.18,-8.162871420469578e-15,3.212948191297035e-32,0.0,2.41140440948584e-13,0.0,0.0,1.20570220474292e-13,1.0,-4.723143886081582e-27,2.2214818290372517e-25,0.0,0.0,0.0,5.321182887788056e-05
2026-08-22T03:28:24.064862,17.2,-8.162914788535065e-15,2.085941668728996e-32,0.0,2.473576898864849e-13,0.0,0.0,1.2367884494324244e-13,1.0,-4.336800129982047e-18,2.3887282502819424e-25,0.0,0.0,0.0,-0.000277567178235715
2026-08-22T03:28:24.087591,17.23,-8.162741184308767e-15,6.245871404898284e-27,0.0,2.0917344012438836e-06,0.0,0.0,1.045867200621751e-06,0.9999999999994531,4.363240592321656e-18,6.257714647801433e-25,0.0,0.0,0.0,0.00012551993248905455
2026-08-22T03:28:24.124082,17.25,-8.162784553590567e-15,7.544144140403469e-27,0.0,-1.6974664065472214e-06,0.0,0.0,-8.487332032735087e-07,0.9999999999996398,4.362923554005725e-18,7.557968471531239e-25,0.0,0.0,0.0,0.00013312311951579265
2026-08-22T03:28:24.145517,17.27,-8.162784691534117e-15,7.543702014242242e-27,0.0,1.1034539602050588e-06,0.0,0.0,5.517269801025013e-07,0.9999999999998478,-1.460671420721695e-21,7.557587425178868e-25,0.0,0.0,0.0,0.00022141268270663616
2026-08-22T03:28:24.168487,17.29,-8.162784691550467e-15,7.42150185668583e-27,0.0,-1.7666635843127665e-07,0.0,0.0,-8.83331792156382e-08,0.9999999999999961,-1.450930534254376e-21,7.435023897673875e-25,0.0,0.0,0.0,-0.00014281693832917332
2026-08-22T03:28:24.189749,17.31,-8.162784691459276e-15,7.301441805985567e-27,0.0,-6.233746039363553e-07,0.0,0.0,-3.116873019681726e-07,0.9999999999999514,-1.4326929835437193e-21,7.31463588094384e-25,0.0,0.0,0.0,2.7629471249204375e-05
2026-08-22T03:28:24.213094,17.33,-8.162697819023253e-15,7.420950207172133e-27,0.0,-1.0417305049692518e-06,0.0,0.0,-5.208652524846023e-07,0.9999999999998643,4.362641288930509e-18,7.434295859357677e-25,0.0,0.0,0.0,3.6095024164224386e-05
2026-08-22T03:28:24.247522,17.35,-8.162741324757751e-15,6.991073861395636e-27,0.0,1.966770689865172e-06,0.0,0.0,9.833853449324274e-07,0.9999999999995165,-1.731449552788804e-21,7.003490395599255e-25,0.0,0.0,0.0,7.629554658950185e-05
2026-08-22T03:28:24.270585,17.37,-8.162697956753516e-15,6.373520953984172e-27,0.0,1.1990765602654108e-06,0.0,0.0,5.995382801326695e-07,0.9999999999998203,-1.717625424522603e-21,6.384672671776531e-25,0.0,0.0,0.0,7.2011988617165236e-06
2026-08-22T03:28:24.289738,17.39,-8.162871701294166e-15,7.184853425421166e-27,0.0,6.437652601221089e-06,0.0,0.0,3.218826300604986e-06,0.9999999999948196,-8.729807983020412e-18,7.197592814629132e-25,0.0,0.0,0.0,5.451391275621367e-05
2026-08-22T03:28:24.314378,17.41,-8.162828193839808e-15,2.635175386467683e-27,0.0,1.0486012724797433e-07,0.0,0.0,5.243006362398714e-08,0.9999999999999987,-4.365060917809739e-18,2.6394644858756186e-25,0.0,0.0,0.0,-0.00017629631203695817
2026-08-22T03:28:24.333573,17.42,-8.16282805240436e-15,-4.828239963269143e-33,0.0,-1.3811174426336947e-12,0.0,0.0,-6.905587213168474e-13,1.0,-8.676195223689911e-24,3.023926231539773e-25,0.0,0.0,0.0,0.00019120334191380923
2026-08-22T03:28:24.381631,17.45,-8.162784551206281e-15,2.733933496828821e-27,0.0,1.6254833892226372e-06,0.0,0.0,8.127416946112292e-07,0.9999999999996697,4.3634307654558145e-18,2.7379375599759665e-25,0.0,0.0,0.0,-6.656219572492083e-05
2026-08-22T03:28:24.405545,17.47,-8.162784552734708e-15,2.9358533241259347e-27,0.0,-1.4429125756443284e-06,0.0,0.0,-7.214562878221016e-07,0.9999999999997398,4.363103397965416e-18,2.940163807248851e-25,0.0,0.0,0.0,-0.00012701270606308397
2026-08-22T03:28:24.422782,17.49,-8.162741186347147e-15,2.5533984315060414e-27,0.0,-3.620503044032831e-07,0.0,0.0,-1.8102515220164052e-07,0.9999999999999836,4.36277220588308e-18,2.5571414677575366e-25,0.0,0.0,0.0,-0.0002829312134990673
2026-08-22T03:28:24.446802,17.51,-8.162871564587366e-15,1.504158537762422e-27,0.0,4.120119046824301e-06,0.0,0.0,2.060059523410693e-06,0.999999999997878,-4.365666770665926e-18,1.5056118624668961e-25,0.0,0.0,0.0,-0.00020961176821870041
2026-08-22T03:28:24.472768,17.53,-8.162871426861166e-15,1.4770580032941455e-27,0.0,8.567206726262101e-07,0.0,0.0,4.283603363130919e-07,0.9999999999999083,-1.2653015364166303e-21,1.478676923474421e-25,0.0,0.0,0.0,-1.6023834317381165e-05
2026-08-22T03:28:24.511480,17.55,-8.163001667066409e-15,1.995039058776533e-27,0.0,-8.012868177864619e-07,0.0,0.0,-4.006434088932202e-07,0.9999999999999197,-4.365297431193261e-18,1.9976201768691597e-25,0.0,0.0,0.0,-0.00012252686336106664
2026-08-22T03:28:24.534227,17.57,-8.162871152610237e-15,2.785599185476561e-27,0.0,-2.516110200634358e-06,0.0,0.0,-1.2580551003168473e-06,0.9999999999992086,8.727219282368873e-18,2.789813724556904e-25,0.0,0.0,0.0,0.00017367427099562467
2026-08-22T03:28:24.550230,17.58,-8.16291478844779e-15,-9.689031532689637e-32,0.0,-6.492584248007915e-13,0.0,0.0,-3.2462921240039577e-13,1.0,4.336817465890961e-18,2.6459008749003963e-25,0.0,0.0,0.0,9.190034347657503e-05
2026-08-22T03:28:24.576442,17.61,-8.162871429772787e-15,2.3494813669992037e-27,0.0,-1.5626264073809182e-06,0.0,0.0,-7.813132036903796e-07,0.9999999999996948,-1.873642759058594e-21,2.3525706421984137e-25,0.0,0.0,0.0,0.0004753316103086172
2026-08-22T03:28:24.596891,17.62,-8.162784684338612e-15,-3.3459784835550475e-32,0.0,2.6578739209526248e-12,0.0,0.0,1.3289369604763124e-12,1.0,8.673600243219032e-18,3.4956744163843153e-25,0.0,0.0,0.0,5.7948530615308034e-05
2026-08-22T03:28:24.622520,17.65,-8.162828064648146e-15,5.295842461043118e-27,0.0,5.002082015259647e-07,0.0,0.0,2.501041007629797e-07,0.9999999999999687,-2.505121034481739e-21,5.304552887546385e-25,0.0,0.0,0.0,-8.047638244019126e-05
2026-08-22T03:28:24.639582,17.67,-8.162827928584975e-15,5.270519589385474e-27,0.0,2.533879440935749e-06,0.0,0.0,1.2669397204675355e-06,0.9999999999991974,4.3615637443879275e-18,5.279010241639893e-25,0.0,0.0,0.0,-5.458934982998021e-05
2026-08-22T03:28:24.661282,17.69,-8.162958170432342e-15,7.312276555888157e-27,0.0,4.758316607400559e-07,0.0,0.0,2.379158303700257e-07,0.9999999999999717,-2.796808330443496e-21,7.324539819963633e-25,0.0,0.0,0.0,0.00014269100214119577
2026-08-22T03:28:24.691327,17.71,-8.163131915186774e-15,7.552664091978021e-27,0.0,-5.080988820793665e-07,0.0,0.0,-2.5404944103968044e-07,0.9999999999999677,-8.730882219302302e-18,7.565457430982294e-25,0.0,0.0,0.0,-2.1342392409039128e-06
2026-08-22T03:28:24.717308,17.73,-8.1630013990668e-15,7.893216583050187e-27,0.0,2.4335312387435697e-06,0.0,0.0,1.2167656193714844e-06,0.9999999999992597,4.361988936871342e-18,7.906428770319223e-25,0.0,0.0,0.0,0.000346825394190892
2026-08-22T03:28:24.736767,17.75,-8.163044904500639e-15,9.588630581009387e-27,0.0,-1.888918277348495e-06,0.0,0.0,-9.44459138674107e-07,0.999999999999554,-2.3583638450457416e-21,9.604980432409467e-25,0.0,0.0,0.0,1.9689068599168373e-06
2026-08-22T03:28:24.755596,17.77,-8.162827791765037e-15,1.135554512001898e-26,0.0,2.3557365262938394e-06,0.0,0.0,1.1778682631466472e-06,0.9999999999993063,8.725775287542023e-18,1.1375240781192819e-24,0.0,0.0,0.0,9.563956001437042e-05
2026-08-22T03:28:24.770353,17.79,-8.162741058529671e-15,1.167381788179154e-26,0.0,-1.140693391743497e-06,0.0,0.0,-5.703466958717175e-07,0.9999999999998374,8.725135564365382e-18,1.1693450436378609e-24,0.0,0.0,0.0,0.00012482612839170235
2026-08-22T03:28:24.807491,17.81,-8.162871438339384e-15,1.0948327815178687e-26,0.0,-2.9557946805702792e-06,0.0,0.0,-1.4778973402846011e-06,0.9999999999989079,-3.625981942901186e-21,1.096679587259343e-24,0.0,0.0,0.0,-9.347584619503243e-06
2026-08-22T03:28:24.828966,17.83,-8.162784702364027e-15,1.227632604486176e-26,0.0,-2.6430070718674874e-06,0.0,0.0,-1.321503535933359e-06,0.9999999999991268,-3.596283625453112e-21,1.2297104033216519e-24,0.0,0.0,0.0,0.00011747414957516091
2026-08-22T03:28:24.875207,17.85,-8.162958446743242e-15,1.0051048019687302e-26,0.0,-7.325276949465831e-07,0.0,0.0,-3.6626384747328334e-07,0.9999999999999329,-8.731663027548365e-18,1.0067258909973037e-24,0.0,0.0,0.0,-0.00019115854950393625
2026-08-22T03:28:24.900093,17.87,-8.162871434873246e-15,1.1427896780375684e-26,0.0,3.012268148694375e-06,0.0,0.0,1.506134074346618e-06,0.9999999999988658,-2.8373510779383304e-21,1.1446881695721036e-24,0.0,0.0,0.0,0.00012197399269031766
2026-08-22T03:28:24.919466,17.89,-8.162914802438826e-15,1.2003731854749028e-26,0.0,-3.7895843503221727e-06,0.0,0.0,-1.8947921751599526e-06,0.9999999999982049,-2.7851284743178727e-21,1.202357573994e-24,0.0,0.0,0.0,-0.0004639258833970774
2026-08-22T03:28:24.943241,17.91,-8.163001810905253e-15,1.0843386333204445e-26,0.0,6.931884244387732e-07,0.0,0.0,3.4659421221937964e-07,0.9999999999999399,-8.730860708661885e-18,1.0860123449390144e-24,0.0,0.0,0.0,0.0002550014685065884
2026-08-22T03:28:24.960075,17.93,-8.162958303298004e-15,8.900232028402588e-27,0.0,1.3716865518986767e-06,0.0,0.0,6.858432759492845e-07,0.9999999999997649,-4.366100411567925e-18,8.913978498976136e-25,0.0,0.0,0.0,-1.757770341142214e-05
2026-08-22T03:28:24.989519,17.95,-8.162914796999717e-15,8.262050748953608e-27,0.0,-1.10570884137573e-06,0.0,0.0,-5.528544206878368e-07,0.9999999999998471,-1.6669558415815805e-21,8.274474062031912e-25,0.0,0.0,0.0,4.735145092982472e-05
2026-08-22T03:28:25.011511,17.97,-8.162958164790366e-15,7.835243785381414e-27,0.0,-2.1939921142077883e-06,0.0,0.0,-1.096996057103674e-06,0.9999999999993983,-1.638063452506833e-21,7.846765857781272e-25,0.0,0.0,0.0,-4.6142388976385925e-05
2026-08-22T03:28:25.029039,17.98,-8.163044892752401e-15,8.811790473976128e-32,0.0,-2.212896532682862e-12,0.0,0.0,-1.106448266341431e-12,1.0,-4.3368001320077296e-18,6.289804622384825e-25,0.0,0.0,0.0,7.562014840560178e-05
2026-08-22T03:28:25.054637,18.01,-8.163044899241951e-15,6.794999868690667e-27,0.0,-6.480287693122477e-07,0.0,0.0,-3.240143846561182e-07,0.9999999999999475,-1.2632663511779551e-21,6.804486400303966e-25,0.0,0.0,0.0,-0.00026218984311157146
2026-08-22T03:28:25.069940,18.03,-8.163088267057976e-15,6.507937359376722e-27,0.0,-1.8513843738077185e-06,0.0,0.0,-9.25692186903727e-07,0.9999999999995716,-1.2394481985031954e-21,6.516735387055113e-25,0.0,0.0,0.0,-0.000369916749929337
2026-08-22T03:28:25.110753,18.05,-8.163044898976512e-15,6.864000265639929e-27,0.0,-5.191866492282315e-08,0.0,0.0,-2.5959332461411574e-08,0.9999999999999997,-1.2231891938068295e-21,6.873403134463818e-25,0.0,0.0,0.0,0.00021122513511301114
2026-08-22T03:28:25.136597,18.07,-8.163001530809344e-15,6.753483347872743e-27,0.0,-7.705927007606307e-07,0.0,0.0,-3.8529635038030576e-07,0.9999999999999257,-1.2071350045799615e-21,6.762607240981318e-25,0.0,0.0,0.0,-0.00027794539442187714
2026-08-22T03:28:25.151936,18.08,-8.162958156686746e-15,4.128127443599498e-32,0.0,-2.957634137601417e-12,0.0,0.0,-1.4788170688007085e-12,1.0,-4.548299645863212e-27,6.819405154565413e-25,0.0,0.0,0.0,0.00024481465292377797
2026-08-22T03:28:25.179161,18.11,-8.163001530571874e-15,7.330267676116773e-27,0.0,-4.042527192105183e-06,0.0,0.0,-2.021263596051215e-06,0.9999999999979573,-1.1769883642802832e-21,7.340340780610845e-25,0.0,0.0,0.0,-3.487564522569928e-05
2026-08-22T03:28:25.195110,18.12,-8.163088260817341e-15,3.793692833382684e-32,0.0,-3.658850999954666e-12,0.0,0.0,-1.829425499977333e-12,1.0,-5.087893444876198e-27,5.127042945837603e-25,0.0,0.0,0.0,0.00010947198667493754
2026-08-22T03:28:25.235398,18.15,-8.163088266648734e-15,5.0359820375747836e-27,0.0,-2.3534517890055895e-07,0.0,0.0,-1.176725894502792e-07,0.9999999999999931,-1.1489270238083254e-21,5.041611895348783e-25,0.0,0.0,0.0,-7.057849536348617e-05
2026-08-22T03:28:25.256262,18.17,-8.163001394230545e-15,5.0303023223881585e-27,0.0,5.121308452871176e-07,0.0,0.0,2.56065422643556e-07,0.9999999999999672,4.362921488086599e-18,5.035918223720976e-25,0.0,0.0,0.0,0.0002869531514864335
2026-08-22T03:28:25.280752,18.19,-8.163175140375564e-15,6.195081622400979e-27,0.0,-3.642080837806816e-06,0.0,0.0,-1.8210404189024015e-06,0.9999999999983419,-4.365511425431806e-18,6.203005151797684e-25,0.0,0.0,0.0,0.00015468659382633697
2026-08-22T03:28:25.309713,18.21,-8.163088266608631e-15,8.019116461003775e-27,0.0,-1.6170191372566478e-06,0.0,0.0,-8.085095686282358e-07,0.9999999999996732,-1.1105497925557992e-21,8.030190442789203e-25,0.0,0.0,0.0,0.0003916465960633324
2026-08-22T03:28:25.326138,18.23,-8.163175138689938e-15,7.256858020033005e-27,0.0,-1.2546754422082529e-06,0.0,0.0,-6.273377211040853e-07,0.9999999999998033,-4.365143945602982e-18,7.266494872862014e-25,0.0,0.0,0.0,-3.0841152659978285e-05
2026-08-22T03:28:25.353727,18.25,-8.163218505144132e-15,7.208606458507323e-27,0.0,4.016512145099682e-08,0.0,0.0,2.008256072549841e-08,0.9999999999999998,-4.364795723377281e-18,7.217955881180069e-25,0.0,0.0,0.0,-0.000374225959698041
2026-08-22T03:28:25.374862,18.27,-8.16317499912272e-15,8.022826249908339e-27,0.0,-1.298871699084714e-06,0.0,0.0,-6.494358495423113e-07,0.9999999999997892,-3.872856866935417e-22,8.0337949526165715e-25,0.0,0.0,0.0,-0.0003590324714877238
2026-08-22T03:28:25.400743,18.29,-8.163174998946869e-15,7.878220282174105e-27,0.0,1.0258747695779393e-06,0.0,0.0,5.129373847889471e-07,0.9999999999998684,-3.7379876806080423e-22,7.888752614700638e-25,0.0,0.0,0.0,0.00010264947541660921
2026-08-22T03:28:25.423079,18.31,-8.163174998923375e-15,7.735282052568188e-27,0.0,-7.657824383500156e-07,0.0,0.0,-3.828912191749984e-07,0.9999999999999267,-3.69100262320027e-22,7.7454658781204245e-25,0.0,0.0,0.0,0.00016024714392296987
2026-08-22T03:28:25.449081,18.32,-8.163131629034334e-15,4.322970448808868e-32,0.0,6.967759702547482e-13,0.0,0.0,3.483879851273741e-13,1.0,-1.2382904367004745e-27,7.779729346650187e-25,0.0,0.0,0.0,-6.004305288038697e-05
2026-08-22T03:28:25.469952,18.35,-8.163131630787018e-15,7.647987138059745e-27,0.0,-6.449480816073105e-07,0.0,0.0,-3.2247404080364966e-07,0.999999999999948,-3.5920902643173275e-22,7.657853221404857e-25,0.0,0.0,0.0,0.0001323162987622271
2026-08-22T03:28:25.492935,18.37,-8.163044758418461e-15,7.754328989427253e-27,0.0,-1.0520875792785491e-06,0.0,0.0,-5.260437896392502e-07,0.9999999999998617,4.363701279672379e-18,7.7643101805891e-25,0.0,0.0,0.0,0.00021344253611272167
2026-08-22T03:28:25.517165,18.39,-8.163131632266507e-15,7.48579673462395e-27,0.0,-7.7614244808899e-08,0.0,0.0,-3.8807122404449495e-08,0.9999999999999992,-6.854618937881491e-22,7.495252015152735e-25,0.0,0.0,0.0,-0.00050464829555479
2026-08-22T03:28:25.540054,18.41,-8.163218368512169e-15,7.308357427138396e-27,0.0,7.82554745448749e-08,0.0,0.0,3.9127737272437444e-08,0.9999999999999992,-6.8682350026497e-22,7.317361074628466e-25,0.0,0.0,0.0,-9.237571621701959e-05
2026-08-22T03:28:25.557591,18.43,-8.163348745200767e-15,7.212854532048951e-27,0.0,-1.7645760230777798e-06,0.0,0.0,-8.822880115387753e-07,0.9999999999996108,-8.728789457762946e-18,7.22155249518243e-25,0.0,0.0,0.0,0.00018963351416227588
2026-08-22T03:28:25.586473,18.45,-8.163391973860916e-15,6.340618759363966e-27,0.0,-4.8027658032800966e-06,0.0,0.0,-2.4013829016377397e-06,0.9999999999971166,-4.36405655406823e-18,6.347554031857371e-25,0.0,0.0,0.0,0.0003369983819602117
2026-08-22T03:28:25.604882,18.47,-8.163391972076864e-15,6.598163906929419e-27,0.0,1.4910959995617645e-06,0.0,0.0,7.455479997808132e-07,0.9999999999997221,-4.363704082462902e-18,6.605425268617628e-25,0.0,0.0,0.0,-0.00016831808000810578
2026-08-22T03:28:25.630713,18.49,-8.163435338426672e-15,6.900196657150518e-27,0.0,-1.1565684761016828e-06,0.0,0.0,-5.782842380508091e-07,0.9999999999998328,-4.363365340002179e-18,6.908260189790542e-25,0.0,0.0,0.0,6.974558700878058e-05
2026-08-22T03:28:25.652617,18.51,-8.163478704841137e-15,6.595093241394019e-27,0.0,7.633719927291338e-07,0.0,0.0,3.8168599636455764e-07,0.9999999999999272,-4.363030855189812e-18,6.602404147801106e-25,0.0,0.0,0.0,-6.958164894010042e-05
2026-08-22T03:28:25.670066,18.53,-8.163521935024503e-15,6.743925704368933e-27,0.0,1.4389422950955577e-06,0.0,0.0,7.194711475477168e-07,0.9999999999997412,1.3540399993182597e-21,6.751533134379374e-25,0.0,0.0,0.0,0.00011940216999761115
2026-08-22T03:28:25.704246,18.55,-8.16352193504482e-15,6.616309759087232e-27,0.0,-8.499775470127702e-07,0.0,0.0,-4.249887735063723e-07,0.9999999999999097,1.3456396383895158e-21,6.623604579287442e-25,0.0,0.0,0.0,-0.00018065319438700402
2026-08-22T03:28:25.729690,18.57,-8.1636521755223e-15,5.9479632980965034e-27,0.0,-3.305110251261567e-06,0.0,0.0,-1.6525551256300314e-06,0.9999999999986345,-4.3627279274955e-18,5.953829579152605e-25,0.0,0.0,0.0,0.00028954325759943485
2026-08-22T03:28:25.750110,18.59,-8.163695542171705e-15,5.099886558662579e-27,0.0,1.0979152538226347e-06,0.0,0.0,5.489576269112897e-07,0.9999999999998493,-4.3624100733726836e-18,5.104080552699083e-25,0.0,0.0,0.0,0.00025942712242074326
2026-08-22T03:28:25.772891,18.61,-8.163652172552346e-15,3.76682687950319e-27,0.0,-2.170501099296729e-06,0.0,0.0,-1.0852505496481514e-06,0.9999999999994111,-4.362086236973034e-18,3.768728434250894e-25,0.0,0.0,0.0,-0.0002855703158765257
2026-08-22T03:28:25.794089,18.64,-8.163608678098612e-15,-7.713308691142298e-33,0.0,-5.360600852100106e-12,0.0,0.0,-2.680300426050053e-12,1.0,-8.662549572462644e-24,8.063657511630195e-25,0.0,0.0,0.0,-0.00023164298172095066
2026-08-22T03:28:25.830480,18.65,-8.163608665125742e-15,8.073534727624029e-27,0.0,-1.4579490867916434e-06,0.0,0.0,-7.289745433957571e-07,0.9999999999997343,2.6032362472134327e-21,8.083471466099706e-25,0.0,0.0,0.0,0.0005088327523756211
2026-08-22T03:28:25.846244,18.67,-8.163695401144969e-15,7.179309820556696e-27,0.0,2.7854327955267877e-07,0.0,0.0,1.3927163977633893e-07,0.9999999999999903,2.577774279672082e-21,7.187435554209148e-25,0.0,0.0,0.0,-0.0002753736164541468
2026-08-22T03:28:25.876421,18.69,-8.163695401393708e-15,7.042708119671926e-27,0.0,-2.0804907965299435e-06,0.0,0.0,-1.0402453982647841e-06,0.999999999999459,2.5453732210534455e-21,7.050515334663875e-25,0.0,0.0,0.0,-0.0003520166105210334
2026-08-22T03:28:25.894753,18.71,-8.16369540155368e-15,6.907350696609058e-27,0.0,-1.60267430304728e-06,0.0,0.0,-8.013371515235543e-07,0.9999999999996789,2.513378982872862e-21,6.914844206782668e-25,0.0,0.0,0.0,8.961609015678218e-05
2026-08-22T03:28:25.918263,18.73,-8.163695401711641e-15,6.775020540213745e-27,0.0,-3.110115086801813e-06,0.0,0.0,-1.5550575434002794e-06,0.9999999999987909,2.481786898397929e-21,6.782208437542464e-25,0.0,0.0,0.0,1.5708377408517327e-05
2026-08-22T03:28:25.947330,18.75,-8.163695401867618e-15,6.644090657157616e-27,0.0,-2.350095762437832e-08,0.0,0.0,-1.1750478812189158e-08,0.9999999999999999,2.4505919127322465e-21,6.650977841981309e-25,0.0,0.0,0.0,0.00040236276052470346
2026-08-22T03:28:25.966048,18.77,-8.16360852967565e-15,6.525518299130292e-27,0.0,3.4904882433295374e-06,0.0,0.0,1.7452441216638825e-06,0.9999999999984771,4.366475762633421e-18,6.531985422427862e-25,0.0,0.0,0.0,0.00032763329997337884
2026-08-22T03:28:25.988099,18.79,-8.163565163305157e-15,7.253875180856062e-27,0.0,8.214915379056719e-07,0.0,0.0,4.1074576895282445e-07,0.9999999999999156,4.366110800062079e-18,7.26156062297113e-25,0.0,0.0,0.0,-0.00010428757763682533
2026-08-22T03:28:26.007701,18.81,-8.16360866940922e-15,7.16406263217368e-27,0.0,-2.1751811294379304e-06,0.0,0.0,-1.087590564718751e-06,0.9999999999994086,1.6858324248636423e-21,7.171747057315556e-25,0.0,0.0,0.0,-0.0002337300291478667
2026-08-22T03:28:26.031687,18.83,-8.163652037713615e-15,6.470214440373482e-27,0.0,-1.21036565614574e-06,0.0,0.0,-6.05182828072833e-07,0.9999999999998169,1.6553438905341587e-21,6.4765561706765e-25,0.0,0.0,0.0,-0.00018278400212787103
2026-08-22T03:28:26.058388,18.85,-8.163738910206998e-15,5.8808790365663976e-27,0.0,-6.437399480141438e-07,0.0,0.0,-3.218699740070663e-07,0.9999999999999482,-4.3624214364663355e-18,5.885926964313915e-25,0.0,0.0,0.0,0.00026319436943296123
2026-08-22T03:28:26.079402,18.87,-8.163869149178284e-15,4.843993548462921e-27,0.0,-3.1067932360073774e-07,0.0,0.0,-1.553396618003682e-07,0.9999999999999879,-8.726163408616942e-18,4.847247772091577e-25,0.0,0.0,0.0,-0.00023058003359008994
2026-08-22T03:28:26.100820,18.89,-8.163869009848396e-15,6.0481215027213e-27,0.0,-1.5056190831863603e-06,0.0,0.0,-7.52809541593109e-07,0.9999999999997167,-4.361454214670985e-18,6.0535575443646045e-25,0.0,0.0,0.0,-1.716841537118574e-05
2026-08-22T03:28:26.123802,18.91,-8.163651759193512e-15,7.702791527129201e-27,0.0,-1.0673214489997916e-07,0.0,0.0,-5.336607244998956e-08,0.9999999999999986,8.731032787810565e-18,7.711494036981268e-25,0.0,0.0,0.0,0.00019928506321928482
2026-08-22T03:28:26.146847,18.93,-8.163825643218367e-15,8.457120669903435e-27,0.0,-3.830056499953827e-06,0.0,0.0,-1.9150282499757427e-06,0.9999999999981664,-4.3618323215095425e-18,8.46713923159181e-25,0.0,0.0,0.0,-7.998229277817067e-05
2026-08-22T03:28:26.176829,18.95,-8.163912378230646e-15,7.537396174054303e-27,0.0,-8.416640540076514e-08,0.0,0.0,-4.208320270038256e-08,0.9999999999999991,-4.3615436421856914e-18,7.545223198686261e-25,0.0,0.0,0.0,-0.00044355522648369437
2026-08-22T03:28:26.194671,18.96,-8.163868886555225e-15,-5.040756253114377e-32,0.0,-3.765432410318681e-12,0.0,0.0,-1.8827162051593405e-12,1.0,-4.336808787199233e-18,8.542450321994411e-25,0.0,0.0,0.0,0.00010524964176672708
2026-08-22T03:28:26.214712,18.99,-8.163781998569291e-15,8.335726702205898e-27,0.0,-1.5998853521992373e-06,0.0,0.0,-7.999426760995333e-07,0.99999999999968,4.3671882330743916e-18,8.34526018717246e-25,0.0,0.0,0.0,0.00016572460679752319
2026-08-22T03:28:26.239205,19.0,-8.163868886337845e-15,-2.7649692642562647e-32,0.0,4.796163466380676e-14,0.0,0.0,2.398081733190338e-14,1.0,4.336808809308533e-18,7.772028697546117e-25,0.0,0.0,0.0,5.562164738886226e-05
2026-08-22T03:28:26.261024,19.03,-8.163869010673508e-15,7.104243854546691e-27,0.0,1.2387991210616178e-07,0.0,0.0,6.193995605308085e-08,0.9999999999999981,-4.3616669409607605e-18,7.111094010831373e-25,0.0,0.0,0.0,-2.682992403767187e-05
2026-08-22T03:28:26.288696,19.05,-8.163955745457939e-15,7.065213916163639e-27,0.0,2.715350280624307e-06,0.0,0.0,1.3576751403117363e-06,0.9999999999990784,-4.36137172197462e-18,7.072060554497815e-25,0.0,0.0,0.0,5.253124314248374e-05
2026-08-22T03:28:26.310293,19.07,-8.16382523109698e-15,5.057103944306299e-27,0.0,-7.119310860836948e-07,0.0,0.0,-3.5596554304183984e-07,0.9999999999999366,8.731104266010935e-18,5.059750682140407e-25,0.0,0.0,0.0,-0.00014702726322596879
2026-08-22T03:28:26.328533,19.09,-8.16404248325999e-15,3.191798155339011e-27,0.0,1.475935666128692e-06,0.0,0.0,7.379678330642787e-07,0.9999999999997277,-4.3617624207941096e-18,3.191117423171614e-25,0.0,0.0,0.0,-0.00011104186929327583
2026-08-22T03:28:26.356162,19.11,-8.163998977927116e-15,2.830650007199782e-27,0.0,5.650964696179984e-07,0.0,0.0,2.825482348089954e-07,0.99999999999996,2.5820331687491465e-21,2.8294751814151814e-25,0.0,0.0,0.0,-1.1505505024311303e-05
2026-08-22T03:28:26.374391,19.12,-8.164042358772447e-15,3.352074430889152e-32,0.0,3.752553823233029e-13,0.0,0.0,1.8762769116165146e-13,1.0,9.995902221540299e-27,2.9050778517134756e-25,0.0,0.0,0.0,-4.2093189060890775e-05
2026-08-22T03:28:26.411401,19.15,-8.16404234618891e-15,2.8315154534194764e-27,0.0,-2.5231029638916884e-06,0.0,0.0,-1.2615514819455094e-06,0.9999999999992042,2.5253708836423095e-21,2.830335184871541e-25,0.0,0.0,0.0,0.0005227562631766075
2026-08-22T03:28:26.429860,19.16,-8.164085726859347e-15,3.187795116020908e-32,0.0,2.2524204723595176e-12,0.0,0.0,1.1262102361797588e-12,1.0,9.754972150088644e-27,2.1188364647116265e-25,0.0,0.0,0.0,-0.0002512559552360189
2026-08-22T03:28:26.449886,19.19,-8.164085714594597e-15,2.056365808422135e-27,0.0,-1.089337989146344e-06,0.0,0.0,-5.446689945731451e-07,0.9999999999998517,2.46161355128666e-21,2.053752658122504e-25,0.0,0.0,0.0,-0.0001414166026934181
2026-08-22T03:28:26.476084,19.21,-8.164042346702376e-15,2.275640755347283e-27,0.0,9.773380598154802e-07,0.0,0.0,4.886690299077206e-07,0.9999999999998807,2.431351581858103e-21,2.2734604517786153e-25,0.0,0.0,0.0,7.625620941683741e-06
2026-08-22T03:28:26.491646,19.23,-8.163955338213714e-15,1.9660571653487762e-27,0.0,-9.659488808821949e-08,0.0,0.0,-4.829744404410972e-08,0.9999999999999988,8.73051137863976e-18,1.9631922318262519e-25,0.0,0.0,0.0,-1.825242572105777e-05
2026-08-22T03:28:26.547232,19.25,-8.163998845799009e-15,1.7526759716437593e-27,0.0,-3.452379345958435e-06,0.0,0.0,-1.7261896729783598e-06,0.9999999999985101,4.3657554724659345e-18,1.7495533629677863e-25,0.0,0.0,0.0,6.337993592536902e-05
2026-08-22T03:28:26.570092,19.27,-8.16399898402869e-15,1.4123024806778202e-27,0.0,-6.630975124544136e-07,0.0,0.0,-3.315487562272007e-07,0.999999999999945,1.3270319140277681e-21,1.4085704660177792e-25,0.0,0.0,0.0,-0.00014496606400464924
2026-08-22T03:28:26.592115,19.29,-8.164129224613151e-15,9.414657293465574e-28,0.0,-2.5858931382849452e-06,0.0,0.0,-1.2929465691421122e-06,0.9999999999991641,-4.362754920485695e-18,9.367708436039795e-26,0.0,0.0,0.0,-3.292959648032391e-05
2026-08-22T03:28:26.620360,19.31,-8.164085718914876e-15,1.9825336952201548e-27,0.0,-3.4667520498743443e-07,0.0,0.0,-1.7333760249371634e-07,0.999999999999985,1.6192465104053383e-21,1.9799338632696662e-25,0.0,0.0,0.0,-5.515256007000196e-05
2026-08-22T03:28:26.640545,19.33,-8.163911974173167e-15,2.1902912139228382e-27,0.0,-4.414117090068004e-06,0.0,0.0,-2.20705854503221e-06,0.9999999999975644,8.729719459372435e-18,2.1881743292497896e-25,0.0,0.0,0.0,-0.00032119525206788266
2026-08-22T03:28:26.669087,19.35,-8.164085858266994e-15,-4.6117098888819606e-27,0.0,1.7634085818230003e-06,0.0,0.0,8.81704290911386e-07,0.9999999999996113,-4.3631377608867196e-18,-4.627214626310795e-25,0.0,0.0,0.0,8.351558818634462e-06
2026-08-22T03:28:26.691070,19.37,-8.164085720851248e-15,-4.8144756489960305e-27,0.0,-3.1179135140391173e-07,0.0,0.0,-1.558956757019552e-07,0.9999999999999879,1.2233008274904927e-21,-4.829735978003312e-25,0.0,0.0,0.0,-2.07345082152902e-05
2026-08-22T03:28:26.717636,19.39,-8.164129088866915e-15,-4.8417934689891136e-27,0.0,-1.0110166477339533e-06,0.0,0.0,-5.055083238669551e-07,0.9999999999998722,1.2158640887704092e-21,-4.85698848449631e-25,0.0,0.0,0.0,-0.00017922300566116175
2026-08-22T03:28:26.734449,19.4,-8.164129095011581e-15,4.0045539792988265e-32,0.0,-2.3354651546014793e-12,0.0,0.0,-1.1677325773007396e-12,1.0,-4.336800120296383e-18,-4.901577490084272e-25,0.0,0.0,0.0,0.00018371303914582418
2026-08-22T03:28:26.753696,19.42,-8.164129095054673e-15,7.512840290119347e-32,0.0,3.796074565798335e-12,0.0,0.0,1.8980372828991676e-12,1.0,-8.667296018987943e-24,-6.250767575101285e-25,0.0,0.0,0.0,0.00011729351667288807
2026-08-22T03:28:26.792895,19.45,-8.16421595978451e-15,-5.7434373126502866e-27,0.0,1.586731745994996e-07,0.0,0.0,7.933658729974972e-08,0.9999999999999969,-4.362545761144704e-18,-5.760015210439979e-25,0.0,0.0,0.0,0.0001061521229034448
2026-08-22T03:28:26.812684,19.47,-8.164215822102945e-15,-5.967622802812154e-27,0.0,8.095765759996709e-07,0.0,0.0,4.047882879998244e-07,0.9999999999999181,1.8250971830674995e-21,-5.984474248998082e-25,0.0,0.0,0.0,-0.00025095296649488947
2026-08-22T03:28:26.832730,19.49,-8.164215822109502e-15,-5.894694363426743e-27,0.0,3.54046479689174e-07,0.0,0.0,1.7702323984458608e-07,0.9999999999999843,1.8107756054680988e-21,-5.911258726554124e-25,0.0,0.0,0.0,-0.0006927226214043462
2026-08-22T03:28:26.853363,19.51,-8.164259190270235e-15,-5.732712696735278e-27,0.0,2.3801784090338174e-06,0.0,0.0,1.1900892045166277e-06,0.9999999999992918,1.787335512155225e-21,-5.748847458003805e-25,0.0,0.0,0.0,2.3271962029709748e-05
2026-08-22T03:28:26.870653,19.53,-8.16425919042593e-15,-5.661830169430742e-27,0.0,2.0667654156980575e-06,0.0,0.0,1.0333827078488447e-06,0.9999999999994661,1.764869694222055e-21,-5.677710173629806e-25,0.0,0.0,0.0,-0.00021137944924627764
2026-08-22T03:28:26.917701,19.55,-8.164259190536851e-15,-5.59201710847465e-27,0.0,5.3787992726483935e-08,0.0,0.0,2.6893996363241964e-08,0.9999999999999997,1.742686047088275e-21,-5.607646337675816e-25,0.0,0.0,0.0,3.298751070482481e-05
2026-08-22T03:28:26.936787,19.57,-8.164215686347323e-15,-5.5296598337106045e-27,0.0,-5.308587542884879e-07,0.0,0.0,-2.6542937714424085e-07,0.9999999999999648,4.365776075393485e-18,-5.545069283687632e-25,0.0,0.0,0.0,-0.00011897875319571004
2026-08-22T03:28:26.961384,19.58,-8.164259199185268e-15,4.202533079814883e-32,0.0,-1.4335199693960021e-12,0.0,0.0,-7.167599846980011e-13,1.0,8.678834605908105e-24,-5.955430903106642e-25,0.0,0.0,0.0,6.121802818509953e-05
2026-08-22T03:28:26.984869,19.6,-8.164302567315806e-15,3.159049163771597e-33,0.0,-1.7732482149313e-12,0.0,0.0,-8.8662410746565e-13,1.0,-4.336800119948232e-18,-5.646395078199768e-25,0.0,0.0,0.0,0.00017167346118792916
2026-08-22T03:28:27.002510,19.63,-8.164476167605954e-15,-4.084272750084709e-27,0.0,1.1000870645538898e-06,0.0,0.0,5.500435322769171e-07,0.9999999999998487,-4.362401434619065e-18,-4.0965304793688687e-25,0.0,0.0,0.0,-7.912285010460991e-05
2026-08-22T03:28:27.031489,19.66,-8.164476039576392e-15,3.228251957265912e-32,0.0,-5.910827383104333e-13,0.0,0.0,-2.9554136915521667e-13,1.0,8.679643812337258e-24,-4.548715183639089e-25,0.0,0.0,0.0,-6.20929072839357e-05
2026-08-22T03:28:27.056194,19.67,-8.164476031409086e-15,-4.5613580897918745e-27,0.0,5.956612854074451e-06,0.0,0.0,2.978306427032822e-06,0.9999999999955649,1.6247813491829365e-21,-4.574402831580693e-25,0.0,0.0,0.0,0.00010393683537203771
2026-08-22T03:28:27.072213,19.69,-8.16443266365915e-15,-6.027085137914924e-27,0.0,-1.8364739928777851e-06,0.0,0.0,-9.182369964387635e-07,0.9999999999995784,1.5964193417001145e-21,-6.04278058312954e-25,0.0,0.0,0.0,7.406848848124498e-06
2026-08-22T03:28:27.091103,19.7,-8.164432671597914e-15,1.591077017978806e-32,0.0,-1.4690471061840071e-12,0.0,0.0,-7.345235530920036e-13,1.0,6.3054213863820816e-27,-5.932811838601441e-25,0.0,0.0,0.0,-0.0001668159363856013
2026-08-22T03:28:27.113220,19.73,-8.164345791469208e-15,-5.2327154871292304e-27,0.0,3.9961057796134014e-07,0.0,0.0,1.9980528898066875e-07,0.99999999999998,4.3656125123397415e-18,-5.246578719641836e-25,0.0,0.0,0.0,5.9523513041054456e-05
2026-08-22T03:28:27.150074,19.75,-8.164519674035477e-15,-4.654720716446085e-27,0.0,1.7596999324354099e-07,0.0,0.0,8.798499662177039e-08,0.9999999999999961,-8.726908840906329e-18,-4.667391480573899e-25,0.0,0.0,0.0,-8.613888237433341e-05
2026-08-22T03:28:27.168668,19.77,-8.164476030619351e-15,-4.244551992490898e-27,0.0,1.724202451924839e-07,0.0,0.0,8.621012259624184e-08,0.9999999999999963,1.847778965891691e-21,-4.256420697281699e-25,0.0,0.0,0.0,5.315520177330091e-05
2026-08-22T03:28:27.192241,19.79,-8.164476030475821e-15,-4.1920361837498855e-27,0.0,2.140011294837763e-06,0.0,0.0,1.0700056474186771e-06,0.9999999999994276,1.8417911590456815e-21,-4.203754278184299e-25,0.0,0.0,0.0,0.0005308436568585928
2026-08-22T03:28:27.217988,19.81,-8.164606270984483e-15,-2.774400204487586e-27,0.0,-4.5581921703785605e-07,0.0,0.0,-2.2790960851892607e-07,0.999999999999974,-4.362238012370075e-18,-2.7830435596205863e-25,0.0,0.0,0.0,-9.989609498112052e-05
2026-08-22T03:28:27.242397,19.83,-8.16473651001066e-15,-2.6608553394376363e-27,0.0,2.617907732815894e-06,0.0,0.0,1.3089538664075732e-06,0.9999999999991434,-8.725982289869013e-18,-2.6696385367912966e-25,0.0,0.0,0.0,-0.00013464904532791441
2026-08-22T03:28:27.277573,19.85,-8.164606130299246e-15,-4.629418724448636e-27,0.0,3.460416779788033e-07,0.0,0.0,1.730208389894008e-07,0.999999999999985,2.7812805415601635e-21,-4.641687354558024e-25,0.0,0.0,0.0,0.00027209625369766963
2026-08-22T03:28:27.305657,19.86,-8.164476039770994e-15,3.298435924918084e-32,0.0,2.5557334026871104e-12,0.0,0.0,1.2778667013435552e-12,1.0,8.673600261875655e-18,-4.909102234613627e-25,0.0,0.0,0.0,0.0003720411606442079
2026-08-22T03:28:27.323938,19.89,-8.164562901511919e-15,-1.114737597813743e-27,0.0,9.138502545802396e-07,0.0,0.0,4.569251272901039e-07,0.9999999999998956,-4.361995574724573e-18,-1.1201211132348522e-25,0.0,0.0,0.0,5.291741251564201e-05
2026-08-22T03:28:27.342469,19.91,-8.164519532373148e-15,-1.71615895867389e-27,0.0,3.3523631781662294e-07,0.0,0.0,1.6761815890831065e-07,0.9999999999999859,-4.36170280505776e-18,-1.722706522906782e-25,0.0,0.0,0.0,-7.657576261674214e-05
2026-08-22T03:28:27.363049,19.92,-8.164476039749854e-15,7.794680855446613e-33,0.0,-3.588240815588506e-13,0.0,0.0,-1.794120407794253e-13,1.0,-8.662729167741074e-24,-1.6282411513954366e-25,0.0,0.0,0.0,-0.00013097085461428003
2026-08-22T03:28:27.405041,19.95,-8.164476026475476e-15,-1.622177782535873e-27,0.0,-3.992015172205044e-06,0.0,0.0,-1.9960075861011965e-06,0.9999999999980079,2.641854474946882e-21,-1.6285119321571847e-25,0.0,0.0,0.0,8.204417259124796e-05
2026-08-22T03:28:27.425735,19.97,-8.164476026641513e-15,-1.6099301450530181e-27,0.0,2.4024540308253965e-06,0.0,0.0,1.2012270154124092e-06,0.9999999999992786,2.6086475264541856e-21,-1.6161937105261315e-25,0.0,0.0,0.0,-0.00012732631821290073
2026-08-22T03:28:27.443640,19.99,-8.164476026805462e-15,-1.5966882987509182e-27,0.0,4.163239449628265e-06,0.0,0.0,2.0816197248126287e-06,0.9999999999978334,2.575857957674585e-21,-1.60288001145092e-25,0.0,0.0,0.0,-2.1604242242178782e-05
2026-08-22T03:28:27.469901,20.01,-8.164736644005294e-15,3.1906099008575983e-27,0.0,-3.60769298435315e-06,0.0,0.0,-1.8038464921755968e-06,0.9999999999983731,-1.3089624440263887e-17,3.1941776095966263e-25,0.0,0.0,0.0,-0.00013443864840456717
2026-08-22T03:28:27.487589,20.02,-8.164649512184178e-15,-4.800825349593234e-32,0.0,-4.126921027136632e-12,0.0,0.0,-2.063460513568316e-12,1.0,-2.600629551333159e-23,7.404606828434356e-25,0.0,0.0,0.0,-0.00015279323509410128
2026-08-22T03:28:27.518632,20.05,-8.164562758457697e-15,8.064975349119742e-27,0.0,-8.40182518224708e-07,0.0,0.0,-4.200912591123417e-07,0.9999999999999117,3.497511652418238e-21,8.07691911385857e-25,0.0,0.0,0.0,-0.00023977963478717258
2026-08-22T03:28:27.537773,20.07,-8.164649494684639e-15,7.492966494250994e-27,0.0,-4.7528294899734647e-07,0.0,0.0,-2.3764147449867098e-07,0.9999999999999718,3.452190176926775e-21,7.503742504805265e-25,0.0,0.0,0.0,1.3775357884495039e-05
2026-08-22T03:28:27.558661,20.09,-8.164606126941402e-15,7.48144805487564e-27,0.0,8.139870222301226e-07,0.0,0.0,4.069935111150501e-07,0.9999999999999172,3.409477518233058e-21,7.4921213842446715e-25,0.0,0.0,0.0,0.0002199426196423137
2026-08-22T03:28:27.577748,20.11,-8.164389014373423e-15,6.519324285401628e-27,0.0,-2.4632765951437823e-06,0.0,0.0,-1.2316382975715796e-06,0.9999999999992415,8.731479248297202e-18,6.527851417956321e-25,0.0,0.0,0.0,-4.372659551373881e-05
2026-08-22T03:28:27.599629,20.12,-8.16451940759823e-15,5.515649891540379e-32,0.0,-2.4167334800040408e-12,0.0,0.0,-1.2083667400020204e-12,1.0,1.7357161709246192e-23,3.643069708246155e-25,0.0,0.0,0.0,0.00029745446749013146
2026-08-22T03:28:27.632820,20.15,-8.16447602670177e-15,2.8147669488308002e-27,0.0,2.1843954924882784e-06,0.0,0.0,1.092197746243922e-06,0.9999999999994036,2.60526931852182e-21,2.8164772764592153e-25,0.0,0.0,0.0,7.118750207471856e-05
2026-08-22T03:28:27.656424,20.17,-8.164519394869071e-15,3.31445779118523e-27,0.0,1.838007142040965e-07,0.0,0.0,9.190035710204811e-08,0.9999999999999958,2.57184251707426e-21,3.317096868071754e-25,0.0,0.0,0.0,1.8621543402281624e-06
2026-08-22T03:28:27.680361,20.19,-8.164302282335178e-15,3.059918911611494e-27,0.0,-4.285636880041466e-06,0.0,0.0,-2.142818440019093e-06,0.9999999999977042,8.730652142434652e-18,3.0620361730671716e-25,0.0,0.0,0.0,-9.45009947421841e-05
2026-08-22T03:28:27.697446,20.21,-8.164259053705365e-15,1.9376661292385018e-27,0.0,3.371821843511925e-06,0.0,0.0,1.6859109217551635e-06,0.9999999999985788,4.365895825167452e-18,1.93791336213072e-25,0.0,0.0,0.0,1.155638598817054e-05
2026-08-22T03:28:27.716784,20.22,-8.164302567272165e-15,3.0885694545107875e-32,0.0,2.90656387846866e-12,0.0,0.0,1.45328193923433e-12,1.0,8.679273325045716e-24,3.220853981212464e-25,0.0,0.0,0.0,0.00014899766035488226
2026-08-22T03:28:27.760056,20.25,-8.164432936792683e-15,3.915657084334225e-27,0.0,-1.3751693619390437e-06,0.0,0.0,-6.875846809694676e-07,0.9999999999997636,-8.726673359780992e-18,3.9195290034397216e-25,0.0,0.0,0.0,5.2652116997893887e-05
2026-08-22T03:28:27.782611,20.27,-8.164519533632759e-15,3.400041392427012e-27,0.0,6.096801695942844e-06,0.0,0.0,3.0484008479667006e-06,0.9999999999953536,-4.361967733980085e-18,3.4026734557099594e-25,0.0,0.0,0.0,-0.00019402240512938378
2026-08-22T03:28:27.805105,20.29,-8.164476027724294e-15,1.4785454037818283e-27,0.0,3.720520887373624e-06,0.0,0.0,1.860260443685739e-06,0.9999999999982697,2.4137764322214347e-21,1.4776589499804988e-25,0.0,0.0,0.0,0.00023410234283214232
2026-08-22T03:28:27.826582,20.31,-8.164476027724482e-15,1.4416019410114161e-27,0.0,3.309288008956912e-06,0.0,0.0,1.654644004477701e-06,0.9999999999986311,2.3920552312822364e-21,1.4406115494287246e-25,0.0,0.0,0.0,0.0001296208429468024
2026-08-22T03:28:27.851889,20.33,-8.164476027874819e-15,1.404918569540972e-27,0.0,7.756030075967145e-07,0.0,0.0,3.878015037983476e-07,0.9999999999999248,2.3619881510154046e-21,1.4038664041242866e-25,0.0,0.0,0.0,0.00021284105262566366
2026-08-22T03:28:27.898101,20.35,-8.164476028023265e-15,1.3684829701061355e-27,0.0,2.1034336046277242e-06,0.0,0.0,1.0517168023136684e-06,0.999999999999447,2.332298983678878e-21,1.3673699843089935e-25,0.0,0.0,0.0,-2.8614053433017607e-05
2026-08-22T03:28:27.916088,20.37,-8.164302419730005e-15,-5.463466107127739e-28,0.0,-1.4193317530164506e-06,0.0,0.0,-7.096658765081657e-07,0.9999999999997482,4.36636031548969e-18,-5.511697259451399e-26,0.0,0.0,0.0,-0.0002503827669557766
2026-08-22T03:28:27.941703,20.39,-8.164476166004415e-15,-2.6488235906155656e-27,0.0,-1.298064490118378e-06,0.0,0.0,-6.490322450591435e-07,0.9999999999997894,-4.362115823039472e-18,-2.657686785227764e-25,0.0,0.0,0.0,-0.000191390634653675
2026-08-22T03:28:27.962521,20.4,-8.164476039728446e-15,9.723161452110006e-33,0.0,-2.6756374893466273e-12,0.0,0.0,-1.3378187446733136e-12,1.0,-4.336808789713005e-18,-2.118294925406087e-25,0.0,0.0,0.0,0.0003771351816422384
2026-08-22T03:28:27.981660,20.43,-8.164345786616857e-15,-6.990749953622617e-27,0.0,4.2973050229377923e-07,0.0,0.0,2.1486525114688795e-07,0.9999999999999769,4.366613333603525e-18,-7.007891312975953e-25,0.0,0.0,0.0,0.00017880416304519854
2026-08-22T03:28:28.016422,20.45,-8.164389292406111e-15,-6.2679386292344604e-27,0.0,2.580368700932923e-06,0.0,0.0,1.2901843504661033e-06,0.9999999999991677,2.199286913892746e-21,-6.283101942738168e-25,0.0,0.0,0.0,8.661854829903568e-05
2026-08-22T03:28:28.040752,20.47,-8.164389292695846e-15,-6.180494283129483e-27,0.0,1.3918564238935003e-06,0.0,0.0,6.95928211946694e-07,0.9999999999997579,2.1630239596551163e-21,-6.195418062506438e-25,0.0,0.0,0.0,-0.00015190928043030193
2026-08-22T03:28:28.065080,20.49,-8.16430255673793e-15,-6.806028596288273e-27,0.0,2.2369998875504393e-06,0.0,0.0,1.1184999437749865e-06,0.9999999999993745,2.1371945607492472e-21,-6.822019209996287e-25,0.0,0.0,0.0,-0.0001756358007052026
2026-08-22T03:28:28.080809,20.51,-8.164432797178428e-15,-5.283207222488086e-27,0.0,1.117613643408788e-06,0.0,0.0,5.588068217043649e-07,0.9999999999998439,-4.361946322525612e-18,-5.296143935037069e-25,0.0,0.0,0.0,0.00027288631487004195
2026-08-22T03:28:28.103800,20.53,-8.164259051138061e-15,-7.054178566303426e-27,0.0,-1.7352533210335255e-06,0.0,0.0,-8.676266605166538e-07,0.9999999999996236,4.366474333810404e-18,-7.070641794228062e-25,0.0,0.0,0.0,-7.500186432535552e-05
2026-08-22T03:28:28.133699,20.55,-8.164172316525669e-15,-6.709189229600438e-27,0.0,-2.554561193690575e-07,0.0,0.0,-1.2772805968452837e-07,0.9999999999999919,4.3661186873181015e-18,-6.724545817503501e-25,0.0,0.0,0.0,7.048164632514808e-05
2026-08-22T03:28:28.154457,20.57,-8.164215822586861e-15,-6.530545938243516e-27,0.0,1.1941172268770117e-06,0.0,0.0,5.970586134384704e-07,0.9999999999998218,1.6936203414994585e-21,-6.54554658896277e-25,0.0,0.0,0.0,0.00014786258697340018
2026-08-22T03:28:28.177537,20.59,-8.164259327143869e-15,-6.2854103690312916e-27,0.0,-3.711277596352148e-08,0.0,0.0,-1.8556387981760736e-08,0.9999999999999998,-4.3623915807930095e-18,-6.299729875617577e-25,0.0,0.0,0.0,9.001318551103928e-05
2026-08-22T03:28:28.198578,20.61,-8.164128949035717e-15,-6.3974274914968876e-27,0.0,8.777938349524563e-07,0.0,0.0,4.3889691747621397e-07,0.9999999999999036,4.366033992353672e-18,-6.4120221545893e-25,0.0,0.0,0.0,-4.7217696288964886e-05
2026-08-22T03:28:28.220569,20.63,-8.164172454831929e-15,-6.0879886666535924e-27,0.0,-2.5405071299999804e-06,0.0,0.0,-1.2702535649996486e-06,0.9999999999991932,1.6272279299433642e-21,-6.101850718906211e-25,0.0,0.0,0.0,-1.6997299474467482e-05
2026-08-22T03:28:28.262411,20.65,-8.164389567824603e-15,-8.591823909805291e-27,0.0,-2.9329999966520867e-06,0.0,0.0,-1.4664999983255174e-06,0.9999999999989246,-8.726514471139768e-18,-8.610593830211119e-25,0.0,0.0,0.0,0.00018300074360815026
2026-08-22T03:28:28.284161,20.67,-8.164302556321551e-15,-7.14142142031624e-27,0.0,9.447332871559411e-07,0.0,0.0,4.7236664357795296e-07,0.9999999999998884,2.2464904230494585e-21,-7.157087118709593e-25,0.0,0.0,0.0,8.571995823271487e-05
2026-08-22T03:28:28.305106,20.69,-8.16408544342082e-15,-7.998740303042807e-27,0.0,3.1468363825837287e-07,0.0,0.0,1.5734181912918577e-07,0.9999999999999877,8.730348117437426e-18,-8.015995980689306e-25,0.0,0.0,0.0,-0.00014198104320475345
2026-08-22T03:28:28.333379,20.71,-8.16417245516481e-15,-8.366100198123562e-27,0.0,-1.1618286728243275e-06,0.0,0.0,-5.809143364121311e-07,0.9999999999998312,1.5389686194195866e-21,-8.383807506817308e-25,0.0,0.0,0.0,0.000313828744910289
2026-08-22T03:28:28.354055,20.73,-8.164085719470696e-15,-7.645893935587324e-27,0.0,5.371402176379547e-07,0.0,0.0,2.6857010881897413e-07,0.9999999999999639,1.503745566560606e-21,-7.662049507355976e-25,0.0,0.0,0.0,-0.00022793829300785047
2026-08-22T03:28:28.387297,20.75,-8.164042351431544e-15,-7.668096275635928e-27,0.0,-2.1277737274338904e-06,0.0,0.0,-1.0638868637167444e-06,0.9999999999994341,1.4855231184781135e-21,-7.684172551857903e-25,0.0,0.0,0.0,-0.00018848892092352453
2026-08-22T03:28:28.411393,20.77,-8.164042351481542e-15,-7.55250502079168e-27,0.0,-6.06571021855018e-07,0.0,0.0,-3.0328551092750434e-07,0.999999999999954,1.4668505219302178e-21,-7.568242889303386e-25,0.0,0.0,0.0,-6.53474356057967e-05
2026-08-22T03:28:28.430772,20.79,-8.164042351573728e-15,-7.437918424406798e-27,0.0,2.440785046964322e-06,0.0,0.0,1.220392523481858e-06,0.9999999999992554,1.4484128466241978e-21,-7.453322331226076e-25,0.0,0.0,0.0,-0.00023590810759833595
2026-08-22T03:28:28.460860,20.8,-8.16417246299033e-15,-8.840846267199866e-32,0.0,6.794564910705958e-14,0.0,0.0,3.397282455352979e-14,1.0,-8.67360024513526e-18,-4.82463505768293e-25,0.0,0.0,0.0,-0.00019338760482017178
2026-08-22T03:28:28.481334,20.82,-8.164085727075643e-15,-8.988123579496733e-32,0.0,-2.1738166822160565e-12,0.0,0.0,-1.0869083411080283e-12,1.0,8.673582912201444e-18,-1.4423914932153765e-25,0.0,0.0,0.0,0.0002553397386926915
2026-08-22T03:28:28.516546,20.85,-8.164172592018618e-15,-2.6639526171433383e-28,0.0,-2.4347677203273577e-06,0.0,0.0,-1.2173838601633781e-06,0.999999999999259,-4.362653329577459e-18,-2.6819599466746583e-26,0.0,0.0,0.0,3.767154844064926e-05
2026-08-22T03:28:28.540356,20.87,-8.164172590885443e-15,2.6680361202377246e-28,0.0,-2.4287880151518955e-08,0.0,0.0,-1.2143940075759474e-08,0.9999999999999999,-4.362352971628755e-18,2.6601556920652274e-26,0.0,0.0,0.0,-0.00021703582501520765
2026-08-22T03:28:28.559868,20.89,-8.164172453021115e-15,8.181175068733197e-28,0.0,1.8413491500446357e-06,0.0,0.0,9.206745750221877e-07,0.9999999999995762,2.0240820410121097e-21,8.185544705336882e-26,0.0,0.0,0.0,3.014937792096702e-05
2026-08-22T03:28:28.584211,20.91,-8.1643459252279e-15,2.6830291928195363e-27,0.0,2.094718423162334e-06,0.0,0.0,1.0473592115809755e-06,0.9999999999994515,2.0045415431934572e-21,2.686929845977833e-25,0.0,0.0,0.0,-0.00010925965924291439
2026-08-22T03:28:28.602280,20.92,-8.164259199337049e-15,3.084129870961384e-32,0.0,8.353318037279678e-13,0.0,0.0,4.176659018639839e-13,1.0,8.356504202607354e-27,1.5635507791750135e-25,0.0,0.0,0.0,3.8438422189080395e-05
2026-08-22T03:28:28.650942,20.95,-8.164128949078322e-15,1.2905406308756647e-27,0.0,-8.331459993016211e-07,0.0,0.0,-4.1657299965079845e-07,0.9999999999999132,4.366012461106656e-18,1.2918829496328687e-25,0.0,0.0,0.0,-0.00010244250489698073
2026-08-22T03:28:28.671447,20.96,-8.164172462989513e-15,3.373113491297676e-32,0.0,-1.5485390747471683e-12,0.0,0.0,-7.742695373735842e-13,1.0,4.33680880486698e-18,7.85636376701142e-26,0.0,0.0,0.0,-0.0004463918268535377
2026-08-22T03:28:28.694547,20.99,-8.16417259305303e-15,-9.007799712441626e-28,0.0,-1.2549007784024011e-06,0.0,0.0,-6.274503892011595e-07,0.9999999999998032,-4.362821180917099e-18,-9.040599698483501e-26,0.0,0.0,0.0,-5.505166022648107e-05
2026-08-22T03:28:28.716076,21.01,-8.16412908737201e-15,-2.662598917457939e-28,0.0,8.063766876453826e-07,0.0,0.0,4.031883438226804e-07,0.9999999999999187,1.5451994126292662e-21,-2.679316436357277e-26,0.0,0.0,0.0,0.00032118183051575185
2026-08-22T03:28:28.741015,21.02,-8.164129094989619e-15,2.714592386762964e-32,0.0,3.347544463849772e-12,0.0,0.0,1.673772231924886e-12,1.0,6.1202463695448436e-27,-2.644225880116274e-26,0.0,0.0,0.0,-8.626267061161516e-05
2026-08-22T03:28:28.779868,21.05,-8.164042215068063e-15,6.321532181724131e-29,0.0,2.212725689787476e-06,0.0,0.0,1.1063628448935122e-06,0.9999999999993879,4.365571082725342e-18,6.222404542347253e-27,0.0,0.0,0.0,-0.0001544183421734749
2026-08-22T03:28:28.803639,21.07,-8.164129225285745e-15,7.947581434774203e-28,0.0,-3.8373937720770365e-06,0.0,0.0,-1.9186968860373405e-06,0.9999999999981593,-4.362893776168856e-18,7.951437989959166e-26,0.0,0.0,0.0,-6.163419951381722e-05
2026-08-22T03:28:28.830653,21.09,-8.164085719643526e-15,2.4155150984754625e-27,0.0,1.1838330316038537e-07,0.0,0.0,5.919165158019265e-08,0.9999999999999982,1.4735168837727772e-21,2.4189267648399153e-25,0.0,0.0,0.0,-2.8576744830633424e-06
2026-08-22T03:28:28.856067,21.11,-8.164215959977532e-15,2.447954990340186e-27,0.0,-1.0039232867242731e-07,0.0,0.0,-5.0196164336213636e-08,0.9999999999999988,-4.36259303876148e-18,2.451393534267414e-25,0.0,0.0,0.0,0.0002244867119743103
2026-08-22T03:28:28.876228,21.13,-8.163955341550536e-15,1.969538815205819e-27,0.0,-3.621078527249466e-06,0.0,0.0,-1.810539263623744e-06,0.999999999998361,8.729891720136488e-18,1.9718453964278894e-25,0.0,0.0,0.0,-0.0004518162690742618
2026-08-22T03:28:28.921455,21.15,-8.164129089208193e-15,-5.032727785457991e-27,0.0,-2.009320850593355e-06,0.0,0.0,-1.0046604252965083e-06,0.9999999999994953,1.0955679962157241e-21,-5.043626536636517e-25,0.0,0.0,0.0,0.0002565536700494485
2026-08-22T03:28:28.938933,21.17,-8.164172457713733e-15,-5.470645934441186e-27,0.0,3.527647598478012e-06,0.0,0.0,1.7638237992380914e-06,0.9999999999984445,1.0638804058176465e-21,-5.482090027231906e-25,0.0,0.0,0.0,0.0005363126524724217
2026-08-22T03:28:28.957709,21.19,-8.16421582587089e-15,-4.48544725599416e-27,0.0,-5.440706285497754e-07,0.0,0.0,-2.7203531427488436e-07,0.999999999999963,1.0498286245328217e-21,-4.494949006947259e-25,0.0,0.0,0.0,-6.970803376562412e-05
2026-08-22T03:28:28.987421,21.21,-8.164215825980238e-15,-4.417983671066318e-27,0.0,1.5647717366285006e-06,0.0,0.0,7.823858683141706e-07,0.9999999999996939,1.0366329485301723e-21,-4.427287130214517e-25,0.0,0.0,0.0,-0.0003195359370116772
2026-08-22T03:28:29.010112,21.22,-8.164302567250487e-15,2.0666465760935887e-32,0.0,-1.3584688929313415e-12,0.0,0.0,-6.792344464656708e-13,1.0,3.6553076725042125e-27,-3.5441210478187486e-25,0.0,0.0,0.0,-1.537303952559981e-05
2026-08-22T03:28:29.050240,21.25,-8.164085449551332e-15,-3.341537376589859e-27,0.0,-2.7101798405482218e-06,0.0,0.0,-1.355089920273696e-06,0.9999999999990818,8.72912202194408e-18,-3.348400037841144e-25,0.0,0.0,0.0,-0.00012098079675966722
2026-08-22T03:28:29.076922,21.26,-8.16412909488094e-15,1.278977790854194e-32,0.0,-3.2662761384472105e-12,0.0,0.0,-1.6331380692236053e-12,1.0,4.336817473389134e-18,-4.95740485245238e-25,0.0,0.0,0.0,1.8490102972664284e-05
2026-08-22T03:28:29.093549,21.29,-8.16408572697242e-15,-5.9579950278413855e-27,0.0,-3.875339980030645e-06,0.0,0.0,-1.93766999001411e-06,0.9999999999981227,-2.694701695425411e-23,-5.970034030785704e-25,0.0,0.0,0.0,-0.0003834161970366248
2026-08-22T03:28:29.119705,21.31,-8.163955486685963e-15,-3.394443715807568e-27,0.0,2.3138331370908816e-06,0.0,0.0,1.1569165685451826e-06,0.9999999999993308,4.364021425605564e-18,-3.4011080568372555e-25,0.0,0.0,0.0,-3.393325042087077e-06
2026-08-22T03:28:29.138536,21.33,-8.163868752070925e-15,-3.934048885838286e-27,0.0,2.0797917148485112e-06,0.0,0.0,1.0398958574240682e-06,0.9999999999994593,4.363687992200855e-18,-3.942173750950939e-25,0.0,0.0,0.0,3.482162758034255e-05
2026-08-22T03:28:29.165729,21.35,-8.163999130325334e-15,-2.187229356538654e-27,0.0,-1.6501728024032047e-06,0.0,0.0,-8.250864012015088e-07,0.9999999999996596,-4.364762495610679e-18,-2.1917294178362813e-25,0.0,0.0,0.0,0.00017664348423619282
2026-08-22T03:28:29.187318,21.37,-8.163868752263055e-15,-1.3403374290010035e-27,0.0,-5.1137453960237175e-06,0.0,0.0,-2.5568726980090725e-06,0.9999999999967312,4.3636842602346395e-18,-1.3433549791030817e-25,0.0,0.0,0.0,-0.0002685950515966791
2026-08-22T03:28:29.209037,21.39,-8.16391225791159e-15,-3.982692671446775e-27,0.0,-2.3787362448679517e-06,0.0,0.0,-1.1893681224336955e-06,0.9999999999992927,-6.929690921670105e-22,-3.9907182032826973e-25,0.0,0.0,0.0,7.659049806782965e-05
2026-08-22T03:28:29.235580,21.41,-8.163999130365531e-15,-4.829884268796716e-27,0.0,-2.7989415904983166e-06,0.0,0.0,-1.3994707952487013e-06,0.9999999999990208,-4.364748851243595e-18,-4.839495070620966e-25,0.0,0.0,0.0,-0.00022110247351731603
2026-08-22T03:28:29.255732,21.43,-8.163999128797627e-15,-3.461121477373101e-27,0.0,-4.1602716915889454e-07,0.0,0.0,-2.080135845794458e-07,0.9999999999999784,-4.364404915771147e-18,-3.4681647122307205e-25,0.0,0.0,0.0,0.00017410325384274242
2026-08-22T03:28:29.301781,21.45,-8.164129367449377e-15,-4.012010234571135e-27,0.0,1.6902057531353876e-07,0.0,0.0,8.451028765676927e-08,0.9999999999999964,-8.728113337775561e-18,-4.0198039510281127e-25,0.0,0.0,0.0,0.00018805538401743554
2026-08-22T03:28:29.327098,21.47,-8.163868610958995e-15,-5.174293591436874e-27,0.0,-2.4272200556119117e-06,0.0,0.0,-1.2136100278056579e-06,0.9999999999992636,8.728788286759367e-18,-5.184494127092332e-25,0.0,0.0,0.0,-4.244152167885479e-05
2026-08-22T03:28:29.349318,21.49,-8.164042358439152e-15,-8.42341105466469e-27,0.0,-9.146558701544906e-07,0.0,0.0,-4.573279350772293e-07,0.9999999999998954,1.462341850343777e-23,-8.439439771447072e-25,0.0,0.0,0.0,0.00027140581242017373
2026-08-22T03:28:29.365792,21.5,-8.163998990772307e-15,1.1686219936753419e-32,0.0,1.4988010832439613e-12,0.0,0.0,7.494005416219807e-13,1.0,2.4305499502775084e-28,-8.040434492453746e-25,0.0,0.0,0.0,-0.0002705280791050601
2026-08-22T03:28:29.388198,21.53,-8.163912118393416e-15,-6.893144915811715e-27,0.0,-4.660676702350487e-06,0.0,0.0,-2.330338351173134e-06,0.9999999999972847,4.364053881720171e-18,-6.905780957700124e-25,0.0,0.0,0.0,0.00017288935966272405
2026-08-22T03:28:29.415419,21.55,-8.164042496562677e-15,-9.916720356506955e-27,0.0,4.478370735583326e-06,0.0,0.0,2.2391853677897918e-06,0.999999999997493,-4.364392586061119e-18,-9.935384036569508e-25,0.0,0.0,0.0,-5.9485739913524456e-05
2026-08-22T03:28:29.436066,21.57,-8.163912118523643e-15,-1.30440240052333e-26,0.0,-6.588635557136512e-07,0.0,0.0,-3.2943177785681967e-07,0.9999999999999457,4.36404952019877e-18,-1.3068494399964196e-24,0.0,0.0,0.0,7.709464900882456e-06
2026-08-22T03:28:29.459082,21.59,-8.164042496541117e-15,-1.332070456962287e-26,0.0,-6.262721502725556e-06,0.0,0.0,-3.13136075135766e-06,0.9999999999950973,-4.364388273889161e-18,-1.3345321017640181e-24,0.0,0.0,0.0,1.1539861392417003e-05
2026-08-22T03:28:29.483851,21.61,-8.164042358895265e-15,-1.2320168100253548e-26,0.0,-1.0255159610395026e-06,0.0,0.0,-5.127579805197289e-07,0.9999999999998685,-2.874861829008014e-24,-1.2342681919852212e-24,0.0,0.0,0.0,0.00020131064878515077
2026-08-22T03:28:29.503563,21.62,-8.164085726881326e-15,2.519751345064392e-32,0.0,8.22897305852166e-13,0.0,0.0,4.11448652926083e-13,1.0,-4.336800125312496e-18,-1.2489654745320076e-24,0.0,0.0,0.0,0.0001753759204974172
2026-08-22T03:28:29.537423,21.65,-8.164259333749716e-15,-1.1755279367660995e-26,0.0,2.348551979558522e-07,0.0,0.0,1.1742759897792583e-07,0.9999999999999931,-4.363717077901369e-18,-1.17762671771268e-24,0.0,0.0,0.0,2.3081071048702977e-05
2026-08-22T03:28:29.559806,21.67,-8.164389572574787e-15,-1.153356666312962e-26,0.0,3.982714627870364e-06,0.0,0.0,1.9913573139338663e-06,0.9999999999980173,-8.727434145085323e-18,-1.1554060035827998e-24,0.0,0.0,0.0,-0.00013276880963888687
2026-08-22T03:28:29.582182,21.69,-8.164476305511019e-15,-1.0689988667790127e-26,0.0,-2.4739598902812077e-07,0.0,0.0,-1.2369799451406007e-07,0.9999999999999923,-8.726764952114725e-18,-1.0708363542896879e-24,0.0,0.0,0.0,3.710422612396244e-05
2026-08-22T03:28:29.601818,21.71,-8.164302421299854e-15,-1.0418433659228667e-26,0.0,-3.861189193710146e-06,0.0,0.0,-1.9305945968538737e-06,0.9999999999981364,4.366072369083456e-18,-1.0436594414776687e-24,0.0,0.0,0.0,-0.0001001881287346735
2026-08-22T03:28:29.626785,21.73,-8.164302422647908e-15,-1.1504231018138013e-26,0.0,1.6739323176473417e-06,0.0,0.0,8.369661588235733e-07,0.9999999999996497,4.365729035358971e-18,-1.1524051053490787e-24,0.0,0.0,0.0,8.804711167670088e-06
2026-08-22T03:28:29.650756,21.75,-8.164345928771345e-15,-1.0645085679881184e-26,0.0,4.0676790291627185e-07,0.0,0.0,2.0338395145813452e-07,0.9999999999999793,1.3088665852138616e-21,-1.0663372329302463e-24,0.0,0.0,0.0,0.00020136891065204352
2026-08-22T03:28:29.670421,21.77,-8.164215552360081e-15,-1.0674677744592004e-26,0.0,5.07131994087473e-06,0.0,0.0,2.5356599704346477e-06,0.9999999999967852,8.729395063551457e-18,-1.069307844206139e-24,0.0,0.0,0.0,3.6212011825054375e-05
2026-08-22T03:28:29.696869,21.78,-8.164259199163594e-15,-5.570976776045976e-33,0.0,4.5279335836312384e-12,0.0,0.0,2.2639667918156192e-12,1.0,1.734936885897156e-23,-7.681502558559259e-25,0.0,0.0,0.0,-7.520604098021506e-05
2026-08-22T03:28:29.718074,21.81,-8.164259196381257e-15,-7.562869068421862e-27,0.0,2.6593928215135065e-07,0.0,0.0,1.3296964107567493e-07,0.9999999999999911,5.738122239728665e-22,-7.574982964007356e-25,0.0,0.0,0.0,9.16829098691383e-05
2026-08-22T03:28:29.742291,21.83,-8.164085451725355e-15,-7.636748939876215e-27,0.0,1.8892251332225387e-06,0.0,0.0,9.446125666111287e-07,0.9999999999995538,8.728678546821903e-18,-7.6490085164854415e-25,0.0,0.0,0.0,0.00023976953909497304
2026-08-22T03:28:29.775828,21.85,-8.164346208099748e-15,-3.3727471885534234e-27,0.0,-6.693212397657078e-07,0.0,0.0,-3.3466061988284765e-07,0.999999999999944,-8.728221563240502e-18,-3.3762906712686227e-25,0.0,0.0,0.0,0.00016587960409263926
2026-08-22T03:28:29.799036,21.86,-8.164259199380433e-15,9.278161221200404e-32,0.0,8.246736626915663e-13,0.0,0.0,4.1233683134578314e-13,1.0,-1.7344548555225087e-23,-3.640636417776663e-25,0.0,0.0,0.0,0.00011335981097762823
2026-08-22T03:28:29.822056,21.9,-8.164259199228918e-15,-4.745721948151457e-32,0.0,3.820499472340089e-12,0.0,0.0,1.9102497361700443e-12,1.0,-4.336800123127349e-18,-2.566237157469118e-25,0.0,0.0,0.0,0.00013752872557861815
2026-08-22T03:28:29.850659,21.92,-8.16430256735891e-15,6.969132243591586e-32,0.0,-9.752199048307375e-13,0.0,0.0,-4.876099524153688e-13,1.0,-8.670096844719219e-24,-2.640801981958398e-25,0.0,0.0,0.0,0.00021907210689930165
2026-08-22T03:28:29.866647,21.93,-8.164302563028699e-15,-2.643120614742897e-27,0.0,-4.930667412139656e-07,0.0,0.0,-2.465333706069803e-07,0.9999999999999696,8.747120674098508e-22,-2.6457161207719505e-25,0.0,0.0,0.0,-0.00010345449888867286
2026-08-22T03:28:29.900507,21.95,-8.164259194928598e-15,-2.4652954874445932e-27,0.0,2.4201305310889154e-06,0.0,0.0,1.2100652655441623e-06,0.9999999999992679,8.730158648099241e-22,-2.4674897260684364e-25,0.0,0.0,0.0,-0.00012532664385175139
2026-08-22T03:28:29.922535,21.96,-8.16425919929424e-15,-8.150033228674362e-32,0.0,9.729994587814872e-13,0.0,0.0,4.864997293907436e-13,1.0,-8.673600246749257e-18,-1.8016024937842482e-25,0.0,0.0,0.0,9.144273465539507e-05
2026-08-22T03:28:29.942452,21.98,-8.164302567445911e-15,-1.2093590173322645e-32,0.0,4.4986236957811343e-13,0.0,0.0,2.2493118478905672e-13,1.0,-4.336817465989415e-18,-1.9260525452378374e-25,0.0,0.0,0.0,8.34876756427017e-05
2026-08-22T03:28:29.963585,22.01,-8.164128813482133e-15,-3.2119717846768764e-27,0.0,1.9848606669370388e-06,0.0,0.0,9.924303334683563e-07,0.9999999999995075,8.729966247337726e-18,-3.215776768069375e-25,0.0,0.0,0.0,6.494059221805526e-05
2026-08-22T03:28:29.982408,22.03,-8.164085584701065e-15,-2.551714047301359e-27,0.0,-8.804917324134464e-07,0.0,0.0,-4.40245866206709e-07,0.9999999999999031,4.365227170611631e-18,-2.554125513806168e-25,0.0,0.0,0.0,0.000161859892734588
2026-08-22T03:28:30.026250,22.05,-8.164215963203723e-15,-2.761400976186613e-27,0.0,-4.3774407387786606e-07,0.0,0.0,-2.1887203693893123e-07,0.999999999999976,-4.363251282876482e-18,-2.7640386910936508e-25,0.0,0.0,0.0,-0.0002462759612495696
2026-08-22T03:28:30.045801,22.07,-8.164259329928382e-15,-2.073098077014063e-27,0.0,-2.1646944619035935e-06,0.0,0.0,-1.0823472309515854e-06,0.9999999999994142,-4.362935469540756e-18,-2.0745244309344387e-25,0.0,0.0,0.0,3.668054240493502e-05
2026-08-22T03:28:30.063904,22.09,-8.164259192070814e-15,-1.8424046092015176e-27,0.0,-1.2403098348379162e-06,0.0,0.0,-6.201549174189183e-07,0.9999999999998077,1.4489061074867699e-21,-1.843332710568572e-25,0.0,0.0,0.0,0.00020881203399277236
2026-08-22T03:28:30.087905,22.11,-8.16447630479262e-15,-3.0677270484876302e-27,0.0,7.274394167033904e-07,0.0,0.0,3.637197083516872e-07,0.9999999999999338,-8.72667331354351e-18,-3.0709404065379124e-25,0.0,0.0,0.0,-1.7081220875985953e-05
2026-08-22T03:28:30.110048,22.12,-8.164389303641116e-15,1.3591110939488354e-32,0.0,4.640732242933154e-13,0.0,0.0,2.320366121466577e-13,1.0,-1.733839913178688e-23,-3.4778186660128736e-25,0.0,0.0,0.0,-4.257186529747676e-05
2026-08-22T03:28:30.156254,22.15,-8.16447616545387e-15,-3.578289812081827e-27,0.0,2.1323835297515363e-06,0.0,0.0,1.066191764875566e-06,0.9999999999994316,-4.36197535711834e-18,-3.5824122167388018e-25,0.0,0.0,0.0,-0.0002354060910141324
2026-08-22T03:28:30.179597,22.17,-8.164519532107204e-15,-2.913503946142764e-27,0.0,1.0798797012157024e-06,0.0,0.0,5.39939850607825e-07,0.9999999999998542,-4.361666962659268e-18,-2.9162641574596767e-25,0.0,0.0,0.0,-0.0002193841433459994
2026-08-22T03:28:30.203433,22.18,-8.164432671684368e-15,-2.716594829914755e-33,0.0,-9.281464485866309e-13,0.0,0.0,-4.640732242933154e-13,1.0,4.336791462730671e-18,-3.1190279891430775e-25,0.0,0.0,0.0,-0.0002456939296944874
2026-08-22T03:28:30.220759,22.21,-8.16464977251706e-15,-6.143054815091283e-27,0.0,1.8741236673669452e-06,0.0,0.0,9.370618336833353e-07,0.9999999999995609,-8.725770371573098e-18,-6.152093190168247e-25,0.0,0.0,0.0,-5.638746692866021e-05
2026-08-22T03:28:30.244798,22.23,-8.164562761212287e-15,-7.189928193206337e-27,0.0,-1.2529963302476692e-06,0.0,0.0,-6.264981651237934e-07,0.9999999999998037,2.972618127421266e-21,-7.200700363878264e-25,0.0,0.0,0.0,0.00010388506790978434
2026-08-22T03:28:30.288264,22.25,-8.164562761096083e-15,-7.064067120358453e-27,0.0,3.0879853971654825e-06,0.0,0.0,1.5439926985821278e-06,0.9999999999988081,2.9524913650413213e-21,-7.074545275928847e-25,0.0,0.0,0.0,5.279584629137152e-05
2026-08-22T03:28:30.310492,22.26,-8.164649511967619e-15,-4.961447216944501e-32,0.0,3.013145288832675e-12,0.0,0.0,1.5065726444163374e-12,1.0,-4.3368001138762886e-18,-4.963054871867212e-25,0.0,0.0,0.0,-3.9073748129004795e-05
2026-08-22T03:28:30.330096,22.29,-8.164562623731712e-15,-4.216241453364566e-27,0.0,-2.646415400597846e-06,0.0,0.0,-1.3232077002985368e-06,0.9999999999991246,4.367268584584266e-18,-4.22112592777062e-25,0.0,0.0,0.0,-0.0002833532592135428
2026-08-22T03:28:30.355751,22.3,-8.164606143902404e-15,1.3570689723657093e-31,0.0,-4.565681166468494e-12,0.0,0.0,-2.282840583234247e-12,1.0,-4.336791440351976e-18,-6.21354407408837e-25,0.0,0.0,0.0,0.00012672454095614982
2026-08-22T03:28:30.378679,22.33,-8.164649496415163e-15,-6.543839180994662e-27,0.0,-6.630690085884794e-08,0.0,0.0,-3.315345042942396e-08,0.9999999999999994,3.136444336114604e-21,-6.55312976248007e-25,0.0,0.0,0.0,-0.00022173861307293893
2026-08-22T03:28:30.405219,22.35,-8.164736368850116e-15,-6.452934979929673e-27,0.0,-1.9676424720671552e-06,0.0,0.0,-9.838212360334188e-07,0.999999999999516,-4.3609503339257894e-18,-6.462046144953929e-25,0.0,0.0,0.0,-0.00021366538413447844
2026-08-22T03:28:30.427424,22.37,-8.164866607913857e-15,-6.534811621279759e-27,0.0,1.0707355824202123e-06,0.0,0.0,5.353677912100806e-07,0.9999999999998567,-8.724710797182934e-18,-6.544260492988311e-25,0.0,0.0,0.0,0.00010865041971141856
2026-08-22T03:28:30.451908,22.39,-8.164779596329284e-15,-7.801445215036441e-27,0.0,1.2246933667192654e-06,0.0,0.0,6.123466833595943e-07,0.9999999999998125,4.03611167105665e-21,-7.812922096176356e-25,0.0,0.0,0.0,-0.0004023954372527978
2026-08-22T03:28:30.472577,22.41,-8.164779596279919e-15,-7.664761671339846e-27,0.0,1.9001939177698546e-06,0.0,0.0,9.500969588847844e-07,0.9999999999995487,4.002617290241167e-21,-7.675847441093999e-25,0.0,0.0,0.0,2.9011947055923115e-05
2026-08-22T03:28:30.498305,22.43,-8.164866332625337e-15,-6.557022353333633e-27,0.0,1.930173358477561e-06,0.0,0.0,9.650866792386305e-07,0.9999999999995343,3.950947268155193e-21,-6.565937661679748e-25,0.0,0.0,0.0,0.00018468600058788395
2026-08-22T03:28:30.537279,22.45,-8.164909701007306e-15,-5.9439828943430206e-27,0.0,-1.4706887299098526e-06,0.0,0.0,-7.3534436495486e-07,0.9999999999997297,3.9006065569775244e-21,-5.951676328702677e-25,0.0,0.0,0.0,8.529879932578011e-05
2026-08-22T03:28:30.559291,22.46,-8.164822984466721e-15,1.7563563969855764e-32,0.0,-5.151434834260726e-13,0.0,0.0,-2.575717417130363e-13,1.0,1.5845443971079363e-26,-5.077638804001249e-25,0.0,0.0,0.0,-0.00029844063922379274
2026-08-22T03:28:30.579753,22.49,-8.164996710049341e-15,-7.269860424232669e-27,0.0,4.616139230861905e-07,0.0,0.0,2.3080696154309317e-07,0.9999999999999734,-8.724307440647841e-18,-7.280276959905175e-25,0.0,0.0,0.0,-0.00019057505695360994
2026-08-22T03:28:30.601593,22.5,-8.164909720683882e-15,-6.846292266769838e-32,0.0,-1.2034817586936697e-12,0.0,0.0,-6.017408793468348e-13,1.0,-1.7329054578244983e-23,-6.508406028896259e-25,0.0,0.0,0.0,-0.0002246432544224219
2026-08-22T03:28:30.623319,22.53,-8.164909698616756e-15,-6.399240225375713e-27,0.0,-2.6266325607871006e-06,0.0,0.0,-1.313316280393173e-06,0.9999999999991376,4.387386949884483e-21,-6.407547804884015e-25,0.0,0.0,0.0,-1.2352577887916535e-06
2026-08-22T03:28:30.671974,22.55,-8.165083443584458e-15,-8.290743999749045e-27,0.0,1.21033626188094e-06,0.0,0.0,6.05168130940433e-07,0.9999999999998169,-8.723779707771475e-18,-8.302855714769916e-25,0.0,0.0,0.0,-0.00013584829091804396
2026-08-22T03:28:30.695238,22.56,-8.164953088770232e-15,3.696599509332671e-33,0.0,-1.2301271112846734e-13,0.0,0.0,-6.150635556423367e-14,1.0,8.673582923446807e-18,-8.982360410744683e-25,0.0,0.0,0.0,4.567078634901706e-05
2026-08-22T03:28:30.717942,22.59,-8.164953067262897e-15,-1.0078726040664128e-26,0.0,6.434588755155347e-07,0.0,0.0,3.2172943775776174e-07,0.9999999999999483,4.232172022912346e-21,-1.0093845214670361e-24,0.0,0.0,0.0,0.0003584642631667682
2026-08-22T03:28:30.750939,22.61,-8.165039803925768e-15,-9.571421959209994e-27,0.0,-1.3403458867244922e-06,0.0,0.0,-6.701729433621959e-07,0.9999999999997754,4.160378820988548e-21,-9.585337038240462e-25,0.0,0.0,0.0,-0.0001578045649737954
2026-08-22T03:28:30.777940,22.63,-8.165039804273973e-15,-9.40312076822576e-27,0.0,-1.359294108382869e-07,0.0,0.0,-6.79647054191434e-08,0.9999999999999977,4.108085057496619e-21,-9.416614618713646e-25,0.0,0.0,0.0,-0.0002646960519737738
2026-08-22T03:28:30.817328,22.65,-8.165039940784279e-15,-9.219390418662097e-27,0.0,-3.704989504527134e-06,0.0,0.0,-1.8524947522625074e-06,0.9999999999982842,-4.3599981665008716e-18,-9.232541000475704e-25,0.0,0.0,0.0,4.7965208068793713e-05
2026-08-22T03:28:30.839881,22.67,-8.164996435129166e-15,-7.75031850603956e-27,0.0,-5.953068784592119e-07,0.0,0.0,-2.9765343922960157e-07,0.9999999999999557,4.341348666738355e-21,-7.760508308300599e-25,0.0,0.0,0.0,-2.149259788075802e-05
2026-08-22T03:28:30.863083,22.68,-8.16503982477111e-15,1.2262829279906174e-32,0.0,-6.750155989720952e-13,0.0,0.0,-3.375077994860476e-13,1.0,1.6944719373518627e-26,-7.751161808346134e-25,0.0,0.0,0.0,-3.284269741507202e-05
2026-08-22T03:28:30.895052,22.7,-8.165126560945451e-15,2.6511997248913066e-32,0.0,-3.3448799285906716e-12,0.0,0.0,-1.6724399642953358e-12,1.0,-8.673600233673568e-18,-7.862069293592381e-25,0.0,0.0,0.0,-0.0001451560848517201
2026-08-22T03:28:30.913062,22.73,-8.165213409268362e-15,-8.640252048867635e-27,0.0,-4.835624536347894e-07,0.0,0.0,-2.4178122681739234e-07,0.9999999999999708,-4.359199447369749e-18,-8.651979003136746e-25,0.0,0.0,0.0,-0.00012220180696386336
2026-08-22T03:28:30.944798,22.75,-8.16530014384006e-15,-8.292284830333786e-27,0.0,-2.8887760499252133e-06,0.0,0.0,-1.444388024962104e-06,0.9999999999989568,-4.358909386597237e-18,-8.303210087978672e-25,0.0,0.0,0.0,-0.00019283461400326936
2026-08-22T03:28:30.964668,22.77,-8.165213270185026e-15,-5.795560581990065e-27,0.0,-1.0599582505044225e-06,0.0,0.0,-5.299791252521865e-07,0.9999999999998596,5.425742091918652e-21,-5.801612840450835e-25,0.0,0.0,0.0,0.00023886276357487524
2026-08-22T03:28:30.985560,22.79,-8.165430383070042e-15,-6.764095188335635e-27,0.0,2.112265029552418e-09,0.0,0.0,1.056132514776209e-09,1.0,-8.722746465093418e-18,-6.77191788396171e-25,0.0,0.0,0.0,4.5196038298238433e-05
2026-08-22T03:28:31.011065,22.81,-8.16525649945782e-15,-6.871172875973957e-27,0.0,4.7343681108813485e-07,0.0,0.0,2.367184055440652e-07,0.999999999999972,4.3700231079031874e-18,-6.879224512303427e-25,0.0,0.0,0.0,-0.00040902415355874696
2026-08-22T03:28:31.032237,22.83,-8.165256637306294e-15,-7.732441917267374e-27,0.0,-8.996310865150292e-07,0.0,0.0,-4.498155432574994e-07,0.9999999999998989,5.575500359865474e-21,-7.742106286205622e-25,0.0,0.0,0.0,0.00016956509977107085
2026-08-22T03:28:31.085844,22.85,-8.165343510110832e-15,-7.932478946243972e-27,0.0,5.3820892880196425e-06,0.0,0.0,2.6910446440065733e-06,0.9999999999963791,-4.358559173933367e-18,-7.942348903250517e-25,0.0,0.0,0.0,-3.018237288934637e-05
2026-08-22T03:28:31.110693,22.87,-8.16534337267982e-15,-8.40625603497969e-27,0.0,2.356181687535042e-06,0.0,0.0,1.1780908437672483e-06,0.999999999999306,5.7615746876994165e-21,-8.416949179029485e-25,0.0,0.0,0.0,-5.282498581132052e-05
2026-08-22T03:28:31.131622,22.88,-8.165300033379225e-15,1.0065644972394582e-32,0.0,1.5232259897857148e-12,0.0,0.0,7.616129948928574e-13,1.0,2.2993335735418487e-26,-8.84111906274092e-25,0.0,0.0,0.0,-3.4158471844272415e-05
2026-08-22T03:28:31.150970,22.91,-8.16530000520162e-15,-8.691519799786333e-27,0.0,-6.438532942354415e-07,0.0,0.0,-3.219266471177151e-07,0.9999999999999482,5.626825461298044e-21,-8.70259038597179e-25,0.0,0.0,0.0,-0.00010805037103581988
2026-08-22T03:28:31.182984,22.93,-8.165126260863292e-15,-8.040324185388428e-27,0.0,-1.012725846294416e-06,0.0,0.0,-5.063629231471862e-07,0.9999999999998718,8.73366804590745e-18,-8.049932646317028e-25,0.0,0.0,0.0,-6.83912268630443e-05
2026-08-22T03:28:31.211111,22.95,-8.16534351325221e-15,-9.669487764154649e-27,0.0,-2.6375488815233443e-06,0.0,0.0,-1.3187744407612897e-06,0.9999999999991304,-4.359239485840396e-18,-9.682358815910673e-25,0.0,0.0,0.0,-0.00012663945637816882
2026-08-22T03:28:31.234816,22.96,-8.165300033400914e-15,-1.6740528431512408e-32,0.0,-3.2538416405714088e-12,0.0,0.0,-1.6269208202857044e-12,1.0,-8.653051115547775e-24,-8.142492129448521e-25,0.0,0.0,0.0,-0.0004488525335387784
2026-08-22T03:28:31.258666,22.98,-8.165300033335863e-15,1.1767287579708769e-32,0.0,-2.5228708011582057e-12,0.0,0.0,-1.2614354005791029e-12,1.0,2.0055108657783328e-26,-7.991783783264649e-25,0.0,0.0,0.0,4.167414148721613e-05
2026-08-22T03:28:31.278871,23.0,-8.165256665270377e-15,2.083080398381216e-32,0.0,4.027889133340068e-13,0.0,0.0,2.013944566670034e-13,1.0,4.336800145138423e-18,-8.000674528443684e-25,0.0,0.0,0.0,0.00017683231021533845
2026-08-22T03:28:31.302815,23.03,-8.165256642349452e-15,-7.330562768628118e-27,0.0,2.4935341791376693e-08,0.0,0.0,1.2467670895688343e-08,0.9999999999999999,4.558201271261841e-21,-7.338615830524963e-25,0.0,0.0,0.0,2.7645317033145657e-05
2026-08-22T03:28:31.326388,23.05,-8.165082898095477e-15,-7.209470747468262e-27,0.0,1.1641873349788059e-06,0.0,0.0,5.8209366748937e-07,0.9999999999998306,8.732604234972159e-18,-7.217245922474311e-25,0.0,0.0,0.0,0.00020068999840874298
2026-08-22T03:28:31.349879,23.07,-8.165213278071556e-15,-4.843003526091173e-27,0.0,3.2962683254034175e-06,0.0,0.0,1.6481341627009625e-06,0.9999999999986419,3.766048451184725e-21,-4.846153479259229e-25,0.0,0.0,0.0,7.015751149968798e-05
2026-08-22T03:28:31.370183,23.09,-8.165256782953686e-15,-4.323144214920399e-27,0.0,-2.3542814941990287e-06,0.0,0.0,-1.1771407470992424e-06,0.9999999999993072,-4.360353820862851e-18,-4.325164922569644e-25,0.0,0.0,0.0,0.0005284154453762563
2026-08-22T03:28:31.396705,23.11,-8.165039532627625e-15,-2.878830679013927e-27,0.0,5.59328922600244e-06,0.0,0.0,2.7966446129975745e-06,0.9999999999960894,8.732102112109729e-18,-2.8785552367541664e-25,0.0,0.0,0.0,-0.0002976766639070553
2026-08-22T03:28:31.418287,23.12,-8.165169928945623e-15,-8.284343710964334e-32,0.0,2.1818102879933576e-12,0.0,0.0,1.0909051439966788e-12,1.0,-8.673582890558449e-18,2.812972481132234e-25,0.0,0.0,0.0,0.0003831609048252852
2026-08-22T03:28:31.443882,23.15,-8.165213277884668e-15,-1.1789046310739338e-27,0.0,-1.0530668479447058e-06,0.0,0.0,-5.265334239723286e-07,0.9999999999998613,3.890160298062525e-21,-1.1754600272592266e-25,0.0,0.0,0.0,-0.00020249672787633674
2026-08-22T03:28:31.466180,23.17,-8.165300150215478e-15,-1.540385745016634e-27,0.0,-2.9344715701817847e-06,0.0,0.0,-1.467235785090366e-06,0.9999999999989236,-4.360197472975897e-18,-1.5376108584762501e-25,0.0,0.0,0.0,0.00020192462144201897
2026-08-22T03:28:31.490102,23.19,-8.165300012681496e-15,-1.6297112367264952e-27,0.0,1.4928235305688984e-06,0.0,0.0,7.4641176528438e-07,0.9999999999997214,4.143868405788263e-21,-1.627033883813646e-25,0.0,0.0,0.0,-0.00012485161994785655
2026-08-22T03:28:31.516829,23.21,-8.165256508534732e-15,-1.769642025960752e-27,0.0,-1.0062344886208054e-06,0.0,0.0,-5.031172443103814e-07,0.9999999999998734,4.3681556950346304e-18,-1.7672457454430792e-25,0.0,0.0,0.0,0.000269180014799746
2026-08-22T03:28:31.543516,23.23,-8.165343382706096e-15,-1.6716039247062162e-27,0.0,5.886527660869945e-07,0.0,0.0,2.94326383043493e-07,0.9999999999999567,3.71296362537081e-21,-1.6689437157162914e-25,0.0,0.0,0.0,0.00012917459061530083
2026-08-22T03:28:31.578633,23.25,-8.165430119228189e-15,-1.3204224966288019e-27,0.0,1.2055886307038577e-06,0.0,0.0,6.027943153518923e-07,0.9999999999998184,3.656315716463496e-21,-1.3171792988936595e-25,0.0,0.0,0.0,0.00028224157561883225
2026-08-22T03:28:31.601225,23.27,-8.165343383450852e-15,-1.891243868355629e-27,0.0,-1.805274051136507e-06,0.0,0.0,-9.02637025568131e-07,0.9999999999995927,3.611716716981112e-21,-1.889101126063926e-25,0.0,0.0,0.0,0.00020577601395048434
2026-08-22T03:28:31.623888,23.29,-8.165430255937092e-15,-2.5281953861474e-27,0.0,-2.7818529422241056e-06,0.0,0.0,-1.3909264711116043e-06,0.9999999999990327,-4.360489655028099e-18,-2.5272981473506794e-25,0.0,0.0,0.0,3.751169221027353e-05
2026-08-22T03:28:31.641879,23.31,-8.165386750337819e-15,-1.489380852396354e-27,0.0,1.6889415004328616e-06,0.0,0.0,8.444707502163302e-07,0.9999999999996434,3.856038366879224e-21,-1.4865103969356327e-25,0.0,0.0,0.0,-0.00017313797883584017
2026-08-22T03:28:31.660341,23.32,-8.165300033378696e-15,9.598179279615672e-32,0.0,-3.4638958368304884e-14,0.0,0.0,-1.7319479184152442e-14,1.0,8.673600265883972e-18,-2.7346948349475244e-25,0.0,0.0,0.0,0.00025289978629738084
2026-08-22T03:28:31.697920,23.35,-8.165430258016257e-15,-4.617048022884339e-29,0.0,-5.803619091970802e-07,0.0,0.0,-2.90180954598536e-07,0.9999999999999579,-4.360957526086259e-18,-4.05937143998062e-27,0.0,0.0,0.0,-0.0005505144964822919
2026-08-22T03:28:31.725452,23.37,-8.16530001664011e-15,1.909796927990034e-27,0.0,1.1754489204207631e-07,0.0,0.0,5.8772446021038116e-08,0.9999999999999982,3.3781695756105017e-21,1.9191318589979834e-25,0.0,0.0,0.0,2.178772255514137e-05
2026-08-22T03:28:31.746642,23.38,-8.165300033335875e-15,3.1452968654675707e-32,0.0,2.788880237858393e-13,0.0,0.0,1.3944401189291966e-13,1.0,1.335997886917326e-26,1.8927611996995436e-25,0.0,0.0,0.0,-0.0003176181625380484
2026-08-22T03:28:31.768278,23.4,-8.16525666527039e-15,-3.542033750335365e-32,0.0,-2.2710722191732202e-12,0.0,0.0,-1.1355361095866101e-12,1.0,4.336800138527447e-18,3.095358548567873e-25,0.0,0.0,0.0,8.591958830176268e-05
2026-08-22T03:28:31.782528,23.43,-8.165386890902246e-15,3.2083548101114197e-27,0.0,5.107122240666231e-07,0.0,0.0,2.553561120333087e-07,0.9999999999999674,-4.3611304191004764e-18,3.219671282005455e-25,0.0,0.0,0.0,7.664164559489856e-05
2026-08-22T03:28:31.825756,23.45,-8.165386889756632e-15,2.8496390424269755e-27,0.0,1.7294141452239842e-06,0.0,0.0,8.647070726118843e-07,0.9999999999996262,-4.3608405844079206e-18,2.860353843228639e-25,0.0,0.0,0.0,4.4722736916357386e-05
2026-08-22T03:28:31.847252,23.47,-8.16543012003429e-15,2.9279211004572993e-27,0.0,3.913180757209035e-08,0.0,0.0,1.956590378604517e-08,0.9999999999999998,3.516779781389585e-21,2.9386524755092103e-25,0.0,0.0,0.0,-0.0003003424327962412
2026-08-22T03:28:31.865668,23.49,-8.165299879797617e-15,2.876050885778203e-27,0.0,1.070990446550013e-06,0.0,0.0,5.354952232749809e-07,0.9999999999998567,4.367537847766502e-18,2.8867204015271248e-25,0.0,0.0,0.0,-0.00027340580929126226
2026-08-22T03:28:31.885676,23.51,-8.16530001774956e-15,2.287475667320794e-27,0.0,-5.9103928951032e-07,0.0,0.0,-2.9551964475515573e-07,0.9999999999999564,3.1042408920424224e-21,2.2967923147660506e-25,0.0,0.0,0.0,-3.287040695918774e-05
2026-08-22T03:28:31.905777,23.52,-8.16530003333588e-15,3.2208973691858643e-32,0.0,-7.664979762012081e-13,0.0,0.0,-3.8324898810060404e-13,1.0,1.2243776357862268e-26,2.2615458981970384e-25,0.0,0.0,0.0,-0.00012906673161028646
2026-08-22T03:28:31.924997,23.55,-8.165300018244906e-15,2.253949538907483e-27,0.0,-6.659821272236854e-08,0.0,0.0,-3.3299106361184265e-08,0.9999999999999994,3.0181826364983808e-21,2.2631219350568957e-25,0.0,0.0,0.0,0.00017775635412016662
2026-08-22T03:28:31.944140,23.57,-8.165430395079629e-15,2.204087062097222e-27,0.0,3.015249603777193e-06,0.0,0.0,1.5076248018880252e-06,0.9999999999988636,-8.725131022368575e-18,2.213217751962902e-25,0.0,0.0,0.0,-0.00023865204961857824
2026-08-22T03:28:31.965414,23.59,-8.16525651123081e-15,-6.3948698409791e-29,0.0,8.448433197472126e-08,0.0,0.0,4.224216598736062e-08,0.9999999999999991,4.36766852303268e-18,-5.9268454027186715e-27,0.0,0.0,0.0,1.3651947556932834e-05
2026-08-22T03:28:31.985827,23.61,-8.165386889324216e-15,5.639375839260479e-29,0.0,3.7384777726856555e-06,0.0,0.0,1.8692388863417393e-06,0.999999999998253,-4.3608061414470845e-18,6.126346689357989e-27,0.0,0.0,0.0,0.00014791347235549183
2026-08-22T03:28:32.003614,23.63,-8.165256511510585e-15,-3.174446501758432e-27,0.0,-2.668649576875737e-07,0.0,0.0,-1.3343247884378644e-07,0.9999999999999911,4.3675908847930535e-18,-3.176014553193157e-25,0.0,0.0,0.0,8.431901145673955e-05
2026-08-22T03:28:32.030687,23.65,-8.165213145058662e-15,-2.8891998882990552e-27,0.0,2.8145751982400213e-06,0.0,0.0,1.407287599119546e-06,0.9999999999990098,4.367220524490372e-18,-2.889914514751769e-25,0.0,0.0,0.0,-0.0001264791496424978
2026-08-22T03:28:32.044826,23.67,-8.165126410839558e-15,-3.8580037772234136e-27,0.0,-1.0972032025158287e-06,0.0,0.0,-5.486016012578867e-07,0.9999999999998496,4.366838261160317e-18,-3.8606836998642242e-25,0.0,0.0,0.0,8.324429817069701e-05
2026-08-22T03:28:32.064220,23.69,-8.165083044599995e-15,-3.567752699345195e-27,0.0,-1.7388834003817524e-06,0.0,0.0,-8.694417001907665e-07,0.9999999999996221,4.366460123019365e-18,-3.569672105132165e-25,0.0,0.0,0.0,0.00011799065535825242
2026-08-22T03:28:32.100895,23.71,-8.165213423071995e-15,-4.524190665472141e-27,0.0,-1.7091674608948892e-07,0.0,0.0,-8.545837304474436e-08,0.9999999999999963,-4.362025209077722e-18,-4.527982062148947e-25,0.0,0.0,0.0,0.00011941768560633085
2026-08-22T03:28:32.120353,23.73,-8.1651265494808e-15,-4.629763351586444e-27,0.0,-2.8696646570125495e-07,0.0,0.0,-1.4348323285062697e-07,0.9999999999999897,2.3318461067343357e-21,-4.633718046485762e-25,0.0,0.0,0.0,-9.31470097974292e-06
2026-08-22T03:28:32.154438,23.75,-8.16530029412444e-15,-4.756148321661315e-27,0.0,1.6259899493498158e-06,0.0,0.0,8.129949746748181e-07,0.9999999999996695,-8.7258007927355e-18,-4.760325578995518e-25,0.0,0.0,0.0,0.00011024625566484581
2026-08-22T03:28:32.174472,23.77,-8.165126410276893e-15,-7.1021380894288e-27,0.0,-4.3201776822598964e-07,0.0,0.0,-2.1600888411299312e-07,0.9999999999999767,4.367007171621014e-18,-7.110845501230951e-25,0.0,0.0,0.0,0.00020862740443362073
2026-08-22T03:28:32.191649,23.79,-8.165300292627788e-15,-6.819959734619893e-27,0.0,-3.196238336222734e-07,0.0,0.0,-1.5981191681113602e-07,0.9999999999999872,-8.725514474113875e-18,-6.827742438325755e-25,0.0,0.0,0.0,-0.0002917418348872687
2026-08-22T03:28:32.225221,23.81,-8.165300153598347e-15,-5.06933502430084e-27,0.0,4.2094638477152566e-06,0.0,0.0,2.104731923856074e-06,0.9999999999977851,-4.360830674947536e-18,-5.0739080200113145e-25,0.0,0.0,0.0,-0.0001442400068604738
2026-08-22T03:28:32.245641,23.83,-8.165213143375564e-15,-6.753973245553579e-27,0.0,3.787629005991278e-07,0.0,0.0,1.8938145029956274e-07,0.999999999999982,4.367591836834863e-18,-6.76184961718762e-25,0.0,0.0,0.0,-0.0002548887112398425
2026-08-22T03:28:32.269446,23.85,-8.165213145013995e-15,-7.183331713314285e-27,0.0,3.0388988743190745e-06,0.0,0.0,1.5194494371589522e-06,0.9999999999988456,4.367220785385927e-18,-7.191780466043627e-25,0.0,0.0,0.0,0.0002109531176268062
2026-08-22T03:28:32.286999,23.87,-8.165386891624095e-15,-3.395439599384212e-27,0.0,-2.889786480775314e-06,0.0,0.0,-1.4448932403871542e-06,0.9999999999989562,-4.361274787104163e-18,-3.3964062992157585e-25,0.0,0.0,0.0,0.00016418462058537763
2026-08-22T03:28:32.303869,23.89,-8.165343386170358e-15,-2.6278213736319518e-27,0.0,1.2666657989157672e-06,0.0,0.0,6.333328994578412e-07,0.9999999999997995,3.0721563701187453e-21,-2.6276665295991676e-25,0.0,0.0,0.0,4.4017034278306846e-05
2026-08-22T03:28:32.341945,23.91,-8.165299881912873e-15,-2.725241641501794e-27,0.0,1.40598367792677e-06,0.0,0.0,7.02991838963327e-07,0.9999999999997529,4.367097453722727e-18,-2.7253253162582643e-25,0.0,0.0,0.0,0.00035116867953919803
2026-08-22T03:28:32.361602,23.93,-8.165516996410641e-15,3.985040421871039e-29,0.0,3.0729370248394616e-07,0.0,0.0,1.5364685124197247e-07,0.9999999999999882,-4.36138862909965e-18,4.534871127962774e-27,0.0,0.0,0.0,-0.00017022025139191914
2026-08-22T03:28:32.426954,23.95,-8.165516859040044e-15,4.57043966174575e-28,0.0,-1.9648207110201103e-06,0.0,0.0,-9.82410355509897e-07,0.9999999999995174,2.9590661051992823e-21,4.630380072123378e-26,0.0,0.0,0.0,-0.0003250343659693214
2026-08-22T03:28:32.453703,23.96,-8.165473505704894e-15,-1.2680765299591815e-32,0.0,-4.345857007592713e-12,0.0,0.0,-2.1729285037963564e-12,1.0,4.336800137022906e-18,1.2125099492774307e-25,0.0,0.0,0.0,-0.0002018131821277604
2026-08-22T03:28:32.481404,23.99,-8.16547349277947e-15,-1.1331073698616664e-28,0.0,5.75239400113503e-07,0.0,0.0,2.8761970005674756e-07,0.9999999999999586,2.5591091557962617e-21,-1.0857700509733738e-26,0.0,0.0,0.0,-0.00032940869411630144
2026-08-22T03:28:32.506858,24.01,-8.165603869736853e-15,2.006853519469523e-28,0.0,4.702979721216138e-07,0.0,0.0,2.3514898606080475e-07,0.9999999999999724,-8.725592944382771e-18,2.058488011116431e-26,0.0,0.0,0.0,3.23177174078542e-05
2026-08-22T03:28:32.522263,24.03,-8.165343249765146e-15,-7.3160401568291915e-28,0.0,2.007871409137607e-06,0.0,0.0,1.003935704568635e-06,0.9999999999994961,4.3672137660527894e-18,-7.281178986255423e-26,0.0,0.0,0.0,-6.4812141117381e-05
2026-08-22T03:28:32.560953,24.05,-8.165386755397257e-15,-9.199723496351046e-29,0.0,5.857795191133164e-07,0.0,0.0,2.92889759556654e-07,0.9999999999999571,2.8007908433020415e-21,-8.72925276260326e-27,0.0,0.0,0.0,0.00016150866422715672
2026-08-22T03:28:32.577788,24.06,-8.165343401466154e-15,2.7206675666596635e-32,0.0,1.8336443474709085e-12,0.0,0.0,9.168221737354543e-13,1.0,1.1264786662996885e-26,-2.246113309279201e-26,0.0,0.0,0.0,-0.00013386778188147251
2026-08-22T03:28:32.602173,24.09,-8.165256651713952e-15,4.8694816689098875e-28,0.0,-1.8125209484409763e-06,0.0,0.0,-9.062604742203642e-07,0.9999999999995893,2.72434294467931e-21,4.926881577769684e-26,0.0,0.0,0.0,-7.59338966872927e-05
2026-08-22T03:28:32.642361,24.1,-8.165300033314475e-15,6.687351544609025e-32,0.0,-2.142730437526552e-12,0.0,0.0,-1.071365218763276e-12,1.0,-4.336800114557858e-18,-1.9951293950462646e-26,0.0,0.0,0.0,6.929335657173487e-05
2026-08-22T03:28:32.671584,24.13,-8.165256650443154e-15,-5.065601364819035e-28,0.0,2.919659274347452e-07,0.0,0.0,1.459829637173721e-07,0.9999999999999893,2.991511648281759e-21,-5.0275889480773863e-26,0.0,0.0,0.0,6.953600599958089e-06
2026-08-22T03:28:32.701517,24.15,-8.165213282389357e-15,-5.539836519785388e-28,0.0,2.0677221046483396e-07,0.0,0.0,1.033861052324168e-07,0.9999999999999947,2.9632077628124573e-21,-5.50309901388459e-26,0.0,0.0,0.0,-0.0002200421643668048
2026-08-22T03:28:32.733435,24.17,-8.165343522925133e-15,-3.948846498485311e-28,0.0,-3.350639298016489e-06,0.0,0.0,-1.6753196490074608e-06,0.9999999999985967,-4.361130691719771e-18,-3.910071836937131e-26,0.0,0.0,0.0,0.0003550966659420464
2026-08-22T03:28:32.747632,24.19,-8.165343385375868e-15,-8.458302633873539e-28,0.0,3.6083330341440956e-06,0.0,0.0,1.804166517071069e-06,0.9999999999983725,3.2223799973805895e-21,-8.428385480444338e-26,0.0,0.0,0.0,-6.352614826334735e-05
2026-08-22T03:28:32.774040,24.21,-8.165386889769293e-15,-3.5583102956398187e-28,0.0,1.4696205496989023e-07,0.0,0.0,7.348102748494505e-08,0.9999999999999973,-4.36086479897532e-18,-3.5167869414208247e-26,0.0,0.0,0.0,0.0002647792829210408
2026-08-22T03:28:32.794891,24.23,-8.165213007458046e-15,-1.1418183212650464e-27,0.0,4.952357204324187e-07,0.0,0.0,2.476178602162068e-07,0.9999999999999694,8.731596877376395e-18,-1.1396288152570388e-25,0.0,0.0,0.0,-7.064104282779726e-05
2026-08-22T03:28:32.823692,24.25,-8.165430259608648e-15,-7.706933782519686e-28,0.0,-1.004689822003968e-06,0.0,0.0,-5.023449110019628e-07,0.9999999999998739,-4.361276001577755e-18,-7.675827541488599e-26,0.0,0.0,0.0,-0.0002664170687338804
2026-08-22T03:28:32.845015,24.27,-8.165386754306345e-15,3.3069067984356035e-28,0.0,2.2253471678723717e-06,0.0,0.0,1.112673583935956e-06,0.9999999999993809,3.062338308237321e-21,3.359366826438996e-26,0.0,0.0,0.0,2.5507181525227194e-05
2026-08-22T03:28:32.863248,24.29,-8.165473490441157e-15,1.4816455660298327e-27,0.0,-3.417897476598597e-06,0.0,0.0,-1.7089487382984667e-06,0.9999999999985397,3.0311060046467662e-21,1.4889625650513837e-25,0.0,0.0,0.0,6.172890564612178e-05
2026-08-22T03:28:32.886811,24.3,-8.165473505661524e-15,-4.308433578491994e-32,0.0,-2.333688797762079e-12,0.0,0.0,-1.1668443988810395e-12,1.0,4.336800137070759e-18,1.9003998262682818e-25,0.0,0.0,0.0,-4.359149640298829e-05
2026-08-22T03:28:32.906976,24.32,-8.1654301375749e-15,9.600473989755383e-32,0.0,-2.8776980798284058e-12,0.0,0.0,-1.4388490399142029e-12,1.0,8.684079105352951e-24,1.056582088685465e-25,0.0,0.0,0.0,-0.0001348726318042448
2026-08-22T03:28:32.958226,24.35,-8.165430124700105e-15,1.06331467115248e-27,0.0,1.627266076109635e-06,0.0,0.0,8.136330380547276e-07,0.999999999999669,2.5792858235448093e-21,1.0696782613719401e-25,0.0,0.0,0.0,1.6986365718311947e-05
2026-08-22T03:28:32.979267,24.37,-8.165430124862208e-15,1.0641883554547247e-27,0.0,-4.7687491506742666e-06,0.0,0.0,-2.3843745753348742e-06,0.9999999999971574,2.546865301406488e-21,1.0705054306081903e-25,0.0,0.0,0.0,-0.00020757561971243002
2026-08-22T03:28:32.999443,24.39,-8.16564723776117e-15,-3.800659997441988e-27,0.0,-2.096704310172726e-06,0.0,0.0,-1.0483521550861707e-06,0.9999999999994504,-8.725597774341066e-18,-3.8042553622510263e-25,0.0,0.0,0.0,0.00032601734821174184
2026-08-22T03:28:33.037656,24.4,-8.165516873921894e-15,1.1780112154838764e-31,0.0,9.694467451026867e-13,0.0,0.0,4.847233725513433e-13,1.0,4.336782791167226e-18,-2.9781755684866964e-25,0.0,0.0,0.0,0.00020925799996300483
2026-08-22T03:28:33.060997,24.43,-8.165603732034188e-15,-2.115864474386534e-27,0.0,2.249664555531439e-06,0.0,0.0,1.1248322777654822e-06,0.9999999999993674,-4.361261232999397e-18,-2.115604253871607e-25,0.0,0.0,0.0,-0.00014766541825486965
2026-08-22T03:28:33.101584,24.45,-8.165473354191954e-15,-3.4130741797037945e-27,0.0,1.7899586173264481e-06,0.0,0.0,8.949793086631046e-07,0.9999999999995995,4.367141513544317e-18,-3.4152450475687404e-25,0.0,0.0,0.0,-2.877008139642707e-05
2026-08-22T03:28:33.126061,24.47,-8.165343115365807e-15,-4.0927114989548726e-27,0.0,2.938412859698758e-07,0.0,0.0,1.4692064298493737e-07,0.9999999999999892,8.730832775245206e-18,-4.0962919203495386e-25,0.0,0.0,0.0,0.00036830944403214004
2026-08-22T03:28:33.155373,24.49,-8.165430127335135e-15,-1.8908224875129835e-27,0.0,3.049000039112571e-07,0.0,0.0,1.5245000195562794e-07,0.9999999999999883,2.008915797512319e-21,-1.8898802440427774e-25,0.0,0.0,0.0,-2.0874740628736668e-05
2026-08-22T03:28:33.172396,24.51,-8.165517000110399e-15,-1.7265432179614708e-27,0.0,1.3278025918772583e-06,0.0,0.0,6.639012959385804e-07,0.9999999999997796,-4.362089546798684e-18,-1.7254494306404404e-25,0.0,0.0,0.0,-1.7773763613210215e-06
2026-08-22T03:28:33.192888,24.53,-8.165386622064598e-15,-2.6962152459746034e-27,0.0,-2.5964651988452663e-06,0.0,0.0,-1.2982325994222683e-06,0.9999999999991573,4.366332230109707e-18,-2.6970426701358222e-25,0.0,0.0,0.0,0.00036610451441747825
2026-08-22T03:28:33.234550,24.56,-8.165516873727569e-15,-9.73795791724813e-32,0.0,6.781242234410456e-13,0.0,0.0,3.390621117205228e-13,1.0,-8.673600243063412e-18,-4.6464105913478647e-26,0.0,0.0,0.0,-0.0002031206712107145
2026-08-22T03:28:33.258196,24.57,-8.165603872843805e-15,-4.613077078628642e-28,0.0,-3.851996610571007e-07,0.0,0.0,-1.9259983052854915e-07,0.9999999999999815,-8.726223004257402e-18,-4.576615832839561e-26,0.0,0.0,0.0,-0.00021288421662762135
2026-08-22T03:28:33.277404,24.59,-8.165560365614756e-15,9.049659354323004e-28,0.0,9.77622058861982e-07,0.0,0.0,4.888110294309716e-07,0.9999999999998805,-4.3615210006769806e-18,9.109670827189797e-26,0.0,0.0,0.0,-0.00021177043023506154
2026-08-22T03:28:33.295579,24.6,-8.165516873835433e-15,-1.6269207827140326e-32,0.0,-9.490186414495838e-13,0.0,0.0,-4.745093207247919e-13,1.0,-8.661993960162616e-24,1.0678384268857074e-25,0.0,0.0,0.0,0.0003662637909341312
2026-08-22T03:28:33.319229,24.63,-8.165516859632185e-15,1.0751868986041485e-27,0.0,1.0438895339248688e-06,0.0,0.0,5.219447669624107e-07,0.9999999999998638,2.8276279916943815e-21,1.0814201282093534e-25,0.0,0.0,0.0,5.50662803224398e-05
2026-08-22T03:28:33.365979,24.65,-8.165560227856827e-15,1.3419911440125355e-27,0.0,-4.970826328332123e-07,0.0,0.0,-2.485413164166036e-07,0.9999999999999691,2.791406504604232e-21,1.348679994933236e-25,0.0,0.0,0.0,-6.479223240450123e-06
2026-08-22T03:28:33.391299,24.67,-8.165646964169487e-15,1.083041626469793e-27,0.0,-1.0965724772660224e-08,0.0,0.0,-5.482862386330112e-09,1.0,2.754961057458011e-21,1.089191906248667e-25,0.0,0.0,0.0,0.00012376797821827632
2026-08-22T03:28:33.410696,24.69,-8.165560092083381e-15,1.0867839408684048e-27,0.0,5.807216636455338e-07,0.0,0.0,2.9036083182276276e-07,0.9999999999999578,4.366776306422337e-18,1.0928504529924753e-25,0.0,0.0,0.0,0.0001553129664807092
2026-08-22T03:28:33.436910,24.71,-8.165473493936967e-15,1.2635836270608825e-27,0.0,-4.103576050518144e-06,0.0,0.0,-2.051788025257632e-06,0.9999999999978951,2.3536308820799386e-21,1.2700140716583308e-25,0.0,0.0,0.0,-3.2326787731888455e-06
2026-08-22T03:28:33.456452,24.73,-8.165516998405356e-15,7.388010582235172e-28,0.0,-1.2626101915103052e-06,0.0,0.0,-6.313050957551106e-07,0.9999999999998007,-4.361739866926296e-18,7.439238158041775e-26,0.0,0.0,0.0,-0.0005158948612883179
2026-08-22T03:28:33.482664,24.75,-8.165560365030128e-15,2.071007116331994e-27,0.0,-2.526081636755606e-06,0.0,0.0,-1.2630408183774672e-06,0.9999999999992024,-4.361434432743382e-18,2.078688604497337e-25,0.0,0.0,0.0,0.00013720378548183379
2026-08-22T03:28:33.505052,24.77,-8.165386618827054e-15,4.286203409453397e-27,0.0,-1.0982068601173012e-06,0.0,0.0,-5.49103430058623e-07,0.9999999999998492,4.3669884080339225e-18,4.298214258466565e-25,0.0,0.0,0.0,0.0001515551106183853
2026-08-22T03:28:33.523273,24.79,-8.165473628938934e-15,4.0600167826171756e-27,0.0,2.271399344611069e-06,0.0,0.0,1.1356996723052904e-06,0.9999999999993551,-4.36148564733481e-18,4.0714675224841614e-25,0.0,0.0,0.0,-0.00014311889123009254
2026-08-22T03:28:33.538703,24.81,-8.165516995731197e-15,4.370129068722586e-27,0.0,1.378816685271289e-06,0.0,0.0,6.894083426355899e-07,0.9999999999997624,-4.361192027435672e-18,4.382161578771463e-25,0.0,0.0,0.0,-0.00047604992879064626
2026-08-22T03:28:33.559242,24.83,-8.165473489936269e-15,5.005060450413621e-27,0.0,2.391254563249845e-06,0.0,0.0,1.1956272816246377e-06,0.9999999999992852,3.1711133469928195e-21,5.018188197492086e-25,0.0,0.0,0.0,-0.00018364989131963152
2026-08-22T03:28:33.613855,24.85,-8.165560362330036e-15,5.8537401227624206e-27,0.0,9.256016633152343e-07,0.0,0.0,4.628008316576006e-07,0.9999999999998929,-4.360916100869701e-18,5.868335219616952e-25,0.0,0.0,0.0,-0.0002905410687426053
2026-08-22T03:28:33.639658,24.87,-8.165516856703963e-15,6.163093093249861e-27,0.0,-2.1035246229317295e-06,0.0,0.0,-1.0517623114656708e-06,0.9999999999994469,3.434952781925049e-21,6.178150197603387e-25,0.0,0.0,0.0,-1.1557231823188614e-05
2026-08-22T03:28:33.659645,24.89,-8.16551685676833e-15,6.077600176630792e-27,0.0,4.857172810623923e-07,0.0,0.0,2.428586405311937e-07,0.9999999999999705,3.400395802386904e-21,6.092319773256557e-25,0.0,0.0,0.0,8.967770755838698e-05
2026-08-22T03:28:33.681915,24.91,-8.165516856982038e-15,5.994046099830426e-27,0.0,-2.334911664014783e-07,0.0,0.0,-1.1674558320073887e-07,0.9999999999999932,3.3576543181707776e-21,6.008497377966355e-25,0.0,0.0,0.0,4.663954035745853e-06
2026-08-22T03:28:33.703696,24.93,-8.165603729539041e-15,5.8216495787023406e-27,0.0,2.294959458026824e-06,0.0,0.0,1.1474797290131602e-06,0.9999999999993416,-4.36074052354309e-18,5.835655453959705e-25,0.0,0.0,0.0,2.7257738030273736e-05
2026-08-22T03:28:33.735263,24.95,-8.165473351578022e-15,3.909415773888932e-27,0.0,7.511769313239824e-07,0.0,0.0,3.755884656619824e-07,0.9999999999999295,4.36766429676214e-18,3.9195769128231667e-25,0.0,0.0,0.0,0.00025437061282143587
2026-08-22T03:28:33.753396,24.97,-8.165516857476693e-15,4.802573416918649e-27,0.0,-1.4555409557637233e-06,0.0,0.0,-7.277704778817974e-07,0.9999999999997352,3.2370401183243984e-21,4.81454341889704e-25,0.0,0.0,0.0,0.00013483167905927747
2026-08-22T03:28:33.774058,24.99,-8.16564709822456e-15,3.809082071508834e-27,0.0,6.777339240926494e-07,0.0,0.0,3.388669620463182e-07,0.9999999999999426,-4.360868919991662e-18,3.8189997570018025e-25,0.0,0.0,0.0,3.1599091340915714e-05
2026-08-22T03:28:33.795186,25.01,-8.165603592644818e-15,3.417050574758549e-27,0.0,1.4856571608490299e-06,0.0,0.0,7.428285804244466e-07,0.9999999999997241,3.4815407970975795e-21,3.4261833707402957e-25,0.0,0.0,0.0,-0.00042048082003628365
2026-08-22T03:28:33.813213,25.03,-8.165603592712114e-15,3.3724847381315725e-27,0.0,-8.438968848167859e-07,0.0,0.0,-4.219484424083805e-07,0.999999999999911,3.446398226401545e-21,3.381471634652021e-25,0.0,0.0,0.0,-3.360133295630098e-05
2026-08-22T03:28:33.838284,25.05,-8.165690465274694e-15,3.006276120483389e-27,0.0,3.21531627545113e-06,0.0,0.0,1.6076581377248725e-06,0.9999999999987077,-4.360652895090085e-18,3.0144446390914737e-25,0.0,0.0,0.0,-0.0001817908646100316
2026-08-22T03:28:33.860224,25.07,-8.165820704357128e-15,4.653824246513017e-27,0.0,-5.3010888607651915e-06,0.0,0.0,-2.650544430379492e-06,0.9999999999964873,-8.724417097041745e-18,4.665370360990939e-25,0.0,0.0,0.0,-0.00020328241997839516
2026-08-22T03:28:33.888760,25.09,-8.165820565136994e-15,7.694729423508778e-27,0.0,-6.759768700348445e-08,0.0,0.0,-3.379884350174222e-08,0.9999999999999994,-4.359729853472919e-18,7.711350074691137e-25,0.0,0.0,0.0,-0.00037514651616939296
2026-08-22T03:28:33.907251,25.11,-8.165950667722292e-15,8.509072096900516e-27,0.0,-5.348521403547579e-08,0.0,0.0,-2.6742607017737893e-08,0.9999999999999997,-4.359433805154347e-18,8.527329608992737e-25,0.0,0.0,0.0,-0.00012023967531941993
2026-08-22T03:28:33.921863,25.13,-8.165907162124595e-15,8.711219751538876e-27,0.0,2.341550908724344e-07,0.0,0.0,1.1707754543621691e-07,0.9999999999999931,4.907236017585117e-21,8.729803585727024e-25,0.0,0.0,0.0,2.8084839970428374e-05
2026-08-22T03:28:33.964056,25.16,-8.165993922747934e-15,8.534609310288799e-33,0.0,-1.3717915692268434e-12,0.0,0.0,-6.858957846134217e-13,1.0,-8.653087564927531e-24,8.9494012222234e-25,0.0,0.0,0.0,-0.00016937109479999395
2026-08-22T03:28:33.980107,25.17,-8.16599389715607e-15,8.968087825873105e-27,0.0,8.399069018061313e-07,0.0,0.0,4.1995345090305324e-07,0.9999999999999118,5.12702568446757e-21,8.9868870443981e-25,0.0,0.0,0.0,0.00016001593038655047
2026-08-22T03:28:34.006616,25.19,-8.165950529323216e-15,8.618893381946356e-27,0.0,1.578429138504589e-07,0.0,0.0,7.892145692522937e-08,0.9999999999999969,5.0718797427182085e-21,8.636856311996928e-25,0.0,0.0,0.0,6.617454687668901e-05
2026-08-22T03:28:34.021898,25.21,-8.165950529598612e-15,8.488556831828851e-27,0.0,3.325654148067514e-06,0.0,0.0,1.6628270740329906e-06,0.9999999999986176,5.0081282150235104e-21,8.506138977924899e-25,0.0,0.0,0.0,0.00028573290911111285
2026-08-22T03:28:34.040920,25.23,-8.165950529913363e-15,8.362127580048053e-27,0.0,8.918741540853149e-07,0.0,0.0,4.459370770426426e-07,0.9999999999999005,4.945178213958324e-21,8.379339186551658e-25,0.0,0.0,0.0,7.496718249075776e-05
2026-08-22T03:28:34.086980,25.26,-8.165907186768742e-15,-2.0662608516844003e-31,0.0,-5.049738405205062e-12,0.0,0.0,-2.524869202602531e-12,1.0,8.673582926061353e-18,1.5909669983832133e-24,0.0,0.0,0.0,-0.0002889679505338898
2026-08-22T03:28:34.106941,25.28,-8.165820450313334e-15,5.388118027549912e-32,0.0,-1.241673430740775e-12,0.0,0.0,-6.208367153703875e-13,1.0,4.3368174913430225e-18,1.5300597990931108e-24,0.0,0.0,0.0,-4.226088516789597e-05
2026-08-22T03:28:34.129198,25.29,-8.16577692208994e-15,1.5330580330024774e-26,0.0,4.965207036633502e-07,0.0,0.0,2.482603518316725e-07,0.9999999999999691,4.3688271873748584e-18,1.5360468716064295e-24,0.0,0.0,0.0,-0.0002470061430820056
2026-08-22T03:28:34.147829,25.31,-8.165777060425942e-15,1.451913088162335e-26,0.0,1.6535745324119946e-06,0.0,0.0,8.26787266205903e-07,0.9999999999996582,4.360136301228453e-21,1.4547155564285132e-24,0.0,0.0,0.0,0.0002108737140259081
2026-08-22T03:28:34.166237,25.32,-8.16577708231372e-15,2.0380518868157413e-32,0.0,3.135269821541442e-12,0.0,0.0,1.567634910770721e-12,1.0,-4.336800107894494e-18,1.447318101583626e-24,0.0,0.0,0.0,0.0001539178173527874
2026-08-22T03:28:34.195942,25.35,-8.165777059510477e-15,1.372987957634744e-26,0.0,-1.6305672851935071e-06,0.0,0.0,-8.152836425966633e-07,0.9999999999996677,4.5779218765440074e-21,1.3756053089010028e-24,0.0,0.0,0.0,-0.000150679370402578
2026-08-22T03:28:34.217001,25.36,-8.16573371424823e-15,5.547741588904756e-32,0.0,-2.6134649999676185e-12,0.0,0.0,-1.3067324999838092e-12,1.0,1.8318229279862354e-26,1.3900809613682467e-24,0.0,0.0,0.0,0.00044460354153908485
2026-08-22T03:28:34.234486,25.39,-8.165820564187048e-15,1.5404631654417082e-26,0.0,8.482225606343263e-07,0.0,0.0,4.2411128031715046e-07,0.9999999999999101,-4.359583232168094e-18,1.5433705831428956e-24,0.0,0.0,0.0,-3.60943448121079e-05
2026-08-22T03:28:34.256998,25.41,-8.165820426691673e-15,1.514085793428628e-26,0.0,2.5551618851871183e-06,0.0,0.0,1.2775809425932116e-06,0.9999999999991839,4.750388438392515e-21,1.5169077498596494e-24,0.0,0.0,0.0,0.00012312277773008254
2026-08-22T03:28:34.278473,25.43,-8.165820426882079e-15,1.4899464340664554e-26,0.0,1.4807409227657335e-06,0.0,0.0,7.403704613827989e-07,0.9999999999997259,4.699297217578342e-21,1.4927009244631741e-24,0.0,0.0,0.0,0.00016661593249347293
2026-08-22T03:28:34.325574,25.45,-8.165994171869384e-15,1.5792375865220227e-26,0.0,-3.3348614949524347e-06,0.0,0.0,-1.6674307474754446e-06,0.9999999999986099,-8.72347171809794e-18,1.582168684686026e-24,0.0,0.0,0.0,6.632816860853831e-05
2026-08-22T03:28:34.347956,25.47,-8.165907160514198e-15,1.7768510360590885e-26,0.0,-1.4152898124564217e-06,0.0,0.0,-7.076449062281518e-07,0.9999999999997496,5.250997180873579e-21,1.7801007563224886e-24,0.0,0.0,0.0,-0.0001623837267666319
2026-08-22T03:28:34.365608,25.49,-8.165907296793309e-15,1.7661946852990712e-26,0.0,2.1702925234734494e-07,0.0,0.0,1.0851462617367226e-07,0.9999999999999941,-4.358852382511211e-18,1.7693886405788283e-24,0.0,0.0,0.0,6.314390712610463e-05
2026-08-22T03:28:34.388842,25.51,-8.165950663556188e-15,1.7212593432123568e-26,0.0,-2.010621295678306e-06,0.0,0.0,-1.0053106478389833e-06,0.9999999999994946,-4.358583242918997e-18,1.724360850346267e-24,0.0,0.0,0.0,5.1566999319174625e-05
2026-08-22T03:28:34.409178,25.52,-8.165907186617497e-15,7.356106972847922e-32,0.0,-1.2452261444195756e-12,0.0,0.0,-6.226130722097878e-13,1.0,-8.650407746654597e-24,1.754268323057345e-24,0.0,0.0,0.0,0.00032509153572102175
2026-08-22T03:28:34.439018,25.55,-8.165863790087969e-15,1.645741201177373e-26,0.0,-8.151157664393338e-07,0.0,0.0,-4.0755788321965563e-07,0.999999999999917,5.684166302677053e-21,1.6486513581858356e-24,0.0,0.0,0.0,0.00014996658317149053
2026-08-22T03:28:34.458679,25.57,-8.165863790401842e-15,1.6187412202840318e-26,0.0,2.4125528721441474e-06,0.0,0.0,1.206276436071781e-06,0.9999999999992725,5.612718598297335e-21,1.6215786399208058e-24,0.0,0.0,0.0,-9.60385995431347e-05
2026-08-22T03:28:34.482598,25.59,-8.165863790754591e-15,1.5921234343562558e-26,0.0,1.5045188872520043e-07,0.0,0.0,7.522594436260015e-08,0.9999999999999972,5.542169158152941e-21,1.5948893664398877e-24,0.0,0.0,0.0,-9.328082977812181e-05
2026-08-22T03:28:34.502952,25.61,-8.166037535794873e-15,1.577230396215569e-26,0.0,2.086760740649396e-06,0.0,0.0,1.0433803703245087e-06,0.9999999999994557,-8.722639440709584e-18,1.5799424255781928e-24,0.0,0.0,0.0,9.729310525831734e-05
2026-08-22T03:28:34.524351,25.63,-8.165993892538922e-15,1.3935714195018705e-26,0.0,2.3686215255835918e-07,0.0,0.0,1.1843107627917931e-07,0.999999999999993,6.07213375717219e-21,1.3959177958965239e-24,0.0,0.0,0.0,0.00012206761567733615
2026-08-22T03:28:34.550742,25.65,-8.165993892660883e-15,1.3703034688296206e-26,0.0,1.1968961910469036e-06,0.0,0.0,5.98448095523416e-07,0.9999999999998209,6.01304765873566e-21,1.3725926909957139e-24,0.0,0.0,0.0,9.61376243024045e-05
2026-08-22T03:28:34.570156,25.67,-8.166080765384774e-15,1.3931112608086053e-26,0.0,-1.339416035417429e-06,0.0,0.0,-6.697080177086644e-07,0.9999999999997757,-4.3581185073114535e-18,1.3954366005885496e-24,0.0,0.0,0.0,0.0001198772755391192
2026-08-22T03:28:34.588704,25.69,-8.16634110876728e-15,1.185427428783131e-26,0.0,2.109986342091475e-06,0.0,0.0,1.0549931710455415e-06,0.9999999999994434,-8.721916603757077e-18,1.1873244209804991e-24,0.0,0.0,0.0,0.0001629378108317714
2026-08-22T03:28:34.616220,25.72,-8.166167395116655e-15,-1.7587751922892267e-32,0.0,-3.0180302701410255e-12,0.0,0.0,-1.5090151350705128e-12,1.0,8.673600277509926e-18,1.0162581025292235e-24,0.0,0.0,0.0,-0.00021161418233099603
2026-08-22T03:28:34.634464,25.73,-8.166080352920485e-15,1.0178007881860665e-26,0.0,-2.3574399294901127e-06,0.0,0.0,-1.1787199647447834e-06,0.9999999999993053,8.734838956421097e-18,1.0193995334694886e-24,0.0,0.0,0.0,-0.0003030745400363395
2026-08-22T03:28:34.659789,25.75,-8.166341109682049e-15,4.821324425355807e-27,0.0,-1.4635590308564876e-06,0.0,0.0,-7.317795154281783e-07,0.9999999999997322,-8.722138587285713e-18,4.826152213566774e-25,0.0,0.0,0.0,5.218703054533997e-05
2026-08-22T03:28:34.683341,25.77,-8.166340971059654e-15,5.03059147349964e-27,0.0,-1.5379715216923275e-06,0.0,0.0,-7.689857608460878e-07,0.9999999999997043,-4.357505840261489e-18,5.0363148435238355e-25,0.0,0.0,0.0,3.9518289299156405e-05
2026-08-22T03:28:34.704950,25.79,-8.166384337690864e-15,4.839136260983213e-27,0.0,-4.925382505849286e-06,0.0,0.0,-2.462691252922153e-06,0.9999999999969675,-4.357236387984758e-18,4.844461876393722e-25,0.0,0.0,0.0,0.0004330911485326746
2026-08-22T03:28:34.721706,25.81,-8.166253959798559e-15,7.416836718167752e-27,0.0,-1.1411251037429793e-06,0.0,0.0,-5.705625518714587e-07,0.9999999999998372,4.371133005777894e-18,7.427097658179612e-25,0.0,0.0,0.0,2.957985512357477e-05
2026-08-22T03:28:34.743198,25.83,-8.166514578654127e-15,5.755114591550627e-27,0.0,8.958754769139434e-07,0.0,0.0,4.479377384569566e-07,0.9999999999998996,-8.72145047766711e-18,5.762028533986174e-25,0.0,0.0,0.0,0.000209344726834872
2026-08-22T03:28:34.791886,25.85,-8.16642756762085e-15,3.8830573379599535e-27,0.0,3.3239802070816893e-06,0.0,0.0,1.6619901035400796e-06,0.9999999999986189,7.238212839387467e-21,3.886407350391182e-25,0.0,0.0,0.0,-0.0001025293893078928
2026-08-22T03:28:34.807930,25.87,-8.166557808165645e-15,5.926903944756905e-27,0.0,-2.4062226757770584e-06,0.0,0.0,-1.203111337888239e-06,0.9999999999992762,-4.356892183647496e-18,5.934324812071983e-25,0.0,0.0,0.0,-9.035932515274412e-05
2026-08-22T03:28:34.829695,25.88,-8.166601075965046e-15,1.2279647069419606e-31,0.0,-2.7573499039590388e-12,0.0,0.0,-1.3786749519795194e-12,1.0,-8.673608894382193e-18,5.129455481209904e-25,0.0,0.0,0.0,0.00035166228724410565
2026-08-22T03:28:34.852828,25.91,-8.166818148933957e-15,8.930070967459732e-27,0.0,1.3095024744558261e-06,0.0,0.0,6.547512372278662e-07,0.9999999999997856,-8.720119741687849e-18,8.943122028806963e-25,0.0,0.0,0.0,6.744705037235941e-05
2026-08-22T03:28:34.877003,25.93,-8.166774505576707e-15,7.751482927500237e-27,0.0,-1.4187901418161175e-06,0.0,0.0,-7.093950709079993e-07,0.9999999999997484,8.577399262653617e-21,7.761949690991193e-25,0.0,0.0,0.0,-0.00010982275018823001
2026-08-22T03:28:34.915534,25.95,-8.166817873903047e-15,7.246981508286667e-27,0.0,-1.7899401130172523e-06,0.0,0.0,-8.949700565085066e-07,0.9999999999995995,8.486143651099533e-21,7.256448778197511e-25,0.0,0.0,0.0,7.095267892328315e-05
2026-08-22T03:28:34.933597,25.97,-8.16686124252668e-15,6.656506084178258e-27,0.0,-1.1047597952007493e-06,0.0,0.0,-5.523798976003466e-07,0.9999999999998475,8.378797306689917e-21,6.66478953574821e-25,0.0,0.0,0.0,7.543849627609039e-05
2026-08-22T03:28:34.954833,25.99,-8.167034987788604e-15,5.688560552814778e-27,0.0,-2.17885073494628e-06,0.0,0.0,-1.0894253674729247e-06,0.9999999999994066,-8.719838467532641e-18,5.694885942894445e-25,0.0,0.0,0.0,0.00013094260864492498
2026-08-22T03:28:34.974598,26.01,-8.166817736268849e-15,7.97774057141307e-27,0.0,-1.6236956166260086e-06,0.0,0.0,-8.118478083129151e-07,0.9999999999996705,4.3728952324090224e-18,7.988428598973493e-25,0.0,0.0,0.0,4.6775415436064305e-05
2026-08-22T03:28:34.995665,26.03,-8.167034986993363e-15,6.08488465718169e-27,0.0,-1.3225437793806805e-06,0.0,0.0,-6.612718896902921e-07,0.9999999999997814,-8.719701103358815e-18,6.091760312107527e-25,0.0,0.0,0.0,-0.0002959297518548005
2026-08-22T03:28:35.023768,26.05,-8.167034848372643e-15,8.001655118276261e-27,0.0,-3.3184868497571074e-07,0.0,0.0,-1.659243424878546e-07,0.9999999999999862,-4.355090375528465e-18,8.012176717462373e-25,0.0,0.0,0.0,-0.0005456822741903191
2026-08-22T03:28:35.044351,26.07,-8.167078215155666e-15,9.254130681762584e-27,0.0,1.8593253918730568e-06,0.0,0.0,9.296626959363945e-07,0.9999999999995679,-4.3548512845792934e-18,9.26688462938448e-25,0.0,0.0,0.0,-0.0002811266072956221
2026-08-22T03:28:35.066020,26.09,-8.167208454451205e-15,1.0513524866271956e-26,0.0,3.2529294169414418e-06,0.0,0.0,1.6264647084700037e-06,0.9999999999986773,-8.718679791337926e-18,1.0528720870213835e-24,0.0,0.0,0.0,-2.8672400417934472e-05
2026-08-22T03:28:35.087442,26.11,-8.167121443245668e-15,7.967081393006905e-27,0.0,5.653768910374169e-06,0.0,0.0,2.826884455183319e-06,0.9999999999960043,9.991310403817888e-21,7.977302350542294e-25,0.0,0.0,0.0,0.0002791211353922044
2026-08-22T03:28:35.115100,26.12,-8.167164861029115e-15,4.5823317029336803e-32,0.0,7.036593530074242e-12,0.0,0.0,3.518296765037121e-12,1.0,3.927765909953645e-26,9.260265963804702e-25,0.0,0.0,0.0,-0.00013892100933116667
2026-08-22T03:28:35.148791,26.15,-8.167121307982904e-15,9.281549490914375e-27,0.0,-3.0573949136858407e-06,0.0,0.0,-1.5286974568423247e-06,0.9999999999988315,4.3738133607094904e-18,9.294093778124488e-25,0.0,0.0,0.0,0.00029473621284137287
2026-08-22T03:28:35.174400,26.16,-8.167251597094501e-15,-2.207480799569668e-32,0.0,-9.192646643896296e-14,0.0,0.0,-4.596323321948148e-14,1.0,8.710140583287423e-24,7.1205022860565735e-25,0.0,0.0,0.0,0.00010554599732108845
2026-08-22T03:28:35.197516,26.19,-8.167338423725414e-15,7.398563177884746e-27,0.0,-4.940036457234954e-06,0.0,0.0,-2.470018228614965e-06,0.9999999999969496,-4.354882638959877e-18,7.407403479770859e-25,0.0,0.0,0.0,-0.00012579113914356363
2026-08-22T03:28:35.217207,26.21,-8.167338286525462e-15,8.22119834828053e-27,0.0,-6.514926327305659e-07,0.0,0.0,-3.257463163652772e-07,0.9999999999999469,9.391897210055996e-21,8.231515350836812e-25,0.0,0.0,0.0,0.00010689144693075432
2026-08-22T03:28:35.239770,26.23,-8.167338287007579e-15,8.069682032705889e-27,0.0,1.265237137726416e-06,0.0,0.0,6.326185688631658e-07,0.9999999999997999,9.282464235681489e-21,8.07960762751332e-25,0.0,0.0,0.0,0.00045509874021704475
2026-08-22T03:28:35.274039,26.25,-8.167251415244982e-15,7.44124292571214e-27,0.0,2.2317607744071206e-06,0.0,0.0,1.1158803872033289e-06,0.9999999999993774,4.373221761302377e-18,7.449672005937009e-25,0.0,0.0,0.0,-0.00022192064041695947
2026-08-22T03:28:35.292885,26.27,-8.167338289691375e-15,8.16208091840975e-27,0.0,6.086014048278798e-08,0.0,0.0,3.0430070241393985e-08,0.9999999999999996,8.715351403797828e-21,8.171995810460264e-25,0.0,0.0,0.0,0.0002370670071659464
2026-08-22T03:28:35.320535,26.29,-8.167381658480926e-15,8.027655626730248e-27,0.0,4.191346772319804e-06,0.0,0.0,2.095673386158368e-06,0.9999999999978041,8.596505094633697e-21,8.037290725699287e-25,0.0,0.0,0.0,-0.00021937264670093977
2026-08-22T03:28:35.333920,26.31,-8.167425027111497e-15,8.950214238831932e-27,0.0,-2.4023382576565666e-06,0.0,0.0,-1.2011691288279945e-06,0.9999999999992786,8.48777150299984e-21,8.961515320044015e-25,0.0,0.0,0.0,9.144532588016666e-05
2026-08-22T03:28:35.353980,26.33,-8.167511900034285e-15,7.865913776577219e-27,0.0,-2.0387411097111396e-06,0.0,0.0,-1.0193705548553932e-06,0.9999999999994804,-4.3556748894930084e-18,7.874982439510168e-25,0.0,0.0,0.0,-3.728654944778722e-05
2026-08-22T03:28:35.397661,26.35,-8.167555267083594e-15,7.819037944961081e-27,0.0,-2.017409610477472e-06,0.0,0.0,-1.0087048052385649e-06,0.9999999999994913,-4.355445689215743e-18,7.8279338556867365e-25,0.0,0.0,0.0,0.00013247842345256593
2026-08-22T03:28:35.420884,26.37,-8.167511761649814e-15,8.10872944463438e-27,0.0,1.204791528763849e-07,0.0,0.0,6.02395764381924e-08,0.9999999999999982,8.845222603286241e-21,8.118199715518753e-25,0.0,0.0,0.0,-0.0003666555558577509
2026-08-22T03:28:35.444259,26.39,-8.167598634400189e-15,7.999741727857591e-27,0.0,-1.8563406598559593e-06,0.0,0.0,-9.281703299278465e-07,0.9999999999995692,-4.355313312707516e-18,8.0088375147095175e-25,0.0,0.0,0.0,-0.0004210260284100275
2026-08-22T03:28:35.466681,26.4,-8.167641909984743e-15,-8.72013426743442e-32,0.0,-5.055067475723263e-12,0.0,0.0,-2.5275337378616314e-12,1.0,4.336791487150063e-18,8.916946984230195e-25,0.0,0.0,0.0,-6.585335252603516e-05
2026-08-22T03:28:35.488253,26.43,-8.167685235333421e-15,7.783825039369647e-27,0.0,4.949844640833589e-07,0.0,0.0,2.4749223204167693e-07,0.9999999999999694,8.525981543132839e-21,7.792438105929923e-25,0.0,0.0,0.0,-1.7575591042998323e-05
2026-08-22T03:28:35.524582,26.45,-8.167685099812022e-15,7.699666369851399e-27,0.0,-1.5743215238117616e-06,0.0,0.0,-7.871607619057994e-07,0.9999999999996901,4.372464809704011e-18,7.708081280001019e-25,0.0,0.0,0.0,-2.4625751960551188e-05
2026-08-22T03:28:35.542713,26.47,-8.167815342344503e-15,6.076406341306152e-27,0.0,1.560242697262737e-06,0.0,0.0,7.801213486312894e-07,0.9999999999996957,7.967235325296823e-21,6.081715901338984e-25,0.0,0.0,0.0,9.282024533177242e-05
2026-08-22T03:28:35.564153,26.48,-8.167858750419523e-15,4.0305094734567804e-32,0.0,2.0738966099997924e-12,0.0,0.0,1.0369483049998962e-12,1.0,3.123172552462358e-26,6.349607856240785e-25,0.0,0.0,0.0,0.00011853732981883447
2026-08-22T03:28:35.584746,26.51,-8.167771975573757e-15,5.6263896840500734e-27,0.0,-4.4661873932483337e-07,0.0,0.0,-2.233093696624148e-07,0.999999999999975,7.76038276649028e-21,5.630773522507705e-25,0.0,0.0,0.0,-7.937178510472977e-05
2026-08-22T03:28:35.605182,26.53,-8.167771975974752e-15,5.5110610972761496e-27,0.0,-6.463032273806846e-07,0.0,0.0,-3.231516136903367e-07,0.9999999999999478,7.662837688991891e-21,5.515194631699242e-25,0.0,0.0,0.0,0.00027333057101569226
2026-08-22T03:28:35.636000,26.55,-8.167598231764382e-15,5.893888373395135e-27,0.0,-3.055520174655158e-07,0.0,0.0,-1.527760087327573e-07,0.9999999999999883,8.735678466343908e-18,5.898587875460611e-25,0.0,0.0,0.0,-0.0002258163556695184
2026-08-22T03:28:35.654998,26.57,-8.167598371540759e-15,4.494135299444148e-27,0.0,-4.5515266267059934e-07,0.0,0.0,-2.2757633133529768e-07,0.9999999999999741,4.37085829113197e-18,4.496288519292692e-25,0.0,0.0,0.0,0.00010148608274643297
2026-08-22T03:28:35.680286,26.59,-8.167728750440688e-15,4.3087790180740165e-27,0.0,-9.469290236374662e-07,0.0,0.0,-4.734645118187154e-07,0.9999999999998879,-4.357690942903002e-18,4.310598302898824e-25,0.0,0.0,0.0,-0.00012966398270954617
2026-08-22T03:28:35.704029,26.61,-8.16751150047686e-15,5.6354343604153576e-27,0.0,1.943171553886458e-06,0.0,0.0,9.715857769430761e-07,0.999999999999528,8.734722900174413e-18,5.639937684511446e-25,0.0,0.0,0.0,-0.00010804469616000205
2026-08-22T03:28:35.719947,26.63,-8.167685248481512e-15,7.458195532248567e-27,0.0,1.3976004629157048e-06,0.0,0.0,6.988002314577954e-07,0.9999999999997559,5.8660223922442936e-21,7.465824196035664e-25,0.0,0.0,0.0,-8.769982782155187e-06
2026-08-22T03:28:35.748401,26.65,-8.167598376893958e-15,6.78028311286971e-27,0.0,2.61647230637152e-06,0.0,0.0,1.308236153185387e-06,0.9999999999991442,4.369831025305424e-18,6.786546353977072e-25,0.0,0.0,0.0,5.819510617957439e-05
2026-08-22T03:28:35.770014,26.67,-8.167772259725352e-15,9.138064249670834e-27,0.0,3.542579638526888e-07,0.0,0.0,1.7712898192634348e-07,0.9999999999999843,-8.722743352857205e-18,9.149155937695343e-25,0.0,0.0,0.0,-5.903405311419712e-05
2026-08-22T03:28:35.791827,26.69,-8.167728616571019e-15,9.087132628636805e-27,0.0,3.72586666408381e-07,0.0,0.0,1.8629333320418942e-07,0.9999999999999827,5.960908637243765e-21,9.09771238075083e-25,0.0,0.0,0.0,0.00020130875320245714
2026-08-22T03:28:35.813310,26.71,-8.167772120985043e-15,8.96436917009741e-27,0.0,4.853836563789571e-07,0.0,0.0,2.4269182818947616e-07,0.9999999999999706,-4.358152073582611e-18,8.974707102241312e-25,0.0,0.0,0.0,0.0003369156447538873
2026-08-22T03:28:35.830342,26.73,-8.167728615489319e-15,7.744546520909692e-27,0.0,-9.70754213014402e-07,0.0,0.0,-4.85377106507182e-07,0.9999999999998822,6.164237246430993e-21,7.752343229183938e-25,0.0,0.0,0.0,-0.0001942907900949614
2026-08-22T03:28:35.858287,26.75,-8.167555007285375e-15,8.459629489830468e-27,0.0,-2.246771838354533e-06,0.0,0.0,-1.1233859191770303e-06,0.999999999999369,4.370152706837843e-18,8.468914729939444e-25,0.0,0.0,0.0,6.766832478497393e-05
2026-08-22T03:28:35.878006,26.77,-8.167511641059238e-15,8.462944807502146e-27,0.0,7.90526231586597e-07,0.0,0.0,3.9526311579328815e-07,0.9999999999999218,4.369741526259103e-18,8.472158436329287e-25,0.0,0.0,0.0,6.618548334934883e-05
2026-08-22T03:28:35.900176,26.79,-8.167555147391486e-15,8.776356199269828e-27,0.0,1.0697237096124468e-07,0.0,0.0,5.348618548062231e-08,0.9999999999999986,5.270921964469418e-21,8.785985725238508e-25,0.0,0.0,0.0,-0.00042536415265360256
2026-08-22T03:28:35.926971,26.81,-8.16764188396813e-15,8.66152269892874e-27,0.0,1.9448390480292237e-06,0.0,0.0,9.724195240144583e-07,0.9999999999995272,5.194690962448584e-21,8.670848914389366e-25,0.0,0.0,0.0,0.0001649880173062401
2026-08-22T03:28:35.951690,26.83,-8.167641884381337e-15,8.497122857687868e-27,0.0,1.4800803249670483e-07,0.0,0.0,7.400401624835233e-08,0.9999999999999972,5.129396360861924e-21,8.506069367747063e-25,0.0,0.0,0.0,-0.00025921617653867104
2026-08-22T03:28:36.000824,26.85,-8.167728757049693e-15,8.388969431772633e-27,0.0,6.990157608299796e-08,0.0,0.0,3.4950788041498975e-08,0.9999999999999993,-4.3589910515299746e-18,8.397559287153967e-25,0.0,0.0,0.0,-9.558951642252459e-05
2026-08-22T03:28:36.022475,26.87,-8.167641747245553e-15,8.435907562314324e-27,0.0,3.35848215016199e-07,0.0,0.0,1.679241075080987e-07,0.9999999999999859,4.369391099224291e-18,8.444657130177407e-25,0.0,0.0,0.0,0.00010332134296770152
2026-08-22T03:28:36.049657,26.89,-8.167685253296117e-15,8.668127944085627e-27,0.0,-1.7547610751122986e-06,0.0,0.0,-8.773805375560369e-07,0.9999999999996151,4.942137636742905e-21,8.67722004406521e-25,0.0,0.0,0.0,0.00031600663551857957
2026-08-22T03:28:36.066965,26.91,-8.167815494151144e-15,7.382369233666138e-27,0.0,-1.020652529604149e-06,0.0,0.0,-5.103262648020524e-07,0.9999999999998698,-4.359185254810035e-18,7.38896188814987e-25,0.0,0.0,0.0,0.0001814662805811105
2026-08-22T03:28:36.085752,26.93,-8.167945733369183e-15,6.3828425837804854e-27,0.0,4.3141927492662555e-06,0.0,0.0,2.1570963746314544e-06,0.9999999999976734,-8.722967904166363e-18,6.387466673751414e-25,0.0,0.0,0.0,0.00015412900824876623
2026-08-22T03:28:36.125048,26.95,-8.1679022261932e-15,2.6808891657742402e-27,0.0,3.4249696607702163e-06,0.0,0.0,1.712484830384271e-06,0.9999999999985337,-4.358298196877866e-18,2.678765204247121e-25,0.0,0.0,0.0,4.9404781552964236e-05
2026-08-22T03:28:36.145767,26.97,-8.167902088432196e-15,2.038311833976381e-27,0.0,-7.339579433107702e-07,0.0,0.0,-3.669789716553768e-07,0.9999999999999326,6.03650897076041e-21,2.034746112656195e-25,0.0,0.0,0.0,-0.0004640176498366849
2026-08-22T03:28:36.164013,26.99,-8.167815216357448e-15,2.2539812681867824e-27,0.0,-2.2312354022169245e-06,0.0,0.0,-1.1156177011082308e-06,0.9999999999993777,4.370025225408491e-18,2.2510708006719314e-25,0.0,0.0,0.0,0.000289675426256084
2026-08-22T03:28:36.185521,27.01,-8.167902226855064e-15,1.789920674731799e-27,0.0,-2.0568145897570394e-07,0.0,0.0,-1.0284072948785176e-07,0.9999999999999947,-4.358495620111814e-18,1.785985900919745e-25,0.0,0.0,0.0,-9.154349145588525e-05
2026-08-22T03:28:36.206003,27.03,-8.167858721489262e-15,2.0461385806543116e-27,0.0,7.692040848716887e-07,0.0,0.0,3.846020424358348e-07,0.9999999999999261,5.8163900255572394e-21,2.0426973001402936e-25,0.0,0.0,0.0,-0.0003521555602307043
2026-08-22T03:28:36.237168,27.05,-8.16781535365637e-15,1.786536005063247e-27,0.0,4.210654823477711e-06,0.0,0.0,2.1053274117373003e-06,0.9999999999977838,5.7525788407879196e-21,1.7826113954184134e-25,0.0,0.0,0.0,0.00010982252094415037
2026-08-22T03:28:36.255343,27.06,-8.167815382376013e-15,3.1096695431873056e-32,0.0,4.423572619316474e-12,0.0,0.0,2.211786309658237e-12,1.0,2.272111958352625e-26,1.7357478338100853e-25,0.0,0.0,0.0,-9.985025850712868e-05
2026-08-22T03:28:36.277909,27.09,-8.16794559472445e-15,1.038515519358872e-27,0.0,-2.208343396592482e-06,0.0,0.0,-1.1041716982960168e-06,0.9999999999993904,-4.358447780374619e-18,1.0332026201429851e-25,0.0,0.0,0.0,-9.739862219415978e-05
2026-08-22T03:28:36.305551,27.11,-8.168032329689781e-15,6.85146547462471e-28,0.0,2.502323955155816e-06,0.0,0.0,1.2511619775775816e-06,0.9999999999992173,-4.3581844052919985e-18,6.791056845387407e-26,0.0,0.0,0.0,0.00022835389663392465
2026-08-22T03:28:36.323850,27.13,-8.168032192174172e-15,-2.640506953038426e-28,0.0,-4.127723189917276e-07,0.0,0.0,-2.0638615949586235e-07,0.9999999999999787,6.140251769896848e-21,-2.71742317245784e-26,0.0,0.0,0.0,-0.00020580086091497095
2026-08-22T03:28:36.360731,27.15,-8.168249305190823e-15,-7.104408945402151e-28,0.0,-9.742068121099125e-07,0.0,0.0,-4.871034060549369e-07,0.9999999999998813,-8.722040936062856e-18,-7.190625880056901e-26,0.0,0.0,0.0,0.00026134364226945825
2026-08-22T03:28:36.385867,27.17,-8.168162293968924e-15,-1.3174291194073714e-27,0.0,1.2425761526380086e-06,0.0,0.0,6.212880763189643e-07,0.999999999999807,6.663795137933028e-21,-1.3270430997296082e-25,0.0,0.0,0.0,-7.632046657330847e-05
2026-08-22T03:28:36.406227,27.19,-8.168205662131634e-15,-1.0065067391972248e-27,0.0,4.114822043099765e-07,0.0,0.0,2.0574110215498674e-07,0.9999999999999788,6.5965924515722834e-21,-1.0153492924533977e-25,0.0,0.0,0.0,-0.0002291421906766496
2026-08-22T03:28:36.440855,27.21,-8.168249030636512e-15,-9.138875530697606e-28,0.0,3.1005053058308367e-06,0.0,0.0,1.5502526529147973e-06,0.9999999999987984,6.51299694678004e-21,-9.224891468639e-26,0.0,0.0,0.0,-0.0001371073361985115
2026-08-22T03:28:36.458037,27.22,-8.168118959092445e-15,8.80933976776075e-32,0.0,1.4410694859634532e-12,0.0,0.0,7.205347429817266e-13,1.0,4.336800151481945e-18,-3.6814251870804023e-25,0.0,0.0,0.0,-6.169813967137586e-05
2026-08-22T03:28:36.490587,27.25,-8.16798855214528e-15,-4.409881522859259e-27,0.0,-2.484637833699566e-06,0.0,0.0,-1.2423189168494633e-06,0.9999999999992283,8.734128357342954e-18,-4.424664612057066e-25,0.0,0.0,0.0,-9.272792420476726e-05
2026-08-22T03:28:36.517284,27.26,-8.168118958832791e-15,1.0837120010294738e-31,0.0,-2.843503210669951e-12,0.0,0.0,-1.4217516053349755e-12,1.0,-4.336782757490874e-18,-7.689642396391717e-25,0.0,0.0,0.0,-0.0003276567467063046
2026-08-22T03:28:36.541279,27.29,-8.168118931521469e-15,-5.681195932288577e-27,0.0,2.9481435959155533e-08,0.0,0.0,1.4740717979577767e-08,0.9999999999999999,5.514228572879573e-21,-5.6982774932019845e-25,0.0,0.0,0.0,-0.0003123279774234815
2026-08-22T03:28:36.560504,27.31,-8.168075563669586e-15,-5.624905665779489e-27,0.0,4.739139054521502e-07,0.0,0.0,2.3695695272607286e-07,0.9999999999999719,5.454215409372993e-21,-5.641810474920277e-25,0.0,0.0,0.0,-0.00016538148778803266
2026-08-22T03:28:36.591169,27.33,-8.16811893201594e-15,-5.439498816220244e-27,0.0,-1.5199946528099417e-06,0.0,0.0,-7.599973264048977e-07,0.9999999999997112,5.38497864204952e-21,-5.4559272442570015e-25,0.0,0.0,0.0,0.00011199201978165401
2026-08-22T03:28:36.644555,27.35,-8.16811893239774e-15,-5.377269301299583e-27,0.0,6.657299733703326e-08,0.0,0.0,3.328649866851662e-08,0.9999999999999994,5.3172920092448e-21,-5.393457013678226e-25,0.0,0.0,0.0,0.00036741608184274674
2026-08-22T03:28:36.672583,27.37,-8.168075428432872e-15,-5.321890264294626e-27,0.0,6.461002479696277e-07,0.0,0.0,3.230501239848082e-07,0.9999999999999478,4.3693057501090155e-18,-5.33798925757541e-25,0.0,0.0,0.0,-3.136202281356244e-05
2026-08-22T03:28:36.695183,27.39,-8.168032198535723e-15,-5.421999355429347e-27,0.0,-1.8089256701436796e-06,0.0,0.0,-9.044628350717164e-07,0.999999999999591,4.8506013266993305e-21,-5.438036378873993e-25,0.0,0.0,0.0,-1.7398680389231838e-05
2026-08-22T03:28:36.723084,27.41,-8.167988830858426e-15,-4.8970402603745054e-27,0.0,6.700251669045089e-07,0.0,0.0,3.3501258345224813e-07,0.9999999999999439,4.781691498594007e-21,-4.91196086534322e-25,0.0,0.0,0.0,-0.00033222021108853406
2026-08-22T03:28:36.747800,27.43,-8.168162575807548e-15,-4.3300752982904984e-27,0.0,-1.2808898710581218e-06,0.0,0.0,-6.404449355290171e-07,0.9999999999997949,-8.7233903597266e-18,-4.343980058434424e-25,0.0,0.0,0.0,-0.00011547510491830836
2026-08-22T03:28:36.769779,27.45,-8.16781508367165e-15,-1.0691076869060371e-27,0.0,-2.7749801279064457e-06,0.0,0.0,-1.3874900639527777e-06,0.9999999999990374,8.733444639008247e-18,-1.0763210467724535e-25,0.0,0.0,0.0,-0.0002644362514566334
2026-08-22T03:28:36.786204,27.47,-8.167728350571894e-15,-2.4536456075100993e-27,0.0,1.5236598609469354e-06,0.0,0.0,7.61829930473394e-07,0.9999999999997098,8.73272575298623e-18,-2.4632983325859123e-25,0.0,0.0,0.0,-1.5852234414161378e-05
2026-08-22T03:28:36.806219,27.49,-8.167771858512655e-15,-1.534241603273753e-27,0.0,-1.4115153295080065e-06,0.0,0.0,-7.057576647539446e-07,0.999999999999751,4.367924774913571e-18,-1.5425716281924821e-25,0.0,0.0,0.0,-4.911756249375944e-05
2026-08-22T03:28:36.838495,27.51,-8.167728628831741e-15,-1.4807943802900682e-27,0.0,5.307917136931906e-07,0.0,0.0,2.6539585684659216e-07,0.9999999999999648,3.469746580111827e-21,-1.4888831582648264e-25,0.0,0.0,0.0,0.0003121557044630599
2026-08-22T03:28:36.859857,27.53,-8.167641756768611e-15,-1.6797217124935775e-27,0.0,5.221085253026558e-08,0.0,0.0,2.610542626513279e-08,0.9999999999999997,4.367473487618945e-18,-1.6882574207718531e-25,0.0,0.0,0.0,0.00023171219864492057
2026-08-22T03:28:36.922391,27.55,-8.167685262806803e-15,-1.0580351027158838e-27,0.0,-5.441697529473544e-06,0.0,0.0,-2.7208487647334146e-06,0.9999999999962985,3.0400104579485155e-21,-1.065143340495427e-25,0.0,0.0,0.0,0.000347217563047139
2026-08-22T03:28:36.945452,27.57,-8.167772135495357e-15,-3.1419336409142857e-27,0.0,6.410862183336975e-07,0.0,0.0,3.205431091668432e-07,0.9999999999999486,-4.361062793645832e-18,-3.1531514526802857e-25,0.0,0.0,0.0,-0.00032215441212337954
2026-08-22T03:28:36.961781,27.59,-8.167728766112186e-15,-2.6151226787415894e-27,0.0,-1.3579995039592063e-06,0.0,0.0,-6.78999751979551e-07,0.9999999999997695,-4.3607645108737846e-18,-2.6250872344126456e-25,0.0,0.0,0.0,0.00028464251326134634
2026-08-22T03:28:36.983880,27.61,-8.167555019864486e-15,-1.93385728803094e-27,0.0,-3.71165588664013e-06,0.0,0.0,-1.855827943319e-06,0.9999999999982779,4.367649908846384e-18,-1.942539217915126e-25,0.0,0.0,0.0,-0.0001591351694772482
2026-08-22T03:28:37.005324,27.62,-8.167511805745507e-15,-1.0040724245479684e-31,0.0,-4.418687638008123e-12,0.0,0.0,-2.2093438190040615e-12,1.0,8.673608936889408e-18,-9.204411461732799e-26,0.0,0.0,0.0,3.302389422104945e-05
2026-08-22T03:28:37.038490,27.65,-8.167468424980872e-15,7.0371323676648115e-28,0.0,-1.207527682289822e-06,0.0,0.0,-6.037638411448743e-07,0.9999999999998177,2.505290073737727e-21,7.003171300518329e-26,0.0,0.0,0.0,-0.0001527492750455054
2026-08-22T03:28:37.057640,27.67,-8.16729468070602e-15,1.5955951769028871e-27,0.0,-2.554369539442547e-06,0.0,0.0,-1.2771847697209262e-06,0.9999999999991844,8.730568508858448e-18,1.594030189521843e-25,0.0,0.0,0.0,-0.0006317644563651923
2026-08-22T03:28:37.078669,27.69,-8.167294820161247e-15,-2.689903395967824e-27,0.0,-1.8522244316088182e-07,0.0,0.0,-9.261122158044075e-08,0.9999999999999957,4.365812563562893e-18,-2.6996728332154526e-25,0.0,0.0,0.0,0.00018267356477140608
2026-08-22T03:28:37.097394,27.71,-8.16738169444501e-15,-2.3151887114238907e-27,0.0,-1.6499814057269193e-06,0.0,0.0,-8.24990702863366e-07,0.9999999999996597,1.3820462923011294e-21,-2.3242393885966115e-25,0.0,0.0,0.0,0.00015228019658248515
2026-08-22T03:28:37.117815,27.73,-8.167294958632889e-15,-1.4536655128648886e-27,0.0,4.0234884268741666e-07,0.0,0.0,2.0117442134370698e-07,0.9999999999999798,1.3574147535739716e-21,-1.461064463092748e-25,0.0,0.0,0.0,0.0003450545151674194
2026-08-22T03:28:37.158241,27.75,-8.16729495863147e-15,-1.4484059837910818e-27,0.0,1.3940469441031667e-06,0.0,0.0,6.970234720515269e-07,0.9999999999997571,1.3403521916179942e-21,-1.4557395038192512e-25,0.0,0.0,0.0,-0.0001536836675663809
2026-08-22T03:28:37.182607,27.77,-8.167208222621846e-15,-2.155907954060676e-27,0.0,-6.786584791917961e-07,0.0,0.0,-3.393292395958915e-07,0.9999999999999424,1.3248634375134272e-21,-2.164519732625145e-25,0.0,0.0,0.0,0.000127060918387832
2026-08-22T03:28:37.203186,27.79,-8.167208222618382e-15,-2.1393840097810917e-27,0.0,2.0281714481207302e-06,0.0,0.0,1.0140857240601913e-06,0.9999999999994859,1.3082100487285503e-21,-2.147900003983379e-25,0.0,0.0,0.0,3.854565378199053e-05
2026-08-22T03:28:37.223314,27.81,-8.16720835895272e-15,-2.3839247902427406e-27,0.0,4.786464051775853e-07,0.0,0.0,2.393232025887903e-07,0.9999999999999714,-4.36276284829431e-18,-2.3927075065995257e-25,0.0,0.0,0.0,0.0001723042430995421
2026-08-22T03:28:37.243702,27.83,-8.167121485076923e-15,-3.1124112903225627e-27,0.0,-5.179453337333939e-07,0.0,0.0,-2.5897266686669404e-07,0.9999999999999665,1.6120971712160541e-21,-3.1226682569281884e-25,0.0,0.0,0.0,0.0002657262578940649
2026-08-22T03:28:37.277051,27.85,-8.167077980684309e-15,-3.0139952836883065e-27,0.0,5.268894756049747e-07,0.0,0.0,2.6344473780248427e-07,0.9999999999999653,4.365655746637586e-18,-3.024019091897066e-25,0.0,0.0,0.0,-2.9583548855872593e-05
2026-08-22T03:28:37.292310,27.87,-8.167078118604696e-15,-2.990101783747447e-27,0.0,3.999290925094101e-07,0.0,0.0,1.9996454625470373e-07,0.99999999999998,1.2457973881677228e-21,-2.999945565694839e-25,0.0,0.0,0.0,-0.00020718121728701915
2026-08-22T03:28:37.311873,27.89,-8.167034614492088e-15,-3.0099286651412334e-27,0.0,3.2758432944035576e-06,0.0,0.0,1.6379216472010463e-06,0.9999999999986586,4.365276813307712e-18,-3.019677366986761e-25,0.0,0.0,0.0,0.0002973449668008315
2026-08-22T03:28:37.337265,27.91,-8.167078256687711e-15,-1.3724258372695658e-27,0.0,5.986929485501947e-07,0.0,0.0,2.9934647427509286e-07,0.9999999999999551,-4.36318366710419e-18,-1.378708323175247e-25,0.0,0.0,0.0,-0.00017985463465015954
2026-08-22T03:28:37.358965,27.92,-8.167034756876911e-15,-1.375277768497462e-32,0.0,-1.000088900582341e-12,0.0,0.0,-5.000444502911705e-13,1.0,-8.668612428431338e-24,-1.1290483421933923e-25,0.0,0.0,0.0,-0.00023470493700831354
2026-08-22T03:28:37.393991,27.95,-8.166817638168118e-15,1.260209455849543e-27,0.0,3.1594570408799427e-06,0.0,0.0,1.5797285204393143e-06,0.9999999999987522,8.729293591594126e-18,1.2591093934269032e-25,0.0,0.0,0.0,1.718853274083822e-05
2026-08-22T03:28:37.419756,27.97,-8.166904649845833e-15,3.7506913675403785e-27,0.0,-5.089862886720198e-08,0.0,0.0,-2.5449314433600986e-08,0.9999999999999997,4.976976911927206e-22,3.753809151101823e-25,0.0,0.0,0.0,0.0002178261968294555
2026-08-22T03:28:37.446862,27.99,-8.16686128213321e-15,3.688260464996993e-27,0.0,2.1379734356230533e-06,0.0,0.0,1.068986717811323e-06,0.9999999999994287,4.748835165906401e-22,3.6912283340497324e-25,0.0,0.0,0.0,-0.0001951834000623698
2026-08-22T03:28:37.464175,28.01,-8.166644169380796e-15,1.4329181171900455e-27,0.0,-3.5354148053556855e-07,0.0,0.0,-1.7677074026778335e-07,0.9999999999999843,8.728581540836827e-18,1.4315103827926653e-25,0.0,0.0,0.0,0.00038250056731591124
2026-08-22T03:28:37.483968,28.03,-8.16673118101376e-15,3.0864503831885072e-27,0.0,1.7737265949335779e-06,0.0,0.0,8.868632974666727e-07,0.9999999999996068,-2.054029139383203e-22,3.08843600763062e-25,0.0,0.0,0.0,4.801377753358926e-05
2026-08-22T03:28:37.516790,28.05,-8.166731045051756e-15,3.25005254401369e-27,0.0,9.909071896352375e-07,0.0,0.0,4.954535948175984e-07,0.9999999999998772,4.363834555845046e-18,3.2520461279562856e-25,0.0,0.0,0.0,0.00012437231264847382
2026-08-22T03:28:37.537274,28.07,-8.166948295639945e-15,4.641034958136773e-27,0.0,-7.826055248294496e-07,0.0,0.0,-3.913027624147147e-07,0.9999999999999234,-8.728665128311844e-18,4.645984579023106e-25,0.0,0.0,0.0,-6.123811345061789e-05
2026-08-22T03:28:37.561629,28.09,-8.166817916062948e-15,5.669625611068317e-27,0.0,-1.2029018439108088e-06,0.0,0.0,-6.014509219553681e-07,0.9999999999998191,1.1492644029755784e-22,5.676271086108272e-25,0.0,0.0,0.0,-0.00013095167640762533
2026-08-22T03:28:37.580093,28.11,-8.166774411424729e-15,5.715345618311896e-27,0.0,-4.3337750987859636e-07,0.0,0.0,-2.1668875493929648e-07,0.9999999999999766,4.364186013564793e-18,5.722116763264121e-25,0.0,0.0,0.0,-0.0003051730921713531
2026-08-22T03:28:37.595984,28.13,-8.166904789645655e-15,4.4914192204666274e-27,0.0,-9.519662227397419e-07,0.0,0.0,-4.7598311136985293e-07,0.9999999999998868,-4.364262114807414e-18,4.495516483719254e-25,0.0,0.0,0.0,9.161323684491685e-05
2026-08-22T03:28:37.640605,28.15,-8.166904652007732e-15,4.2916362106084175e-27,0.0,3.5819870802811243e-07,0.0,0.0,1.7909935401405524e-07,0.999999999999984,1.2169843778059123e-22,4.29550864090878e-25,0.0,0.0,0.0,-0.000276292888937087
2026-08-22T03:28:37.664353,28.17,-8.166904651907234e-15,4.206475434569507e-27,0.0,5.065175385787768e-07,0.0,0.0,2.532587692893857e-07,0.9999999999999679,1.2878782689290313e-22,4.21017799041263e-25,0.0,0.0,0.0,6.784112845105752e-06
2026-08-22T03:28:37.688668,28.18,-8.166904652551175e-15,3.594016451075737e-32,0.0,4.787281682183675e-13,0.0,0.0,2.3936408410918375e-13,1.0,5.086768762726303e-28,4.1190220995385447e-25,0.0,0.0,0.0,-6.334830503418279e-05
2026-08-22T03:28:37.706864,28.21,-8.166730907231355e-15,4.5240661234287345e-27,0.0,-3.849275507228355e-07,0.0,0.0,-1.924637753614166e-07,0.9999999999999815,8.728237517780767e-18,4.528377473044159e-25,0.0,0.0,0.0,4.097017337826125e-05
2026-08-22T03:28:37.728428,28.23,-8.166774414587012e-15,4.397013574507942e-27,0.0,-2.522694548812155e-06,0.0,0.0,-1.2613472744057428e-06,0.9999999999992045,4.363510192621239e-18,4.401012013591329e-25,0.0,0.0,0.0,1.3657357186889639e-05
2026-08-22T03:28:37.750964,28.25,-8.166817784470388e-15,3.047142017559121e-27,0.0,3.6983468767459726e-06,0.0,0.0,1.8491734383719324e-06,0.9999999999982903,4.363163909526028e-18,3.0486833331714596e-25,0.0,0.0,0.0,7.662117406881115e-06
2026-08-22T03:28:37.772546,28.27,-8.166817922429048e-15,3.4819899916722706e-27,0.0,-4.783652912454528e-06,0.0,0.0,-2.3918264562249833e-06,0.9999999999971396,-1.223337135982383e-21,3.484198289925321e-25,0.0,0.0,0.0,-0.00018568855152930762
2026-08-22T03:28:37.792347,28.29,-8.166904794806293e-15,1.5816845869589733e-27,0.0,7.417148539801133e-08,0.0,0.0,3.708574269900566e-08,0.9999999999999993,-4.365272553040337e-18,1.579951402587994e-25,0.0,0.0,0.0,-2.3550804326003685e-05
2026-08-22T03:28:37.819014,28.31,-8.166861425158546e-15,1.5612278147761694e-27,0.0,-1.061057600892923e-06,0.0,0.0,-5.305288004464366e-07,0.9999999999998592,-4.364921355417276e-18,1.559812841847422e-25,0.0,0.0,0.0,-6.629072332790041e-05
2026-08-22T03:28:37.837682,28.33,-8.166817919042506e-15,2.0985975633776073e-27,0.0,1.0832454182541087e-06,0.0,0.0,5.416227091270278e-07,0.9999999999998533,-5.113390105805661e-22,2.098219026307993e-25,0.0,0.0,0.0,-0.00011294867984818665
2026-08-22T03:28:37.879933,28.35,-8.16694829550389e-15,2.5992972337242543e-27,0.0,1.2872407233466276e-06,0.0,0.0,6.436203616732694e-07,0.9999999999997928,-8.728607560552905e-18,2.599892502259966e-25,0.0,0.0,0.0,-5.507733274291886e-05
2026-08-22T03:28:37.902715,28.37,-8.166774547688699e-15,1.1725798100508382e-27,0.0,1.0611103449242878e-06,0.0,0.0,5.305551724621189e-07,0.9999999999998592,1.81068734076791e-22,1.1704608341234535e-25,0.0,0.0,0.0,0.0002855234243815749
2026-08-22T03:28:37.917651,28.39,-8.166904787703233e-15,1.8133448881742674e-27,0.0,2.2644560453422002e-06,0.0,0.0,1.1322280226708583e-06,0.9999999999993591,-4.363860622922432e-18,1.812590335525993e-25,0.0,0.0,0.0,-3.709000056987424e-05
2026-08-22T03:28:37.949716,28.41,-8.166687537243502e-15,-7.4173750378633446e-28,0.0,1.7678935848586264e-06,0.0,0.0,8.839467924291981e-07,0.9999999999996093,8.728639389530709e-18,-7.476907405132017e-26,0.0,0.0,0.0,9.045730258536008e-05
2026-08-22T03:28:37.975502,28.43,-8.166774548771957e-15,1.0813050615819226e-27,0.0,7.271317521428955e-07,0.0,0.0,3.6356587607143975e-07,0.9999999999999339,-1.3966225009857184e-22,1.0790978708332075e-25,0.0,0.0,0.0,0.00035804016796194145
2026-08-22T03:28:37.990860,28.45,-8.166861421412186e-15,1.3248571954504657e-27,0.0,1.4295834214195222e-06,0.0,0.0,7.147917107097003e-07,0.9999999999997445,-4.36421111811699e-18,1.3232570259748729e-25,0.0,0.0,0.0,0.00014031012524508624
2026-08-22T03:28:38.010835,28.46,-8.166904652529489e-15,6.094150147563016e-32,0.0,2.360334150353083e-12,0.0,0.0,1.1801670751765414e-12,1.0,-8.673092560564339e-24,1.1079367339309467e-25,0.0,0.0,0.0,-1.279433726741083e-05
2026-08-22T03:28:38.029342,28.49,-8.166948019666347e-15,1.038688717638655e-27,0.0,2.03118027330973e-06,0.0,0.0,1.0155901366546903e-06,0.9999999999994843,1.8567096069525495e-22,1.036407763214795e-25,0.0,0.0,0.0,0.00016724499391679236
2026-08-22T03:28:38.060788,28.51,-8.166948155973503e-15,7.436117983239613e-28,0.0,-2.9300867954162868e-08,0.0,0.0,-1.4650433977081434e-08,0.9999999999999999,-4.363871277320497e-18,7.409688803583889e-26,0.0,0.0,0.0,-2.5026885760366333e-05
2026-08-22T03:28:38.078064,28.53,-8.167078394766934e-15,7.683979515414869e-28,0.0,-1.9525314565171925e-07,0.0,0.0,-9.762657282585947e-08,0.9999999999999952,-8.72759502603201e-18,7.656276460915448e-26,0.0,0.0,0.0,7.576404899166103e-05
2026-08-22T03:28:38.108975,28.55,-8.166991383001092e-15,5.011095113639577e-28,0.0,-5.002977570001121e-07,0.0,0.0,-2.501488785000535e-07,0.9999999999999687,1.1881363286033736e-21,4.978405664323123e-26,0.0,0.0,0.0,4.278851048559147e-05
2026-08-22T03:28:38.130588,28.57,-8.167034750819666e-15,3.4871735713886163e-28,0.0,-2.629595160286158e-06,0.0,0.0,-1.3147975801427e-06,0.9999999999991357,1.1897603174790354e-21,3.452186174685024e-26,0.0,0.0,0.0,-0.00011934951681325686
2026-08-22T03:28:38.146994,28.59,-8.166817638198914e-15,3.0082401125681457e-27,0.0,1.141691158501601e-06,0.0,0.0,5.708455792507695e-07,0.999999999999837,8.729287432444705e-18,3.0101672566225034e-25,0.0,0.0,0.0,0.0002455108458205458
2026-08-22T03:28:38.168612,28.61,-8.16681777753026e-15,4.6497953214496835e-27,0.0,-2.6059547266754635e-06,0.0,0.0,-1.302977363337363e-06,0.9999999999991511,4.364547589544115e-18,4.654360736292805e-25,0.0,0.0,0.0,0.0002805342090584162
2026-08-22T03:28:38.188172,28.63,-8.166774547593731e-15,5.6062177201425774e-27,0.0,-5.211738933752486e-07,0.0,0.0,-2.605869466876213e-07,0.999999999999966,1.3501078670440157e-22,5.612656609792242e-25,0.0,0.0,0.0,-0.00014778509161053182
2026-08-22T03:28:38.223587,28.65,-8.16686128376086e-15,5.233832504451523e-27,0.0,-9.9032730638271e-07,0.0,0.0,-4.951636531913348e-07,0.9999999999998774,1.2333551537845563e-22,5.2394607181405845e-25,0.0,0.0,0.0,-2.891856672903627e-05
2026-08-22T03:28:38.245537,28.67,-8.166774411509359e-15,5.511979441870418e-27,0.0,-2.209079772885758e-06,0.0,0.0,-1.1045398864426544e-06,0.99999999999939,4.364177759255498e-18,5.518156734886972e-25,0.0,0.0,0.0,-6.3589170373548e-05
2026-08-22T03:28:38.269915,28.69,-8.166774549293493e-15,4.9561310568842684e-27,0.0,-2.262881606096556e-06,0.0,0.0,-1.1314408030480367e-06,0.99999999999936,-2.1361256514002154e-22,4.961132998429828e-25,0.0,0.0,0.0,-0.00010072455981576133
2026-08-22T03:28:38.287652,28.71,-8.166861421734197e-15,3.9951426440039165e-27,0.0,-1.294765893611327e-06,0.0,0.0,-6.473829468056183e-07,0.9999999999997905,-4.364275520252485e-18,3.9981441819183114e-25,0.0,0.0,0.0,-0.00037766792185481784
2026-08-22T03:28:38.307394,28.72,-8.166817916442425e-15,-4.44724507489202e-32,0.0,-4.225508831723346e-12,0.0,0.0,-2.112754415861673e-12,1.0,-8.672907821512213e-24,5.377478427102046e-25,0.0,0.0,0.0,0.0001512481237173475
2026-08-22T03:28:38.341160,28.75,-8.167035028491774e-15,6.822556183373954e-27,0.0,-2.5869017683532997e-07,0.0,0.0,-1.2934508841766464e-07,0.9999999999999917,-8.727987728140809e-18,6.831248313822487e-25,0.0,0.0,0.0,-0.0001717152984706837
2026-08-22T03:28:38.368622,28.77,-8.166991384943056e-15,7.711458762992726e-27,0.0,2.32776300634896e-06,0.0,0.0,1.163881503174217e-06,0.9999999999993227,7.910722129634278e-22,7.721567312551295e-25,0.0,0.0,0.0,0.00010083802291371494
2026-08-22T03:28:38.384378,28.79,-8.166817776293274e-15,5.491584006687655e-27,0.0,1.9838401028593466e-06,0.0,0.0,9.919200514295107e-07,0.9999999999995081,4.3648556992630036e-18,5.497188552392373e-25,0.0,0.0,0.0,-0.0003598335621373329
2026-08-22T03:28:38.404046,28.8,-8.166817916333733e-15,1.582570414743196e-31,0.0,-1.3442580382161395e-12,0.0,0.0,-6.721290191080698e-13,1.0,4.336808800517641e-18,4.464416400627517e-25,0.0,0.0,0.0,0.00035085402662242854
2026-08-22T03:28:38.424990,28.83,-8.166731043391772e-15,5.207557353531447e-27,0.0,2.5533664738119915e-07,0.0,0.0,1.276683236905992e-07,0.9999999999999919,4.364162213291779e-18,5.212482906605512e-25,0.0,0.0,0.0,6.701998472075286e-05
2026-08-22T03:28:38.460628,28.85,-8.166557436634478e-15,5.116061903836817e-27,0.0,1.3307890611713447e-07,0.0,0.0,6.653945305856718e-08,0.9999999999999978,8.727874365175238e-18,5.1209614730519875e-25,0.0,0.0,0.0,-0.00013366865952861584
2026-08-22T03:28:38.481354,28.87,-8.166644448374512e-15,4.4320142551597056e-27,0.0,1.5222438567441543e-06,0.0,0.0,7.611219283720037e-07,0.9999999999997103,-9.123085893689848e-22,4.435594977314383e-25,0.0,0.0,0.0,-0.0004187491233554197
2026-08-22T03:28:38.501979,28.89,-8.166731320966182e-15,4.924678884916915e-27,0.0,-1.8070235086042885e-08,0.0,0.0,-9.035117543021443e-09,1.0,-4.3649740526611276e-18,4.929154317142571e-25,0.0,0.0,0.0,0.00027711351799428093
2026-08-22T03:28:38.525960,28.91,-8.166600942739094e-15,4.129271527670288e-27,0.0,1.3146357935589492e-06,0.0,0.0,6.573178967794273e-07,0.999999999999784,4.3634839812357686e-18,4.1321196255251777e-25,0.0,0.0,0.0,0.00018633231070024612
2026-08-22T03:28:38.545587,28.92,-8.166687812030223e-15,-3.098895502458433e-32,0.0,2.6481039583359234e-12,0.0,0.0,1.3240519791679617e-12,1.0,-4.336791455519684e-18,5.526589347121387e-25,0.0,0.0,0.0,0.00016107457756732853
2026-08-22T03:28:38.583160,28.95,-8.166600942647163e-15,4.036716045839214e-27,0.0,-3.878835912463075e-06,0.0,0.0,-1.9394179562303213e-06,0.9999999999981193,4.363502367047397e-18,4.0393559049150997e-25,0.0,0.0,0.0,-3.297257998916773e-05
2026-08-22T03:28:38.601890,28.97,-8.16673132063025e-15,8.90058762864556e-28,0.0,1.4359475239977828e-06,0.0,0.0,7.179737619988296e-07,0.9999999999997422,-4.3649285495627245e-18,8.866345680140107e-26,0.0,0.0,0.0,0.0003311886551250555
2026-08-22T03:28:38.626090,28.99,-8.166644446856583e-15,-9.151985087317462e-28,0.0,-7.657922904691361e-07,0.0,0.0,-3.828961452345587e-07,0.9999999999999267,-5.350006122461357e-22,-9.218249761782413e-26,0.0,0.0,0.0,8.69172875029038e-06
2026-08-22T03:28:38.651637,29.01,-8.166644446628082e-15,-9.197123923135223e-28,0.0,1.6244061602499473e-06,0.0,0.0,8.122030801248843e-07,0.9999999999996702,-5.196572302891258e-22,-9.262252579232234e-26,0.0,0.0,0.0,0.00013033762300475028
2026-08-22T03:28:38.669110,29.03,-8.16668781464235e-15,-5.089814656615955e-28,0.0,-1.8271365611610695e-06,0.0,0.0,-9.135682805804075e-07,0.9999999999995827,-5.138047929035154e-22,-5.1467145137883654e-26,0.0,0.0,0.0,1.5598928068749125e-05
2026-08-22T03:28:38.697833,29.05,-8.166687814653424e-15,-5.194782586818136e-28,0.0,1.6450977784465692e-06,0.0,0.0,8.225488892231919e-07,0.9999999999996617,-5.073462745518906e-22,-5.251453377433817e-26,0.0,0.0,0.0,9.00527209594879e-05
2026-08-22T03:28:38.720274,29.07,-8.166687814621538e-15,-5.2982683105582065e-28,0.0,-1.0142207034213868e-06,0.0,0.0,-5.071103517106717e-07,0.9999999999998714,-5.009691517716559e-22,-5.354708925484691e-26,0.0,0.0,0.0,-9.026141047397258e-05
2026-08-22T03:28:38.737606,29.09,-8.166687678337931e-15,-6.7033035669035015e-28,0.0,3.7959727423597664e-06,0.0,0.0,1.8979863711787433e-06,0.9999999999981988,4.363559942523061e-18,-6.761059944227706e-26,0.0,0.0,0.0,-8.872449521078556e-05
2026-08-22T03:28:38.762481,29.11,-8.166687816169966e-15,-4.115429089853374e-28,0.0,2.326635048621739e-06,0.0,0.0,1.1633175243106072e-06,0.9999999999993233,-8.23663179430563e-22,-4.168964992548317e-26,0.0,0.0,0.0,-3.890145927577782e-05
2026-08-22T03:28:38.782257,29.13,-8.16668781622635e-15,-4.2314825384988e-28,0.0,5.974923991125536e-07,0.0,0.0,2.9874619955627235e-07,0.9999999999999554,-8.219291932182433e-22,-4.2846504156001495e-26,0.0,0.0,0.0,0.00023570433341799205
2026-08-22T03:28:38.808948,29.15,-8.166818056567605e-15,-5.357671911884307e-29,0.0,-4.094443206703602e-07,0.0,0.0,-2.0472216033517866e-07,0.999999999999979,-4.364868250964482e-18,-5.803743568961999e-27,0.0,0.0,0.0,-0.00021241760132323498
2026-08-22T03:28:38.832985,29.17,-8.166774550736512e-15,6.335030521377906e-28,0.0,-2.299622635426602e-06,0.0,0.0,-1.1498113177130474e-06,0.999999999999339,-4.675203015260876e-22,6.302958900536401e-26,0.0,0.0,0.0,-0.00014518270163118815
2026-08-22T03:28:38.851830,29.19,-8.166687678209633e-15,1.4849135944413232e-27,0.0,4.426816514691013e-06,0.0,0.0,2.213408257343699e-06,0.9999999999975504,4.363602948715944e-18,1.4834730356855006e-25,0.0,0.0,0.0,-0.00018895626755758817
2026-08-22T03:28:38.870282,29.21,-8.166818056350551e-15,4.357698554232897e-27,0.0,-6.04605109089107e-07,0.0,0.0,-3.0230255454454885e-07,0.9999999999999543,-4.364837851015854e-18,4.361643314581464e-25,0.0,0.0,0.0,0.0004985038221266113
2026-08-22T03:28:38.890361,29.23,-8.166731046330465e-15,3.30037541738472e-27,0.0,-1.1922226703653396e-06,0.0,0.0,-5.961113351826344e-07,0.9999999999998224,4.3636091725856876e-18,3.3018997935169203e-25,0.0,0.0,0.0,0.0001479275441860254
2026-08-22T03:28:38.926910,29.25,-8.166861288111507e-15,2.5405573169942893e-27,0.0,-9.769431690287436e-07,0.0,0.0,-4.884715845143523e-07,0.9999999999998807,-7.684715992420402e-22,2.540922259438512e-25,0.0,0.0,0.0,-0.00010143272946016621
2026-08-22T03:28:38.952012,29.26,-8.166948020595259e-15,7.382238207081869e-32,0.0,-1.659561377209684e-12,0.0,0.0,-8.29780688604842e-13,1.0,-8.673600253688923e-18,1.7366856564390738e-25,0.0,0.0,0.0,-0.00018262674006297235
2026-08-22T03:28:38.972937,29.29,-8.166861148952388e-15,2.1956105416309652e-27,0.0,-3.4518546376816067e-07,0.0,0.0,-1.7259273188407946e-07,0.9999999999999851,4.363967282914005e-18,2.195162569035304e-25,0.0,0.0,0.0,-1.8887780992424033e-05
2026-08-22T03:28:38.995162,29.31,-8.166991526813177e-15,1.8292789660240342e-27,0.0,1.0884683319112298e-06,0.0,0.0,5.44234165955588e-07,0.9999999999998519,-4.364460858581653e-18,1.8282550320997942e-25,0.0,0.0,0.0,-6.232980372533633e-05
2026-08-22T03:28:39.014931,29.33,-8.166991389162763e-15,1.8009739707075452e-27,0.0,-1.3669283780437524e-06,0.0,0.0,-6.83464189021823e-07,0.9999999999997664,-7.454717887881405e-23,1.7999481633691982e-25,0.0,0.0,0.0,0.00010233391033295509
2026-08-22T03:28:39.040382,29.35,-8.166948021003e-15,2.1039884631568613e-27,0.0,-3.449387229181866e-07,0.0,0.0,-1.7246936145909246e-07,0.9999999999999851,-6.431162141265566e-23,2.1035279843199077e-25,0.0,0.0,0.0,0.00025536838943445816
2026-08-22T03:28:39.059921,29.37,-8.167034893301576e-15,1.9209330654887984e-27,0.0,-1.0981601099580016e-06,0.0,0.0,-5.490800549789733e-07,0.9999999999998492,-4.364119477051503e-18,1.9202040025409698e-25,0.0,0.0,0.0,7.210446700907778e-05
2026-08-22T03:28:39.085335,29.39,-8.167078259820158e-15,1.6914650478517555e-27,0.0,3.103794723458009e-07,0.0,0.0,1.551897361728998e-07,0.999999999999988,-4.3637841319686394e-18,1.6901852266199597e-25,0.0,0.0,0.0,0.00026312246327120744
2026-08-22T03:28:39.106977,29.41,-8.16694788151634e-15,7.330501267334332e-28,0.0,3.3268576471456873e-07,0.0,0.0,1.6634288235728357e-07,0.9999999999999861,4.3646675640635274e-18,7.298580166220778e-26,0.0,0.0,0.0,8.999260869698897e-05
2026-08-22T03:28:39.125203,29.43,-8.166861146833762e-15,8.5097458485632e-28,0.0,-3.3949368685171075e-06,0.0,0.0,-1.697468434257738e-06,0.9999999999985593,4.364334628115887e-18,8.481659671575289e-26,0.0,0.0,0.0,-9.981112922578957e-05
2026-08-22T03:28:39.168501,29.45,-8.166644171997003e-15,3.584345020658973e-27,0.0,3.214880727853143e-06,0.0,0.0,1.6074403639258788e-06,0.999999999998708,8.728045292085421e-18,3.587180022179422e-25,0.0,0.0,0.0,-1.5210147180770052e-05
2026-08-22T03:28:39.193230,29.47,-8.166818056050396e-15,7.140797486507287e-27,0.0,9.970695740157964e-07,0.0,0.0,4.985347870078776e-07,0.9999999999998758,-4.364799503972901e-18,7.150045051612166e-25,0.0,0.0,0.0,0.0002106157430062435
2026-08-22T03:28:39.215951,29.49,-8.166687678137304e-15,5.702879025668195e-27,0.0,1.8043433893666363e-06,0.0,0.0,9.021716946831956e-07,0.999999999999593,4.36363909816353e-18,5.708994472227082e-25,0.0,0.0,0.0,5.360271079162291e-05
2026-08-22T03:28:39.235242,29.5,-8.166644444007558e-15,1.0442976495543268e-31,0.0,1.949995720451625e-12,0.0,0.0,9.749978602258125e-13,1.0,8.673608921047798e-18,5.042975308242786e-25,0.0,0.0,0.0,-0.00010310677789566952
2026-08-22T03:28:39.257838,29.53,-8.166818195534975e-15,3.835613550166898e-27,0.0,-4.05123473212754e-06,0.0,0.0,-2.0256173660623846e-06,0.9999999999979484,-8.729517952477731e-18,3.8382949982278567e-25,0.0,0.0,0.0,-0.0001522991474616554
2026-08-22T03:28:39.292156,29.55,-8.16668781605589e-15,8.699715917327531e-27,0.0,-1.1923166622906933e-06,0.0,0.0,-5.961583311453113e-07,0.9999999999998223,-7.357970008616321e-22,8.711622970037257e-25,0.0,0.0,0.0,-3.9008018311915735e-05
2026-08-22T03:28:39.312001,29.57,-8.166687815663254e-15,8.542935507953576e-27,0.0,-8.98019479667056e-07,0.0,0.0,-4.490097398335129e-07,0.9999999999998992,-7.093108243945494e-22,8.554389665819088e-25,0.0,0.0,0.0,-0.00016369162576005422
2026-08-22T03:28:39.331929,29.59,-8.166948296404502e-15,7.24306171133489e-27,0.0,-3.733806215322488e-07,0.0,0.0,-1.8669031076612333e-07,0.9999999999999826,-8.72881370115578e-18,7.251758505990093e-25,0.0,0.0,0.0,-8.179204468928921e-05
2026-08-22T03:28:39.361790,29.61,-8.166817780501258e-15,7.863703106130994e-27,0.0,1.909310241465789e-06,0.0,0.0,9.546551207327495e-07,0.9999999999995444,4.3640314551200985e-18,7.873811393881786e-25,0.0,0.0,0.0,-2.797174146103063e-05
2026-08-22T03:28:39.383443,29.63,-8.166948022157327e-15,9.359463314430844e-27,0.0,-1.1792014409373053e-06,0.0,0.0,-5.896007204686184e-07,0.9999999999998261,-3.4287806785547224e-22,9.372222127578408e-25,0.0,0.0,0.0,-8.09729657515561e-05
2026-08-22T03:28:39.429773,29.65,-8.16694802237402e-15,9.190764777915325e-27,0.0,-1.4030485688820706e-06,0.0,0.0,-7.015242844409777e-07,0.999999999999754,-3.4718666325599135e-22,9.203115534257943e-25,0.0,0.0,0.0,1.0012447376779609e-05
2026-08-22T03:28:39.447175,29.67,-8.166861286258338e-15,9.741387615702618e-27,0.0,-2.0053530112029713e-06,0.0,0.0,-1.0026765056013173e-06,0.9999999999994973,-3.4146380259395757e-22,9.75468322869245e-25,0.0,0.0,0.0,0.0002012693773170934
2026-08-22T03:28:39.468321,29.69,-8.166904654197078e-15,9.053373979810116e-27,0.0,3.050089247835786e-07,0.0,0.0,1.525044623917887e-07,0.9999999999999883,-3.3785162619031886e-22,9.065273185618099e-25,0.0,0.0,0.0,4.1130524358261185e-05
2026-08-22T03:28:39.487901,29.7,-8.16690465255118e-15,4.5425034040456763e-32,0.0,5.972999872483342e-13,0.0,0.0,2.986499936241671e-13,1.0,-1.3344217039888565e-27,8.876752740977267e-25,0.0,0.0,0.0,0.0002270769709753284
2026-08-22T03:28:39.506239,29.73,-8.167034894591154e-15,1.0173396382144718e-26,0.0,-3.5338231079151683e-06,0.0,0.0,-1.7669115539566647e-06,0.999999999998439,-4.3643860645433516e-18,1.0187366480694565e-24,0.0,0.0,0.0,1.1695707535733604e-05
2026-08-22T03:28:39.557819,29.75,-8.166948020743435e-15,1.2225945045328482e-26,0.0,-1.4080603576438477e-06,0.0,0.0,-7.040301788218657e-07,0.9999999999997522,9.284691284543324e-24,1.2243539411343201e-24,0.0,0.0,0.0,-0.00038273658083532597
2026-08-22T03:28:39.576304,29.76,-8.166948020638075e-15,5.163250324586398e-32,0.0,-4.361844219147315e-12,0.0,0.0,-2.1809221095736575e-12,1.0,5.380133815824083e-29,1.1991980271894303e-24,0.0,0.0,0.0,5.070299398076615e-05
2026-08-22T03:28:39.602453,29.79,-8.166991524849311e-15,1.1859508306819299e-26,0.0,4.7254700281662565e-06,0.0,0.0,2.3627350140809298e-06,0.9999999999972088,-4.3640377310489885e-18,1.1876269867522479e-24,0.0,0.0,0.0,-9.85578739627961e-05
2026-08-22T03:28:39.622314,29.81,-8.166948155235803e-15,9.469388557263155e-27,0.0,-1.3595603354232821e-07,0.0,0.0,-6.797801677116405e-08,0.9999999999999977,-4.363702054800725e-18,9.48165904715633e-25,0.0,0.0,0.0,7.10878599687153e-05
2026-08-22T03:28:39.643203,29.82,-8.166861284572689e-15,6.157127572786599e-32,0.0,4.787281682183675e-13,0.0,0.0,2.3936408410918375e-13,1.0,-8.670406104766444e-24,9.188442934184536e-25,0.0,0.0,0.0,-6.85493210374519e-05
2026-08-22T03:28:39.673801,29.85,-8.166861280998162e-15,9.029410308577416e-27,0.0,-2.2740084180128406e-06,0.0,0.0,-1.1370042090061753e-06,0.9999999999993536,6.932189936002059e-22,9.040416671366246e-25,0.0,0.0,0.0,9.121526157098543e-05
2026-08-22T03:28:39.692189,29.87,-8.166861281041727e-15,8.861328443074287e-27,0.0,-1.9864933076263472e-07,0.0,0.0,-9.932466538131719e-08,0.9999999999999951,6.84505548538707e-22,8.871935431806606e-25,0.0,0.0,0.0,-3.1249571311992464e-05
2026-08-22T03:28:39.715086,29.89,-8.166861281084747e-15,8.695655169524426e-27,0.0,4.6337208159386034e-07,0.0,0.0,2.3168604079692805e-07,0.9999999999999731,6.759016104686312e-22,8.705870311890335e-25,0.0,0.0,0.0,-0.0001748767193818519
2026-08-22T03:28:39.740087,29.91,-8.166991521520138e-15,8.827854620234092e-27,0.0,1.9748741308944773e-06,0.0,0.0,9.874370654470781e-07,0.9999999999995125,-4.363389247227577e-18,8.838205255872694e-25,0.0,0.0,0.0,0.00014852279417233117
2026-08-22T03:28:39.759611,29.93,-8.166861143436016e-15,6.764620174769659e-27,0.0,-4.159689687810442e-06,0.0,0.0,-2.079844843903721e-06,0.9999999999978372,4.3650488666011675e-18,6.770842656845243e-25,0.0,0.0,0.0,0.00012630619389336216
2026-08-22T03:28:39.799267,29.95,-8.166774408777401e-15,8.004037477549803e-27,0.0,2.7058824239034607e-06,0.0,0.0,1.3529412119513176e-06,0.9999999999990847,4.364711137828655e-18,8.012967214267809e-25,0.0,0.0,0.0,-1.6342074428716256e-05
2026-08-22T03:28:39.823187,29.97,-8.16664430631029e-15,6.436222520110358e-27,0.0,4.981723615848921e-06,0.0,0.0,2.4908618079218846e-06,0.9999999999968978,4.3643610956325454e-18,6.441757474833681e-25,0.0,0.0,0.0,-1.9197501729070277e-05
2026-08-22T03:28:39.840239,29.99,-8.16668781221766e-15,8.18016100705939e-27,0.0,3.490992169119522e-06,0.0,0.0,1.7454960845588747e-06,0.9999999999984767,-4.1879427900630584e-23,8.189091192146628e-25,0.0,0.0,0.0,5.94891780113604e-05
2026-08-22T03:28:39.864576,30.01,-8.166514067674578e-15,5.355438160404279e-27,0.0,6.010738200501464e-07,0.0,0.0,3.005369100250687e-07,0.9999999999999548,8.728061975276428e-18,5.358538331555251e-25,0.0,0.0,0.0,3.7120161922068524e-05
2026-08-22T03:28:39.882282,30.03,-8.166557711271323e-15,5.744220414732789e-27,0.0,1.50515924612904e-07,0.0,0.0,7.525796230645192e-08,0.9999999999999971,-7.177581168633566e-22,5.748491838649796e-25,0.0,0.0,0.0,0.0002356190169317495
2026-08-22T03:28:39.912490,30.05,-8.166601079532805e-15,5.664780612435102e-27,0.0,7.152149894551485e-07,0.0,0.0,3.576074947275666e-07,0.999999999999936,-7.266536455670216e-22,5.668853879069926e-25,0.0,0.0,0.0,0.00022625750583728357
2026-08-22T03:28:39.931927,30.07,-8.166427334838536e-15,5.001514115239524e-27,0.0,1.7331140416132484e-06,0.0,0.0,8.665570208065158e-07,0.9999999999996245,8.727394427459617e-18,5.004060705727287e-25,0.0,0.0,0.0,7.635856591557723e-05
2026-08-22T03:28:39.955788,30.09,-8.166427474094276e-15,5.961738181116736e-27,0.0,8.977106213947649e-07,0.0,0.0,4.488553106973674e-07,0.9999999999998993,4.362678379026025e-18,5.96622669668738e-25,0.0,0.0,0.0,8.611180461650572e-05
2026-08-22T03:28:39.975944,30.11,-8.166514484433183e-15,6.520653612667788e-27,0.0,-3.591005382830303e-06,0.0,0.0,-1.795502691414187e-06,0.9999999999983881,-4.365767357613064e-18,6.526356162372568e-25,0.0,0.0,0.0,3.5871792737465064e-05
2026-08-22T03:28:39.993110,30.12,-8.166470971747247e-15,5.014300817651218e-32,0.0,-2.6929569685307797e-12,0.0,0.0,-1.3464784842653899e-12,1.0,-8.678817302583112e-24,7.675503093306856e-25,0.0,0.0,0.0,0.00035121958408893125
2026-08-22T03:28:40.031799,30.15,-8.166470978373133e-15,7.533152322470264e-27,0.0,-1.7882805694036112e-06,0.0,0.0,-8.941402847016863e-07,0.9999999999996002,-1.3381818540172244e-21,7.540560535535069e-25,0.0,0.0,0.0,-2.9206118998183097e-05
2026-08-22T03:28:40.054453,30.16,-8.16647097170415e-15,8.100552247314598e-32,0.0,-1.7337242752546445e-12,0.0,0.0,-8.668621376273222e-13,1.0,-4.336800130384169e-18,7.152789304269067e-25,0.0,0.0,0.0,-0.00012020677883582544
2026-08-22T03:28:40.078948,30.19,-8.166383968040202e-15,7.923794142304244e-27,0.0,2.1185266683154684e-06,0.0,0.0,1.059263334157536e-06,0.999999999999439,8.727141053344485e-18,7.932022705487209e-25,0.0,0.0,0.0,-1.8785579132664815e-05
2026-08-22T03:28:40.097338,30.21,-8.166427611514286e-15,8.766288836955464e-27,0.0,6.424310519115297e-07,0.0,0.0,3.2121552595575924e-07,0.9999999999999484,-1.6184851242652255e-21,8.775846949870521e-25,0.0,0.0,0.0,5.652165485520401e-05
2026-08-22T03:28:40.118149,30.23,-8.166427611672228e-15,8.598555797421884e-27,0.0,1.765200101644382e-06,0.0,0.0,8.826000508220764e-07,0.9999999999996105,-1.6153794416272972e-21,8.607733381698368e-25,0.0,0.0,0.0,0.0002661113536854998
2026-08-22T03:28:40.148791,30.25,-8.166340739224726e-15,7.758263560119147e-27,0.0,-3.5568478988778907e-06,0.0,0.0,-1.7784239494380079e-06,0.9999999999984186,4.362460898745089e-18,7.765591099825731e-25,0.0,0.0,0.0,-8.293054863131279e-05
2026-08-22T03:28:40.167009,30.27,-8.166471117293866e-15,4.6623818645456736e-27,0.0,-4.148354570965296e-07,0.0,0.0,-2.074177285482633e-07,0.9999999999999785,-4.3659655459307964e-18,4.663766146478972e-25,0.0,0.0,0.0,-5.057574551329864e-05
2026-08-22T03:28:40.188102,30.29,-8.166340602903855e-15,4.954368919181495e-27,0.0,3.6712727671250893e-06,0.0,0.0,1.8356363835615136e-06,0.9999999999983152,8.726550946462798e-18,4.956642120463808e-25,0.0,0.0,0.0,-3.9404590968917077e-05
2026-08-22T03:28:40.212271,30.31,-8.166340742041802e-15,6.072739003150142e-27,0.0,-9.073723283847812e-07,0.0,0.0,-4.5368616419237504e-07,0.9999999999998971,4.361854119520286e-18,6.076796308837607e-25,0.0,0.0,0.0,-8.436414062411448e-05
2026-08-22T03:28:40.229928,30.32,-8.166427603486889e-15,5.663471263326365e-32,0.0,-1.4592771435673058e-12,0.0,0.0,-7.296385717836529e-13,1.0,8.663090134005343e-24,5.146326877619566e-25,0.0,0.0,0.0,-4.176806560111954e-05
2026-08-22T03:28:40.258944,30.35,-8.166340743766886e-15,5.197447355587516e-27,0.0,3.024803447715385e-07,0.0,0.0,1.5124017238576867e-07,0.9999999999999886,4.3615524718792196e-18,5.199984736357947e-25,0.0,0.0,0.0,3.7397543676303875e-05
2026-08-22T03:28:40.280991,30.36,-8.16638423544336e-15,3.007292937383003e-32,0.0,5.631051180898794e-13,0.0,0.0,2.815525590449397e-13,1.0,8.662152521974937e-24,5.295315702291472e-25,0.0,0.0,0.0,-0.0003560380338990853
2026-08-22T03:28:40.304314,30.39,-8.166514489800989e-15,2.9152879529804438e-27,0.0,4.218717823967211e-07,0.0,0.0,2.1093589119835897e-07,0.9999999999999778,-4.3668365751133675e-18,2.913392754058741e-25,0.0,0.0,0.0,0.0001789351547285725
2026-08-22T03:28:40.327664,30.41,-8.16647098384619e-15,2.2170692488049893e-27,0.0,4.144608567457909e-08,0.0,0.0,2.072304283728954e-08,0.9999999999999998,-2.4111034861983185e-21,2.2139640710574887e-25,0.0,0.0,0.0,-6.716969266802931e-06
2026-08-22T03:28:40.347396,30.42,-8.166470971682207e-15,3.203975436611686e-32,0.0,-2.1760371282653068e-14,0.0,0.0,-1.0880185641326534e-14,1.0,-9.50607258353638e-27,2.1560309598953955e-25,0.0,0.0,0.0,-0.00024972874184186843
2026-08-22T03:28:40.405218,30.45,-8.166471119646176e-15,2.411268793296091e-27,0.0,-2.3611044230875677e-07,0.0,0.0,-1.1805522115437811e-07,0.999999999999993,-4.366396975514471e-18,2.408592707868926e-25,0.0,0.0,0.0,-0.00013740672526459233
2026-08-22T03:28:40.426398,30.47,-8.166644726327805e-15,2.547883877834569e-27,0.0,-1.580744890095076e-06,0.0,0.0,-7.903724450474557e-07,0.9999999999996877,-8.730089656740369e-18,2.545412659139006e-25,0.0,0.0,0.0,4.727988072516056e-05
2026-08-22T03:28:40.443254,30.49,-8.166644450542405e-15,2.6478371155861205e-27,0.0,-3.1066431298576447e-06,0.0,0.0,-1.5533215649281977e-06,0.9999999999987936,-1.276496630183677e-21,2.645649989253099e-25,0.0,0.0,0.0,0.0001419984292115436
2026-08-22T03:28:40.469922,30.51,-8.166644450245884e-15,2.5773716602461942e-27,0.0,-3.702858882626004e-06,0.0,0.0,-1.851429441311944e-06,0.9999999999982861,-1.2432133976249613e-21,2.575088114532617e-25,0.0,0.0,0.0,0.0001116189680226428
2026-08-22T03:28:40.488925,30.52,-8.166601076008214e-15,1.1448281475842639e-31,0.0,-2.155609024612204e-12,0.0,0.0,-1.077804512306102e-12,1.0,-4.336800129789514e-18,2.986569878027611e-25,0.0,0.0,0.0,8.382311102371357e-05
2026-08-22T03:28:40.515357,30.55,-8.16690492926542e-15,3.310828501120825e-27,0.0,1.2358678485036027e-06,0.0,0.0,6.179339242517619e-07,0.999999999999809,-8.728990253764424e-18,3.310167161357693e-25,0.0,0.0,0.0,0.0002580446058051848
2026-08-22T03:28:40.533610,30.57,-8.166644172850022e-15,6.18844006499837e-30,0.0,1.177339617797202e-06,0.0,0.0,5.886698088985669e-07,0.9999999999998267,8.727922393851943e-18,-1.3394697972288617e-28,0.0,0.0,0.0,2.3391770181171775e-05
2026-08-22T03:28:40.562481,30.59,-8.166731184181898e-15,1.005996229968104e-27,0.0,9.408218182294094e-07,0.0,0.0,4.7041090911468726e-07,0.9999999999998893,-8.390266985338043e-22,1.0008609573132882e-25,0.0,0.0,0.0,5.143371252904612e-05
2026-08-22T03:28:40.576369,30.61,-8.166861284406729e-15,-4.788953419462539e-33,0.0,2.864375403532904e-13,0.0,0.0,1.432187701766452e-13,1.0,-4.33680301984132e-18,2.4070067602704683e-25,0.0,0.0,0.0,-0.0002107463414942329
2026-08-22T03:28:40.596356,30.63,-8.1669481598138e-15,2.371579511481224e-27,0.0,2.537412851388865e-06,0.0,0.0,1.2687064256940922e-06,0.9999999999991952,-4.3646436688462445e-18,2.368914221427938e-25,0.0,0.0,0.0,-0.00022264342638544699
2026-08-22T03:28:40.622927,30.65,-8.166861285798344e-15,1.2504454961907258e-27,0.0,4.4988188920847e-06,0.0,0.0,2.2494094460404528e-06,0.99999999999747,-2.3645593310894954e-22,1.2458856625388576e-25,0.0,0.0,0.0,-7.908447509381064e-05
2026-08-22T03:28:40.643623,30.67,-8.166774413242592e-15,-5.165750881948474e-28,0.0,-1.0566541019940702e-07,0.0,0.0,-5.2832705099703477e-08,0.9999999999999986,4.363831114909485e-18,-5.247073323973677e-26,0.0,0.0,0.0,-0.00031404089645557223
2026-08-22T03:28:40.672854,30.69,-8.166731182958037e-15,-1.3293090622294555e-27,0.0,-1.3554658044867553e-06,0.0,0.0,-6.777329022433257e-07,0.9999999999997703,-5.552265974096602e-22,-1.338746505913098e-25,0.0,0.0,0.0,0.00011543262930311331
2026-08-22T03:28:40.687068,30.71,-8.166731319240078e-15,-1.1607411879579864e-27,0.0,-1.2060590228735182e-06,0.0,0.0,-6.030295114367225e-07,0.9999999999998181,-4.3646114877504835e-18,-1.1697574298280183e-25,0.0,0.0,0.0,-2.686041657444963e-05
2026-08-22T03:28:40.709300,30.73,-8.166687813294994e-15,-6.348252281463926e-28,0.0,-1.3885596725771165e-06,0.0,0.0,-6.942798362885025e-07,0.999999999999759,-2.139791420995055e-22,-6.427400767555415e-26,0.0,0.0,0.0,-4.1603780999965845e-05
2026-08-22T03:28:40.747252,30.76,-8.166731180268624e-15,-2.423744476806261e-32,0.0,4.2299497238218464e-12,0.0,0.0,2.1149748619109232e-12,1.0,-8.67284116584721e-24,-3.409068113809654e-25,0.0,0.0,0.0,-0.00021330058288098413
2026-08-22T03:28:40.763869,30.77,-8.16673117963987e-15,-3.422177816509447e-27,0.0,-9.907417499732676e-07,0.0,0.0,-4.953708749866135e-07,0.9999999999998773,1.3442374267574408e-22,-3.4351805128992454e-25,0.0,0.0,0.0,-6.620670497867434e-05
2026-08-22T03:28:40.784041,30.79,-8.166731179496804e-15,-3.393624493233618e-27,0.0,2.4856339226886352e-06,0.0,0.0,1.2428169613439974e-06,0.9999999999992277,1.41352982310567e-22,-3.4065206363187044e-25,0.0,0.0,0.0,6.805877010716919e-05
2026-08-22T03:28:40.810854,30.81,-8.166731315757834e-15,-3.685475748622423e-27,0.0,-2.0601281849330637e-06,0.0,0.0,-1.0300640924663495e-06,0.9999999999994695,-4.363915043818097e-18,-3.6986580060827033e-25,0.0,0.0,0.0,-4.687840265114797e-05
2026-08-22T03:28:40.833617,30.83,-8.166687809856528e-15,-2.736794884048878e-27,0.0,-7.279519933511838e-07,0.0,0.0,-3.639759966755837e-07,0.9999999999999337,4.737100934372861e-22,-2.7482481029132214e-25,0.0,0.0,0.0,-0.0004013581385069382
2026-08-22T03:28:40.858465,30.85,-8.166601073640924e-15,-2.3462199897594196e-27,0.0,2.353039681324276e-06,0.0,0.0,1.1765198406618665e-06,0.9999999999993079,4.777335421929629e-22,-2.3568617981194376e-25,0.0,0.0,0.0,-0.00018884167340502573
2026-08-22T03:28:40.879593,30.87,-8.166514201238211e-15,-3.2326926395464365e-27,0.0,-2.4169289143394224e-06,0.0,0.0,-1.208464457169417e-06,0.9999999999992698,4.364527706797132e-18,-3.2449911793185282e-25,0.0,0.0,0.0,4.895941519091789e-06
2026-08-22T03:28:40.899668,30.89,-8.166514339044364e-15,-3.507659181409298e-27,0.0,-1.2924564223304456e-06,0.0,0.0,-6.462282111651779e-07,0.9999999999997912,1.319313795536764e-22,-3.5203152018345862e-25,0.0,0.0,0.0,-5.6190158872630427e-05
2026-08-22T03:28:40.919103,30.9,-8.166557707812605e-15,2.018598773362278e-32,0.0,-1.5449863610683678e-12,0.0,0.0,-7.724931805341839e-13,1.0,2.8440818541292722e-28,-3.792760596626754e-25,0.0,0.0,0.0,0.00018667568279402572
2026-08-22T03:28:40.941270,30.93,-8.1665577072587e-15,-3.768623248922132e-27,0.0,1.097072010569633e-06,0.0,0.0,5.48536005284789e-07,0.9999999999998496,1.1945411006598468e-22,-3.7815780053737007e-25,0.0,0.0,0.0,0.00010659067756192082
2026-08-22T03:28:40.971068,30.95,-8.166601075313136e-15,-3.451246468379427e-27,0.0,1.0601618809502613e-06,0.0,0.0,5.300809404751058e-07,0.9999999999998596,1.1727317730825374e-22,-3.463505853562401e-25,0.0,0.0,0.0,0.00022086702968601523
2026-08-22T03:28:40.995653,30.97,-8.166687947709877e-15,-3.0138075959556133e-27,0.0,-1.8264159118430714e-07,0.0,0.0,-9.132079559215343e-08,0.9999999999999958,-4.363940178662544e-18,-3.025009701556404e-25,0.0,0.0,0.0,-0.00012942818913575958
2026-08-22T03:28:41.016970,30.99,-8.166687809940654e-15,-2.6318396417866515e-27,0.0,2.001731035150556e-06,0.0,0.0,1.0008655175751108e-06,0.9999999999994992,4.482111967038508e-22,-2.6423513968744786e-25,0.0,0.0,0.0,-0.00026176054919316045
2026-08-22T03:28:41.035762,31.01,-8.166644305561602e-15,-2.8654864103207073e-27,0.0,8.94387368610694e-08,0.0,0.0,4.471936843053469e-08,0.999999999999999,4.3645064947975225e-18,-2.876407270997051e-25,0.0,0.0,0.0,-0.00042591706643237663
2026-08-22T03:28:41.058602,31.03,-8.166600939110709e-15,-3.935516353429784e-27,0.0,-3.1346418847277846e-06,0.0,0.0,-1.5673209423632507e-06,0.9999999999987718,4.3641662852494e-18,-3.9482903098220446e-25,0.0,0.0,0.0,0.0002645413082847469
2026-08-22T03:28:41.090296,31.05,-8.166644445092584e-15,-4.42372139533818e-27,0.0,-1.136665519485547e-06,0.0,0.0,-5.683327597427428e-07,0.9999999999998385,-2.3424469032288513e-22,-4.437320215795739e-25,0.0,0.0,0.0,-5.2975472606075856e-05
2026-08-22T03:28:41.113157,31.07,-8.166601077182447e-15,-4.083576205377827e-27,0.0,9.660053508220305e-07,0.0,0.0,4.830026754109963e-07,0.9999999999998833,-2.392397949687714e-22,-4.096488847960063e-25,0.0,0.0,0.0,-0.00022343586706111
2026-08-22T03:28:41.133374,31.08,-8.16655770787739e-15,4.005601755657695e-32,0.0,-1.056488230233299e-12,0.0,0.0,-5.282441151166495e-13,1.0,4.336800124373353e-18,-4.394800649279175e-25,0.0,0.0,0.0,2.2450964515878925e-05
2026-08-22T03:28:41.150688,31.11,-8.166731319026487e-15,-3.767674053319679e-27,0.0,-2.1240622456453195e-06,0.0,0.0,-1.06203112282246e-06,0.999999999999436,-4.3646251465749884e-18,-3.779712218006928e-25,0.0,0.0,0.0,0.00015705390436037675
2026-08-22T03:28:41.173922,31.12,-8.166817916356233e-15,1.4349512882955881e-31,0.0,-4.614086890342151e-13,0.0,0.0,-2.3070434451710753e-13,1.0,-8.67360892516199e-18,-5.462929232047953e-25,0.0,0.0,0.0,0.00019831937976097722
2026-08-22T03:28:41.199965,31.15,-8.166774410075513e-15,-7.998622952187755e-27,0.0,-2.4648970091689657e-06,0.0,0.0,-1.2324485045841705e-06,0.9999999999992405,4.364499220395151e-18,-8.018742794542667e-25,0.0,0.0,0.0,-7.364578486944093e-05
2026-08-22T03:28:41.222052,31.17,-8.166774547620204e-15,-8.400196563992751e-27,0.0,6.633295988045519e-07,0.0,0.0,3.316647994022698e-07,0.999999999999945,1.210425115206776e-22,-8.420697633543774e-25,0.0,0.0,0.0,-4.732902425855822e-05
2026-08-22T03:28:41.245801,31.19,-8.166731179689028e-15,-8.453938964710082e-27,0.0,-2.1700486962927812e-07,0.0,0.0,-1.0850243481463885e-07,0.9999999999999941,1.1158143703414695e-22,-8.474370869351094e-25,0.0,0.0,0.0,-0.00014881644240271884
2026-08-22T03:28:41.260920,31.21,-8.166818051998675e-15,-8.419624140492135e-27,0.0,-1.089029564749211e-06,0.0,0.0,-5.445147823745786e-07,0.9999999999998518,-4.363945798160139e-18,-8.439904490492748e-25,0.0,0.0,0.0,0.000282254880492205
2026-08-22T03:28:41.281640,31.23,-8.166731178135243e-15,-8.329033241064981e-27,0.0,1.488148723804983e-06,0.0,0.0,7.440743619024228e-07,0.9999999999997232,4.440200938645765e-22,-8.348983529914425e-25,0.0,0.0,0.0,-0.00023938221618762892
2026-08-22T03:28:41.325646,31.25,-8.166557569528415e-15,-9.542009460561008e-27,0.0,1.1175298375576401e-06,0.0,0.0,5.587649187787911e-07,0.9999999999998439,4.364504393193804e-18,-9.564032908588214e-25,0.0,0.0,0.0,0.0003688566950446649
2026-08-22T03:28:41.342502,31.27,-8.166253585909302e-15,-9.734788899218228e-27,0.0,2.4695906941651913e-06,0.0,0.0,1.2347953470822818e-06,0.9999999999992376,1.745633213922631e-17,-9.75772480596086e-25,0.0,0.0,0.0,0.00027694068199750105
2026-08-22T03:28:41.362553,31.29,-8.166340600763178e-15,-3.56652270924592e-27,0.0,-3.0996993354293068e-06,0.0,0.0,-1.549849667714033e-06,0.999999999998799,8.726870660173052e-18,-3.5772023955862535e-25,0.0,0.0,0.0,0.00019201452694813807
2026-08-22T03:28:41.384845,31.31,-8.166601357716787e-15,-7.298438379922751e-27,0.0,2.797642427054825e-06,0.0,0.0,1.3988212135269564e-06,0.9999999999990217,-8.730041212143586e-18,-7.315965047292213e-25,0.0,0.0,0.0,0.00010373053260827572
2026-08-22T03:28:41.404109,31.32,-8.166427603768216e-15,1.7248824069119617e-31,0.0,3.1952218648712005e-12,0.0,0.0,1.5976109324356003e-12,1.0,8.673582898900913e-18,-1.2000129188693305e-24,0.0,0.0,0.0,-0.00026419205274799934
2026-08-22T03:28:41.447588,31.35,-8.166427612824786e-15,-1.3527545683841756e-26,0.0,-2.7100847042049736e-06,0.0,0.0,-1.3550423521020722e-06,0.999999999999082,-1.889257794439181e-21,-1.355631044823712e-24,0.0,0.0,0.0,-0.00036387877072933147
2026-08-22T03:28:41.474114,31.36,-8.166514339704314e-15,5.687714041053282e-32,0.0,-5.289990667733946e-12,0.0,0.0,-2.644995333866973e-12,1.0,-4.336800133034149e-18,-1.502041413738458e-24,0.0,0.0,0.0,8.676858912966316e-05
2026-08-22T03:28:41.499075,31.39,-8.166601219849567e-15,-1.5091695554337945e-26,0.0,-2.1684381419362353e-06,0.0,0.0,-1.0842190709679053e-06,0.9999999999994122,-4.365581183079063e-18,-1.5122917367878819e-24,0.0,0.0,0.0,-0.00024410750706963118
2026-08-22T03:28:41.514533,31.41,-8.166601218077842e-15,-1.3672470360021677e-26,0.0,-1.054755377261074e-06,0.0,0.0,-5.273776886305126e-07,0.9999999999998609,-4.3652181666173434e-18,-1.3701009097597389e-24,0.0,0.0,0.0,-0.00023652282085428526
2026-08-22T03:28:41.539674,31.42,-8.166557707921032e-15,-4.905120692343849e-32,0.0,-2.850608638027552e-12,0.0,0.0,-1.425304319013776e-12,1.0,-8.676613878489362e-24,-1.2423833242440398e-24,0.0,0.0,0.0,-0.00040133108568983326
2026-08-22T03:28:41.562633,31.45,-8.166687952177354e-15,-1.481882978693798e-26,0.0,-3.822808930742383e-06,0.0,0.0,-1.9114044653700276e-06,0.9999999999981732,-4.364842342069314e-18,-1.4849197185203237e-24,0.0,0.0,0.0,-0.00017028447476260064
2026-08-22T03:28:41.582161,31.47,-8.166514205954953e-15,-1.0241326177309233e-26,0.0,2.2065314944086367e-06,0.0,0.0,1.1032657472040945e-06,0.9999999999993914,4.36361472067892e-18,-1.0262286331892334e-24,0.0,0.0,0.0,0.00024134267019105277
2026-08-22T03:28:41.604663,31.49,-8.166731456247751e-15,-6.927828999650128e-27,0.0,1.780277214535886e-06,0.0,0.0,8.901386072678254e-07,0.9999999999996039,-8.728873588801194e-18,-6.942228353223059e-25,0.0,0.0,0.0,-0.00021067650006529562
2026-08-22T03:28:41.623465,31.51,-8.166644444704555e-15,-7.11477879587039e-27,0.0,-2.63207780415442e-06,0.0,0.0,-1.3160389020768302e-06,0.999999999999134,-9.158873926427876e-23,-7.129816547969043e-25,0.0,0.0,0.0,-0.00015197546543446944
2026-08-22T03:28:41.642467,31.53,-8.166557708301912e-15,-5.6626454008602145e-27,0.0,-1.8922972659929376e-06,0.0,0.0,-9.461486329963274e-07,0.9999999999995524,-7.1840857196293e-23,-5.674924870974127e-25,0.0,0.0,0.0,-6.282505191283492e-05
2026-08-22T03:28:41.679927,31.55,-8.16668794860359e-15,-6.785149509524306e-27,0.0,-2.9358348863084416e-07,0.0,0.0,-1.4679174431542155e-07,0.9999999999999892,-4.364127593394503e-18,-6.799583389810129e-25,0.0,0.0,0.0,0.0001904271067042874
2026-08-22T03:28:41.706100,31.57,-8.166731451417157e-15,-7.133200000065597e-27,0.0,1.6082621190349755e-06,0.0,0.0,8.04131059517401e-07,0.9999999999996767,-8.727846762812028e-18,-7.147984811121517e-25,0.0,0.0,0.0,-6.770241929300762e-05
2026-08-22T03:28:41.729568,31.59,-8.166644439548743e-15,-7.91750925920956e-27,0.0,-7.886401465206916e-07,0.0,0.0,-3.943200732603356e-07,0.9999999999999223,9.395673896002758e-22,-7.933695496972352e-25,0.0,0.0,0.0,0.00015449530266755114
2026-08-22T03:28:41.750045,31.61,-8.166557703210905e-15,-7.392971973784175e-27,0.0,-6.818539510788924e-07,0.0,0.0,-3.4092697553943956e-07,0.9999999999999419,9.4635411957431e-22,-7.4080771536123435e-25,0.0,0.0,0.0,9.194627239951251e-05
2026-08-22T03:28:41.773325,31.63,-8.1663840947438e-15,-6.670390911973216e-27,0.0,5.087483159194051e-07,0.0,0.0,2.543741579596998e-07,0.9999999999999677,4.3649917928568694e-18,-6.684015557264563e-25,0.0,0.0,0.0,0.00018528110813915784
2026-08-22T03:28:41.809088,31.65,-8.166601208979154e-15,-5.441181096177675e-27,0.0,9.684784751939901e-07,0.0,0.0,4.842392375969761e-07,0.9999999999998828,-4.363467827112974e-18,-5.452257874106553e-25,0.0,0.0,0.0,-0.00012876104047240708
2026-08-22T03:28:41.831046,31.67,-8.166557703430943e-15,-5.400761318130672e-27,0.0,1.4107983448141684e-07,0.0,0.0,7.053991724070835e-08,0.9999999999999976,9.066839847645553e-22,-5.411788719385373e-25,0.0,0.0,0.0,0.00013508547284266976
2026-08-22T03:28:41.850923,31.69,-8.166470967242553e-15,-5.389834530969374e-27,0.0,-4.707539583037601e-06,0.0,0.0,-2.353769791516627e-06,0.9999999999972299,9.052651223456092e-22,-5.400786524088333e-25,0.0,0.0,0.0,-9.702659448582884e-05
2026-08-22T03:28:41.870925,31.7,-8.166470971682165e-15,1.7183008545994906e-32,0.0,-4.731770530952417e-12,0.0,0.0,-2.3658852654762086e-12,1.0,3.575550306321598e-27,-5.296572337336498e-25,0.0,0.0,0.0,-0.000320374999273624
2026-08-22T03:28:41.896621,31.73,-8.166514335315825e-15,-6.044245729545489e-27,0.0,-2.2654716467229723e-06,0.0,0.0,-1.1327358233612437e-06,0.9999999999993584,8.81970713721729e-22,-6.05626860917012e-25,0.0,0.0,0.0,-0.00029058646547512645
2026-08-22T03:28:41.952432,31.75,-8.166427599320759e-15,-4.7927567764447605e-27,0.0,-1.368637229770542e-06,0.0,0.0,-6.843186148852175e-07,0.9999999999997659,8.722438303392463e-22,-4.802331170062501e-25,0.0,0.0,0.0,-0.00037309714779140734
2026-08-22T03:28:41.979971,31.77,-8.166384231241919e-15,-4.368928118480117e-27,0.0,-5.908937583676276e-07,0.0,0.0,-2.9544687918380956e-07,0.9999999999999564,8.619591192526929e-22,-4.377632125322222e-25,0.0,0.0,0.0,-0.00018170431249059908
2026-08-22T03:28:41.996180,31.79,-8.166557975944707e-15,-4.7524229224436764e-27,0.0,2.710818032269913e-07,0.0,0.0,1.355409016134952e-07,0.9999999999999908,-8.727260825856774e-18,-4.761983874380965e-25,0.0,0.0,0.0,0.00027365512768751516
2026-08-22T03:28:42.020668,31.81,-8.166427460052306e-15,-6.3272735006509675e-27,0.0,9.148982282880526e-08,0.0,0.0,4.574491141440261e-08,0.999999999999999,4.365564815598082e-18,-6.339761662615296e-25,0.0,0.0,0.0,9.180217652409726e-05
2026-08-22T03:28:42.045608,31.83,-8.166557838056876e-15,-5.9213671287114786e-27,0.0,-8.935734694404118e-07,0.0,0.0,-4.4678673472019104e-07,0.9999999999999002,-4.3628834089472535e-18,-5.932705253815384e-25,0.0,0.0,0.0,0.00016923891382270576
2026-08-22T03:28:42.082269,31.85,-8.166601068552528e-15,-6.374423047013879e-27,0.0,3.28719191289295e-06,0.0,0.0,1.6435959564457352e-06,0.9999999999986493,1.4823966074112964e-21,-6.386623816155345e-25,0.0,0.0,0.0,0.00019775406133623876
2026-08-22T03:28:42.102162,31.86,-8.166644444008342e-15,-5.402337186068963e-32,0.0,4.3862691256890685e-12,0.0,0.0,2.1931345628445342e-12,1.0,-4.336800119446083e-18,-5.00634298738891e-25,0.0,0.0,0.0,-0.00027012665601421667
2026-08-22T03:28:42.124104,31.89,-8.166644435196023e-15,-3.853015356952701e-27,0.0,3.106782343387238e-06,0.0,0.0,1.5533911716929942e-06,0.9999999999987935,1.788422498311858e-21,-3.8602643549034836e-25,0.0,0.0,0.0,1.3467467741711437e-05
2026-08-22T03:28:42.144779,31.91,-8.166644435156908e-15,-3.7908212124137814e-27,0.0,7.605944056798819e-07,0.0,0.0,3.802972028399318e-07,0.9999999999999277,1.774561689704973e-21,-3.7979028902202245e-25,0.0,0.0,0.0,3.38692047480428e-05
2026-08-22T03:28:42.165142,31.93,-8.166687803315364e-15,-3.535396388662403e-27,0.0,-2.7260338719692356e-06,0.0,0.0,-1.3630169359841958e-06,0.9999999999990711,1.75157678851929e-21,-3.5419437540128235e-25,0.0,0.0,0.0,0.00014812877403266124
2026-08-22T03:28:42.211198,31.95,-8.166818043861731e-15,-5.216974057335298e-27,0.0,-5.266482783206073e-07,0.0,0.0,-2.633241391603006e-07,0.9999999999999654,-4.362327093874441e-18,-5.226743611655921e-25,0.0,0.0,0.0,-4.8470883594657696e-05
2026-08-22T03:28:42.232614,31.97,-8.166817906237269e-15,-4.9401968158966406e-27,0.0,2.1807311156862857e-07,0.0,0.0,1.0903655578431405e-07,0.999999999999994,2.041017350017873e-21,-4.949257390264891e-25,0.0,0.0,0.0,4.894825332660858e-06
2026-08-22T03:28:42.253279,31.98,-8.1668179163993e-15,1.3344232909306106e-32,0.0,2.2248869413488137e-13,0.0,0.0,1.1124434706744069e-13,1.0,-4.336800117020128e-18,-4.823694529013189e-25,0.0,0.0,0.0,-4.95071445104784e-05
2026-08-22T03:28:42.271393,32.01,-8.166948281461966e-15,-4.625083679640228e-27,0.0,3.3170345448141347e-07,0.0,0.0,1.6585172724070597e-07,0.9999999999999862,-8.725777511353956e-18,-4.633522287528901e-25,0.0,0.0,0.0,9.0062714945387e-05
2026-08-22T03:28:42.294280,32.03,-8.166904637813903e-15,-5.182812807556043e-27,0.0,-5.060465197548325e-06,0.0,0.0,-2.5302325987714626e-06,0.999999999996799,2.982128293398096e-21,-5.192183023784301e-25,0.0,0.0,0.0,0.00011913526498384674
2026-08-22T03:28:42.316077,32.05,-8.166817765395676e-15,-3.1652078335019855e-27,0.0,-3.673173966323162e-06,0.0,0.0,-1.8365869831605486e-06,0.9999999999983135,4.367017856959052e-18,-3.1704199833926094e-25,0.0,0.0,0.0,-4.0498051271037686e-06
2026-08-22T03:28:42.333579,32.06,-8.166817916355655e-15,2.2225360752242663e-32,0.0,-3.0948577034450864e-12,0.0,0.0,-1.5474288517225432e-12,1.0,8.68395885529617e-24,-3.5954754529791533e-25,0.0,0.0,0.0,-2.646718517190044e-05
2026-08-22T03:28:42.357273,32.09,-8.166687526984238e-15,-3.406988036937707e-27,0.0,-4.11778806608254e-08,0.0,0.0,-2.0588940330412697e-08,0.9999999999999998,8.730660871000654e-18,-3.412991884853637e-25,0.0,0.0,0.0,-0.00045426693163390055
2026-08-22T03:28:42.374819,32.11,-8.166861411180614e-15,-5.7315516901482514e-27,0.0,3.947853710606353e-07,0.0,0.0,1.9739268553031636e-07,0.9999999999999806,-4.3622081853524744e-18,-5.742078705591363e-25,0.0,0.0,0.0,-0.00037587096618006406
2026-08-22T03:28:42.394969,32.13,-8.166817905776357e-15,-4.82539542513099e-27,0.0,1.3289463520749223e-06,0.0,0.0,6.644731760374122e-07,0.9999999999997793,2.1418724690806398e-21,-4.83369335889498e-25,0.0,0.0,0.0,-4.0547277399866766e-05
2026-08-22T03:28:42.440377,32.15,-8.166861410058515e-15,-4.576655893695973e-27,0.0,6.312486746651303e-07,0.0,0.0,3.156243373325599e-07,0.9999999999999502,-4.361931726227005e-18,-4.584443239632705e-25,0.0,0.0,0.0,-0.00013088110822999965
2026-08-22T03:28:42.461375,32.16,-8.16686128450788e-15,-2.2829786199761087e-32,0.0,-5.635492072997295e-13,0.0,0.0,-2.8177460364986473e-13,1.0,-4.336808788968744e-18,-4.159614777561871e-25,0.0,0.0,0.0,0.00030238881759697423
2026-08-22T03:28:42.485780,32.19,-8.166817766550095e-15,-5.477426297575514e-27,0.0,1.2269623006488928e-07,0.0,0.0,6.13481150324446e-08,0.9999999999999981,4.366799984632675e-18,-5.487000719283759e-25,0.0,0.0,0.0,-0.000229273659536685
2026-08-22T03:28:42.509279,32.21,-8.166904776736874e-15,-5.9127713995418554e-27,0.0,-1.5550518916995775e-06,0.0,0.0,-7.775259458497102e-07,0.9999999999996977,-4.361671703743666e-18,-5.9230814241524675e-25,0.0,0.0,0.0,-2.9991272644904745e-05
2026-08-22T03:28:42.526928,32.23,-8.166948007265315e-15,-5.932989647074615e-27,0.0,1.2536047724331922e-06,0.0,0.0,6.26802386216555e-07,0.9999999999998036,2.6788704135312724e-21,-5.943128572102185e-25,0.0,0.0,0.0,0.0002739805106953556
2026-08-22T03:28:42.564214,32.25,-8.166991511667952e-15,-5.674280042586427e-27,0.0,-1.7563244960605573e-06,0.0,0.0,-8.781622480301658e-07,0.9999999999996144,-4.361401477550272e-18,-5.683691049582389e-25,0.0,0.0,0.0,-6.847642516190369e-05
2026-08-22T03:28:42.583148,32.27,-8.166904637921074e-15,-4.2775651359325945e-27,0.0,-3.292764541029669e-07,0.0,0.0,-1.6463822705148271e-07,0.9999999999999865,2.956357162548559e-21,-4.284430120045456e-25,0.0,0.0,0.0,-0.0002792911662356529
2026-08-22T03:28:42.606987,32.29,-8.166904637911999e-15,-4.205237454606034e-27,0.0,1.8943277222405186e-06,0.0,0.0,9.471638611201176e-07,0.9999999999995515,2.9278157065935212e-21,-4.211930139337256e-25,0.0,0.0,0.0,3.537774045125796e-05
2026-08-22T03:28:42.626515,32.31,-8.16681776575002e-15,-4.856547107648342e-27,0.0,1.942270947186131e-06,0.0,0.0,9.711354735929128e-07,0.9999999999995285,4.3669469887541164e-18,-4.864538552023481e-25,0.0,0.0,0.0,0.0001988119675174879
2026-08-22T03:28:42.643993,32.32,-8.166817916311744e-15,5.954129918496326e-32,0.0,3.2751579226442118e-12,0.0,0.0,1.6375789613221059e-12,1.0,8.673608933876385e-18,-4.494617389673147e-25,0.0,0.0,0.0,0.00013886981635309684
2026-08-22T03:28:42.681270,32.35,-8.166731171016269e-15,-4.366383068180724e-27,0.0,2.8120656905272767e-06,0.0,0.0,1.406032845263175e-06,0.9999999999990116,1.8114273210093867e-21,-4.37323810795539e-25,0.0,0.0,0.0,-0.0001288122635570681
2026-08-22T03:28:42.698940,32.37,-8.166904916038383e-15,-2.1410737359463254e-27,0.0,2.1905089506724096e-06,0.0,0.0,1.0952544753359858e-06,0.9999999999994003,-8.726340528453254e-18,-2.1434302968209655e-25,0.0,0.0,0.0,-2.4563183331650576e-05
2026-08-22T03:28:42.721204,32.38,-8.166817916529399e-15,-3.666684157180134e-32,0.0,1.6209256159527285e-12,0.0,0.0,8.104628079763643e-13,1.0,-4.336817462183434e-18,-3.381558301838266e-25,0.0,0.0,0.0,1.9996129321396934e-05
2026-08-22T03:28:42.748062,32.41,-8.166774534737237e-15,-3.784955617437066e-27,0.0,-2.0554923110260863e-06,0.0,0.0,-1.027746155512862e-06,0.9999999999994719,2.7409864205829977e-21,-3.790617307066855e-25,0.0,0.0,0.0,-3.233215936057583e-05
2026-08-22T03:28:42.769641,32.43,-8.166731166667694e-15,-3.193809748147854e-27,0.0,9.672874918820185e-07,0.0,0.0,4.836437459409904e-07,0.9999999999998831,2.715831562260315e-21,-3.1982871506875286e-25,0.0,0.0,0.0,-0.0001039365158854239
2026-08-22T03:28:42.815649,32.45,-8.166687798748085e-15,-3.383739281808992e-27,0.0,2.497569052462012e-06,0.0,0.0,1.2487845262306814e-06,0.9999999999992203,2.6823739842274143e-21,-3.388541265880147e-25,0.0,0.0,0.0,-3.54769246837696e-05
2026-08-22T03:28:42.839064,32.47,-8.166731303172357e-15,-3.0064233783691096e-27,0.0,-2.2058717030759567e-06,0.0,0.0,-1.1029358515377547e-06,0.9999999999993918,-4.361406637322272e-18,-3.0103484129083366e-25,0.0,0.0,0.0,4.874715280570098e-05
2026-08-22T03:28:42.852405,32.48,-8.166687812181691e-15,3.347992594772738e-32,0.0,-1.432631790976302e-12,0.0,0.0,-7.16315895488151e-13,1.0,-8.661576512536054e-24,-2.2239448601305466e-25,0.0,0.0,0.0,-0.0003040848511275877
2026-08-22T03:28:42.877866,32.5,-8.166731180182126e-15,8.737281135808956e-32,0.0,-1.1737277816337155e-12,0.0,0.0,-5.868638908168577e-13,1.0,-4.336800113647146e-18,-3.342027152388849e-25,0.0,0.0,0.0,2.150315322493136e-05
2026-08-22T03:28:42.896015,32.53,-8.166904908904205e-15,-2.9062470905388728e-27,0.0,2.7643068811755706e-07,0.0,0.0,1.382153440587781e-07,0.9999999999999905,-8.724892017319395e-18,-2.910064304956224e-25,0.0,0.0,0.0,0.00018983349549160937
2026-08-22T03:28:42.924685,32.55,-8.16668765691532e-15,-4.2170581106196096e-27,0.0,5.899329353908911e-07,0.0,0.0,2.9496646769544126e-07,0.9999999999999565,4.367913824235754e-18,-4.223447945217722e-25,0.0,0.0,0.0,6.496787473478504e-05
2026-08-22T03:28:42.946474,32.57,-8.1667311626348e-15,-3.747929564107364e-27,0.0,2.8304504624543365e-06,0.0,0.0,1.415225231226696e-06,0.9999999999989986,3.492049243295468e-21,-3.75320671830913e-25,0.0,0.0,0.0,0.0001570687920293005
2026-08-22T03:28:42.967376,32.59,-8.166818035351765e-15,-2.5978038358909822e-27,0.0,-1.499397725979179e-07,0.0,0.0,-7.496988629895889e-08,0.9999999999999972,-4.36061643732281e-18,-2.6006694148901545e-25,0.0,0.0,0.0,-6.854247675656768e-05
2026-08-22T03:28:42.985668,32.61,-8.166817897791455e-15,-2.3534635684270883e-27,0.0,-7.350291371110984e-07,0.0,0.0,-3.6751456855554095e-07,0.9999999999999325,3.730170763654327e-21,-2.356053079559775e-25,0.0,0.0,0.0,0.0001291777788046291
2026-08-22T03:28:43.010441,32.62,-8.166774548311842e-15,7.605508606811311e-33,0.0,4.636291350834654e-13,0.0,0.0,2.318145675417327e-13,1.0,4.336800140068561e-18,-2.0254031332340626e-25,0.0,0.0,0.0,-0.00014792194737778546
2026-08-22T03:28:43.071028,32.66,-8.166817916377879e-15,6.20020362366682e-32,0.0,1.3233858453531866e-13,0.0,0.0,6.616929226765933e-14,1.0,-8.673600237356766e-18,-3.6447031068314405e-25,0.0,0.0,0.0,0.00011115071310071887
2026-08-22T03:28:43.090588,32.67,-8.166904908631836e-15,-3.649610698648671e-27,0.0,1.585370982049028e-06,0.0,0.0,7.92685491024431e-07,0.9999999999996858,-8.724850554125593e-18,-3.654619297218177e-25,0.0,0.0,0.0,0.00017974741252771293
2026-08-22T03:28:43.113994,32.69,-8.166861265193553e-15,-5.324067908970307e-27,0.0,2.410063917324124e-06,0.0,0.0,1.2050319586617701e-06,0.9999999999992739,3.8888138526687984e-21,-5.332240931168792e-25,0.0,0.0,0.0,9.839248741399232e-05
2026-08-22T03:28:43.130504,32.71,-8.166861265178296e-15,-5.230128564264211e-27,0.0,-2.7704660641170165e-06,0.0,0.0,-1.3852330320580652e-06,0.9999999999990405,3.857171138276691e-21,-5.237984568973474e-25,0.0,0.0,0.0,3.751226063068784e-05
2026-08-22T03:28:43.151519,32.73,-8.16690463346764e-15,-5.8472617035920966e-27,0.0,-8.323560298784116e-07,0.0,0.0,-4.161780149391938e-07,0.9999999999999134,3.80800875643855e-21,-5.8562219401060275e-25,0.0,0.0,0.0,0.00010765567343212698
2026-08-22T03:28:43.197851,32.75,-8.16712174648923e-15,-6.594472192059628e-27,0.0,-1.3111269319132648e-06,0.0,0.0,-6.555634659565854e-07,0.9999999999997852,-8.72435248362048e-18,-6.604790698855066e-25,0.0,0.0,0.0,-5.207606425646436e-05
2026-08-22T03:28:43.216049,32.77,-8.16703473512205e-15,-5.2022283614308746e-27,0.0,-1.7031900307884484e-06,0.0,0.0,-8.515950153941213e-07,0.9999999999996374,4.381303623310422e-21,-5.209805079630054e-25,0.0,0.0,0.0,2.1668759540734286e-05
2026-08-22T03:28:43.236074,32.79,-8.167121471188241e-15,-5.981225566192512e-27,0.0,-2.4435554299984123e-06,0.0,0.0,-1.221777714998902e-06,0.9999999999992536,4.342111419104002e-21,-5.990236885053878e-25,0.0,0.0,0.0,-0.00017323859470651947
2026-08-22T03:28:43.258923,32.81,-8.166947863108022e-15,-3.695622810879725e-27,0.0,-2.2422589740500602e-06,0.0,0.0,-1.121129487024795e-06,0.9999999999993715,4.368344866344696e-18,-3.7000567948356158e-25,0.0,0.0,0.0,-0.0002467720077331819
2026-08-22T03:28:43.279592,32.83,-8.166991232862128e-15,-5.416167621123539e-27,0.0,4.348456750236097e-06,0.0,0.0,2.174228375116335e-06,0.9999999999976363,4.3679550506220685e-18,-5.423848777149445e-25,0.0,0.0,0.0,6.148450864761697e-05
2026-08-22T03:28:43.311182,32.85,-8.167121475262694e-15,-1.2609371565031253e-27,0.0,3.385981175441088e-07,0.0,0.0,1.692990587720536e-07,0.9999999999999857,3.505542677487551e-21,-1.2608809431411462e-25,0.0,0.0,0.0,-2.652893722320873e-05
2026-08-22T03:28:43.329561,32.87,-8.167077971422202e-15,-1.2739690164600299e-27,0.0,-1.8938808863389056e-06,0.0,0.0,-9.469404431693112e-07,0.9999999999995517,4.367508155600638e-18,-1.273962130134753e-25,0.0,0.0,0.0,-0.00021807335762043906
2026-08-22T03:28:43.357682,32.89,-8.167208486104049e-15,-3.0152115027680647e-27,0.0,-5.880228162169487e-07,0.0,0.0,-2.9401140810847014e-07,0.9999999999999568,-8.725036346582258e-18,-3.0188977454298843e-25,0.0,0.0,0.0,-0.00031437285633792076
2026-08-22T03:28:43.379742,32.91,-8.167208483313414e-15,-1.0388144863207792e-27,0.0,-3.236754859692326e-06,0.0,0.0,-1.6183774298454564e-06,0.9999999999986904,-8.724413172221787e-18,-1.03848852008123e-25,0.0,0.0,0.0,-0.0003648118256066901
2026-08-22T03:28:43.399228,32.93,-8.167208207603159e-15,1.701876595674991e-27,0.0,-3.381009000769098e-06,0.0,0.0,-1.6905045003837436e-06,0.9999999999985711,4.337255907502898e-21,1.7076765830604598e-25,0.0,0.0,0.0,-0.00029481460258951286
2026-08-22T03:28:43.431644,32.95,-8.167121335313468e-15,2.9742426841435037e-27,0.0,8.159095967741338e-07,0.0,0.0,4.079547983870555e-07,0.9999999999999167,4.368355950679879e-18,2.9825370536982817e-25,0.0,0.0,0.0,0.000298799103165245
2026-08-22T03:28:43.450483,32.97,-8.167208209454052e-15,4.2286319089362204e-27,0.0,-1.389369885806957e-06,0.0,0.0,-6.946849429034226e-07,0.9999999999997587,3.910701592357216e-21,4.2389890779209175e-25,0.0,0.0,0.0,-1.0628057043392871e-05
2026-08-22T03:28:43.471368,32.98,-8.167208229159424e-15,3.601306305393684e-32,0.0,-1.2465584120491258e-12,0.0,0.0,-6.232792060245629e-13,1.0,1.542907690707302e-26,4.15981428025921e-25,0.0,0.0,0.0,-6.413883617026105e-06
2026-08-22T03:28:43.493829,33.01,-8.167295082482844e-15,4.087920625407236e-27,0.0,5.405541410041793e-07,0.0,0.0,2.702770705020863e-07,0.9999999999999635,-4.360251476480631e-18,4.0977839100042045e-25,0.0,0.0,0.0,0.00034423149827468623
2026-08-22T03:28:43.511252,33.03,-8.167294944945471e-15,3.0780573508309063e-27,0.0,2.581002245705122e-06,0.0,0.0,1.2905011228522026e-06,0.9999999999991673,4.090543994165579e-21,3.085880085988427e-25,0.0,0.0,0.0,0.00015697382460387458
2026-08-22T03:28:43.544522,33.05,-8.167425185487319e-15,4.6847326446125005e-27,0.0,2.245606796957845e-06,0.0,0.0,1.1228033984786862e-06,0.9999999999993696,-4.360008906631674e-18,4.695803947638815e-25,0.0,0.0,0.0,-0.0002911745073352387
2026-08-22T03:28:43.559089,33.07,-8.167338311914694e-15,3.926000116955488e-27,0.0,-1.2936330593404932e-06,0.0,0.0,-6.468165296702015e-07,0.9999999999997908,4.331423953155995e-21,3.9354131898500515e-25,0.0,0.0,0.0,-0.00011691471309893462
2026-08-22T03:28:43.576960,33.09,-8.167338311992037e-15,3.870290030661466e-27,0.0,-2.014862737986789e-06,0.0,0.0,-1.007431368993224e-06,0.9999999999994925,4.285598504145586e-21,3.8794643004209483e-25,0.0,0.0,0.0,0.00016370585721930438
2026-08-22T03:28:43.608974,33.11,-8.167338312261383e-15,3.815921287359183e-27,0.0,2.6358337179566145e-06,0.0,0.0,1.3179168589779259e-06,0.9999999999991316,4.231730405050143e-21,3.8249239764029298e-25,0.0,0.0,0.0,0.0001920872696372081
2026-08-22T03:28:43.636474,33.13,-8.167468552920249e-15,5.4448883813757026e-27,0.0,9.785866557088243e-07,0.0,0.0,4.892933278543926e-07,0.9999999999998803,-4.359878113945358e-18,5.4571136509210185e-25,0.0,0.0,0.0,-0.0003038249382119924
2026-08-22T03:28:43.673588,33.15,-8.167468415449705e-15,6.01737287610862e-27,0.0,-1.4536318611035881e-06,0.0,0.0,-7.268159305517301e-07,0.9999999999997359,4.459213692898067e-21,6.03042698844303e-25,0.0,0.0,0.0,0.00021693989061975343
2026-08-22T03:28:43.695887,33.16,-8.167511805724342e-15,3.8704054334806225e-32,0.0,5.95967719618784e-13,0.0,0.0,2.97983859809392e-13,1.0,1.741025433363252e-26,5.544742156357192e-25,0.0,0.0,0.0,-2.3077585747914212e-05
2026-08-22T03:28:43.720954,33.18,-8.167555173811242e-15,3.845977149871237e-32,0.0,3.219646771412954e-13,0.0,0.0,1.609823385706477e-13,1.0,1.7203100554040613e-26,5.403848862176709e-25,0.0,0.0,0.0,-5.6790154954180065e-05
2026-08-22T03:28:43.743061,33.21,-8.167685256494125e-15,4.899265002337422e-27,0.0,-2.2125380683135631e-07,0.0,0.0,-1.1062690341567793e-07,0.9999999999999939,4.298199787945806e-21,4.909869505192709e-25,0.0,0.0,0.0,0.00024026847770231404
2026-08-22T03:28:43.759919,33.23,-8.167598384548372e-15,4.912010267086449e-27,0.0,-1.0924021243141625e-07,0.0,0.0,-5.462010621570809e-08,0.9999999999999986,4.3683001477762835e-18,4.922484323460409e-25,0.0,0.0,0.0,3.8449816527663494e-05
2026-08-22T03:28:43.794335,33.25,-8.167555018292539e-15,4.9372342849098206e-27,0.0,3.517747848569286e-07,0.0,0.0,1.758873924284634e-07,0.9999999999999846,4.367912253470813e-18,4.947751105222153e-25,0.0,0.0,0.0,-0.00027221555787014425
2026-08-22T03:28:43.817318,33.27,-8.167598660761943e-15,4.254039336284158e-27,0.0,2.0290224891361675e-06,0.0,0.0,1.0145112445679097e-06,0.9999999999994854,-4.360589972848343e-18,4.263052896547011e-25,0.0,0.0,0.0,9.181372058575134e-05
2026-08-22T03:28:43.838736,33.28,-8.167555173919668e-15,5.448155391741776e-32,0.0,2.4553692412609962e-12,0.0,0.0,1.2276846206304981e-12,1.0,-8.658368041900825e-24,3.1660968092465307e-25,0.0,0.0,0.0,-0.0002811613647195971
2026-08-22T03:28:43.863939,33.31,-8.167728899997179e-15,9.777393599324916e-28,0.0,-1.6656376247148334e-06,0.0,0.0,-8.328188123573203e-07,0.9999999999996532,-8.724402081679116e-18,9.803524462863464e-26,0.0,0.0,0.0,-0.00016855034661591309
2026-08-22T03:28:43.892509,33.33,-8.167555016237537e-15,3.751678637015279e-27,0.0,2.1716696676499225e-06,0.0,0.0,1.0858348338247478e-06,0.9999999999994105,4.368388302154747e-18,3.7599736473754813e-25,0.0,0.0,0.0,-0.000328929297886554
2026-08-22T03:28:43.909629,33.35,-8.1675985220302e-15,3.688511810353698e-27,0.0,5.318886242555721e-07,0.0,0.0,2.659443121277829e-07,0.9999999999999646,3.9605637461914934e-21,3.696325607792555e-25,0.0,0.0,0.0,0.00048356318296434724
2026-08-22T03:28:43.931264,33.37,-8.167598522430624e-15,3.635228626748434e-27,0.0,2.9079117345176546e-06,0.0,0.0,1.4539558672583148e-06,0.999999999998943,3.9021623223898454e-21,3.6429543426982084e-25,0.0,0.0,0.0,-6.449401716923393e-05
2026-08-22T03:28:43.951004,33.39,-8.167859003461696e-15,7.290493434845809e-27,0.0,-4.244425381827455e-06,0.0,0.0,-2.1222126909121345e-06,0.9999999999977481,-8.724260192690106e-18,7.305335198293146e-25,0.0,0.0,0.0,0.0004710755228228041
2026-08-22T03:28:43.973483,33.4,-8.16777201441921e-15,2.480180693144742e-31,0.0,3.8813396940895473e-13,0.0,0.0,1.9406698470447736e-13,1.0,-1.7328867960255604e-23,8.015880380095089e-25,0.0,0.0,0.0,0.00011572644203288997
2026-08-22T03:28:43.990114,33.43,-8.167858864467725e-15,8.347706171690142e-27,0.0,1.1105943853451095e-06,0.0,0.0,5.552971926725261e-07,0.9999999999998458,-4.3596225183734966e-18,8.363971980815095e-25,0.0,0.0,0.0,-1.660477338623364e-05
2026-08-22T03:28:44.018380,33.45,-8.167902231268932e-15,8.255944750230997e-27,0.0,-3.0525485161803095e-07,0.0,0.0,-1.5262742580901487e-07,0.9999999999999883,-4.359343698075685e-18,8.272031238566086e-25,0.0,0.0,0.0,0.00026826547897810377
2026-08-22T03:28:44.045184,33.46,-8.167945486615016e-15,1.0098354784202793e-31,0.0,1.9806378759312793e-12,0.0,0.0,9.903189379656396e-13,1.0,-8.653850447348918e-24,7.385401522756973e-25,0.0,0.0,0.0,3.946182649093664e-06
2026-08-22T03:28:44.062710,33.49,-8.168119070373007e-15,7.318909148149419e-27,0.0,1.6274684284667273e-06,0.0,0.0,8.137342142332739e-07,0.9999999999996689,-4.359116645135645e-18,7.3329776157516025e-25,0.0,0.0,0.0,-7.652643485408733e-05
2026-08-22T03:28:44.084707,33.51,-8.168032196899826e-15,6.356560477487041e-27,0.0,-1.815792288972773e-06,0.0,0.0,-9.078961444862617e-07,0.9999999999995879,5.212470190975334e-21,6.368690115701302e-25,0.0,0.0,0.0,8.759538047675269e-05
2026-08-22T03:28:44.108980,33.53,-8.168032197032541e-15,6.255266811178166e-27,0.0,1.8697928578781389e-06,0.0,0.0,9.348964289389332e-07,0.999999999999563,5.155570372800666e-21,6.26709800196973e-25,0.0,0.0,0.0,0.00027982766176770256
2026-08-22T03:28:44.153077,33.55,-8.168205942048526e-15,7.58685175442977e-27,0.0,5.397979307986134e-08,0.0,0.0,2.6989896539930666e-08,0.9999999999999997,-8.723021180434005e-18,7.601520635494758e-25,0.0,0.0,0.0,-0.00011684093840908175
2026-08-22T03:28:44.169561,33.56,-8.168032223005375e-15,-6.279947754352344e-33,0.0,-9.281464485866309e-13,0.0,0.0,-4.640732242933154e-13,1.0,4.336782801563627e-18,7.974462282173524e-25,0.0,0.0,0.0,0.00014426977074288578
2026-08-22T03:28:44.191035,33.59,-8.168075564210707e-15,8.674661214716831e-27,0.0,-2.1243624486189105e-06,0.0,0.0,-1.0621812243092556e-06,0.9999999999994359,5.306959617095261e-21,8.690728904563399e-25,0.0,0.0,0.0,-0.00012330552536064977
2026-08-22T03:28:44.214982,33.6,-8.168075590897396e-15,4.476499767463348e-32,0.0,-2.7973179328455444e-12,0.0,0.0,-1.3986589664227722e-12,1.0,2.094391591681816e-26,8.517788968029778e-25,0.0,0.0,0.0,1.4928198141855967e-05
2026-08-22T03:28:44.232184,33.62,-8.168118958962884e-15,4.1271594315332597e-32,0.0,6.350475700855895e-14,0.0,0.0,3.175237850427948e-14,1.0,-4.336800104654739e-18,8.437417131914093e-25,0.0,0.0,0.0,-6.375296250747523e-06
2026-08-22T03:28:44.265504,33.66,-8.168162327049781e-15,3.9763684003637145e-32,0.0,5.38680211548126e-13,0.0,0.0,2.69340105774063e-13,1.0,-4.336800103832438e-18,8.286193473206398e-25,0.0,0.0,0.0,4.428405255322592e-05
2026-08-22T03:28:44.287335,33.67,-8.168205804451235e-15,8.301158263257935e-27,0.0,2.082369846778676e-06,0.0,0.0,1.0411849233891497e-06,0.999999999999458,-4.358680187151552e-18,8.316090248896908e-25,0.0,0.0,0.0,-9.306966414509573e-05
2026-08-22T03:28:44.307806,33.69,-8.168249171311667e-15,8.398089759035565e-27,0.0,4.61090972070366e-07,0.0,0.0,2.3054548603518095e-07,0.9999999999999735,-4.358413211566605e-18,8.41316891934787e-25,0.0,0.0,0.0,0.00040744212239497213
2026-08-22T03:28:44.330539,33.71,-8.168249033738312e-15,7.15660672980212e-27,0.0,2.152417692968811e-07,0.0,0.0,1.0762088464844034e-07,0.9999999999999942,5.9143214144041875e-21,7.169040840202978e-25,0.0,0.0,0.0,-0.00016859408746449555
2026-08-22T03:28:44.352453,33.72,-8.16820569515754e-15,5.096269847307565e-32,0.0,-1.2256862191861728e-12,0.0,0.0,-6.128431095930864e-13,1.0,8.673600273794077e-18,6.91610227693708e-25,0.0,0.0,0.0,-7.344952673354481e-05
2026-08-22T03:28:44.390910,33.75,-8.168335909807458e-15,6.419344593570119e-27,0.0,1.9502244157365567e-06,0.0,0.0,9.751122078681238e-07,0.9999999999995246,-4.358951331886524e-18,6.430349917258501e-25,0.0,0.0,0.0,-0.00024587300637252487
2026-08-22T03:28:44.412191,33.77,-8.168552885437083e-15,8.679178064265576e-27,0.0,-2.7949489074252654e-06,0.0,0.0,-1.3974744537121778e-06,0.9999999999990236,-8.722755518329282e-18,8.694398648305842e-25,0.0,0.0,0.0,0.00014831694344089665
2026-08-22T03:28:44.430232,33.79,-8.168465874062127e-15,9.92963115602709e-27,0.0,-2.73729017585822e-06,0.0,0.0,-1.3686450879286828e-06,0.9999999999990634,5.966814162297772e-21,9.946931589393129e-25,0.0,0.0,0.0,1.3334220351214317e-05
2026-08-22T03:28:44.454881,33.81,-8.168596114527016e-15,8.018750157174212e-27,0.0,1.3743946132294125e-06,0.0,0.0,6.871973066146522e-07,0.9999999999997639,-4.358147601480704e-18,8.032230964841226e-25,0.0,0.0,0.0,-0.0005386923905432343
2026-08-22T03:28:44.478945,33.83,-8.168726353810266e-15,9.787015313229094e-27,0.0,9.108175698102627e-07,0.0,0.0,4.5540878490511565e-07,0.9999999999998963,-8.721943293754345e-18,9.8037591779057e-25,0.0,0.0,0.0,-0.00014834235784416566
2026-08-22T03:28:44.502284,33.85,-8.168726214745608e-15,1.0032019133054635e-26,0.0,-3.973419358427321e-06,0.0,0.0,-1.9867096792123537e-06,0.9999999999980265,-4.35728714470346e-18,1.004927178047075e-24,0.0,0.0,0.0,0.0001216351612861732
2026-08-22T03:28:44.521330,33.87,-8.168682709044581e-15,1.1083522028122291e-26,0.0,1.0893227133657035e-06,0.0,0.0,5.446613566828249e-07,0.9999999999998517,7.035532431173157e-21,1.1102538510628467e-24,0.0,0.0,0.0,0.0004199606355757059
2026-08-22T03:28:44.541964,33.89,-8.168682709335238e-15,1.0902529038233224e-26,0.0,-2.602028992271244e-07,0.0,0.0,-1.301014496135618e-07,0.9999999999999916,6.955717760109401e-21,1.0921087163148136e-24,0.0,0.0,0.0,0.00017589145258172496
2026-08-22T03:28:44.559956,33.91,-8.168856454464357e-15,1.0522552911657747e-26,0.0,-2.8408882712938066e-07,0.0,0.0,-1.4204441356468985e-07,0.9999999999999899,-8.721243659996518e-18,1.054035338559166e-24,0.0,0.0,0.0,-0.00022691704239713968
2026-08-22T03:28:44.577277,33.93,-8.168769579501319e-15,1.1766237305433124e-26,0.0,-1.9205863144300395e-06,0.0,0.0,-9.602931572148721e-07,0.9999999999995389,-4.356603565046199e-18,1.1786147632360847e-24,0.0,0.0,0.0,8.702997368341116e-05
2026-08-22T03:28:44.628877,33.96,-8.168856216375363e-15,6.727255571053682e-32,0.0,6.394884621840902e-14,0.0,0.0,3.197442310920451e-14,1.0,-8.673600220384516e-18,1.1473831959859384e-24,0.0,0.0,0.0,4.5943230415737174e-05
2026-08-22T03:28:44.677986,33.99,-8.168856175704046e-15,1.2027848591459736e-26,0.0,-1.199139255891879e-06,0.0,0.0,-5.995696279459036e-07,0.9999999999998203,8.19483543047916e-21,1.2047964001650947e-24,0.0,0.0,0.0,3.927777585592193e-05
2026-08-22T03:28:44.694859,34.01,-8.168899543962979e-15,1.151823481926982e-26,0.0,2.8884050617961066e-06,0.0,0.0,1.4442025308975512e-06,0.9999999999989572,8.1083882308602e-21,1.1537075670387125e-24,0.0,0.0,0.0,8.633807777844922e-05
2026-08-22T03:28:44.717537,34.02,-8.168942952635894e-15,-7.298905052104927e-32,0.0,3.126832126554291e-12,0.0,0.0,1.5634160632771454e-12,1.0,-8.673600218391062e-18,1.277467002973933e-24,0.0,0.0,0.0,0.00022115097995314707
2026-08-22T03:28:44.745784,34.06,-8.168986320700558e-15,3.852388685238223e-32,0.0,6.31050767196939e-13,0.0,0.0,3.155253835984695e-13,1.0,-8.638568886828847e-24,1.063788702851804e-24,0.0,0.0,0.0,-4.8673403147109574e-05
2026-08-22T03:28:44.763987,34.07,-8.168986276645892e-15,1.0654713381826859e-26,0.0,3.2334279165269214e-07,0.0,0.0,1.6167139582634533e-07,0.9999999999999869,8.819571747514817e-21,1.0671504020360534e-24,0.0,0.0,0.0,0.00018836165227710934
2026-08-22T03:28:44.787114,34.09,-8.168812532443437e-15,1.0226250685558393e-26,0.0,2.8398557452291584e-06,0.0,0.0,1.4199278726141021e-06,0.9999999999989919,8.736829280277794e-18,1.024192365085495e-24,0.0,0.0,0.0,-0.00014285636230407212
2026-08-22T03:28:44.808167,34.11,-8.169029785031037e-15,1.331811446635942e-26,0.0,-5.091327071049534e-07,0.0,0.0,-2.5456635355247395e-07,0.9999999999999676,-4.356117987048693e-18,1.3339720954859018e-24,0.0,0.0,0.0,0.00023716000292137038
2026-08-22T03:28:44.826432,34.12,-8.169159793005337e-15,1.2552032551006975e-31,0.0,1.5507595207964187e-12,0.0,0.0,7.753797603982093e-13,1.0,-8.673608891797697e-18,1.2011771377525098e-24,0.0,0.0,0.0,-0.0005446971623596618
2026-08-22T03:28:44.879819,34.15,-8.169116245340556e-15,1.7808886469649063e-26,0.0,-2.618307830992706e-06,0.0,0.0,-1.3091539154959788e-06,0.999999999999143,4.3727846730062324e-18,1.783908427123996e-24,0.0,0.0,0.0,-1.3882673464931283e-05
2026-08-22T03:28:44.898035,34.17,-8.169203119499816e-15,1.5793174147678217e-26,0.0,1.6470779033994634e-06,0.0,0.0,8.235389516996385e-07,0.9999999999996609,8.300995048721299e-21,1.581885611666154e-24,0.0,0.0,0.0,0.00019796948347151485
2026-08-22T03:28:44.917811,34.19,-8.169463601002223e-15,1.7628125322930303e-26,0.0,3.6842853079477322e-06,0.0,0.0,1.8421426539728243e-06,0.9999999999983032,-8.71992526974508e-18,1.765740838400654e-24,0.0,0.0,0.0,6.969196115088803e-05
2026-08-22T03:28:44.935194,34.21,-8.169202845264689e-15,1.131716650866476e-26,0.0,-8.775838917784994e-07,0.0,0.0,-4.3879194588923566e-07,0.9999999999999037,8.736864816123224e-18,1.13335004462393e-24,0.0,0.0,0.0,0.0001757706006603526
2026-08-22T03:28:44.958328,34.23,-8.169289720906461e-15,1.1231835206248977e-26,0.0,7.266824622043091e-07,0.0,0.0,3.6334123110214644e-07,0.9999999999999339,4.372045607820106e-18,1.1248453203405238e-24,0.0,0.0,0.0,2.4563831664366513e-05
2026-08-22T03:28:44.988968,34.25,-8.16933322762176e-15,1.1378394829784291e-26,0.0,1.4627093625207976e-06,0.0,0.0,7.313546812603336e-07,0.9999999999997325,7.537423724529138e-21,1.1395105971394005e-24,0.0,0.0,0.0,-0.0002493773255703162
2026-08-22T03:28:45.013932,34.27,-8.169289996452178e-15,1.0615122152309141e-26,0.0,-3.6152761229146796e-07,0.0,0.0,-1.8076380614573297e-07,0.9999999999999837,-4.356619872678832e-18,1.06302570211677e-24,0.0,0.0,0.0,-0.0003137914290006796
2026-08-22T03:28:45.031745,34.29,-8.169159618620039e-15,1.1507555459827783e-26,0.0,-1.8158999943729275e-06,0.0,0.0,-9.079499971863388e-07,0.9999999999995878,4.3717331523013764e-18,1.1524464569325148e-24,0.0,0.0,0.0,0.00018096600523556677
2026-08-22T03:28:45.058712,34.31,-8.169116252428448e-15,1.1762754522971652e-26,0.0,2.873450188900506e-08,0.0,0.0,1.436725094450253e-08,0.9999999999999999,4.3713107255076405e-18,1.1779891250380366e-24,0.0,0.0,0.0,-7.03880760953727e-05
2026-08-22T03:28:45.078924,34.33,-8.169159758859321e-15,1.1384604403116171e-26,0.0,-6.459007546588681e-07,0.0,0.0,-3.229503773294284e-07,0.9999999999999478,6.820397012345338e-21,1.1400806281358307e-24,0.0,0.0,0.0,-0.0001585651622996691
2026-08-22T03:28:45.104747,34.35,-8.169420240225307e-15,1.0357021759614456e-26,0.0,3.594577940635447e-06,0.0,0.0,1.7972889703167555e-06,0.9999999999983848,-8.721387257544942e-18,1.0370991698427512e-24,0.0,0.0,0.0,0.00011310064501442364
2026-08-22T03:28:45.127441,34.37,-8.169506973779821e-15,9.566867145380432e-27,0.0,5.904085966790262e-07,0.0,0.0,2.9520429833950883e-07,0.9999999999999565,-8.720802689821655e-18,9.579876953472501e-25,0.0,0.0,0.0,9.273087199802525e-05
2026-08-22T03:28:45.146591,34.39,-8.1693764579903e-15,8.38744289468174e-27,0.0,-1.2095102430720317e-07,0.0,0.0,-6.047551215360155e-08,0.9999999999999982,4.371959009035557e-18,8.397579838181497e-25,0.0,0.0,0.0,4.991650337274061e-05
2026-08-22T03:28:45.168780,34.41,-8.169680444836562e-15,8.158732335133403e-27,0.0,-1.7677728099130263e-06,0.0,0.0,-8.838864049563981e-07,0.9999999999996094,-8.720626917408479e-18,8.168503037872817e-25,0.0,0.0,0.0,-4.051066806093795e-05
2026-08-22T03:28:45.191605,34.43,-8.16959343389841e-15,9.576150961602551e-27,0.0,2.727015981474068e-06,0.0,0.0,1.3635079907366115e-06,0.9999999999990704,8.051421645826776e-21,9.58850429422768e-25,0.0,0.0,0.0,0.0001341556659077464
2026-08-22T03:28:45.233909,34.45,-8.169550066054473e-15,8.706697678641655e-27,0.0,2.1962806906472565e-06,0.0,0.0,1.0981403453234076e-06,0.999999999999397,7.968135970261375e-21,8.717301434857515e-25,0.0,0.0,0.0,0.00013435488839960122
2026-08-22T03:28:45.258005,34.47,-8.169550066511891e-15,8.547156839255546e-27,0.0,1.3323903447215457e-07,0.0,0.0,6.661951723607723e-08,0.9999999999999978,7.867979774111718e-21,8.55738032999075e-25,0.0,0.0,0.0,5.3806082606684554e-05
2026-08-22T03:28:45.275597,34.49,-8.169463194660395e-15,8.336960896582811e-27,0.0,1.0453864738302343e-06,0.0,0.0,5.226932369150933e-07,0.9999999999998634,4.371825056331025e-18,8.346684379732185e-25,0.0,0.0,0.0,9.508304606482072e-05
2026-08-22T03:28:45.302258,34.51,-8.169550069019008e-15,9.095903727852428e-27,0.0,-2.2199170408576663e-06,0.0,0.0,-1.1099585204286053e-06,0.999999999999384,7.336202358033997e-21,9.10703163215295e-25,0.0,0.0,0.0,-0.00046810785389711973
2026-08-22T03:28:45.321367,34.52,-8.1694200016994e-15,1.2845580905721926e-33,0.0,-5.750067089138611e-12,0.0,0.0,-2.8750335445693054e-12,1.0,4.336800154716253e-18,1.0890855683420057e-24,0.0,0.0,0.0,7.202533280804369e-05
2026-08-22T03:28:45.361461,34.55,-8.169506839772586e-15,1.1087493474642803e-26,0.0,1.7072956826069685e-06,0.0,0.0,8.536478413033806e-07,0.9999999999996356,-4.357244753831267e-18,1.1102162476473258e-24,0.0,0.0,0.0,-0.00028886786103672277
2026-08-22T03:28:45.383734,34.57,-8.169376598434902e-15,1.0096062432041227e-26,0.0,-1.4937308008278194e-06,0.0,0.0,-7.468654004138402e-07,0.9999999999997211,7.052892612459128e-21,1.0108810377288858e-24,0.0,0.0,0.0,0.0002544558865552382
2026-08-22T03:28:45.401381,34.59,-8.16937659863992e-15,9.910423670107436e-27,0.0,-1.575832335731775e-06,0.0,0.0,-7.879161678658059e-07,0.9999999999996896,6.972859250347095e-21,9.9226637278061e-25,0.0,0.0,0.0,-0.00030285180307914423
2026-08-22T03:28:45.422554,34.61,-8.169419967125082e-15,9.321169150198794e-27,0.0,-1.1564374036154844e-07,0.0,0.0,-5.782187018077419e-08,0.9999999999999983,6.884534002797934e-21,9.332206768891256e-25,0.0,0.0,0.0,8.696637454170845e-06
2026-08-22T03:28:45.444788,34.63,-8.16950683994711e-15,9.102207147255255e-27,0.0,1.1611879080497545e-06,0.0,0.0,5.805939540248446e-07,0.9999999999998315,-4.357257975035576e-18,9.112745856405466e-25,0.0,0.0,0.0,0.0001294960165436172
2026-08-22T03:28:45.478790,34.65,-8.169289589858977e-15,7.264320135194548e-27,0.0,-1.0936235121938866e-06,0.0,0.0,-5.46811756096916e-07,0.9999999999998505,8.735159044871456e-18,7.27106546825226e-25,0.0,0.0,0.0,-1.376482245894333e-05
2026-08-22T03:28:45.494964,34.67,-8.16941996984411e-15,5.926818746729382e-27,0.0,-1.961599425559512e-06,0.0,0.0,-9.80799712779599e-07,0.999999999999519,6.2973643203049615e-21,5.931242553870932e-25,0.0,0.0,0.0,0.00012353545800647178
2026-08-22T03:28:45.520998,34.7,-8.169333265439418e-15,3.5744535341685005e-32,0.0,-3.885780586188048e-13,0.0,0.0,-1.942890293094024e-13,1.0,-4.3368001006011994e-18,6.69698373942263e-25,0.0,0.0,0.0,-7.123897843864979e-05
2026-08-22T03:28:45.560406,34.73,-8.169289865565789e-15,8.197542902334796e-27,0.0,-2.1643393401937776e-06,0.0,0.0,-1.0821696700966775e-06,0.9999999999994145,6.383285796151585e-21,8.206161972481031e-25,0.0,0.0,0.0,-0.00018981441496646485
2026-08-22T03:28:45.606983,34.75,-8.169203129678228e-15,9.143262974133863e-27,0.0,-6.530438985130615e-07,0.0,0.0,-3.2652194925652495e-07,0.9999999999999467,6.3130282255909724e-21,9.153566186907517e-25,0.0,0.0,0.0,-0.00021268799489088905
2026-08-22T03:28:45.630703,34.77,-8.169203129988261e-15,8.968251707467719e-27,0.0,-1.1603999787723753e-06,0.0,0.0,-5.80199989386155e-07,0.9999999999998317,6.233675784497966e-21,8.978147771372021e-25,0.0,0.0,0.0,-9.018470294359831e-05
2026-08-22T03:28:45.650258,34.79,-8.168942649594211e-15,1.0276042308844531e-26,0.0,-9.059228935903717e-07,0.0,0.0,-4.529614467951704e-07,0.9999999999998974,8.734268627346869e-18,1.0288527019367848e-24,0.0,0.0,0.0,2.5934098966642755e-05
2026-08-22T03:28:45.678055,34.81,-8.168986293494303e-15,9.749845486126787e-27,0.0,1.6869058421242753e-06,0.0,0.0,8.434529210620377e-07,0.9999999999996443,5.410878545727678e-21,9.761056459527259e-25,0.0,0.0,0.0,-0.00041428857535999897
2026-08-22T03:28:45.703435,34.83,-8.168986294094028e-15,9.564557282762041e-27,0.0,-3.5002266276507044e-06,0.0,0.0,-1.7501133138244588e-06,0.9999999999984686,5.3256281563447894e-21,9.575323930394433e-25,0.0,0.0,0.0,0.00010137120680726061
2026-08-22T03:28:45.728278,34.85,-8.169029662475664e-15,8.487492549657552e-27,0.0,-3.7566419766044135e-06,0.0,0.0,-1.8783209883011022e-06,0.999999999998236,5.258007838063662e-21,8.496148852190218e-25,0.0,0.0,0.0,0.00043075287630529456
2026-08-22T03:28:45.750451,34.86,-8.168942952678201e-15,-1.1404925433407295e-31,0.0,4.587441537751147e-13,0.0,0.0,2.2937207688755734e-13,1.0,8.67360027140424e-18,1.1181197995330383e-24,0.0,0.0,0.0,4.0102023619086535e-05
2026-08-22T03:28:45.775706,34.89,-8.169029802476622e-15,1.2089260642995124e-26,0.0,2.65332427806797e-06,0.0,0.0,1.3266621390335958e-06,0.99999999999912,-4.359598410352066e-18,1.210465041044993e-24,0.0,0.0,0.0,-0.00028345997948861685
2026-08-22T03:28:45.795725,34.91,-8.168986433488511e-15,1.1229318484632528e-26,0.0,9.961934166469179e-08,0.0,0.0,4.980967083234587e-08,0.9999999999999988,-4.359335772002123e-18,1.1242957893952118e-24,0.0,0.0,0.0,0.00020258885380215064
2026-08-22T03:28:45.823375,34.92,-8.168986320743961e-15,9.28874965131025e-32,0.0,1.7705836796721997e-12,0.0,0.0,8.852918398360998e-13,1.0,-8.653599587269942e-24,1.0475351580004472e-24,0.0,0.0,0.0,-0.00021307177685409712
2026-08-22T03:28:45.839316,34.95,-8.169073168322731e-15,9.474817919084013e-27,0.0,-2.399766252381141e-07,0.0,0.0,-1.1998831261905678e-07,0.9999999999999928,-4.35910688794295e-18,9.484768937367622e-25,0.0,0.0,0.0,-4.640804236525984e-07
2026-08-22T03:28:45.858414,34.96,-8.168942952743249e-15,3.6158916028812454e-32,0.0,-2.042810365310288e-13,0.0,0.0,-1.021405182655144e-13,1.0,8.67359159814341e-18,9.559232380591021e-25,0.0,0.0,0.0,-0.00020061834898286722
2026-08-22T03:28:45.879435,34.98,-8.168942952505278e-15,-9.134091877306444e-33,0.0,-6.328271240363392e-13,0.0,0.0,-3.164135620181696e-13,1.0,1.7364721679337033e-23,8.4704125197773e-25,0.0,0.0,0.0,-1.3425416605470107e-05
2026-08-22T03:28:45.903246,35.0,-8.168942952635382e-15,4.4320038765671805e-32,0.0,-8.859579736508749e-13,0.0,0.0,-4.4297898682543746e-13,1.0,1.772102599511353e-26,8.303345002074743e-25,0.0,0.0,0.0,-0.00015233341096377464
2026-08-22T03:28:45.929387,35.03,-8.168769322365455e-15,9.506177853661156e-27,0.0,-1.925705730876359e-06,0.0,0.0,-9.628528654380307e-07,0.9999999999995365,4.3684233320250085e-18,9.516094179909059e-25,0.0,0.0,0.0,-0.00015623361009210203
2026-08-22T03:28:45.967750,35.05,-8.168899700722596e-15,7.441225337472379e-27,0.0,-1.1482063784207241e-06,0.0,0.0,-5.741031892103305e-07,0.9999999999998352,-4.360078058333204e-18,7.446878898969501e-25,0.0,0.0,0.0,-0.00016480676234386054
2026-08-22T03:28:45.990431,35.07,-8.168899563347635e-15,7.861456501240799e-27,0.0,9.693448443925946e-08,0.0,0.0,4.8467242219629705e-08,0.9999999999999988,4.253163160301994e-21,7.868096319917558e-25,0.0,0.0,0.0,-0.00017060403513209556
2026-08-22T03:28:46.010851,35.09,-8.168899563506789e-15,7.702790174563317e-27,0.0,1.0796245062394403e-06,0.0,0.0,5.39812253119694e-07,0.9999999999998543,4.2083218284440055e-21,7.709045112762998e-25,0.0,0.0,0.0,-0.00023678397205638004
2026-08-22T03:28:46.033718,35.11,-8.168942931818207e-15,7.822418710375145e-27,0.0,-3.6499191145011878e-06,0.0,0.0,-1.8249595572495808e-06,0.9999999999983348,4.154745618194203e-21,7.82885219503872e-25,0.0,0.0,0.0,0.00036690727446228545
2026-08-22T03:28:46.055969,35.13,-8.168942932122688e-15,7.664560654247667e-27,0.0,-2.603272996726247e-06,0.0,0.0,-1.3016364983627558e-06,0.9999999999991529,4.102522481254974e-21,7.67064855667811e-25,0.0,0.0,0.0,0.00011187777870227066
2026-08-22T03:28:46.082077,35.15,-8.168769323940681e-15,9.833776625429582e-27,0.0,1.911065213189289e-06,0.0,0.0,9.55532606594499e-07,0.9999999999995435,4.368108288067616e-18,9.844015052881951e-25,0.0,0.0,0.0,-1.906481971141629e-05
2026-08-22T03:28:46.100018,35.17,-8.16885619797897e-15,1.0820616346278104e-26,0.0,-8.815915042426069e-07,0.0,0.0,-4.407957521212892e-07,0.9999999999999029,3.666151859852598e-21,1.0832524048972297e-24,0.0,0.0,0.0,7.658590638698685e-05
2026-08-22T03:28:46.120659,35.19,-8.168856198404258e-15,1.0614143691352172e-26,0.0,-1.5368608736743283e-06,0.0,0.0,-7.684304368370886e-07,0.9999999999997048,3.611451246527668e-21,1.0625576767919182e-24,0.0,0.0,0.0,-0.0004530780245488524
2026-08-22T03:28:46.141930,35.21,-8.168769326285253e-15,1.0995839334276004e-26,0.0,-2.33525078963126e-06,0.0,0.0,-1.1676253948153648e-06,0.9999999999993183,4.367622030474607e-18,1.1008158383170347e-24,0.0,0.0,0.0,0.00037223333311300053
2026-08-22T03:28:46.166968,35.22,-8.16876948026611e-15,-3.055692542279442e-32,0.0,1.155964213239713e-12,0.0,0.0,5.779821066198565e-13,1.0,8.686345180334507e-24,1.142603585754002e-24,0.0,0.0,0.0,0.00027214507637643963
2026-08-22T03:28:46.189340,35.25,-8.168769464594319e-15,1.1222677579091166e-26,0.0,-1.4654247069145754e-06,0.0,0.0,-7.327123534572222e-07,0.9999999999997315,3.13868272964649e-21,1.1234980300577587e-24,0.0,0.0,0.0,-0.00027853165260804274
2026-08-22T03:28:46.211771,35.27,-8.168725960492527e-15,1.119261995216576e-26,0.0,9.004947285617959e-07,0.0,0.0,4.5024736428088276e-07,0.9999999999998986,4.367154525005575e-18,1.1204958749463508e-24,0.0,0.0,0.0,0.000139169526013965
2026-08-22T03:28:46.233762,35.28,-8.16872611215726e-15,3.929100946304171e-32,0.0,1.9095836023552692e-12,0.0,0.0,9.547918011776346e-13,1.0,4.3368088095973766e-18,1.1327239565934525e-24,0.0,0.0,0.0,-0.0001752349054753234
2026-08-22T03:28:46.252982,35.31,-8.168682732307316e-15,1.056426600438535e-26,0.0,1.7155908649257865e-06,0.0,0.0,8.577954324627881e-07,0.9999999999996321,2.3483181764837354e-21,1.0575022905774288e-24,0.0,0.0,0.0,6.307100474470523e-05
2026-08-22T03:28:46.277007,35.33,-8.168726236862104e-15,1.0577227054266187e-26,0.0,-1.4489534780892652e-06,0.0,0.0,-7.244767390445693e-07,0.9999999999997375,-4.361745112458783e-18,1.0588077255373137e-24,0.0,0.0,0.0,-0.00012584125310626516
2026-08-22T03:28:46.324792,35.36,-8.168509271679133e-15,-3.046225611136013e-32,0.0,-1.7363888105137448e-13,0.0,0.0,-8.681944052568724e-14,1.0,8.673617605068929e-18,1.2543075325573417e-24,0.0,0.0,0.0,8.526892488609155e-05
2026-08-22T03:28:46.365459,35.39,-8.168292152748176e-15,1.2657269613868299e-26,0.0,-3.1333886396645028e-06,0.0,0.0,-1.5666943198316104e-06,0.9999999999987728,8.729325123797953e-18,1.2671258088648775e-24,0.0,0.0,0.0,-9.748120694398266e-05
2026-08-22T03:28:46.382887,35.4,-8.168292431288561e-15,9.381580987138378e-32,0.0,-3.4230396295242826e-12,0.0,0.0,-1.7115198147621413e-12,1.0,1.7349277911937355e-23,1.1089096463091986e-24,0.0,0.0,0.0,0.00012494662403150596
2026-08-22T03:28:46.403648,35.44,-8.168379167397857e-15,1.5415211459976268e-31,0.0,-2.8679281172117044e-12,0.0,0.0,-1.4339640586058522e-12,1.0,-8.673591576666074e-18,8.216242253684011e-25,0.0,0.0,0.0,-0.00018620786364885027
2026-08-22T03:28:46.445401,35.45,-8.168466175175969e-15,8.222555342168149e-27,0.0,8.291260114035026e-07,0.0,0.0,4.1456300570173945e-07,0.9999999999999141,-8.727964046003541e-18,8.2279232113843525e-25,0.0,0.0,0.0,-3.8317650304675526e-05
2026-08-22T03:28:46.469066,35.47,-8.168379163689963e-15,7.60909270259938e-27,0.0,1.1860169037980486e-06,0.0,0.0,5.930084518989895e-07,0.9999999999998241,8.065170317458171e-22,7.613637476557005e-25,0.0,0.0,0.0,1.930811529799637e-05
2026-08-22T03:28:46.490485,35.49,-8.168596276176518e-15,8.658568309636659e-27,0.0,-1.959037776000372e-06,0.0,0.0,-9.795188880000292e-07,0.9999999999995203,-8.727299009456977e-18,8.665190432374434e-25,0.0,0.0,0.0,4.5731120179372096e-05
2026-08-22T03:28:46.506938,35.51,-8.16855276892321e-15,9.509115866351749e-27,0.0,1.3771141893492713e-06,0.0,0.0,6.885570946745811e-07,0.999999999999763,-4.362583480676657e-18,9.517026299791597e-25,0.0,0.0,0.0,0.0001147934821645129
2026-08-22T03:28:46.528962,35.52,-8.168509271831465e-15,7.004358338478252e-32,0.0,2.1036505870597466e-12,0.0,0.0,1.0518252935298733e-12,1.0,-8.666190466755682e-24,8.48612079532985e-25,0.0,0.0,0.0,-0.00018508748050338086
2026-08-22T03:28:46.565079,35.55,-8.16850926280793e-15,8.317090997517773e-27,0.0,-9.0537250274636e-07,0.0,0.0,-4.526862513731645e-07,0.9999999999998975,1.7916899664213923e-21,8.322767327678325e-25,0.0,0.0,0.0,-2.727264197918897e-05
2026-08-22T03:28:46.596061,35.56,-8.168465903722882e-15,4.443622736149122e-32,0.0,-9.814371537686384e-13,0.0,0.0,-4.907185768843192e-13,1.0,7.296242529313463e-27,8.369936271598353e-25,0.0,0.0,0.0,0.00019250714793170434
2026-08-22T03:28:46.615485,35.59,-8.168292150249504e-15,6.731086292449399e-27,0.0,-2.6554858045813035e-07,0.0,0.0,-1.3277429022906478e-07,0.9999999999999912,8.729859549446759e-18,6.733483376869667e-25,0.0,0.0,0.0,-0.00013403669242171244
2026-08-22T03:28:46.649003,35.61,-8.168379162006155e-15,5.689975845915369e-27,0.0,-3.8043348471461513e-07,0.0,0.0,-1.9021674235730643e-07,0.9999999999999819,1.0565418714021864e-21,5.690543681439609e-25,0.0,0.0,0.0,0.00016691414943110138
2026-08-22T03:28:46.673204,35.63,-8.168379162375585e-15,5.559123520716979e-27,0.0,-3.7920121171985963e-06,0.0,0.0,-1.8960060585981618e-06,0.9999999999982025,1.0260238216532395e-21,5.5594991336698e-25,0.0,0.0,0.0,8.028648625503667e-05
2026-08-22T03:28:46.737979,35.65,-8.168205417748103e-15,8.328466176699629e-27,0.0,-2.4027640139756556e-06,0.0,0.0,-1.2013820069875388e-06,0.9999999999992784,8.729125074339433e-18,8.334433790548169e-25,0.0,0.0,0.0,0.0003385933104731108
2026-08-22T03:28:46.767165,35.67,-8.168249061411663e-15,8.655776831747902e-27,0.0,3.560796710821989e-07,0.0,0.0,1.7803983554109853e-07,0.9999999999999841,3.3197824568940485e-22,8.662077936277177e-25,0.0,0.0,0.0,-0.0002008103089980799
2026-08-22T03:28:46.784026,35.69,-8.1683793020851e-15,8.704608523458215e-27,0.0,1.0731683648401715e-06,0.0,0.0,5.365841824200599e-07,0.999999999999856,-4.363746085627043e-18,8.710755646211204e-25,0.0,0.0,0.0,0.00042043543423251316
2026-08-22T03:28:46.812971,35.71,-8.168422668670512e-15,7.441602437879721e-27,0.0,-1.1883396267009516e-06,0.0,0.0,-5.941698133504409e-07,0.9999999999998235,-4.363415433732094e-18,7.44550087836046e-25,0.0,0.0,0.0,8.657563509461094e-06
2026-08-22T03:28:46.840655,35.73,-8.168292290389867e-15,8.172089057566007e-27,0.0,2.7971828848727402e-06,0.0,0.0,1.398591442435914e-06,0.999999999999022,4.36503162794443e-18,8.17727634698605e-25,0.0,0.0,0.0,-6.678223658765727e-05
2026-08-22T03:28:46.864839,35.75,-8.1682489237771e-15,7.839243893344912e-27,0.0,-7.774519326098075e-07,0.0,0.0,-3.8872596630489384e-07,0.9999999999999244,4.3646934364254536e-18,7.8435519178858455e-25,0.0,0.0,0.0,0.00012345266310665408
2026-08-22T03:28:46.880197,35.77,-8.168205557446103e-15,7.98763581646311e-27,0.0,4.5075363432900426e-06,0.0,0.0,2.253768171643113e-06,0.9999999999974603,4.3643422580509585e-18,7.992368180792513e-25,0.0,0.0,0.0,6.130854885027284e-05
2026-08-22T03:28:46.901331,35.79,-8.168292431485948e-15,1.0866927812279688e-26,0.0,-8.544949352540242e-07,0.0,0.0,-4.2724746762699913e-07,0.9999999999999087,-6.115925564749178e-23,1.0877037459465413e-24,0.0,0.0,0.0,3.337515501720744e-05
2026-08-22T03:28:46.943334,35.81,-8.168422672069895e-15,1.0107328745821465e-26,0.0,1.1100747419057202e-06,0.0,0.0,5.550373709528315e-07,0.999999999999846,-4.3641256622582786e-18,1.0115880141460328e-24,0.0,0.0,0.0,5.99203523667545e-05
2026-08-22T03:28:46.966003,35.82,-8.168335799505294e-15,8.303793047389033e-32,0.0,1.4241940959891508e-12,0.0,0.0,7.120970479945754e-13,1.0,4.336791453002347e-18,8.891584035644897e-25,0.0,0.0,0.0,-4.878564048543707e-05
2026-08-22T03:28:47.017315,35.85,-8.168248927282106e-15,8.481725147392985e-27,0.0,4.5813028348717916e-07,0.0,0.0,2.290651417435876e-07,0.9999999999999738,4.363992439839792e-18,8.487182802675584e-25,0.0,0.0,0.0,5.2256800509863294e-05
2026-08-22T03:28:47.037160,35.87,-8.168292433253032e-15,8.61537444390666e-27,0.0,7.43387845059118e-07,0.0,0.0,3.7169392252955044e-07,0.9999999999999309,-4.0590092207168886e-22,8.621013350149796e-25,0.0,0.0,0.0,0.00022747349441753475
2026-08-22T03:28:47.064156,35.89,-8.168379169472897e-15,8.815510476856946e-27,0.0,4.436865310708527e-07,0.0,0.0,2.218432655354245e-07,0.9999999999999754,-4.107767208271948e-22,8.82147289453001e-25,0.0,0.0,0.0,-0.00019286397348389567
2026-08-22T03:28:47.081769,35.91,-8.168248792888775e-15,8.406529544318618e-27,0.0,1.5640046346909742e-06,0.0,0.0,7.820023173454074e-07,0.9999999999996942,8.727705654751275e-18,8.411765867683654e-25,0.0,0.0,0.0,-0.0003166564041988035
2026-08-22T03:28:47.100544,35.92,-8.168422535419716e-15,1.1536115239173312e-31,0.0,-1.3344880755994382e-12,0.0,0.0,-6.672440377997191e-13,1.0,-8.673582908159943e-18,8.99937870466772e-25,0.0,0.0,0.0,8.851266114819371e-05
2026-08-22T03:28:47.154324,35.95,-8.168639650573226e-15,8.736581692560745e-27,0.0,2.5565933743365576e-06,0.0,0.0,1.2782966871679307e-06,0.999999999999183,-8.728517596831879e-18,8.742388413390819e-25,0.0,0.0,0.0,-0.0004050226295765745
2026-08-22T03:28:47.172906,35.97,-8.168639510987238e-15,9.640068207498472e-27,0.0,-4.989162727397911e-07,0.0,0.0,-2.4945813636989296e-07,0.9999999999999689,-4.3637701926813675e-18,9.64758390334126e-25,0.0,0.0,0.0,0.00025459150095224743
2026-08-22T03:28:47.193038,35.98,-8.168639376092719e-15,1.2251478384955205e-31,0.0,1.7053025658242404e-12,0.0,0.0,8.526512829121202e-13,1.0,-8.673608921294642e-18,8.722317608797034e-25,0.0,0.0,0.0,-1.2977925589022265e-05
2026-08-22T03:28:47.215777,36.02,-8.168596007940218e-15,4.439983360418109e-32,0.0,-1.9118040484045196e-12,0.0,0.0,-9.559020242022598e-13,1.0,5.188920118822099e-27,8.342246895117494e-25,0.0,0.0,0.0,-0.00021287359251403594
2026-08-22T03:28:47.238403,36.04,-8.168596007940218e-15,4.3995112735902897e-32,0.0,1.468158927764307e-12,0.0,0.0,7.340794638821535e-13,1.0,5.1579531565497225e-27,8.166029813015788e-25,0.0,0.0,0.0,0.00040876598405757784
2026-08-22T03:28:47.279962,36.05,-8.16859600149276e-15,8.170519081019583e-27,0.0,-1.2443334145295637e-06,0.0,0.0,-6.221667072647417e-07,0.9999999999998065,1.2894863719936196e-21,8.174920462136146e-25,0.0,0.0,0.0,0.00015118980636712805
2026-08-22T03:28:47.296295,36.07,-8.168726241966714e-15,7.202877547448819e-27,0.0,5.8868177887916324e-08,0.0,0.0,2.9434088943958155e-08,0.9999999999999996,-4.362783374967486e-18,7.205406203728488e-25,0.0,0.0,0.0,0.0001368358981145448
2026-08-22T03:28:47.320398,36.09,-8.168769608612632e-15,6.692742526700883e-27,0.0,-3.5561141795703577e-06,0.0,0.0,-1.778057089784242e-06,0.9999999999984193,-4.3624648238938555e-18,6.694332718467317e-25,0.0,0.0,0.0,0.00013256249479345043
2026-08-22T03:28:47.342738,36.11,-8.16872610273771e-15,7.57279786765688e-27,0.0,9.189420779875945e-09,0.0,0.0,4.594710389937973e-09,1.0,1.9143154125312437e-21,7.575984701559049e-25,0.0,0.0,0.0,-0.0001795274760995006
2026-08-22T03:28:47.365088,36.13,-8.168682598407457e-15,7.406389326379316e-27,0.0,-3.464442874800966e-07,0.0,0.0,-1.7322214374004742e-07,0.999999999999985,4.365954166365031e-18,7.409331563739976e-25,0.0,0.0,0.0,5.6754787383912254e-05
2026-08-22T03:28:47.421178,36.15,-8.168856344786441e-15,7.03570151972228e-27,0.0,3.2001018954730402e-06,0.0,0.0,1.6000509477358372e-06,0.9999999999987199,-4.36251686639736e-18,7.037871856887078e-25,0.0,0.0,0.0,9.13117708114912e-06
2026-08-22T03:28:47.445082,36.16,-8.168856216483289e-15,4.3223933364367314e-32,0.0,2.7422508708241367e-12,0.0,0.0,1.3711254354120683e-12,1.0,-8.666198301438696e-24,6.438720508912139e-25,0.0,0.0,0.0,-0.00016606155212891765
2026-08-22T03:28:47.466593,36.19,-8.168856207309378e-15,6.292585000738028e-27,0.0,1.9462184259744224e-06,0.0,0.0,9.731092129870575e-07,0.9999999999995265,1.830438161717255e-21,6.2933187329547e-25,0.0,0.0,0.0,-0.00022529211952458287
2026-08-22T03:28:47.483963,36.21,-8.168986447817328e-15,7.389157376383674e-27,0.0,5.51796668801785e-07,0.0,0.0,2.75898334400889e-07,0.9999999999999619,-4.362249222688944e-18,7.39198187132246e-25,0.0,0.0,0.0,0.0001865816567044602
2026-08-22T03:28:47.508281,36.23,-8.168986310197765e-15,6.6764841162024e-27,0.0,-2.131752053990965e-06,0.0,0.0,-1.0658760269952808e-06,0.9999999999994319,2.1179084834204147e-21,6.677874135527446e-25,0.0,0.0,0.0,-0.00015291180888281925
2026-08-22T03:28:47.544908,36.25,-8.169073182568707e-15,5.710235216562451e-27,0.0,-2.5165579531361004e-07,0.0,0.0,-1.2582789765680468e-07,0.9999999999999921,-4.361956067212569e-18,5.709657203861176e-25,0.0,0.0,0.0,-0.00017688422010416884
2026-08-22T03:28:47.569873,36.27,-8.169029676877273e-15,6.125351420460477e-27,0.0,3.351425092112948e-06,0.0,0.0,1.6757125460556895e-06,0.999999999998596,2.4080583706839328e-21,6.125775635035504e-25,0.0,0.0,0.0,-7.409930084683746e-06
2026-08-22T03:28:47.594982,36.29,-8.168855932185138e-15,3.4221487287154904e-27,0.0,-2.228489250022392e-06,0.0,0.0,-1.1142446250109653e-06,0.9999999999993793,8.730498356222767e-18,3.417058880612986e-25,0.0,0.0,0.0,3.299278620014928e-06
2026-08-22T03:28:47.619277,36.31,-8.168943080234057e-15,1.90753179584553e-27,0.0,-2.9978978899336544e-07,0.0,0.0,-1.4989489449668214e-07,0.9999999999999888,-4.362367295559759e-18,1.8998818919242458e-25,0.0,0.0,0.0,0.00012368938668192236
2026-08-22T03:28:47.640566,36.32,-8.168812848526486e-15,5.831641202342937e-32,0.0,7.8026474170656e-13,0.0,0.0,3.9013237085328e-13,1.0,-8.6649660028675e-24,1.7917502437023992e-25,0.0,0.0,0.0,-2.7239511344813634e-05
2026-08-22T03:28:47.675888,36.36,-8.168942952722128e-15,8.747632041213294e-32,0.0,3.2449598563744075e-12,0.0,0.0,1.6224799281872038e-12,1.0,-1.733652083006299e-23,-5.574924847071318e-26,0.0,0.0,0.0,0.00013663549163943383
2026-08-22T03:28:47.697000,36.37,-8.168942939741668e-15,-5.693165390427763e-28,0.0,6.733717294871157e-07,0.0,0.0,3.366858647435514e-07,0.9999999999999433,2.613428532071525e-21,-5.8138662747987e-26,0.0,0.0,0.0,0.00027658133710888126
2026-08-22T03:28:47.715159,36.39,-8.169029675740117e-15,-2.5874479277014203e-28,0.0,-5.970719008097092e-07,0.0,0.0,-2.9853595040485014e-07,0.9999999999999555,2.596457967236995e-21,-2.700782480633323e-26,0.0,0.0,0.0,9.159730787412998e-05
2026-08-22T03:28:47.732668,36.41,-8.169159916382941e-15,-6.783445087319454e-28,0.0,-9.71292577478522e-07,0.0,0.0,-4.856462887392419e-07,0.9999999999998821,-4.361492830972253e-18,-6.903843691654016e-26,0.0,0.0,0.0,0.0002824159975278174
2026-08-22T03:28:47.754564,36.43,-8.169246787409021e-15,-1.5549264646389521e-27,0.0,2.0294514024854493e-07,0.0,0.0,1.0147257012427229e-07,0.9999999999999949,-8.725245795637448e-18,-1.5684913852085101e-25,0.0,0.0,0.0,-0.00028215870583116285
2026-08-22T03:28:47.789584,36.46,-8.16915979320025e-15,1.631540823831988e-31,0.0,9.019451852054772e-13,0.0,0.0,4.509725926027386e-13,1.0,-4.33680878303057e-18,1.5165882470137982e-26,0.0,0.0,0.0,0.00036450630386709827
2026-08-22T03:28:47.809938,36.47,-8.169203278439587e-15,1.4201141171432438e-28,0.0,-4.428640838050057e-06,0.0,0.0,-2.214320419023219e-06,0.9999999999975484,-4.3602390843387945e-18,1.3170279513433462e-26,0.0,0.0,0.0,0.00027699547912717125
2026-08-22T03:28:47.827750,36.49,-8.169073036523958e-15,3.357482309020927e-27,0.0,-1.7802150829027143e-06,0.0,0.0,-8.901075414512395e-07,0.9999999999996039,4.113436880410797e-21,3.353348826032427e-25,0.0,0.0,0.0,-2.0262106406769846e-05
2026-08-22T03:28:47.855849,36.51,-8.168899291852271e-15,4.622476583142519e-27,0.0,-3.391498193394682e-09,0.0,0.0,-1.695749096697341e-09,1.0,8.732182298448865e-18,4.62103598958672e-25,0.0,0.0,0.0,9.748700356893269e-05
2026-08-22T03:28:47.876789,36.53,-8.169159912194743e-15,5.003487481303443e-27,0.0,1.561363919933001e-06,0.0,0.0,7.806819599664212e-07,0.9999999999996952,-4.3607072375378845e-18,5.00263196601853e-25,0.0,0.0,0.0,1.5148586869168725e-05
2026-08-22T03:28:47.914833,36.55,-8.169116406971555e-15,4.241759552853147e-27,0.0,2.855219972897061e-06,0.0,0.0,1.4276099864480454e-06,0.9999999999989809,3.6239534320081954e-21,4.239394225445379e-25,0.0,0.0,0.0,-0.00019085745226370251
2026-08-22T03:28:47.939601,36.57,-8.168942662355838e-15,1.9505151920491404e-27,0.0,-1.1522024672139255e-06,0.0,0.0,-5.761012336069308e-07,0.999999999999834,8.731698967972563e-18,1.943665214742847e-25,0.0,0.0,0.0,0.0002624629501978326
2026-08-22T03:28:47.958444,36.59,-8.169203282667934e-15,1.3088168156366205e-27,0.0,-2.4726380631889805e-07,0.0,0.0,-1.2363190315944873e-07,0.9999999999999923,-4.361184492758724e-18,1.301140586945844e-25,0.0,0.0,0.0,-2.5455973064423985e-05
2026-08-22T03:28:47.978826,36.61,-8.169246649760732e-15,1.3132691841245247e-27,0.0,2.273957941056892e-06,0.0,0.0,1.136978970528201e-06,0.9999999999993536,-4.360903276503065e-18,1.305499297426186e-25,0.0,0.0,0.0,0.0001933029991766003
2026-08-22T03:28:48.001874,36.64,-8.169116425155898e-15,5.689878887715092e-33,0.0,-5.058176100192213e-13,0.0,0.0,-2.5290880500961066e-13,1.0,8.673582920228879e-18,2.523141713974601e-25,0.0,0.0,0.0,0.00011519356702408268
2026-08-22T03:28:48.041795,36.65,-8.169029396222334e-15,2.5175320146550864e-27,0.0,3.5609976336559157e-06,0.0,0.0,1.780498816827017e-06,0.9999999999984149,8.732203792659698e-18,2.5122456479814343e-25,0.0,0.0,0.0,-0.00013758634082217482
2026-08-22T03:28:48.066181,36.67,-8.16911640782329e-15,4.478063825840003e-27,0.0,-2.3698837186003634e-06,0.0,0.0,-1.1849418592999043e-06,0.999999999999298,3.388556775269275e-21,4.476384791620135e-25,0.0,0.0,0.0,-0.00018051374793398337
2026-08-22T03:28:48.091838,36.69,-8.169290153031245e-15,2.5540035087611294e-27,0.0,3.5714175350420874e-07,0.0,0.0,1.7857087675210342e-07,0.999999999999984,-8.72478322086641e-18,2.54836735431047e-25,0.0,0.0,0.0,-0.00023526988385553103
2026-08-22T03:28:48.111761,36.7,-8.16920316130883e-15,-7.590330261394908e-32,0.0,-1.6622259124687844e-12,0.0,0.0,-8.311129562343922e-13,1.0,-4.336817456032497e-18,3.453824081167254e-25,0.0,0.0,0.0,0.00030854600366868
2026-08-22T03:28:48.130793,36.73,-8.169290012317534e-15,2.8515816587588e-27,0.0,-1.8594539685778958e-08,0.0,0.0,-9.297269842889477e-09,1.0,-4.3597972638065225e-18,2.847179976931451e-25,0.0,0.0,0.0,-0.0002586281194113223
2026-08-22T03:28:48.176090,36.75,-8.169333515208367e-15,3.432490554045809e-27,0.0,1.064357740165889e-06,0.0,0.0,5.321788700829193e-07,0.9999999999998584,-8.723562242860808e-18,3.428876051809598e-25,0.0,0.0,0.0,0.00016637600184138298
2026-08-22T03:28:48.200318,36.77,-8.169159631263266e-15,1.2566744249127103e-27,0.0,1.730647552822262e-06,0.0,0.0,8.65323776411023e-07,0.9999999999996256,4.369226202361221e-18,1.248927636569294e-25,0.0,0.0,0.0,0.00027509252934083815
2026-08-22T03:28:48.218011,36.79,-8.169376881800553e-15,3.8958386406674406e-27,0.0,1.4537259396263382e-06,0.0,0.0,7.26862969813105e-07,0.9999999999997359,-8.723324015065482e-18,3.893774062843318e-25,0.0,0.0,0.0,1.7318257637360447e-05
2026-08-22T03:28:48.242820,36.81,-8.169246502559232e-15,2.213907937617749e-27,0.0,-1.4919981383698655e-07,0.0,0.0,-7.459990691849321e-08,0.9999999999999972,5.388904248029901e-21,2.20822316697e-25,0.0,0.0,0.0,-0.00010129942832701121
2026-08-22T03:28:48.267646,36.83,-8.169420247243488e-15,2.0249203255296855e-27,0.0,1.6957251132154742e-06,0.0,0.0,8.478625566076354e-07,0.9999999999996405,-8.722773541607201e-18,2.0188396764993418e-25,0.0,0.0,0.0,8.388562592081447e-05
2026-08-22T03:28:48.299879,36.85,-8.169202995539267e-15,-8.656296999430663e-28,0.0,2.4122424648886924e-06,0.0,0.0,1.2061212324440536e-06,0.9999999999992726,4.36999705098574e-18,-8.771848593439185e-26,0.0,0.0,0.0,0.0001403414801326665
2026-08-22T03:28:48.319419,36.86,-8.169333265287624e-15,-5.233153209567685e-32,0.0,3.1796787425264483e-12,0.0,0.0,1.5898393712632242e-12,1.0,-4.3367914299972585e-18,1.946551586274659e-25,0.0,0.0,0.0,8.519631338553562e-05
2026-08-22T03:28:48.343995,36.89,-8.16942010884874e-15,1.4583560247378613e-27,0.0,4.645744233755522e-09,0.0,0.0,2.322872116877761e-09,1.0,-4.358251374646157e-18,1.451547520377974e-25,0.0,0.0,0.0,-9.707024727481357e-05
2026-08-22T03:28:48.363186,36.91,-8.169289867144767e-15,1.641405294587218e-27,0.0,4.62071451323709e-06,0.0,0.0,2.3103572566164895e-06,0.9999999999973311,6.076162299900431e-21,1.6349415285667127e-25,0.0,0.0,0.0,-0.00017986541267068915
2026-08-22T03:28:48.384861,36.93,-8.169246362989349e-15,9.934237574543139e-28,0.0,-6.800822816011021e-07,0.0,0.0,-3.4004114080054447e-07,0.9999999999999422,4.370063700207162e-18,9.855671704873804e-26,0.0,0.0,0.0,0.00017336144634082224
2026-08-22T03:28:48.427046,36.95,-8.169289732981574e-15,1.0356453860687291e-27,0.0,2.5045915874599704e-06,0.0,0.0,1.2522957937296576e-06,0.9999999999992158,4.369652280155527e-18,1.0281418863133065e-25,0.0,0.0,0.0,7.153068382289435e-05
2026-08-22T03:28:48.443295,36.96,-8.16928989728692e-15,6.851978481239694e-32,0.0,2.6831870059140783e-12,0.0,0.0,1.3415935029570392e-12,1.0,4.3368088194457e-18,1.1825872237407807e-25,0.0,0.0,0.0,-5.826580082180981e-05
2026-08-22T03:28:48.468224,36.99,-8.169289873349615e-15,2.6208696244870766e-28,0.0,-1.2870857255542487e-06,0.0,0.0,-6.4354286277708e-07,0.9999999999997929,4.774486770168013e-21,2.5317172562045325e-26,0.0,0.0,0.0,-4.391195824828101e-05
2026-08-22T03:28:48.493188,37.01,-8.169289873801197e-15,2.2002963160392705e-28,0.0,-1.1249745961450233e-06,0.0,0.0,-5.624872980724819e-07,0.9999999999998418,4.705854635389081e-21,2.111558469939676e-26,0.0,0.0,0.0,0.00014622315037399292
2026-08-22T03:28:48.508369,37.03,-8.169203001750971e-15,6.099076608701573e-28,0.0,7.431107551525429e-08,0.0,0.0,3.715553775762714e-08,0.9999999999999993,4.368702677668762e-18,6.018467774289464e-26,0.0,0.0,0.0,9.130967899988896e-05
2026-08-22T03:28:48.537565,37.05,-8.16942011630626e-15,8.934470206508906e-28,0.0,8.240148510196833e-07,0.0,0.0,4.1200742550982995e-07,0.9999999999999152,-4.3598035823589616e-18,8.860253329147815e-26,0.0,0.0,0.0,0.00017711852312141997
2026-08-22T03:28:48.555236,37.07,-8.169550355680312e-15,7.009735494578725e-28,0.0,-1.9682512677476893e-06,0.0,0.0,-9.841256338736858e-07,0.9999999999995157,-8.72358707826406e-18,6.933734982049209e-26,0.0,0.0,0.0,-5.96175982972217e-05
2026-08-22T03:28:48.575009,37.09,-8.169463344166364e-15,2.4776544434768237e-27,0.0,-2.28491669229669e-06,0.0,0.0,-1.1424583461480965e-06,0.9999999999993474,5.1457059168289054e-21,2.473301508972435e-25,0.0,0.0,0.0,0.00011940889880725252
2026-08-22T03:28:48.600654,37.11,-8.169463344186736e-15,2.401742762896415e-27,0.0,2.377471388648189e-06,0.0,0.0,1.1887356943238146e-06,0.9999999999992935,5.0982644172554885e-21,2.3972528287749113e-25,0.0,0.0,0.0,0.00016809082183854077
2026-08-22T03:28:48.618874,37.13,-8.169550080601011e-15,3.544457595084091e-27,0.0,-6.060251513950732e-07,0.0,0.0,-3.0301257569753193e-07,0.999999999999954,5.032822585648533e-21,3.5421548701326623e-25,0.0,0.0,0.0,-2.6605120556974634e-06
2026-08-22T03:28:48.649262,37.15,-8.169593449050976e-15,3.297107717822039e-27,0.0,7.450870711522839e-07,0.0,0.0,3.725435355761333e-07,0.9999999999999306,4.968883170626824e-21,3.2943562684764597e-25,0.0,0.0,0.0,8.183188546065527e-05
2026-08-22T03:28:48.671997,37.17,-8.169550081359697e-15,3.0192093346673016e-27,0.0,3.1580117445528808e-06,0.0,0.0,1.5790058722757837e-06,0.9999999999987533,4.907106123562077e-21,3.0159549785358495e-25,0.0,0.0,0.0,1.2617154911782002e-05
2026-08-22T03:28:48.694622,37.19,-8.169593449671666e-15,3.743896963213491e-27,0.0,2.4413775356890715e-07,0.0,0.0,1.2206887678445326e-07,0.9999999999999926,4.8447462655956466e-21,3.742032780005686e-25,0.0,0.0,0.0,0.00035380520950511476
2026-08-22T03:28:48.717461,37.2,-8.169506737807885e-15,4.5176511727529885e-32,0.0,3.1512570330960443e-12,0.0,0.0,1.5756285165480222e-12,1.0,8.67360026977197e-18,3.46614818627672e-25,0.0,0.0,0.0,9.570631475540363e-05
2026-08-22T03:28:48.732895,37.23,-8.169593589621005e-15,4.99227637487176e-27,0.0,1.1016201293401195e-06,0.0,0.0,5.508100646700319e-07,0.9999999999998483,-4.360001348150381e-18,4.99293084976447e-25,0.0,0.0,0.0,1.413282485520258e-05
2026-08-22T03:28:48.760224,37.25,-8.169723829047413e-15,5.258710024984521e-27,0.0,-2.74133738820126e-07,0.0,0.0,-1.3706686941006254e-07,0.9999999999999906,-8.723790977542562e-18,5.259859589544991e-25,0.0,0.0,0.0,3.4964849276272815e-05
2026-08-22T03:28:48.781544,37.26,-8.16946336993782e-15,4.196643754856558e-32,0.0,6.306066779870889e-14,0.0,0.0,3.1530333899354446e-14,1.0,8.673582924078092e-18,5.519797008852135e-25,0.0,0.0,0.0,5.4522053502266464e-05
2026-08-22T03:28:48.808675,37.29,-8.169463348302714e-15,5.072814245456183e-27,0.0,-1.1672424773401247e-06,0.0,0.0,-5.836212386700292e-07,0.9999999999998297,4.231706394905262e-21,5.073399252425924e-25,0.0,0.0,0.0,0.00010368977319414112
2026-08-22T03:28:48.821360,37.31,-8.169463348871692e-15,4.956354977499279e-27,0.0,1.922151674271788e-06,0.0,0.0,9.61075837135746e-07,0.9999999999995381,4.161277937735073e-21,4.956779181872917e-25,0.0,0.0,0.0,-7.01776514700234e-05
2026-08-22T03:28:48.841426,37.33,-8.169463349133224e-15,4.84230012982949e-27,0.0,1.928355803482163e-06,0.0,0.0,9.64177901740932e-07,0.9999999999995351,4.1089724431415284e-21,4.8425062887620485e-25,0.0,0.0,0.0,9.404798803711418e-05
2026-08-22T03:28:48.899300,37.35,-8.169506853690516e-15,4.974801549758118e-27,0.0,1.6337871109328717e-06,0.0,0.0,8.16893555466345e-07,0.9999999999996664,-4.359997969716682e-18,4.975400514424664e-25,0.0,0.0,0.0,-0.00012486810645813152
2026-08-22T03:28:48.926284,37.37,-8.169637092770745e-15,5.7997369888461155e-27,0.0,-1.1662403256451626e-06,0.0,0.0,-5.831201628225482e-07,0.99999999999983,-8.72377040401255e-18,5.801863125359681e-25,0.0,0.0,0.0,2.7549526852048916e-05
2026-08-22T03:28:48.954707,37.38,-8.169636842069126e-15,5.094151513576862e-32,0.0,-7.420730696594546e-13,0.0,0.0,-3.710365348297273e-13,1.0,-1.7327355410373736e-23,5.831691464281955e-25,0.0,0.0,0.0,-6.457101674087457e-05
2026-08-22T03:28:48.978542,37.41,-8.16946307274281e-15,6.198668423541781e-27,0.0,2.6944511213322637e-06,0.0,0.0,1.3472255606657244e-06,0.9999999999990925,8.733030124194898e-18,6.201439453896046e-25,0.0,0.0,0.0,-7.73274995860028e-05
2026-08-22T03:28:49.002404,37.43,-8.169550084698726e-15,7.74623535148795e-27,0.0,1.4538809192110591e-06,0.0,0.0,7.269404596054655e-07,0.9999999999997358,4.1872639261665506e-21,7.751820692470535e-25,0.0,0.0,0.0,-0.0001985141405717527
2026-08-22T03:28:49.049566,37.45,-8.169593589563965e-15,7.770838620054442e-27,0.0,-1.7359950081896613e-06,0.0,0.0,-8.679975040947217e-07,0.9999999999996233,-4.3599379000998446e-18,7.776472101686788e-25,0.0,0.0,0.0,5.0322090649140914e-05
2026-08-22T03:28:49.077043,37.46,-8.169593473960546e-15,5.375958923678891e-32,0.0,-1.0267342531733448e-12,0.0,0.0,-5.133671265866724e-13,1.0,-8.655994958786414e-24,7.701671568447131e-25,0.0,0.0,0.0,0.0002151871097823754
2026-08-22T03:28:49.095641,37.5,-8.169506737743109e-15,2.74262543252949e-32,0.0,-8.899547765395255e-13,0.0,0.0,-4.4497738826976274e-13,1.0,4.336800142299179e-18,6.382301279329146e-25,0.0,0.0,0.0,-4.696145822458793e-05
2026-08-22T03:28:49.130111,37.51,-8.169463211965382e-15,6.385234512366919e-27,0.0,-3.8063003380273135e-06,0.0,0.0,-1.9031501690125077e-06,0.999999999998189,4.368355403135165e-18,6.388190658623859e-25,0.0,0.0,0.0,3.1501146699638245e-05
2026-08-22T03:28:49.155247,37.53,-8.169419982008505e-15,6.80381461405633e-27,0.0,8.751315778710023e-07,0.0,0.0,4.3756578893548716e-07,0.9999999999999043,3.912199801307186e-21,6.807491809273916e-25,0.0,0.0,0.0,0.00014937595567828628
2026-08-22T03:28:49.203561,37.55,-8.169506718413022e-15,7.106921026295402e-27,0.0,-2.5986875904493445e-06,0.0,0.0,-1.2993437952243065e-06,0.9999999999991559,3.8530469356313875e-21,7.111135831435895e-25,0.0,0.0,0.0,-2.8048127460925034e-05
2026-08-22T03:28:49.222485,37.57,-8.169463350694982e-15,7.620068600767679e-27,0.0,-2.599652808576991e-07,0.0,0.0,-1.2998264042884918e-07,0.9999999999999916,3.805295663978243e-21,7.625218887208136e-25,0.0,0.0,0.0,-0.0002723421061420646
2026-08-22T03:28:49.238989,37.58,-8.169550105765236e-15,4.2421302813890934e-32,0.0,-2.4860113967406505e-12,0.0,0.0,-1.2430056983703253e-12,1.0,1.4590771169055518e-26,7.323351830895867e-25,0.0,0.0,0.0,-0.00032618091786419857
2026-08-22T03:28:49.259098,37.6,-8.169506737786483e-15,-2.653220124928571e-32,0.0,-5.832667682170722e-12,0.0,0.0,-2.916333841085361e-12,1.0,4.3368001401538655e-18,8.41221774443201e-25,0.0,0.0,0.0,-0.00010375233778911778
2026-08-22T03:28:49.280945,37.63,-8.169506721017953e-15,8.843546496942899e-27,0.0,-2.576806226617379e-06,0.0,0.0,-1.288403113308333e-06,0.99999999999917,3.3277273943938812e-21,8.8509586750122e-25,0.0,0.0,0.0,-6.783668273812945e-05
2026-08-22T03:28:49.324754,37.65,-8.16963696177152e-15,7.021148401240537e-27,0.0,-2.6738438694273725e-06,0.0,0.0,-1.336921934713288e-06,0.9999999999991063,-4.3607793726335234e-18,7.024814454564117e-25,0.0,0.0,0.0,1.3705862781510602e-05
2026-08-22T03:28:49.341792,37.67,-8.169419847757562e-15,1.0255139584197236e-26,0.0,3.3576994904471755e-06,0.0,0.0,1.6788497452227987e-06,0.9999999999985907,4.367627295079351e-18,1.0265191610207832e-24,0.0,0.0,0.0,-0.00013634678698203572
2026-08-22T03:28:49.360350,37.69,-8.169506721614108e-15,1.1857475063120107e-26,0.0,-2.0572398082840944e-06,0.0,0.0,-1.028619904141866e-06,0.999999999999471,3.1998236541460215e-21,1.187029626469043e-24,0.0,0.0,0.0,3.9703851475067465e-06
2026-08-22T03:28:49.388163,37.71,-8.169419849664106e-15,1.2416114442847101e-26,0.0,2.0850073174649712e-06,0.0,0.0,1.0425036587322965e-06,0.9999999999994565,4.367206958204134e-18,1.2430037611688899e-24,0.0,0.0,0.0,0.00017546758017917982
2026-08-22T03:28:49.406969,37.73,-8.169680468424445e-15,1.556240763954184e-26,0.0,5.07212157208059e-06,0.0,0.0,2.5360607860375765e-06,0.9999999999967842,-8.725335795449676e-18,1.558244176850516e-24,0.0,0.0,0.0,-0.0002641921344613531
2026-08-22T03:28:49.445438,37.75,-8.169506584801001e-15,1.078232439823476e-26,0.0,2.1179010412097915e-07,0.0,0.0,1.0589505206048935e-07,0.9999999999999943,4.3674577054043945e-18,1.0792708732982945e-24,0.0,0.0,0.0,1.1860860930519876e-05
2026-08-22T03:28:49.468710,37.77,-8.169550090535176e-15,1.068312315649902e-26,0.0,-1.1939798962856685e-06,0.0,0.0,-5.969899481427988e-07,0.9999999999998218,3.0416643945215533e-21,1.0693330077721183e-24,0.0,0.0,0.0,-1.7289780641060315e-06
2026-08-22T03:28:49.482648,37.79,-8.169506722830922e-15,1.077789554619978e-26,0.0,-1.3657111592735305e-06,0.0,0.0,-6.828555796367122e-07,0.9999999999997669,2.995492583696278e-21,1.078820195670243e-24,0.0,0.0,0.0,-5.964448812841396e-06
2026-08-22T03:28:49.511972,37.81,-8.169637099620853e-15,9.870695573875651e-27,0.0,-1.3891687724587598e-06,0.0,0.0,-6.945843862293241e-07,0.9999999999997587,-8.725153427450825e-18,9.87905436456267e-25,0.0,0.0,0.0,-0.0002623889529466293
2026-08-22T03:28:49.529420,37.83,-8.169593456163538e-15,1.1736376350744475e-26,0.0,-1.280791157576289e-06,0.0,0.0,-6.403955787881006e-07,0.9999999999997949,3.589746526383986e-21,1.1748461187754039e-24,0.0,0.0,0.0,-5.3808278828041314e-05
2026-08-22T03:28:49.591055,37.85,-8.169593456129488e-15,1.1508227519968541e-26,0.0,-2.317358915426837e-06,0.0,0.0,-1.1586794577131593e-06,0.9999999999993288,3.561862959532631e-21,1.1519677061048024e-24,0.0,0.0,0.0,-1.94796045599846e-05
2026-08-22T03:28:49.614263,37.87,-8.169593456353343e-15,1.1283035773986811e-26,0.0,-5.260527028205786e-06,0.0,0.0,-2.63026351409986e-06,0.9999999999965409,3.517091920370053e-21,1.1293975148861132e-24,0.0,0.0,0.0,-0.0002665909648843175
2026-08-22T03:28:49.633308,37.89,-8.169506720480522e-15,1.374779615328194e-26,0.0,-7.362107279362817e-07,0.0,0.0,-3.6810536396813255e-07,0.9999999999999323,3.474242491307177e-21,1.3763298296130143e-24,0.0,0.0,0.0,0.00028244422444010416
2026-08-22T03:28:49.658852,37.91,-8.169680329051985e-15,1.2829919515962613e-26,0.0,2.591375243277128e-07,0.0,0.0,1.29568762163856e-07,0.9999999999999916,-4.360626760155043e-18,1.2843636202762598e-24,0.0,0.0,0.0,0.00030132560155861755
2026-08-22T03:28:49.676379,37.93,-8.169810431970672e-15,1.1942007581087812e-26,0.0,-2.5539423655906997e-06,0.0,0.0,-1.276971182795003e-06,0.9999999999991847,-4.360336675472191e-18,1.195394981714154e-24,0.0,0.0,0.0,6.60207692208536e-05
2026-08-22T03:28:49.715432,37.95,-8.169593181624267e-15,1.4476340893681586e-26,0.0,-3.868077119939529e-06,0.0,0.0,-1.9340385599685583e-06,0.9999999999981297,8.732127661559258e-18,1.4493142698903348e-24,0.0,0.0,0.0,-3.30348644829475e-05
2026-08-22T03:28:49.730978,37.97,-8.169897306110844e-15,7.102840036597282e-27,0.0,-3.5208496851346638e-06,0.0,0.0,-1.7604248425664226e-06,0.9999999999984505,-8.724807862923849e-18,7.104904859191707e-25,0.0,0.0,0.0,-0.00011879506845200791
2026-08-22T03:28:49.750084,37.99,-8.16998403971004e-15,7.579447441947457e-27,0.0,-2.725076546639116e-07,0.0,0.0,-1.3625382733195537e-07,0.9999999999999907,-8.72419753763145e-18,7.58244346487475e-25,0.0,0.0,0.0,-4.0733187855400355e-05
2026-08-22T03:28:49.776216,38.01,-8.16989702800621e-15,7.833746084289919e-27,0.0,1.7798015399250748e-06,0.0,0.0,8.899007699624198e-07,0.999999999999604,4.55153862739287e-21,7.837655136439141e-25,0.0,0.0,0.0,0.00012564957601674038
2026-08-22T03:28:49.793023,38.03,-8.169897027989239e-15,7.666744487098282e-27,0.0,4.4264918930281293e-07,0.0,0.0,2.2132459465140461e-07,0.9999999999999755,4.511565570365309e-21,7.670291846396251e-25,0.0,0.0,0.0,-0.0002422187826710635
2026-08-22T03:28:49.827484,38.05,-8.169940396319713e-15,7.613382827580869e-27,0.0,-8.905807544756783e-07,0.0,0.0,-4.4529037723782444e-07,0.9999999999999009,4.454177734991091e-21,7.61680313703202e-25,0.0,0.0,0.0,4.369443413534705e-05
2026-08-22T03:28:49.851235,38.07,-8.169940396643016e-15,7.448266946037375e-27,0.0,9.111925560745249e-07,0.0,0.0,4.5559627803724666e-07,0.9999999999998962,4.398190866164501e-21,7.451350659240477e-25,0.0,0.0,0.0,-0.00021993742149541357
2026-08-22T03:28:49.872504,38.09,-8.169853660825572e-15,6.819709123377324e-27,0.0,-1.325184251221856e-07,0.0,0.0,-6.625921256109274e-08,0.9999999999999978,4.344266405235203e-21,6.821585328299622e-25,0.0,0.0,0.0,-0.00010907706990295582
2026-08-22T03:28:49.894468,38.1,-8.169897050503791e-15,4.1005931337477125e-32,0.0,-1.0187406473960436e-12,0.0,0.0,-5.093703236980218e-13,1.0,1.693911368358159e-26,6.631334412048146e-25,0.0,0.0,0.0,0.00026146475325720134
2026-08-22T03:28:49.917514,38.13,-8.16989702937172e-15,6.485480375127252e-27,0.0,9.275239287731554e-07,0.0,0.0,4.6376196438656095e-07,0.9999999999998924,4.235070566527488e-21,6.486701755733512e-25,0.0,0.0,0.0,5.916987291780247e-05
2026-08-22T03:28:49.960019,38.15,-8.169897029637887e-15,6.3388326701815696e-27,0.0,-1.1947006663959312e-06,0.0,0.0,-5.973503331979301e-07,0.9999999999998216,4.181837565049302e-21,6.3397686970138e-25,0.0,0.0,0.0,-0.00020027188766221697
2026-08-22T03:28:49.976885,38.16,-8.169810314416185e-15,-1.0154459038548248e-32,0.0,-2.6645352591003757e-12,0.0,0.0,-1.3322676295501878e-12,1.0,8.67360026715366e-18,7.103532078632384e-25,0.0,0.0,0.0,-0.00019247202406787214
2026-08-22T03:28:50.001383,38.19,-8.169810297115078e-15,5.836388558807517e-27,0.0,-1.955506625961334e-06,0.0,0.0,-9.777533129805112e-07,0.999999999999522,3.4082767548191674e-21,5.836380810728687e-25,0.0,0.0,0.0,0.00038128618152637476
2026-08-22T03:28:50.018802,38.21,-8.16989703372617e-15,4.7006254412265735e-27,0.0,1.671362039878943e-06,0.0,0.0,8.356810199393742e-07,0.9999999999996508,3.3468395248512153e-21,4.698446933924545e-25,0.0,0.0,0.0,0.00011706617632782733
2026-08-22T03:28:50.038023,38.23,-8.169940402070172e-15,5.009681946542554e-27,0.0,-1.0662450278253741e-06,0.0,0.0,-5.331225139126619e-07,0.9999999999998579,3.304092151702461e-21,5.0081023536064255e-25,0.0,0.0,0.0,-0.00014695248883950942
2026-08-22T03:28:50.076416,38.25,-8.170114010761038e-15,3.932935301331005e-27,0.0,7.645145934098707e-07,0.0,0.0,3.8225729670492604e-07,0.999999999999927,-4.360794771134e-18,3.9292243019894766e-25,0.0,0.0,0.0,-0.00013799960529921294
2026-08-22T03:28:50.103870,38.27,-8.170070505229321e-15,3.8856527213682614e-27,0.0,1.2523909020956125e-08,0.0,0.0,6.261954510478063e-09,1.0,3.554757868222853e-21,3.882023978020655e-25,0.0,0.0,0.0,0.0002981473212801351
2026-08-22T03:28:50.121733,38.28,-8.170157259025738e-15,3.469020797622601e-32,0.0,2.4948931809376518e-12,0.0,0.0,1.2474465904688259e-12,1.0,-8.673600236579086e-18,3.794449832001148e-25,0.0,0.0,0.0,0.0003409763122673909
2026-08-22T03:28:50.145998,38.31,-8.169940125828614e-15,-3.1787570294190976e-27,0.0,-1.4169497144500554e-06,0.0,0.0,-7.084748572249684e-07,0.999999999999749,8.732256186931282e-18,-3.19623356982888e-25,0.0,0.0,0.0,6.846866632540351e-05
2026-08-22T03:28:50.163015,38.33,-8.170027137389498e-15,-3.9135065050386646e-27,0.0,-1.7837706165479972e-06,0.0,0.0,-8.918853082738803e-07,0.9999999999996023,3.440292247295179e-21,-3.931641752854889e-25,0.0,0.0,0.0,-0.0001667993654033181
2026-08-22T03:28:50.209022,38.35,-8.169896761263703e-15,-2.987341793719913e-27,0.0,-4.4683691680091897e-07,0.0,0.0,-2.2341845840045763e-07,0.999999999999975,8.731491079281197e-18,-3.003299183239994e-25,0.0,0.0,0.0,3.4904106879051402e-06
2026-08-22T03:28:50.227729,38.37,-8.17002714121319e-15,-3.422342467492238e-27,0.0,1.5220438975838135e-06,0.0,0.0,7.610219487918333e-07,0.9999999999997105,2.666884841569726e-21,-3.439324455032366e-25,0.0,0.0,0.0,-6.271615257045422e-05
2026-08-22T03:28:50.247078,38.39,-8.169940269381208e-15,-3.9910412061480424e-27,0.0,-6.783523418540938e-07,0.0,0.0,-3.3917617092704037e-07,0.9999999999999425,4.366672099295541e-18,-4.0090329736559257e-25,0.0,0.0,0.0,0.0001131518277894352
2026-08-22T03:28:50.271888,38.4,-8.169940418612392e-15,-4.36523094563629e-33,0.0,3.774758283725532e-13,0.0,0.0,1.887379141862766e-13,1.0,8.682593210728228e-24,-3.748714670622988e-25,0.0,0.0,0.0,0.00019919644860775103
2026-08-22T03:28:50.296995,38.43,-8.169940407571624e-15,-3.7459592081905884e-27,0.0,1.0402704071488245e-06,0.0,0.0,5.201352035743887e-07,0.9999999999998648,2.212481899230432e-21,-3.7631589687669223e-25,0.0,0.0,0.0,8.036573120126893e-06
2026-08-22T03:28:50.342650,38.45,-8.170027143804534e-15,-3.1944985088126014e-27,0.0,-1.2285338635287246e-06,0.0,0.0,-6.142669317643237e-07,0.9999999999998114,2.1833130514254576e-21,-3.2105297504969235e-25,0.0,0.0,0.0,0.0002302282443249128
2026-08-22T03:28:50.363729,38.46,-8.170027154829832e-15,4.7906880686254105e-32,0.0,8.943956686380261e-13,0.0,0.0,4.4719783431901305e-13,1.0,-4.336800116475223e-18,-3.3224914823424765e-25,0.0,0.0,0.0,-0.00015311197776005417
2026-08-22T03:28:50.394677,38.49,-8.170027142596297e-15,-2.7989970389852883e-27,0.0,-3.86912050798216e-06,0.0,0.0,-1.9345602539898734e-06,0.9999999999981287,2.4639893913322617e-21,-2.8140446279630953e-25,0.0,0.0,0.0,-0.00012792283210007486
2026-08-22T03:28:50.418481,38.51,-8.170114014945621e-15,-4.272799720316811e-27,0.0,3.0976458584852655e-06,0.0,0.0,1.5488229292420134e-06,0.9999999999988006,-4.361614336601273e-18,-4.290774309942315e-25,0.0,0.0,0.0,-0.0002954676306848793
2026-08-22T03:28:50.439537,38.53,-8.170200749668577e-15,-2.7034280822310452e-27,0.0,1.3923418507033603e-07,0.0,0.0,6.961709253516796e-08,0.9999999999999976,-4.36131115947687e-18,-2.717909112870238e-25,0.0,0.0,0.0,0.0001203214551597232
2026-08-22T03:28:50.474348,38.55,-8.17024411625551e-15,-3.0072064633764468e-27,0.0,2.2376830082215812e-06,0.0,0.0,1.1188415041105568e-06,0.9999999999993741,-4.361002494625783e-18,-3.022260711056792e-25,0.0,0.0,0.0,0.0002910079330902929
2026-08-22T03:28:50.496833,38.57,-8.170244114771544e-15,-4.322181440655501e-27,0.0,6.1031153197888e-07,0.0,0.0,3.0515576598943523e-07,0.9999999999999535,-4.360697030309643e-18,-4.339453469473796e-25,0.0,0.0,0.0,-0.0001866859862387871
2026-08-22T03:28:50.521046,38.58,-8.17024399526404e-15,-2.065721200914253e-32,0.0,-1.0467182676165976e-12,0.0,0.0,-5.233591338082988e-13,1.0,-8.658976186636388e-24,-3.873733396345808e-25,0.0,0.0,0.0,-3.3919766518386346e-06
2026-08-22T03:28:50.539841,38.6,-8.170287363263934e-15,1.9368885661638327e-32,0.0,-1.3660184094987926e-12,0.0,0.0,-6.830092047493963e-13,1.0,4.3368001393491696e-18,-3.853078475864057e-25,0.0,0.0,0.0,0.0003706463039538832
2026-08-22T03:28:50.564692,38.62,-8.170243995176764e-15,8.837987889705691e-32,0.0,6.6626704153804894e-12,0.0,0.0,3.3313352076902447e-12,1.0,8.673608936757545e-18,-3.1813914446514703e-25,0.0,0.0,0.0,0.0002998545090493348
2026-08-22T03:28:50.609425,38.65,-8.170243982418949e-15,-2.136563613071412e-28,0.0,4.3478138134211974e-06,0.0,0.0,2.1739069067088864e-06,0.9999999999976371,2.5213062831381536e-21,-2.2281175583715653e-26,0.0,0.0,0.0,-0.0002974815432653456
2026-08-22T03:28:50.626969,38.67,-8.170157246786573e-15,-2.4667248761473688e-27,0.0,-1.9947015461596602e-06,0.0,0.0,-9.97350773079665e-07,0.9999999999995026,2.473735654370019e-21,-2.480113860086553e-25,0.0,0.0,0.0,-0.00016893703834559972
2026-08-22T03:28:50.657939,38.7,-8.170200627090422e-15,2.0885128296611463e-32,0.0,9.259260025373806e-13,0.0,0.0,4.629630012686903e-13,1.0,8.681683073244037e-24,-2.281197842519063e-25,0.0,0.0,0.0,9.576921191951207e-06
2026-08-22T03:28:50.676857,38.71,-8.170200616666763e-15,-2.294189976314276e-27,0.0,-3.30970393047636e-06,0.0,0.0,-1.6548519652374246e-06,0.9999999999986308,2.076050207729327e-21,-2.3070492475228795e-25,0.0,0.0,0.0,0.0002146828317497026
2026-08-22T03:28:50.700109,38.73,-8.170287489294733e-15,-3.556659299295633e-27,0.0,-3.420503763340576e-06,0.0,0.0,-1.7102518816694546e-06,0.9999999999985375,-4.362014637333738e-18,-3.571914871905909e-25,0.0,0.0,0.0,0.00022738216364532227
2026-08-22T03:28:50.734338,38.75,-8.170070238907655e-15,-1.8362363308383308e-28,0.0,9.940672565100785e-07,0.0,0.0,4.970336282550187e-07,0.9999999999998764,8.730462171614826e-18,-1.9211484916263023e-26,0.0,0.0,0.0,-0.00029769186647166806
2026-08-22T03:28:50.760309,38.77,-8.170243986644527e-15,-4.681771756629317e-28,0.0,1.8200049645145103e-07,0.0,0.0,9.100024822572538e-08,0.9999999999999959,1.6588493607647658e-21,-4.7744784639164914e-26,0.0,0.0,0.0,-0.0002904435874064658
2026-08-22T03:28:50.777851,38.79,-8.17024398713854e-15,-4.939540453107267e-28,0.0,-1.4757937387699373e-06,0.0,0.0,-7.378968693849017e-07,0.9999999999997278,1.6207610137572862e-21,-5.030744188828655e-26,0.0,0.0,0.0,0.00014522505276173315
2026-08-22T03:28:50.800057,38.8,-8.170243995242375e-15,2.6718147928092683e-32,0.0,-1.9539925233402755e-14,0.0,0.0,-9.769962616701378e-15,1.0,6.401564536319678e-27,-5.094790143949861e-26,0.0,0.0,0.0,0.00015731836530341736
2026-08-22T03:28:50.824501,38.83,-8.170243987340983e-15,-5.422375629017563e-28,0.0,1.0809264541222774e-06,0.0,0.0,5.404632270611123e-07,0.9999999999998539,1.5802725232783041e-21,-5.513119302902449e-26,0.0,0.0,0.0,9.257395647062888e-05
2026-08-22T03:28:50.865594,38.85,-8.17028735548723e-15,-2.890065419475973e-28,0.0,-1.8867631244035008e-06,0.0,0.0,-9.433815622016105e-07,0.999999999999555,1.5597297365662298e-21,-2.975354713354329e-26,0.0,0.0,0.0,1.611832295038979e-05
2026-08-22T03:28:50.884852,38.87,-8.17028735562862e-15,-3.1626744544214195e-28,0.0,5.986013598135999e-06,0.0,0.0,2.99300679906353e-06,0.9999999999955209,1.5401248245833568e-21,-3.2478361733213406e-26,0.0,0.0,0.0,3.142686898715424e-05
2026-08-22T03:28:50.909569,38.89,-8.17050446846431e-15,5.7634098478184005e-27,0.0,-3.3940874533122667e-06,0.0,0.0,-1.6970437266553187e-06,0.99999999999856,-8.726591860526827e-18,5.767122988593099e-25,0.0,0.0,0.0,0.00014800970274530726
2026-08-22T03:28:50.926196,38.91,-8.170721305789148e-15,2.3018535346486392e-27,0.0,3.274402831099366e-06,0.0,0.0,1.6372014155489514e-06,0.9999999999986597,-8.7259439117367e-18,2.297959688319269e-25,0.0,0.0,0.0,-0.00011448185350706205
2026-08-22T03:28:50.945716,38.92,-8.170721044285537e-15,-1.5830406641828112e-31,0.0,1.7750245717707003e-12,0.0,0.0,8.875122858853501e-13,1.0,-8.673617586120475e-18,2.8018783032815923e-25,0.0,0.0,0.0,0.00016725574050479057
2026-08-22T03:28:50.974292,38.95,-8.170721027025457e-15,3.1799351663837e-27,0.0,-1.2463719074595758e-06,0.0,0.0,-6.231859537297476e-07,0.9999999999998058,3.477912293233887e-21,3.1782273207527656e-25,0.0,0.0,0.0,-3.807380248306089e-05
2026-08-22T03:28:50.997551,38.97,-8.170894771632976e-15,2.1449360866457036e-27,0.0,-3.8833191062792594e-07,0.0,0.0,-1.9416595531396175e-07,0.9999999999999811,-8.72466051294993e-18,2.140973012150202e-25,0.0,0.0,0.0,0.0002585529675754935
2026-08-22T03:28:51.017105,38.99,-8.170807760203074e-15,1.0515733801426748e-27,0.0,1.3493114825458008e-06,0.0,0.0,6.746557412728493e-07,0.9999999999997724,4.0771449997566205e-21,1.045642735225723e-25,0.0,0.0,0.0,-9.887880420922032e-05
2026-08-22T03:28:51.037019,39.01,-8.170851128203219e-15,1.3486715672386818e-27,0.0,-1.9474583670131547e-06,0.0,0.0,-9.737291835064236e-07,0.9999999999995259,4.042455384538071e-21,1.3434577367065213e-25,0.0,0.0,0.0,-0.00012670106222163077
2026-08-22T03:28:51.058686,39.03,-8.170807760453714e-15,1.7928748535306216e-27,0.0,-4.312726246347154e-06,0.0,0.0,-2.1563631231719057e-06,0.9999999999976751,3.992323167693182e-21,1.7885373517690755e-25,0.0,0.0,0.0,0.00016874069181758983
2026-08-22T03:28:51.100063,39.05,-8.170894633007242e-15,8.436670545424819e-29,0.0,1.3991923344391921e-06,0.0,0.0,6.99596167219539e-07,0.9999999999997553,-4.360113832420886e-18,7.66565736096388e-27,0.0,0.0,0.0,0.0004450038749612876
2026-08-22T03:28:51.126179,39.07,-8.1709813678245e-15,-7.360351134035968e-28,0.0,1.6466374663792747e-06,0.0,0.0,8.233187331895444e-07,0.999999999999661,-4.35982951600093e-18,-7.448971170582678e-26,0.0,0.0,0.0,-9.643382301267184e-05
2026-08-22T03:28:51.150080,39.09,-8.170764117466606e-15,-2.40019174831567e-27,0.0,-3.028537816085475e-07,0.0,0.0,-1.5142689080427316e-07,0.9999999999999886,8.732628446039504e-18,-2.412365888503492e-25,0.0,0.0,0.0,-0.0006909586399600215
2026-08-22T03:28:51.169588,39.11,-8.170807761198833e-15,-6.1003325741944706e-27,0.0,-2.712138205573922e-06,0.0,0.0,-1.3560691027865452e-06,0.9999999999990805,3.7999330102444715e-21,-6.119578576078233e-25,0.0,0.0,0.0,9.047527885430902e-05
2026-08-22T03:28:51.193016,39.13,-8.171024874436208e-15,-8.799535059580822e-27,0.0,-1.6011970034313097e-06,0.0,0.0,-8.005985017155692e-07,0.9999999999996795,-8.724377695124422e-18,-8.823666994446704e-25,0.0,0.0,0.0,0.0003512906056259097
2026-08-22T03:28:51.220633,39.15,-8.171068239712482e-15,-1.007177781213278e-26,0.0,-6.839499628874536e-07,0.0,0.0,-3.4197498144372006e-07,0.9999999999999415,-8.723754859684195e-18,-1.0097953127027036e-24,0.0,0.0,0.0,0.00011456262550905934
2026-08-22T03:28:51.236075,39.17,-8.171154972685074e-15,-1.0522675343012688e-26,0.0,-6.493060666912244e-07,0.0,0.0,-3.246530333456064e-07,0.9999999999999473,-8.72312329508029e-18,-1.0549462837824678e-24,0.0,0.0,0.0,-7.104435580036755e-05
2026-08-22T03:28:51.257403,39.19,-8.171024593001829e-15,-9.35100237199629e-27,0.0,1.4958468463888153e-07,0.0,0.0,7.47923423194407e-08,0.9999999999999972,5.61295792930176e-21,-9.375304622547852e-25,0.0,0.0,0.0,0.00020349140640756193
2026-08-22T03:28:51.277657,39.2,-8.171067988850059e-15,9.391186304838647e-33,0.0,1.8198775819655566e-12,0.0,0.0,9.099387909827783e-13,1.0,2.1984359052522158e-26,-9.165073446141814e-25,0.0,0.0,0.0,2.3364403051461945e-05
2026-08-22T03:28:51.298596,39.23,-8.171067961447866e-15,-9.067957631946321e-27,0.0,-3.545447984976135e-06,0.0,0.0,-1.7727239924871392e-06,0.9999999999984287,5.489090116648121e-21,-9.091396074425235e-25,0.0,0.0,0.0,-6.256887383897637e-05
2026-08-22T03:28:51.336268,39.25,-8.171067825540724e-15,-9.407169291731947e-27,0.0,3.3943796462487796e-06,0.0,0.0,1.697189823123575e-06,0.9999999999985598,4.369474709342784e-18,-9.430845205247972e-25,0.0,0.0,0.0,-0.00012856427515349473
2026-08-22T03:28:51.358964,39.27,-8.171111331791421e-15,-8.301362033470497e-27,0.0,-4.469985528388066e-06,0.0,0.0,-2.234992764192172e-06,0.9999999999975024,5.016078138785666e-21,-8.323029925642418e-25,0.0,0.0,0.0,0.0002477657404847338
2026-08-22T03:28:51.377270,39.29,-8.171285076950149e-15,-1.1610352890790562e-26,0.0,-5.774409608250153e-07,0.0,0.0,-2.887204804125036e-07,0.9999999999999584,-8.72316753788126e-18,-1.1638398328968173e-24,0.0,0.0,0.0,0.00033445920770500137
2026-08-22T03:28:51.402220,39.31,-8.17124143366101e-15,-1.2867327315029937e-26,0.0,7.043490337643732e-07,0.0,0.0,3.521745168821793e-07,0.9999999999999379,5.550674521054502e-21,-1.2897333588446301e-24,0.0,0.0,0.0,0.00023774704582833257
2026-08-22T03:28:51.418585,39.33,-8.17132830609618e-15,-1.2413502522027916e-26,0.0,1.4290556631380016e-06,0.0,0.0,7.145278315689399e-07,0.9999999999997448,-4.358557830662643e-18,-1.2442156216853599e-24,0.0,0.0,0.0,0.0001201122917587009
2026-08-22T03:28:51.450706,39.35,-8.171328168665251e-15,-1.2729631281496825e-26,0.0,-8.788246068647255e-07,0.0,0.0,-4.3941230343234857e-07,0.9999999999999034,5.762901125930389e-21,-1.2758817514938764e-24,0.0,0.0,0.0,0.0003250325604517597
2026-08-22T03:28:51.474702,39.37,-8.171371536966221e-15,-1.2770154317082948e-26,0.0,9.909949523212449e-07,0.0,0.0,4.954974761606021e-07,0.9999999999998772,5.698403613463075e-21,-1.2799171283182522e-24,0.0,0.0,0.0,0.00015199172651182683
2026-08-22T03:28:51.496039,39.39,-8.17137153736772e-15,-1.2584515886309223e-26,0.0,-7.743575842766859e-07,0.0,0.0,-3.8717879213833325e-07,0.9999999999999251,5.6267773818488724e-21,-1.2612965210179511e-24,0.0,0.0,0.0,-0.00015904782846993404
2026-08-22T03:28:51.524728,39.4,-8.171371565457809e-15,-3.024875490879891e-32,0.0,-1.970423824104728e-12,0.0,0.0,-9.85211912052364e-13,1.0,8.673600272421669e-18,-1.2179683407762577e-24,0.0,0.0,0.0,6.131605549347858e-05
2026-08-22T03:28:51.548463,39.43,-8.171545149645741e-15,-1.0058896771609158e-26,0.0,1.4812625854787598e-06,0.0,0.0,7.406312927393121e-07,0.9999999999997258,-4.359241553546627e-18,-1.0081987705150231e-24,0.0,0.0,0.0,1.0855459085545909e-05
2026-08-22T03:28:51.578765,39.45,-8.171501644514666e-15,-1.0513986081418921e-26,0.0,6.5575007708318375e-06,0.0,0.0,3.2787503854100437e-06,0.9999999999946249,5.0712144070358226e-21,-1.0537946608592343e-24,0.0,0.0,0.0,-4.430847407677486e-05
2026-08-22T03:28:51.597332,39.47,-8.17141490858801e-15,-1.371087611495061e-26,0.0,1.7420860807249028e-06,0.0,0.0,8.710430403623413e-07,0.9999999999996206,5.017449185593959e-21,-1.3740678555355674e-24,0.0,0.0,0.0,4.570935364919018e-05
2026-08-22T03:28:51.619517,39.49,-8.171675389602442e-15,-1.1284735904518382e-26,0.0,-1.616471512200235e-07,0.0,0.0,-8.082357561001165e-08,0.9999999999999968,-8.723158924484063e-18,-1.1309509879134252e-24,0.0,0.0,0.0,9.074306958753008e-05
2026-08-22T03:28:51.643600,39.51,-8.171631746400576e-15,-1.1501335872455605e-26,0.0,-3.1056559501863035e-07,0.0,0.0,-1.5528279750931454e-07,0.9999999999999879,5.559180098355786e-21,-1.1526604207024193e-24,0.0,0.0,0.0,-0.00012453062575625142
2026-08-22T03:28:51.662946,39.53,-8.17171861883628e-15,-1.1451149357836683e-26,0.0,7.599890810006116e-07,0.0,0.0,3.7999454050029663e-07,0.9999999999999278,-4.3585494319967365e-18,-1.147615709859233e-24,0.0,0.0,0.0,0.00015636556620762552
2026-08-22T03:28:51.723860,39.55,-8.171892226097841e-15,-1.1200198443509602e-26,0.0,3.1670881472933843e-07,0.0,0.0,1.5835440736466855e-07,0.9999999999999875,-8.722340752979426e-18,-1.1224315127727827e-24,0.0,0.0,0.0,3.5428263032730376e-05
2026-08-22T03:28:51.741745,39.56,-8.171848614566294e-15,1.3892330188759124e-32,0.0,5.591083152012288e-13,0.0,0.0,2.795541576006144e-13,1.0,-4.336817446587839e-18,-1.1314183376264e-24,0.0,0.0,0.0,8.086716647709187e-06
2026-08-22T03:28:51.764091,39.59,-8.171978821718788e-15,-1.107618413483178e-26,0.0,-5.4725588505277756e-09,0.0,0.0,-2.7362794252638878e-09,1.0,-4.3574086508738144e-18,-1.1099868941003837e-24,0.0,0.0,0.0,-2.9623959329862908e-05
2026-08-22T03:28:51.784782,39.61,-8.172022188550984e-15,-1.0834571481201868e-26,0.0,2.9646740724587058e-06,0.0,0.0,1.4823370362288101e-06,0.9999999999989013,-4.357149038829989e-18,-1.0857628672697927e-24,0.0,0.0,0.0,2.1742318686678985e-07
2026-08-22T03:28:51.806346,39.63,-8.172152427702115e-15,-9.54816403760923e-27,0.0,4.0996055381548055e-06,0.0,0.0,2.049802769075967e-06,0.9999999999978991,-8.720948663830884e-18,-9.568280406809782e-25,0.0,0.0,0.0,0.00017231482073920014
2026-08-22T03:28:51.839638,39.65,-8.172108920653037e-15,-1.2929213494826377e-26,0.0,-2.1591688916799967e-06,0.0,0.0,-1.0795844458397887e-06,0.9999999999994172,-4.3563043375009234e-18,-1.2955668952492374e-24,0.0,0.0,0.0,-3.0326601277381625e-05
2026-08-22T03:28:51.861940,39.66,-8.172065454935179e-15,-4.937310328371414e-32,0.0,-2.0521362387171393e-12,0.0,0.0,-1.0260681193585697e-12,1.0,4.3367914837091535e-18,-1.1525027194001949e-24,0.0,0.0,0.0,9.3072436955958e-05
2026-08-22T03:28:51.881362,39.69,-8.1721521529836e-15,-1.0209343265599277e-26,0.0,1.3758848047551453e-06,0.0,0.0,6.879424023775183e-07,0.9999999999997634,7.577396541153685e-21,-1.0230492861569508e-24,0.0,0.0,0.0,-0.00013273306980224355
2026-08-22T03:28:51.910833,39.71,-8.172195521744999e-15,-9.702248249817812e-27,0.0,8.308657633016026e-07,0.0,0.0,4.154328816507893e-07,0.9999999999999137,7.472854063439153e-21,-9.72231156502791e-25,0.0,0.0,0.0,0.00031350766059554927
2026-08-22T03:28:51.929398,39.72,-8.172369031348868e-15,-7.697119029433038e-33,0.0,3.304467810494316e-12,0.0,0.0,1.652233905247158e-12,1.0,-4.336800096461197e-18,-8.579392112996772e-25,0.0,0.0,0.0,2.3477928349108462e-05
2026-08-22T03:28:51.958391,39.75,-8.172412634066278e-15,-9.267723156470534e-27,0.0,-2.5059064272525693e-06,0.0,0.0,-1.2529532136259566e-06,0.9999999999992151,-8.720491200214983e-18,-9.28651416106641e-25,0.0,0.0,0.0,0.00010690921150402721
2026-08-22T03:28:51.977865,39.77,-8.172282254569872e-15,-7.102235392158027e-27,0.0,1.8916472659391557e-06,0.0,0.0,9.458236329694369e-07,0.9999999999995527,8.203348935768353e-21,-7.117015096221722e-25,0.0,0.0,0.0,0.0001182279881774792
2026-08-22T03:28:51.994685,39.79,-8.172325622785975e-15,-6.508527622505371e-27,0.0,2.984368134839599e-07,0.0,0.0,1.492184067419794e-07,0.9999999999999889,8.11679452787344e-21,-6.522032234209513e-25,0.0,0.0,0.0,8.657964147738685e-05
2026-08-22T03:28:52.018345,39.81,-8.172368991386397e-15,-6.3323042116887924e-27,0.0,2.208173301987415e-07,0.0,0.0,1.1040866509937053e-07,0.9999999999999939,8.014090741859727e-21,-6.345375486487669e-25,0.0,0.0,0.0,0.0001292856650937273
2026-08-22T03:28:52.036572,39.83,-8.172151879194539e-15,-6.4595013773197836e-27,0.0,-1.5697690525229294e-07,0.0,0.0,-7.848845262614637e-08,0.9999999999999969,8.736025983959067e-18,-6.472833398748241e-25,0.0,0.0,0.0,-2.6455580717815106e-05
2026-08-22T03:28:52.066207,39.85,-8.172412635987338e-15,-6.737827176531698e-27,0.0,1.5038917577925306e-06,0.0,0.0,7.519458788961944e-07,0.9999999999997173,-8.720966480418924e-18,-6.751513668217095e-25,0.0,0.0,0.0,0.0001853794771809968
2026-08-22T03:28:52.084839,39.87,-8.172412361186487e-15,-7.975313401806014e-27,0.0,-1.0696636731921672e-07,0.0,0.0,-5.348318365960833e-08,0.9999999999999986,7.706148439828997e-21,-7.991258913204516e-25,0.0,0.0,0.0,9.810424302998541e-05
2026-08-22T03:28:52.108329,39.89,-8.17241236145451e-15,-7.850631299873082e-27,0.0,2.5219265680220815e-06,0.0,0.0,1.2609632840107066e-06,0.999999999999205,7.626523665359298e-21,-7.866140988550521e-25,0.0,0.0,0.0,2.249217608003937e-05
2026-08-22T03:28:52.134354,39.91,-8.172672842719648e-15,-4.509749452616075e-27,0.0,-1.1585855044238258e-06,0.0,0.0,-5.792927522118805e-07,0.9999999999998322,-8.720582644492792e-18,-4.518542122888113e-25,0.0,0.0,0.0,-1.4407345207456099e-05
2026-08-22T03:28:52.147364,39.93,-8.172585967884885e-15,-3.323517826330263e-27,0.0,9.52027661149657e-08,0.0,0.0,4.760138305748283e-08,0.9999999999999989,-4.355950857897104e-18,-3.330381644100178e-25,0.0,0.0,0.0,0.00015525265433546015
2026-08-22T03:28:52.185293,39.95,-8.172455589835132e-15,-3.743073566219259e-27,0.0,2.184416906025888e-06,0.0,0.0,1.0922084530127268e-06,0.9999999999994036,4.372410995733724e-18,-3.750705677707978e-25,0.0,0.0,0.0,0.0003950871084683731
2026-08-22T03:28:52.212483,39.97,-8.172368855639214e-15,-3.2164982460979638e-27,0.0,-1.6572904253386866e-06,0.0,0.0,-8.286452126692485e-07,0.9999999999996567,4.371980728223346e-18,-3.2231707479142055e-25,0.0,0.0,0.0,-0.0001243014135732747
2026-08-22T03:28:52.229434,39.98,-8.172542503696739e-15,1.161538518400119e-31,0.0,-2.417177569213891e-12,0.0,0.0,-1.2085887846069454e-12,1.0,-8.673591547531933e-18,-5.80700659657525e-25,0.0,0.0,0.0,-0.00043260576698411876
2026-08-22T03:28:52.248654,40.01,-8.172542463825969e-15,-1.308133451355321e-27,0.0,2.421715165734639e-06,0.0,0.0,1.2108575828670238e-06,0.9999999999992669,8.047736860871957e-21,-1.3107981233149049e-25,0.0,0.0,0.0,-8.654031680820594e-06
2026-08-22T03:28:52.275597,40.03,-8.172889817160535e-15,2.7276021015905687e-27,0.0,-1.8059184414553902e-07,0.0,0.0,-9.029592207276937e-08,0.9999999999999959,-1.308420546164173e-17,2.732875107716584e-25,0.0,0.0,0.0,-0.00011976806750875523
2026-08-22T03:28:52.320314,40.05,-8.172672427931484e-15,3.88323883980056e-27,0.0,1.0658580094080605e-06,0.0,0.0,5.329290047040051e-07,0.999999999999858,4.372921989184916e-18,3.8903691736699004e-25,0.0,0.0,0.0,7.291594660320522e-05
2026-08-22T03:28:52.340883,40.07,-8.172715933857566e-15,4.4197661484852816e-27,0.0,-2.153488113609825e-06,0.0,0.0,-1.0767440568047043e-06,0.9999999999994204,8.445883402402492e-21,4.427737451386158e-25,0.0,0.0,0.0,-3.9884832850182143e-05
2026-08-22T03:28:52.362456,40.09,-8.172759302586817e-15,3.7956507000824934e-27,0.0,6.311909435563479e-06,0.0,0.0,3.1559547177765004e-06,0.99999999999502,8.33042402613955e-21,3.8023697572402677e-25,0.0,0.0,0.0,7.937130332643706e-05
2026-08-22T03:28:52.393322,40.11,-8.172759303153733e-15,3.738638303504893e-27,0.0,-2.0741931479051345e-06,0.0,0.0,-1.0370965739523813e-06,0.9999999999994622,8.225714404220679e-21,3.7451991945999795e-25,0.0,0.0,0.0,-0.00010584662010798245
2026-08-22T03:28:52.410245,40.13,-8.17293304836267e-15,2.089275258346878e-27,0.0,-1.995855657632717e-06,0.0,0.0,-9.979278288161928e-07,0.9999999999995021,-8.719989626464253e-18,2.0923640208600124e-25,0.0,0.0,0.0,-1.9220596127069632e-05
2026-08-22T03:28:52.452235,40.15,-8.17293277332019e-15,2.670222546239305e-27,0.0,2.191755336333756e-06,0.0,0.0,1.0958776681666587e-06,0.9999999999993995,8.687961539982458e-21,2.6747075329246153e-25,0.0,0.0,0.0,-0.00018786471045890285
2026-08-22T03:28:52.474457,40.17,-8.17314988638881e-15,4.861135636346182e-27,0.0,2.4496353452363455e-06,0.0,0.0,1.2248176726178663e-06,0.9999999999992499,-8.719516630814716e-18,4.869820760309371e-25,0.0,0.0,0.0,0.00028221160859513895
2026-08-22T03:28:52.494949,40.19,-8.17319311571847e-15,3.0084017232325307e-27,0.0,-3.194359496916377e-07,0.0,0.0,-1.5971797484581816e-07,0.9999999999999872,-4.354900282067293e-18,3.01353562816863e-25,0.0,0.0,0.0,-9.77003559224123e-05
2026-08-22T03:28:52.508930,40.21,-8.173149746462938e-15,3.3720755474523914e-27,0.0,3.1814115746264812e-06,0.0,0.0,1.5907057873125693e-06,0.9999999999987348,-4.354662221386489e-18,3.377703482782718e-25,0.0,0.0,0.0,0.00030927540773627223
2026-08-22T03:28:52.533862,40.22,-8.173279761260743e-15,-3.2439740205909626e-32,0.0,5.226929999935237e-12,0.0,0.0,2.6134649999676185e-12,1.0,-8.67360888599643e-18,5.348069692918271e-25,0.0,0.0,0.0,-0.0003604787049268321
2026-08-22T03:28:52.599633,40.25,-8.173366719268437e-15,7.99786642983671e-27,0.0,-1.726300216109422e-06,0.0,0.0,-8.631501080546039e-07,0.9999999999996275,-8.717936279534741e-18,8.011664918617093e-25,0.0,0.0,0.0,0.00015176994590785023
2026-08-22T03:28:52.618455,40.27,-8.173236339824456e-15,8.859599072758613e-27,0.0,8.22742999062598e-07,0.0,0.0,4.1137149953128733e-07,0.9999999999999154,1.0734774490544814e-20,8.87531769748886e-25,0.0,0.0,0.0,0.0004357591561639313
2026-08-22T03:28:52.639985,40.29,-8.173236476404846e-15,8.613187842511049e-27,0.0,-2.7113687739444003e-06,0.0,0.0,-1.355684386971785e-06,0.9999999999990811,-4.353437534085927e-18,8.62859459893129e-25,0.0,0.0,0.0,-3.728708937051123e-05
2026-08-22T03:28:52.661144,40.31,-8.173236339208986e-15,8.91749031535791e-27,0.0,3.733246943138368e-06,0.0,0.0,1.8666234715681003e-06,0.9999999999982578,1.0818837364222117e-20,8.93315839994242e-25,0.0,0.0,0.0,-0.0003288451780233128
2026-08-22T03:28:52.683011,40.33,-8.173236339780783e-15,8.771062604876068e-27,0.0,5.098564713090781e-06,0.0,0.0,2.549282356542629e-06,0.9999999999967506,1.0691468370565449e-20,8.786328063076717e-25,0.0,0.0,0.0,2.5709516484892947e-05
2026-08-22T03:28:52.714101,40.35,-8.17327970849965e-15,9.933913601396249e-27,0.0,1.1399176211845943e-06,0.0,0.0,5.699588105922662e-07,0.9999999999998376,1.055640181822029e-20,9.95125571661625e-25,0.0,0.0,0.0,6.978146712067045e-05
2026-08-22T03:28:52.732149,40.37,-8.173453453898432e-15,1.0642696082553052e-26,0.0,4.2912876363487846e-08,0.0,0.0,2.145643818174392e-08,0.9999999999999998,-8.717688234566074e-18,1.0661424653611334e-24,0.0,0.0,0.0,-0.00010145101118758925
2026-08-22T03:28:52.762752,40.39,-8.173366442906728e-15,1.0954410916867429e-26,0.0,-1.0481809900042547e-06,0.0,0.0,-5.240904950021034e-07,0.9999999999998627,1.0961784831454153e-20,1.0973446886674834e-24,0.0,0.0,0.0,0.00023064237175469873
2026-08-22T03:28:52.779735,40.41,-8.17340981133956e-15,1.0506417258639445e-26,0.0,-1.5156962462903325e-06,0.0,0.0,-7.578481231450936e-07,0.9999999999997128,1.0840558277457554e-20,1.0524421891198485e-24,0.0,0.0,0.0,3.950562500387982e-05
2026-08-22T03:28:52.797505,40.43,-8.173366307765183e-15,1.0522611080949217e-26,0.0,5.506394568755013e-06,0.0,0.0,2.753197284374028e-06,0.9999999999962099,4.3747595915634e-18,1.0540583299620693e-24,0.0,0.0,0.0,-9.28609106703441e-05
2026-08-22T03:28:52.834115,40.45,-8.173453182351588e-15,1.364347306206551e-26,0.0,-1.2108109337383157e-06,0.0,0.0,-6.054054668691208e-07,0.9999999999998167,1.0233852019728094e-20,1.3667099453901769e-24,0.0,0.0,0.0,6.858680080077889e-05
2026-08-22T03:28:52.855371,40.46,-8.173496601694416e-15,2.766940394143901e-32,0.0,-4.383160501220118e-13,0.0,0.0,-2.191580250610059e-13,1.0,4.3368001652829595e-18,1.323827846149402e-24,0.0,0.0,0.0,-0.0004332228157112175
2026-08-22T03:28:52.873083,40.49,-8.173539921529062e-15,9.939530975457671e-27,0.0,2.1104240817138024e-06,0.0,0.0,1.0552120408567051e-06,0.9999999999994432,9.633120680826254e-21,9.95582014113068e-25,0.0,0.0,0.0,0.00016227180408361945
2026-08-22T03:28:52.899811,40.5,-8.173539969802734e-15,1.3803984797962947e-31,0.0,3.1104008257898386e-12,0.0,0.0,1.5552004128949193e-12,1.0,8.673600288228506e-18,9.224704820341589e-25,0.0,0.0,0.0,-3.928713354579673e-05
2026-08-22T03:28:52.922546,40.52,-8.17353996971655e-15,1.5481451149682237e-31,0.0,-2.4571455981003965e-12,0.0,0.0,-1.2285727990501982e-12,1.0,1.7381611888451922e-23,7.451585283441911e-25,0.0,0.0,0.0,-0.00011865685708786772
2026-08-22T03:28:52.958205,40.55,-8.1734964226136e-15,7.483912827306298e-27,0.0,1.1807768229843421e-07,0.0,0.0,5.903884114921706e-08,0.9999999999999982,4.372642059967193e-18,7.495313551567992e-25,0.0,0.0,0.0,-2.9004910619992445e-05
2026-08-22T03:28:52.987699,40.57,-8.173539792767876e-15,7.339753615506221e-27,0.0,-8.731986360643873e-07,0.0,0.0,-4.365993180321798e-07,0.9999999999999047,4.372198230999199e-18,7.350770940943412e-25,0.0,0.0,0.0,-0.0002875976865614235
2026-08-22T03:28:53.005708,40.59,-8.173626803640304e-15,6.022677415106227e-27,0.0,-1.2492113752315957e-06,0.0,0.0,-6.246056876157573e-07,0.9999999999998049,-4.356358546735431e-18,6.030917404701842e-25,0.0,0.0,0.0,0.00017661615568305167
2026-08-22T03:28:53.030677,40.61,-8.173583434660936e-15,6.104395877920963e-27,0.0,-1.0265858416680373e-06,0.0,0.0,-5.132929208339961e-07,0.9999999999998682,-4.3561280134111204e-18,6.112900604551583e-25,0.0,0.0,0.0,-0.0003221756156081525
2026-08-22T03:28:53.046075,40.63,-8.173496561050613e-15,7.477968851340164e-27,0.0,1.643881071267117e-07,0.0,0.0,8.219405356335576e-08,0.9999999999999967,8.1721539265165e-21,7.489112504351338e-25,0.0,0.0,0.0,5.4186086626823684e-06
2026-08-22T03:28:53.091982,40.65,-8.173539929416268e-15,7.388870934180841e-27,0.0,-3.003239790189127e-08,0.0,0.0,-1.5016198950945636e-08,0.9999999999999999,8.077372738197599e-21,7.399692649971247e-25,0.0,0.0,0.0,-0.0005723140281869275
2026-08-22T03:28:53.110919,40.67,-8.173539929967283e-15,7.254543893480086e-27,0.0,-6.903870897190246e-07,0.0,0.0,-3.4519354485950543e-07,0.9999999999999404,7.975843895765477e-21,7.265030975304931e-25,0.0,0.0,0.0,9.506783166415074e-05
2026-08-22T03:28:53.138653,40.69,-8.173539930468549e-15,7.126309580408718e-27,0.0,-5.217934893053667e-07,0.0,0.0,-2.6089674465268035e-07,0.9999999999999659,7.875590994847271e-21,7.136476354907277e-25,0.0,0.0,0.0,-3.1122102975355996e-05
2026-08-22T03:28:53.158185,40.71,-8.173583299010445e-15,6.865720425274317e-27,0.0,-6.05199216963115e-07,0.0,0.0,-3.025996084815528e-07,0.9999999999999543,7.775918783433539e-21,6.875319659922295e-25,0.0,0.0,0.0,-0.00014504763496331975
2026-08-22T03:28:53.178239,40.73,-8.173670035636373e-15,6.432205685603088e-27,0.0,2.0783216321262903e-06,0.0,0.0,1.039160816062958e-06,0.9999999999994601,7.676820177305077e-21,6.440915783271539e-25,0.0,0.0,0.0,-0.00018304216930209547
2026-08-22T03:28:53.214398,40.75,-8.17371340425251e-15,6.847249792915293e-27,0.0,4.158919590047105e-06,0.0,0.0,2.079459795022054e-06,0.999999999997838,7.579646858509296e-21,6.856676499211482e-25,0.0,0.0,0.0,-0.00043006067507387154
2026-08-22T03:28:53.232717,40.77,-8.17366990047319e-15,6.197162033497808e-27,0.0,3.261237814022878e-06,0.0,0.0,1.630618907010716e-06,0.9999999999986705,4.371539668353178e-18,6.205210715976462e-25,0.0,0.0,0.0,-0.00031530420012734707
2026-08-22T03:28:53.255618,40.79,-8.173756911109352e-15,6.945263108748384e-27,0.0,-1.0298524610874438e-06,0.0,0.0,-5.149262305436991e-07,0.9999999999998674,-4.357000212861036e-18,6.954752858678457e-25,0.0,0.0,0.0,-0.00018012924829681985
2026-08-22T03:28:53.281345,40.81,-8.173756773884462e-15,7.41503601998291e-27,0.0,1.1547665095257287e-06,0.0,0.0,5.773832547628323e-07,0.9999999999998334,7.292321209333029e-21,7.425371153149498e-25,0.0,0.0,0.0,-0.00024159329977762082
2026-08-22T03:28:53.302695,40.82,-8.173713442215677e-15,6.665665546780193e-32,0.0,-1.0511591597150982e-12,0.0,0.0,-5.255795798575491e-13,1.0,4.336800154138083e-18,6.830769070493309e-25,0.0,0.0,0.0,-0.00034454908213948254
2026-08-22T03:28:53.346755,40.85,-8.173800416763244e-15,4.495766080754857e-27,0.0,1.2622817298080236e-06,0.0,0.0,6.311408649039698e-07,0.9999999999998008,-8.721326473700362e-18,4.50001401184176e-25,0.0,0.0,0.0,-0.00015688497517162123
2026-08-22T03:28:53.366778,40.87,-8.173756773654596e-15,4.563280976841251e-27,0.0,-1.5789046856617972e-06,0.0,0.0,-7.894523428308167e-07,0.9999999999996884,7.359978022417685e-21,4.568094130272654e-25,0.0,0.0,0.0,-0.0005195451623983654
2026-08-22T03:28:53.386770,40.88,-8.173886914433714e-15,6.860827171815238e-32,0.0,-5.643929767984446e-12,0.0,0.0,-2.821964883992223e-12,1.0,-4.3368000966532125e-18,3.0584273994736546e-25,0.0,0.0,0.0,0.00022950646524934706
2026-08-22T03:28:53.421220,40.91,-8.173756636625493e-15,4.159477543670733e-28,0.0,2.9035365951557424e-06,0.0,0.0,1.4517682975773613e-06,0.9999999999989462,4.37158299725974e-18,4.126446861268039e-26,0.0,0.0,0.0,3.1177902636356355e-05
2026-08-22T03:28:53.443614,40.93,-8.173930383119996e-15,3.44722552014476e-27,0.0,-6.532031151529338e-07,0.0,0.0,-3.266015575764611e-07,0.9999999999999467,-4.356950169013479e-18,3.450029814052231e-25,0.0,0.0,0.0,-0.00016069203704849916
2026-08-22T03:28:53.481865,40.95,-8.173756501293018e-15,4.372720926244535e-27,0.0,5.873655766208685e-07,0.0,0.0,2.9368278831043003e-07,0.9999999999999569,8.735453683677749e-18,4.377287378984668e-25,0.0,0.0,0.0,-0.0002441009119036416
2026-08-22T03:28:53.501807,40.97,-8.173800145246173e-15,3.335757738830276e-27,0.0,2.157671310953902e-06,0.0,0.0,1.0788356554767415e-06,0.999999999999418,6.589658816468862e-21,3.3380069259824835e-25,0.0,0.0,0.0,-4.7443803488005527e-05
2026-08-22T03:28:53.526099,40.99,-8.173800145919979e-15,3.267838978349706e-27,0.0,7.27530934163667e-07,0.0,0.0,3.637654670818255e-07,0.9999999999999338,6.4895916873034716e-21,3.2700492372968193e-25,0.0,0.0,0.0,4.378026917527291e-05
2026-08-22T03:28:53.551720,41.01,-8.173973891019805e-15,3.756635471008698e-27,0.0,-9.6055787679461e-07,0.0,0.0,-4.802789383972865e-07,0.9999999999998846,-8.721703926905501e-18,3.7598652125232865e-25,0.0,0.0,0.0,0.00020840851700617543
2026-08-22T03:28:53.578238,41.03,-8.174060624467686e-15,2.6179452765133687e-27,0.0,-1.4037917348552755e-06,0.0,0.0,-7.018958674275801e-07,0.9999999999997536,-8.721115379199266e-18,2.618843525284307e-25,0.0,0.0,0.0,-1.842485699511128e-06
2026-08-22T03:28:53.598953,41.04,-8.173973650823805e-15,3.394125702017873e-33,0.0,-1.184830011879967e-12,0.0,0.0,-5.924150059399835e-13,1.0,4.33678280868617e-18,3.826323712234094e-25,0.0,0.0,0.0,0.000288476591423096
2026-08-22T03:28:53.625002,41.07,-8.174016982746475e-15,4.997415900583879e-27,0.0,7.01116041668115e-07,0.0,0.0,3.505580208340503e-07,0.9999999999999386,7.180831197799524e-21,5.002767849808425e-25,0.0,0.0,0.0,-0.00022670555125699383
2026-08-22T03:28:53.654714,41.09,-8.173843238700691e-15,4.3647918964861004e-27,0.0,8.125625550192695e-07,0.0,0.0,4.0628127750962355e-07,0.9999999999999175,8.735193899826528e-18,4.369046535798111e-25,0.0,0.0,0.0,0.0002634398454768143
2026-08-22T03:28:53.672471,41.11,-8.173930250792598e-15,6.261431916309743e-27,0.0,3.752519998290182e-06,0.0,0.0,1.8762599991439903e-06,0.9999999999982399,6.3238417866931205e-21,6.269257317594521e-25,0.0,0.0,0.0,-0.0003217496001743077
2026-08-22T03:28:53.692516,41.12,-8.173886914563283e-15,1.1909396839905084e-31,0.0,4.4630965589931293e-13,0.0,0.0,2.2315482794965646e-13,1.0,4.336800150261464e-18,4.706579051923234e-25,0.0,0.0,0.0,3.0121043780088853e-05
2026-08-22T03:28:53.751956,41.15,-8.173973757707836e-15,5.3011789931269184e-27,0.0,-2.621566477234438e-06,0.0,0.0,-1.3107832386168437e-06,0.9999999999991409,-4.358241676598255e-18,5.307106248554455e-25,0.0,0.0,0.0,0.00032573439084236286
2026-08-22T03:28:53.769415,41.17,-8.173973620448291e-15,4.705131483851893e-27,0.0,1.4554054983406672e-06,0.0,0.0,7.277027491702693e-07,0.9999999999997352,6.066462348011445e-21,4.709704609734941e-25,0.0,0.0,0.0,-8.288869340875322e-05
2026-08-22T03:28:53.791944,41.19,-8.173930252674479e-15,4.241680313243933e-27,0.0,6.155673282215446e-07,0.0,0.0,3.077836641107674e-07,0.9999999999999526,5.999508077330162e-21,4.245415922559193e-25,0.0,0.0,0.0,-9.680553940191112e-05
2026-08-22T03:28:53.812542,41.2,-8.173973650672304e-15,3.636237144372752e-32,0.0,-2.935429677108914e-13,0.0,0.0,-1.467714838554457e-13,1.0,2.34768677404907e-26,4.31030334021896e-25,0.0,0.0,0.0,-0.00021278123942730914
2026-08-22T03:28:53.837574,41.23,-8.174016989517672e-15,3.6823541874746506e-27,0.0,-4.61914412941411e-07,0.0,0.0,-2.3095720647070344e-07,0.9999999999999734,5.848283199170048e-21,3.6849787537495655e-25,0.0,0.0,0.0,0.00016354046361684765
2026-08-22T03:28:53.856306,41.25,-8.174190734620557e-15,3.2537290185188586e-27,0.0,-1.9738105589972577e-06,0.0,0.0,-9.869052794984685e-07,0.9999999999995131,-8.722337174174614e-18,3.2555919199295354e-25,0.0,0.0,0.0,0.00017984995477542327
2026-08-22T03:28:53.876593,41.27,-8.174190595682654e-15,3.028935639636226e-27,0.0,5.232061064397443e-07,0.0,0.0,2.6160305321986913e-07,0.9999999999999658,-4.357684693222914e-18,3.0301739293946308e-25,0.0,0.0,0.0,8.585474600053281e-05
2026-08-22T03:28:53.904844,41.29,-8.17440757074247e-15,3.208859031150221e-27,0.0,1.8119278522021889e-06,0.0,0.0,9.059639261009705e-07,0.9999999999995897,-8.721470325301268e-18,3.210657720983014e-25,0.0,0.0,0.0,0.00018890222043680595
2026-08-22T03:28:53.920421,41.31,-8.174277055149232e-15,5.453733200667601e-28,0.0,1.179255651351241e-06,0.0,0.0,5.896278256755862e-07,0.9999999999998261,4.3712911468455236e-18,5.417832979854482e-26,0.0,0.0,0.0,0.00016683813634096428
2026-08-22T03:28:53.943031,41.33,-8.174581041953521e-15,2.9079431673440918e-27,0.0,-1.1292202382051644e-06,0.0,0.0,-5.646101191025521e-07,0.9999999999998406,-8.721286384707233e-18,2.909379347165689e-25,0.0,0.0,0.0,0.00019180331528341455
2026-08-22T03:28:53.972940,41.35,-8.174537399020852e-15,2.443144780408251e-27,0.0,-5.377666476125143e-06,0.0,0.0,-2.6888332380593313e-06,0.9999999999963851,7.399564007926119e-21,2.4433212334253416e-25,0.0,0.0,0.0,0.00022563875132246313
2026-08-22T03:28:53.991673,41.36,-8.1746675399979e-15,1.4028436981197956e-31,0.0,-2.6010305020918167e-12,0.0,0.0,-1.3005152510459084e-12,1.0,-4.336800096496859e-18,-2.4102168803843734e-25,0.0,0.0,0.0,0.000193694449383909
2026-08-22T03:28:54.019652,41.4,-8.17471090830136e-15,3.8059213319199904e-32,0.0,2.8066438062523957e-12,0.0,0.0,1.4033219031261979e-12,1.0,-8.641927212915028e-24,-4.741267957334863e-25,0.0,0.0,0.0,8.83489184914907e-05
2026-08-22T03:28:54.037104,41.41,-8.174710869279431e-15,-4.754335843613058e-27,0.0,2.477349894114411e-07,0.0,0.0,1.2386749470572024e-07,0.9999999999999923,7.813027776495586e-21,-4.767512560911523e-25,0.0,0.0,0.0,-4.6193780828568723e-05
2026-08-22T03:28:54.060014,41.43,-8.174710869575587e-15,-4.695149252749728e-27,0.0,-1.0952380047335453e-06,0.0,0.0,-5.476190023667452e-07,0.99999999999985,7.723440094241903e-21,-4.708095802618562e-25,0.0,0.0,0.0,-0.00011559825446995005
2026-08-22T03:28:54.088477,41.45,-8.174667502014062e-15,-4.358023037333975e-27,0.0,3.4582889885115264e-07,0.0,0.0,1.7291444942557545e-07,0.999999999999985,7.627039262957314e-21,-4.370237124389082e-25,0.0,0.0,0.0,-5.080627544421777e-05
2026-08-22T03:28:54.114722,41.48,-8.174624172062517e-15,1.781596757881943e-32,0.0,2.5797142200190137e-12,0.0,0.0,1.2898571100095069e-12,1.0,2.9965627391469064e-26,-4.948627376936542e-25,0.0,0.0,0.0,3.06332697026523e-05
2026-08-22T03:28:54.134180,41.49,-8.174624134876436e-15,-4.96176152458765e-27,0.0,2.5238803447180663e-07,0.0,0.0,1.2619401723590294e-07,0.999999999999992,7.437186367618874e-21,-4.974931488899212e-25,0.0,0.0,0.0,0.00040869773561516456
2026-08-22T03:28:54.155852,41.51,-8.174797879992446e-15,-4.7022642235788974e-27,0.0,-1.1495562590724263e-07,0.0,0.0,-5.747781295362128e-08,0.9999999999999983,-8.720768243259923e-18,-4.714520570833374e-25,0.0,0.0,0.0,0.000308061895181347
2026-08-22T03:28:54.175784,41.53,-8.17479760490103e-15,-6.191618108379568e-27,0.0,-2.5860459889059943e-06,0.0,0.0,-1.2930229944526368e-06,0.999999999999164,7.919131619901827e-21,-6.207042200875389e-25,0.0,0.0,0.0,0.00010225093413766443
2026-08-22T03:28:54.201472,41.55,-8.175014717921332e-15,-8.745975844407257e-27,0.0,-1.844751678969914e-06,0.0,0.0,-9.223758394848261e-07,0.9999999999995746,-8.720275796875858e-18,-8.766185807501847e-25,0.0,0.0,0.0,-0.00028494597477612786
2026-08-22T03:28:54.221009,41.57,-8.175188187596192e-15,-8.089558196325787e-27,0.0,-7.245037640934981e-07,0.0,0.0,-3.6225188204674113e-07,0.9999999999999344,-8.719706558787869e-18,-8.108452382393288e-25,0.0,0.0,0.0,0.00016221780694965186
2026-08-22T03:28:54.238018,41.59,-8.175101176261345e-15,-8.247334877785914e-27,0.0,-1.60706496110663e-06,0.0,0.0,-8.035324805532286e-07,0.9999999999996771,8.986068276243847e-21,-8.2661586480304795e-25,0.0,0.0,0.0,1.9464698764111313e-05
2026-08-22T03:28:54.265544,41.61,-8.175231416915986e-15,-9.154345384743012e-27,0.0,2.002766614772611e-06,0.0,0.0,1.0013833073861381e-06,0.9999999999994986,-4.355166297944231e-18,-9.174751796448624e-25,0.0,0.0,0.0,-8.704890367909938e-06
2026-08-22T03:28:54.285654,41.63,-8.175274647788504e-15,-8.745439421396456e-27,0.0,1.5021402393067267e-06,0.0,0.0,7.510701196532925e-07,0.9999999999997179,9.111124516697327e-21,-8.764835007091352e-25,0.0,0.0,0.0,0.00017031570451507463
2026-08-22T03:28:54.324794,41.66,-8.175534901887926e-15,7.464495218356605e-33,0.0,4.268141395868952e-12,0.0,0.0,2.134070697934476e-12,1.0,-8.673617559371953e-18,-7.582615985162632e-25,0.0,0.0,0.0,0.0002487912968022999
2026-08-22T03:28:54.346086,41.67,-8.175621862736594e-15,-7.599737420996913e-27,0.0,5.005929941681587e-07,0.0,0.0,2.502964970840767e-07,0.9999999999999687,-8.718552174355222e-18,-7.616334898721985e-25,0.0,0.0,0.0,0.00030070585621321455
2026-08-22T03:28:54.370020,41.69,-8.175708459870774e-15,-8.9690824151626e-27,0.0,1.1554152568038488e-07,0.0,0.0,5.7770762840192414e-08,0.9999999999999983,-4.35393139011166e-18,-8.98849861985012e-25,0.0,0.0,0.0,3.75047895003609e-05
2026-08-22T03:28:54.396376,41.71,-8.175751826813364e-15,-8.932102211555607e-27,0.0,1.2395982125212868e-06,0.0,0.0,6.197991062606037e-07,0.9999999999998079,-4.353706866625553e-18,-8.95129698426742e-25,0.0,0.0,0.0,-8.43067823519144e-05
2026-08-22T03:28:54.412958,41.72,-8.175751742322139e-15,-3.4537667385123473e-32,0.0,3.304023721284466e-13,0.0,0.0,1.652011860642233e-13,1.0,-4.336808756465659e-18,-8.567702322191997e-25,0.0,0.0,0.0,-4.3693542197949193e-05
2026-08-22T03:28:54.437911,41.75,-8.175708184224685e-15,-7.283920295548358e-27,0.0,-2.4844679042956845e-06,0.0,0.0,-1.2422339521475225e-06,0.9999999999992284,4.374827886777111e-18,-7.299502973604213e-25,0.0,0.0,0.0,1.5343740839509604e-05
2026-08-22T03:28:54.456434,41.76,-8.175795110278937e-15,6.118871291758413e-32,0.0,-1.942446203884174e-12,0.0,0.0,-9.71223101942087e-13,1.0,-4.3367914107143456e-18,-9.027429200790793e-25,0.0,0.0,0.0,-5.99766290529119e-05
2026-08-22T03:28:54.475877,41.79,-8.17579492168691e-15,-8.91217445913447e-27,0.0,4.335853536208134e-06,0.0,0.0,2.1679267681023687e-06,0.9999999999976501,4.374561530242828e-18,-8.930804085801728e-25,0.0,0.0,0.0,3.448936806824251e-05
2026-08-22T03:28:54.499309,41.81,-8.175795060058861e-15,-8.119754829606454e-27,0.0,6.747219916114489e-07,0.0,0.0,3.37360995805718e-07,0.999999999999943,1.0048258221880694e-20,-8.136742930214688e-25,0.0,0.0,0.0,-0.00017725410180874888
2026-08-22T03:28:54.516266,41.82,-8.175881846496383e-15,-1.6464070180949677e-32,0.0,-9.14379683081279e-13,0.0,0.0,-4.571898415406395e-13,1.0,-8.673600210965787e-18,-7.46631346862243e-25,0.0,0.0,0.0,4.3447483293110534e-05
2026-08-22T03:28:54.552493,41.85,-8.175881794466707e-15,-8.469622132050279e-27,0.0,7.695796733209193e-07,0.0,0.0,3.8478983666045015e-07,0.999999999999926,1.0457824264120853e-20,-8.487097116850448e-25,0.0,0.0,0.0,-0.000255085349119669
2026-08-22T03:28:54.579642,41.86,-8.175925214604688e-15,-4.87334016320058e-33,0.0,-1.4845902285287593e-12,0.0,0.0,-7.422951142643797e-13,1.0,-4.336800083978453e-18,-8.031136400841749e-25,0.0,0.0,0.0,-0.00013698337768640757
2026-08-22T03:28:54.595244,41.89,-8.176185779031533e-15,-9.222448853130526e-27,0.0,-2.50583839900287e-07,0.0,0.0,-1.2529191995014312e-07,0.9999999999999921,-1.3081619776892967e-17,-9.241170792631868e-25,0.0,0.0,0.0,-0.00027455226095358514
2026-08-22T03:28:54.619591,41.91,-8.175968389726745e-15,-6.581454718179576e-27,0.0,-4.956575705428179e-07,0.0,0.0,-2.478287852714064e-07,0.9999999999999692,4.375483791421003e-18,-6.594621246027443e-25,0.0,0.0,0.0,-1.8417972952493823e-05
2026-08-22T03:28:54.636641,41.93,-8.17592502346785e-15,-6.52998666586311e-27,0.0,-2.2773647541107778e-06,0.0,0.0,-1.1386823770551428e-06,0.9999999999993517,4.375031458513728e-18,-6.543219123331551e-25,0.0,0.0,0.0,0.00013105016259582782
2026-08-22T03:28:54.668967,41.95,-8.176098770525471e-15,-8.42446199814428e-27,0.0,1.3935437861434254e-06,0.0,0.0,6.967718930716563e-07,0.9999999999997573,-4.353562290932654e-18,-8.441252188629082e-25,0.0,0.0,0.0,5.194562367502828e-05
2026-08-22T03:28:54.693514,41.97,-8.175881520864485e-15,-1.0027511994396058e-26,0.0,1.759801540490713e-06,0.0,0.0,8.79900770245243e-07,0.9999999999996129,8.738799657010959e-18,-1.0047349579777741e-24,0.0,0.0,0.0,0.0002647864805480323
2026-08-22T03:28:54.709844,41.99,-8.175968533031494e-15,-7.148823574407924e-27,0.0,-3.283825078526093e-07,0.0,0.0,-1.6419125392630388e-07,0.9999999999999866,9.892895054292716e-21,-7.162765598032991e-25,0.0,0.0,0.0,0.0002316010105487225
2026-08-22T03:28:54.731513,42.01,-8.176142142396111e-15,-7.328480983619368e-27,0.0,2.8612843805397867e-06,0.0,0.0,1.4306421902694048e-06,0.9999999999989766,-4.3543060246016744e-18,-7.342707733979346e-25,0.0,0.0,0.0,5.9644348715144055e-05
2026-08-22T03:28:54.756598,42.03,-8.176098637272203e-15,-8.466678819349728e-27,0.0,-3.767558883982503e-06,0.0,0.0,-1.8837794419901372e-06,0.9999999999982256,9.961943634053868e-21,-8.483021528697855e-25,0.0,0.0,0.0,0.0003136934272156743
2026-08-22T03:28:54.798360,42.05,-8.17618551009276e-15,-9.773511592479144e-27,0.0,2.6182136814156825e-07,0.0,0.0,1.3091068407078373e-07,0.9999999999999915,-4.354210628393341e-18,-9.792282579015389e-25,0.0,0.0,0.0,-3.269688267042761e-05
2026-08-22T03:28:54.819145,42.07,-8.176228740981976e-15,-9.501728560662306e-27,0.0,2.2710909557410734e-06,0.0,0.0,1.1355454778702926e-06,0.9999999999993553,1.0054781483497623e-20,-9.519735489913814e-25,0.0,0.0,0.0,0.00031556422437806794
2026-08-22T03:28:54.838598,42.08,-8.176272159277929e-15,1.0007919501686701e-32,0.0,4.5208281562736374e-12,0.0,0.0,2.2604140781368187e-12,1.0,3.951122341580461e-26,-8.748693102001545e-25,0.0,0.0,0.0,-0.0004587895365202936
2026-08-22T03:28:54.860824,42.11,-8.176315478310822e-15,-9.800028178507592e-27,0.0,1.3740608544310364e-06,0.0,0.0,6.870304272154641e-07,0.999999999999764,9.810762445009918e-21,-9.818345553090168e-25,0.0,0.0,0.0,-0.00014199856543199753
2026-08-22T03:28:54.879809,42.13,-8.176315478970777e-15,-9.642834314872095e-27,0.0,-2.376623115640797e-06,0.0,0.0,-1.1883115578201187e-06,0.999999999999294,9.687445628004609e-21,-9.660718294819285e-25,0.0,0.0,0.0,-0.00027325611090085126
2026-08-22T03:28:54.922889,42.15,-8.176402215673475e-15,-1.0706489595057903e-26,0.0,4.3840862273825115e-07,0.0,0.0,2.192043113691238e-07,0.999999999999976,9.564319743129597e-21,-1.0726243897983809e-24,0.0,0.0,0.0,-4.335673528021781e-05
2026-08-22T03:28:54.945653,42.16,-8.176358895516514e-15,1.6042235436791244e-32,0.0,4.440892098500626e-15,0.0,0.0,2.220446049250313e-15,1.0,4.3368001630947295e-18,-1.0681677798491756e-24,0.0,0.0,0.0,0.0002651310909531929
2026-08-22T03:28:54.969484,42.19,-8.176402218479208e-15,-9.463406149252505e-27,0.0,-1.220508547561394e-07,0.0,0.0,-6.102542737806967e-08,0.9999999999999981,8.990166246762168e-21,-9.4805739360194e-25,0.0,0.0,0.0,6.556686395289467e-05
2026-08-22T03:28:54.987028,42.21,-8.176445587286032e-15,-9.340107358543821e-27,0.0,-1.4151307161647255e-06,0.0,0.0,-7.075653580823036e-07,0.9999999999997496,8.867865634129946e-21,-9.356860727844727e-25,0.0,0.0,0.0,2.4010056361413348e-05
2026-08-22T03:28:55.008114,42.23,-8.176619196326569e-15,-1.0452457932827427e-26,0.0,5.850593831624451e-08,0.0,0.0,2.9252969158122252e-08,0.9999999999999996,-4.3553009318896244e-18,-1.047125424589877e-24,0.0,0.0,0.0,-0.00044122048750641396
2026-08-22T03:28:55.037875,42.25,-8.1765323230932e-15,-9.189357008953058e-27,0.0,1.183480692112937e-06,0.0,0.0,5.91740346056434e-07,0.9999999999998249,8.980221379987583e-21,-9.205466555213296e-25,0.0,0.0,0.0,-0.00017729488190120195
2026-08-22T03:28:55.057271,42.27,-8.176488819163663e-15,-9.188382187273708e-27,0.0,-1.8636189569321004e-06,0.0,0.0,-9.318094784659153e-07,0.9999999999995659,4.3729312567185155e-18,-9.204468498836411e-25,0.0,0.0,0.0,0.0004245052299858826
2026-08-22T03:28:55.077749,42.29,-8.176445589494369e-15,-7.710882657998778e-27,0.0,1.1656555289896173e-06,0.0,0.0,5.828277644947757e-07,0.9999999999998301,8.43053690670034e-21,-7.723970680602547e-25,0.0,0.0,0.0,1.2367311093431288e-05
2026-08-22T03:28:55.100416,42.31,-8.176575830481908e-15,-6.837864727173264e-27,0.0,-1.3581372368953737e-06,0.0,0.0,-6.790686184476346e-07,0.9999999999997694,-4.355740703653807e-18,-6.849230506615082e-25,0.0,0.0,0.0,-0.000224756329921334
2026-08-22T03:28:55.122160,42.33,-8.1766627018695e-15,-6.315316509784908e-27,0.0,5.127938549343014e-07,0.0,0.0,2.563969274671479e-07,0.9999999999999671,-8.719565970079243e-18,-6.325955552428444e-25,0.0,0.0,0.0,0.00043036750570622166
2026-08-22T03:28:55.159268,42.35,-8.176706067209939e-15,-8.550117409752132e-27,0.0,-2.3609572497029774e-06,0.0,0.0,-1.1804786248512145e-06,0.9999999999993032,-8.718994997444307e-18,-8.564428169910404e-25,0.0,0.0,0.0,-0.0004275728413607274
2026-08-22T03:28:55.177450,42.36,-8.176619104146598e-15,-1.6872211396036279e-31,0.0,-5.5289106626332796e-12,0.0,0.0,-2.7644553313166398e-12,1.0,-1.730803761504485e-23,-4.388847164307554e-25,0.0,0.0,0.0,0.0007685157305363671
2026-08-22T03:28:55.196077,42.39,-8.176532183749624e-15,-7.249322788896887e-27,0.0,3.1999660965453813e-06,0.0,0.0,1.599983048272008e-06,0.99999999999872,4.373640113816602e-18,-7.2616092659330045e-25,0.0,0.0,0.0,0.0003970337841149049
2026-08-22T03:28:55.230433,42.41,-8.176575690175376e-15,-4.866769429643514e-27,0.0,2.9610067704410885e-06,0.0,0.0,1.4805033852200032e-06,0.9999999999989041,9.129124888719807e-21,-4.87399263541181e-25,0.0,0.0,0.0,7.899378663881756e-05
2026-08-22T03:28:55.251064,42.43,-8.17657569090064e-15,-4.778422759467258e-27,0.0,-2.261805238656933e-06,0.0,0.0,-1.1309026193282256e-06,0.9999999999993605,9.005756857398474e-21,-4.785512704861164e-25,0.0,0.0,0.0,1.2898274612220805e-05
2026-08-22T03:28:55.308613,42.45,-8.176575691466635e-15,-4.696075149897228e-27,0.0,-3.262491731437223e-06,0.0,0.0,-1.631245865717888e-06,0.9999999999986695,8.892558379694675e-21,-4.702956899455457e-25,0.0,0.0,0.0,-0.0002071010762845559
2026-08-22T03:28:55.332928,42.47,-8.17674943671748e-15,-7.111103820613957e-27,0.0,-3.9406559571020233e-07,0.0,0.0,-1.9703279785509992e-07,0.9999999999999806,-8.719331164428455e-18,-7.123009397127786e-25,0.0,0.0,0.0,-5.04894769142534e-05
2026-08-22T03:28:55.353909,42.49,-8.176922906408345e-15,-6.92978522824156e-27,0.0,-6.186859899948161e-07,0.0,0.0,-3.093429949974031e-07,0.9999999999999521,-8.71877380021018e-18,-6.940794357159702e-25,0.0,0.0,0.0,0.00019734851285777613
2026-08-22T03:28:55.375679,42.5,-8.176835944625008e-15,1.257789565084837e-31,0.0,1.127986593019159e-12,0.0,0.0,5.639932965095795e-13,1.0,-8.673617557361378e-18,-7.49064247826414e-25,0.0,0.0,0.0,-0.00031512141009255146
2026-08-22T03:28:55.395511,42.53,-8.176662283876534e-15,-2.5263895591141746e-27,0.0,5.65706715249803e-07,0.0,0.0,2.8285335762489773e-07,0.99999999999996,4.3745275799289136e-18,-2.5287427673027323e-25,0.0,0.0,0.0,0.00018304323265426204
2026-08-22T03:28:55.426828,42.55,-8.176662421921379e-15,-1.9308048370749415e-27,0.0,8.025361264429876e-09,0.0,0.0,4.012680632214938e-09,1.0,1.0023352729397653e-20,-1.9321018668249638e-25,0.0,0.0,0.0,-0.00012588025431367828
2026-08-22T03:28:55.452918,42.58,-8.17657573601579e-15,7.605007460384579e-32,0.0,1.021405182655144e-14,0.0,0.0,5.10702591327572e-15,1.0,8.67360028991126e-18,-3.1197692264519542e-25,0.0,0.0,0.0,-0.00012358750300266684
2026-08-22T03:28:55.466407,42.59,-8.176488678632324e-15,-3.123234033921354e-27,0.0,-4.6965637290341533e-07,0.0,0.0,-2.348281864517055e-07,0.9999999999999725,8.737876403170803e-18,-3.1268528529880897e-25,0.0,0.0,0.0,7.726231344834986e-07
2026-08-22T03:28:55.491983,42.61,-8.176662426943313e-15,-3.662894805244067e-27,0.0,-5.926501449593503e-07,0.0,0.0,-2.9632507247967076e-07,0.9999999999999561,8.971268137013948e-21,-3.667448475194531e-25,0.0,0.0,0.0,0.00030842095506215654
2026-08-22T03:28:55.510106,42.63,-8.176619059849969e-15,-3.4415415555408935e-27,0.0,2.1574018909120696e-06,0.0,0.0,1.0787009454558256e-06,0.9999999999994182,8.841945284071692e-21,-3.445644240926548e-25,0.0,0.0,0.0,0.00021635928142389271
2026-08-22T03:28:55.558027,42.65,-8.176662428409235e-15,-2.822357768297107e-27,0.0,2.568600697028245e-06,0.0,0.0,1.2843003485137694e-06,0.9999999999991753,8.730126168806563e-21,-2.8252631881211303e-25,0.0,0.0,0.0,4.927566476128377e-06
2026-08-22T03:28:55.579313,42.67,-8.176662429001272e-15,-2.76555570487318e-27,0.0,9.61706489999159e-07,0.0,0.0,4.80853244999561e-07,0.9999999999998844,8.620392481427749e-21,-2.768332638024392e-25,0.0,0.0,0.0,0.00014633544883113506
2026-08-22T03:28:55.601420,42.69,-8.176836037982892e-15,-1.8508172340400365e-27,0.0,-5.291889784153625e-07,0.0,0.0,-2.645944892076782e-07,0.999999999999965,-4.355545294609613e-18,-1.8517415737839784e-25,0.0,0.0,0.0,0.0002827780133667448
2026-08-22T03:28:55.624814,42.71,-8.176792532781096e-15,-2.3317151381294092e-27,0.0,1.4038505424807115e-06,0.0,0.0,7.01925271240298e-07,0.9999999999997536,8.738250747468827e-21,-2.333706578917873e-25,0.0,0.0,0.0,6.020999747423249e-05
2026-08-22T03:28:55.648402,42.73,-8.176749028879713e-15,-2.4608361402556305e-27,0.0,-2.2259021261739065e-06,0.0,0.0,-1.1129510630867235e-06,0.9999999999993807,4.372692327766767e-18,-2.463097124187954e-25,0.0,0.0,0.0,1.668011618704464e-05
2026-08-22T03:28:55.689354,42.75,-8.176792399037144e-15,-3.5156632465845596e-27,0.0,5.167518035698039e-07,0.0,0.0,2.58375901784899e-07,0.9999999999999666,4.372247867006032e-18,-3.5196680721298183e-25,0.0,0.0,0.0,0.0003932292475427533
2026-08-22T03:28:55.708959,42.77,-8.176575424827817e-15,-2.8958495971965162e-27,0.0,-2.8010318295912384e-06,0.0,0.0,-1.4005159147951614e-06,0.9999999999990192,8.735859065619584e-18,-2.8990442903353314e-25,0.0,0.0,0.0,-9.48238240357124e-05
2026-08-22T03:28:55.731749,42.79,-8.17657570093245e-15,-4.058734586846824e-27,0.0,-1.5186841002545748e-06,0.0,0.0,-7.593420501272144e-07,0.9999999999997117,6.973386308301759e-21,-4.0638806744139776e-25,0.0,0.0,0.0,0.0002699567238777489
2026-08-22T03:28:55.750951,42.81,-8.17648882924103e-15,-3.4024491504588885e-27,0.0,-7.668158024110029e-07,0.0,0.0,-3.83407901205492e-07,0.9999999999999265,4.370924469243347e-18,-3.4062887030536356e-25,0.0,0.0,0.0,0.0003065762149338917
2026-08-22T03:28:55.780025,42.83,-8.17644546315013e-15,-2.551563265195922e-27,0.0,-3.9602944923444745e-08,0.0,0.0,-1.980147246172237e-08,0.9999999999999998,4.370503588323542e-18,-2.5537644015864032e-25,0.0,0.0,0.0,-0.00012540229531487817
2026-08-22T03:28:55.803009,42.85,-8.17648896953027e-15,-2.8384032037959472e-27,0.0,1.273263703360783e-07,0.0,0.0,6.366318516803911e-08,0.999999999999998,6.023405239047235e-21,-2.841155440580282e-25,0.0,0.0,0.0,9.292643788637843e-05
2026-08-22T03:28:55.824977,42.87,-8.176402097714364e-15,-2.830612270048978e-27,0.0,3.3904280871688286e-06,0.0,0.0,1.6952140435836024e-06,0.9999999999985631,4.369995048342161e-18,-2.8333432021950644e-25,0.0,0.0,0.0,0.00021406608522849503
2026-08-22T03:28:55.843946,42.89,-8.176575844303942e-15,1.2475097960744213e-27,0.0,1.478998363779738e-07,0.0,0.0,7.394991818898682e-08,0.9999999999999972,-4.358526776791993e-18,1.2528425631207197e-25,0.0,0.0,0.0,-0.0003104604272268002
2026-08-22T03:28:55.865840,42.91,-8.176575707069843e-15,2.015378796340654e-27,0.0,-2.330579504494779e-06,0.0,0.0,-1.1652897522471256e-06,0.9999999999993211,5.784945954926892e-21,2.0218631384298165e-25,0.0,0.0,0.0,4.657743139702472e-05
2026-08-22T03:28:55.887496,42.93,-8.176662579671253e-15,1.1020541514110598e-27,0.0,-5.464741859029232e-08,0.0,0.0,-2.7323709295146156e-08,0.9999999999999997,-4.358335122824455e-18,1.106584363617922e-25,0.0,0.0,0.0,0.0002528679785248218
2026-08-22T03:28:55.933280,42.95,-8.176619074207387e-15,4.676062416601009e-28,0.0,-2.8599231960413363e-07,0.0,0.0,-1.4299615980206634e-07,0.9999999999999898,5.983489051779459e-21,4.7097122739343834e-26,0.0,0.0,0.0,-1.5474932240741465e-05
2026-08-22T03:28:55.950283,42.97,-8.176662442478854e-15,3.9698131582104306e-28,0.0,-2.794149858598161e-06,0.0,0.0,-1.3970749292986258e-06,0.9999999999990241,5.916218629895536e-21,4.0024261012674133e-26,0.0,0.0,0.0,1.4491763800219735e-05
2026-08-22T03:28:55.979178,42.99,-8.176662442894044e-15,3.9936138768583816e-28,0.0,2.5527287217386174e-07,0.0,0.0,1.2763643608693053e-07,0.9999999999999919,5.841854557928681e-21,4.0260240741101604e-26,0.0,0.0,0.0,-4.371918018631602e-05
2026-08-22T03:28:56.002495,43.01,-8.176575707167334e-15,2.7244289560096796e-28,0.0,9.510197367390561e-07,0.0,0.0,4.7550986836951013e-07,0.999999999999887,5.769783870100567e-21,2.754200661392777e-26,0.0,0.0,0.0,-0.00012122379533210378
2026-08-22T03:28:56.022510,43.03,-8.176662579789205e-15,6.413895426235339e-28,0.0,-4.1477294887570803e-07,0.0,0.0,-2.0738647443785248e-07,0.9999999999999785,-4.358358713843768e-18,6.450497600749605e-26,0.0,0.0,0.0,0.00010106224604235923
2026-08-22T03:28:56.054443,43.05,-8.176836187062753e-15,1.186582122341705e-28,0.0,-1.3860935594856016e-06,0.0,0.0,-6.930467797427453e-07,0.9999999999997599,-8.722152432105374e-18,1.2129914639894245e-26,0.0,0.0,0.0,-0.00020135893337919366
2026-08-22T03:28:56.073061,43.07,-8.176705807635402e-15,2.582068863102004e-27,0.0,2.3835018945206347e-06,0.0,0.0,1.191750947260035e-06,0.9999999999992899,6.562998869290699e-21,2.5894139169515993e-25,0.0,0.0,0.0,0.0002346115976170186
2026-08-22T03:28:56.095157,43.08,-8.176749208233858e-15,3.38590986220441e-32,0.0,3.9404035589996056e-12,0.0,0.0,1.9702017794998028e-12,1.0,2.5736761997552427e-26,3.153939672016695e-25,0.0,0.0,0.0,-0.0004040626205529443
2026-08-22T03:28:56.114645,43.11,-8.176749176200107e-15,3.119877025065447e-27,0.0,2.5900044708926377e-06,0.0,0.0,1.2950022354459568e-06,0.9999999999991614,6.415397934684048e-21,3.128029418711486e-25,0.0,0.0,0.0,-0.00024224924722401079
2026-08-22T03:28:56.139077,43.13,-8.176836048949286e-15,4.069282166049297e-27,0.0,-1.7758612536056266e-06,0.0,0.0,-8.879306268026964e-07,0.9999999999996058,-4.3577212144385644e-18,4.0792223727706396e-25,0.0,0.0,0.0,-0.00021921667671536137
2026-08-22T03:28:56.168272,43.15,-8.176662303131094e-15,6.39125770671156e-27,0.0,1.6982047528202315e-06,0.0,0.0,8.491023764100137e-07,0.9999999999996395,4.370646333905848e-18,6.405664150895685e-25,0.0,0.0,0.0,-3.1722197934477055e-05
2026-08-22T03:28:56.195711,43.17,-8.176792681519799e-15,7.52136063277973e-27,0.0,-2.2795757725901927e-07,0.0,0.0,-1.1397878862950936e-07,0.9999999999999934,-4.357874379468943e-18,7.537638065056568e-25,0.0,0.0,0.0,-0.00012427120647477648
2026-08-22T03:28:56.216342,43.19,-8.176662440142543e-15,7.932040656143215e-27,0.0,3.726328517750233e-06,0.0,0.0,1.8631642588740382e-06,0.9999999999982643,6.4311810668500816e-21,7.948915536958896e-25,0.0,0.0,0.0,4.317322813298833e-05
2026-08-22T03:28:56.234192,43.2,-8.17657573599441e-15,1.1978490764247576e-31,0.0,3.4652281044600386e-12,0.0,0.0,1.7326140522300193e-12,1.0,4.336800150956368e-18,5.426745660632022e-25,0.0,0.0,0.0,-7.441915512781272e-05
2026-08-22T03:28:56.253567,43.23,-8.17648883374933e-15,4.9753325543079e-27,0.0,5.080835632220727e-07,0.0,0.0,2.5404178161103355e-07,0.9999999999999677,4.370001130386712e-18,4.986459498365644e-25,0.0,0.0,0.0,4.380315785334921e-05
2026-08-22T03:28:56.285402,43.25,-8.176575708144824e-15,5.341439138595709e-27,0.0,-1.446897051504692e-06,0.0,0.0,-7.234485257522829e-07,0.9999999999997383,5.526583534702656e-21,5.353117547575556e-25,0.0,0.0,0.0,5.260033473168722e-06
2026-08-22T03:28:56.315995,43.27,-8.176488836341057e-15,5.8149504000528134e-27,0.0,-2.9195050066377352e-06,0.0,0.0,-1.459752503318349e-06,0.9999999999989345,4.369504471686104e-18,5.827504500405181e-25,0.0,0.0,0.0,0.0002690193475913621
2026-08-22T03:28:56.334452,43.29,-8.176445470160912e-15,6.4090074183505265e-27,0.0,4.4510760366378577e-07,0.0,0.0,2.2255380183189106e-07,0.9999999999999752,4.369101439537385e-18,6.422630278112316e-25,0.0,0.0,0.0,-0.00017202752673775213
2026-08-22T03:28:56.364317,43.31,-8.176358736060022e-15,5.75786082851712e-27,0.0,-7.412059486178182e-07,0.0,0.0,-3.706029743089005e-07,0.9999999999999313,4.368695533903168e-18,5.770025339113721e-25,0.0,0.0,0.0,-0.00023653787350507322
2026-08-22T03:28:56.383234,43.32,-8.176402263495049e-15,7.324904969684671e-32,0.0,-2.587707825796315e-12,0.0,0.0,-1.2938539128981574e-12,1.0,4.336808815447257e-18,4.86012444107321e-25,0.0,0.0,0.0,0.00020264128469007735
2026-08-22T03:28:56.420545,43.35,-8.17666272505454e-15,8.993937972095174e-27,0.0,3.0531046797399597e-06,0.0,0.0,1.526552339869387e-06,0.9999999999988348,-8.724272336308366e-18,9.012567822712328e-25,0.0,0.0,0.0,0.0001293143109152128
2026-08-22T03:28:56.440922,43.37,-8.176532345840351e-15,5.057480472042119e-27,0.0,5.573062291652776e-07,0.0,0.0,2.7865311458263515e-07,0.9999999999999611,4.452503364545772e-21,5.067959421899085e-25,0.0,0.0,0.0,-0.00018406126182719552
2026-08-22T03:28:56.464472,43.39,-8.176662586166703e-15,5.335710463896345e-27,0.0,-7.331190499115793e-07,0.0,0.0,-3.665595249557814e-07,0.9999999999999328,-4.359642878176403e-18,5.34665738865114e-25,0.0,0.0,0.0,8.061208372893e-06
2026-08-22T03:28:56.479918,43.41,-8.176705953009994e-15,5.235904885680192e-27,0.0,-1.0735558908514522e-06,0.0,0.0,-5.367779454257003e-07,0.9999999999998559,-4.359363801751905e-18,5.246574899014389e-25,0.0,0.0,0.0,-9.476474627151597e-05
2026-08-22T03:28:56.503224,43.43,-8.176705815376897e-15,5.5379528814157035e-27,0.0,8.777953866001555e-07,0.0,0.0,4.388976933000636e-07,0.9999999999999036,4.9756795975277636e-21,5.549172859579799e-25,0.0,0.0,0.0,0.00020094737780575832
2026-08-22T03:28:56.539809,43.45,-8.176705815581462e-15,5.453934118643863e-27,0.0,8.521928669402714e-07,0.0,0.0,4.260964334701227e-07,0.9999999999999092,4.921756581724795e-21,5.464890465558066e-25,0.0,0.0,0.0,8.759391190845924e-05
2026-08-22T03:28:56.559867,43.47,-8.176575575497875e-15,4.826974294832616e-27,0.0,3.0753149582452016e-07,0.0,0.0,1.5376574791225944e-07,0.9999999999999882,4.368916545299643e-18,4.836586012639984e-25,0.0,0.0,0.0,-1.9831239443879336e-06
2026-08-22T03:28:56.581047,43.49,-8.176575577284342e-15,4.826923050369779e-27,0.0,-8.790241774470076e-07,0.0,0.0,-4.3951208872348965e-07,0.9999999999999034,4.368520223487218e-18,4.836525795020597e-25,0.0,0.0,0.0,-3.7062367067281686e-05
2026-08-22T03:28:56.603191,43.5,-8.176619103951503e-15,4.465045612859073e-32,0.0,-1.0418332863082469e-12,0.0,0.0,-5.209166431541234e-13,1.0,8.689656113524265e-24,4.308520242393844e-25,0.0,0.0,0.0,-0.00019129372264792174
2026-08-22T03:28:56.652092,43.54,-8.176619104211433e-15,1.5024197352314317e-31,0.0,2.226663298188214e-12,0.0,0.0,1.113331649094107e-12,1.0,4.3367827972761554e-18,1.4809266260176006e-25,0.0,0.0,0.0,0.0002795624087960169
2026-08-22T03:28:56.699784,43.57,-8.176619082661821e-15,1.6679544197285187e-27,0.0,-1.7989374256899284e-06,0.0,0.0,-8.994687128448428e-07,0.9999999999995954,4.249246054787081e-21,1.6714007547111666e-25,0.0,0.0,0.0,-8.363107514166443e-05
2026-08-22T03:28:56.715637,43.59,-8.17661894682827e-15,1.4099060729643556e-27,0.0,7.79434861097883e-07,0.0,0.0,3.8971743054893163e-07,0.9999999999999241,4.3682418307295926e-18,1.41300051941273e-25,0.0,0.0,0.0,-6.341258629985007e-05
2026-08-22T03:28:56.751262,43.61,-8.176662453001483e-15,1.5265727749025836e-27,0.0,-1.4382457806938478e-06,0.0,0.0,-7.191228903468618e-07,0.9999999999997414,3.7986962582985374e-21,1.5297164350827918e-25,0.0,0.0,0.0,4.913936723448752e-06
2026-08-22T03:28:56.772482,43.62,-8.176662472103459e-15,3.07430501104563e-32,0.0,-1.1577405700791132e-12,0.0,0.0,-5.788702850395566e-13,1.0,1.498668613448569e-26,1.4997873172534836e-25,0.0,0.0,0.0,-3.2304740569252726e-05
2026-08-22T03:28:56.822274,43.65,-8.176749325972918e-15,1.3560979520166118e-27,0.0,8.919459650869046e-07,0.0,0.0,4.459729825434374e-07,0.9999999999999005,-4.360360683673036e-18,1.3588265670310088e-25,0.0,0.0,0.0,-0.00013377916713762874
2026-08-22T03:28:56.846388,43.67,-8.176705820381753e-15,1.3348095788361296e-27,0.0,4.807989824051617e-07,0.0,0.0,2.4039949120257853e-07,0.9999999999999711,3.983388607918699e-21,1.337565325575824e-25,0.0,0.0,0.0,-3.113257340887877e-05
2026-08-22T03:28:56.866674,43.69,-8.17679269282657e-15,1.498301681891893e-27,0.0,3.2901841025001492e-06,0.0,0.0,1.6450920512493324e-06,0.9999999999986469,-4.360114035573992e-18,1.5013319562098958e-25,0.0,0.0,0.0,-0.00017272976127679902
2026-08-22T03:28:56.894976,43.71,-8.176792691549955e-15,1.0671807086410491e-27,0.0,1.833162388997778e-06,0.0,0.0,9.165811944987605e-07,0.9999999999995799,-4.3598283576912365e-18,1.0695203116869823e-25,0.0,0.0,0.0,3.9790090441349936e-05
2026-08-22T03:28:56.918465,43.73,-8.17683605814335e-15,9.433526897357594e-28,0.0,-1.261273412378472e-06,0.0,0.0,-6.306367061891941e-07,0.9999999999998012,-4.3595383314455205e-18,9.453872473016859e-26,0.0,0.0,0.0,9.332747250633705e-05
2026-08-22T03:28:56.946571,43.75,-8.176966297144317e-15,2.1163471942710996e-28,0.0,-2.2196407694075045e-06,0.0,0.0,-1.1098203847035246e-06,0.9999999999993842,-8.72330792407372e-18,2.1206770946420107e-26,0.0,0.0,0.0,3.57401505752065e-05
2026-08-22T03:28:56.966913,43.77,-8.17683578134886e-15,2.0178780834895174e-27,0.0,-5.057886354187247e-07,0.0,0.0,-2.528943177093596e-07,0.999999999999968,4.369476645446343e-18,2.0219098813061082e-25,0.0,0.0,0.0,0.00019915198087333333
2026-08-22T03:28:56.990552,43.79,-8.176835919206355e-15,2.432596607149537e-27,0.0,-2.015640713892708e-06,0.0,0.0,-1.0078203569461833e-06,0.9999999999994922,5.035906931275927e-21,2.4373205261124874e-25,0.0,0.0,0.0,-2.683463276114106e-05
2026-08-22T03:28:57.010723,43.81,-8.17687928767793e-15,1.878224808942736e-27,0.0,-9.075312554784887e-07,0.0,0.0,-4.5376562773922877e-07,0.9999999999998971,4.963309249287918e-21,1.8818250923449563e-25,0.0,0.0,0.0,1.36523638711171e-05
2026-08-22T03:28:57.029193,43.83,-8.176879288033232e-15,1.8482414428333196e-27,0.0,1.7095919613296928e-07,0.0,0.0,8.547959806648454e-08,0.9999999999999963,4.9009228007552406e-21,1.8517579786929275e-25,0.0,0.0,0.0,-4.907921987756605e-05
2026-08-22T03:28:57.100319,43.85,-8.176705679901405e-15,1.666092541289092e-27,0.0,-1.5552568606302943e-06,0.0,0.0,-7.776284303150687e-07,0.9999999999996977,4.368896652819041e-18,1.6692472047350014e-25,0.0,0.0,0.0,0.00012093943754428311
2026-08-22T03:28:57.121063,43.86,-8.176835944343173e-15,6.977301812429197e-32,0.0,-2.8821389719269064e-13,0.0,0.0,-1.4410694859634532e-13,1.0,-8.673591559476507e-18,1.6096570714670578e-26,0.0,0.0,0.0,-5.020264308213055e-06
2026-08-22T03:28:57.140651,43.89,-8.176966296063382e-15,5.9919871946178205e-28,0.0,-3.1561866338236663e-06,0.0,0.0,-1.5780933169111778e-06,0.9999999999987548,-8.723061381552511e-18,6.002793409824438e-26,0.0,0.0,0.0,-0.0002215146066038853
2026-08-22T03:28:57.166340,43.91,-8.176966156733576e-15,2.953158769705032e-27,0.0,2.328467183954075e-06,0.0,0.0,1.1642335919767745e-06,0.9999999999993223,-4.358382560083657e-18,2.9585297168713876e-25,0.0,0.0,0.0,0.0004018287964259612
2026-08-22T03:28:57.185078,43.92,-8.176966048755373e-15,6.8874637706389e-32,0.0,5.288658400104396e-12,0.0,0.0,2.644329200052198e-12,1.0,-4.336808774916245e-18,1.865379139045061e-25,0.0,0.0,0.0,7.796472751442406e-05
2026-08-22T03:28:57.211669,43.95,-8.177139626148797e-15,2.317453885405494e-27,0.0,-5.049133960710606e-06,0.0,0.0,-2.524566980352621e-06,0.9999999999968133,-4.357835118611801e-18,2.321765673064206e-25,0.0,0.0,0.0,-0.00034624658206958093
2026-08-22T03:28:57.236108,43.97,-8.177226361044487e-15,1.892366676288628e-27,0.0,-1.906524853545477e-07,0.0,0.0,-9.532624267727371e-08,0.9999999999999954,-4.357570825301798e-18,1.8954634251140115e-25,0.0,0.0,0.0,-2.3717972907333134e-05
2026-08-22T03:28:57.254643,43.98,-8.177269625298336e-15,2.631216543789397e-32,0.0,-3.566036355096003e-13,0.0,0.0,-1.7830181775480014e-13,1.0,-8.646848082694009e-24,1.894607057474988e-25,0.0,0.0,0.0,7.23775929882661e-05
2026-08-22T03:28:57.273997,44.0,-8.177226257254533e-15,4.663724697586883e-32,0.0,1.5893952820533741e-12,0.0,0.0,7.946976410266871e-13,1.0,4.3368001519780515e-18,1.5887834203605988e-25,0.0,0.0,0.0,-6.404382858404596e-05
2026-08-22T03:28:57.294681,44.03,-8.17705248117814e-15,2.2946016720875804e-27,0.0,1.7551788529246441e-06,0.0,0.0,8.775894264622092e-07,0.9999999999996149,8.73436284246638e-18,2.2987015336887027e-25,0.0,0.0,0.0,0.00026202847600553396
2026-08-22T03:28:57.329550,44.05,-8.177139493369328e-15,4.959813333744105e-27,0.0,2.9084277621826975e-06,0.0,0.0,1.454213881090836e-06,0.9999999999989426,5.494611586458844e-21,4.969037005202565e-25,0.0,0.0,0.0,0.00032016091803364666
2026-08-22T03:28:57.352805,44.07,-8.177096125970751e-15,4.139667286547528e-27,0.0,5.1820077118236434e-08,0.0,0.0,2.5910038559118217e-08,0.9999999999999997,5.408988352693796e-21,4.147161142707973e-25,0.0,0.0,0.0,-0.00011780563712643081
2026-08-22T03:28:57.370074,44.09,-8.17713949431426e-15,4.085147140623013e-27,0.0,1.3800541416308931e-06,0.0,0.0,6.900270708153918e-07,0.999999999999762,5.340320018159478e-21,4.09248173424865e-25,0.0,0.0,0.0,-0.00037039353022700315
2026-08-22T03:28:57.405584,44.11,-8.177269735086167e-15,4.897705015947562e-27,0.0,-1.768181252526091e-06,0.0,0.0,-8.840906262629303e-07,0.9999999999996092,-4.358783458322847e-18,4.9064600486918975e-25,0.0,0.0,0.0,-0.00024246751837307987
2026-08-22T03:28:57.418759,44.13,-8.177269597684422e-15,5.66888921849956e-27,0.0,-2.4022458990913265e-06,0.0,0.0,-1.2011229495453744e-06,0.9999999999992787,5.540109687836538e-21,5.679136741954881e-25,0.0,0.0,0.0,0.000285012883007515
2026-08-22T03:28:57.461333,44.15,-8.177399974569495e-15,4.354200965666342e-27,0.0,-2.249187744940429e-06,0.0,0.0,-1.1245938724699773e-06,0.9999999999993676,-8.722632175744277e-18,4.361772664069215e-25,0.0,0.0,0.0,3.8987101338432205e-05
2026-08-22T03:28:57.487595,44.17,-8.17748670791567e-15,4.096786310269872e-27,0.0,1.8858831096757456e-06,0.0,0.0,9.42941554837733e-07,0.9999999999995555,-8.722031960550014e-18,4.103643125241719e-25,0.0,0.0,0.0,-2.8900886354327253e-05
2026-08-22T03:28:57.514507,44.19,-8.177226087908102e-15,1.0388591526888795e-27,0.0,-1.5506893484840134e-06,0.0,0.0,-7.75344674241929e-07,0.9999999999996995,4.370747227870534e-18,1.040063132956572e-25,0.0,0.0,0.0,-8.498053350980128e-05
2026-08-22T03:28:57.541215,44.21,-8.177443338454252e-15,-9.831662645910949e-28,0.0,1.661115577977768e-06,0.0,0.0,8.305577889887883e-07,0.999999999999655,-8.721822108591552e-18,-9.859526124412775e-26,0.0,0.0,0.0,0.00019097370726803357
2026-08-22T03:28:57.564780,44.23,-8.177443199700232e-15,-2.5959812571036847e-27,0.0,1.8083003472391117e-06,0.0,0.0,9.041501736194325e-07,0.9999999999995912,-4.357184720644706e-18,-2.6014434323505584e-25,0.0,0.0,0.0,5.832166738239754e-05
2026-08-22T03:28:57.614033,44.25,-8.177399694005644e-15,-3.4027903901481634e-27,0.0,1.489248031560919e-06,0.0,0.0,7.446240157803907e-07,0.9999999999997228,7.136668916597482e-21,-3.4098257609396487e-25,0.0,0.0,0.0,-9.574375210985906e-05
2026-08-22T03:28:57.635500,44.27,-8.177312821956677e-15,-3.9196653134302024e-27,0.0,4.071616310774574e-07,0.0,0.0,2.0358081553872724e-07,0.9999999999999792,4.371111556605841e-18,-3.927659574843206e-25,0.0,0.0,0.0,0.0001714156258402645
2026-08-22T03:28:57.663257,44.29,-8.177443200569495e-15,-3.1048757724188614e-27,0.0,3.5604105974584854e-06,0.0,0.0,1.7802052987283025e-06,0.9999999999984155,-4.357423623072793e-18,-3.111101449351483e-25,0.0,0.0,0.0,0.0002389348437940644
2026-08-22T03:28:57.681546,44.31,-8.177225950622467e-15,-7.76189076420718e-27,0.0,3.002088688752736e-06,0.0,0.0,1.501044344375804e-06,0.9999999999988735,8.734986859944694e-18,-7.777600922002178e-25,0.0,0.0,0.0,-0.00021946211772801816
2026-08-22T03:28:57.701901,44.33,-8.177312962549848e-15,-6.4513747997808445e-27,0.0,-7.777311967771539e-07,0.0,0.0,-3.8886559838856713e-07,0.9999999999999244,6.128023194632645e-21,-6.463952462866906e-25,0.0,0.0,0.0,-0.00019662189996281463
2026-08-22T03:28:57.761397,44.35,-8.177356331284938e-15,-6.549821482069016e-27,0.0,1.7434774526314811e-06,0.0,0.0,8.717387263156301e-07,0.9999999999996201,6.0330793939414564e-21,-6.562396082543142e-25,0.0,0.0,0.0,0.00023023406783159576
2026-08-22T03:28:57.786337,44.37,-8.177356331707473e-15,-6.443869946878002e-27,0.0,3.4808098181571273e-07,0.0,0.0,1.7404049090785546e-07,0.9999999999999849,5.957246381108529e-21,-6.45615060176099e-25,0.0,0.0,0.0,-0.00021251404090205298
2026-08-22T03:28:57.806755,44.39,-8.177312964034947e-15,-6.431261768225314e-27,0.0,1.7100827522931188e-06,0.0,0.0,8.55041376146455e-07,0.9999999999996344,5.88304582206718e-21,-6.44342672293088e-25,0.0,0.0,0.0,-0.0002456779721226386
2026-08-22T03:28:57.824350,44.4,-8.177269625385349e-15,-2.2504876527609745e-32,0.0,-6.208367153703875e-13,0.0,0.0,-3.1041835768519377e-13,1.0,-4.3368001016427315e-18,-6.537020011759018e-25,0.0,0.0,0.0,0.0005677230933456992
2026-08-22T03:28:57.845719,44.43,-8.177226227021549e-15,-9.892973423142322e-27,0.0,2.5330052100258627e-07,0.0,0.0,1.266502605012928e-07,0.999999999999992,6.072648123345338e-21,-9.911465874125244e-25,0.0,0.0,0.0,-8.074878220537105e-05
2026-08-22T03:28:57.882775,44.45,-8.177226227208324e-15,-9.734598302690855e-27,0.0,1.826896121492894e-06,0.0,0.0,9.134480607463197e-07,0.9999999999995828,6.004936241785803e-21,-9.752668368284476e-25,0.0,0.0,0.0,1.98714285611146e-05
2026-08-22T03:28:57.910591,44.47,-8.177313099931706e-15,-8.878713527853581e-27,0.0,1.3567413148507514e-06,0.0,0.0,6.783706574253236e-07,0.99999999999977,-4.358126516788647e-18,-8.894923468578088e-25,0.0,0.0,0.0,0.0003142340531766836
2026-08-22T03:28:57.931016,44.5,-8.177226257233126e-15,7.508742575228932e-33,0.0,-3.3875124927362776e-12,0.0,0.0,-1.6937562463681388e-12,1.0,2.4466545598744947e-26,-1.0224682956566042e-24,0.0,0.0,0.0,-0.00023397255117229296
2026-08-22T03:28:57.947394,44.51,-8.177226226628186e-15,-1.0243294532754769e-26,0.0,-6.049871470459323e-07,0.0,0.0,-3.024935735229615e-07,0.9999999999999543,6.120963569149349e-21,-1.0261921107663434e-24,0.0,0.0,0.0,-0.00019561905173598964
2026-08-22T03:28:57.966906,44.54,-8.177269625450395e-15,8.042041575914206e-32,0.0,-5.5067062021407764e-14,0.0,0.0,-2.7533531010703882e-14,1.0,-4.33680877305026e-18,-9.822530421736861e-25,0.0,0.0,0.0,0.0001629149426952022
2026-08-22T03:28:58.016759,44.55,-8.177313098257678e-15,-9.839871282266217e-27,0.0,-1.2985075326099604e-06,0.0,0.0,-6.492537663049346e-07,0.9999999999997893,-4.3577526835851506e-18,-9.85752752086941e-25,0.0,0.0,0.0,0.00019521147698488975
2026-08-22T03:28:58.040087,44.57,-8.177139352199266e-15,-8.850770429071173e-27,0.0,5.860955880621077e-07,0.0,0.0,2.9304779403104967e-07,0.999999999999957,4.370623878771372e-18,-8.866393283556715e-25,0.0,0.0,0.0,0.000144737794851018
2026-08-22T03:28:58.057780,44.59,-8.177182858240575e-15,-8.106158401858865e-27,0.0,-1.002829341345546e-06,0.0,0.0,-5.014146706727519e-07,0.9999999999998743,6.159421266868019e-21,-8.120192982578336e-25,0.0,0.0,0.0,2.88050153682875e-05
2026-08-22T03:28:58.080717,44.61,-8.177095986433216e-15,-7.58878522620516e-27,0.0,-1.0174988793743014e-06,0.0,0.0,-5.087494396871287e-07,0.9999999999998705,4.370129354741935e-18,-7.6017243212008615e-25,0.0,0.0,0.0,-0.0003482710928923023
2026-08-22T03:28:58.100575,44.63,-8.177096124591396e-15,-8.491528120720735e-27,0.0,5.617004905644763e-08,0.0,0.0,2.808502452822381e-08,0.9999999999999996,5.663173928305333e-21,-8.506192496013717e-25,0.0,0.0,0.0,-0.0001872214772235815
2026-08-22T03:28:58.149973,44.65,-8.177139493102395e-15,-8.33680040547624e-27,0.0,4.064011083215746e-08,0.0,0.0,2.032005541607873e-08,0.9999999999999998,5.582691737556949e-21,-8.350987313883675e-25,0.0,0.0,0.0,-0.00010145993466740549
2026-08-22T03:28:58.168666,44.67,-8.177139493496622e-15,-8.197957998880128e-27,0.0,2.499838845704261e-06,0.0,0.0,1.249919422851805e-06,0.9999999999992188,5.5125199195964095e-21,-8.2117769785976425e-25,0.0,0.0,0.0,-0.0003248018643208549
2026-08-22T03:28:58.193394,44.69,-8.177182998142124e-15,-7.744063472473148e-27,0.0,2.3547437555393458e-07,0.0,0.0,1.1773718777696701e-07,0.9999999999999931,-4.358612064222315e-18,-7.756898490356004e-25,0.0,0.0,0.0,9.212288002588137e-06
2026-08-22T03:28:58.211976,44.71,-8.17718286066442e-15,-7.667369777528856e-27,0.0,-1.5813029690114888e-06,0.0,0.0,-7.90651484505662e-07,0.9999999999996875,5.709349009218275e-21,-7.67999329868763e-25,0.0,0.0,0.0,-0.00023092408330067498
2026-08-22T03:28:58.225331,44.73,-8.177226228962025e-15,-7.943548974908915e-27,0.0,1.4638601100180897e-06,0.0,0.0,7.319300550089793e-07,0.9999999999997321,5.645524623647278e-21,-7.956596408941098e-25,0.0,0.0,0.0,-0.0001876350182602957
2026-08-22T03:28:58.262769,44.75,-8.177486710146027e-15,-5.942040914415125e-27,0.0,-3.4002744269123757e-06,0.0,0.0,-1.7001372134553685e-06,0.9999999999985547,-8.72253874303748e-18,-5.951187640606514e-25,0.0,0.0,0.0,2.6070788913004584e-05
2026-08-22T03:28:58.286318,44.77,-8.177356330889277e-15,-2.4826302894577295e-27,0.0,-1.6322782236954936e-08,0.0,0.0,-8.161391118477468e-09,1.0,6.1729250247923e-21,-2.4852326718148476e-25,0.0,0.0,0.0,0.00017474688503205395
2026-08-22T03:28:58.304666,44.79,-8.177356194678722e-15,-2.4356518750059923e-27,0.0,-9.047035547382621e-07,0.0,0.0,-4.523517773691156e-07,0.9999999999998976,4.3701671863039395e-18,-2.438199037918982e-25,0.0,0.0,0.0,2.2857288226276574e-05
2026-08-22T03:28:58.328576,44.81,-8.177573445664906e-15,-3.370760377429978e-27,0.0,-3.694274283816412e-06,0.0,0.0,-1.8471371419071558e-06,0.999999999998294,-8.722412096204214e-18,-3.3750713856331884e-25,0.0,0.0,0.0,0.0002223614156892827
2026-08-22T03:28:58.350092,44.83,-8.177443066480897e-15,-6.574992554997757e-28,0.0,-1.8778086556814342e-06,0.0,0.0,-9.389043278405792e-07,0.9999999999995592,6.289360644491686e-21,-6.566737043300042e-26,0.0,0.0,0.0,-9.186083706125307e-05
2026-08-22T03:28:58.392974,44.85,-8.177443066529778e-15,-6.399392824166855e-28,0.0,9.328689061227635e-07,0.0,0.0,4.6643445306136487e-07,0.9999999999998912,6.227543651403137e-21,-6.389919784137931e-26,0.0,0.0,0.0,0.00011185559066556104
2026-08-22T03:28:58.414901,44.86,-8.177399729624091e-15,2.5963153953536946e-32,0.0,1.709299368712891e-12,0.0,0.0,8.546496843564455e-13,1.0,2.481665655448448e-26,-8.588672472216227e-26,0.0,0.0,0.0,0.00013474210440389192
2026-08-22T03:28:58.438912,44.89,-8.177486571563369e-15,-3.2149457591890506e-28,0.0,6.989839067550463e-07,0.0,0.0,3.4949195337751605e-07,0.9999999999999389,-4.357983330360041e-18,-3.199546637943727e-26,0.0,0.0,0.0,0.00011234902277180308
2026-08-22T03:28:58.462938,44.91,-8.177443066121615e-15,-8.648392337972643e-28,0.0,-7.175883380838856e-07,0.0,0.0,-3.5879416904193505e-07,0.9999999999999356,6.3308596201477744e-21,-8.643641631241914e-26,0.0,0.0,0.0,-0.00023845357713776132
2026-08-22T03:28:58.484700,44.93,-8.177616811059951e-15,-1.3925555284214286e-27,0.0,-2.1398827421137416e-06,0.0,0.0,-1.0699413710566665e-06,0.9999999999994276,-8.721852044856697e-18,-1.3933096380442201e-25,0.0,0.0,0.0,0.0005231697439535052
2026-08-22T03:28:58.535909,44.95,-8.177529663554436e-15,-2.6722800349139713e-27,0.0,-1.4754744737111025e-06,0.0,0.0,-7.377372368554843e-07,0.9999999999997279,4.3709049265584274e-18,-2.675471796894002e-25,0.0,0.0,0.0,-0.00021323647894334863
2026-08-22T03:28:58.560782,44.97,-8.177616537638923e-15,-4.117082276825992e-27,0.0,1.545212716891342e-06,0.0,0.0,7.726063584455942e-07,0.9999999999997016,6.444876474362195e-21,-4.1227264732224136e-25,0.0,0.0,0.0,0.00033784524801098585
2026-08-22T03:28:58.583693,44.99,-8.177573033939798e-15,-4.235499435048832e-27,0.0,3.4666329402632816e-06,0.0,0.0,1.7333164701307726e-06,0.9999999999984978,4.3704105426872185e-18,-4.241489117431134e-25,0.0,0.0,0.0,-0.00018914851207610698
2026-08-22T03:28:58.606060,45.01,-8.177616540205944e-15,-3.3069404819130786e-27,0.0,2.0443027128891345e-06,0.0,0.0,1.0221513564443891e-06,0.9999999999994776,5.940148231775257e-21,-3.3109637762368416e-25,0.0,0.0,0.0,-7.026864896235159e-05
2026-08-22T03:28:58.628980,45.03,-8.177703413076769e-15,-2.463072749648121e-27,0.0,-7.351630624263807e-07,0.0,0.0,-3.67581531213182e-07,0.9999999999999324,-4.358199109346858e-18,-2.465343857898746e-25,0.0,0.0,0.0,2.9828683497032328e-05
2026-08-22T03:28:58.653597,45.05,-8.177746779967434e-15,-2.488821681856265e-27,0.0,1.3195862833548233e-06,0.0,0.0,6.597931416773638e-07,0.9999999999997823,-4.357938180737302e-18,-2.4912546338311246e-25,0.0,0.0,0.0,-0.0001220989349815258
2026-08-22T03:28:58.675706,45.07,-8.177746642423936e-15,-2.2979216867362887e-27,0.0,-1.0511921586520143e-06,0.0,0.0,-5.25596079325983e-07,0.9999999999998619,6.383381173861634e-21,-2.299913516467535e-25,0.0,0.0,0.0,-0.00032518387800458434
2026-08-22T03:28:58.692886,45.09,-8.177703410922162e-15,-1.850166688322653e-27,0.0,-1.7299409722504322e-06,0.0,0.0,-8.649704861251082e-07,0.999999999999626,-4.3577421713043525e-18,-1.8515047104132547e-25,0.0,0.0,0.0,0.00025748136426927864
2026-08-22T03:28:58.713563,45.11,-8.177746777711448e-15,-2.466282687679343e-27,0.0,-3.777533841287095e-10,0.0,0.0,-1.8887669206435476e-10,1.0,-4.357486986817859e-18,-2.468653284250389e-25,0.0,0.0,0.0,-0.0001653239938067155
2026-08-22T03:28:58.738025,45.13,-8.177573031756466e-15,-1.9936430696842976e-27,0.0,1.6106068132515365e-06,0.0,0.0,8.05303406625681e-07,0.9999999999996757,4.370886236275048e-18,-1.994948035295223e-25,0.0,0.0,0.0,-0.00018986249374940153
2026-08-22T03:28:58.774398,45.15,-8.177703410160247e-15,-1.2033090647071379e-27,0.0,-1.8370531433831165e-06,0.0,0.0,-9.185265716914289e-07,0.9999999999995781,-4.357637492551309e-18,-1.2032270569704902e-25,0.0,0.0,0.0,-0.00024172491916501907
2026-08-22T03:28:58.801240,45.17,-8.177833513331584e-15,-1.4884589521724664e-27,0.0,-9.804228291443453e-07,0.0,0.0,-4.90211414572153e-07,0.9999999999998799,-4.357393600967174e-18,-1.489040588674027e-25,0.0,0.0,0.0,0.00024656191796488104
2026-08-22T03:28:58.827735,45.19,-8.177529527076285e-15,-4.589925475581276e-28,0.0,2.3406319149543715e-06,0.0,0.0,1.1703159574769187e-06,0.9999999999993152,8.735035101766166e-18,-4.576082458799023e-26,0.0,0.0,0.0,0.00011158748889321813
2026-08-22T03:28:58.848431,45.21,-8.177616538919965e-15,1.938818753305465e-27,0.0,3.1765893138135937e-06,0.0,0.0,1.588294656906129e-06,0.9999999999987387,6.175658242204358e-21,1.9448767395603269e-25,0.0,0.0,0.0,-0.00026450747942473687
2026-08-22T03:28:58.867058,45.23,-8.177616539611123e-15,1.917673754285798e-27,0.0,6.633601397076917e-07,0.0,0.0,3.316800698538397e-07,0.999999999999945,6.080795135617412e-21,1.9235964516766945e-25,0.0,0.0,0.0,0.0002003288748582957
2026-08-22T03:28:58.894584,45.25,-8.177573171946358e-15,1.728262316196333e-27,0.0,2.5603515076966237e-06,0.0,0.0,1.280175753847962e-06,0.9999999999991805,6.0050415878051075e-21,1.7337834222465255e-25,0.0,0.0,0.0,8.703147748761303e-05
2026-08-22T03:28:58.914283,45.27,-8.177660044626382e-15,2.6900675255750867e-27,0.0,2.609870370040568e-06,0.0,0.0,1.3049351850199136e-06,0.9999999999991486,-4.358126412998814e-18,2.6975375600435293e-25,0.0,0.0,0.0,-0.0002465614939368967
2026-08-22T03:28:58.939970,45.29,-8.177659907222566e-15,2.9500419457504308e-27,0.0,-3.2006522290295436e-06,0.0,0.0,-1.6003261145140887e-06,0.9999999999987195,6.1888960221232034e-21,2.9578175183574847e-25,0.0,0.0,0.0,0.00010190061031840257
2026-08-22T03:28:58.961179,45.31,-8.177659771251258e-15,2.4981907827933215e-27,0.0,1.0942155883597593e-06,0.0,0.0,5.471077941798523e-07,0.9999999999998503,4.370174338094176e-18,2.505149505943432e-25,0.0,0.0,0.0,0.0001891481777397215
2026-08-22T03:28:58.977787,45.33,-8.177703277545924e-15,3.3761736147870255e-27,0.0,-1.6828836257865025e-06,0.0,0.0,-8.414418128931517e-07,0.999999999999646,5.706912877361941e-21,3.384626122775685e-25,0.0,0.0,0.0,0.00023067256443404566
2026-08-22T03:28:59.026972,45.35,-8.177659910009179e-15,3.760871920950417e-27,0.0,-2.234395447775484e-06,0.0,0.0,-1.1171977238875094e-06,0.9999999999993759,5.627240013794676e-21,3.769944266845167e-25,0.0,0.0,0.0,-8.303019093505802e-05
2026-08-22T03:28:59.052088,45.36,-8.177659938058214e-15,-6.120186107700278e-32,0.0,-2.55440113505756e-12,0.0,0.0,-1.27720056752878e-12,1.0,8.673600272423496e-18,4.263649989968708e-25,0.0,0.0,0.0,-0.0003535043395732197
2026-08-22T03:28:59.074650,45.39,-8.177616409504997e-15,1.333319617107325e-27,0.0,-5.518819751415548e-06,0.0,0.0,-2.7594098757042725e-06,0.9999999999961928,4.368871523948718e-18,1.3378640722908024e-25,0.0,0.0,0.0,-0.00026057408229443333
2026-08-22T03:28:59.096850,45.41,-8.177703284024375e-15,-2.8916687767498456e-27,0.0,1.175528194341524e-06,0.0,0.0,5.877640971707282e-07,0.9999999999998272,4.402557086671552e-21,-2.895370314296135e-25,0.0,0.0,0.0,-8.173551389044193e-05
2026-08-22T03:28:59.117381,45.43,-8.177746652542877e-15,-2.5377383957696462e-27,0.0,-3.505294812633508e-06,0.0,0.0,-1.7526474063158569e-06,0.9999999999984641,4.337920698369424e-21,-2.540687600618644e-25,0.0,0.0,0.0,-0.0002560320946925053
2026-08-22T03:28:59.148737,45.45,-8.17792039755084e-15,-5.171281127274489e-27,0.0,1.4197889144362819e-06,0.0,0.0,7.098944572180813e-07,0.999999999999748,-8.72382855209061e-18,-5.179758632764747e-25,0.0,0.0,0.0,-1.543907401381462e-05
2026-08-22T03:28:59.177886,45.47,-8.177876890472277e-15,-5.917815509788688e-27,0.0,4.581205697462565e-06,0.0,0.0,2.290602848729279e-06,0.9999999999973765,-4.3591566457188944e-18,-5.92696546660684e-25,0.0,0.0,0.0,-0.000156938758245677
2026-08-22T03:28:59.197038,45.48,-8.177876778558308e-15,-1.7611481862307977e-32,0.0,2.509992214072554e-12,0.0,0.0,1.254996107036277e-12,1.0,-8.652874956898738e-24,-5.9980537934598005e-25,0.0,0.0,0.0,-0.0001123081221521641
2026-08-22T03:28:59.223001,45.51,-8.177963625221264e-15,-6.3322230057954974e-27,0.0,-9.552059148099092e-07,0.0,0.0,-4.776029574049364e-07,0.999999999999886,-4.358923725623073e-18,-6.342103402635965e-25,0.0,0.0,0.0,3.3967948473035634e-05
2026-08-22T03:28:59.244813,45.53,-8.177963487767335e-15,-6.186072506860546e-27,0.0,1.3820768938188621e-06,0.0,0.0,6.910384469093761e-07,0.9999999999997612,5.4016052892224936e-21,-6.195605774482356e-25,0.0,0.0,0.0,-7.995918107232456e-05
2026-08-22T03:28:59.278468,45.55,-8.177920119951741e-15,-6.431564384704468e-27,0.0,3.415216353275241e-06,0.0,0.0,1.7076081766367907e-06,0.999999999998542,5.343008000848236e-21,-6.441481811441318e-25,0.0,0.0,0.0,6.543682566408917e-05
2026-08-22T03:28:59.302017,45.57,-8.177920120244173e-15,-6.3180552130940164e-27,0.0,6.909657082054821e-07,0.0,0.0,3.4548285410273416e-07,0.9999999999999403,5.275848508459958e-21,-6.327684545420238e-25,0.0,0.0,0.0,0.00012728201388019814
2026-08-22T03:28:59.324932,45.59,-8.178006992921733e-15,-5.9430432656665716e-27,0.0,5.785886010301056e-07,0.0,0.0,2.8929430051504876e-07,0.9999999999999581,-4.358846440222399e-18,-5.951808059716854e-25,0.0,0.0,0.0,0.0002703706837017424
2026-08-22T03:28:59.339670,45.61,-8.178050359771715e-15,-6.533700383471806e-27,0.0,2.5155595269055198e-06,0.0,0.0,1.2577797634524283e-06,0.999999999999209,-4.3585773749270644e-18,-6.543524084864825e-25,0.0,0.0,0.0,0.00018106880445444565
2026-08-22T03:28:59.363955,45.63,-8.177919981795132e-15,-8.813988389221604e-27,0.0,-6.242927299560108e-07,0.0,0.0,-3.121463649780003e-07,0.9999999999999513,4.3698088744257776e-18,-8.828355998049012e-25,0.0,0.0,0.0,0.00047854843895225895
2026-08-22T03:28:59.395449,45.65,-8.177963487828588e-15,-7.673024872931931e-27,0.0,1.921805957039169e-06,0.0,0.0,9.609029785194366e-07,0.9999999999995384,5.354661387456229e-21,-7.684783870485492e-25,0.0,0.0,0.0,0.00013355724270245408
2026-08-22T03:28:59.419580,45.67,-8.177789743624666e-15,-9.00724183223245e-27,0.0,-2.3169059200078834e-06,0.0,0.0,-1.1584529600036825e-06,0.999999999999329,8.733390683947154e-18,-9.02184827072802e-25,0.0,0.0,0.0,3.5062008332697715e-05
2026-08-22T03:28:59.441621,45.69,-8.177789883257262e-15,-9.575419328087141e-27,0.0,1.9612115487177565e-08,0.0,0.0,9.80605774358878e-09,1.0,4.368599265151145e-18,-9.590535154556813e-25,0.0,0.0,0.0,4.18440926230038e-05
2026-08-22T03:28:59.466021,45.71,-8.177833389669234e-15,-9.2958552145066e-27,0.0,2.0197525749665597e-06,0.0,0.0,1.0098762874831083e-06,0.9999999999994901,4.1343996953950026e-21,-9.310457706373786e-25,0.0,0.0,0.0,-9.744463552772888e-05
2026-08-22T03:28:59.484906,45.73,-8.177789885781536e-15,-9.391178655536825e-27,0.0,8.095940295937963e-07,0.0,0.0,4.0479701479688716e-07,0.9999999999999181,4.368129107316222e-18,-9.405940880816385e-25,0.0,0.0,0.0,2.697176083648711e-06
2026-08-22T03:28:59.525638,45.75,-8.177833391904298e-15,-8.909650026632151e-27,0.0,1.4013584639371859e-06,0.0,0.0,7.006792319685355e-07,0.9999999999997545,3.687389514583776e-21,-8.92331203362104e-25,0.0,0.0,0.0,0.0002994921365064215
2026-08-22T03:28:59.548330,45.77,-8.177746656193695e-15,-9.46953077519324e-27,0.0,2.9844071502971303e-06,0.0,0.0,1.4922035751480114e-06,0.9999999999988867,3.633780630401861e-21,-9.48414632225171e-25,0.0,0.0,0.0,0.0001910254165113967
2026-08-22T03:28:59.569085,45.79,-8.177876896728255e-15,-7.400685683360163e-27,0.0,1.084603972412168e-06,0.0,0.0,5.423019862060575e-07,0.999999999999853,-4.360468547911764e-18,-7.411052904921406e-25,0.0,0.0,0.0,-0.00022098628716888747
2026-08-22T03:28:59.595327,45.82,-8.177876778536635e-15,1.4348575030342017e-32,0.0,6.727951529228449e-13,0.0,0.0,3.3639757646142243e-13,1.0,1.532706783682324e-26,-6.710350948469366e-25,0.0,0.0,0.0,5.687263351582222e-05
2026-08-22T03:28:59.620294,45.83,-8.177876759356069e-15,-6.71950052126773e-27,0.0,1.4611391656593755e-06,0.0,0.0,7.305695828296226e-07,0.9999999999997331,3.836097881803305e-21,-6.728678877768008e-25,0.0,0.0,0.0,3.32436003185282e-05
2026-08-22T03:28:59.661523,45.85,-8.178093872336053e-15,-5.107547274521958e-27,0.0,1.7085550889639484e-06,0.0,0.0,8.5427754448187e-07,0.9999999999996351,-8.724324746838198e-18,-5.113427945694986e-25,0.0,0.0,0.0,9.67376031365218e-08
2026-08-22T03:28:59.681195,45.87,-8.178137101363531e-15,-5.2394063366767775e-27,0.0,-3.280882335143787e-06,0.0,0.0,-1.6404411675711576e-06,0.9999999999986545,-4.3596479621907866e-18,-5.24558722811217e-25,0.0,0.0,0.0,0.00016140058737075785
2026-08-22T03:28:59.698598,45.88,-8.17800688294911e-15,5.714395473953944e-32,0.0,-1.389555137620846e-12,0.0,0.0,-6.94777568810423e-13,1.0,-8.654156858180838e-24,-2.613052581578001e-25,0.0,0.0,0.0,1.8365388235519638e-05
2026-08-22T03:28:59.723404,45.91,-8.1778332510813e-15,-2.72275231889102e-27,0.0,-1.80779290648303e-07,0.0,0.0,-9.038964532415138e-08,0.9999999999999959,4.3687125501424965e-18,-2.7241166492858994e-25,0.0,0.0,0.0,-8.912260735515139e-05
2026-08-22T03:28:59.742707,45.93,-8.177876757110634e-15,-2.9637145421767594e-27,0.0,-1.5706520715141896e-06,0.0,0.0,-7.853260357570139e-07,0.9999999999996916,4.263498107490483e-21,-2.9656558851966703e-25,0.0,0.0,0.0,0.00010751783360106565
2026-08-22T03:28:59.790502,45.96,-8.177963514689016e-15,3.5119526489552284e-32,0.0,-2.802647003363745e-12,0.0,0.0,-1.4013235016818726e-12,1.0,-4.336800108727007e-18,-3.4834987666508196e-25,0.0,0.0,0.0,-0.0002711305591884635
2026-08-22T03:28:59.809239,45.97,-8.178006998230379e-15,-3.486193692296658e-27,0.0,3.7539572996792008e-06,0.0,0.0,1.876978649838498e-06,0.9999999999982385,-4.359908163794396e-18,-3.4892029946498196e-25,0.0,0.0,0.0,-0.0002087070433642713
2026-08-22T03:28:59.836984,45.99,-8.177963492667652e-15,-4.327083811057902e-27,0.0,1.5223639859840434e-06,0.0,0.0,7.611819929919481e-07,0.9999999999997103,4.430220507813095e-21,-4.331477033702296e-25,0.0,0.0,0.0,0.00019688815947270554
2026-08-22T03:28:59.861016,46.01,-8.17796349279457e-15,-4.241678713991711e-27,0.0,3.845797952983787e-06,0.0,0.0,1.9228989764907086e-06,0.9999999999981513,4.383153444324739e-21,-4.2459229125976615e-25,0.0,0.0,0.0,-3.6001192174311806e-05
2026-08-22T03:28:59.878233,46.03,-8.178006861116974e-15,-3.1748769013375443e-27,0.0,-9.70117427279149e-07,0.0,0.0,-4.850587136395555e-07,0.9999999999998823,4.327379676483171e-21,-3.177079278112878e-25,0.0,0.0,0.0,-0.00041776337576602667
2026-08-22T03:28:59.907489,46.05,-8.177963493385376e-15,-2.8631015556380004e-27,0.0,3.2743735598472767e-06,0.0,0.0,1.637186779922907e-06,0.9999999999986598,4.27366605030522e-21,-2.8647002359843992e-25,0.0,0.0,0.0,-0.00021797091714360791
2026-08-22T03:28:59.929563,46.07,-8.177789748918639e-15,-5.304608088989438e-27,0.0,2.82610327584365e-06,0.0,0.0,1.4130516379213547e-06,0.9999999999990017,8.73233189490901e-18,-5.311012671001569e-25,0.0,0.0,0.0,-0.0001890757611268525
2026-08-22T03:28:59.960840,46.09,-8.17778975223257e-15,-4.711930408293659e-27,0.0,-1.2594929228448848e-06,0.0,0.0,-6.297464614224008e-07,0.9999999999998017,8.731608399359275e-18,-4.717213919372892e-25,0.0,0.0,0.0,-7.438600620159356e-05
2026-08-22T03:28:59.975980,46.11,-8.17787676448889e-15,-5.9760254219998385e-27,0.0,-1.0851169442993584e-06,0.0,0.0,-5.425584721496524e-07,0.9999999999998528,2.766172176814844e-21,-5.983412461706864e-25,0.0,0.0,0.0,-3.665994677240875e-05
2026-08-22T03:28:59.997704,46.12,-8.177876778536643e-15,1.607866463939998e-32,0.0,-1.2096990076315706e-12,0.0,0.0,-6.048495038157853e-13,1.0,1.0891367598266084e-26,-5.858259346533024e-25,0.0,0.0,0.0,-6.78459253987497e-05
2026-08-22T03:29:00.033714,46.15,-8.177963637482327e-15,-6.013937438636883e-27,0.0,6.268739989323535e-07,0.0,0.0,3.134369994661716e-07,0.9999999999999509,-4.361375924730508e-18,-6.02111841390801e-25,0.0,0.0,0.0,8.73397062532937e-06
2026-08-22T03:29:00.054783,46.17,-8.177833259481371e-15,-6.405019653744022e-27,0.0,-1.5689994823375746e-06,0.0,0.0,-7.844997411687066e-07,0.9999999999996922,4.367036882292257e-18,-6.413059935510203e-25,0.0,0.0,0.0,6.181759798054551e-05
2026-08-22T03:29:00.071999,46.19,-8.177876765340614e-15,-6.733287517835785e-27,0.0,-2.0804430862497725e-06,0.0,0.0,-1.0402215431246986e-06,0.999999999999459,2.6175119763952608e-21,-6.741832427593856e-25,0.0,0.0,0.0,8.25551533619812e-06
2026-08-22T03:29:00.099449,46.21,-8.177876765656633e-15,-6.60966049942243e-27,0.0,-8.448682260464583e-07,0.0,0.0,-4.2243411302321643e-07,0.9999999999999107,2.5759921143874553e-21,-6.617921754822466e-25,0.0,0.0,0.0,-0.00037277510754333355
2026-08-22T03:29:00.124156,46.22,-8.177790042405668e-15,-2.068749894057015e-32,0.0,-3.810285420513537e-12,0.0,0.0,-1.9051427102567686e-12,1.0,8.673600260811008e-18,-5.835578858666518e-25,0.0,0.0,0.0,-9.755451534505767e-05
2026-08-22T03:29:00.167074,46.25,-8.177833400980172e-15,-5.547874171618043e-27,0.0,-2.4058926313408335e-06,0.0,0.0,-1.2029463156701267e-06,0.9999999999992765,1.8418676898135423e-21,-5.553927472239621e-25,0.0,0.0,0.0,0.0001657429724179586
2026-08-22T03:29:00.189325,46.27,-8.177703297301532e-15,-3.59780277224963e-27,0.0,-2.156135997299913e-06,0.0,0.0,-1.0780679986497476e-06,0.9999999999994189,1.8035169877235067e-21,-3.6002361598575157e-25,0.0,0.0,0.0,0.00014361699050627992
2026-08-22T03:29:00.217948,46.29,-8.177746665331712e-15,-4.0740004705061376e-27,0.0,-3.411980701528705e-06,0.0,0.0,-1.705990350763525e-06,0.9999999999985448,1.7801674359908816e-21,-4.077313346147597e-25,0.0,0.0,0.0,0.000289407658766935
2026-08-22T03:29:00.237203,46.31,-8.177659793140977e-15,-2.6873905007062306e-27,0.0,3.338664296137495e-07,0.0,0.0,1.6693321480687396e-07,0.999999999999986,4.3658137653194054e-18,-2.6879755378691183e-25,0.0,0.0,0.0,-0.00011212082714277146
2026-08-22T03:29:00.266044,46.33,-8.177703299074858e-15,-2.7861569572190254e-27,0.0,-4.5721170804924327e-07,0.0,0.0,-2.2860585402461965e-07,0.9999999999999739,1.4011501656045465e-21,-2.7870403253741938e-25,0.0,0.0,0.0,-0.0002069747023532235
2026-08-22T03:29:00.301346,46.35,-8.177703299314432e-15,-2.7244200383993794e-27,0.0,-3.0502388899122934e-06,0.0,0.0,-1.5251194449555555e-06,0.999999999998837,1.3749194271320203e-21,-2.7251564695479676e-25,0.0,0.0,0.0,-7.794786026265284e-05
2026-08-22T03:29:00.318951,46.37,-8.177616427054863e-15,-1.498025081595326e-27,0.0,-6.167833621617547e-08,0.0,0.0,-3.083916810808773e-08,0.9999999999999996,4.365413610870347e-18,-1.4962422798944537e-25,0.0,0.0,0.0,0.0002657501429718477
2026-08-22T03:29:00.342941,46.39,-8.177746805309576e-15,-8.207775356644844e-28,0.0,2.2900981666573723e-06,0.0,0.0,1.145049083328436e-06,0.9999999999993444,-4.3630499481172046e-18,-8.177875840290383e-26,0.0,0.0,0.0,5.4624918509109345e-05
2026-08-22T03:29:00.361926,46.41,-8.17770329970091e-15,-1.8131683883523797e-27,0.0,-2.0313583894981946e-06,0.0,0.0,-1.0156791947489226e-06,0.9999999999994842,1.3193081640763224e-21,-1.812233425608922e-25,0.0,0.0,0.0,7.097618899295474e-05
2026-08-22T03:29:00.384564,46.42,-8.177746674232589e-15,2.3181886162620063e-32,0.0,-1.1017853296380054e-12,0.0,0.0,-5.508926648190027e-13,1.0,5.008482378953178e-27,-2.286060352551879e-25,0.0,0.0,0.0,-0.00021479720826768578
2026-08-22T03:29:00.416999,46.45,-8.17774666780498e-15,-2.232217946729784e-27,0.0,9.677961454457319e-08,0.0,0.0,4.838980727228657e-08,0.9999999999999988,1.2941902050544036e-21,-2.232068426963301e-25,0.0,0.0,0.0,-6.99278879023405e-05
2026-08-22T03:29:00.436282,46.47,-8.177572923194353e-15,-2.253288860885398e-27,0.0,1.0293001277972278e-06,0.0,0.0,5.146500638985912e-07,0.9999999999998676,8.729389869998579e-18,-2.253140941284759e-25,0.0,0.0,0.0,-0.00015207125888482361
2026-08-22T03:29:00.455322,46.49,-8.177659934921485e-15,-2.186989410306214e-27,0.0,-1.9267514517196105e-07,0.0,0.0,-9.633757258598038e-08,0.9999999999999953,5.927661153885998e-22,-2.186820658509675e-25,0.0,0.0,0.0,-7.383869260154416e-05
2026-08-22T03:29:00.484889,46.52,-8.177703306275524e-15,1.1107793987136668e-31,0.0,3.4789948699653905e-12,0.0,0.0,1.7394974349826953e-12,1.0,4.336791455518666e-18,-4.1504558796053205e-25,0.0,0.0,0.0,0.0002458079180133603
2026-08-22T03:29:00.501867,46.53,-8.177659797564313e-15,-4.153367303752066e-27,0.0,-2.9475492473451936e-06,0.0,0.0,-1.4737746236720634e-06,0.999999999998914,4.3649507867860216e-18,-4.157080485752895e-25,0.0,0.0,0.0,0.00029658355070719746
2026-08-22T03:29:00.530066,46.55,-8.177703303292445e-15,-4.4450459287942234e-27,0.0,-2.0009564236644906e-06,0.0,0.0,-1.0004782118320784e-06,0.9999999999994995,5.576377865281446e-22,-4.448977955835553e-25,0.0,0.0,0.0,8.498276718131619e-05
2026-08-22T03:29:00.552078,46.57,-8.177703439731126e-15,-4.098689448574661e-27,0.0,1.8714665470653813e-06,0.0,0.0,9.357332735325541e-07,0.9999999999995622,-4.363512605059416e-18,-4.102087234675479e-25,0.0,0.0,0.0,0.0001716151342103962
2026-08-22T03:29:00.572317,46.59,-8.177572925257032e-15,-5.652015882794673e-27,0.0,-2.37974941441621e-06,0.0,0.0,-1.1898747072078243e-06,0.9999999999992921,8.72898167337191e-18,-5.658606297926265e-25,0.0,0.0,0.0,-0.0001685080019508608
2026-08-22T03:29:00.591267,46.61,-8.177920417679553e-15,-1.1280788876404983e-26,0.0,4.4012645084023916e-08,0.0,0.0,2.2006322542011955e-08,0.9999999999999998,-8.727914986434338e-18,-1.1298026428474238e-24,0.0,0.0,0.0,0.00014188723221306477
2026-08-22T03:29:00.613793,46.63,-8.17779003838794e-15,-1.1857040421748363e-26,0.0,-1.0620308326103611e-06,0.0,0.0,-5.310154163051556e-07,0.999999999999859,8.470209181832936e-22,-1.187482388862591e-24,0.0,0.0,0.0,0.00029866554553185676
2026-08-22T03:29:00.644456,46.65,-8.177790038094784e-15,-1.1649088058927858e-26,0.0,-4.1820093654720836e-07,0.0,0.0,-2.0910046827360264e-07,0.9999999999999781,8.53611759425735e-22,-1.166628471117283e-24,0.0,0.0,0.0,3.212307573680927e-05
2026-08-22T03:29:00.669640,46.66,-8.17765993821031e-15,-3.423012756867429e-33,0.0,-8.126832540256146e-14,0.0,0.0,-4.063416270128073e-14,1.0,4.336800129128915e-18,-1.105452461449437e-24,0.0,0.0,0.0,-0.00010772330395786143
2026-08-22T03:29:00.690759,46.68,-8.177616569971627e-15,-4.715738400055856e-32,0.0,2.708944180085382e-13,0.0,0.0,1.354472090042691e-13,1.0,4.336808800693464e-18,-1.0502908416545449e-24,0.0,0.0,0.0,0.00036192602099975997
2026-08-22T03:29:00.714816,46.72,-8.177659938123582e-15,-4.8722426172179735e-32,0.0,-9.450218385609332e-13,0.0,0.0,-4.725109192804666e-13,1.0,4.336800125886823e-18,-4.761686935034313e-25,0.0,0.0,0.0,0.00019348418948460973
2026-08-22T03:29:00.732569,46.73,-8.177616433154075e-15,-4.765586334550741e-27,0.0,1.869821056654786e-06,0.0,0.0,9.349105283272567e-07,0.999999999999563,4.3641937754686746e-18,-4.769306062747655e-25,0.0,0.0,0.0,-1.2302282419343776e-05
2026-08-22T03:29:00.773803,46.75,-8.177573066640164e-15,-4.693808036468968e-27,0.0,2.11969859886807e-07,0.0,0.0,1.0598492994340327e-07,0.9999999999999943,4.363857496469674e-18,-4.697577261025272e-25,0.0,0.0,0.0,-0.00016219830221105778
2026-08-22T03:29:00.799467,46.77,-8.177703444948592e-15,-4.8520267141726374e-27,0.0,-3.2144809578582567e-06,0.0,0.0,-1.6072404789284363e-06,0.9999999999987084,-4.364595121722473e-18,-4.856041123581768e-25,0.0,0.0,0.0,-0.00019937209692485723
2026-08-22T03:29:00.818596,46.79,-8.177573066896832e-15,-1.7733519882079106e-27,0.0,4.021450421554107e-07,0.0,0.0,2.01072521077704e-07,0.9999999999999798,4.3638495303058246e-18,-1.7711545528006682e-25,0.0,0.0,0.0,4.456897935844358e-06
2026-08-22T03:29:00.841181,46.81,-8.177442827863788e-15,-1.8646383038771286e-27,0.0,1.2461656107021213e-06,0.0,0.0,6.230828053510203e-07,0.9999999999998059,8.727582170809228e-18,-1.8629796498099236e-25,0.0,0.0,0.0,-8.693937558109012e-05
2026-08-22T03:29:00.857765,46.83,-8.177486335329771e-15,-1.4570998189185016e-27,0.0,9.06717597892737e-07,0.0,0.0,4.533587989463528e-07,0.9999999999998972,4.362854464206162e-18,-1.4547132171076389e-25,0.0,0.0,0.0,-0.00022308227974691624
2026-08-22T03:29:00.893167,46.85,-8.17761671377004e-15,-1.2893897190909132e-27,0.0,1.1288523880104153e-06,0.0,0.0,5.644261940051776e-07,0.9999999999998407,-4.365594164995774e-18,-1.2867031252923008e-25,0.0,0.0,0.0,-1.3607999313092298e-05
2026-08-22T03:29:00.917185,46.87,-8.177486335655491e-15,-2.080061917839687e-27,0.0,-2.3949370908660232e-06,0.0,0.0,-1.1974685454327253e-06,0.999999999999283,4.3628630445562326e-18,-2.078866603528627e-25,0.0,0.0,0.0,-0.0002535681474178377
2026-08-22T03:29:00.933842,46.89,-8.177443105158552e-15,-2.3766723006582422e-27,0.0,-4.14513163793373e-07,0.0,0.0,-2.0725658189668502e-07,0.9999999999999786,-1.5025035535120283e-21,-2.3760415037365283e-25,0.0,0.0,0.0,-0.00019623051340424572
2026-08-22T03:29:00.958345,46.91,-8.177529977474886e-15,-2.4761158850298443e-27,0.0,3.054323447493346e-06,0.0,0.0,1.5271617237460792e-06,0.9999999999988339,-4.365548210637317e-18,-2.4757168764635283e-25,0.0,0.0,0.0,-0.00022658656212596272
2026-08-22T03:29:00.977974,46.92,-8.177399729732572e-15,-3.03343178585414e-32,0.0,6.576961197879427e-13,0.0,0.0,3.2884805989397137e-13,1.0,-8.677495491410333e-24,-4.569626582740141e-25,0.0,0.0,0.0,-8.039702984001036e-05
2026-08-22T03:29:01.005276,46.94,-8.1773563615153e-15,1.8680313205679892e-33,0.0,-1.4139800441625994e-12,0.0,0.0,-7.069900220812997e-13,1.0,4.336800120842289e-18,-4.169290471387566e-25,0.0,0.0,0.0,3.133663422609151e-05
2026-08-22T03:29:01.017082,46.97,-8.17744324090745e-15,-3.7974391942287194e-27,0.0,-2.260271889653609e-06,0.0,0.0,-1.130135944826564e-06,0.9999999999993614,-4.365491166936938e-18,-3.7993679754774082e-25,0.0,0.0,0.0,0.00015398446534124337
2026-08-22T03:29:01.035784,46.98,-8.177269625449376e-15,-8.830794494010483e-32,0.0,-6.008527009271347e-13,0.0,0.0,-3.0042635046356736e-13,1.0,1.3010391698228392e-17,-6.516993162181009e-26,0.0,0.0,0.0,-0.0002158633799290051
2026-08-22T03:29:01.069238,47.01,-8.177269635357538e-15,-2.8208960596181727e-27,0.0,1.120694100187336e-06,0.0,0.0,5.603470500936387e-07,0.999999999999843,-2.0725311055405054e-21,-2.8210116684093018e-25,0.0,0.0,0.0,0.00010199044146783881
2026-08-22T03:29:01.090377,47.03,-8.177269635681823e-15,-2.7555117226987585e-27,0.0,5.922371859590214e-07,0.0,0.0,2.9611859297950637e-07,0.9999999999999561,-2.072336935085128e-21,-2.755527070957796e-25,0.0,0.0,0.0,-8.589511316785598e-05
2026-08-22T03:29:01.132960,47.05,-8.177269635551582e-15,-2.690754969199884e-27,0.0,-2.2474927803273204e-06,0.0,0.0,-1.1237463901634236e-06,0.9999999999993686,-2.0462886097043665e-21,-2.690648558263225e-25,0.0,0.0,0.0,9.973879348952705e-05
2026-08-22T03:29:01.149999,47.07,-8.177313003469906e-15,-3.2011397445191412e-27,0.0,-3.4319790644943282e-06,0.0,0.0,-1.715989532246322e-06,0.9999999999985277,-2.0212470947810436e-21,-3.2019963552765327e-25,0.0,0.0,0.0,6.214370591319017e-05
2026-08-22T03:29:01.176994,47.09,-8.17731300338624e-15,-3.1288190634458737e-27,0.0,-1.2905000912333262e-06,0.0,0.0,-6.452500456166184e-07,0.9999999999997918,-1.9958406800430632e-21,-3.1295333525500275e-25,0.0,0.0,0.0,-0.0004040734373456539
2026-08-22T03:29:01.198322,47.11,-8.177356371307733e-15,-3.3869461696889216e-27,0.0,1.116537546863583e-07,0.0,0.0,5.582687734317912e-08,0.9999999999999984,-1.9714332737299704e-21,-3.388141890036071e-25,0.0,0.0,0.0,0.0002801041190747493
2026-08-22T03:29:01.221052,47.13,-8.177269498881217e-15,-3.35526763647156e-27,0.0,2.4384084076345407e-06,0.0,0.0,1.2192042038169682e-06,0.9999999999992568,4.362109320604607e-18,-3.35650332227954e-25,0.0,0.0,0.0,0.0002296351875793847
2026-08-22T03:29:01.260032,47.15,-8.177226132236298e-15,-2.683733017656535e-27,0.0,-4.891677805041183e-06,0.0,0.0,-2.445838902518153e-06,0.999999999997009,4.3617992423170496e-18,-2.68376118512586e-25,0.0,0.0,0.0,-7.833539692206543e-05
2026-08-22T03:29:01.278170,47.17,-8.17735651041537e-15,-6.576380059776381e-27,0.0,-8.687592520928433e-07,0.0,0.0,-4.34379626046408e-07,0.9999999999999056,-4.3666275045124785e-18,-6.583896814261155e-25,0.0,0.0,0.0,1.5837937915532462e-05
2026-08-22T03:29:01.304609,47.19,-8.177226268487999e-15,-5.712427649170895e-27,0.0,3.5799422004600956e-07,0.0,0.0,1.7899711002300383e-07,0.999999999999984,-2.2119210230971204e-21,-5.717934701694199e-25,0.0,0.0,0.0,0.0001275636407180138
2026-08-22T03:29:01.318536,47.21,-8.177400012802705e-15,-5.3267511173746655e-27,0.0,1.7806973091616385e-06,0.0,0.0,8.903486545807016e-07,0.9999999999996037,-8.730287446896655e-18,-5.33135332670553e-25,0.0,0.0,0.0,8.763233775006146e-06
2026-08-22T03:29:01.336916,47.23,-8.177313001019162e-15,-6.639565653985981e-27,0.0,1.0708670088455108e-06,0.0,0.0,5.354335044227298e-07,0.9999999999998567,-1.4790608436425106e-21,-6.646745523291519e-25,0.0,0.0,0.0,0.00034535959865863216
2026-08-22T03:29:01.389904,47.25,-8.177226128277198e-15,-6.922007849152242e-27,0.0,-3.4422316406157458e-06,0.0,0.0,-1.7211158203070227e-06,0.9999999999985189,4.362612741688196e-18,-6.929848675281279e-25,0.0,0.0,0.0,6.766079617423254e-05
2026-08-22T03:29:01.413073,47.26,-8.177269625233088e-15,-7.641429546200177e-32,0.0,-2.304822999121825e-12,0.0,0.0,-1.1524114995609125e-12,1.0,4.336808791439014e-18,-7.498684473682872e-25,0.0,0.0,0.0,-6.056477329750952e-05
2026-08-22T03:29:01.437358,47.28,-8.177182889146027e-15,-3.918231597565836e-32,0.0,1.035171948160496e-12,0.0,0.0,5.17585974080248e-13,1.0,4.336808790608594e-18,-6.73157083632454e-25,0.0,0.0,0.0,1.5383093737938715e-05
2026-08-22T03:29:01.457839,47.31,-8.177182901026383e-15,-7.021799487937139e-27,0.0,-5.533963660653285e-07,0.0,0.0,-2.766981830326607e-07,0.9999999999999617,-2.3976898533702574e-21,-7.0295095685583905e-25,0.0,0.0,0.0,-4.5530488430977697e-05
2026-08-22T03:29:01.477485,47.32,-8.177182889146303e-15,1.4007385990415185e-32,0.0,-8.406608742461685e-13,0.0,0.0,-4.2033043712308427e-13,1.0,-9.487351510794224e-27,-6.879916407669985e-25,0.0,0.0,0.0,-2.1904601835459563e-05
2026-08-22T03:29:01.535019,47.35,-8.177139532830936e-15,-6.699885545778309e-27,0.0,-5.039967354569798e-07,0.0,0.0,-2.519983677284872e-07,0.9999999999999682,-2.3456239701994382e-21,-6.706836719608961e-25,0.0,0.0,0.0,0.0001551322848093333
2026-08-22T03:29:01.560979,47.36,-8.177139521059404e-15,1.467256104981332e-32,0.0,8.72191208145523e-13,0.0,0.0,4.360956040727615e-13,1.0,-9.26457608179407e-27,-6.563791946701256e-25,0.0,0.0,0.0,-0.0002187874966309159
2026-08-22T03:29:01.582008,47.39,-8.17722626858845e-15,-7.559930463181722e-27,0.0,-9.431852987518141e-08,0.0,0.0,-4.7159264937590686e-08,0.9999999999999989,-2.2883867154822954e-21,-7.5684009896852205e-25,0.0,0.0,0.0,-0.00019370704885870166
2026-08-22T03:29:01.597558,47.41,-8.17731314087734e-15,-7.451582643295257e-27,0.0,6.430600105744588e-07,0.0,0.0,3.2153000528722386e-07,0.9999999999999483,-4.366315595858439e-18,-7.459861454928593e-25,0.0,0.0,0.0,0.0002487893036688453
2026-08-22T03:29:01.619102,47.43,-8.177226130612866e-15,-8.278482056403206e-27,0.0,5.999485814811578e-07,0.0,0.0,2.999742907405744e-07,0.999999999999955,4.362158621243471e-18,-8.288361860323681e-25,0.0,0.0,0.0,-0.00018350052038163897
2026-08-22T03:29:01.655307,47.45,-8.177443380900847e-15,-7.903570320765244e-27,0.0,-4.9324923034888e-07,0.0,0.0,-2.466246151744375e-07,0.9999999999999696,-8.730311378434005e-18,-7.912591549642159e-25,0.0,0.0,0.0,5.499756067551952e-05
2026-08-22T03:29:01.677703,47.47,-8.177356369267313e-15,-7.655296460372549e-27,0.0,-4.487145906839629e-06,0.0,0.0,-2.2435729534179324e-06,0.9999999999974832,-1.511310460110012e-21,-7.6637027223407075e-25,0.0,0.0,0.0,-0.000117728278190918
2026-08-22T03:29:01.697467,47.49,-8.177313000822374e-15,-6.3615837972408275e-27,0.0,3.951448288574967e-06,0.0,0.0,1.9757241442861975e-06,0.9999999999980482,-1.474396737538123e-21,-6.3674657164031265e-25,0.0,0.0,0.0,0.00025710956835393265
2026-08-22T03:29:01.726849,47.51,-8.17709588794745e-15,-1.0266564048968453e-26,0.0,3.176608251997948e-07,0.0,0.0,1.5883041259989672e-07,0.9999999999999873,8.726656762259594e-18,-1.0280400522107815e-24,0.0,0.0,0.0,-0.00031802379047146814
2026-08-22T03:29:01.743239,47.53,-8.177096027113465e-15,-1.1587881131879806e-26,0.0,2.936234164252482e-06,0.0,0.0,1.4681170821257138e-06,0.9999999999989223,4.361949985743056e-18,-1.1603498481517442e-24,0.0,0.0,0.0,0.0001602813543156126
2026-08-22T03:29:01.798794,47.55,-8.177139533107541e-15,-9.83438504034459e-27,0.0,2.4535913984991e-06,0.0,0.0,1.2267956992492422e-06,0.9999999999992475,-2.4313011524331826e-21,-9.846504857925596e-25,0.0,0.0,0.0,8.88488134859139e-05
2026-08-22T03:29:01.820896,47.57,-8.176965788414289e-15,-1.152806172223133e-26,0.0,8.097032178078223e-07,0.0,0.0,4.048516089039001e-07,0.9999999999999181,8.725702587530126e-18,-1.1543663758910463e-24,0.0,0.0,0.0,0.00020653179018923423
2026-08-22T03:29:01.838578,47.59,-8.177139672255663e-15,-9.324154184342853e-27,0.0,-2.5752888399566137e-07,0.0,0.0,-1.2876444199783031e-07,0.9999999999999917,-4.3671041424295375e-18,-9.334930394273749e-25,0.0,0.0,0.0,-0.00019300912871448127
2026-08-22T03:29:01.859469,47.61,-8.17705279849678e-15,-8.487352904141179e-27,0.0,-3.135784258923025e-07,0.0,0.0,-1.567892129461506e-07,0.9999999999999877,-2.6918661250637793e-21,-8.496642528246579e-25,0.0,0.0,0.0,-0.00044149985303063325
2026-08-22T03:29:01.878059,47.63,-8.177183038525632e-15,-8.523811859470535e-27,0.0,-1.5908536123987462e-06,0.0,0.0,-7.954268061992891e-07,0.9999999999996837,-4.366706064943415e-18,-8.533321209828753e-25,0.0,0.0,0.0,1.1307011753514454e-05
2026-08-22T03:29:01.909169,47.65,-8.177226404925018e-15,-8.38406941069739e-27,0.0,-9.094369413098491e-07,0.0,0.0,-4.547184706549089e-07,0.9999999999998966,-4.366338207339783e-18,-8.393156321290752e-25,0.0,0.0,0.0,-0.00021349305884728467
2026-08-22T03:29:01.932647,47.67,-8.176878913721787e-15,-6.048589930306535e-27,0.0,-2.37369431088652e-06,0.0,0.0,-1.1868471554429816e-06,0.9999999999992957,1.3090258218962313e-17,-6.052684162155072e-25,0.0,0.0,0.0,-0.00025025380399045606
2026-08-22T03:29:01.958039,47.69,-8.177052935176163e-15,-1.089822538633089e-26,0.0,4.394621004877308e-07,0.0,0.0,2.1973105024386364e-07,0.9999999999999759,-4.3669360137996235e-18,-1.0912249254856213e-24,0.0,0.0,0.0,-0.00018571256498207354
2026-08-22T03:29:01.976247,47.71,-8.17683568489096e-15,-1.0725333717854104e-26,0.0,-1.0886871875115391e-06,0.0,0.0,-5.443435937557426e-07,0.9999999999998519,8.725576797872581e-18,-1.0738411415034441e-24,0.0,0.0,0.0,0.0001692946458835503
2026-08-22T03:29:01.992860,47.73,-8.17674895153497e-15,-9.663820205347766e-27,0.0,1.388312769634581e-06,0.0,0.0,6.941563848172347e-07,0.9999999999997591,8.72494818869331e-18,-9.67485086472322e-25,0.0,0.0,0.0,1.667690979604284e-05
2026-08-22T03:29:02.040225,47.75,-8.176835963285975e-15,-8.324881782769202e-27,0.0,-8.457938065475902e-07,0.0,0.0,-4.2289690327378243e-07,0.9999999999999106,-3.810322940069975e-21,-8.333376162285106e-25,0.0,0.0,0.0,-0.0003159904967691162
2026-08-22T03:29:02.064574,47.77,-8.17683596334953e-15,-8.161884772354935e-27,0.0,-3.277293920689317e-07,0.0,0.0,-1.638646960344651e-07,0.9999999999999866,-3.7796666429794985e-21,-8.170016479786312e-25,0.0,0.0,0.0,0.00010040900812281281
2026-08-22T03:29:02.083097,47.79,-8.17700970780395e-15,-8.253286676505129e-27,0.0,-3.1514479816863172e-06,0.0,0.0,-1.5757239908425066e-06,0.9999999999987585,-8.731844105109396e-18,-8.261494702175752e-25,0.0,0.0,0.0,3.330236634809333e-05
2026-08-22T03:29:02.102660,47.81,-8.176835959828714e-15,-4.2206215259602465e-27,0.0,-4.254178812779231e-06,0.0,0.0,-2.1270894063880112e-06,0.9999999999977377,-3.0147936625477137e-21,-4.221216217384305e-25,0.0,0.0,0.0,-0.00010890185381918702
2026-08-22T03:29:02.128661,47.82,-8.176835944451114e-15,1.9449813893184958e-32,0.0,-4.452438417956728e-12,0.0,0.0,-2.226219208978364e-12,1.0,-1.1873355243078833e-26,-4.122017043585799e-25,0.0,0.0,0.0,-9.118672177973828e-05
2026-08-22T03:29:02.174436,47.85,-8.176966199456382e-15,-4.608096779362866e-27,0.0,2.145674133036124e-06,0.0,0.0,1.0728370665178562e-06,0.9999999999994245,-4.3669791130150115e-18,-4.609465863327866e-25,0.0,0.0,0.0,7.003147227949789e-05
2026-08-22T03:29:02.195811,47.87,-8.176922693492625e-15,-5.51316144643958e-27,0.0,-3.6015475224360216e-06,0.0,0.0,-1.8007737612170376e-06,0.9999999999983786,-2.5518497309598743e-21,-5.516177244306481e-25,0.0,0.0,0.0,0.00019895026678088122
2026-08-22T03:29:02.215892,47.89,-8.176835820834752e-15,-4.018796108004267e-27,0.0,-3.902319479553996e-06,0.0,0.0,-1.9511597397757596e-06,0.9999999999980965,4.361544818404059e-18,-4.018824055632601e-25,0.0,0.0,0.0,4.490300982720432e-05
2026-08-22T03:29:02.239103,47.91,-8.176966198846321e-15,-6.805001325711538e-27,0.0,2.0828973101849617e-06,0.0,0.0,1.0414486550922924e-06,0.9999999999994577,-4.366870111521745e-18,-6.810614661018423e-25,0.0,0.0,0.0,-0.00039956812625267525
2026-08-22T03:29:02.262218,47.93,-8.176922692997561e-15,-6.443645564484691e-27,0.0,-1.8533156107558568e-06,0.0,0.0,-9.266578053777957e-07,0.9999999999995707,-2.4528374421865065e-21,-6.448252590043633e-25,0.0,0.0,0.0,-1.9645676440678555e-05
2026-08-22T03:29:02.294315,47.95,-8.177052933084803e-15,-7.492233885654534e-27,0.0,1.9461833518086284e-06,0.0,0.0,9.730916759041605e-07,0.9999999999995266,-4.36647004051545e-18,-7.498982572732663e-25,0.0,0.0,0.0,0.00023721224714871032
2026-08-22T03:29:02.313811,47.97,-8.176965922853988e-15,-8.950443575702244e-27,0.0,4.22105121655747e-06,0.0,0.0,2.110525608277168e-06,0.9999999999977729,4.362006118120889e-18,-8.96002397048087e-25,0.0,0.0,0.0,-7.945093901019209e-05
2026-08-22T03:29:02.340093,47.98,-8.176966048668165e-15,1.1850695747620335e-31,0.0,2.8550495301260526e-12,0.0,0.0,1.4275247650630263e-12,1.0,4.336808789279701e-18,-8.958710403379378e-25,0.0,0.0,0.0,-0.00024169522831808476
2026-08-22T03:29:02.362475,48.01,-8.176966198173784e-15,-9.966381839141942e-27,0.0,3.850611829392392e-07,0.0,0.0,1.925305914696184e-07,0.9999999999999815,-4.3667182592067556e-18,-9.977743591226623e-25,0.0,0.0,0.0,-1.938555856301813e-05
2026-08-22T03:29:02.382300,48.03,-8.176966060294769e-15,-9.777202307996033e-27,0.0,-1.1640277355340347e-06,0.0,0.0,-5.820138677669844e-07,0.9999999999998306,-2.303573737817732e-21,-9.787854380551975e-25,0.0,0.0,0.0,-8.204531705520947e-05
2026-08-22T03:29:02.415618,48.05,-8.177052932387827e-15,-1.003440189894723e-26,0.0,5.241764169383599e-07,0.0,0.0,2.62088208469177e-07,0.9999999999999657,-4.366321973330349e-18,-1.0045559697298064e-24,0.0,0.0,0.0,0.00017588114920056783
2026-08-22T03:29:02.437470,48.07,-8.177096162515865e-15,-1.0229472471574735e-26,0.0,5.006786407690812e-07,0.0,0.0,2.5033932038453795e-07,0.9999999999999687,-1.9043290968939188e-21,-1.0240854928975005e-24,0.0,0.0,0.0,0.00016403238486579358
2026-08-22T03:29:02.461505,48.09,-8.1770961623314e-15,-1.0034831928318234e-26,0.0,2.001379370675238e-06,0.0,0.0,1.000689685337452e-06,0.9999999999994993,-1.8717731877494053e-21,-1.0045724229345572e-24,0.0,0.0,0.0,1.5559552591356738e-05
2026-08-22T03:29:02.478510,48.1,-8.177096152972496e-15,8.137953877221783e-33,0.0,1.7976731214730535e-12,0.0,0.0,8.988365607365267e-13,1.0,-7.392994296811452e-27,-9.832488963390655e-25,0.0,0.0,0.0,1.4844906799883906e-06
2026-08-22T03:29:02.499750,48.12,-8.177009416863476e-15,8.765283594914574e-33,0.0,-1.98552285723963e-12,0.0,0.0,-9.92761428619815e-13,1.0,4.336800118237758e-18,-9.652224479424446e-25,0.0,0.0,0.0,6.073138544100321e-05
2026-08-22T03:29:02.531537,48.15,-8.177009427370078e-15,-9.382278054385582e-27,0.0,-1.085063259687047e-06,0.0,0.0,-5.425316298434969e-07,0.9999999999998528,-2.1359506885862515e-21,-9.391717978364294e-25,0.0,0.0,0.0,-6.759378116117725e-05
2026-08-22T03:29:02.548944,48.17,-8.17705279543428e-15,-9.476440018828154e-27,0.0,5.141373960348973e-06,0.0,0.0,2.5706869801716546e-06,0.9999999999966958,-2.1184010483634795e-21,-9.485975180495573e-25,0.0,0.0,0.0,3.286735981097849e-05
2026-08-22T03:29:02.571097,48.2,-8.17700941664719e-15,3.3209837923594635e-32,0.0,-1.7319479184152442e-14,0.0,0.0,-8.659739592076221e-15,1.0,-4.336782789498862e-18,-1.2121215871317533e-24,0.0,0.0,0.0,-0.0001355431891579136
2026-08-22T03:29:02.619176,48.23,-8.177183037261474e-15,-1.1239916550664754e-26,0.0,4.3533258509143025e-07,0.0,0.0,2.176662925457134e-07,0.9999999999999764,-4.366440225507426e-18,-1.1252287733685188e-24,0.0,0.0,0.0,-0.00012902428887457914
2026-08-22T03:29:02.661386,48.25,-8.177313275915403e-15,-1.052931417102536e-26,0.0,7.518129998551616e-07,0.0,0.0,3.759064999275719e-07,0.9999999999999294,-8.730123063940772e-18,-1.0540444356954417e-24,0.0,0.0,0.0,-8.185545719324768e-05
2026-08-22T03:29:02.682221,48.27,-8.177182895943747e-15,-1.0677903535410941e-26,0.0,-1.3924546093946333e-07,0.0,0.0,-6.962273046973161e-08,0.9999999999999976,-1.3074457760870695e-21,-1.0689181835694676e-24,0.0,0.0,0.0,-9.535190312858543e-05
2026-08-22T03:29:02.704290,48.28,-8.177312993320797e-15,1.2655748191965248e-32,0.0,-9.108269694024784e-13,0.0,0.0,-4.554134847012392e-13,1.0,-8.673600255985892e-18,-1.060300726991e-24,0.0,0.0,0.0,-8.965154817935689e-05
2026-08-22T03:29:02.726205,48.31,-8.17731299657053e-15,-8.989122113094419e-27,0.0,2.6186798436356185e-06,0.0,0.0,1.309339921817435e-06,0.9999999999991428,-5.893402936652369e-22,-8.997026072299577e-25,0.0,0.0,0.0,0.0001304627675125142
2026-08-22T03:29:02.748236,48.33,-8.177356364277395e-15,-8.140773823140953e-27,0.0,-9.222918446738506e-07,0.0,0.0,-4.6114592233690884e-07,0.9999999999998936,-5.653742112681541e-22,-8.147082361815386e-25,0.0,0.0,0.0,7.517142141880932e-05
2026-08-22T03:29:02.799876,48.35,-8.177356364285226e-15,-7.974716192442062e-27,0.0,-7.047794903236593e-07,0.0,0.0,-3.5238974516182233e-07,0.9999999999999379,-5.582674532045069e-22,-7.980664975470659e-25,0.0,0.0,0.0,-2.1272636926586833e-05
2026-08-22T03:29:02.824387,48.37,-8.177443236596123e-15,-8.080449226253114e-27,0.0,-8.74968501207718e-07,0.0,0.0,-4.37484250603845e-07,0.9999999999999043,-4.364607223875018e-18,-8.086601248270452e-25,0.0,0.0,0.0,-3.373308030545883e-05
2026-08-22T03:29:02.844448,48.39,-8.177399730738067e-15,-7.491009108115824e-27,0.0,2.2811956812418543e-06,0.0,0.0,1.1405978406206798e-06,0.9999999999993495,-2.0977442423961016e-22,-7.495949050108163e-25,0.0,0.0,0.0,-1.7423785937863427e-05
2026-08-22T03:29:02.871998,48.41,-8.177312721975269e-15,-7.912761172606129e-27,0.0,-4.2538327527097413e-07,0.0,0.0,-2.1269163763548543e-07,0.9999999999999774,8.727912069548988e-18,-7.918715447503587e-25,0.0,0.0,0.0,0.00038731480663456506
2026-08-22T03:29:02.894218,48.43,-8.177443101743183e-15,-6.197325827667638e-27,0.0,5.546378005760744e-07,0.0,0.0,2.7731890028803364e-07,0.9999999999999616,-8.671380222330482e-22,-6.199589843491024e-25,0.0,0.0,0.0,-0.00015085285640115394
2026-08-22T03:29:02.947871,48.45,-8.177443102035076e-15,-6.061229180024589e-27,0.0,-1.4514960784417497e-06,0.0,0.0,-7.257480392208111e-07,0.9999999999997367,-8.73476034668691e-22,-6.063388673537868e-25,0.0,0.0,0.0,0.00010899203901620189
2026-08-22T03:29:02.971284,48.47,-8.177529974326163e-15,-6.482251892612047e-27,0.0,-2.7611718027564795e-06,0.0,0.0,-1.380585901377801e-06,0.999999999999047,-4.364918470455704e-18,-6.485232703799731e-25,0.0,0.0,0.0,1.2066115405255152e-05
2026-08-22T03:29:02.997419,48.49,-8.177573340794529e-15,-6.362739155307021e-27,0.0,-3.327662718710656e-06,0.0,0.0,-1.6638313593545602e-06,0.9999999999986159,-4.364573082372045e-18,-6.365584107330635e-25,0.0,0.0,0.0,6.276188142017523e-05
2026-08-22T03:29:03.019883,48.51,-8.177529834787107e-15,-5.1017678131512586e-27,0.0,-1.0524573355041866e-06,0.0,0.0,-5.262286677520691e-07,0.9999999999998616,-1.6744317699082274e-22,-5.10207105093273e-25,0.0,0.0,0.0,0.0001179588069798065
2026-08-22T03:29:03.037580,48.53,-8.177703443064914e-15,-5.923216954825273e-27,0.0,5.099035062183788e-06,0.0,0.0,2.5495175310891317e-06,0.9999999999967499,-4.364214052077178e-18,-5.925070878316549e-25,0.0,0.0,0.0,-6.271709637215885e-05
2026-08-22T03:29:03.101977,48.55,-8.1776599373183e-15,-7.597014065749597e-27,0.0,-9.932404196888456e-07,0.0,0.0,-4.966202098444024e-07,0.9999999999998767,1.7845582133745884e-22,-7.601978451042803e-25,0.0,0.0,0.0,0.000377269339876637
2026-08-22T03:29:03.129967,48.57,-8.17792041796383e-15,-8.705429501995235e-27,0.0,3.3083692287938504e-06,0.0,0.0,1.6541846143961707e-06,0.9999999999986319,-8.727928474498317e-18,-8.71229822283114e-25,0.0,0.0,0.0,-0.00022450739849622548
2026-08-22T03:29:03.155061,48.59,-8.177920278761253e-15,-8.663254081478722e-27,0.0,1.5299178923733334e-06,0.0,0.0,7.649589461865922e-07,0.9999999999997075,-4.363205712878085e-18,-8.669948673948673e-25,0.0,0.0,0.0,-0.00011922944087818695
2026-08-22T03:29:03.173935,48.61,-8.177833404641328e-15,-9.161898183463828e-27,0.0,8.701504587982357e-07,0.0,0.0,4.350752293991041e-07,0.9999999999999054,1.192037409249536e-21,-9.169664434713632e-25,0.0,0.0,0.0,-0.00010455336159418511
2026-08-22T03:29:03.194244,48.63,-8.1779637811664e-15,-8.53495293712236e-27,0.0,1.267538312532679e-06,0.0,0.0,6.33769156266297e-07,0.9999999999997992,-8.726925595033961e-18,-8.541481901515902e-25,0.0,0.0,0.0,0.0002513537882687412
2026-08-22T03:29:03.224832,48.65,-8.17796364189676e-15,-1.014507092819064e-26,0.0,4.287704373329148e-06,0.0,0.0,2.143852186662932e-06,0.999999999997702,-4.36221543981832e-18,-1.0154552992291021e-24,0.0,0.0,0.0,-0.00020819997600175864
2026-08-22T03:29:03.249172,48.67,-8.177876767839069e-15,-1.2159163234069679e-26,0.0,3.596503557634634e-06,0.0,0.0,1.7982517788163477e-06,0.9999999999983832,2.169863165850071e-21,-1.2172381118705677e-24,0.0,0.0,0.0,-1.1827217231206825e-05
2026-08-22T03:29:03.268801,48.69,-8.177876767780564e-15,-1.1925767418207408e-26,0.0,-1.5479747172975067e-06,0.0,0.0,-7.73987358648676e-07,0.9999999999997005,2.151207634155858e-21,-1.1938491166785116e-24,0.0,0.0,0.0,-1.0014466282125218e-05
2026-08-22T03:29:03.290169,48.71,-8.178050376355605e-15,-1.3079501771976808e-26,0.0,1.166726706358645e-06,0.0,0.0,5.833633531792894e-07,0.9999999999998298,-4.361933164589959e-18,-1.3094397067461154e-24,0.0,0.0,0.0,-0.00014418796662319405
2026-08-22T03:29:03.309039,48.72,-8.178136987036895e-15,-7.782379221552957e-32,0.0,-2.2870594307278225e-13,0.0,0.0,-1.1435297153639112e-13,1.0,-8.67360891451225e-18,-1.1709089107510054e-24,0.0,0.0,0.0,0.00021129361764154317
2026-08-22T03:29:03.356336,48.75,-8.178223844234972e-15,-1.3709023996220736e-26,0.0,-9.347694955863518e-07,0.0,0.0,-4.6738474779315885e-07,0.9999999999998908,-4.360978810648925e-18,-1.372470948964483e-24,0.0,0.0,0.0,5.753236345067421e-05
2026-08-22T03:29:03.375645,48.77,-8.17822370634886e-15,-1.347603136756184e-26,0.0,4.772316795076392e-07,0.0,0.0,2.3861583975381734e-07,0.9999999999999716,3.389589567780759e-21,-1.3491273262667382e-24,0.0,0.0,0.0,6.81041393561088e-05
2026-08-22T03:29:03.394370,48.79,-8.17813683410776e-15,-1.3402224405343785e-26,0.0,-4.211820452404425e-07,0.0,0.0,-2.1059102262021966e-07,0.9999999999999778,4.367411576635193e-18,-1.3417252999785526e-24,0.0,0.0,0.0,-2.3013651357072562e-05
2026-08-22T03:29:03.422560,48.8,-8.178136986992434e-15,-1.1711595974576341e-32,0.0,-5.426770144367765e-13,0.0,0.0,-2.7133850721838826e-13,1.0,8.673608935711377e-18,-1.3140201185839473e-24,0.0,0.0,0.0,-0.00013007529999887457
2026-08-22T03:29:03.444111,48.83,-8.178180343572827e-15,-1.4913253298490166e-26,0.0,7.195684466054786e-07,0.0,0.0,3.597842233027315e-07,0.9999999999999353,2.2623717321737e-21,-1.4930913731007307e-24,0.0,0.0,0.0,-0.00016690058156723148
2026-08-22T03:29:03.496504,48.85,-8.178180344061405e-15,-1.463344218398407e-26,0.0,1.1823663057519695e-06,0.0,0.0,5.911831528759504e-07,0.9999999999998253,2.216697121264196e-21,-1.4650385681127866e-24,0.0,0.0,0.0,6.702378974850743e-05
2026-08-22T03:29:03.521862,48.86,-8.178223723210423e-15,-2.578308047869384e-32,0.0,1.5440981826486677e-12,0.0,0.0,7.720490913243339e-13,1.0,-4.336800116562921e-18,-1.3889629485751839e-24,0.0,0.0,0.0,0.0002719272409332262
2026-08-22T03:29:03.540910,48.89,-8.17822371086086e-15,-1.4532173260665297e-26,0.0,-1.0401672891902083e-06,0.0,0.0,-5.200836445950806e-07,0.9999999999998648,2.4958683399727767e-21,-1.4548672769750862e-24,0.0,0.0,0.0,-4.362170543890577e-05
2026-08-22T03:29:03.581168,48.91,-8.178223710866205e-15,-1.4257035872304925e-26,0.0,2.4394575968145205e-06,0.0,0.0,1.2197287984069578e-06,0.9999999999992562,2.4731152448571448e-21,-1.4272906239456118e-24,0.0,0.0,0.0,2.2951160689128783e-05
2026-08-22T03:29:03.602405,48.93,-8.178223847273757e-15,-1.429932338634225e-26,0.0,1.0702119497274511e-06,0.0,0.0,5.351059748637e-07,0.9999999999998568,-4.361612585434372e-18,-1.4315006930352092e-24,0.0,0.0,0.0,0.0002767291547756241
2026-08-22T03:29:03.647238,48.95,-8.178353949957022e-15,-1.41931065664877e-26,0.0,-3.239232831298012e-06,0.0,0.0,-1.6196164156482975e-06,0.9999999999986884,-4.361310110214218e-18,-1.420851847697038e-24,0.0,0.0,0.0,4.239187941914473e-05
2026-08-22T03:29:03.672297,48.97,-8.17857092502723e-15,-1.6913186657479485e-26,0.0,-2.528213179697758e-06,0.0,0.0,-1.2641065898485423e-06,0.999999999999201,-8.725058790830875e-18,-1.6934059027552415e-24,0.0,0.0,0.0,-0.0004238723173732637
2026-08-22T03:29:03.691703,48.99,-8.178527417806567e-15,-1.2792631186647741e-26,0.0,1.0185783505534122e-07,0.0,0.0,5.092891752767057e-08,0.9999999999999987,-4.360362801556397e-18,-1.2805349842569335e-24,0.0,0.0,0.0,0.00029807873982299336
2026-08-22T03:29:03.729648,49.01,-8.178483911868879e-15,-1.334620104033631e-26,0.0,-2.500029816054905e-06,0.0,0.0,-1.250014908027127e-06,0.9999999999992187,3.9985349242174195e-21,-1.3359817306947869e-24,0.0,0.0,0.0,0.00012137285755358556
2026-08-22T03:29:03.753990,49.03,-8.178483911968664e-15,-1.3087323962291418e-26,0.0,-1.3289602263100164e-07,0.0,0.0,-6.644801131550077e-08,0.9999999999999978,3.9568939958892455e-21,-1.3100285895210585e-24,0.0,0.0,0.0,-1.2880350933665081e-05
2026-08-22T03:29:03.801357,49.05,-8.178440544170418e-15,-1.279779321751013e-26,0.0,5.512704577270711e-07,0.0,0.0,2.7563522886353204e-07,0.999999999999962,3.907837016583813e-21,-1.2810112876420051e-24,0.0,0.0,0.0,-8.363542380644955e-06
2026-08-22T03:29:03.829046,49.07,-8.178440544372652e-15,-1.2546208582833466e-26,0.0,-3.363562375291451e-07,0.0,0.0,-1.6817811876457177e-07,0.9999999999999859,3.858716984205295e-21,-1.2557962273936685e-24,0.0,0.0,0.0,-1.6355601337682142e-05
2026-08-22T03:29:03.858432,49.08,-8.178483931687892e-15,-4.1926420275848644e-33,0.0,-4.156675004196586e-13,0.0,0.0,-2.078337502098293e-13,1.0,4.3368001401200415e-18,-1.2330615329514686e-24,0.0,0.0,0.0,0.0006301549411986547
2026-08-22T03:29:03.882810,49.11,-8.178570786858546e-15,-6.801318133336403e-27,0.0,-2.27927214746515e-06,0.0,0.0,-1.1396360737323283e-06,0.9999999999993506,-4.360629540017283e-18,-6.801610818427313e-25,0.0,0.0,0.0,0.00013473511558585456
2026-08-22T03:29:03.906563,49.12,-8.178527299927123e-15,9.368188012743996e-32,0.0,-7.771561172376096e-13,0.0,0.0,-3.885780586188048e-13,1.0,-4.336808783623037e-18,-6.400320875154635e-25,0.0,0.0,0.0,-2.8334184528390726e-05
2026-08-22T03:29:03.956687,49.15,-8.178614016009787e-15,-6.738507887087411e-27,0.0,9.782769048172215e-07,0.0,0.0,4.891384524085912e-07,0.9999999999998803,4.00514612241095e-21,-6.739182554598387e-25,0.0,0.0,0.0,5.9081706662373494e-05
2026-08-22T03:29:03.971716,49.17,-8.178527143850739e-15,-6.956104723468938e-27,0.0,-9.458111276394732e-07,0.0,0.0,-4.7290556381971896e-07,0.9999999999998882,4.368019396108281e-18,-6.957224085098804e-25,0.0,0.0,0.0,-0.00023821541326471993
2026-08-22T03:29:03.994032,49.19,-8.178570649923242e-15,-7.774864044200204e-27,0.0,-1.7108118095521265e-06,0.0,0.0,-8.554059047759589e-07,0.9999999999996342,3.57905714865603e-21,-7.777491120439126e-25,0.0,0.0,0.0,9.679345155097849e-05
2026-08-22T03:29:04.012778,49.21,-8.178614018346623e-15,-8.039993137724232e-27,0.0,-1.593124816956504e-06,0.0,0.0,-7.965624084781676e-07,0.9999999999996827,3.5247716173356624e-21,-8.043048670735759e-25,0.0,0.0,0.0,-0.00033602888860370943
2026-08-22T03:29:04.031184,49.24,-8.178700772187716e-15,1.0829430760357566e-32,0.0,-6.865619184281968e-13,0.0,0.0,-3.432809592140984e-13,1.0,1.3741529796183728e-26,-8.488572679757818e-25,0.0,0.0,0.0,-0.00016818378342252864
2026-08-22T03:29:04.069169,49.25,-8.17870075501076e-15,-8.492405294075492e-27,0.0,5.021347444511548e-06,0.0,0.0,2.5106737222531363e-06,0.9999999999968483,3.435377620369699e-21,-8.49625995319048e-25,0.0,0.0,0.0,-0.0002613047762611819
2026-08-22T03:29:04.090368,49.27,-8.178700755226666e-15,-8.307614409267704e-27,0.0,2.285607961560743e-06,0.0,0.0,1.1428039807801226e-06,0.999999999999347,3.3921964126273485e-21,-8.31109257706963e-25,0.0,0.0,0.0,-0.00031444554740844193
2026-08-22T03:29:04.106674,49.29,-8.17857051504695e-15,-9.584268030694708e-27,0.0,-4.952652843392968e-07,0.0,0.0,-2.476326421696459e-07,0.9999999999999694,4.367406211021698e-18,-9.590143171142983e-25,0.0,0.0,0.0,-0.00032076262601637854
2026-08-22T03:29:04.135593,49.31,-8.178527148691568e-15,-1.0209327301341198e-26,0.0,-6.785554997890131e-07,0.0,0.0,-3.3927774989450003e-07,0.9999999999999425,4.367029552902553e-18,-1.0216240862567972e-24,0.0,0.0,0.0,-0.000210174737209976
2026-08-22T03:29:04.155888,49.33,-8.178570654853373e-15,-1.07997310187896e-26,0.0,-1.5586034498582535e-06,0.0,0.0,-7.793017249290479e-07,0.9999999999996964,2.5930369376011654e-21,-1.0807824543443578e-24,0.0,0.0,0.0,3.644925834234142e-06
2026-08-22T03:29:04.192315,49.35,-8.17844027852282e-15,-9.785351217941413e-27,0.0,1.314254521656011e-06,0.0,0.0,6.571272608279581e-07,0.9999999999997841,8.73066309243922e-18,-9.79125119897119e-25,0.0,0.0,0.0,1.1776743785581198e-05
2026-08-22T03:29:04.217015,49.37,-8.178657530766249e-15,-7.6665240647584e-27,0.0,5.546580157833602e-06,0.0,0.0,2.7732900789132464e-06,0.9999999999961544,-4.362206668148404e-18,-7.6684799560007715e-25,0.0,0.0,0.0,0.0001520025052447673
2026-08-22T03:29:04.241984,49.39,-8.178440280713491e-15,-1.426236520056174e-26,0.0,-7.648043265362505e-07,0.0,0.0,-3.8240216326811583e-07,0.9999999999999268,8.730255316999261e-18,-1.4277601128991367e-24,0.0,0.0,0.0,0.00018895230532448777
2026-08-22T03:29:04.260233,49.41,-8.178570660390434e-15,-1.380055235136939e-26,0.0,4.984447752320876e-07,0.0,0.0,2.4922238761604117e-07,0.9999999999999689,1.4552742300599484e-21,-1.3813940927109788e-24,0.0,0.0,0.0,0.0001857265789939577
2026-08-22T03:29:04.282472,49.42,-8.17852729986155e-15,1.1247439370750419e-32,0.0,1.9624302183274267e-12,0.0,0.0,9.812151091637134e-13,1.0,4.336800131031949e-18,-1.3707018897731163e-24,0.0,0.0,0.0,-0.00011895982118620145
2026-08-22T03:29:04.323357,49.45,-8.178614030488803e-15,-1.4240325950087268e-26,0.0,8.410056442365033e-07,0.0,0.0,4.2050282211823924e-07,0.9999999999999116,1.0659931476327154e-21,-1.4254403874009712e-24,0.0,0.0,0.0,0.00021407550055426558
2026-08-22T03:29:04.348221,49.48,-8.178787508253935e-15,1.3016526663224842e-31,0.0,-1.3291590050812374e-12,0.0,0.0,-6.645795025406187e-13,1.0,-1.3010400372050949e-17,-1.6571709126341627e-24,0.0,0.0,0.0,4.742219453289246e-05
2026-08-22T03:29:04.372204,49.49,-8.17891801594453e-15,-1.6589728878208973e-26,0.0,2.9176639468886383e-06,0.0,0.0,1.4588319734438014e-06,0.9999999999989359,-1.3091137746972296e-17,-1.660835582044301e-24,0.0,0.0,0.0,0.00012964500554574405
2026-08-22T03:29:04.396094,49.51,-8.178831002881466e-15,-2.027861722826924e-26,0.0,2.954512218877881e-06,0.0,0.0,1.477256109438403e-06,0.9999999999989089,-4.362034428330525e-18,-2.0303618601757835e-24,0.0,0.0,0.0,0.0003140787058760581
2026-08-22T03:29:04.419031,49.53,-8.178700624341223e-15,-2.2976495780807246e-26,0.0,1.3323482765947863e-06,0.0,0.0,6.661741382973437e-07,0.9999999999997781,4.366412512246804e-18,-2.300687259898456e-24,0.0,0.0,0.0,-0.00017796858635541407
2026-08-22T03:29:04.449358,49.55,-8.17861388976831e-15,-2.335000848905073e-26,0.0,-3.9407592433704503e-07,0.0,0.0,-1.9703796216852127e-07,0.9999999999999806,4.366057643091261e-18,-2.3380557810185303e-24,0.0,0.0,0.0,5.9535325480494693e-05
2026-08-22T03:29:04.467758,49.56,-8.178657404013828e-15,-3.9365861451919806e-32,0.0,1.6786572132332367e-13,0.0,0.0,8.393286066166183e-14,1.0,4.3368088050283066e-18,-2.284301970342506e-24,0.0,0.0,0.0,-2.4620415921897975e-05
2026-08-22T03:29:04.498067,49.59,-8.178657397647513e-15,-2.2322778142657714e-26,0.0,-8.878299220249631e-07,0.0,0.0,-4.4391496101246695e-07,0.9999999999999015,1.2689765267399064e-21,-2.2350874525361197e-24,0.0,0.0,0.0,-0.00015267416676135944
2026-08-22T03:29:04.513967,49.61,-8.17874427022476e-15,-2.225027556609819e-26,0.0,3.4567732738466366e-06,0.0,0.0,1.7283866369224575e-06,0.9999999999985063,-4.362811566465355e-18,-2.2278150371474107e-24,0.0,0.0,0.0,0.0001968674137301354
2026-08-22T03:29:04.533952,49.63,-8.178787636825542e-15,-2.2355556894075044e-26,0.0,-3.1497091068644076e-06,0.0,0.0,-1.5748545534315524e-06,0.9999999999987599,-4.3624926612689275e-18,-2.238308783524828e-24,0.0,0.0,0.0,2.596372025325764e-05
2026-08-22T03:29:04.559925,49.65,-8.178744130948872e-15,-2.0793158044729115e-26,0.0,-1.177026106802259e-06,0.0,0.0,-5.885130534010956e-07,0.9999999999998268,1.8868279345458665e-21,-2.081777044299798e-24,0.0,0.0,0.0,-7.785711199203031e-05
2026-08-22T03:29:04.582937,49.67,-8.1785705224761e-15,-1.9351890921607525e-26,0.0,8.144214715954944e-07,0.0,0.0,4.0721073579773597e-07,0.9999999999999171,4.3659290627243525e-18,-1.9373502519225027e-24,0.0,0.0,0.0,0.0002611321684096493
2026-08-22T03:29:04.607013,49.69,-8.17870090067648e-15,-1.7687641074675523e-26,0.0,-1.1843708151992871e-06,0.0,0.0,-5.921854075996089e-07,0.9999999999998247,-4.362540975681951e-18,-1.7705854555457397e-24,0.0,0.0,0.0,-0.00024502991818082257
2026-08-22T03:29:04.629076,49.71,-8.178787635492711e-15,-1.7015114103163547e-26,0.0,-2.5525477731491726e-08,0.0,0.0,-1.276273886574586e-08,0.9999999999999999,-4.362234770011337e-18,-1.7032227460905285e-24,0.0,0.0,0.0,0.00018578815510401635
2026-08-22T03:29:04.649725,49.73,-8.178787497722543e-15,-1.7157051441262854e-26,0.0,2.1655464528258506e-06,0.0,0.0,1.0827732264127137e-06,0.9999999999994138,2.1407983623535422e-21,-1.7174240369438657e-24,0.0,0.0,0.0,0.00018794510726010316
2026-08-22T03:29:04.688614,49.75,-8.178831002047994e-15,-1.6547642507103608e-26,0.0,-2.6306018079402804e-06,0.0,0.0,-1.315300903969761e-06,0.999999999999135,-4.361932785580734e-18,-1.65633220950728e-24,0.0,0.0,0.0,-0.00026931946963114
2026-08-22T03:29:04.715528,49.77,-8.178961241006622e-15,-1.6527408597377995e-26,0.0,-3.570234075489509e-06,0.0,0.0,-1.7851170377438065e-06,0.9999999999984067,-8.725680900061212e-18,-1.6543565724143509e-24,0.0,0.0,0.0,-4.708249359264028e-05
2026-08-22T03:29:04.730894,49.79,-8.178874229361078e-15,-1.3207178423739782e-26,0.0,-1.8220224355935959e-06,0.0,0.0,-9.110112177966717e-07,0.999999999999585,3.0782025655608562e-21,-1.3216498010925823e-24,0.0,0.0,0.0,-0.00024148796129288172
2026-08-22T03:29:04.751082,49.81,-8.17891759729844e-15,-1.340100132882047e-26,0.0,-3.359340654540688e-06,0.0,0.0,-1.679670327269554e-06,0.9999999999985894,3.0560692410209283e-21,-1.341063898338903e-24,0.0,0.0,0.0,6.861468045319389e-05
2026-08-22T03:29:04.772372,49.83,-8.178917597533875e-15,-1.3125481054840466e-26,0.0,-3.388378457813702e-06,0.0,0.0,-1.6941892289060401e-06,0.9999999999985648,3.017656024477494e-21,-1.3134527868375274e-24,0.0,0.0,0.0,-0.00016274526752259699
2026-08-22T03:29:04.814964,49.85,-8.178917597723528e-15,-1.2854688406423251e-26,0.0,2.4679632475432815e-06,0.0,0.0,1.2339816237713274e-06,0.9999999999992386,2.9797253961481448e-21,-1.2863157790997668e-24,0.0,0.0,0.0,-0.0002423394780176728
2026-08-22T03:29:04.838033,49.87,-8.179004470256781e-15,-1.1643265166073782e-26,0.0,-4.146381609615446e-06,0.0,0.0,-2.0731908048062377e-06,0.9999999999978509,-4.361113702062363e-18,-1.1649335555647784e-24,0.0,0.0,0.0,-0.00011382621657536173
2026-08-22T03:29:04.860384,49.89,-8.17904783696427e-15,-1.1088940429246176e-26,0.0,3.1159000584146668e-06,0.0,0.0,1.5579500292067032e-06,0.9999999999987864,-4.3608161382683646e-18,-1.1094230556230921e-24,0.0,0.0,0.0,-8.083251012521423e-05
2026-08-22T03:29:04.879175,49.9,-8.179091084970077e-15,-7.696961898767148e-32,0.0,1.9237944570704713e-12,0.0,0.0,9.618972285352356e-13,1.0,-4.3368087847649004e-18,-9.852651259553963e-25,0.0,0.0,0.0,0.00034051695726892056
2026-08-22T03:29:04.904687,49.93,-8.179264810568868e-15,-8.763835880871956e-27,0.0,-1.4122304818897648e-06,0.0,0.0,-7.061152409448237e-07,0.9999999999997508,-8.724271699245559e-18,-8.763961205784303e-25,0.0,0.0,0.0,0.0002145100085806508
2026-08-22T03:29:04.929824,49.95,-8.17917779901189e-15,-8.572359719214256e-27,0.0,1.4051884011934135e-06,0.0,0.0,7.025942005966489e-07,0.9999999999997532,4.46969035496625e-21,-8.572688462876185e-25,0.0,0.0,0.0,4.031684717774397e-05
2026-08-22T03:29:04.950874,49.97,-8.179351407429618e-15,-7.116267995528822e-27,0.0,8.041152899096459e-07,0.0,0.0,4.0205764495481214e-07,0.9999999999999192,-4.359626586415743e-18,-7.113663240551193e-25,0.0,0.0,0.0,0.00021005111957244087
2026-08-22T03:29:04.971865,49.99,-8.179307901971319e-15,-7.787517847678915e-27,0.0,-5.750916494129399e-07,0.0,0.0,-2.8754582470646597e-07,0.9999999999999587,4.708259044921602e-21,-7.7863383314760635e-25,0.0,0.0,0.0,0.00027949415561872535
2026-08-22T03:29:05.003585,50.01,-8.179264534068783e-15,-7.451976193537966e-27,0.0,1.0248113815336524e-06,0.0,0.0,5.124056907668037e-07,0.9999999999998688,4.658376603537494e-21,-7.450128112061441e-25,0.0,0.0,0.0,-0.00048474421595224416
2026-08-22T03:29:05.029470,50.02,-8.179351293448368e-15,-2.9810344142122043e-32,0.0,-3.184563723834799e-12,0.0,0.0,-1.5922818619173995e-12,1.0,-8.673600232237222e-18,-6.491455993883683e-25,0.0,0.0,0.0,9.11039627302783e-05
2026-08-22T03:29:05.070211,50.05,-8.179177522960462e-15,-9.99383550340172e-27,0.0,-2.758974976035944e-06,0.0,0.0,-1.3794874880175344e-06,0.9999999999990485,8.733323045801769e-18,-9.997434781211616e-25,0.0,0.0,0.0,0.0002490202862744018
2026-08-22T03:29:05.092512,50.07,-8.17926453463176e-15,-1.062089350169124e-26,0.0,4.026604094597986e-07,0.0,0.0,2.0133020472989791e-07,0.9999999999999797,4.493741379771254e-21,-1.0624926908042167e-24,0.0,0.0,0.0,-0.00016576909258544698
2026-08-22T03:29:05.116974,50.08,-8.179307925360925e-15,7.255345939024044e-33,0.0,-1.0458300891968975e-12,0.0,0.0,-5.229150445984487e-13,1.0,1.749524052137324e-26,-1.0282066006099946e-24,0.0,0.0,0.0,-0.00020020263289665695
2026-08-22T03:29:05.136643,50.1,-8.179307925404293e-15,7.622750225929015e-33,0.0,-2.3092638912203256e-13,0.0,0.0,-1.1546319456101628e-13,1.0,1.7455188825229814e-26,-1.0055004206896569e-24,0.0,0.0,0.0,-0.00023603555592689927
2026-08-22T03:29:05.156985,50.12,-8.179221189295277e-15,-4.033090138296491e-32,0.0,-3.4012792582416296e-12,0.0,0.0,-1.7006396291208148e-12,1.0,4.33680014277361e-18,-8.33047867630911e-25,0.0,0.0,0.0,-0.00015595075736049018
2026-08-22T03:29:05.191942,50.15,-8.179221305769613e-15,-8.235791357984574e-27,0.0,-1.305102538040615e-06,0.0,0.0,-6.52551269020261e-07,0.9999999999997871,-4.360133712551538e-18,-8.235388438846691e-25,0.0,0.0,0.0,-8.292768873062317e-05
2026-08-22T03:29:05.210649,50.16,-8.179264557317667e-15,2.1537264024780442e-32,0.0,-1.7785772854495008e-12,0.0,0.0,-8.892886427247504e-13,1.0,-4.3368087821037645e-18,-8.158120356777267e-25,0.0,0.0,0.0,4.753463283708045e-05
2026-08-22T03:29:05.235354,50.18,-8.1792645574044e-15,2.2072011592134847e-32,0.0,1.2070344723724702e-12,0.0,0.0,6.035172361862351e-13,1.0,-4.3368087805404794e-18,-8.33656498754567e-25,0.0,0.0,0.0,-0.0001841209271534494
2026-08-22T03:29:05.256827,50.21,-8.179177524947505e-15,-6.566620915465615e-27,0.0,5.031750078821062e-07,0.0,0.0,2.5158750394105047e-07,0.9999999999999684,8.732886609307962e-18,-6.5627035993953835e-25,0.0,0.0,0.0,4.764053863776898e-05
2026-08-22T03:29:05.280929,50.22,-8.179351293296312e-15,-1.5258741175439793e-32,0.0,8.166800569142652e-13,0.0,0.0,4.083400284571326e-13,1.0,-4.336782762580737e-18,-5.44897124109662e-25,0.0,0.0,0.0,0.00032023876274491067
2026-08-22T03:29:05.308307,50.25,-8.179438144346246e-15,-3.99339262820776e-27,0.0,1.3821702435912184e-06,0.0,0.0,6.910851217955543e-07,0.9999999999997612,-4.359736122105694e-18,-3.9849548043371257e-25,0.0,0.0,0.0,0.00020486586569768323
2026-08-22T03:29:05.332657,50.27,-8.179568247082665e-15,-3.689684412674354e-27,0.0,-1.0568385557796491e-06,0.0,0.0,-5.284192778897999e-07,0.9999999999998603,-4.359448613933006e-18,-3.6807393268590162e-25,0.0,0.0,0.0,-8.828883395186939e-05
2026-08-22T03:29:05.351040,50.29,-8.179568109530967e-15,-3.2041431669575826e-27,0.0,-2.0236369202564224e-06,0.0,0.0,-1.0118184601280384e-06,0.9999999999994881,4.8919339156104965e-21,-3.19444111834835e-25,0.0,0.0,0.0,-0.00023940385153978268
2026-08-22T03:29:05.375416,50.3,-8.179611501969213e-15,2.0600603206161932e-32,0.0,-3.681055460447169e-12,0.0,0.0,-1.8405277302235845e-12,1.0,1.911938140227997e-26,-3.61819951733668e-25,0.0,0.0,0.0,0.00015147071866118147
2026-08-22T03:29:05.395577,50.32,-8.179741606121223e-15,5.57787619136033e-32,0.0,-1.7106316363424412e-12,0.0,0.0,-8.553158181712206e-13,1.0,4.336800143550349e-18,-2.532597892410439e-25,0.0,0.0,0.0,-5.9483968085819665e-05
2026-08-22T03:29:05.456836,50.35,-8.179698079964295e-15,-2.4182043286995833e-27,0.0,-6.615960765898876e-07,0.0,0.0,-3.3079803829493777e-07,0.9999999999999453,4.3684355805035106e-18,-2.407237529611087e-25,0.0,0.0,0.0,0.00034301754175676243
2026-08-22T03:29:05.479203,50.37,-8.179654713911851e-15,-1.4379671119272549e-27,0.0,4.88623976391267e-07,0.0,0.0,2.4431198819563105e-07,0.9999999999999701,4.368037365197546e-18,-1.4252765080220087e-25,0.0,0.0,0.0,9.598337414556519e-05
2026-08-22T03:29:05.497587,50.38,-8.179698238121342e-15,4.696725108807856e-33,0.0,1.2070344723724702e-12,0.0,0.0,6.035172361862351e-13,1.0,8.687748954463488e-24,-9.317325561040186e-26,0.0,0.0,0.0,1.2658146828337452e-05
2026-08-22T03:29:05.525595,50.41,-8.179828597159055e-15,-7.777554030090746e-28,0.0,-1.0692616831953217e-06,0.0,0.0,-5.346308415976353e-07,0.9999999999998571,-8.724576807096943e-18,-7.639556715484214e-26,0.0,0.0,0.0,-2.148780868996122e-05
2026-08-22T03:29:05.548185,50.43,-8.17982845803703e-15,-1.7882331795870935e-28,0.0,2.198675168596509e-06,0.0,0.0,1.099337584298033e-06,0.9999999999993957,-4.359896175162144e-18,-1.6411252776259342e-26,0.0,0.0,0.0,0.00032015249707151295
2026-08-22T03:29:05.578435,50.45,-8.179828320218963e-15,-1.2223637170013648e-27,0.0,1.5115733131843003e-06,0.0,0.0,7.557866565920781e-07,0.9999999999997143,4.4586167784852966e-21,-1.20973867545943e-25,0.0,0.0,0.0,-4.639758680637828e-05
2026-08-22T03:29:05.597631,50.47,-8.17974144804505e-15,-1.7204839509241587e-27,0.0,-5.646869301045853e-07,0.0,0.0,-2.8234346505228893e-07,0.9999999999999601,4.368467166637191e-18,-1.7088928033463925e-25,0.0,0.0,0.0,9.204248118101305e-05
2026-08-22T03:29:05.623395,50.49,-8.179697945547589e-15,-1.4717936481097092e-27,0.0,9.030350800465215e-07,0.0,0.0,4.5151754002324537e-07,0.9999999999998981,8.732131787707552e-18,-1.4597340296794368e-25,0.0,0.0,0.0,0.0004326016250300059
2026-08-22T03:29:05.637946,50.51,-8.179871830031271e-15,1.8759777527225972e-27,0.0,-2.077278432377483e-06,0.0,0.0,-1.0386392161885547e-06,0.9999999999994607,-4.360764372953172e-18,1.8946270241911037e-25,0.0,0.0,0.0,0.0001572770266395052
2026-08-22T03:29:05.658684,50.53,-8.179871829016813e-15,2.0389852833619604e-27,0.0,-8.279635990149359e-07,0.0,0.0,-4.1398179950745613e-07,0.9999999999999143,-4.3604877584222406e-18,2.0573097346467924e-25,0.0,0.0,0.0,-0.00024296701913197475
2026-08-22T03:29:05.724093,50.55,-8.179871691269712e-15,2.7951637778016184e-27,0.0,-5.752607434850177e-07,0.0,0.0,-2.8763037174250486e-07,0.9999999999999586,3.865850326128109e-21,2.8149230931561656e-25,0.0,0.0,0.0,0.0003351805592260271
2026-08-22T03:29:05.747939,50.56,-8.179828342490456e-15,3.345670625713394e-32,0.0,2.312816604899126e-12,0.0,0.0,1.156408302449563e-12,1.0,1.5505740825018734e-26,2.9361094839728585e-25,0.0,0.0,0.0,-7.703297386476866e-05
2026-08-22T03:29:05.770270,50.59,-8.179828323554721e-15,2.964929656515297e-27,0.0,1.1868626956790251e-06,0.0,0.0,5.934313478394777e-07,0.9999999999998239,3.778458470842751e-21,2.984656864289473e-25,0.0,0.0,0.0,-0.0003442125429786861
2026-08-22T03:29:05.793235,50.61,-8.179697947147157e-15,2.3689172264882402e-27,0.0,2.883184335722433e-07,0.0,0.0,1.4415921678612114e-07,0.9999999999999896,8.731842232642975e-18,2.387486400684159e-25,0.0,0.0,0.0,7.126070512966182e-05
2026-08-22T03:29:05.814418,50.63,-8.179871831417762e-15,3.0859521283679447e-27,0.0,3.1710132919471334e-07,0.0,0.0,1.58550664597356e-07,0.9999999999999875,-4.361041669762709e-18,3.105693870531162e-25,0.0,0.0,0.0,0.0002560473935391502
2026-08-22T03:29:05.839739,50.65,-8.179958566479733e-15,2.514919509549108e-27,0.0,3.7768281169192624e-07,0.0,0.0,1.8884140584596198e-07,0.9999999999999821,-4.360762928605845e-18,2.5334200322494083e-25,0.0,0.0,0.0,0.0001738593817558457
2026-08-22T03:29:05.856720,50.66,-8.179698238424369e-15,8.495106604344329e-32,0.0,1.7634782523145986e-12,0.0,0.0,8.817391261572993e-13,1.0,8.673591592278296e-18,1.3432460095839431e-25,0.0,0.0,0.0,0.00016744800282194344
2026-08-22T03:29:05.880935,50.68,-8.179654870012762e-15,4.628899301114162e-32,0.0,1.105782132526656e-12,0.0,0.0,5.52891066263328e-13,1.0,1.7358524633863258e-23,2.0601798299229381e-25,0.0,0.0,0.0,6.192440151886456e-05
2026-08-22T03:29:05.898358,50.71,-8.179741592001989e-15,2.416132092543522e-27,0.0,1.2952947194833084e-06,0.0,0.0,6.47647359741609e-07,0.9999999999997903,2.8369039849501338e-21,2.434001982182691e-25,0.0,0.0,0.0,-0.00032216627114842465
2026-08-22T03:29:05.916928,50.72,-8.17978497431683e-15,3.322508895652893e-32,0.0,-1.6044943151882762e-12,0.0,0.0,-8.022471575941381e-13,1.0,1.0985443405724652e-26,2.742655102997064e-25,0.0,0.0,0.0,0.0002786201865177694
2026-08-22T03:29:05.958777,50.75,-8.17991520092623e-15,4.548224052452538e-27,0.0,1.4286584004707945e-07,0.0,0.0,7.143292002353967e-08,0.9999999999999974,-4.361291288456765e-18,4.570166230815547e-25,0.0,0.0,0.0,0.00024689522729027505
2026-08-22T03:29:05.981998,50.77,-8.17982819102089e-15,3.8214189886112836e-27,0.0,-7.323243891299568e-07,0.0,0.0,-3.6616219456497024e-07,0.9999999999999329,4.36711977549351e-18,3.841348204352477e-25,0.0,0.0,0.0,0.0002455602393160108
2026-08-22T03:29:06.000802,50.79,-8.180045441620671e-15,3.600369667626779e-27,0.0,3.4831143298497133e-06,0.0,0.0,1.741557164923976e-06,0.9999999999984834,-8.725412583742647e-18,3.6200288926261437e-25,0.0,0.0,0.0,-0.00022891347806567203
2026-08-22T03:29:06.025934,50.81,-8.179958430295017e-15,2.0832468484337793e-27,0.0,-1.1561160166984055e-06,0.0,0.0,-5.780580083491704e-07,0.9999999999998329,3.3259085051884166e-21,2.0998478075766297e-25,0.0,0.0,0.0,-5.783069912946133e-05
2026-08-22T03:29:06.042594,50.83,-8.179871557855037e-15,2.541567562586778e-27,0.0,1.0980618636580175e-08,0.0,0.0,5.4903093182900875e-09,1.0,4.36735731463762e-18,2.558895978835026e-25,0.0,0.0,0.0,-0.0002685409856352359
2026-08-22T03:29:06.088371,50.85,-8.179828191539947e-15,1.8602820644652097e-27,0.0,2.0806516896065834e-06,0.0,0.0,1.0403258448031039e-06,0.9999999999994589,4.366981271374101e-18,1.8761486664812824e-25,0.0,0.0,0.0,0.00024435952795128364
2026-08-22T03:29:06.110221,50.87,-8.179915065745649e-15,3.842678581477107e-27,0.0,2.702894160933056e-06,0.0,0.0,1.3514470804661165e-06,0.9999999999990868,2.5446828410282226e-21,3.862175194357766e-25,0.0,0.0,0.0,5.294122278861387e-06
2026-08-22T03:29:06.126521,50.89,-8.179915202352576e-15,3.482282104782785e-27,0.0,1.3075794633721216e-06,0.0,0.0,6.537897316860142e-07,0.9999999999997863,-4.3615505361197155e-18,3.5010555147149963e-25,0.0,0.0,0.0,-0.00020508959342308835
2026-08-22T03:29:06.157053,50.91,-8.180045441291863e-15,4.496704197591185e-27,0.0,-5.057196035274103e-07,0.0,0.0,-2.5285980176370245e-07,0.999999999999968,-8.725303455559515e-18,4.517133220529116e-25,0.0,0.0,0.0,0.00033004867058255096
2026-08-22T03:29:06.175185,50.93,-8.180132174362006e-15,2.7809197964577282e-27,0.0,1.77635656450903e-06,0.0,0.0,8.88178282254398e-07,0.9999999999996055,-8.72466104445002e-18,2.7979572401309876e-25,0.0,0.0,0.0,5.3027268746315545e-06
2026-08-22T03:29:06.234656,50.95,-8.180001794582115e-15,9.331193616850601e-28,0.0,-3.555563400148288e-06,0.0,0.0,-1.7777817000732072e-06,0.9999999999984197,4.094537385156904e-21,9.465072315589236e-26,0.0,0.0,0.0,0.00015488628118574452
2026-08-22T03:29:06.259180,50.98,-8.180001814816094e-15,5.524737122599736e-32,0.0,-2.398081733190338e-13,0.0,0.0,-1.199040866595169e-13,1.0,4.3368001413527e-18,-4.063300298777542e-26,0.0,0.0,0.0,-0.00015852191668090922
2026-08-22T03:29:06.282248,50.99,-8.179958290492513e-15,-3.955590062694664e-28,0.0,1.3883692377980592e-06,0.0,0.0,6.941846188989739e-07,0.9999999999997591,4.368064575049171e-18,-3.848778530370067e-26,0.0,0.0,0.0,2.2951648794972856e-05
2026-08-22T03:29:06.298819,51.01,-8.180088532661716e-15,9.606710590151303e-28,0.0,-2.6334964933205644e-06,0.0,0.0,-1.3167482466599015e-06,0.9999999999991331,3.622309300585003e-21,9.73850008352518e-26,0.0,0.0,0.0,-8.53998935655126e-05
2026-08-22T03:29:06.320254,51.03,-8.180262141567457e-15,-1.3628537729644953e-27,0.0,2.6468005689395117e-06,0.0,0.0,1.3234002844693694e-06,0.9999999999991243,-4.360489172509696e-18,-1.3543401326093873e-25,0.0,0.0,0.0,0.0002544113540017811
2026-08-22T03:29:06.350263,51.05,-8.180392380746911e-15,-9.460469785605663e-28,0.0,1.1008784275290395e-06,0.0,0.0,5.504392137644919e-07,0.9999999999998485,-8.724255431970877e-18,-9.361956527210541e-26,0.0,0.0,0.0,-0.00016074426282211804
2026-08-22T03:29:06.368465,51.07,-8.180305369190958e-15,-9.092512739546322e-28,0.0,-1.8400006309704509e-06,0.0,0.0,-9.200003154850956e-07,0.9999999999995768,4.485753139819567e-21,-8.997712063337686e-26,0.0,0.0,0.0,0.00015312192341110007
2026-08-22T03:29:06.393200,51.09,-8.180392241515831e-15,-1.5537940698272752e-27,0.0,6.260345588593452e-07,0.0,0.0,3.130172794296675e-07,0.999999999999951,-4.3596093666411175e-18,-1.5457196809152924e-25,0.0,0.0,0.0,-3.0090601212453267e-05
2026-08-22T03:29:06.416284,51.11,-8.180348599719763e-15,-1.5683735529636993e-27,0.0,2.6381675164444123e-06,0.0,0.0,1.3190837582218235e-06,0.99999999999913,4.3687798766545755e-18,-1.5603555560903356e-25,0.0,0.0,0.0,2.5200502398172342e-05
2026-08-22T03:29:06.438421,51.13,-8.180435473822208e-15,2.5816516726964644e-28,0.0,4.195085609559612e-06,0.0,0.0,2.097542804778268e-06,0.9999999999978002,4.3379186386020886e-21,2.6958909172774944e-26,0.0,0.0,0.0,9.959428077912006e-05
2026-08-22T03:29:06.471574,51.15,-8.180478842336647e-15,1.3715557161172164e-27,0.0,-2.9573291193685236e-06,0.0,0.0,-1.4786645596837229e-06,0.9999999999989068,4.274094779288975e-21,1.3849853337281253e-25,0.0,0.0,0.0,9.467107507077517e-05
2026-08-22T03:29:06.496289,51.17,-8.180435474601703e-15,2.147786754940544e-27,0.0,1.21400902575175e-06,0.0,0.0,6.070045128758377e-07,0.9999999999998158,4.221050903937826e-21,2.1625777410161305e-25,0.0,0.0,0.0,-0.00022581643833125256
2026-08-22T03:29:06.517527,51.19,-8.180522347169604e-15,2.6199182803094773e-27,0.0,1.325332557478021e-06,0.0,0.0,6.626662787389618e-07,0.9999999999997804,-4.359887979692993e-18,2.635474707870759e-25,0.0,0.0,0.0,-0.00016535690375655678
2026-08-22T03:29:06.538901,51.21,-8.180739458646091e-15,4.053440970646358e-27,0.0,3.067837179848709e-07,0.0,0.0,1.5339185899243485e-07,0.9999999999999882,-1.3087717769901412e-17,4.0716746085362355e-25,0.0,0.0,0.0,0.00030147713470872234
2026-08-22T03:29:06.561700,51.23,-8.180608941304038e-15,1.3546834684262164e-27,0.0,-1.118988895321138e-06,0.0,0.0,-5.594944476605398e-07,0.9999999999998435,5.406473939952019e-21,1.3674174396061496e-25,0.0,0.0,0.0,7.426817093202133e-06
2026-08-22T03:29:06.603636,51.25,-8.180608941189286e-15,1.3737383601160704e-27,0.0,-1.930700067820368e-06,0.0,0.0,-9.65350033910034e-07,0.999999999999534,5.364373587523252e-21,1.3866090039347189e-25,0.0,0.0,0.0,0.0002035411781170635
2026-08-22T03:29:06.629828,51.27,-8.18082605426532e-15,-5.765970457547756e-28,0.0,-4.21589602117578e-06,0.0,0.0,-2.107948010586329e-06,0.9999999999977783,-8.722815680861248e-18,-5.67572409516138e-26,0.0,0.0,0.0,-7.11667188124822e-05
2026-08-22T03:29:06.647523,51.29,-8.180739042994731e-15,3.088352962091992e-27,0.0,1.5796230634634867e-06,0.0,0.0,7.898115317316612e-07,0.9999999999996881,5.8987885286335925e-21,3.104323675487822e-25,0.0,0.0,0.0,-9.63428314460977e-05
2026-08-22T03:29:06.667745,51.31,-8.180739043062431e-15,3.0797251714914645e-27,0.0,2.2274014717105217e-06,0.0,0.0,1.1137007358550307e-06,0.9999999999993798,5.841881089795125e-21,3.0955263462510948e-25,0.0,0.0,0.0,-0.0001439585925908857
2026-08-22T03:29:06.685853,51.33,-8.180869420074618e-15,4.204266152003473e-27,0.0,-1.2070896748817006e-06,0.0,0.0,-6.035448374408137e-07,0.9999999999998178,-8.722342816546541e-18,4.222217713016994e-25,0.0,0.0,0.0,-0.0001487778382355219
2026-08-22T03:29:06.737582,51.36,-8.180825808445748e-15,3.874773497128286e-32,0.0,-1.0791367799356522e-13,0.0,0.0,-5.395683899678261e-14,1.0,2.5174391449858247e-26,5.491922513197607e-25,0.0,0.0,0.0,-0.0002711109163897632
2026-08-22T03:29:06.760467,51.37,-8.180825776934314e-15,5.5119724280291016e-27,0.0,1.4395953522594596e-06,0.0,0.0,7.197976761296676e-07,0.999999999999741,6.302261600186044e-21,5.531944390204425e-25,0.0,0.0,0.0,-0.00018867320304472284
2026-08-22T03:29:06.774975,51.39,-8.18086914537733e-15,5.829766889041806e-27,0.0,2.0403761884502103e-06,0.0,0.0,1.0201880942249281e-06,0.9999999999994796,6.222365491833399e-21,5.850187222373894e-25,0.0,0.0,0.0,0.00010854803104733852
2026-08-22T03:29:06.797735,51.41,-8.180782273465778e-15,4.9962933415098806e-27,0.0,-1.074462630423767e-06,0.0,0.0,-5.372313152118577e-07,0.9999999999998557,4.370200126871003e-18,5.014832968401828e-25,0.0,0.0,0.0,-0.0005824179843861205
2026-08-22T03:29:06.818375,51.43,-8.180739043581475e-15,3.588560666333292e-27,0.0,1.8051978742938955e-06,0.0,0.0,9.025989371468252e-07,0.9999999999995927,5.733735945630915e-21,3.6043419315505214e-25,0.0,0.0,0.0,-9.426517581739201e-05
2026-08-22T03:29:06.859063,51.45,-8.180739044006613e-15,3.5680397775021e-27,0.0,-3.998957875950282e-07,0.0,0.0,-1.9994789379751277e-07,0.99999999999998,5.653046052120429e-21,3.5837903632073006e-25,0.0,0.0,0.0,-0.00022397413263458422
2026-08-22T03:29:06.878423,51.47,-8.180912789053859e-15,3.2400697144560814e-27,0.0,-2.773596432525949e-07,0.0,0.0,-1.38679821626297e-07,0.9999999999999903,-8.722529957507358e-18,3.2548748697589304e-25,0.0,0.0,0.0,-0.000133414695009851
2026-08-22T03:29:06.901439,51.49,-8.180695401112826e-15,4.2636230416022534e-27,0.0,-1.8395944829663335e-06,0.0,0.0,-9.197972414830371e-07,0.999999999999577,8.73429218800648e-18,4.280638051234776e-25,0.0,0.0,0.0,-0.00023956859543319278
2026-08-22T03:29:06.921590,51.51,-8.180738908589349e-15,1.811769717296468e-27,0.0,-4.609427297630475e-07,0.0,0.0,-2.3047136488152172e-07,0.9999999999999735,4.369505996257536e-18,1.8239404600227379e-25,0.0,0.0,0.0,-5.7836212491098434e-05
2026-08-22T03:29:06.937979,51.52,-8.180782440293807e-15,4.3437083823251254e-32,0.0,-8.65085780787922e-13,0.0,0.0,-4.32542890393961e-13,1.0,8.693532518234623e-24,1.4793459160778903e-25,0.0,0.0,0.0,0.0003542252940939275
2026-08-22T03:29:06.981676,51.55,-8.180869287915277e-15,2.8569050930779916e-27,0.0,1.8352667932042266e-06,0.0,0.0,9.176333966019845e-07,0.999999999999579,-4.359098080264675e-18,2.871030915778164e-25,0.0,0.0,0.0,0.0005356017026133703
2026-08-22T03:29:06.999953,51.57,-8.180912654749444e-15,1.46657629892865e-27,0.0,-3.5813998957578974e-06,0.0,0.0,-1.7906999478779918e-06,0.9999999999983967,-4.358825851980309e-18,1.477910397081556e-25,0.0,0.0,0.0,-0.00015560507333179846
2026-08-22T03:29:07.026657,51.59,-8.180912517150156e-15,2.340264214491102e-27,0.0,5.888563632261424e-07,0.0,0.0,2.944281816130669e-07,0.9999999999999567,5.506867573648389e-21,2.353010438350343e-25,0.0,0.0,0.0,-1.1005307553610394e-05
2026-08-22T03:29:07.048828,51.61,-8.180782276995193e-15,1.9608143409689724e-27,0.0,-8.295643776357052e-07,0.0,0.0,-4.1478218881784076e-07,0.999999999999914,4.369502920802958e-18,1.972684988010356e-25,0.0,0.0,0.0,-2.385028657833792e-05
2026-08-22T03:29:07.071716,51.63,-8.180912519211427e-15,1.1563064942910248e-27,0.0,-3.5199069725599945e-06,0.0,0.0,-1.7599534862790884e-06,0.9999999999984512,5.0425754740904095e-21,1.1665962384335826e-25,0.0,0.0,0.0,0.00038775712318300933
2026-08-22T03:29:07.096187,51.65,-8.18086915171966e-15,2.0697828862965944e-27,0.0,8.293942501680364e-07,0.0,0.0,4.146971250840062e-07,0.999999999999914,4.971253473337219e-21,2.0817217389575874e-25,0.0,0.0,0.0,5.487782559970977e-06
2026-08-22T03:29:07.115332,51.67,-8.180825647689677e-15,1.964165371835456e-27,0.0,2.772095109015993e-07,0.0,0.0,1.386047554507992e-07,0.9999999999999903,4.368964060895494e-18,1.9757654600332285e-25,0.0,0.0,0.0,7.319704610978672e-05
2026-08-22T03:29:07.134522,51.69,-8.180869290117035e-15,2.223929440127517e-27,0.0,-9.84491954625355e-07,0.0,0.0,-4.922459773126576e-07,0.9999999999998789,-4.359542766603243e-18,2.236039164106077e-25,0.0,0.0,0.0,-0.00012073735384429744
2026-08-22T03:29:07.156557,51.71,-8.180825784642058e-15,2.908832740627716e-27,0.0,-1.0063483943945073e-06,0.0,0.0,-5.031741971972324e-07,0.9999999999998734,4.7824054968818115e-21,2.922108906155134e-25,0.0,0.0,0.0,8.926039467807243e-05
2026-08-22T03:29:07.177860,51.72,-8.180869176489292e-15,3.293485640525851e-32,0.0,-9.50350909079134e-14,0.0,0.0,-4.75175454539567e-14,1.0,1.8686773700799504e-26,2.623505472306289e-25,0.0,0.0,0.0,-0.00026919801339945126
2026-08-22T03:29:07.217028,51.75,-8.18086901692657e-15,2.2761769289589107e-27,0.0,-6.7999127306706e-07,0.0,0.0,-3.3999563653352337e-07,0.9999999999999422,4.368725390131167e-18,2.2882407648638166e-25,0.0,0.0,0.0,-8.166205806609182e-05
2026-08-22T03:29:07.240713,51.77,-8.181173003916e-15,9.305103177071904e-28,0.0,2.3759936453870974e-06,0.0,0.0,1.1879968226932694e-06,0.9999999999992943,-8.72383712855048e-18,9.395899723910197e-26,0.0,0.0,0.0,0.00029996422652648946
2026-08-22T03:29:07.257405,51.79,-8.181346473561915e-15,6.042706970560206e-28,0.0,-1.8629096123490285e-06,0.0,0.0,-9.314548061743796e-07,0.9999999999995662,-8.723231744774727e-18,6.131851795805944e-26,0.0,0.0,0.0,-5.8613173630871565e-05
2026-08-22T03:29:07.288845,51.81,-8.181172725911656e-15,3.3142838873844935e-27,0.0,-6.531688108601941e-06,0.0,0.0,-3.265844054295165e-06,0.9999999999946672,5.506551224139054e-21,3.327904198121728e-25,0.0,0.0,0.0,-0.0002837827559808894
2026-08-22T03:29:07.308971,51.83,-8.181172862120095e-15,4.127891381641066e-27,0.0,-2.3342399027015408e-06,0.0,0.0,-1.1671199513505053e-06,0.9999999999993189,-4.358600041066624e-18,4.142438694720577e-25,0.0,0.0,0.0,-0.00038864454265203653
2026-08-22T03:29:07.373354,51.85,-8.181129356552851e-15,5.985793351968152e-27,0.0,2.591822836350844e-07,0.0,0.0,1.295911418175418e-07,0.9999999999999916,5.721900304737748e-21,6.00429359061893e-25,0.0,0.0,0.0,0.0001251455966045261
2026-08-22T03:29:07.394323,51.88,-8.181129384902538e-15,4.72851397215156e-32,0.0,-5.10702591327572e-13,0.0,0.0,-2.55351295663786e-13,1.0,-4.336782758889692e-18,4.8865768779439695e-25,0.0,0.0,0.0,1.7692092341402387e-05
2026-08-22T03:29:07.439768,51.91,-8.181216231642336e-15,4.845939914621967e-27,0.0,8.353787950277083e-07,0.0,0.0,4.176893975138419e-07,0.9999999999999127,-4.358882771098042e-18,4.86187792674091e-25,0.0,0.0,0.0,3.127843574351041e-05
2026-08-22T03:29:07.463362,51.92,-8.181216121271488e-15,2.586215330816091e-32,0.0,9.57012247226885e-13,0.0,0.0,4.785061236134425e-13,1.0,-4.3368087769090715e-18,4.697197052877875e-25,0.0,0.0,0.0,0.00013090310987326484
2026-08-22T03:29:07.502893,51.95,-8.181216092706208e-15,3.6641778073775835e-27,0.0,-8.816306005243746e-07,0.0,0.0,-4.40815300262173e-07,0.9999999999999029,5.725988070732535e-21,3.6775444416920314e-25,0.0,0.0,0.0,-5.561442789400586e-05
2026-08-22T03:29:07.530810,51.97,-8.181302965260543e-15,3.293959613179769e-27,0.0,1.955953689236623e-06,0.0,0.0,9.779768446181554e-07,0.9999999999995218,-4.3583933398139184e-18,3.306499439579629e-25,0.0,0.0,0.0,0.00020528024109561882
2026-08-22T03:29:07.552657,51.99,-8.181172587447041e-15,1.2397098239904158e-27,0.0,5.569394474491673e-07,0.0,0.0,2.7846972372458007e-07,0.9999999999999613,4.36998197742638e-18,1.2481247033793112e-25,0.0,0.0,0.0,-0.00022231571846615005
2026-08-22T03:29:07.573224,52.01,-8.181172725444446e-15,7.456432711178347e-28,0.0,1.2678172551794378e-06,0.0,0.0,6.339086275896763e-07,0.999999999999799,5.526267987138415e-21,7.532488558277771e-26,0.0,0.0,0.0,0.00044072945101094425
2026-08-22T03:29:07.589687,52.03,-8.181259598245889e-15,1.245813988815595e-27,0.0,1.8609609573339016e-06,0.0,0.0,9.304804786668165e-07,0.9999999999995671,-4.3586077874937605e-18,1.2545856353514322e-25,0.0,0.0,0.0,0.00025023123103970674
2026-08-22T03:29:07.625247,52.05,-8.181346333157801e-15,1.0793425327728489e-27,0.0,-1.7293016036923346e-06,0.0,0.0,-8.646508018460596e-07,0.9999999999996262,-4.358342401423035e-18,1.0876465467179402e-25,0.0,0.0,0.0,-5.7914889690360814e-05
2026-08-22T03:29:07.648663,52.07,-8.181216091491472e-15,2.784906228068388e-27,0.0,1.8693917267498252e-06,0.0,0.0,9.346958633747765e-07,0.9999999999995631,5.986279919773746e-21,2.79623119196229e-25,0.0,0.0,0.0,0.00010795680024846719
2026-08-22T03:29:07.682336,52.09,-8.181216091629454e-15,2.7662184570044076e-27,0.0,6.544775010830506e-07,0.0,0.0,3.2723875054151947e-07,0.9999999999999465,5.919653451543265e-21,2.7774097674463678e-25,0.0,0.0,0.0,0.00012013781518220585
2026-08-22T03:29:07.704220,52.1,-8.181302857358816e-15,5.553330474147831e-33,0.0,1.546762717907768e-12,0.0,0.0,7.73381358953884e-13,1.0,-8.673600227255522e-18,3.2351486916426855e-25,0.0,0.0,0.0,0.00010290631930217366
2026-08-22T03:29:07.725313,52.12,-8.181259489444295e-15,2.1704282621658965e-32,0.0,-2.1804780203638074e-13,0.0,0.0,-1.0902390101819037e-13,1.0,8.67358292942277e-18,2.5539784277774547e-25,0.0,0.0,0.0,9.942019329591567e-05
2026-08-22T03:29:07.789255,52.15,-8.1811725882149e-15,3.075621545665211e-27,0.0,-1.9034227749514798e-06,0.0,0.0,-9.517113874755962e-07,0.9999999999995471,4.3697633555558556e-18,3.087083903024124e-25,0.0,0.0,0.0,2.7833169048465225e-05
2026-08-22T03:29:07.809958,52.16,-8.181259489250238e-15,1.079215325119869e-31,0.0,-1.3535839116229909e-12,0.0,0.0,-6.767919558114954e-13,1.0,-8.673591555867969e-18,1.4087168796714309e-25,0.0,0.0,0.0,0.0001743500766526375
2026-08-22T03:29:07.836344,52.19,-8.181259460138522e-15,-1.2501844546741704e-27,0.0,3.268353765406573e-08,0.0,0.0,1.6341768827032865e-08,0.9999999999999999,5.878587729758572e-21,-1.2470740457151236e-25,0.0,0.0,0.0,4.3140665033613485e-06
2026-08-22T03:29:07.861689,52.21,-8.18143320489692e-15,-1.1830478011051607e-27,0.0,1.2974083976047268e-06,0.0,0.0,6.487041988023179e-07,0.9999999999997896,-8.722290013014512e-18,-1.1797148890096834e-25,0.0,0.0,0.0,-0.00035328304877955074
2026-08-22T03:29:07.880174,52.23,-8.181215953223088e-15,-1.1571617990979426e-27,0.0,4.6006084830629845e-06,0.0,0.0,2.3003042415294636e-06,0.9999999999973543,4.370474501825797e-18,-1.153610624981784e-25,0.0,0.0,0.0,-0.00017205555999016595
2026-08-22T03:29:07.910334,52.25,-8.181215818552323e-15,2.275977633500043e-28,0.0,-1.3796312479108508e-06,0.0,0.0,-6.898156239553707e-07,0.9999999999997621,8.734130449661143e-18,2.330886785911975e-26,0.0,0.0,0.0,0.00015371860606008597
2026-08-22T03:29:07.937113,52.27,-8.181215822260899e-15,3.2073971773309353e-28,0.0,1.1867820193245393e-06,0.0,0.0,5.933910096622348e-07,0.9999999999998239,8.733375728848386e-18,3.26918771780465e-26,0.0,0.0,0.0,-0.0001335484727938988
2026-08-22T03:29:07.957101,52.29,-8.181302834628291e-15,5.668464372597226e-28,0.0,-2.1571723429758552e-07,0.0,0.0,-1.0785861714879253e-07,0.9999999999999942,4.5112870829997296e-21,5.732718474197966e-26,0.0,0.0,0.0,0.00038744072894882173
2026-08-22T03:29:07.977622,52.31,-8.181346203261776e-15,5.257116669615218e-28,0.0,6.607761449117788e-09,0.0,0.0,3.303880724558894e-09,1.0,4.436664902803459e-21,5.320686267378163e-26,0.0,0.0,0.0,-0.0001910042470758654
2026-08-22T03:29:07.993552,52.32,-8.181389593554043e-15,2.871950446945801e-32,0.0,-1.5853984791647235e-12,0.0,0.0,-7.926992395823618e-13,1.0,-4.3368001077946525e-18,5.341053632520514e-26,0.0,0.0,0.0,0.00023266472259795865
2026-08-22T03:29:08.035240,52.36,-8.18143296159703e-15,7.910504860242227e-32,0.0,-3.1441516057384433e-12,0.0,0.0,-1.5720758028692217e-12,1.0,4.3368001433035175e-18,-7.648260476084825e-26,0.0,0.0,0.0,-0.0006188421509149453
2026-08-22T03:29:08.073922,52.39,-8.181346068124973e-15,-1.6248886643948102e-28,0.0,4.053531633019247e-06,0.0,0.0,2.026765816508236e-06,0.9999999999979461,4.368272553350606e-18,-1.5764492122517822e-26,0.0,0.0,0.0,-7.733774954070643e-05
2026-08-22T03:29:08.106629,52.41,-8.181476446710881e-15,2.7760395910143376e-27,0.0,1.0904407727885255e-06,0.0,0.0,5.452203863942358e-07,0.9999999999998513,-4.360235560192981e-18,2.786642445950921e-25,0.0,0.0,0.0,2.7976145415961558e-05
2026-08-22T03:29:08.129393,52.44,-8.181389593727242e-15,1.3965984803173775e-32,0.0,-1.298072760391733e-12,0.0,0.0,-6.490363801958665e-13,1.0,-8.655397182487299e-24,3.439763812702768e-25,0.0,0.0,0.0,-9.37878668528436e-05
2026-08-22T03:29:08.156232,52.45,-8.181389571813864e-15,3.4512617987735594e-27,0.0,5.774001334835077e-07,0.0,0.0,2.8870006674174983e-07,0.9999999999999584,4.391330958035431e-21,3.4628094479532596e-25,0.0,0.0,0.0,-9.74349590693126e-06
2026-08-22T03:29:08.177518,52.47,-8.181389571851605e-15,3.416431471837841e-27,0.0,-4.787958767238365e-07,0.0,0.0,-2.39397938361916e-07,0.9999999999999714,4.3447523069784104e-21,3.4278058418079763e-25,0.0,0.0,0.0,4.992232810991585e-05
2026-08-22T03:29:08.198152,52.49,-8.181389572124666e-15,3.3816129818748586e-27,0.0,6.036593673819367e-07,0.0,0.0,3.018296836909638e-07,0.9999999999999545,4.290140670796621e-21,3.3928359509162403e-25,0.0,0.0,0.0,0.00027328324839367084
2026-08-22T03:29:08.217905,52.51,-8.18125919574926e-15,3.041468678942839e-27,0.0,-1.1535538764206876e-06,0.0,0.0,-5.767769382103118e-07,0.9999999999998337,8.732347483219448e-18,3.051698526071572e-25,0.0,0.0,0.0,2.8857635881897212e-05
2026-08-22T03:29:08.237071,52.53,-8.181432943799498e-15,1.680067693880598e-27,0.0,-1.2034950191974758e-07,0.0,0.0,-6.017475095987375e-08,0.9999999999999982,3.5118447427237464e-21,1.6879330492098891e-25,0.0,0.0,0.0,-0.00026509337077401814
2026-08-22T03:29:08.272194,52.55,-8.181519816755949e-15,1.6251532471903166e-27,0.0,2.8825178821634267e-06,0.0,0.0,1.4412589410812145e-06,0.9999999999989614,-4.360605508572095e-18,1.6327403670121916e-25,0.0,0.0,0.0,0.00016122106560931938
2026-08-22T03:29:08.292717,52.57,-8.181606551542307e-15,1.931350495883848e-27,0.0,1.1955614720449148e-07,0.0,0.0,5.97780736022457e-08,0.9999999999999982,-4.360315012030492e-18,1.939748946334012e-25,0.0,0.0,0.0,-4.8914301166365493e-05
2026-08-22T03:29:08.316565,52.59,-8.181649918191846e-15,2.0440524846388206e-27,0.0,3.795207041967785e-07,0.0,0.0,1.8976035209838812e-07,0.999999999999982,-4.360018868321063e-18,2.0524103178813642e-25,0.0,0.0,0.0,0.00021748109675670446
2026-08-22T03:29:08.337656,52.61,-8.181606412470648e-15,1.3253536778229285e-27,0.0,3.3953813041165404e-06,0.0,0.0,1.6976906520574547e-06,0.9999999999985589,4.329526394473178e-21,1.3322484555153576e-25,0.0,0.0,0.0,0.0005090266299153817
2026-08-22T03:29:08.357306,52.63,-8.181693148685099e-15,3.0603512816967068e-27,0.0,-1.1427549506670685e-06,0.0,0.0,-5.713774753335032e-07,0.9999999999998368,4.282366137567668e-21,3.0705108944460967e-25,0.0,0.0,0.0,0.00020700251826745534
2026-08-22T03:29:08.400335,52.65,-8.181562772395935e-15,3.6112810895956e-27,0.0,3.382108936911265e-06,0.0,0.0,1.6910544684548268e-06,0.9999999999985701,8.732339806855561e-18,3.6223828989175056e-25,0.0,0.0,0.0,0.0001703565395186953
2026-08-22T03:29:08.421881,52.67,-8.18173665669781e-15,8.348814029189878e-27,0.0,-2.3291993711538336e-07,0.0,0.0,-1.1645996855769143e-07,0.9999999999999932,-4.360550349842318e-18,8.36910527557211e-25,0.0,0.0,0.0,0.0002470535683265306
2026-08-22T03:29:08.447334,52.69,-8.181780023743733e-15,7.599494483035734e-27,0.0,2.723376541169387e-06,0.0,0.0,1.3616882705842726e-06,0.9999999999990729,-4.360277104917901e-18,7.617913233332017e-25,0.0,0.0,0.0,-7.04953369546641e-05
2026-08-22T03:29:08.464896,52.7,-8.181779906423145e-15,-9.006473020635392e-32,0.0,1.6817658377021871e-12,0.0,0.0,8.408829188510936e-13,1.0,-8.673608907515026e-18,7.992920489139562e-25,0.0,0.0,0.0,-0.00035094725481481324
2026-08-22T03:29:08.487396,52.73,-8.181823251112696e-15,9.251448204340558e-27,0.0,1.0972468125203252e-06,0.0,0.0,5.48623406260135e-07,0.9999999999998495,4.701024414956199e-21,9.272634668467746e-25,0.0,0.0,0.0,0.00041094699942836166
2026-08-22T03:29:08.526560,52.75,-8.181996995840448e-15,9.959188622018817e-27,0.0,-2.3276828780005587e-06,0.0,0.0,-1.1638414390000166e-06,0.9999999999993228,-8.72345277461955e-18,9.982010650790261e-25,0.0,0.0,0.0,1.9453699021333118e-05
2026-08-22T03:29:08.545960,52.77,-8.181822975888351e-15,1.2099813587625364e-26,0.0,1.1141031079908714e-06,0.0,0.0,5.570515539954069e-07,0.9999999999998449,8.73338029089389e-18,1.212632039056474e-24,0.0,0.0,0.0,-4.488097123385405e-05
2026-08-22T03:29:08.566930,52.79,-8.181909987649977e-15,1.2549592928687377e-26,0.0,-3.131752626117646e-07,0.0,0.0,-1.5658763130588163e-07,0.9999999999999878,4.550267355487638e-21,1.2576482065616848e-24,0.0,0.0,0.0,0.00014541069869855754
2026-08-22T03:29:08.587582,52.81,-8.181909988238977e-15,1.236266436214945e-26,0.0,-4.44265212617978e-07,0.0,0.0,-2.2213260630898718e-07,0.9999999999999754,4.4758347251171055e-21,1.2389018107709614e-24,0.0,0.0,0.0,5.811696918809828e-05
2026-08-22T03:29:08.607521,52.82,-8.181910010618243e-15,5.194422454970014e-32,0.0,1.1368683772161603e-13,0.0,0.0,5.684341886080802e-14,1.0,1.767832814273822e-26,1.2151622484654593e-24,0.0,0.0,0.0,-0.00012642727584143368
2026-08-22T03:29:08.640570,52.85,-8.181909988798039e-15,1.1994091467808024e-26,0.0,4.402241065903923e-06,0.0,0.0,2.2011205329501837e-06,0.9999999999975775,4.364023240925294e-21,1.2019358320865751e-24,0.0,0.0,0.0,0.00026731382540015787
2026-08-22T03:29:08.665255,52.87,-8.18182311672633e-15,1.0133631089256048e-26,0.0,-1.9031039668604421e-06,0.0,0.0,-9.515519834300775e-07,0.9999999999995473,4.368365142961961e-18,1.0154852810839134e-24,0.0,0.0,0.0,0.0003501551738721627
2026-08-22T03:29:08.685518,52.89,-8.181822982269388e-15,1.0143420883406534e-26,0.0,-1.4372003236395872e-06,0.0,0.0,-7.186001618197316e-07,0.9999999999997418,8.732030366962452e-18,1.0164888936820033e-24,0.0,0.0,0.0,-0.000125733310593474
2026-08-22T03:29:08.706886,52.91,-8.181823122098097e-15,8.78446078225897e-27,0.0,-8.220416685134068e-07,0.0,0.0,-4.1102083425669184e-07,0.9999999999999155,4.3672474285348134e-18,8.803237629767075e-25,0.0,0.0,0.0,-0.00015746458306165875
2026-08-22T03:29:08.728544,52.92,-8.181866642466309e-15,7.820373208136149e-32,0.0,-1.9970691766957316e-12,0.0,0.0,-9.985345883478658e-13,1.0,8.684611790228892e-24,7.913486789176101e-25,0.0,0.0,0.0,-0.0002373382435136388
2026-08-22T03:29:08.768487,52.95,-8.181823260705642e-15,8.418055639908043e-27,0.0,-5.47669202877188e-07,0.0,0.0,-2.738346014385905e-07,0.9999999999999625,2.7564263917902084e-21,8.435801588604916e-25,0.0,0.0,0.0,0.0003272360382743656
2026-08-22T03:29:08.793025,52.97,-8.181779892788583e-15,8.431805904588929e-27,0.0,1.1244104016761014e-06,0.0,0.0,5.622052008380211e-07,0.999999999999842,2.722458520697736e-21,8.449444229298678e-25,0.0,0.0,0.0,0.00016174587408599724
2026-08-22T03:29:08.815895,52.99,-8.181866765262298e-15,8.734492211831204e-27,0.0,-7.264079648905408e-08,0.0,0.0,-3.6320398244527035e-08,0.9999999999999993,-4.361367735419489e-18,8.752691290937502e-25,0.0,0.0,0.0,-0.00011230779854083156
2026-08-22T03:29:08.838882,53.01,-8.18182312335572e-15,8.908318808330276e-27,0.0,3.922196811778634e-06,0.0,0.0,1.9610984058880596e-06,0.9999999999980771,4.36704360977517e-18,8.926653846654898e-25,0.0,0.0,0.0,-0.00017631092523557733
2026-08-22T03:29:08.861289,53.03,-8.181909997349047e-15,1.0834568151539639e-26,0.0,-3.2191782031176785e-06,0.0,0.0,-1.6095891015581443e-06,0.9999999999987046,2.6234758813459298e-21,1.0856289786390498e-24,0.0,0.0,0.0,-0.0001457716788511239
2026-08-22T03:29:08.885426,53.04,-8.181910010596308e-15,-2.0417003679172554e-32,0.0,-3.8968828164342995e-12,0.0,0.0,-1.9484414082171497e-12,1.0,4.336800135443602e-18,1.1051741481568718e-24,0.0,0.0,0.0,7.477214286754773e-07
2026-08-22T03:29:08.901529,53.07,-8.181953503737801e-15,1.1087274807057223e-26,0.0,2.5737257911551126e-06,0.0,0.0,1.2868628955772012e-06,0.999999999999172,-4.361841083593972e-18,1.1109219125334705e-24,0.0,0.0,0.0,0.0001759563172520341
2026-08-22T03:29:08.921265,53.09,-8.181866630114814e-15,8.813084588269083e-27,0.0,-1.6268998148660785e-08,0.0,0.0,-8.134499074330392e-09,1.0,2.51365701540442e-21,8.830499474824493e-25,0.0,0.0,0.0,0.00017776246224667462
2026-08-22T03:29:08.937956,53.11,-8.181779893984053e-15,8.684463507083946e-27,0.0,2.083624938808981e-06,0.0,0.0,1.0418124694043021e-06,0.9999999999994573,2.49203898433118e-21,8.701543843083043e-25,0.0,0.0,0.0,6.062357967546916e-05
2026-08-22T03:29:08.960014,53.13,-8.181953638745906e-15,1.0141816559922841e-26,0.0,-1.3368929496770932e-06,0.0,0.0,-6.684464748384968e-07,0.9999999999997766,-8.72565123248145e-18,1.0161797310630852e-24,0.0,0.0,0.0,0.0002756912721460834
2026-08-22T03:29:09.004891,53.15,-8.181953363347604e-15,8.9146480810121e-27,0.0,3.0004744258071976e-06,0.0,0.0,1.5002372129030362e-06,0.9999999999988747,3.0975194565155046e-21,8.931766455014894e-25,0.0,0.0,0.0,-3.5337165046265206e-05
2026-08-22T03:29:09.027070,53.17,-8.182040099419842e-15,1.0308103536368842e-26,0.0,1.716590662947937e-06,0.0,0.0,8.58295331473863e-07,0.9999999999996316,3.074464293374138e-21,1.0327838479794098e-24,0.0,0.0,0.0,0.00018949057010389918
2026-08-22T03:29:09.049312,53.19,-8.182126972045778e-15,1.0801705147233234e-26,0.0,6.681167605826489e-07,0.0,0.0,3.340583802913182e-07,0.9999999999999442,-4.361020153527948e-18,1.0822388951552066e-24,0.0,0.0,0.0,0.00011110385009722173
2026-08-22T03:29:09.069775,53.21,-8.182170338759147e-15,1.0342746859122904e-26,0.0,2.291710117230395e-06,0.0,0.0,1.1458550586149465e-06,0.9999999999993435,-4.36072376559848e-18,1.0362297935416204e-24,0.0,0.0,0.0,-1.9849764008291913e-05
2026-08-22T03:29:09.087612,53.23,-8.182126832993648e-15,9.345454194572863e-27,0.0,2.132416797806514e-06,0.0,0.0,1.0662083989030547e-06,0.9999999999994316,3.633489353082691e-21,9.362928311369402e-25,0.0,0.0,0.0,9.010017819380302e-05
2026-08-22T03:29:09.120004,53.25,-8.182126833070493e-15,9.196718053894228e-27,0.0,-1.0866324196001644e-06,0.0,0.0,-5.433162098000554e-07,0.9999999999998525,3.596436872130811e-21,9.213776640270254e-25,0.0,0.0,0.0,8.289229220133503e-05
2026-08-22T03:29:09.143001,53.27,-8.18203996095054e-15,9.464225743976196e-27,0.0,1.359914799881068e-06,0.0,0.0,6.799573999404815e-07,0.9999999999997689,4.3676072048383754e-18,9.481692363963915e-25,0.0,0.0,0.0,-8.369200568295409e-05
2026-08-22T03:29:09.165669,53.29,-8.182170203090997e-15,1.0316220703156127e-26,0.0,3.841763693834821e-07,0.0,0.0,1.9208818469173986e-07,0.9999999999999816,3.1706880351074543e-21,1.0335111235545746e-24,0.0,0.0,0.0,-0.00018992398986253942
2026-08-22T03:29:09.179908,53.31,-8.182170203528515e-15,1.0149010686030939e-26,0.0,9.099259479228295e-07,0.0,0.0,4.5496297396139905e-07,0.9999999999998965,3.12221540215064e-21,1.0167461995943124e-24,0.0,0.0,0.0,0.00011836535820523156
2026-08-22T03:29:09.199173,53.33,-8.18230044411765e-15,1.0565038876639704e-26,0.0,-1.6058143912367484e-06,0.0,0.0,-8.029071956182879e-07,0.9999999999996777,-4.360973682557223e-18,1.0584230485680367e-24,0.0,0.0,0.0,0.00020448037118524296
2026-08-22T03:29:09.248779,53.35,-8.182474051270218e-15,8.84957919533771e-27,0.0,-9.890878946983153e-07,0.0,0.0,-4.945439473491374e-07,0.9999999999998778,-8.724734531580671e-18,8.865220489554734e-25,0.0,0.0,0.0,0.0001022476881733032
2026-08-22T03:29:09.271398,53.36,-8.182473795813263e-15,1.1019086436498553e-31,0.0,2.7533531010703882e-14,0.0,0.0,1.3766765505351941e-14,1.0,-4.336817456262168e-18,8.296962868926972e-25,0.0,0.0,0.0,-0.00014946309048493315
2026-08-22T03:29:09.295499,53.39,-8.182517278588558e-15,8.415284318441695e-27,0.0,1.1590290132090786e-06,0.0,0.0,5.795145066045069e-07,0.9999999999998321,-4.359741941957626e-18,8.429888295126147e-25,0.0,0.0,0.0,-0.0001913410527691735
2026-08-22T03:29:09.316682,53.4,-8.182473795812986e-15,2.7374432284614793e-33,0.0,-6.283862319378386e-13,0.0,0.0,-3.141931159689193e-13,1.0,-8.654984292381357e-24,8.30590125358511e-25,0.0,0.0,0.0,0.0001628593404672908
2026-08-22T03:29:09.336781,53.43,-8.18269088571807e-15,9.84437513926744e-27,0.0,-6.501454299367992e-07,0.0,0.0,-3.250727149683939e-07,0.9999999999999472,-8.723558893387566e-18,9.861814864136764e-25,0.0,0.0,0.0,-1.1873102884797923e-05
2026-08-22T03:29:09.386625,53.45,-8.182777619092732e-15,9.74721395434033e-27,0.0,-1.3460078163163305e-07,0.0,0.0,-6.730039081581646e-08,0.9999999999999978,-8.72294702932459e-18,9.763976080020345e-25,0.0,0.0,0.0,0.00012119637730570919
2026-08-22T03:29:09.409245,53.48,-8.182560531878358e-15,-1.266267027306899e-33,0.0,3.2369662505971064e-12,0.0,0.0,1.6184831252985532e-12,1.0,1.7367406451688559e-23,1.0257977157812814e-24,0.0,0.0,0.0,0.00011017765804933778
2026-08-22T03:29:09.431805,53.49,-8.182560506479375e-15,1.0275294565435297e-26,0.0,-2.038162833617463e-06,0.0,0.0,-1.019081416808555e-06,0.9999999999994807,5.0624292451355585e-21,1.029293645935602e-24,0.0,0.0,0.0,0.00010806529880350648
2026-08-22T03:29:09.451968,53.51,-8.182734115453676e-15,8.283173942719819e-27,0.0,7.282590539503531e-07,0.0,0.0,3.641295269751685e-07,0.9999999999999337,-4.359075773961556e-18,8.296802554635047e-25,0.0,0.0,0.0,0.0003786298633643895
2026-08-22T03:29:09.472399,53.53,-8.182647105730945e-15,6.800186821534183e-27,0.0,-1.4743525156291073e-06,0.0,0.0,-7.371762578144867e-07,0.9999999999997283,4.3693074421120715e-18,6.810738295901602e-25,0.0,0.0,0.0,-0.000120119365470289
2026-08-22T03:29:09.505098,53.55,-8.182777347870112e-15,5.0516257634739025e-27,0.0,1.1045711270085692e-06,0.0,0.0,5.522855635042564e-07,0.9999999999998475,4.8581731661491795e-21,5.059038198235126e-25,0.0,0.0,0.0,4.014732370862149e-06
2026-08-22T03:29:09.525524,53.57,-8.182864084507542e-15,5.52772986135635e-27,0.0,1.2881683981724732e-06,0.0,0.0,6.440841990861921e-07,0.9999999999997926,4.78713070169755e-21,5.536010152158022e-25,0.0,0.0,0.0,-0.00012250016064206432
2026-08-22T03:29:09.548093,53.59,-8.182864084895136e-15,5.431087138546201e-27,0.0,-3.373649432703019e-06,0.0,0.0,-1.6868247163507093e-06,0.9999999999985774,4.726958955947115e-21,5.439122975785129e-25,0.0,0.0,0.0,0.00032039700755535667
2026-08-22T03:29:09.569009,53.6,-8.18290747661747e-15,1.8212625062648973e-31,0.0,-1.4166445794216997e-13,0.0,0.0,-7.083222897108499e-14,1.0,-8.673600231746785e-18,3.6137175060824577e-25,0.0,0.0,0.0,0.00011296840681175173
2026-08-22T03:29:09.591439,53.63,-8.182994322786441e-15,4.4966167539769715e-27,0.0,1.7728529355665052e-06,0.0,0.0,8.864264677831362e-07,0.9999999999996071,-4.358777335030383e-18,4.502882409397954e-25,0.0,0.0,0.0,0.00016532679240663617
2026-08-22T03:29:09.622622,53.65,-8.18295081699176e-15,3.3091032633823375e-27,0.0,1.5787112581655547e-06,0.0,0.0,7.893556290826955e-07,0.9999999999996885,5.564073020721609e-21,3.312964012672829e-25,0.0,0.0,0.0,-3.99700758412267e-05
2026-08-22T03:29:09.645490,53.67,-8.183037553283796e-15,4.054399527122357e-27,0.0,-3.4816166616380434e-07,0.0,0.0,-1.7408083308190127e-07,0.9999999999999849,5.5013950650321405e-21,4.0596719649279526e-25,0.0,0.0,0.0,-0.00014259553515583097
2026-08-22T03:29:09.669874,53.69,-8.183080921763212e-15,3.8905174720633244e-27,0.0,9.97246309086819e-07,0.0,0.0,4.986231545433888e-07,0.9999999999998757,5.4315659142721424e-21,3.8954413601571728e-25,0.0,0.0,0.0,0.00013915215020120572
2026-08-22T03:29:09.688325,53.71,-8.18308092214794e-15,3.820060397584097e-27,0.0,1.108785338654883e-06,0.0,0.0,5.543926693274131e-07,0.9999999999998463,5.363293699649153e-21,3.824814454263008e-25,0.0,0.0,0.0,6.181833881859633e-05
2026-08-22T03:29:09.711282,53.72,-8.183080948964516e-15,3.519465858172637e-32,0.0,1.4388490399142029e-12,0.0,0.0,7.194245199571014e-13,1.0,2.1183549468782213e-26,3.7455968253378675e-25,0.0,0.0,0.0,-0.00025448879060271717
2026-08-22T03:29:09.739551,53.75,-8.18308092281785e-15,3.679476658920327e-27,0.0,9.547673496257403e-08,0.0,0.0,4.7738367481286994e-08,0.9999999999999989,5.2293125133521775e-21,3.683895416207159e-25,0.0,0.0,0.0,-0.00015215767679149046
2026-08-22T03:29:09.759558,53.77,-8.182950682753592e-15,3.549295014163693e-27,0.0,5.417589128420275e-07,0.0,0.0,2.708794564210104e-07,0.9999999999999634,4.369220235369271e-18,3.553484911454645e-25,0.0,0.0,0.0,0.0003871312327953853
2026-08-22T03:29:09.781260,53.79,-8.182907180260097e-15,4.550984870935898e-27,0.0,1.1854714867531868e-06,0.0,0.0,5.927357433765587e-07,0.9999999999998244,8.732875390460025e-18,4.5567198428674715e-25,0.0,0.0,0.0,0.0002813666826890548
2026-08-22T03:29:09.802583,53.81,-8.182994192444532e-15,6.829185075851635e-27,0.0,1.107130724431471e-06,0.0,0.0,5.535653622157072e-07,0.9999999999998468,4.025856636731201e-21,6.839545934466433e-25,0.0,0.0,0.0,0.0001964772447782971
2026-08-22T03:29:09.821560,53.83,-8.183124433393486e-15,7.416855825589955e-27,0.0,-3.094842488948757e-07,0.0,0.0,-1.5474212444743724e-07,0.999999999999988,-4.360098637477651e-18,7.428257926002884e-25,0.0,0.0,0.0,-0.00035192748578491027
2026-08-22T03:29:09.860987,53.85,-8.182907319422312e-15,8.58618888763019e-27,0.0,1.2549739736300583e-07,0.0,0.0,6.274869868150286e-08,0.999999999999998,4.368299473670281e-18,8.599793638356196e-25,0.0,0.0,0.0,0.0001107782314516587
2026-08-22T03:29:09.884769,53.87,-8.18312456996614e-15,8.867274818540404e-27,0.0,7.990141033253906e-07,0.0,0.0,3.9950705166268465e-07,0.9999999999999202,-8.724247714505049e-18,8.881203699658866e-25,0.0,0.0,0.0,2.8308663082230386e-05
2026-08-22T03:29:09.908409,53.88,-8.183124317138706e-15,2.2644142205212793e-32,0.0,9.019451852054772e-13,0.0,0.0,4.509725926027386e-13,1.0,-8.673617579472348e-18,8.550627953627634e-25,0.0,0.0,0.0,-3.4272718098065386e-05
2026-08-22T03:29:09.930028,53.91,-8.183080787438083e-15,9.769351819509323e-27,0.0,-2.0462760361716903e-06,0.0,0.0,-1.0231380180856666e-06,0.9999999999994766,4.369161498412723e-18,9.784837286892076e-25,0.0,0.0,0.0,7.992202229404935e-05
2026-08-22T03:29:09.956932,53.93,-8.183211029416562e-15,7.971013510727204e-27,0.0,1.7371387643905227e-06,0.0,0.0,8.68569382195152e-07,0.9999999999996227,4.722682838492275e-21,7.982827999378567e-25,0.0,0.0,0.0,1.7724870106381905e-05
2026-08-22T03:29:10.004769,53.95,-8.183167525652566e-15,7.611837005961252e-27,0.0,7.145849467704579e-07,0.0,0.0,3.5729247338522134e-07,0.9999999999999362,4.3687099964937215e-18,7.622762932066505e-25,0.0,0.0,0.0,0.0002724011586518867
2026-08-22T03:29:10.026886,53.97,-8.183297767905698e-15,8.818713281652072e-27,0.0,-2.0129778133259894e-06,0.0,0.0,-1.0064889066628247e-06,0.9999999999994935,4.2596182748725805e-21,8.831995458123549e-25,0.0,0.0,0.0,0.00034374335108469667
2026-08-22T03:29:10.046658,53.99,-8.18329776841165e-15,8.66505932918824e-27,0.0,-1.8786711741825002e-06,0.0,0.0,-9.393355870911119e-07,0.9999999999995588,4.197458260761177e-21,8.677892724056179e-25,0.0,0.0,0.0,0.000198417502480597
2026-08-22T03:29:10.071561,54.01,-8.183384641021437e-15,7.794769109827067e-27,0.0,-1.5291837645037274e-06,0.0,0.0,-7.645918822517893e-07,0.9999999999997077,-4.359911275589311e-18,7.80583044453315e-25,0.0,0.0,0.0,0.00029919922643247584
2026-08-22T03:29:10.091851,54.03,-8.183341135458514e-15,7.477819444819819e-27,0.0,3.885168577077991e-06,0.0,0.0,1.9425842885377736e-06,0.9999999999981132,4.427147826811635e-21,7.488174788488091e-25,0.0,0.0,0.0,-0.000248066430905761
2026-08-22T03:29:10.127277,54.05,-8.18329776753831e-15,6.351637581107392e-27,0.0,-2.5254215429981745e-06,0.0,0.0,-1.2627107714987514e-06,0.9999999999992027,4.3807988315997614e-21,6.359857538674145e-25,0.0,0.0,0.0,-1.4745156447098612e-05
2026-08-22T03:29:10.148379,54.07,-8.183297767770268e-15,6.2343609973493486e-27,0.0,1.1213415538335884e-06,0.0,0.0,5.606707769167647e-07,0.9999999999998428,4.325733891432325e-21,6.242298240227957e-25,0.0,0.0,0.0,-0.00016251836603142243
2026-08-22T03:29:10.172857,54.09,-8.183297768042135e-15,6.119553881388681e-27,0.0,1.600280352676009e-08,0.0,0.0,8.001401763380045e-09,1.0,4.2713612912546434e-21,6.127215057537193e-25,0.0,0.0,0.0,0.0001603626513403977
2026-08-22T03:29:10.195433,54.11,-8.183297768310581e-15,6.0071427314054774e-27,0.0,3.6192755046293716e-06,0.0,0.0,1.809637752313698e-06,0.9999999999983626,4.217672131095931e-21,6.014534527864631e-25,0.0,0.0,0.0,-3.7492297609457775e-06
2026-08-22T03:29:10.213711,54.13,-8.183384640921636e-15,7.280237157413058e-27,0.0,3.252155228672393e-06,0.0,0.0,1.62607761433548e-06,0.999999999998678,-4.35989131578133e-18,7.290178341852213e-25,0.0,0.0,0.0,6.073277290217854e-05
2026-08-22T03:29:10.255269,54.15,-8.18334113535997e-15,5.7395566529378466e-27,0.0,1.5288817567515878e-06,0.0,0.0,7.644408783757195e-07,0.9999999999997078,4.446856748657116e-21,5.7462987230919075e-25,0.0,0.0,0.0,0.00018958333289669527
2026-08-22T03:29:10.276617,54.17,-8.183384503534863e-15,6.023845829425783e-27,0.0,-3.337634635336429e-07,0.0,0.0,-1.6688173176682065e-07,0.9999999999999861,4.398901128823824e-21,6.03108687192664e-25,0.0,0.0,0.0,6.595321682498198e-05
2026-08-22T03:29:10.298968,54.19,-8.183297631508708e-15,6.039202666080044e-27,0.0,-1.4955343923261923e-06,0.0,0.0,-7.477671961630264e-07,0.9999999999997204,4.368399582681957e-18,6.0464134406511045e-25,0.0,0.0,0.0,-0.00014209866937592885
2026-08-22T03:29:10.326425,54.21,-8.183428009951087e-15,4.411816241939716e-27,0.0,1.7171866364407151e-06,0.0,0.0,8.585933182202521e-07,0.9999999999996314,-4.360101508677099e-18,4.415743038545593e-25,0.0,0.0,0.0,9.833482489479356e-05
2026-08-22T03:29:10.343947,54.23,-8.183471376873703e-15,4.066892798880623e-27,0.0,9.157801938997069e-08,0.0,0.0,4.5789009694985325e-08,0.999999999999999,-4.3598252866034234e-18,4.070421935100473e-25,0.0,0.0,0.0,-3.4787481855009063e-05
2026-08-22T03:29:10.386813,54.25,-8.183601479604517e-15,4.1212570467986894e-27,0.0,-4.818072766976656e-06,0.0,0.0,-2.4090363834859975e-06,0.9999999999970983,-4.359536657654408e-18,4.124749083194549e-25,0.0,0.0,0.0,-0.00025944347437875003
2026-08-22T03:29:10.407237,54.27,-8.18364498259846e-15,5.339580190297062e-27,0.0,1.1639054582346375e-06,0.0,0.0,5.819527291172859e-07,0.9999999999998307,-8.723304911999828e-18,5.344656698351829e-25,0.0,0.0,0.0,-0.0001796376002688172
2026-08-22T03:29:10.430827,54.29,-8.183557834763391e-15,5.411375418759263e-27,0.0,-2.513826959926746e-07,0.0,0.0,-1.2569134799633696e-07,0.9999999999999921,4.3694789397841725e-18,5.417308683529094e-25,0.0,0.0,0.0,0.00017865053126786995
2026-08-22T03:29:10.447930,54.31,-8.183601340711328e-15,5.670208703123931e-27,0.0,-3.934543769013033e-06,0.0,0.0,-1.9672718845052474e-06,0.9999999999980649,5.0374931990591416e-21,5.67654740096191e-25,0.0,0.0,0.0,-4.009079944676769e-05
2026-08-22T03:29:10.467693,54.32,-8.183644734050845e-15,3.692284641420767e-32,0.0,-3.6126657221302594e-12,0.0,0.0,-1.8063328610651297e-12,1.0,1.9660041665439435e-26,4.550839959183239e-25,0.0,0.0,0.0,4.0412969047375755e-05
2026-08-22T03:29:10.504101,54.35,-8.183644709581768e-15,4.465909504012653e-27,0.0,-6.342019127636433e-07,0.0,0.0,-3.171009563818164e-07,0.9999999999999497,4.9024696538597066e-21,4.469861072783396e-25,0.0,0.0,0.0,7.633057854819584e-05
2026-08-22T03:29:10.524769,54.37,-8.183731718487982e-15,4.216213594485659e-27,0.0,6.325184673805495e-07,0.0,0.0,3.1625923369026946e-07,0.99999999999995,-8.723269740576349e-18,4.219647693676474e-25,0.0,0.0,0.0,-3.451520762585805e-05
2026-08-22T03:29:10.543515,54.39,-8.183731579404741e-15,4.062236024135143e-27,0.0,1.4941581034655375e-06,0.0,0.0,7.470790517326991e-07,0.9999999999997209,-4.35860553809877e-18,4.065410250493064e-25,0.0,0.0,0.0,-0.0002828952342848419
2026-08-22T03:29:10.567735,54.41,-8.183688073620856e-15,4.129004300850181e-27,0.0,3.555102317864822e-06,0.0,0.0,1.777551158931475e-06,0.9999999999984202,5.733710539362766e-21,4.132300688236073e-25,0.0,0.0,0.0,0.0002055855423715524
2026-08-22T03:29:10.591167,54.43,-8.183687937577574e-15,4.506180172113502e-27,0.0,-2.479273477185018e-06,0.0,0.0,-1.2396367385921915e-06,0.9999999999992316,4.3697248739153285e-18,4.50982314500134e-25,0.0,0.0,0.0,-3.286073348904867e-05
2026-08-22T03:29:10.635638,54.45,-8.183818179937855e-15,2.1068767433841457e-27,0.0,1.4538525485718876e-06,0.0,0.0,7.269262742858799e-07,0.9999999999997358,5.261739376420996e-21,2.10624287507112e-25,0.0,0.0,0.0,-0.00028288450280774375
2026-08-22T03:29:10.660157,54.46,-8.183904942550826e-15,2.089181719006329e-33,0.0,-1.1453060722033115e-12,0.0,0.0,-5.726530361016557e-13,1.0,-4.336800104772517e-18,2.9805098771584433e-25,0.0,0.0,0.0,-4.8401971043655234e-05
2026-08-22T03:29:10.678942,54.49,-8.184078660137572e-15,2.986702023392452e-27,0.0,-1.5897868053116328e-06,0.0,0.0,-7.948934026557326e-07,0.999999999999684,-8.722656286035048e-18,2.987622847335964e-25,0.0,0.0,0.0,-1.869867386750676e-05
2026-08-22T03:29:10.700295,54.51,-8.18403501672905e-15,3.8363562061324306e-27,0.0,-2.8355651768841032e-06,0.0,0.0,-1.4177825884415764e-06,0.9999999999989949,6.064119058320934e-21,3.838985518833916e-25,0.0,0.0,0.0,-0.00020315101442678422
2026-08-22T03:29:10.718610,54.53,-8.183991512551456e-15,4.1134158746354416e-27,0.0,2.6096697309796464e-06,0.0,0.0,1.304834865489453e-06,0.9999999999991487,4.370060427874145e-18,4.116774803117187e-25,0.0,0.0,0.0,-0.00033206536183578447
2026-08-22T03:29:10.754031,54.55,-8.183948146449615e-15,3.185625644254985e-27,0.0,3.4750431332497556e-06,0.0,0.0,1.7375215666240034e-06,0.9999999999984905,4.369650407863608e-18,3.1868757884052945e-25,0.0,0.0,0.0,-0.00021362103808010368
2026-08-22T03:29:10.778555,54.57,-8.18407852512212e-15,5.236776918194776e-27,0.0,1.13317361005727e-06,0.0,0.0,5.665868050286046e-07,0.9999999999998395,-4.358875024714025e-18,5.242062986634941e-25,0.0,0.0,0.0,0.0002828521318561345
2026-08-22T03:29:10.797031,54.59,-8.183948147429855e-15,3.540307775483565e-27,0.0,-1.2718500741470962e-06,0.0,0.0,-6.359250370735052e-07,0.9999999999997978,4.369497728174053e-18,3.542052169299658e-25,0.0,0.0,0.0,-0.00023447404274304053
2026-08-22T03:29:10.815667,54.61,-8.184121893836668e-15,1.5594553308824044e-27,0.0,5.607195756596185e-07,0.0,0.0,2.8035978782980554e-07,0.9999999999999607,-4.359009226972961e-18,1.5574752781861083e-25,0.0,0.0,0.0,3.260367061905901e-05
2026-08-22T03:29:10.834971,54.63,-8.184035020478386e-15,1.0727867263429803e-27,0.0,2.32613178807739e-06,0.0,0.0,1.163065894038433e-06,0.9999999999993237,5.30991887288579e-21,1.0701067301761683e-25,0.0,0.0,0.0,0.00012962630398394287
2026-08-22T03:29:10.888467,54.65,-8.184078388664158e-15,1.6331615515796178e-27,0.0,-2.9517542383672435e-06,0.0,0.0,-1.475877119183086e-06,0.9999999999989109,5.251114704183058e-21,1.6315648711826436e-25,0.0,0.0,0.0,1.1719974967999008e-06
2026-08-22T03:29:10.909142,54.67,-8.184078252785424e-15,1.2069615038682685e-27,0.0,3.019061931119893e-06,0.0,0.0,1.5095309655593733e-06,0.9999999999988607,4.369239725410019e-18,1.204742256102424e-25,0.0,0.0,0.0,-0.0003440222277528074
2026-08-22T03:29:10.931939,54.69,-8.184078390974424e-15,6.786252998390083e-28,0.0,1.2903379342787963e-07,0.0,0.0,6.451689671393975e-08,0.9999999999999979,4.7847272983417616e-21,6.751852520434308e-26,0.0,0.0,0.0,-0.00023376114935286994
2026-08-22T03:29:10.957982,54.71,-8.184121759430213e-15,6.813982118763412e-28,0.0,1.1117094667056905e-07,0.0,0.0,5.558547333528449e-08,0.9999999999999984,4.715286801001131e-21,6.780634740947481e-26,0.0,0.0,0.0,-0.00015613988770398355
2026-08-22T03:29:10.981438,54.73,-8.184382240555752e-15,7.934416682577174e-28,0.0,2.2550173870428125e-06,0.0,0.0,1.1275086935211674e-06,0.9999999999993644,-8.72345728820835e-18,7.902423916194255e-26,0.0,0.0,0.0,0.00021601199735749442
2026-08-22T03:29:11.003269,54.75,-8.184251861241272e-15,-2.6612457403609033e-27,0.0,5.030224301094677e-06,0.0,0.0,2.5151121505446868e-06,0.9999999999968371,5.265925568608358e-21,-2.6709231921563714e-25,0.0,0.0,0.0,-8.023293923413964e-05
2026-08-22T03:29:11.025970,54.76,-8.184338623441777e-15,-1.893624328661671e-31,0.0,3.5234037909503968e-12,0.0,0.0,1.7617018954751984e-12,1.0,-8.67360022980331e-18,1.2127018630019115e-25,0.0,0.0,0.0,-0.00020843459686573012
2026-08-22T03:29:11.048995,54.79,-8.18442546694484e-15,2.469544661627394e-27,0.0,1.0004443629085814e-07,0.0,0.0,5.0022218145429045e-08,0.9999999999999988,-4.3582354821812076e-18,2.4695978878471084e-25,0.0,0.0,0.0,6.765548611892586e-05
2026-08-22T03:29:11.087345,54.81,-8.184381961184214e-15,2.2004603712818936e-27,0.0,-1.099481593769269e-06,0.0,0.0,-5.497407968846069e-07,0.9999999999998489,6.099115014430503e-21,2.2001043203729946e-25,0.0,0.0,0.0,-0.0002197373544941557
2026-08-22T03:29:11.104545,54.83,-8.18442532946295e-15,1.8648531420705713e-27,0.0,3.033224342807728e-07,0.0,0.0,1.516612171403858e-07,0.9999999999999885,6.030391258783703e-21,1.863881976598562e-25,0.0,0.0,0.0,-6.665221197046727e-05
2026-08-22T03:29:11.142474,54.85,-8.184468697932239e-15,1.894655900908197e-27,0.0,1.784788674630278e-06,0.0,0.0,8.923943373150204e-07,0.9999999999996018,5.953912640347709e-21,1.8937481655440681e-25,0.0,0.0,0.0,-0.0001454182606416049
2026-08-22T03:29:11.167228,54.87,-8.184425194050747e-15,1.6208180649246322e-27,0.0,-2.0816224157727e-06,0.0,0.0,-1.0408112078861618e-06,0.9999999999994583,4.369934368909502e-18,1.6193516900475811e-25,0.0,0.0,0.0,0.00023754405174292048
2026-08-22T03:29:11.187867,54.89,-8.184338459894057e-15,2.7120698789051554e-27,0.0,-1.6098442672252133e-06,0.0,0.0,-8.049221336125197e-07,0.999999999999676,4.3695266128170495e-18,2.7128040739169977e-25,0.0,0.0,0.0,-0.00016004971612722292
2026-08-22T03:29:11.219849,54.91,-8.184555710861398e-15,3.870899082630336e-28,0.0,-8.01369890446324e-08,0.0,0.0,-4.006849452231619e-08,0.9999999999999992,-8.723053237527038e-18,3.8301661669669115e-26,0.0,0.0,0.0,1.9184721923708996e-05
2026-08-22T03:29:11.241019,54.92,-8.18451209591893e-15,3.6744884369847336e-32,0.0,9.281464485866309e-14,0.0,0.0,4.6407322429331543e-14,1.0,-1.7324337502802785e-23,3.099224846593796e-26,0.0,0.0,0.0,-0.00022796729357780842
2026-08-22T03:29:11.276451,54.95,-8.184555435873626e-15,-2.9967325723953372e-28,0.0,4.402304423223314e-07,0.0,0.0,2.201152211611639e-07,0.9999999999999758,5.600397924416879e-21,-3.046443774591398e-26,0.0,0.0,0.0,-8.174318494479394e-05
2026-08-22T03:29:11.295393,54.97,-8.184511931969915e-15,-3.6823818769739e-28,0.0,-1.8484866486367935e-06,0.0,0.0,-9.242433243182651e-07,0.9999999999995729,4.369585297754806e-18,-3.732967837154966e-26,0.0,0.0,0.0,6.802338851203367e-05
2026-08-22T03:29:11.319185,54.99,-8.184729182876159e-15,-2.331633029160365e-27,0.0,-1.8592947630402534e-06,0.0,0.0,-9.296473815199928e-07,0.9999999999995679,-8.722986670915752e-18,-2.3405060820627795e-25,0.0,0.0,0.0,-7.395517010085469e-05
2026-08-22T03:29:11.343187,55.0,-8.184685568288481e-15,3.287649034147244e-32,0.0,-2.1658230764387554e-12,0.0,0.0,-1.0829115382193777e-12,1.0,-4.336817449173298e-18,-1.2029525211032619e-25,0.0,0.0,0.0,2.8242201939264984e-05
2026-08-22T03:29:11.368342,55.03,-8.184859282974056e-15,-1.2487192455243499e-27,0.0,3.008465481180167e-06,0.0,0.0,1.5042327405895162e-06,0.9999999999988687,-8.722110748551633e-18,-1.255223321944388e-25,0.0,0.0,0.0,0.00013556483100041883
2026-08-22T03:29:11.407009,55.05,-8.184902648197927e-15,-2.7292451495685668e-27,0.0,5.243491854045602e-07,0.0,0.0,2.6217459270227703e-07,0.9999999999999656,-8.721507788904976e-18,-2.738167343831382e-25,0.0,0.0,0.0,3.18021497520278e-05
2026-08-22T03:29:11.429192,55.06,-8.184815672570578e-15,3.539500633771196e-32,0.0,7.016609515630989e-13,0.0,0.0,3.5083047578154947e-13,1.0,-1.7317962457441965e-23,-3.2586146538868175e-25,0.0,0.0,0.0,-0.00016833452093006142
2026-08-22T03:29:11.450786,55.09,-8.184902372863588e-15,-4.0957738284131626e-27,0.0,-6.253917388399088e-07,0.0,0.0,-3.1269586941994934e-07,0.9999999999999512,7.132762255342955e-21,-4.107511655571343e-25,0.0,0.0,0.0,0.00017906454859494992
2026-08-22T03:29:11.483201,55.11,-8.185032613791509e-15,-4.444414615776287e-27,0.0,-4.37351358240079e-07,0.0,0.0,-2.1867567912003774e-07,0.9999999999999761,-4.357013546058443e-18,-4.456692057243904e-25,0.0,0.0,0.0,-0.00020271258670490747
2026-08-22T03:29:11.509899,55.13,-8.185032612753124e-15,-3.75648925224837e-27,0.0,3.11048746759468e-08,0.0,0.0,1.55524373379734e-08,0.9999999999999999,-4.356766839787539e-18,-3.7674626992479844e-25,0.0,0.0,0.0,0.0004438288609582943
2026-08-22T03:29:11.545560,55.15,-8.184902234846964e-15,-4.8724791081386516e-27,0.0,2.0686327295571516e-06,0.0,0.0,1.0343163647783914e-06,0.9999999999994651,4.371596651708516e-18,-4.885675251377868e-25,0.0,0.0,0.0,-0.0001315786818453346
2026-08-22T03:29:11.573386,55.17,-8.184945740992779e-15,-4.349263831815983e-27,0.0,1.418306681433279e-06,0.0,0.0,7.091533407165801e-07,0.9999999999997485,7.119967084600653e-21,-4.361143971848731e-25,0.0,0.0,0.0,-0.00018117300554202053
2026-08-22T03:29:11.591041,55.18,-8.184989144744706e-15,2.0044276753332295e-32,0.0,-3.2729374765949615e-13,0.0,0.0,-1.6364687382974807e-13,1.0,2.788524633662446e-26,-3.921150341585981e-25,0.0,0.0,0.0,1.0613033252511748e-05
2026-08-22T03:29:11.622518,55.21,-8.185032478170262e-15,-3.854937832956765e-27,0.0,7.218319098001304e-07,0.0,0.0,3.609159549000573e-07,0.9999999999999348,6.932241506427512e-21,-3.865686658544093e-25,0.0,0.0,0.0,-0.00011448411478413071
2026-08-22T03:29:11.648146,55.23,-8.185075846696234e-15,-3.62292523261755e-27,0.0,7.493537976799302e-07,0.0,0.0,3.7467689883995635e-07,0.9999999999999298,6.844427004017554e-21,-3.6331562820161575e-25,0.0,0.0,0.0,-0.00026894726955752535
2026-08-22T03:29:11.677687,55.25,-8.18516258326362e-15,-3.1966997586917788e-27,0.0,-1.7708961244089494e-06,0.0,0.0,-8.85448062204359e-07,0.999999999999608,6.757036845834493e-21,-3.2060508923185035e-25,0.0,0.0,0.0,1.9704164730496902e-05
2026-08-22T03:29:11.705208,55.27,-8.185292960420054e-15,-4.0609464276979066e-27,0.0,5.374062306273687e-07,0.0,0.0,2.6870311531368106e-07,0.9999999999999639,-8.721439163506596e-18,-4.0720445152376186e-25,0.0,0.0,0.0,0.000510157279539155
2026-08-22T03:29:11.723618,55.29,-8.185292957747347e-15,-6.904980073166756e-27,0.0,4.292327049348899e-07,0.0,0.0,2.1461635246744329e-07,0.999999999999977,-8.720852585084311e-18,-6.920946483934674e-25,0.0,0.0,0.0,-0.00048061251475519837
2026-08-22T03:29:11.755374,55.3,-8.185292721483642e-15,-2.0953099653557354e-31,0.0,-3.646860591288714e-12,0.0,0.0,-1.823430295644357e-12,1.0,-8.673617566011122e-18,-4.332342344202003e-25,0.0,0.0,0.0,-0.0003084080773282017
2026-08-22T03:29:11.775721,55.33,-8.185379415496631e-15,-3.542592960661299e-27,0.0,-2.780968775262238e-07,0.0,0.0,-1.3904843876311145e-07,0.9999999999999903,8.44069185311105e-21,-3.552239634992432e-25,0.0,0.0,0.0,-0.0003080709191106772
2026-08-22T03:29:11.833001,55.35,-8.185205807370974e-15,-3.251884071382946e-27,0.0,4.0907988632099546e-06,0.0,0.0,2.045399431603551e-06,0.9999999999979081,4.372409166749005e-18,-3.260779368474751e-25,0.0,0.0,0.0,-0.00012133452120906442
2026-08-22T03:29:11.856487,55.37,-8.185423058324601e-15,1.1841495446471716e-27,0.0,2.5986164486901946e-06,0.0,0.0,1.2993082243447316e-06,0.9999999999991559,-8.720198297340816e-18,1.183909227381279e-25,0.0,0.0,0.0,5.705261287371248e-05
2026-08-22T03:29:11.877804,55.38,-8.185249353526295e-15,4.884731485944003e-32,0.0,2.6405544417684723e-12,0.0,0.0,1.3202772208842362e-12,1.0,-1.731240260121908e-23,-2.4612699696763905e-25,0.0,0.0,0.0,-0.00012682559214396478
2026-08-22T03:29:11.902384,55.41,-8.18529267942267e-15,-2.764175958443336e-27,0.0,-7.482261970004345e-07,0.0,0.0,-3.741130985002085e-07,0.9999999999999301,8.386030542170791e-21,-2.7721572117835723e-25,0.0,0.0,0.0,3.502792941052894e-05
2026-08-22T03:29:11.918844,55.43,-8.185292679993081e-15,-2.7312364120292956e-27,0.0,6.514895587450553e-07,0.0,0.0,3.257447793725219e-07,0.9999999999999469,8.280622022156124e-21,-2.7390958050364903e-25,0.0,0.0,0.0,-0.00010154368625026854
2026-08-22T03:29:11.947009,55.45,-8.185379416607363e-15,-2.3656141611335285e-27,0.0,-1.0558004643890227e-06,0.0,0.0,-5.279002321944869e-07,0.9999999999998607,8.175179300268159e-21,-2.3727256999979573e-25,0.0,0.0,0.0,0.00020216243310038073
2026-08-22T03:29:11.970721,55.47,-8.185553025647731e-15,-3.2807752416977115e-27,0.0,-1.7558055285249452e-06,0.0,0.0,-8.779027642623598e-07,0.9999999999996146,-4.355984911224455e-18,-3.2895450572863555e-25,0.0,0.0,0.0,1.8837426954949622e-05
2026-08-22T03:29:11.985791,55.48,-8.185466193830418e-15,-1.0582435176975583e-32,0.0,-1.305622276959184e-12,0.0,0.0,-6.52811138479592e-13,1.0,4.336791485156097e-18,-1.933709943800676e-25,0.0,0.0,0.0,0.0003329210595487661
2026-08-22T03:29:12.011027,55.5,-8.185552929765972e-15,-4.509711903321267e-33,0.0,4.0820680169417756e-12,0.0,0.0,2.0410340084708878e-12,1.0,8.704417861524349e-24,1.472701714842293e-25,0.0,0.0,0.0,0.00017083295954986182
2026-08-22T03:29:12.030751,55.53,-8.18563976343898e-15,2.0947719028536568e-27,0.0,-1.4647293471448113e-06,0.0,0.0,-7.3236467357234e-07,0.9999999999997318,-4.356291052516523e-18,2.0963799779124957e-25,0.0,0.0,0.0,0.0001460331189611044
2026-08-22T03:29:12.081725,55.55,-8.185770002795547e-15,1.1219637974521651e-27,0.0,-4.027240047665971e-06,0.0,0.0,-2.013620023831624e-06,0.9999999999979726,-8.720110080956083e-18,1.1214810362098608e-25,0.0,0.0,0.0,0.00028269520566998074
2026-08-22T03:29:12.104927,55.57,-8.185596119154141e-15,4.2870635622858766e-27,0.0,2.5407667658683414e-07,0.0,0.0,1.270383382934167e-07,0.9999999999999919,4.372634972490755e-18,4.292655133458641e-25,0.0,0.0,0.0,0.0003126018543479754
2026-08-22T03:29:12.133159,55.6,-8.185639666048189e-15,3.625788955800446e-32,0.0,-3.368416656712725e-12,0.0,0.0,-1.6842083283563625e-12,1.0,3.197150751170047e-26,4.184139309252032e-25,0.0,0.0,0.0,-0.00010514617828991698
2026-08-22T03:29:12.157843,55.61,-8.185639625834341e-15,4.189512413804093e-27,0.0,-1.2877792476828631e-06,0.0,0.0,-6.438896238413871e-07,0.9999999999997927,8.042737474175728e-21,4.194813307324602e-25,0.0,0.0,0.0,-0.0002360892783365937
2026-08-22T03:29:12.175235,55.62,-8.185726402222532e-15,9.03816033375732e-32,0.0,-3.0402347306335287e-12,0.0,0.0,-1.5201173653167643e-12,1.0,-8.673600218869919e-18,3.1219790606416115e-25,0.0,0.0,0.0,-5.159889814885995e-06
2026-08-22T03:29:12.206766,55.65,-8.185682991880514e-15,3.1368259260986842e-27,0.0,1.7415113475749426e-06,0.0,0.0,8.707556737873611e-07,0.9999999999996209,8.511594115190776e-21,3.1400824885401365e-25,0.0,0.0,0.0,-5.078520720130773e-06
2026-08-22T03:29:12.225994,55.67,-8.185682992069063e-15,3.0775436577730566e-27,0.0,-2.0649860887900215e-07,0.0,0.0,-1.032493044395009e-07,0.9999999999999947,8.42184462776179e-21,3.0806622911105273e-25,0.0,0.0,0.0,1.3086681213144551e-05
2026-08-22T03:29:12.250537,55.68,-8.185639666112965e-15,2.944394758503242e-32,0.0,-6.306066779870889e-14,0.0,0.0,-3.1530333899354446e-14,1.0,4.336800158582263e-18,3.093519027819245e-25,0.0,0.0,0.0,-7.411265616714804e-05
2026-08-22T03:29:12.273317,55.71,-8.185552890504568e-15,2.818833218662761e-27,0.0,4.255411192310987e-07,0.0,0.0,2.1277055961554774e-07,0.9999999999999774,7.878269409117327e-21,2.8213915392867117e-25,0.0,0.0,0.0,-4.739788767958985e-05
2026-08-22T03:29:12.291653,55.73,-8.185466018718505e-15,2.6003589893756007e-27,0.0,4.4716681424361587e-07,0.0,0.0,2.2358340712180606e-07,0.999999999999975,4.371826597261183e-18,2.602505476364371e-25,0.0,0.0,0.0,7.030103404366856e-05
2026-08-22T03:29:12.340996,55.75,-8.185639765423195e-15,3.1868778980417263e-27,0.0,-1.5169849660878754e-06,0.0,0.0,-7.584924830438649e-07,0.9999999999997123,-4.356718249649062e-18,3.1901869523277556e-25,0.0,0.0,0.0,-0.00019542532656472388
2026-08-22T03:29:12.365894,55.77,-8.18568313260181e-15,3.6300823704746e-27,0.0,1.9021049579848184e-06,0.0,0.0,9.510524789922657e-07,0.9999999999995477,-4.356484553460217e-18,3.6340186124015904e-25,0.0,0.0,0.0,0.0002451567176933022
2026-08-22T03:29:12.386718,55.8,-8.185639666113515e-15,4.6560732665265774e-32,0.0,-7.398526236102043e-13,0.0,0.0,-3.6992631180510216e-13,1.0,-4.336800094197021e-18,2.06774093304186e-25,0.0,0.0,0.0,-2.1747577588339997e-05
2026-08-22T03:29:12.407972,55.81,-8.185683131741712e-15,2.0689236528346633e-27,0.0,-3.6739901503324303e-06,0.0,0.0,-1.8369950751651814e-06,0.9999999999983127,-4.356325545510737e-18,2.069949370835196e-25,0.0,0.0,0.0,5.798387736392842e-05
2026-08-22T03:29:12.419871,55.83,-8.185509249715748e-15,5.160062167677633e-27,0.0,3.81658231951576e-06,0.0,0.0,1.9082911597567217e-06,0.9999999999981792,8.73607907439232e-18,5.16731895468196e-25,0.0,0.0,0.0,-0.0001464381538053313
2026-08-22T03:29:12.485107,55.85,-8.185596261755135e-15,7.260511505469493e-27,0.0,1.7359303594588482e-06,0.0,0.0,8.679651797293152e-07,0.9999999999996233,7.206509212068075e-21,7.271241246168796e-25,0.0,0.0,0.0,-7.233531255439884e-05
2026-08-22T03:29:12.504377,55.87,-8.185379149772185e-15,5.363210764962195e-27,0.0,-1.8240342711806081e-06,0.0,0.0,-9.120171355901775e-07,0.9999999999995841,8.735211315405067e-18,5.370200317136284e-25,0.0,0.0,0.0,0.00012855638451205901
2026-08-22T03:29:12.524671,55.88,-8.185379457504853e-15,-5.624312555102579e-32,0.0,-4.489741911584133e-13,0.0,0.0,-2.2448709557920665e-13,1.0,4.33681749765974e-18,5.6741728573113565e-25,0.0,0.0,0.0,-0.0001319936559735833
2026-08-22T03:29:12.551506,55.9,-8.185336089461597e-15,-1.8092033551206595e-32,0.0,1.1151080059335072e-12,0.0,0.0,5.575540029667536e-13,1.0,8.6972740256384e-24,6.0825094626344e-25,0.0,0.0,0.0,-0.0002229409814942666
2026-08-22T03:29:12.574690,55.93,-8.185292692296322e-15,6.548179093933171e-27,0.0,-1.1591612509853633e-06,0.0,0.0,-5.795806254926492e-07,0.999999999999832,5.828662475552467e-21,6.557370103207849e-25,0.0,0.0,0.0,-0.00035327850827486106
2026-08-22T03:29:12.622194,55.95,-8.185292556367156e-15,6.279262458445306e-27,0.0,4.314923329751253e-06,0.0,0.0,2.1574616648739524e-06,0.9999999999976726,4.369810013192155e-18,6.288072189358664e-25,0.0,0.0,0.0,-0.00015008274225964974
2026-08-22T03:29:12.640891,55.97,-8.185336062638927e-15,7.446554109437863e-27,0.0,-2.454829048925689e-06,0.0,0.0,-1.2274145244625362e-06,0.9999999999992467,5.347167364217727e-21,7.457272438185924e-25,0.0,0.0,0.0,-0.00028696971714325503
2026-08-22T03:29:12.664459,55.99,-8.185292695079571e-15,7.939399525820446e-27,0.0,-1.4552922245059105e-07,0.0,0.0,-7.276461122529547e-08,0.9999999999999973,5.272016345831318e-21,7.950997845057146e-25,0.0,0.0,0.0,3.686718473175808e-05
2026-08-22T03:29:12.688396,56.01,-8.185292695367542e-15,7.79943617726992e-27,0.0,1.7303874875196359e-06,0.0,0.0,8.651937437597099e-07,0.9999999999996257,5.20574915330295e-21,7.810683595081192e-25,0.0,0.0,0.0,0.0002840996639339543
2026-08-22T03:29:12.709020,56.02,-8.185205985331284e-15,3.829324384555953e-33,0.0,3.809397242093837e-12,0.0,0.0,1.9046986210469186e-12,1.0,-4.336800104098314e-18,6.988621494405003e-25,0.0,0.0,0.0,0.00015903874199186367
2026-08-22T03:29:12.748939,56.05,-8.185119085923608e-15,5.667812179846827e-27,0.0,9.272006828986434e-07,0.0,0.0,4.636003414493051e-07,0.9999999999998925,4.369468236155617e-18,5.674796010926217e-25,0.0,0.0,0.0,-0.00023942488153518983
2026-08-22T03:29:12.771179,56.07,-8.185075855841794e-15,4.83092515637787e-27,0.0,-4.028089005903013e-06,0.0,0.0,-2.0140445029501448e-06,0.9999999999979718,5.019663667493586e-21,4.836317884369105e-25,0.0,0.0,0.0,0.00034806038327603577
2026-08-22T03:29:12.795659,56.09,-8.184858607231036e-15,8.32867705746086e-27,0.0,-1.6612997031373313e-06,0.0,0.0,-8.3064985156857e-07,0.999999999999655,1.309711519072948e-17,8.340985525993795e-25,0.0,0.0,0.0,-0.000312713676241314
2026-08-22T03:29:12.821981,56.11,-8.184989125055553e-15,3.8473721775497845e-27,0.0,-2.408895431127434e-06,0.0,0.0,-1.2044477155634256e-06,0.9999999999992747,3.881444467017432e-21,3.8506236241550475e-25,0.0,0.0,0.0,-4.9783055903397275e-05
2026-08-22T03:29:12.841000,56.13,-8.184989125754036e-15,3.7697511030813726e-27,0.0,6.487685428879787e-07,0.0,0.0,3.2438427144398363e-07,0.9999999999999474,3.806799727832597e-21,3.773037073469608e-25,0.0,0.0,0.0,6.573100604106747e-05
2026-08-22T03:29:12.866174,56.15,-8.185162870685251e-15,4.1908504943763405e-27,0.0,1.8907009988744503e-06,0.0,0.0,9.453504994370844e-07,0.9999999999995531,-8.724352997350012e-18,4.19502741286312e-25,0.0,0.0,0.0,-0.00019024566959928744
2026-08-22T03:29:12.889991,56.17,-8.185162731620657e-15,4.349899142969211e-27,0.0,3.6352596515243367e-06,0.0,0.0,1.8176298257611674e-06,0.9999999999983481,-4.359675178374699e-18,4.354340305621637e-25,0.0,0.0,0.0,7.375302318511265e-05
2026-08-22T03:29:12.907577,56.19,-8.18520609811553e-15,4.0647627699788405e-27,0.0,5.524137929313612e-07,0.0,0.0,2.7620689646567704e-07,0.9999999999999618,-4.359378458423634e-18,4.068729334369659e-25,0.0,0.0,0.0,0.00020789651059775063
2026-08-22T03:29:12.935171,56.22,-8.184989144852609e-15,1.8990814623204366e-31,0.0,2.673417043297377e-13,0.0,0.0,1.3367085216486885e-13,1.0,8.673608942728871e-18,2.2810662600012012e-26,0.0,0.0,0.0,-0.0002260626593515249
2026-08-22T03:29:12.957695,56.23,-8.184902113376769e-15,2.2489060603226936e-28,0.0,-9.337423252375746e-07,0.0,0.0,-4.668711626187702e-07,0.999999999999891,8.732686225307864e-18,2.2118012659120833e-26,0.0,0.0,0.0,-0.00015444258211841686
2026-08-22T03:29:12.996855,56.25,-8.184989125375851e-15,-1.308990884356682e-27,0.0,5.709544130816369e-07,0.0,0.0,2.8547720654081456e-07,0.9999999999999593,3.839068366601323e-21,-1.3154455169769306e-25,0.0,0.0,0.0,-0.0005339705817656529
2026-08-22T03:29:13.019618,56.27,-8.185032630219208e-15,-1.2327338747084096e-27,0.0,1.7455682232991876e-08,0.0,0.0,8.727841116495938e-09,1.0,-4.360281719008168e-18,-1.2390900696966254e-25,0.0,0.0,0.0,-8.36982855016933e-07
2026-08-22T03:29:13.040641,56.29,-8.185032628888693e-15,-1.2306248963583269e-27,0.0,-4.563235866061888e-06,0.0,0.0,-2.2816179330289643e-06,0.9999999999973971,-4.3599939336838284e-18,-1.236769041559753e-25,0.0,0.0,0.0,-0.0004248035778294517
2026-08-22T03:29:13.069385,56.31,-8.185162867817661e-15,-1.8660266128562796e-27,0.0,-4.932672750257439e-07,0.0,0.0,-2.4663363751286944e-07,0.9999999999999696,-8.723757799821389e-18,-1.874064010090403e-25,0.0,0.0,0.0,0.00016028092310353535
2026-08-22T03:29:13.087395,56.33,-8.184815375507157e-15,-1.664604588382533e-27,0.0,-3.982670669255839e-06,0.0,0.0,-1.991335334626603e-06,0.9999999999980173,8.733090436381601e-18,-1.6715892591978688e-25,0.0,0.0,0.0,-0.00019488738279619864
2026-08-22T03:29:13.129093,56.35,-8.184902387077105e-15,-5.7283574317830984e-27,0.0,1.3522523505393733e-06,0.0,0.0,6.761261752696352e-07,0.9999999999997714,4.264055346844906e-21,-5.742903128319263e-25,0.0,0.0,0.0,0.00015903762367179946
2026-08-22T03:29:13.149226,56.37,-8.18481551530214e-15,-6.1671045759857385e-27,0.0,-9.609285864797814e-07,0.0,0.0,-4.804642932398721e-07,0.9999999999998845,4.368249193879113e-18,-6.182416667846703e-25,0.0,0.0,0.0,-7.726081301050606e-05
2026-08-22T03:29:13.173364,56.38,-8.184902408527846e-15,5.193826052523637e-32,0.0,-1.4441781104324036e-12,0.0,0.0,-7.220890552162018e-13,1.0,-4.336791436715519e-18,-7.003000430301106e-25,0.0,0.0,0.0,0.00012832688908778148
2026-08-22T03:29:13.192764,56.4,-8.184859040613871e-15,-3.669928606675842e-32,0.0,-1.936673044156123e-12,0.0,0.0,-9.683365220780615e-13,1.0,4.336791468293e-18,-6.963655660762853e-25,0.0,0.0,0.0,-0.00021708514328047968
2026-08-22T03:29:13.212558,56.43,-8.184859021884957e-15,-7.032936408322439e-27,0.0,2.6539652804302705e-06,0.0,0.0,1.3269826402147458e-06,0.9999999999991196,3.706792242128211e-21,-7.049325996537288e-25,0.0,0.0,0.0,0.00040863637095776606
2026-08-22T03:29:13.243494,56.45,-8.184772149923454e-15,-7.945156189717866e-27,0.0,-1.690253061958913e-07,0.0,0.0,-8.451265309794554e-08,0.9999999999999964,4.367707554201031e-18,-7.963499899461409e-25,0.0,0.0,0.0,9.223474118049565e-05
2026-08-22T03:29:13.263855,56.47,-8.184859024023287e-15,-7.70194140791727e-27,0.0,-1.158824582958573e-06,0.0,0.0,-5.794122914792541e-07,0.9999999999998321,3.2704554785385754e-21,-7.719369271748966e-25,0.0,0.0,0.0,0.00017970213830489364
2026-08-22T03:29:13.287749,56.49,-8.184859024423708e-15,-7.590283745530022e-27,0.0,4.527535454990073e-06,0.0,0.0,2.263767727493103e-06,0.9999999999974377,3.220728597262936e-21,-7.607390447853724e-25,0.0,0.0,0.0,6.281254286045308e-05
2026-08-22T03:29:13.310358,56.5,-8.184772304418398e-15,1.0592189314838746e-31,0.0,4.296119016089506e-12,0.0,0.0,2.148059508044753e-12,1.0,4.336800138258827e-18,-1.0344000296993085e-24,0.0,0.0,0.0,-0.00011364885930144477
2026-08-22T03:29:13.330628,56.53,-8.184815658260103e-15,-1.0263409883884142e-26,0.0,3.8001774922413753e-06,0.0,0.0,1.900088746119544e-06,0.9999999999981948,2.805715483778823e-21,-1.0285199843375178e-24,0.0,0.0,0.0,5.421371146012064e-05
2026-08-22T03:29:13.363987,56.55,-8.184772290584384e-15,-1.1079237770034234e-26,0.0,-2.341973838415612e-06,0.0,0.0,-1.1709869192075383e-06,0.9999999999993144,2.762509628819571e-21,-1.1102458673634388e-24,0.0,0.0,0.0,0.0002863325528469251
2026-08-22T03:29:13.389994,56.57,-8.184946035406604e-15,-1.2701766216816689e-26,0.0,-2.803795156047784e-06,0.0,0.0,-1.4018975780234327e-06,0.9999999999990173,-8.725384161355414e-18,-1.2727930764437038e-24,0.0,0.0,0.0,-0.00012286141247831796
2026-08-22T03:29:13.403946,56.59,-8.184859023931224e-15,-9.714736676167112e-27,0.0,1.2193412515237867e-06,0.0,0.0,6.096706257618555e-07,0.9999999999998141,3.3625925062670895e-21,-9.734959107325142e-25,0.0,0.0,0.0,0.0003759419552073867
2026-08-22T03:29:13.431017,56.61,-8.184859023839532e-15,-9.565773828454115e-27,0.0,-6.399572942683562e-07,0.0,0.0,-3.1997864713417267e-07,0.9999999999999488,3.3375639522023294e-21,-9.585618430747403e-25,0.0,0.0,0.0,-4.5763621883321405e-05
2026-08-22T03:29:13.451607,56.63,-8.18477215170331e-15,-9.17587580916533e-27,0.0,-5.068985737821663e-07,0.0,0.0,-2.5344928689108045e-07,0.9999999999999679,4.367351585856087e-18,-9.194783558403608e-25,0.0,0.0,0.0,-0.00036208737206786494
2026-08-22T03:29:13.500748,56.65,-8.184902530079824e-15,-1.0356068856434762e-26,0.0,-1.4529460061751818e-06,0.0,0.0,-7.26473003087527e-07,0.9999999999997361,-4.3611363326370836e-18,-1.037734897555165e-24,0.0,0.0,0.0,7.832411451576742e-05
2026-08-22T03:29:13.527670,56.67,-8.184989401236455e-15,-1.0577213923894291e-26,0.0,3.37729032295897e-07,0.0,0.0,1.688645161479477e-07,0.9999999999999858,-8.724902397430472e-18,-1.059863806486914e-24,0.0,0.0,0.0,-7.78201725874615e-05
2026-08-22T03:29:13.553840,56.69,-8.184902389596474e-15,-1.0274353144665192e-26,0.0,-3.1844835248762146e-06,0.0,0.0,-1.5922417624374341e-06,0.9999999999987323,3.846919523613702e-21,-1.0294885226740327e-24,0.0,0.0,0.0,-0.0001277387241369155
2026-08-22T03:29:13.573997,56.71,-8.18490238953522e-15,-1.0116410658329466e-26,0.0,-1.3858380252251834e-06,0.0,0.0,-6.929190126125362e-07,0.99999999999976,3.8158032060917845e-21,-1.0136524833171472e-24,0.0,0.0,0.0,-3.5221243558294376e-05
2026-08-22T03:29:13.597013,56.73,-8.184772013130003e-15,-9.254391837317768e-27,0.0,-5.162030372041215e-07,0.0,0.0,-2.581015186020579e-07,0.9999999999999667,8.731879108005563e-18,-9.272546477029169e-25,0.0,0.0,0.0,0.00017583780291946594
2026-08-22T03:29:13.656523,56.75,-8.184772152710962e-15,-8.407272391050452e-27,0.0,-2.0275352596854646e-06,0.0,0.0,-1.0137676298425586e-06,0.9999999999994862,4.367106689296034e-18,-8.423840513785891e-25,0.0,0.0,0.0,0.00020083151827677997
2026-08-22T03:29:13.680276,56.77,-8.184728786683148e-15,-7.767060003415146e-27,0.0,1.30485801763669e-06,0.0,0.0,6.524290088182986e-07,0.9999999999997872,4.366716558473619e-18,-7.782255217129989e-25,0.0,0.0,0.0,-0.00016709028050189607
2026-08-22T03:29:13.703685,56.8,-8.184685568266565e-15,1.5150651841858211e-32,0.0,-4.671374398412809e-12,0.0,0.0,-2.3356871992064043e-12,1.0,9.443066437664057e-27,-6.366683692994215e-25,0.0,0.0,0.0,-0.0003503094836062642
2026-08-22T03:29:13.717753,56.81,-8.184685557026477e-15,-6.379094603718925e-27,0.0,-4.4162221568555543e-07,0.0,0.0,-2.208111078427759e-07,0.9999999999999756,2.248008068178101e-21,-6.391535833496258e-25,0.0,0.0,0.0,-0.00014492890515647902
2026-08-22T03:29:13.737171,56.82,-8.184555464027281e-15,6.455060951757631e-33,0.0,-1.5756285165480222e-12,0.0,0.0,-7.878142582740111e-13,1.0,4.3368001346364e-18,-5.8733201718341975e-25,0.0,0.0,0.0,-0.00019142222371978075
2026-08-22T03:29:13.786709,56.85,-8.184381709825496e-15,-4.959733215584377e-27,0.0,2.8053871292677e-06,0.0,0.0,1.4026935646333901e-06,0.9999999999990162,8.729970591537768e-18,-4.969124286831269e-25,0.0,0.0,0.0,-0.0004207515722996996
2026-08-22T03:29:13.812216,56.87,-8.184512089787567e-15,-4.161323755397915e-27,0.0,2.838130061189048e-06,0.0,0.0,1.4190650305940478e-06,0.9999999999989931,1.1568899023413702e-21,-4.169515008475118e-25,0.0,0.0,0.0,-1.1628878143370755e-05
2026-08-22T03:29:13.831230,56.89,-8.184338345514702e-15,-6.264853638827353e-27,0.0,-2.612242954835864e-06,0.0,0.0,-1.3061214774175605e-06,0.999999999999147,8.72923705792238e-18,-6.2770823325250795e-25,0.0,0.0,0.0,-9.470654743400577e-05
2026-08-22T03:29:13.857397,56.91,-8.184295116839321e-15,-7.001084133745483e-27,0.0,2.368895958948514e-06,0.0,0.0,1.1844479794739799e-06,0.9999999999992986,4.36449852783403e-18,-7.014146016758152e-25,0.0,0.0,0.0,-0.00014712798586013587
2026-08-22T03:29:13.878575,56.93,-8.184251886856343e-15,-7.563684319442367e-27,0.0,2.2419736565026938e-06,0.0,0.0,1.120986828251112e-06,0.9999999999993717,8.656554625602695e-23,-7.577881604000152e-25,0.0,0.0,0.0,3.326007574269447e-06
2026-08-22T03:29:13.904939,56.95,-8.184208518879637e-15,-8.015308649216543e-27,0.0,-2.2092613694013608e-07,0.0,0.0,-1.1046306847006781e-07,0.9999999999999939,7.753754863010862e-23,-8.030219079230133e-25,0.0,0.0,0.0,-9.76483076157268e-05
2026-08-22T03:29:13.926541,56.97,-8.184165150794216e-15,-7.829966547708332e-27,0.0,-1.756250845641461e-06,0.0,0.0,-8.781254228206174e-07,0.9999999999996144,7.724214922403338e-23,-7.844415954482195e-25,0.0,0.0,0.0,5.5725373586709405e-05
2026-08-22T03:29:13.940831,56.99,-8.184165287007824e-15,-7.477290768493081e-27,0.0,4.718691393179598e-07,0.0,0.0,2.3593456965897766e-07,0.9999999999999721,-4.3639783436756335e-18,-7.491047608109654e-25,0.0,0.0,0.0,-0.0001038699357364892
2026-08-22T03:29:13.969686,57.01,-8.184078413055636e-15,-7.392163490641883e-27,0.0,2.745727998743064e-06,0.0,0.0,1.3728639993711006e-06,0.9999999999990576,4.1188004002196347e-22,-7.405553814974675e-25,0.0,0.0,0.0,-5.6288219338541186e-05
2026-08-22T03:29:13.989984,57.03,-8.184338893672469e-15,-3.769754488431192e-27,0.0,1.1290478929559813e-06,0.0,0.0,5.645239464779606e-07,0.9999999999998407,-8.727697984535688e-18,-3.7759670247578503e-25,0.0,0.0,0.0,0.00011056490220212474
2026-08-22T03:29:14.029986,57.05,-8.18425201839052e-15,-5.290968271064547e-27,0.0,-2.2134297639198055e-07,0.0,0.0,-1.1067148819599004e-07,0.9999999999999939,-4.362976761182374e-18,-5.300219736740094e-25,0.0,0.0,0.0,-0.00020212429472064094
2026-08-22T03:29:14.051263,57.07,-8.184382256937146e-15,-4.768416939828975e-27,0.0,-6.334168261012963e-07,0.0,0.0,-3.167084130506428e-07,0.9999999999999498,-8.726694515797703e-18,-4.776800529935581e-25,0.0,0.0,0.0,7.662365251222446e-05
2026-08-22T03:29:14.074237,57.08,-8.184165151375291e-15,3.9176243403882284e-32,0.0,1.1013412404281553e-13,0.0,0.0,5.5067062021407764e-14,1.0,4.336782787291634e-18,-4.021626241499997e-25,0.0,0.0,0.0,-0.00015872854503886884
2026-08-22T03:29:14.089147,57.11,-8.184208510399278e-15,-5.5048724576788064e-27,0.0,2.1928787763414448e-07,0.0,0.0,1.0964393881707201e-07,0.999999999999994,1.7345693240607207e-21,-5.514445626389694e-25,0.0,0.0,0.0,3.907971784518478e-05
2026-08-22T03:29:14.115722,57.13,-8.184121502105065e-15,-5.4689913179516176e-27,0.0,1.3675683696590113e-07,0.0,0.0,6.837841848295051e-08,0.9999999999999977,8.729814736212007e-18,-5.478433874787944e-25,0.0,0.0,0.0,-7.849780454954964e-05
2026-08-22T03:29:14.149327,57.16,-8.184208519093854e-15,6.069454641546404e-32,0.0,2.7391422463551862e-12,0.0,0.0,1.3695711231775931e-12,1.0,1.7348039996584068e-23,-2.83749136676748e-25,0.0,0.0,0.0,-9.215999136654856e-05
2026-08-22T03:29:14.172817,57.17,-8.184208517447637e-15,-2.8416233296123356e-27,0.0,-1.7946563968251894e-07,0.0,0.0,-8.973281984125935e-08,0.999999999999996,3.118953786971072e-22,-2.8459527615866335e-25,0.0,0.0,0.0,-0.0002881113397982592
2026-08-22T03:29:14.200251,57.19,-8.184208654022385e-15,-2.7688021525352165e-27,0.0,9.096186426305053e-08,0.0,0.0,4.548093213152525e-08,0.999999999999999,-4.36376387753157e-18,-2.7730386423363987e-25,0.0,0.0,0.0,-0.0002059936102465003
2026-08-22T03:29:14.223075,57.22,-8.1841217830282e-15,2.0830829057908805e-32,0.0,-2.2821744494194718e-12,0.0,0.0,-1.1410872247097359e-12,1.0,4.336800127579094e-18,-2.191244372796748e-25,0.0,0.0,0.0,-0.0002620963920175589
2026-08-22T03:29:14.241297,57.23,-8.18407827562894e-15,-2.1942860481652077e-27,0.0,3.547027304318107e-06,0.0,0.0,1.7735136521581237e-06,0.9999999999984274,4.36467972421697e-18,-2.197170947098777e-25,0.0,0.0,0.0,2.3200429445222298e-05
2026-08-22T03:29:14.272340,57.25,-8.184078277235865e-15,-1.1759802836525857e-27,0.0,-7.587027095468101e-07,0.0,0.0,-3.79351354773396e-07,0.9999999999999281,4.3643366578560806e-18,-1.1772320243366657e-25,0.0,0.0,0.0,-0.0002761228153804738
2026-08-22T03:29:14.298607,57.26,-8.184121782963155e-15,6.770203347518598e-32,0.0,-2.9327651418498135e-12,0.0,0.0,-1.4663825709249068e-12,1.0,4.336808798230884e-18,-2.055771412305102e-25,0.0,0.0,0.0,-6.689682478026266e-05
2026-08-22T03:29:14.317316,57.29,-8.184208657332818e-15,-2.9792415826403044e-27,0.0,-4.7199556352239824e-07,0.0,0.0,-2.3599778176119692e-07,0.9999999999999721,-4.364464989731345e-18,-2.9837908859870535e-25,0.0,0.0,0.0,-0.00012046517152856233
2026-08-22T03:29:14.342597,57.31,-8.18433889632718e-15,-2.7961654973376745e-27,0.0,6.161835894857859e-07,0.0,0.0,3.0809179474288807e-07,0.9999999999999526,-8.728189894210993e-18,-2.800313150118895e-25,0.0,0.0,0.0,0.00028530574714225564
2026-08-22T03:29:14.363160,57.33,-8.184251884523951e-15,-4.687200448594919e-27,0.0,-1.269826531924423e-06,0.0,0.0,-6.349132659621688e-07,0.9999999999997985,6.007453675683936e-22,-4.694885862112035e-25,0.0,0.0,0.0,-9.877848934667449e-05
2026-08-22T03:29:14.394812,57.35,-8.18425188425868e-15,-4.607409004678299e-27,0.0,1.641831341991917e-06,0.0,0.0,8.209156709958664e-07,0.999999999999663,6.104320522477919e-22,-4.61476217184837e-25,0.0,0.0,0.0,0.000452836149615983
2026-08-22T03:29:14.418869,57.37,-8.184382124689956e-15,-3.4812522233468234e-27,0.0,-9.133845346731562e-07,0.0,0.0,-4.566922673365622e-07,0.9999999999998958,-4.3634538938273526e-18,-3.486169781789056e-25,0.0,0.0,0.0,-0.00019785336967266027
2026-08-22T03:29:14.435315,57.38,-8.184381991615186e-15,-1.580576490314005e-33,0.0,-2.41007214185629e-12,0.0,0.0,-1.205036070928145e-12,1.0,-4.336808794980891e-18,-2.9045642052477717e-25,0.0,0.0,0.0,-9.642741508110256e-05
2026-08-22T03:29:14.459349,57.41,-8.184381985377202e-15,-3.052140665954432e-27,0.0,-7.190548725333202e-07,0.0,0.0,-3.5952743626665233e-07,0.9999999999999354,1.2605468708852607e-21,-3.0564879050135544e-25,0.0,0.0,0.0,2.0738711564814887e-05
2026-08-22T03:29:14.487679,57.44,-8.184165151245192e-15,9.908216214731614e-32,0.0,1.4215295607300504e-12,0.0,0.0,7.107647803650252e-13,1.0,4.3368001307130255e-18,-5.978924552428177e-25,0.0,0.0,0.0,-0.0002108077956159622
2026-08-22T03:29:14.526636,57.45,-8.184121640763331e-15,-5.9885191471274716e-27,0.0,-6.540912904640096e-07,0.0,0.0,-3.270456452319989e-07,0.9999999999999465,4.365296241436317e-18,-5.998435679706618e-25,0.0,0.0,0.0,0.0001765782637008453
2026-08-22T03:29:14.552366,57.46,-8.184208519159443e-15,5.8171531671989356e-33,0.0,9.254819133275305e-13,0.0,0.0,4.627409566637652e-13,1.0,-8.673591573477596e-18,-6.008898588193695e-25,0.0,0.0,0.0,-0.00022562338738991072
2026-08-22T03:29:14.570865,57.49,-8.18416500744126e-15,-1.4235684231497332e-27,0.0,-4.2680815770523857e-08,0.0,0.0,-2.1340407885261925e-08,0.9999999999999998,4.365595382046642e-18,-1.4240851502136328e-25,0.0,0.0,0.0,0.00020844975749487852
2026-08-22T03:29:14.596025,57.51,-8.184165008802702e-15,-8.691856058075314e-28,0.0,-3.3559981011954684e-06,0.0,0.0,-1.6779990505969463e-06,0.9999999999985921,4.365258044005561e-18,-8.69196787253128e-26,0.0,0.0,0.0,-9.224754748192012e-05
2026-08-22T03:29:14.618834,57.53,-8.183991402157644e-15,1.0422468637650463e-27,0.0,-2.769076861142139e-06,0.0,0.0,-1.3845384305706271e-06,0.9999999999990415,8.728956422038404e-18,1.0462962016623055e-25,0.0,0.0,0.0,-3.0358420808326196e-05
2026-08-22T03:29:14.660532,57.55,-8.18412178201261e-15,-1.966912023776701e-27,0.0,5.519212962212805e-07,0.0,0.0,2.7596064811063676e-07,0.9999999999999619,1.5546784199956302e-22,-1.9690112359207885e-25,0.0,0.0,0.0,-0.0002353037171852735
2026-08-22T03:29:14.684959,57.57,-8.184078414321844e-15,-2.0700019335134557e-27,0.0,-3.0828994246334673e-07,0.0,0.0,-1.5414497123167276e-07,0.9999999999999881,1.369555458326712e-22,-2.0722655569259125e-25,0.0,0.0,0.0,4.8114629339871226e-05
2026-08-22T03:29:14.710672,57.59,-8.184165422885192e-15,-2.1084032196925932e-27,0.0,8.500565411573292e-07,0.0,0.0,4.2502827057865174e-07,0.9999999999999096,-8.727975354486753e-18,-2.110722807450042e-25,0.0,0.0,0.0,3.799305280486407e-05
2026-08-22T03:29:14.732231,57.61,-8.184035043113298e-15,-3.1359449446092496e-27,0.0,-1.8700268396010244e-06,0.0,0.0,-9.35013419800376e-07,0.9999999999995629,8.046485659437487e-22,-3.1401991503322075e-25,0.0,0.0,0.0,-0.00026693470066820025
2026-08-22T03:29:14.749468,57.63,-8.183991538518425e-15,-2.8426755697343015e-27,0.0,5.78488053903925e-07,0.0,0.0,2.8924402695195847e-07,0.9999999999999581,4.364867066199493e-18,-2.8461245649462506e-25,0.0,0.0,0.0,0.00017494737884373067
2026-08-22T03:29:14.783585,57.65,-8.18390466779114e-15,-2.4117942136405323e-27,0.0,1.761995496618596e-06,0.0,0.0,8.80997748309184e-07,0.9999999999996119,8.728577618650055e-18,-2.4147662653627767e-25,0.0,0.0,0.0,-0.00020709371533807118
2026-08-22T03:29:14.805732,57.67,-8.183991679662101e-15,-2.070781498675969e-27,0.0,1.96173115041276e-06,0.0,0.0,9.808655752062226e-07,0.9999999999995189,-2.1789425910025735e-22,-2.073020408119795e-25,0.0,0.0,0.0,8.219017925000043e-05
2026-08-22T03:29:14.822581,57.69,-8.183904807605454e-15,-2.7805090511512094e-27,0.0,4.6902079731125934e-07,0.0,0.0,2.3451039865562747e-07,0.9999999999999725,4.36382358038546e-18,-2.784121682176267e-25,0.0,0.0,0.0,0.0003598952750716957
2026-08-22T03:29:14.851438,57.71,-8.183948313414258e-15,-1.6240890915925378e-27,0.0,-2.0089297017023e-06,0.0,0.0,-1.004464850850981e-06,0.9999999999994955,-5.64019040772038e-22,-1.6252770418431789e-25,0.0,0.0,0.0,-3.7675701253515035e-06
2026-08-22T03:29:14.880914,57.73,-8.183948449782442e-15,-1.3318720629264854e-27,0.0,-8.558854052154174e-07,0.0,0.0,-4.2794270260769565e-07,0.9999999999999084,-4.364620163163777e-18,-1.3326955129502655e-25,0.0,0.0,0.0,0.0003076542411302841
2026-08-22T03:29:14.893790,57.75,-8.183904943836846e-15,-1.7635964020284267e-27,0.0,4.275893328298252e-07,0.0,0.0,2.1379466641491099e-07,0.9999999999999771,-2.225515185756841e-22,-1.7651746349748439e-25,0.0,0.0,0.0,0.00011910737277314594
2026-08-22T03:29:14.916058,57.77,-8.183904943671346e-15,-1.7282094846929728e-27,0.0,5.343202356566934e-06,0.0,0.0,2.671601178280289e-06,0.9999999999964313,-2.111352542752406e-22,-1.729642673001494e-25,0.0,0.0,0.0,3.255714562007666e-05
2026-08-22T03:29:14.941319,57.79,-8.183904943658076e-15,-1.6933505175997205e-27,0.0,1.7974208210702614e-07,0.0,0.0,8.987104105351295e-08,0.999999999999996,-2.0848135840108798e-22,-1.6947075270334171e-25,0.0,0.0,0.0,-0.000164078311696933
2026-08-22T03:29:14.962009,57.81,-8.184035184037884e-15,-1.5442051005165963e-27,0.0,3.878148302938201e-06,0.0,0.0,1.939074151467885e-06,0.99999999999812,-4.364262513885834e-18,-1.5453204297499173e-25,0.0,0.0,0.0,-0.0002621186895272405
2026-08-22T03:29:14.980971,57.83,-8.183818069805017e-15,-5.7989427247857285e-27,0.0,1.277275881506057e-06,0.0,0.0,6.386379407529851e-07,0.999999999999796,4.364187935418335e-18,-5.80809169499418e-25,0.0,0.0,0.0,-2.6914376600271537e-05
2026-08-22T03:29:15.024742,57.85,-8.183861575398477e-15,-5.275450400055946e-27,0.0,2.5084115229390143e-08,0.0,0.0,1.2542057614695068e-08,0.9999999999999999,-1.9562529968769636e-22,-5.2834766185239205e-25,0.0,0.0,0.0,-7.861870967742105e-05
2026-08-22T03:29:15.045589,57.87,-8.183904943584622e-15,-5.1770266025157844e-27,0.0,-1.284926216538196e-06,0.0,0.0,-6.424631082690538e-07,0.9999999999997936,-2.0246469140084871e-22,-5.184801762856603e-25,0.0,0.0,0.0,-0.00010151470304386816
2026-08-22T03:29:15.064774,57.89,-8.183818071269284e-15,-4.595211821853072e-27,0.0,-1.8334754692261868e-06,0.0,0.0,-9.16737734612965e-07,0.9999999999995798,4.363856054001317e-18,-4.60172197098753e-25,0.0,0.0,0.0,-6.673080567182248e-05
2026-08-22T03:29:15.080294,57.91,-8.183687832388163e-15,-3.9904996780951695e-27,0.0,-7.349179087512425e-08,0.0,0.0,-3.674589543756212e-08,0.9999999999999993,8.727579993633763e-18,-3.995688329163925e-25,0.0,0.0,0.0,0.0003721399313863352
2026-08-22T03:29:15.102936,57.93,-8.18377484415306e-15,-2.0635988166439602e-27,0.0,-2.945859836067655e-07,0.0,0.0,-1.472929918033822e-07,0.9999999999999891,-1.2029797761203224e-21,-2.0652063228041169e-25,0.0,0.0,0.0,1.5043252503549745e-05
2026-08-22T03:29:15.139991,57.95,-8.183818212427412e-15,-2.097201668093935e-27,0.0,2.87181070168785e-06,0.0,0.0,1.4359053508434312e-06,0.999999999998969,-1.2057760813103778e-21,-2.0990226518898185e-25,0.0,0.0,0.0,-0.00010959873863375017
2026-08-22T03:29:15.156857,57.97,-8.183774844348067e-15,-2.7891205540248575e-27,0.0,1.7400198744077498e-06,0.0,0.0,8.700099372037652e-07,0.9999999999996215,-1.1899403722402173e-21,-2.7922320358468984e-25,0.0,0.0,0.0,-4.641007786833194e-05
2026-08-22T03:29:15.183692,57.99,-8.183818348528967e-15,-2.5156868926148102e-27,0.0,3.4706253915217644e-07,0.0,0.0,1.7353126957608735e-07,0.9999999999999849,-4.365230277708026e-18,-2.51817727433857e-25,0.0,0.0,0.0,-4.222275885375681e-05
2026-08-22T03:29:15.202796,58.01,-8.18377484258839e-15,-2.4919005930329132e-27,0.0,-3.095624471427527e-06,0.0,0.0,-1.5478122357131455e-06,0.9999999999988022,-8.249969554032746e-22,-2.4944026265180204e-25,0.0,0.0,0.0,0.0002317958062776697
2026-08-22T03:29:15.218841,58.03,-8.183557729646136e-15,7.142840228102672e-28,0.0,2.2210386019239086e-07,0.0,0.0,1.1105193009619518e-07,0.9999999999999938,8.727306618436418e-18,7.18019572396034e-26,0.0,0.0,0.0,0.00015855187570350647
2026-08-22T03:29:15.255564,58.05,-8.183644741198972e-15,1.697291406625046e-27,0.0,-1.3805945728861957e-06,0.0,0.0,-6.90297286443043e-07,0.9999999999997617,-1.4643000751075878e-21,1.702727264018296e-25,0.0,0.0,0.0,-0.00021168940031712587
2026-08-22T03:29:15.277971,58.07,-8.183818486101934e-15,6.242183424915396e-28,0.0,-4.815097702781657e-07,0.0,0.0,-2.407548851390805e-07,0.999999999999971,-8.729575079437634e-18,6.272099262394604e-26,0.0,0.0,0.0,-0.00011432511733950498
2026-08-22T03:29:15.294634,58.09,-8.183774978662213e-15,1.5203227064707401e-27,0.0,1.1755330713292265e-06,0.0,0.0,5.877665356645795e-07,0.9999999999998272,-4.364830941742274e-18,1.5252714032761028e-25,0.0,0.0,0.0,-0.00011647423035228035
2026-08-22T03:29:15.318238,58.1,-8.183688102289588e-15,4.578955304832852e-33,0.0,8.881784197001252e-15,0.0,0.0,4.440892098500626e-15,1.0,-8.674847770685852e-24,1.0458661579975804e-25,0.0,0.0,0.0,-0.00010735502347978983
2026-08-22T03:29:15.341091,58.12,-8.1837314702247e-15,2.9273503550794345e-32,0.0,-1.0169642905566434e-13,0.0,0.0,-5.084821452783217e-14,1.0,-1.8327280883154527e-27,7.637740903087749e-26,0.0,0.0,0.0,0.000803164060536498
2026-08-22T03:29:15.379948,58.15,-8.183688104194209e-15,-1.2889718090826858e-27,0.0,-3.6691612104178267e-07,0.0,0.0,-1.8345806052089028e-07,0.9999999999999831,-3.939328043886914e-22,-1.28939361946921e-25,0.0,0.0,0.0,0.0001440352776905379
2026-08-22T03:29:15.401089,58.17,-8.183601231780102e-15,-1.1199800141415407e-27,0.0,-1.8081131081260082e-07,0.0,0.0,-9.040565540630029e-08,0.9999999999999959,4.363666992147171e-18,-1.120111694620131e-25,0.0,0.0,0.0,7.019912349600557e-05
2026-08-22T03:29:15.416503,58.18,-8.183731470160197e-15,1.808635214372146e-32,0.0,4.338751580235112e-13,0.0,0.0,2.169375790117556e-13,1.0,-8.67359158013224e-18,-1.121909534025498e-25,0.0,0.0,0.0,-0.00012986869361136463
2026-08-22T03:29:15.447237,58.21,-8.18368810268363e-15,1.9288855602026463e-27,0.0,-2.970276059333088e-06,0.0,0.0,-1.485138029665998e-06,0.9999999999988972,-4.8451715676216385e-23,1.9346697045845527e-25,0.0,0.0,0.0,-3.835442927166942e-05
2026-08-22T03:29:15.471309,58.23,-8.183688102334195e-15,1.906322249774042e-27,0.0,-1.4776031673768841e-06,0.0,0.0,-7.388015836883748e-07,0.9999999999997271,-3.060515430003607e-23,1.9118763645738893e-25,0.0,0.0,0.0,-5.478922866752652e-05
2026-08-22T03:29:15.503335,58.26,-8.183774838311596e-15,3.029538406896028e-32,0.0,-6.252776074688882e-13,0.0,0.0,-3.126388037344441e-13,1.0,-3.4160095002221345e-28,1.2771638167203488e-25,0.0,0.0,0.0,6.518147452660794e-06
2026-08-22T03:29:15.523662,58.27,-8.183774838467551e-15,1.2815231150455717e-27,0.0,-1.362407735072679e-06,0.0,0.0,-6.812038675362869e-07,0.999999999999768,-3.119070552018907e-23,1.285821821632958e-25,0.0,0.0,0.0,-0.00011114084836476689
2026-08-22T03:29:15.546235,58.29,-8.183774838508958e-15,1.2686633625951725e-27,0.0,8.912431681551425e-09,0.0,0.0,4.4562158407757124e-09,1.0,-3.079843707415601e-23,1.272905278783476e-25,0.0,0.0,0.0,0.0003547313883333035
2026-08-22T03:29:15.568186,58.31,-8.18381820655395e-15,1.2581399003570655e-27,0.0,1.6102471880330427e-06,0.0,0.0,8.051235940164343e-07,0.9999999999996759,-3.109076007625499e-23,1.2623298540535958e-25,0.0,0.0,0.0,-5.54487237013336e-05
2026-08-22T03:29:15.593209,58.33,-8.183905078941343e-15,1.8608239751460196e-27,0.0,-3.672789632425122e-07,0.0,0.0,-1.8363948162125506e-07,0.9999999999999831,-4.364086673349642e-18,1.866189996371477e-25,0.0,0.0,0.0,-3.294744542491056e-05
2026-08-22T03:29:15.635561,58.35,-8.183904941162936e-15,1.970707790196555e-27,0.0,2.354826257544573e-06,0.0,0.0,1.1774131287720145e-06,0.9999999999993069,3.035535606396585e-22,1.976174311226194e-25,0.0,0.0,0.0,-2.2296090626638075e-05
2026-08-22T03:29:15.659356,58.37,-8.183991813419848e-15,2.846337060316748e-27,0.0,9.80674434991613e-08,0.0,0.0,4.903372174958063e-08,0.9999999999999988,-4.3637476164748266e-18,2.8535318521339094e-25,0.0,0.0,0.0,0.00035034020509262093
2026-08-22T03:29:15.677488,58.39,-8.18412191605566e-15,1.9579034381744697e-27,0.0,-4.2975835290448577e-07,0.0,0.0,-2.1487917645224122e-07,0.9999999999999769,-4.36341830439302e-18,1.963300999315303e-25,0.0,0.0,0.0,-2.22265052816952e-05
2026-08-22T03:29:15.697589,58.41,-8.184121778254477e-15,2.046237767844542e-27,0.0,2.76383491026877e-06,0.0,0.0,1.381917455133945e-06,0.9999999999990451,9.721407269183669e-22,2.0517100743311292e-25,0.0,0.0,0.0,0.0003296654825060216
2026-08-22T03:29:15.716912,58.43,-8.184121778207426e-15,2.020597947218914e-27,0.0,3.258439375652955e-06,0.0,0.0,1.6292196878257567e-06,0.9999999999986728,9.68540459526064e-22,2.02597566685557e-25,0.0,0.0,0.0,0.0001646493356715068
2026-08-22T03:29:15.776630,58.45,-8.184121778268296e-15,1.9950988497769745e-27,0.0,1.2873824335457584e-06,0.0,0.0,6.436912167728347e-07,0.9999999999997928,9.563663429676407e-22,2.0003878612395078e-25,0.0,0.0,0.0,-0.00025033167894752983
2026-08-22T03:29:15.794951,58.47,-8.184078410281472e-15,1.6403678260693286e-27,0.0,1.0258453100320253e-06,0.0,0.0,5.129226550159902e-07,0.9999999999998684,9.450246785484176e-22,1.644948368771315e-25,0.0,0.0,0.0,-6.9672201333767535e-06
2026-08-22T03:29:15.819408,58.49,-8.184078410297499e-15,1.620281574245473e-27,0.0,2.148748351249452e-06,0.0,0.0,1.0743741756245194e-06,0.9999999999994229,9.33145913131448e-22,1.624789615300565e-25,0.0,0.0,0.0,-6.74087361840966e-05
2026-08-22T03:29:15.834034,58.51,-8.183904665664182e-15,-4.195254150556582e-29,0.0,1.517172366849451e-06,0.0,0.0,7.585861834246527e-07,0.9999999999997122,8.729033363876923e-18,-4.080809149324077e-27,0.0,0.0,0.0,8.279922924235499e-05
2026-08-22T03:29:15.858232,58.53,-8.184121917761819e-15,2.5271496786124366e-27,0.0,-1.5547577842944808e-06,0.0,0.0,-7.77378892147162e-07,0.9999999999996978,-4.363815911926583e-18,2.5334783833881804e-25,0.0,0.0,0.0,0.00023130409559416149
2026-08-22T03:29:15.904211,58.55,-8.183948035654855e-15,3.290020077969821e-27,0.0,-2.7882099895570885e-06,0.0,0.0,-1.3941049947780928e-06,0.9999999999990282,8.728665621271898e-18,3.297546558147713e-25,0.0,0.0,0.0,-5.2179246097884655e-05
2026-08-22T03:29:15.928758,58.57,-8.183991679181392e-15,1.536738246123166e-27,0.0,3.6649100532137884e-06,0.0,0.0,1.8324550266058684e-06,0.999999999998321,-1.130806041992527e-22,1.540917958157509e-25,0.0,0.0,0.0,0.00019732388488551838
2026-08-22T03:29:15.948573,58.59,-8.183948311387017e-15,5.809644815625181e-28,0.0,-3.888602224666472e-06,0.0,0.0,-1.9443011123320106e-06,0.9999999999981098,-1.282177579061366e-22,5.833352646003167e-26,0.0,0.0,0.0,0.00010542657534166807
2026-08-22T03:29:15.970741,58.6,-8.183991678790004e-15,1.946647016358689e-31,0.0,-2.362554596402333e-12,0.0,0.0,-1.1812772982011666e-12,1.0,-8.673600250923411e-18,-1.4011413984769756e-25,0.0,0.0,0.0,-4.0602958773722634e-05
2026-08-22T03:29:15.989676,58.63,-8.183904803936552e-15,3.1891336415034592e-28,0.0,6.213868988247386e-07,0.0,0.0,3.1069344941236423e-07,0.9999999999999517,4.364600723058267e-18,3.2099971835669066e-26,0.0,0.0,0.0,-7.860917666903183e-05
2026-08-22T03:29:16.020784,58.65,-8.183948309491171e-15,3.568849154437287e-28,0.0,-4.2078951079105304e-07,0.0,0.0,-2.1039475539552498e-07,0.9999999999999779,2.205930962788416e-22,3.58797080957299e-26,0.0,0.0,0.0,0.00022803681080736223
2026-08-22T03:29:16.037202,58.67,-8.183774564964581e-15,6.782289447710779e-28,0.0,-3.6744610918404423e-06,0.0,0.0,-1.8372305459191874e-06,0.9999999999983122,8.728321148686451e-18,6.806317511074982e-26,0.0,0.0,0.0,0.00019905497269608437
2026-08-22T03:29:16.064086,58.69,-8.183861576624546e-15,-1.1393801423614618e-27,0.0,3.2307253734487067e-06,0.0,0.0,1.6153626867236505e-06,0.9999999999986953,-4.625218502827502e-22,-1.140223000996755e-25,0.0,0.0,0.0,8.329451572173361e-05
2026-08-22T03:29:16.081456,58.71,-8.183818208851573e-15,-1.9418236494105084e-27,0.0,1.4181878134067463e-06,0.0,0.0,7.090939067033136e-07,0.9999999999997486,-4.732664814223753e-22,-1.944257746451799e-25,0.0,0.0,0.0,-4.894540133059533e-06
2026-08-22T03:29:16.102957,58.74,-8.183818206593377e-15,1.621592619995899e-31,0.0,4.430678046674075e-12,0.0,0.0,2.2153390233370374e-12,1.0,4.336782779393831e-18,-6.422256332836578e-25,0.0,0.0,0.0,0.00013447530404312596
2026-08-22T03:29:16.143341,58.75,-8.18377470135801e-15,-6.43260473909125e-27,0.0,-1.2181342157191466e-07,0.0,0.0,-6.090671078595729e-08,0.9999999999999981,4.364264294044933e-18,-6.443813255143109e-25,0.0,0.0,0.0,-2.965665872978628e-05
2026-08-22T03:29:16.159190,58.77,-8.18364446219952e-15,-6.354983412363755e-27,0.0,2.1581359845868064e-06,0.0,0.0,1.0790679922931938e-06,0.9999999999994178,8.728000340053309e-18,-6.365594462886765e-25,0.0,0.0,0.0,7.586723638217487e-05
2026-08-22T03:29:16.183427,58.79,-8.183818210084697e-15,-3.091088855097078e-27,0.0,-1.6866476864052517e-06,0.0,0.0,-8.433238432025258e-07,0.9999999999996444,-7.8927578642594505e-22,-3.095466115556858e-25,0.0,0.0,0.0,2.5258527457014407e-05
2026-08-22T03:29:16.201415,58.8,-8.18381820639796e-15,-5.10440860574757e-32,0.0,-1.1945999744966684e-12,0.0,0.0,-5.972999872483342e-13,1.0,8.673600247045748e-18,-2.604769135336766e-25,0.0,0.0,0.0,0.00031342637590303017
2026-08-22T03:29:16.221689,58.83,-8.183991958202106e-15,2.927772357817273e-27,0.0,-2.5575622832896276e-06,0.0,0.0,-1.278781141644465e-06,0.9999999999991823,-8.7295689618397e-18,2.9352698922317104e-25,0.0,0.0,0.0,-0.0003304598123926811
2026-08-22T03:29:16.278211,58.85,-8.184035323411781e-15,5.257230828580126e-27,0.0,-4.820643360048395e-07,0.0,0.0,-2.4103216800241734e-07,0.9999999999999709,-8.7288981123835e-18,5.268153044750933e-25,0.0,0.0,0.0,0.000452736620338573
2026-08-22T03:29:16.299780,58.87,-8.184035319967269e-15,3.1019182732238598e-27,0.0,3.2503872797740034e-06,0.0,0.0,1.6251936398862862e-06,0.9999999999986794,-8.728200540464787e-18,3.109168883412434e-25,0.0,0.0,0.0,3.6590655288943415e-05
2026-08-22T03:29:16.321750,58.89,-8.183861435579145e-15,-8.794351288338238e-28,0.0,2.3490903133804866e-07,0.0,0.0,1.1745451566902405e-07,0.9999999999999931,4.364654825044601e-18,-8.800317532068961e-26,0.0,0.0,0.0,-5.6875675696780795e-06
2026-08-22T03:29:16.345981,58.91,-8.183991677231023e-15,-6.643469874451968e-28,0.0,1.6965889728659531e-06,0.0,0.0,8.482944864328749e-07,0.9999999999996402,2.7265618654957033e-22,-6.643170883064517e-26,0.0,0.0,0.0,4.160463724045744e-05
2026-08-22T03:29:16.373395,58.93,-8.18390480514042e-15,-1.2967944506594287e-27,0.0,2.0906858315683507e-06,0.0,0.0,1.045342915783985e-06,0.9999999999994537,4.3643165841940925e-18,-1.298067898800026e-25,0.0,0.0,0.0,-0.00027300577769668016
2026-08-22T03:29:16.394435,58.95,-8.184078551373119e-15,1.6739682665291853e-28,0.0,2.9696945702539773e-07,0.0,0.0,1.4848472851269834e-07,0.999999999999989,-4.364133865106849e-18,1.6896839480424227e-26,0.0,0.0,0.0,-8.979661004373304e-06
2026-08-22T03:29:16.408986,58.97,-8.184121918085675e-15,1.9204560217820857e-28,0.0,-1.513748371984036e-06,0.0,0.0,-7.568741859919457e-07,0.9999999999997136,-4.36380695784574e-18,1.9370377272968405e-26,0.0,0.0,0.0,-0.00015048017865258782
2026-08-22T03:29:16.434367,58.99,-8.184035044079475e-15,1.5512992599150464e-27,0.0,4.3639357150127017e-07,0.0,0.0,2.1819678575063334e-07,0.9999999999999762,5.897309248400057e-22,1.55552237771164e-25,0.0,0.0,0.0,-0.00016585920119644546
2026-08-22T03:29:16.450206,59.01,-8.18390480352875e-15,1.2533776613213042e-27,0.0,5.349547218536088e-07,0.0,0.0,2.6747736092680123e-07,0.9999999999999643,4.3646475900010734e-18,1.2570096087678818e-25,0.0,0.0,0.0,-0.0005960967229351661
2026-08-22T03:29:16.473440,59.03,-8.18377456465401e-15,-4.957412121451534e-28,0.0,-7.630200835606615e-07,0.0,0.0,-3.815100417803215e-07,0.9999999999999273,8.728361580171507e-18,-4.952208928570854e-26,0.0,0.0,0.0,-0.00011721834067851158
2026-08-22T03:29:16.511353,59.05,-8.183774704122046e-15,-1.3818790312106789e-27,0.0,-2.1924109727677885e-07,0.0,0.0,-1.0962054863838921e-07,0.999999999999994,4.3636247561593345e-18,-1.3832344149956282e-25,0.0,0.0,0.0,0.0003545645033737221
2026-08-22T03:29:16.531621,59.07,-8.183948450614291e-15,-6.690533430184169e-28,0.0,-2.9656161038005275e-07,0.0,0.0,-1.4828080519002584e-07,0.999999999999989,-4.364834234939402e-18,-6.688999464402985e-26,0.0,0.0,0.0,0.0003011120069353568
2026-08-22T03:29:16.558481,59.09,-8.1839484492359e-15,-1.3499298698420406e-27,0.0,-1.6430674372180933e-06,0.0,0.0,-8.215337186089541e-07,0.9999999999996625,-4.3644978449215135e-18,-1.3512240648033807e-25,0.0,0.0,0.0,0.0001470409718709594
2026-08-22T03:29:16.572215,59.11,-8.183904943189844e-15,-1.067236364249813e-27,0.0,4.5277527105369586e-07,0.0,0.0,2.26387635526846e-07,0.9999999999999744,-9.315166063557145e-23,-1.0680448075303249e-25,0.0,0.0,0.0,6.054896339690264e-05
2026-08-22T03:29:16.595886,59.13,-8.183774702639565e-15,-1.3338636249212397e-27,0.0,-1.1921436460227144e-06,0.0,0.0,-5.960718230113218e-07,0.9999999999998224,4.363973291168521e-18,-1.3351849054115973e-25,0.0,0.0,0.0,2.5628469438048444e-05
2026-08-22T03:29:16.627928,59.16,-8.18381820644187e-15,2.4435652549779727e-32,0.0,2.206235194535111e-12,0.0,0.0,1.1031175972675555e-12,1.0,-1.6609675700866353e-27,-1.667522166478156e-25,0.0,0.0,0.0,0.00012717591024473418
2026-08-22T03:29:16.670528,59.19,-8.183905080859379e-15,1.3850422706969662e-28,0.0,-7.715723668866303e-07,0.0,0.0,-3.857861834433056e-07,0.9999999999999256,-4.3644702774860945e-18,1.4037419440009665e-26,0.0,0.0,0.0,-0.0001293341524928973
2026-08-22T03:29:16.695006,59.21,-8.184035183449776e-15,8.248548949034892e-29,0.0,-3.0383486349094824e-07,0.0,0.0,-1.5191743174547354e-07,0.9999999999999885,-4.364131881885827e-18,8.383902033989618e-27,0.0,0.0,0.0,6.757803848115607e-05
2026-08-22T03:29:16.715181,59.23,-8.183991813808933e-15,6.905178970155515e-29,0.0,-1.270059513114319e-06,0.0,0.0,-6.350297565571168e-07,0.9999999999997984,-4.363786402669793e-18,7.042546022386003e-27,0.0,0.0,0.0,-4.799328641340906e-05
2026-08-22T03:29:16.742975,59.25,-8.183991812063277e-15,5.2511567169135536e-28,0.0,2.107017714081394e-06,0.0,0.0,1.0535088570405021e-06,0.9999999999994451,-4.363445946265723e-18,5.272662272451928e-26,0.0,0.0,0.0,0.00020291655607891938
2026-08-22T03:29:16.762333,59.27,-8.183948306083328e-15,-8.118007925025451e-28,0.0,3.952212321856052e-07,0.0,0.0,1.9761061609280132e-07,0.9999999999999805,9.455251194334134e-22,-8.121490928951462e-26,0.0,0.0,0.0,9.176707805190408e-05
2026-08-22T03:29:16.786499,59.28,-8.183991678746085e-15,2.6366720321522957e-32,0.0,1.0937917238607042e-12,0.0,0.0,5.468958619303521e-13,1.0,3.532141217224037e-27,-6.927691239291402e-26,0.0,0.0,0.0,-6.124347076446086e-05
2026-08-22T03:29:16.804233,59.31,-8.183904665542606e-15,-5.2130496563852895e-28,0.0,-2.854741910418568e-06,0.0,0.0,-1.4273709552087992e-06,0.9999999999989813,8.72904033303217e-18,-5.211208451263017e-26,0.0,0.0,0.0,0.00016842170626686192
2026-08-22T03:29:16.820379,59.33,-8.183991677334501e-15,-1.8455035503410702e-27,0.0,-2.4408790824104187e-06,0.0,0.0,-1.2204395412049063e-06,0.9999999999992553,2.4762310674555125e-22,-1.84768613457855e-25,0.0,0.0,0.0,-2.143540079149243e-05
2026-08-22T03:29:16.859483,59.35,-8.183991813905212e-15,-1.4965788968112871e-27,0.0,-1.8284516731803537e-06,0.0,0.0,-9.142258365900494e-07,0.9999999999995821,-4.3638273418944454e-18,-1.4983075355165761e-25,0.0,0.0,0.0,0.00016025183468382475
2026-08-22T03:29:16.885381,59.37,-8.184122052701407e-15,-2.571947106906827e-27,0.0,1.8897478337720486e-07,0.0,0.0,9.448739168860228e-08,0.9999999999999956,-8.727551642889696e-18,-2.5756671706309474e-25,0.0,0.0,0.0,-3.7474942204907655e-05
2026-08-22T03:29:16.900031,59.39,-8.183861432498447e-15,-2.6483802374039205e-27,0.0,4.650398661265598e-06,0.0,0.0,2.325199330630704e-06,0.9999999999972967,4.365288306657378e-18,-2.6520680908119224e-25,0.0,0.0,0.0,0.00025515843892558556
2026-08-22T03:29:16.927794,59.41,-8.183818065663567e-15,-1.928288863137603e-27,0.0,3.136020334970624e-06,0.0,0.0,1.5680101674846695e-06,0.9999999999987707,4.364955507256944e-18,-1.930915489655344e-25,0.0,0.0,0.0,-0.00010691092194025953
2026-08-22T03:29:16.950744,59.43,-8.183731331302113e-15,-2.9572429206763562e-27,0.0,8.245055709288352e-07,0.0,0.0,4.1225278546440587e-07,0.9999999999999151,4.3646017142290554e-18,-2.961647721976444e-25,0.0,0.0,0.0,-0.00014119838118902374
2026-08-22T03:29:16.974743,59.45,-8.183774837267968e-15,-2.9493598783576646e-27,0.0,2.5551614406538192e-06,0.0,0.0,1.2775807203265621e-06,0.9999999999991839,1.9571491193548902e-22,-2.953581332478349e-25,0.0,0.0,0.0,-0.00015126043900370867
2026-08-22T03:29:16.997781,59.47,-8.183861709777762e-15,-1.92017734213473e-27,0.0,-1.297985457782147e-06,0.0,0.0,-6.48992728891028e-07,0.9999999999997894,-4.36387133764683e-18,-1.9223060186813737e-25,0.0,0.0,0.0,-0.00016182531318412196
2026-08-22T03:29:17.019150,59.5,-8.183731470332842e-15,3.875653879203788e-32,0.0,5.31574784190525e-13,0.0,0.0,2.657873920952625e-13,1.0,4.3368001275964194e-18,-1.3451374541091778e-25,0.0,0.0,0.0,1.087964926809765e-06
2026-08-22T03:29:17.058250,59.53,-8.183557724574755e-15,-7.8692582386083675e-28,0.0,2.1820193629729094e-06,0.0,0.0,1.091009681486238e-06,0.9999999999994048,8.72829053180587e-18,-7.872853774380896e-26,0.0,0.0,0.0,-6.954849027046057e-05
2026-08-22T03:29:17.095912,59.55,-8.183514359739276e-15,-5.536876511363344e-28,0.0,-3.150927466499809e-06,0.0,0.0,-1.5754637332492526e-06,0.999999999998759,8.72760989499659e-18,-5.535372285931801e-26,0.0,0.0,0.0,-0.00030280195468757455
2026-08-22T03:29:17.116531,59.57,-8.183470995055894e-15,-2.9217420147113543e-27,0.0,-5.583326192493133e-07,0.0,0.0,-2.79166309624653e-07,0.999999999999961,8.726929194806397e-18,-2.9253719547837707e-25,0.0,0.0,0.0,5.917286017915038e-05
2026-08-22T03:29:17.140967,59.59,-8.183514638927841e-15,-2.852629195961403e-27,0.0,4.517865887176952e-06,0.0,0.0,2.2589329435865553e-06,0.9999999999974486,-1.8535376061342903e-21,-2.8565264002355188e-25,0.0,0.0,0.0,-0.00030100826445945473
2026-08-22T03:29:17.160880,59.6,-8.183471261812008e-15,-7.757593094711972e-32,0.0,1.2567724638756772e-12,0.0,0.0,6.283862319378386e-13,1.0,-4.3368001322343884e-18,-3.378488903283326e-25,0.0,0.0,0.0,7.224121076826695e-05
2026-08-22T03:29:17.183221,59.63,-8.183558141642948e-15,-3.614604237696488e-27,0.0,5.252194545946053e-08,0.0,0.0,2.6260972729730266e-08,0.9999999999999997,-4.365544340858796e-18,-3.619843143167263e-25,0.0,0.0,0.0,0.00015661133365773742
2026-08-22T03:29:17.239967,59.65,-8.183514771826608e-15,-3.980074093907089e-27,0.0,-2.1995894119442028e-06,0.0,0.0,-1.0997947059718797e-06,0.9999999999993953,-4.365181108075246e-18,-3.985993290377409e-25,0.0,0.0,0.0,4.857687015372527e-06
2026-08-22T03:29:17.264711,59.67,-8.183471265694244e-15,-3.0741713694095545e-27,0.0,3.222506072209086e-06,0.0,0.0,1.6112530361038458e-06,0.9999999999987019,-7.678266729836896e-22,-3.0783651549871613e-25,0.0,0.0,0.0,1.4358340384984047e-05
2026-08-22T03:29:17.281407,59.69,-8.183340888849438e-15,-4.6584662519223095e-27,0.0,1.949280264312847e-06,0.0,0.0,9.746401321562692e-07,0.999999999999525,8.727361711238386e-18,-4.665993185564316e-25,0.0,0.0,0.0,0.00012224849949030796
2026-08-22T03:29:17.307355,59.71,-8.183254155800503e-15,-3.93608986387984e-27,0.0,3.2199947210820316e-06,0.0,0.0,1.60999736054032e-06,0.9999999999987039,8.726702047867288e-18,-3.942076646666505e-25,0.0,0.0,0.0,4.885430351128612e-05
2026-08-22T03:29:17.325422,59.73,-8.183514912353702e-15,1.3287215878225065e-27,0.0,2.5119114650529184e-06,0.0,0.0,1.255955732526129e-06,0.9999999999992113,-8.730190456236475e-18,1.3333859888255775e-25,0.0,0.0,0.0,-4.0631261106728535e-05
2026-08-22T03:29:17.351475,59.75,-8.18342790087928e-15,-4.140328865855995e-28,0.0,-8.38477063336285e-07,0.0,0.0,-4.192385316681301e-07,0.9999999999999121,-1.4005271420745643e-21,-4.131014706618647e-26,0.0,0.0,0.0,0.0002205591704663489
2026-08-22T03:29:17.378160,59.77,-8.183514772834216e-15,-7.213958736881198e-28,0.0,1.1062685034701758e-07,0.0,0.0,5.5313425173508764e-08,0.9999999999999984,-4.3654216589827815e-18,-7.210356336002071e-26,0.0,0.0,0.0,-0.00023562484500217387
2026-08-22T03:29:17.400624,59.79,-8.183384394578996e-15,-1.8245641788202442e-28,0.0,1.4003005581741947e-06,0.0,0.0,7.001502790870401e-07,0.9999999999997549,4.363042001200526e-18,-1.8098570747266548e-26,0.0,0.0,0.0,0.00011515907883403962
2026-08-22T03:29:17.418699,59.8,-8.183427893594728e-15,3.5705565802745464e-33,0.0,2.12674322597195e-12,0.0,0.0,1.063371612985975e-12,1.0,8.668052886463851e-24,6.600017131801618e-26,0.0,0.0,0.0,0.00018810900294202672
2026-08-22T03:29:17.437292,59.83,-8.183471268302197e-15,1.1394020490795574e-27,0.0,-4.146358523193783e-07,0.0,0.0,-2.0731792615968765e-07,0.9999999999999785,-1.3197717428473241e-21,1.1431992734791253e-25,0.0,0.0,0.0,5.468455785984551e-05
2026-08-22T03:29:17.495251,59.85,-8.183601644907653e-15,9.16548865392259e-28,0.0,2.6904377805614388e-06,0.0,0.0,1.3452188902803137e-06,0.9999999999990952,-8.729414450343961e-18,9.198894258529414e-26,0.0,0.0,0.0,0.00010288262719202382
2026-08-22T03:29:17.523908,59.86,-8.183427893854656e-15,1.25851538136383e-31,0.0,3.099298595543587e-12,0.0,0.0,1.5496492977717935e-12,1.0,4.336782776311949e-18,-3.406582442632737e-25,0.0,0.0,0.0,0.00012168862453603445
2026-08-22T03:29:17.547059,59.89,-8.18351477052696e-15,-3.5344872061849365e-27,0.0,-8.244697786707889e-07,0.0,0.0,-4.1223488933538273e-07,0.9999999999999151,-4.3649818938212325e-18,-3.539690516018931e-25,0.0,0.0,0.0,0.0002444135153467759
2026-08-22T03:29:17.571238,59.91,-8.183558137142854e-15,-4.096614662980456e-27,0.0,-3.853990939717278e-07,0.0,0.0,-1.926995469858627e-07,0.9999999999999815,-4.364644327387055e-18,-4.1026670264171167e-25,0.0,0.0,0.0,7.082399460411135e-05
2026-08-22T03:29:17.594763,59.94,-8.183471261746124e-15,1.2325976145134582e-31,0.0,1.7297274723659939e-12,0.0,0.0,8.648637361829969e-13,1.0,8.6736002494949e-18,-5.212728701265886e-25,0.0,0.0,0.0,-3.510305448560796e-05
2026-08-22T03:29:17.623603,59.95,-8.183384254319462e-15,-5.2205010433231716e-27,0.0,1.6087035907830231e-06,0.0,0.0,8.043517953914246e-07,0.9999999999996765,8.727885082923656e-18,-5.228820972279067e-25,0.0,0.0,0.0,6.348853161482395e-05
2026-08-22T03:29:17.645712,59.97,-8.183471265995386e-15,-3.5633309225739526e-27,0.0,2.138809874541181e-06,0.0,0.0,1.0694049372703866e-06,0.9999999999994282,-8.931062061690045e-22,-3.5681836384331107e-25,0.0,0.0,0.0,-0.00011106347181287951
2026-08-22T03:29:17.665731,59.99,-8.183471266242281e-15,-3.49906651550218e-27,0.0,-9.75486273979698e-08,0.0,0.0,-4.8774313698984864e-08,0.9999999999999988,-8.991180245829704e-22,-3.503790280313346e-25,0.0,0.0,0.0,-0.00018883936875978069
2026-08-22T03:29:17.690049,60.01,-8.183427898138845e-15,-3.410551281012266e-27,0.0,-1.4405572010822711e-06,0.0,0.0,-7.202786005410732e-07,0.9999999999997407,-8.87137089171177e-22,-3.415073048866498e-25,0.0,0.0,0.0,1.5789638018296907e-05
2026-08-22T03:29:17.707815,60.03,-8.183384529992795e-15,-2.9801964816996253e-27,0.0,-1.008506340216542e-06,0.0,0.0,-5.042531701082495e-07,0.9999999999998729,-8.753069292462417e-22,-2.983873593257475e-25,0.0,0.0,0.0,-0.00011200012999121426
2026-08-22T03:29:17.751442,60.05,-8.183601642633312e-15,-3.9534066876338115e-27,0.0,-1.7275553143569768e-06,0.0,0.0,-8.63777657178381e-07,0.999999999999627,-8.728976931564801e-18,-3.959087494288751e-25,0.0,0.0,0.0,-0.00012780897541818032
2026-08-22T03:29:17.781288,60.07,-8.183514630975499e-15,-1.893179051575287e-27,0.0,2.078738318811446e-06,0.0,0.0,1.0393691594055359e-06,0.9999999999994599,-1.8501792395474922e-22,-1.8946832948351735e-25,0.0,0.0,0.0,-0.0002813441283576504
2026-08-22T03:29:17.798752,60.09,-8.18342762206274e-15,-2.3813736383354784e-27,0.0,-2.8252684636242975e-09,0.0,0.0,-1.4126342318121488e-09,1.0,8.727945133758965e-18,-2.383876778394537e-25,0.0,0.0,0.0,0.00022737357894367144
2026-08-22T03:29:17.826603,60.11,-8.183601506131785e-15,-1.1713266930371025e-27,0.0,-2.1554054105976665e-06,0.0,0.0,-1.0777027052986245e-06,0.9999999999994192,-4.364889783553539e-18,-1.1713161178486176e-25,0.0,0.0,0.0,-3.67525757521821e-05
2026-08-22T03:29:17.845189,60.13,-8.183558000558999e-15,-2.181318083477957e-28,0.0,-1.9409557583394137e-06,0.0,0.0,-9.704778791695544e-07,0.999999999999529,-5.060202264065515e-22,-2.1649780717387065e-26,0.0,0.0,0.0,-8.977755663886034e-05
2026-08-22T03:29:17.913795,60.15,-8.183558136627802e-15,4.3717277372224647e-29,0.0,-2.6263294961026418e-06,0.0,0.0,-1.3131647480509435e-06,0.9999999999991378,-4.364545655627505e-18,4.567987418111163e-27,0.0,0.0,0.0,0.0001900632793440984
2026-08-22T03:29:17.935558,60.17,-8.183384390293978e-15,2.250987719210805e-27,0.0,3.776863222171301e-08,0.0,0.0,1.8884316110856503e-08,0.9999999999999998,4.363907672572481e-18,2.2572813564623613e-25,0.0,0.0,0.0,7.890931500522815e-06
2026-08-22T03:29:17.956920,60.19,-8.183471263960116e-15,2.2677738396076744e-27,0.0,3.789780238960817e-06,0.0,0.0,1.894890119479274e-06,0.9999999999982047,-4.730445942541028e-22,2.274010863078228e-25,0.0,0.0,0.0,-2.7887072799277605e-05
2026-08-22T03:29:17.979639,60.21,-8.183427759826215e-15,1.759338977698663e-27,0.0,-4.5358789790839193e-07,0.0,0.0,-2.2679394895419398e-07,0.9999999999999742,4.363579576870863e-18,1.7643621518675965e-25,0.0,0.0,0.0,-4.3775795773771985e-05
2026-08-22T03:29:17.997398,60.23,-8.183471265663047e-15,1.451252061117599e-27,0.0,-1.8241057007095662e-06,0.0,0.0,-9.120528503546567e-07,0.9999999999995841,-8.049553049110405e-22,1.4558561013294414e-25,0.0,0.0,0.0,0.00012202448108143612
2026-08-22T03:29:18.043933,60.25,-8.1835146338109e-15,9.695884994157687e-28,0.0,2.771767526610347e-08,0.0,0.0,1.3858837633051735e-08,0.9999999999999999,-8.041356997865765e-22,9.732596341039659e-26,0.0,0.0,0.0,0.00015804518433636605
2026-08-22T03:29:18.065311,60.27,-8.183601642401832e-15,9.681844521074422e-28,0.0,-2.0519582450972966e-06,0.0,0.0,-1.025979122548468e-06,0.9999999999994736,-8.72890461617647e-18,9.719429982956164e-26,0.0,0.0,0.0,-0.000126286496689768
2026-08-22T03:29:18.082843,60.29,-8.183471262571536e-15,3.716415162976827e-27,0.0,-7.129114161230631e-07,0.0,0.0,-3.56455708061524e-07,0.9999999999999365,-1.1293270708892132e-22,3.725260975215984e-25,0.0,0.0,0.0,1.5745931172172145e-05
2026-08-22T03:29:18.113067,60.3,-8.183514629790199e-15,3.4668795839745487e-32,0.0,-4.631850458736153e-13,0.0,0.0,-2.3159252293680765e-13,1.0,-6.313496340817315e-28,3.473817245972515e-25,0.0,0.0,0.0,-0.0003299830405386478
2026-08-22T03:29:18.132202,60.33,-8.183514630302373e-15,3.433526573215089e-27,0.0,-1.43607240321586e-07,0.0,0.0,-7.180362016079294e-08,0.9999999999999974,-9.376128294714972e-23,3.44165429757795e-25,0.0,0.0,0.0,2.1446621757589497e-05
2026-08-22T03:29:18.165247,60.35,-8.183601366390341e-15,3.3119963155049084e-27,0.0,8.351050757582358e-07,0.0,0.0,4.175525378791057e-07,0.9999999999999128,-9.394163627390088e-23,3.3198337171316303e-25,0.0,0.0,0.0,1.190588339162957e-05
2026-08-22T03:29:18.185633,60.37,-8.183688238817149e-15,3.5846843949843995e-27,0.0,1.334831967625405e-06,0.0,0.0,6.67415983812653e-07,0.9999999999997773,-4.364148734002771e-18,3.593028696029664e-25,0.0,0.0,0.0,0.00011634780416297692
2026-08-22T03:29:18.202705,60.39,-8.18355799689405e-15,2.0380949775458453e-27,0.0,-3.1591072335857007e-06,0.0,0.0,-1.5795536167921935e-06,0.9999999999987526,2.4431132104821875e-22,2.0433846542555144e-25,0.0,0.0,0.0,-4.1477584083931445e-05
2026-08-22T03:29:18.233183,60.42,-8.1833411575502e-15,-4.577588257846157e-32,0.0,-7.824851877558103e-13,0.0,0.0,-3.9124259387790516e-13,1.0,1.3010400376947054e-17,5.026204689995576e-25,0.0,0.0,0.0,3.3698867440237134e-05
2026-08-22T03:29:18.249159,60.43,-8.183210643468412e-15,5.03695551427061e-27,0.0,2.504592306884491e-07,0.0,0.0,1.2522961534422418e-07,0.9999999999999921,1.3092415980478427e-17,5.048002141370573e-25,0.0,0.0,0.0,-4.986625083901351e-05
2026-08-22T03:29:18.279060,60.45,-8.183341160954227e-15,4.8673893574325944e-27,0.0,-2.5955798044208227e-06,0.0,0.0,-1.297789902210047e-06,0.9999999999991579,-7.586989454470492e-22,4.8778173764099775e-25,0.0,0.0,0.0,0.0003274282007475856
2026-08-22T03:29:18.295644,60.47,-8.18329765706203e-15,5.1237149282864106e-27,0.0,-4.783681797349006e-07,0.0,0.0,-2.3918408986744793e-07,0.9999999999999714,4.363280275062686e-18,5.134609546960926e-25,0.0,0.0,0.0,-0.00025411219566268595
2026-08-22T03:29:18.317060,60.5,-8.18347126170385e-15,2.4675864171446867e-33,0.0,4.947153797729698e-13,0.0,0.0,2.473576898864849e-13,1.0,-8.67360025500301e-18,4.621228505770025e-25,0.0,0.0,0.0,-1.9641217154807046e-05
2026-08-22T03:29:18.360142,60.52,-8.18347126187677e-15,9.204388169466427e-32,0.0,-1.6564527527407336e-13,0.0,0.0,-8.282263763703668e-14,1.0,-1.7348410056500662e-23,5.027168344838442e-25,0.0,0.0,0.0,-0.00020362471046566952
2026-08-22T03:29:18.408375,60.55,-8.183471263699938e-15,4.961403368817602e-27,0.0,9.9736657199756e-07,0.0,0.0,4.986832859987593e-07,0.9999999999998757,-3.9065247514237774e-22,4.971662159050302e-25,0.0,0.0,0.0,6.431230867542633e-05
2026-08-22T03:29:18.426908,60.57,-8.183514631722315e-15,5.140680388474035e-27,0.0,-2.8206959630239226e-06,0.0,0.0,-1.4103479815114937e-06,0.9999999999990055,-3.8642155437861144e-22,5.151199741900906e-25,0.0,0.0,0.0,0.00034015312748083876
2026-08-22T03:29:18.450796,60.59,-8.183340887049429e-15,7.218282086276347e-27,0.0,-1.6346646720677431e-06,0.0,0.0,-8.173323360337804e-07,0.9999999999996659,8.727730383015354e-18,7.2327133216638105e-25,0.0,0.0,0.0,8.682671860279437e-05
2026-08-22T03:29:18.468718,60.61,-8.183514634766127e-15,5.455813487592859e-27,0.0,-1.0686650044888777e-06,0.0,0.0,-5.343325022444135e-07,0.9999999999998572,-1.0472207277200401e-21,5.4667701454887e-25,0.0,0.0,0.0,7.079149435261396e-05
2026-08-22T03:29:18.495225,60.63,-8.183427762744087e-15,5.779810936112687e-27,0.0,-1.754724000324615e-06,0.0,0.0,-8.773620001621947e-07,0.9999999999996151,4.363004678637936e-18,5.791293991491681e-25,0.0,0.0,0.0,-0.0001590102850126364
2026-08-22T03:29:18.521237,60.65,-8.183427900454494e-15,5.053527883654236e-27,0.0,1.6224034089518118e-06,0.0,0.0,8.112017044758167e-07,0.9999999999996709,-1.3719481022441272e-21,5.063485943071101e-25,0.0,0.0,0.0,0.00022847980582565563
2026-08-22T03:29:18.538432,60.67,-8.183514772822399e-15,5.594333084651381e-27,0.0,9.21511328577651e-07,0.0,0.0,4.607556642888092e-07,0.9999999999998939,-4.3654192960139286e-18,5.605446178145691e-25,0.0,0.0,0.0,4.27914683599294e-05
2026-08-22T03:29:18.559424,60.68,-8.18347126178977e-15,6.720389918408236e-32,0.0,1.1239897901305085e-12,0.0,0.0,5.619948950652542e-13,1.0,4.33679144767329e-18,4.914941727976039e-25,0.0,0.0,0.0,-0.0002566780373662598
2026-08-22T03:29:18.578089,60.7,-8.183557997790643e-15,1.010701406305509e-31,0.0,-2.6210145165350696e-12,0.0,0.0,-1.3105072582675348e-12,1.0,-4.3367914574784075e-18,2.0682206641602424e-25,0.0,0.0,0.0,-0.00025851543233577077
2026-08-22T03:29:18.597284,60.73,-8.183644875292908e-15,2.2113315400324836e-27,0.0,2.875796201173842e-06,0.0,0.0,1.4378981005864252e-06,0.9999999999989663,-4.3650395770487405e-18,2.215553174222559e-25,0.0,0.0,0.0,-0.00010038192523296818
2026-08-22T03:29:18.641848,60.75,-8.183775113948134e-15,3.523770066023588e-27,0.0,-2.017254554509407e-06,0.0,0.0,-1.0086272772545323e-06,0.9999999999994913,-8.728740021438502e-18,3.530867807962908e-25,0.0,0.0,0.0,0.0001455038294819961
2026-08-22T03:29:18.660396,60.77,-8.183601229764348e-15,5.048099996957459e-27,0.0,4.1651116822194467e-07,0.0,0.0,2.0825558411097083e-07,0.9999999999999784,4.364113506637089e-18,5.057737867587958e-25,0.0,0.0,0.0,0.00028570603197859923
2026-08-22T03:29:18.685825,60.79,-8.183557862942364e-15,5.703489497252527e-27,0.0,1.6336431758467993e-06,0.0,0.0,8.168215879233089e-07,0.9999999999996664,4.363795474393326e-18,5.714220783518156e-25,0.0,0.0,0.0,0.00035049560301518795
2026-08-22T03:29:18.709009,60.81,-8.183601368900913e-15,7.142888306093473e-27,0.0,1.86840539795341e-06,0.0,0.0,9.342026989765691e-07,0.9999999999995637,-6.003905719891285e-22,7.156390105219349e-25,0.0,0.0,0.0,-0.00015986760846859182
2026-08-22T03:29:18.724078,60.82,-8.183601365985412e-15,8.202608929109388e-32,0.0,2.2515322939398175e-13,0.0,0.0,1.1257661469699087e-13,1.0,4.3368001227102065e-18,6.779265452168523e-25,0.0,0.0,0.0,9.545342948514296e-05
2026-08-22T03:29:18.760228,60.85,-8.183514498198591e-15,6.880554196083819e-27,0.0,-1.5948728444570293e-06,0.0,0.0,-7.974364222284301e-07,0.999999999999682,4.36312685332055e-18,6.893223718476025e-25,0.0,0.0,0.0,0.00020761965361708155
2026-08-22T03:29:18.781466,60.87,-8.183558004115118e-15,6.68795004465263e-27,0.0,1.3964149578882257e-06,0.0,0.0,6.982074789440561e-07,0.9999999999997563,-1.2606074021444195e-21,6.70027033469813e-25,0.0,0.0,0.0,2.7190383050367605e-05
2026-08-22T03:29:18.803789,60.89,-8.183558004187406e-15,6.57979978791142e-27,0.0,-2.851728750918881e-07,0.0,0.0,-1.4258643754594355e-07,0.9999999999999898,-1.2533810188730661e-21,6.591778713135949e-25,0.0,0.0,0.0,-0.0001853748308455802
2026-08-22T03:29:18.824221,60.91,-8.183558140360752e-15,6.51022374948184e-27,0.0,1.582293699620152e-06,0.0,0.0,7.911468498099935e-07,0.999999999999687,-4.36529224128966e-18,6.521897808956085e-25,0.0,0.0,0.0,2.4580734390776637e-05
2026-08-22T03:29:18.843932,60.93,-8.183471266325987e-15,5.326277265391587e-27,0.0,7.552903249496978e-07,0.0,0.0,3.776451624748399e-07,0.9999999999999287,-8.855024504600097e-22,5.335710123292342e-25,0.0,0.0,0.0,-7.171816771406416e-05
2026-08-22T03:29:18.878017,60.95,-8.183471266075456e-15,5.2389296750546755e-27,0.0,-3.7318452728030133e-07,0.0,0.0,-1.865922636401496e-07,0.9999999999999826,-8.657533950737217e-22,5.248132595238685e-25,0.0,0.0,0.0,0.00018073128551484012
2026-08-22T03:29:18.900446,60.97,-8.183340889376012e-15,5.342600386704201e-27,0.0,8.441883614374035e-07,0.0,0.0,4.220941807186892e-07,0.999999999999911,8.727256396524579e-18,5.351840783316297e-25,0.0,0.0,0.0,-0.00012400018871277558
2026-08-22T03:29:18.921301,60.99,-8.18334089241432e-15,5.054652298780369e-27,0.0,-3.15082728352678e-07,0.0,0.0,-1.5754136417633835e-07,0.9999999999999876,8.726596698004536e-18,5.063309341861435e-25,0.0,0.0,0.0,-0.00012363081826596845
2026-08-22T03:29:18.939800,61.01,-8.183601649047627e-15,3.852242484257454e-27,0.0,5.159078995120582e-07,0.0,0.0,2.579539497560262e-07,0.9999999999999667,-8.730294481467523e-18,3.8584523077388302e-25,0.0,0.0,0.0,-6.205698226240237e-05
2026-08-22T03:29:18.959909,61.02,-8.183557998029166e-15,-2.6828703879928585e-33,0.0,-8.704148513061227e-14,0.0,0.0,-4.3520742565306136e-14,1.0,-4.336817478054289e-18,3.89868526518349e-25,0.0,0.0,0.0,3.794816540625249e-05
2026-08-22T03:29:19.012768,61.05,-8.18355813994386e-15,4.1962878502019676e-27,0.0,-2.0033310601519365e-06,0.0,0.0,-1.0016655300758005e-06,0.9999999999994983,-4.3651871797810135e-18,4.203217215964446e-25,0.0,0.0,0.0,-0.00012275874051045693
2026-08-22T03:29:19.033262,61.06,-8.183557997964107e-15,5.300771161597037e-32,0.0,-2.6929569685307797e-12,0.0,0.0,-1.3464784842653899e-12,1.0,-4.3368088018097695e-18,4.440752979178876e-25,0.0,0.0,0.0,-0.0003444702656757035
2026-08-22T03:29:19.055836,61.09,-8.183514495834487e-15,5.88159260951863e-27,0.0,2.6581702368133624e-06,0.0,0.0,1.3290851184062896e-06,0.9999999999991168,4.363634364498049e-18,5.891740400876054e-25,0.0,0.0,0.0,-0.00023175731652946575
2026-08-22T03:29:19.077412,61.11,-8.18355800152325e-15,6.213637690192666e-27,0.0,-1.0093693658674853e-07,0.0,0.0,-5.046846829337424e-08,0.9999999999999988,-7.422374118088475e-22,6.224144828787406e-25,0.0,0.0,0.0,-0.00032598022237384066
2026-08-22T03:29:19.096531,61.13,-8.183645010226218e-15,6.084802995266284e-27,0.0,3.7509735437701867e-06,0.0,0.0,1.8754867718839937e-06,0.9999999999982413,-8.728852114991636e-18,6.094789990003e-25,0.0,0.0,0.0,-0.0002573995737574265
2026-08-22T03:29:19.129741,61.15,-8.183688238839065e-15,6.80374158217217e-27,0.0,-3.463824274518857e-06,0.0,0.0,-1.7319121372585623e-06,0.9999999999985002,-4.3641184239503875e-18,6.815482768406818e-25,0.0,0.0,0.0,2.669388072805732e-05
2026-08-22T03:29:19.156545,61.17,-8.183818477444034e-15,5.3097121881213634e-27,0.0,3.085007491687719e-06,0.0,0.0,1.5425037458432477e-06,0.9999999999988104,-8.727821827715153e-18,5.317933031191356e-25,0.0,0.0,0.0,0.0002816944074267186
2026-08-22T03:29:19.177448,61.19,-8.183688097617007e-15,6.045390078753903e-28,0.0,-1.85706008792863e-06,0.0,0.0,-9.285300439641817e-07,0.9999999999995689,9.648649248023338e-22,6.040974905516199e-26,0.0,0.0,0.0,0.00017298403222966414
2026-08-22T03:29:19.201823,61.21,-8.183774833425117e-15,-3.5996338775772905e-28,0.0,2.324698654465607e-06,0.0,0.0,1.1623493272325416e-06,0.9999999999993244,9.68615677650554e-22,-3.6209542691985207e-26,0.0,0.0,0.0,-8.010568763389602e-07
2026-08-22T03:29:19.225374,61.23,-8.183601088880758e-15,-2.1366668000768857e-27,0.0,7.660852889834757e-07,0.0,0.0,3.830426444917285e-07,0.9999999999999266,8.729068388265939e-18,-2.142396822220809e-25,0.0,0.0,0.0,0.00038728491140350264
2026-08-22T03:29:19.246247,61.25,-8.183644596288633e-15,3.749987806196487e-28,0.0,-2.7839120040340504e-06,0.0,0.0,-1.3919560020165756e-06,0.9999999999990312,4.364330619424527e-18,3.742911963143666e-26,0.0,0.0,0.0,0.0002674885768679412
2026-08-22T03:29:19.273174,61.27,-8.183731606774747e-15,-3.7590249738411963e-28,0.0,9.258395103906025e-07,0.0,0.0,4.6291975519528475e-07,0.9999999999998929,-4.364135884945473e-18,-3.780116817965704e-26,0.0,0.0,0.0,5.4223099315880436e-05
2026-08-22T03:29:19.291702,61.29,-8.183861845746429e-15,-1.6397937769346091e-28,0.0,-7.476706342934848e-07,0.0,0.0,-3.7383531714673366e-07,0.9999999999999302,-8.727864926361671e-18,-1.6553292499375296e-26,0.0,0.0,0.0,-0.00028075396180448123
2026-08-22T03:29:19.313723,61.31,-8.183861706309606e-15,1.5667090748980766e-27,0.0,-2.3808264937308365e-06,0.0,0.0,-1.190413246865137e-06,0.9999999999992915,-4.36313434508987e-18,1.5682678948935776e-25,0.0,0.0,0.0,-2.9381929546499217e-05
2026-08-22T03:29:19.332270,61.33,-8.183904936334954e-15,1.3130747603521659e-27,0.0,3.0005692375212334e-07,0.0,0.0,1.5002846187606111e-07,0.9999999999999888,1.2604698145086269e-21,1.314172233550429e-25,0.0,0.0,0.0,-5.2816882917007386e-05
2026-08-22T03:29:19.380271,61.35,-8.18399167244325e-15,1.4400325866402175e-27,0.0,-7.995488306988818e-07,0.0,0.0,-3.997744153494303e-07,0.9999999999999201,1.2518867154660595e-21,1.441354019348854e-25,0.0,0.0,0.0,0.00012788196410447604
2026-08-22T03:29:19.409553,61.37,-8.183774559869764e-15,2.2271774567164195e-27,0.0,6.867723802983506e-07,0.0,0.0,3.4338619014916854e-07,0.999999999999941,8.729348778138358e-18,2.2299708089558777e-25,0.0,0.0,0.0,-1.1013115819166172e-05
2026-08-22T03:29:19.427818,61.39,-8.184122188588896e-15,3.447048246972307e-27,0.0,9.63709920753786e-07,0.0,0.0,4.818549603768743e-07,0.9999999999998839,-1.3091615730257975e-17,3.4522208731100715e-25,0.0,0.0,0.0,-0.0001499495451822987
2026-08-22T03:29:19.448227,61.41,-8.1839916714564e-15,3.426183434990734e-27,0.0,3.3762742850385057e-06,0.0,0.0,1.688137142518451e-06,0.9999999999985751,1.5316525911225606e-21,3.431268993181234e-25,0.0,0.0,0.0,-4.6997409471512806e-05
2026-08-22T03:29:19.470600,61.43,-8.183904935004264e-15,1.640789960914253e-27,0.0,-1.3089435371149705e-06,0.0,0.0,-6.544717685574385e-07,0.9999999999997858,1.5396159039483046e-21,1.6423754052899966e-25,0.0,0.0,0.0,1.6413131717378954e-05
2026-08-22T03:29:19.501851,61.45,-8.183861566967363e-15,1.9430120626569398e-27,0.0,4.117439463158235e-06,0.0,0.0,2.058719731577663e-06,0.9999999999978808,1.5209426674567913e-21,1.9451550004121588e-25,0.0,0.0,0.0,0.0001490712827792021
2026-08-22T03:29:19.521596,61.47,-8.183818062720537e-15,1.3853020054775708e-27,0.0,-4.565142219803421e-07,0.0,0.0,-2.28257110990169e-07,0.9999999999999739,4.3655571190182615e-18,1.3860877741477379e-25,0.0,0.0,0.0,0.00024645266452162184
2026-08-22T03:29:19.542517,61.49,-8.18368782398969e-15,2.163105146809313e-27,0.0,-1.91578385555502e-06,0.0,0.0,-9.578919277773634e-07,0.9999999999995413,8.729259677215506e-18,2.1655671394594256e-25,0.0,0.0,0.0,0.0004468563687595932
2026-08-22T03:29:19.570487,61.51,-8.183861571954012e-15,1.961040305359375e-27,0.0,-6.677973707347462e-07,0.0,0.0,-3.338986853673669e-07,0.9999999999999443,4.542320189851102e-22,1.9633611857713646e-25,0.0,0.0,0.0,-0.0002092946253463172
2026-08-22T03:29:19.588051,61.53,-8.183731331979407e-15,2.349468873573612e-27,0.0,7.087646229919642e-07,0.0,0.0,3.543823114959747e-07,0.9999999999999372,4.364487938203138e-18,2.352424701141452e-25,0.0,0.0,0.0,7.542164008451607e-05
2026-08-22T03:29:19.639468,61.55,-8.183688101692738e-15,2.4108610551882167e-27,0.0,2.0246302732118697e-06,0.0,0.0,1.0123151366057618e-06,0.9999999999994876,9.334676430242648e-23,2.4138122208394287e-25,0.0,0.0,0.0,-0.00040624326565505766
2026-08-22T03:29:19.661458,61.57,-8.183688101763388e-15,2.366070152799468e-27,0.0,3.3204135827524794e-06,0.0,0.0,1.660206791375477e-06,0.9999999999986219,8.355411817082821e-23,2.3688980298831196e-25,0.0,0.0,0.0,6.268065375778566e-05
2026-08-22T03:29:19.682162,61.59,-8.183731469815566e-15,3.1703746449523132e-27,0.0,-2.1661647719994903e-07,0.0,0.0,-1.083082385999743e-07,0.9999999999999941,8.182441587244151e-23,3.174696821064723e-25,0.0,0.0,0.0,-0.00013447528427793475
2026-08-22T03:29:19.703373,61.61,-8.183774837911003e-15,3.057919673076069e-27,0.0,1.123551314208271e-06,0.0,0.0,5.617756571041059e-07,0.9999999999998422,8.011668721606824e-23,3.061997320623461e-25,0.0,0.0,0.0,0.00015820288451231612
2026-08-22T03:29:19.728992,61.63,-8.18394858265137e-15,3.861139945388363e-27,0.0,-3.0794902299291498e-06,0.0,0.0,-1.5397451149639663e-06,0.9999999999988146,-8.728032837333502e-18,3.866943936099551e-25,0.0,0.0,0.0,1.9079863117041514e-05
2026-08-22T03:29:19.768457,61.65,-8.183861707261646e-15,6.466876375825239e-27,0.0,3.2716831945833755e-06,0.0,0.0,1.6358415972909578e-06,0.999999999998662,-4.3633074054724755e-18,6.477127110401634e-25,0.0,0.0,0.0,-7.115657417996497e-05
2026-08-22T03:29:19.794624,61.67,-8.183774833048596e-15,4.4416502111132255e-27,0.0,2.535252479063388e-07,0.0,0.0,1.2676262395316905e-07,0.999999999999992,1.0916226171019303e-21,4.448199651067582e-25,0.0,0.0,0.0,0.00022379681085763018
2026-08-22T03:29:19.815895,61.69,-8.183818337221376e-15,4.3957638187036344e-27,0.0,-9.280901895891701e-07,0.0,0.0,-4.6404509479456844e-07,0.9999999999998923,-4.362968774053953e-18,4.402258426555891e-25,0.0,0.0,0.0,-0.00018491211592382763
2026-08-22T03:29:19.839023,61.71,-8.18381819946986e-15,4.9139013211380666e-27,0.0,-3.1218482083872345e-06,0.0,0.0,-1.5609241041929835e-06,0.9999999999987818,1.4074011491365702e-21,4.921267202695147e-25,0.0,0.0,0.0,-0.00011208326712837765
2026-08-22T03:29:19.859434,61.72,-8.183774838376354e-15,-2.835623072021272e-32,0.0,-3.5349501104064984e-12,0.0,0.0,-1.7674750552032492e-12,1.0,4.336800130894252e-18,6.011283780439635e-25,0.0,0.0,0.0,2.6546003499515307e-05
2026-08-22T03:29:19.907149,61.75,-8.183774696763354e-15,5.6738825360588226e-27,0.0,2.2998747386537843e-06,0.0,0.0,1.1499373693266387e-06,0.9999999999993389,4.365100821284682e-18,5.682518941064425e-25,0.0,0.0,0.0,-0.0003385088684044403
2026-08-22T03:29:19.927937,61.77,-8.183818202890672e-15,5.592590446907258e-27,0.0,-2.4938675156072065e-06,0.0,0.0,-1.2469337578032801e-06,0.9999999999992226,6.885490698170911e-22,5.600932159093943e-25,0.0,0.0,0.0,-4.602239875186928e-05
2026-08-22T03:29:19.951422,61.78,-8.183818206463805e-15,9.24921878721431e-32,0.0,-2.461142400989047e-12,0.0,0.0,-1.2305712004945235e-12,1.0,-4.336800122396264e-18,5.1709551418022e-25,0.0,0.0,0.0,0.00010920953451750342
2026-08-22T03:29:19.971245,61.8,-8.183861574594343e-15,-4.6252938171288045e-32,0.0,-5.329070518200751e-13,0.0,0.0,-2.6645352591003757e-13,1.0,-8.67360891980362e-18,5.658068052723184e-25,0.0,0.0,0.0,9.935119712190329e-05
2026-08-22T03:29:19.994292,61.83,-8.183774830332216e-15,3.1336944076981256e-27,0.0,1.54166622579055e-07,0.0,0.0,7.708331128952742e-08,0.999999999999997,1.6652523983196791e-21,3.137195869157853e-25,0.0,0.0,0.0,-0.00010020283998049582
2026-08-22T03:29:20.018484,61.85,-8.183905070440028e-15,3.1726918110722083e-27,0.0,-2.395542340494217e-06,0.0,0.0,-1.197771170246822e-06,0.9999999999992827,-4.3623950947863425e-18,3.1763113970839634e-25,0.0,0.0,0.0,-6.862894284135923e-05
2026-08-22T03:29:20.039534,61.87,-8.183774692418386e-15,5.128241279707353e-27,0.0,-2.0010848893470268e-06,0.0,0.0,-1.0005424446733465e-06,0.9999999999994995,4.3660305230115705e-18,5.135723023823453e-25,0.0,0.0,0.0,-6.888629832284808e-05
2026-08-22T03:29:20.065836,61.89,-8.183731325868398e-15,4.852820162729375e-27,0.0,-4.0955653624052957e-07,0.0,0.0,-2.0477826812026335e-07,0.999999999999979,4.365679775797436e-18,4.8596728122952695e-25,0.0,0.0,0.0,5.690083157647474e-05
2026-08-22T03:29:20.093134,61.91,-8.18368809585151e-15,4.963481091651378e-27,0.0,9.518070198666351e-07,0.0,0.0,4.759035099332996e-07,0.9999999999998868,1.2615848549354552e-21,4.970377598344923e-25,0.0,0.0,0.0,-5.252807953192545e-05
2026-08-22T03:29:20.112017,61.93,-8.183861840687546e-15,5.602146413287198e-27,0.0,-2.3680521250568636e-06,0.0,0.0,-1.184026062528155e-06,0.999999999999299,-8.726874839258381e-18,5.61025306292915e-25,0.0,0.0,0.0,0.00018640933129756158
2026-08-22T03:29:20.149343,61.95,-8.18386156521234e-15,5.162092723346021e-27,0.0,-3.4261208119445996e-06,0.0,0.0,-1.7130604059714619e-06,0.9999999999985327,1.8892928692043196e-21,5.169159767889596e-25,0.0,0.0,0.0,3.358549310888498e-05
2026-08-22T03:29:20.171832,61.96,-8.183861574506783e-15,-3.6025357738865947e-32,0.0,-2.575273327920513e-12,0.0,0.0,-1.2876366639602566e-12,1.0,4.3368001325951675e-18,5.495267369942251e-25,0.0,0.0,0.0,0.00010321055503717316
2026-08-22T03:29:20.196486,61.99,-8.183948302894653e-15,6.4195262205702765e-27,0.0,6.550753632872386e-07,0.0,0.0,3.275376816436134e-07,0.9999999999999464,1.5225412898325126e-21,6.428935971346001e-25,0.0,0.0,0.0,-0.00014452503535135835
2026-08-22T03:29:20.213707,62.01,-8.184035175574568e-15,6.556734754104363e-27,0.0,-8.731446241583284e-07,0.0,0.0,-4.365723120791504e-07,0.9999999999999047,-4.362561188454607e-18,6.566309568097583e-25,0.0,0.0,0.0,0.00020553444436166435
2026-08-22T03:29:20.238593,62.03,-8.183991669845101e-15,6.250055743826871e-27,0.0,1.667042603070712e-06,0.0,0.0,8.335213015352594e-07,0.9999999999996526,1.810543200483502e-21,6.258951885874113e-25,0.0,0.0,0.0,0.00010868105806998739
2026-08-22T03:29:20.276082,62.05,-8.18394830176045e-15,5.713490176924029e-27,0.0,-6.02789234527279e-07,0.0,0.0,-3.013946172636349e-07,0.9999999999999546,1.7970837913491142e-21,5.721352816722561e-25,0.0,0.0,0.0,0.00020906979238038162
2026-08-22T03:29:20.298475,62.07,-8.183948438082148e-15,5.688643020338177e-27,0.0,1.7525138051865954e-07,0.0,0.0,8.762569025932965e-08,0.9999999999999961,-4.3622801196803074e-18,5.696441121688424e-25,0.0,0.0,0.0,0.00027754538992770815
2026-08-22T03:29:20.322404,62.09,-8.183904932283618e-15,4.806266315061954e-27,0.0,-1.0612162202328081e-06,0.0,0.0,-5.306081101163791e-07,0.9999999999998592,2.0880786497542082e-21,4.812244053047428e-25,0.0,0.0,0.0,-0.0003466334925437299
2026-08-22T03:29:20.341569,62.11,-8.183861427964286e-15,4.850999959745706e-27,0.0,-2.2430656749783395e-06,0.0,0.0,-1.1215328374889347e-06,0.9999999999993711,4.3661257454500325e-18,4.857264067300926e-25,0.0,0.0,0.0,-8.481695941773228e-05
2026-08-22T03:29:20.368148,62.13,-8.183948438260191e-15,3.394009168940815e-27,0.0,-1.3007210815096926e-06,0.0,0.0,-6.503605407548004e-07,0.9999999999997885,-4.362346085082493e-18,3.39711678669795e-25,0.0,0.0,0.0,0.0002836339837322728
2026-08-22T03:29:20.388840,62.15,-8.184078541092238e-15,1.938884916579046e-27,0.0,-1.0864740085381186e-07,0.0,0.0,-5.4323700426905903e-08,0.9999999999999986,-4.362043008763046e-18,1.939375225232122e-25,0.0,0.0,0.0,-0.00014415710986280089
2026-08-22T03:29:20.406205,62.17,-8.18412190767654e-15,2.266010697795317e-27,0.0,-1.4660560210266738e-06,0.0,0.0,-7.330280105132712e-07,0.9999999999997313,-4.361725144686072e-18,2.2671197223025626e-25,0.0,0.0,0.0,-0.0001662840418250955
2026-08-22T03:29:20.429250,62.19,-8.184078401848108e-15,3.209105422888037e-27,0.0,2.6067695104714517e-06,0.0,0.0,1.3033847552353567e-06,0.9999999999991506,2.6446971838470764e-21,3.2120452696211046e-25,0.0,0.0,0.0,0.00017726086593396133
2026-08-22T03:29:20.453967,62.21,-8.183991665768948e-15,1.8143418293664045e-27,0.0,-3.0155700532219502e-06,0.0,0.0,-1.5077850266104036e-06,0.9999999999988632,2.621432283922268e-21,1.8145946534451966e-25,0.0,0.0,0.0,-0.0001229334483606939
2026-08-22T03:29:20.473620,62.23,-8.183948025295796e-15,1.765168169336945e-27,0.0,4.900747452296628e-07,0.0,0.0,2.4503737261482895e-07,0.99999999999997,8.730698390469384e-18,1.7657609442495463e-25,0.0,0.0,0.0,-0.00018949892159625585
2026-08-22T03:29:20.507542,62.25,-8.183948164889277e-15,9.41885587434299e-28,0.0,-5.099407407449519e-07,0.0,0.0,-2.549703703724732e-07,0.9999999999999675,4.365940813297132e-18,9.404468270202702e-26,0.0,0.0,0.0,-7.343310360284245e-05
2026-08-22T03:29:20.535982,62.27,-8.183904798788193e-15,7.239167035163198e-28,0.0,4.289638310783773e-06,0.0,0.0,2.1448191553902415e-06,0.9999999999976998,4.3655653370307155e-18,7.221605376050968e-26,0.0,0.0,0.0,-0.0003489412251833731
2026-08-22T03:29:20.550481,62.29,-8.184122185802058e-15,4.185055920079933e-27,0.0,-8.658146652962274e-07,0.0,0.0,-4.3290733264810015e-07,0.9999999999999063,-1.309101933632302e-17,4.190079935472766e-25,0.0,0.0,0.0,-0.00018485656916225596
2026-08-22T03:29:20.578409,62.31,-8.184078540814787e-15,6.201018943132453e-27,0.0,-4.889887788017688e-07,0.0,0.0,-2.44494389400882e-07,0.9999999999999701,-4.3619268050475925e-18,6.20951364893098e-25,0.0,0.0,0.0,0.0001332821557367021
2026-08-22T03:29:20.602656,62.33,-8.184121907016634e-15,5.749061233679614e-27,0.0,-2.9922076301147635e-06,0.0,0.0,-1.4961038150568231e-06,0.9999999999988808,-4.3615931642542075e-18,5.756628236887665e-25,0.0,0.0,0.0,-0.00019563154226252182
2026-08-22T03:29:20.642223,62.35,-8.184165273542474e-15,6.156412298541592e-27,0.0,-3.1568885758836993e-06,0.0,0.0,-1.5784442879411938e-06,0.9999999999987542,-4.3612809548883814e-18,6.1644984352085355e-25,0.0,0.0,0.0,-0.000126323561407989
2026-08-22T03:29:20.659749,62.37,-8.184034895395975e-15,8.792211224740478e-27,0.0,-1.7726252283800648e-06,0.0,0.0,-8.863126141899163e-07,0.9999999999996072,4.367139277310037e-18,8.805657493617865e-25,0.0,0.0,0.0,0.00034126772190423314
2026-08-22T03:29:20.681475,62.39,-8.184165137355512e-15,7.926212662384582e-27,0.0,2.054485612301704e-06,0.0,0.0,1.0272428061506714e-06,0.9999999999994724,2.717261058402596e-21,7.937741382365702e-25,0.0,0.0,0.0,-0.00021358634703388116
2026-08-22T03:29:20.721780,62.41,-8.18420864206358e-15,8.046333286203704e-27,0.0,7.293855857071208e-07,0.0,0.0,3.646927928535523e-07,0.9999999999999335,-4.361380806332474e-18,8.057967893946438e-25,0.0,0.0,0.0,0.00023469793575014945
2026-08-22T03:29:20.742258,62.44,-8.184121783115443e-15,5.775530624375041e-32,0.0,-4.8543391528710345e-12,0.0,0.0,-2.4271695764355172e-12,1.0,-4.3368001131072925e-18,6.976998351321733e-25,0.0,0.0,0.0,-0.0005093996375843647
2026-08-22T03:29:20.778463,62.45,-8.184165272652586e-15,6.986748373765907e-27,0.0,5.397011060281898e-07,0.0,0.0,2.698505530140916e-07,0.9999999999999636,-4.361107315744407e-18,6.995960442504341e-25,0.0,0.0,0.0,0.00021409461935760753
2026-08-22T03:29:20.802907,62.46,-8.18412178311517e-15,8.683115920617419e-32,0.0,2.233324636335965e-12,0.0,0.0,1.1166623181679824e-12,1.0,-8.660394276587832e-24,6.095127818011407e-25,0.0,0.0,0.0,-0.0001716413694939589
2026-08-22T03:29:20.821539,62.49,-8.184208503074129e-15,5.113617807439003e-27,0.0,-3.0903811509830353e-07,0.0,0.0,-1.5451905754915113e-07,0.999999999999988,3.2125983768682915e-21,5.119400670973041e-25,0.0,0.0,0.0,-0.00016005007670330946
2026-08-22T03:29:20.846164,62.51,-8.184164999063713e-15,5.05521866928054e-27,0.0,-3.021856971319181e-06,0.0,0.0,-1.5109284856590157e-06,0.9999999999988586,4.36722751201022e-18,5.060923749267422e-25,0.0,0.0,0.0,1.0777721072695594e-05
2026-08-22T03:29:20.868665,62.53,-8.184382113569653e-15,1.1214541078360486e-27,0.0,1.943111378466256e-07,0.0,0.0,9.715556892331263e-08,0.9999999999999952,-4.361260205605706e-18,1.1194603455484192e-25,0.0,0.0,0.0,0.00021342768578539793
2026-08-22T03:29:20.898452,62.55,-8.18442548050618e-15,5.393990929446831e-28,0.0,2.341440715980525e-06,0.0,0.0,1.170720357989995e-06,0.9999999999993147,-4.360969418784243e-18,5.365360548730655e-26,0.0,0.0,0.0,0.000199916771012693
2026-08-22T03:29:20.920948,62.57,-8.184468847071224e-15,-5.2335466906949736e-30,0.0,1.6094519708076405e-06,0.0,0.0,8.047259854037334e-07,0.9999999999996763,-4.360665049697582e-18,-8.97894966373274e-28,0.0,0.0,0.0,-0.00012190333131519018
2026-08-22T03:29:20.942829,62.59,-8.184338468963436e-15,-9.430836393200413e-28,0.0,-2.5833611463355055e-06,0.0,0.0,-1.2916805731673936e-06,0.9999999999991658,4.3677474408395314e-18,-9.487543079530499e-26,0.0,0.0,0.0,-7.753361280066377e-05
2026-08-22T03:29:20.964070,62.61,-8.184338606820402e-15,-1.4797575125213678e-27,0.0,-3.8925917866805554e-07,0.0,0.0,-1.9462958933402652e-07,0.999999999999981,3.319818573942713e-21,-1.4863909682764793e-25,0.0,0.0,0.0,-0.0003758079605083905
2026-08-22T03:29:20.983735,62.63,-8.184295102838143e-15,-1.4233533760167454e-27,0.0,-2.1852699174651495e-06,0.0,0.0,-1.092634958732357e-06,0.999999999999403,4.367324764963331e-18,-1.4296547144560604e-25,0.0,0.0,0.0,-0.0001560326994668048
2026-08-22T03:29:21.021441,62.65,-8.184381976957284e-15,-3.2185207047851805e-27,0.0,-3.8881305033378055e-06,0.0,0.0,-1.9440652516676784e-06,0.9999999999981103,2.892477950445056e-21,-3.2283487985647766e-25,0.0,0.0,0.0,-0.00031605324576248513
2026-08-22T03:29:21.040810,62.67,-8.184381977333951e-15,-3.1836649271493347e-27,0.0,-1.3494077188980216e-06,0.0,0.0,-6.747038594489595e-07,0.9999999999997724,2.847502082876776e-21,-3.1933191793518126e-25,0.0,0.0,0.0,4.7342763206005794e-05
2026-08-22T03:29:21.061531,62.69,-8.184555722204875e-15,-4.1787665112670064e-27,0.0,2.815458250537972e-06,0.0,0.0,1.407729125268521e-06,0.9999999999990091,-8.725300237004872e-18,-4.190343530526537e-25,0.0,0.0,0.0,-0.00031572836869584825
2026-08-22T03:29:21.088272,62.71,-8.184425342687838e-15,-5.396048886631469e-27,0.0,5.28173392133624e-07,0.0,0.0,2.6408669606680894e-07,0.9999999999999651,3.44614141010593e-21,-5.40957997310353e-25,0.0,0.0,0.0,-0.00029824398100769366
2026-08-22T03:29:21.108559,62.73,-8.184425342558033e-15,-5.324279574604474e-27,0.0,-2.4403609724110713e-06,0.0,0.0,-1.2201804862052326e-06,0.9999999999992556,3.4200624677358805e-21,-5.337710121339015e-25,0.0,0.0,0.0,-0.00011629752380602976
2026-08-22T03:29:21.156345,62.75,-8.184425342772977e-15,-5.253726609451609e-27,0.0,2.9447614204869414e-06,0.0,0.0,1.4723807102429386e-06,0.9999999999989161,3.377073799296596e-21,-5.266923395749189e-25,0.0,0.0,0.0,0.0003348743946326181
2026-08-22T03:29:21.179369,62.77,-8.184381838686167e-15,-5.553923224816122e-27,0.0,-3.419909989421655e-06,0.0,0.0,-1.709954994709994e-06,0.9999999999985381,4.367389919601046e-18,-5.567876979565109e-25,0.0,0.0,0.0,-0.0002824682389460189
2026-08-22T03:29:21.197861,62.79,-8.184425344762474e-15,-7.524243610312494e-27,0.0,1.0372054437546294e-06,0.0,0.0,5.186027218772915e-07,0.9999999999998656,2.957493085849001e-21,-7.541574956049833e-25,0.0,0.0,0.0,-0.0004637465560169741
2026-08-22T03:29:21.217899,62.81,-8.184598953539702e-15,-6.490519883788991e-27,0.0,2.446605091854792e-07,0.0,0.0,1.223302545927393e-07,0.9999999999999926,-4.361145632702344e-18,-6.505819960430031e-25,0.0,0.0,0.0,0.00015129244100621739
2026-08-22T03:29:21.240802,62.83,-8.184685824630969e-15,-6.756706095571272e-27,0.0,1.7163843404333077e-06,0.0,0.0,8.581921702165486e-07,0.9999999999996317,-8.724902961297418e-18,-6.772179554513939e-25,0.0,0.0,0.0,7.363628864968366e-05
2026-08-22T03:29:21.280369,62.85,-8.184642181037882e-15,-7.922707361182533e-27,0.0,-2.5292804259891004e-06,0.0,0.0,-1.2646402129942129e-06,0.9999999999992003,3.845683315461064e-21,-7.940398098183389e-25,0.0,0.0,0.0,-0.000141339653156827
2026-08-22T03:29:21.302210,62.87,-8.184642181019917e-15,-7.80827246696109e-27,0.0,3.069203917682728e-07,0.0,0.0,1.534601958841358e-07,0.9999999999999882,3.814582751335625e-21,-7.825582081340363e-25,0.0,0.0,0.0,4.423215053636696e-05
2026-08-22T03:29:21.318672,62.89,-8.18446843656769e-15,-7.928248812344614e-27,0.0,1.1437589999552247e-06,0.0,0.0,5.718794999775811e-07,0.9999999999998365,8.731878582337404e-18,-7.9457220414998935e-25,0.0,0.0,0.0,-0.0002077816803601627
2026-08-22T03:29:21.347572,62.91,-8.184729193143199e-15,-7.121901812922849e-27,0.0,6.179011378115716e-07,0.0,0.0,3.0895056890578095e-07,0.9999999999999523,-8.72506175078472e-18,-7.137763660284165e-25,0.0,0.0,0.0,-4.883860031148071e-05
2026-08-22T03:29:21.362316,62.93,-8.184642181991105e-15,-7.243188328889706e-27,0.0,-1.0385351125741238e-06,0.0,0.0,-5.192675562870386e-07,0.9999999999998652,3.663712739482752e-21,-7.259031894407884e-25,0.0,0.0,0.0,-0.0003107807227025582
2026-08-22T03:29:21.398400,62.95,-8.184729190516444e-15,-7.40027138426338e-27,0.0,-2.51560194319822e-06,0.0,0.0,-1.2578009715987785e-06,0.999999999999209,-8.72447568911134e-18,-7.416657801863053e-25,0.0,0.0,0.0,-0.00015269660761087998
2026-08-22T03:29:21.418622,62.97,-8.184598810964498e-15,-3.924750241545795e-27,0.0,2.3096766237351578e-06,0.0,0.0,1.154838311867322e-06,0.9999999999993332,4.2603246988684755e-21,-3.934055135489679e-25,0.0,0.0,0.0,-0.00034996821602220493
2026-08-22T03:29:21.442794,62.99,-8.18464217893279e-15,-3.280023317774542e-27,0.0,-7.665538808154795e-07,0.0,0.0,-3.8327694040773026e-07,0.9999999999999265,4.223332379429511e-21,-3.288111064305655e-25,0.0,0.0,0.0,0.00032407490815725045
2026-08-22T03:29:21.464655,63.01,-8.184555306895602e-15,-2.941164348522699e-27,0.0,2.9806520096542494e-07,0.0,0.0,1.4903260048271194e-07,0.9999999999999889,4.368226220772885e-18,-2.948626660559917e-25,0.0,0.0,0.0,-0.00046060534994293953
2026-08-22T03:29:21.495881,63.03,-8.184598812981102e-15,-3.970974693465075e-27,0.0,1.7162486987132297e-07,0.0,0.0,8.581243493566138e-08,0.9999999999999963,3.783282099628834e-21,-3.980345980926499e-25,0.0,0.0,0.0,8.722753658994767e-05
2026-08-22T03:29:21.523734,63.05,-8.184772558062353e-15,-3.783050586417533e-27,0.0,-5.554265154472661e-07,0.0,0.0,-2.7771325772362943e-07,0.9999999999999615,-8.724384838208284e-18,-3.791814193742025e-25,0.0,0.0,0.0,7.665614049411522e-05
2026-08-22T03:29:21.550694,63.07,-8.184729050948831e-15,-3.76474132358945e-27,0.0,-2.017649852970038e-06,0.0,0.0,-1.008824926484848e-06,0.9999999999994912,-4.3597059395784086e-18,-3.7735234377023933e-25,0.0,0.0,0.0,-1.5981216970792524e-05
2026-08-22T03:29:21.568973,63.09,-8.184859289744386e-15,-4.434927304824276e-27,0.0,4.324898923435683e-07,0.0,0.0,2.1624494617178244e-07,0.9999999999999766,-8.723464806788882e-18,-4.445107890532371e-25,0.0,0.0,0.0,7.495421079563685e-05
2026-08-22T03:29:21.595430,63.11,-8.18472891019119e-15,-5.199515476694339e-27,0.0,2.251980988798863e-06,0.0,0.0,1.1259904943991934e-06,0.9999999999993661,5.267119986426431e-21,-5.210851730901513e-25,0.0,0.0,0.0,-0.00016231374216134063
2026-08-22T03:29:21.614017,63.13,-8.184772278222757e-15,-4.546654450379903e-27,0.0,6.553648064233641e-07,0.0,0.0,3.276824032116762e-07,0.9999999999999463,5.217472703821248e-21,-4.556642670018542e-25,0.0,0.0,0.0,1.5054674058655404e-05
2026-08-22T03:29:21.660783,63.15,-8.184598533902066e-15,-4.9802490765351496e-27,0.0,1.593985983205926e-06,0.0,0.0,7.969929916028784e-07,0.9999999999996824,8.733263838786014e-18,-4.991065584168161e-25,0.0,0.0,0.0,0.00023088623265975043
2026-08-22T03:29:21.684934,63.17,-8.18468554587267e-15,-2.4885268906544533e-27,0.0,1.5497944154674317e-06,0.0,0.0,7.748972077336382e-07,0.9999999999996998,4.418040794203587e-21,-2.4943824717067005e-25,0.0,0.0,0.0,9.133715853895738e-05
2026-08-22T03:29:21.706730,63.19,-8.184728914500292e-15,-2.0566417867561225e-27,0.0,-1.9156564556865874e-07,0.0,0.0,-9.578282278432922e-08,0.9999999999999954,4.344590713915734e-21,-2.061740887648502e-25,0.0,0.0,0.0,-5.9210786897143105e-05
2026-08-22T03:29:21.733953,63.21,-8.184902659508673e-15,-2.1751820760827516e-27,0.0,3.387396598775183e-07,0.0,0.0,1.6936982993875833e-07,0.9999999999999857,-8.723821965931505e-18,-2.180531412443613e-25,0.0,0.0,0.0,-1.5363211168800797e-05
2026-08-22T03:29:21.756569,63.23,-8.184902384225335e-15,-2.1544683971430697e-27,0.0,1.0890752424330687e-06,0.0,0.0,5.445376212165074e-07,0.9999999999998518,4.903792918759823e-21,-2.159667561333172e-25,0.0,0.0,0.0,2.2438650243709657e-06
2026-08-22T03:29:21.796897,63.25,-8.184728639625269e-15,-2.9565326065820436e-27,0.0,-1.6838701366594935e-06,0.0,0.0,-8.419350683296472e-07,0.9999999999996456,8.732971339776562e-18,-2.963337240144048e-25,0.0,0.0,0.0,0.00017981347879292257
2026-08-22T03:29:21.824204,63.27,-8.184815651577489e-15,-3.28851921245278e-27,0.0,3.858710027948575e-06,0.0,0.0,1.929355013973091e-06,0.9999999999981388,4.12921840499989e-21,-3.2956962089528255e-25,0.0,0.0,0.0,9.008848438480657e-05
2026-08-22T03:29:21.838396,63.29,-8.18485915643908e-15,-2.7495027528526722e-27,0.0,-1.0313457323718467e-06,0.0,0.0,-5.156728661859005e-07,0.999999999999867,-4.359995216012759e-18,-2.7554342469753026e-25,0.0,0.0,0.0,1.0657026596889909e-05
2026-08-22T03:29:21.884477,63.3,-8.184815672527506e-15,4.7520772551801033e-32,0.0,-7.696066006701585e-13,0.0,0.0,-3.8480330033507926e-13,1.0,-4.336808781100501e-18,-2.4645796862665548e-25,0.0,0.0,0.0,0.0005547488135801577
2026-08-22T03:29:21.908150,63.33,-8.184859153680407e-15,-3.630763611649628e-27,0.0,-3.313994766607209e-06,0.0,0.0,-1.6569973833028462e-06,0.9999999999986272,-4.359421800949431e-18,-3.638221438401196e-25,0.0,0.0,0.0,-4.196792906765805e-05
2026-08-22T03:29:21.947151,63.35,-8.18477227990644e-15,-1.3448870766065187e-27,0.0,1.5634404282316439e-06,0.0,0.0,7.817202141157423e-07,0.9999999999996945,4.91976811923258e-21,-1.3482777039217926e-25,0.0,0.0,0.0,0.0003024961908699691
2026-08-22T03:29:21.977906,63.37,-8.184859152366741e-15,-7.273267606894237e-28,0.0,-1.3517525365713823e-06,0.0,0.0,-6.758762682856397e-07,0.9999999999997716,-4.3591894261448526e-18,-7.293387996080136e-26,0.0,0.0,0.0,0.00013355985095717744
2026-08-22T03:29:21.995533,63.39,-8.184641902157222e-15,4.929810678263616e-28,0.0,-9.627294295100342e-08,0.0,0.0,-4.813647147550169e-08,0.9999999999999989,8.73325187115733e-18,4.93114410868153e-26,0.0,0.0,0.0,0.00011196531408731383
2026-08-22T03:29:22.017071,63.41,-8.18472877772344e-15,9.710441203863465e-28,0.0,1.4885453967217192e-06,0.0,0.0,7.442726983607907e-07,0.999999999999723,4.3684694571913164e-18,9.720579406758574e-26,0.0,0.0,0.0,-0.00011470156741002937
2026-08-22T03:29:22.039111,63.42,-8.184815672354037e-15,2.3690568885427903e-32,0.0,2.851052727237402e-13,0.0,0.0,1.425526363618701e-13,1.0,-4.336791435879799e-18,1.7983905042322781e-25,0.0,0.0,0.0,5.595502230362461e-05
2026-08-22T03:29:22.084275,63.45,-8.184815651139854e-15,1.37962820289174e-27,0.0,-3.073501761985399e-06,0.0,0.0,-1.536750880992094e-06,0.9999999999988192,4.2817952646079666e-21,1.3813562104804572e-25,0.0,0.0,0.0,0.00018822056467526982
2026-08-22T03:29:22.107762,63.47,-8.184815651257448e-15,1.3538321563330397e-27,0.0,3.8736672385297766e-06,0.0,0.0,1.9368336192636775e-06,0.9999999999981244,4.236593824860021e-21,1.3555133026062511e-25,0.0,0.0,0.0,-0.00012965412828162918
2026-08-22T03:29:22.131718,63.49,-8.184859019570638e-15,2.319632179535363e-27,0.0,-1.6022349704769567e-06,0.0,0.0,-8.011174852383927e-07,0.9999999999996791,4.182662247913946e-21,2.3231204475172437e-25,0.0,0.0,0.0,7.61202239342256e-06
2026-08-22T03:29:22.155748,63.5,-8.184815672461912e-15,-1.4179337853313438e-33,0.0,-1.2714274078007293e-12,0.0,0.0,-6.357137039003646e-13,1.0,4.3368001418386474e-18,2.88649203729628e-25,0.0,0.0,0.0,0.0001503564344070843
2026-08-22T03:29:22.173846,63.52,-8.184772304288008e-15,8.469474235152065e-32,0.0,1.7843504451775516e-12,0.0,0.0,8.921752225887758e-13,1.0,8.67360893877038e-18,2.8161798242318428e-25,0.0,0.0,0.0,-1.513234939759334e-05
2026-08-22T03:29:22.228714,63.55,-8.184772289045769e-15,1.1080353532045355e-27,0.0,8.480340412120315e-07,0.0,0.0,4.2401702060600294e-07,0.9999999999999101,3.0181888167872888e-21,1.1090209688046044e-25,0.0,0.0,0.0,2.046247620131206e-05
2026-08-22T03:29:22.249449,63.56,-8.184815672419099e-15,1.2070506954149775e-32,0.0,8.770761894538737e-13,0.0,0.0,4.3853809472693683e-13,1.0,-4.336800113431506e-18,1.4091403888169872e-25,0.0,0.0,0.0,0.0001352282606294178
2026-08-22T03:29:22.270609,63.59,-8.184772288200348e-15,-2.3153225124463503e-30,0.0,2.1034283648191374e-07,0.0,0.0,1.0517141824095668e-07,0.9999999999999944,3.2609961834992125e-21,-3.3550200004257687e-28,0.0,0.0,0.0,-0.00025649922195208636
2026-08-22T03:29:22.289413,63.61,-8.184815792509471e-15,1.9876716766421653e-29,0.0,3.319364020981652e-06,0.0,0.0,1.6596820104900642e-06,0.9999999999986228,-4.3608266686075185e-18,1.884972132642163e-27,0.0,0.0,0.0,-0.0002307658284659597
2026-08-22T03:29:22.319387,63.63,-8.184859159191633e-15,5.970377701075297e-28,0.0,1.740686442097683e-06,0.0,0.0,8.703432210487316e-07,0.9999999999996213,-4.360532712897202e-18,5.973403250446002e-26,0.0,0.0,0.0,0.00022259328069735722
2026-08-22T03:29:22.347036,63.64,-8.184772304440068e-15,1.1213449397118287e-31,0.0,3.304911899704166e-12,0.0,0.0,1.652455949852083e-12,1.0,4.3367914672106485e-18,-1.3198304904059258e-25,0.0,0.0,0.0,2.3155180908522555e-05
2026-08-22T03:29:22.360975,63.67,-8.18485915935025e-15,-1.7055419494509543e-27,0.0,-2.011538716484296e-06,0.0,0.0,-1.0057693582419782e-06,0.9999999999994942,-4.3606078036144725e-18,-1.709824823368049e-25,0.0,0.0,0.0,0.00018929409243805212
2026-08-22T03:29:22.379560,63.69,-8.184902662493172e-15,-1.902156046134949e-27,0.0,-2.162629917812353e-06,0.0,0.0,-1.0813149589059659e-06,0.9999999999994154,-8.724379832325358e-18,-1.9067934403239122e-25,0.0,0.0,0.0,-0.0005354216904142204
2026-08-22T03:29:22.399461,63.71,-8.185076267880615e-15,6.126339623729532e-29,0.0,7.016412553184637e-07,0.0,0.0,3.5082062765922463e-07,0.9999999999999385,-1.3087805004808173e-17,5.976819772908388e-27,0.0,0.0,0.0,-0.00015126780887877878
2026-08-22T03:29:22.422512,63.73,-8.184902382334633e-15,2.2974873547036802e-28,0.0,3.6589495864269854e-06,0.0,0.0,1.829474793212472e-06,0.9999999999983266,5.329633889575773e-21,2.2939674109149956e-26,0.0,0.0,0.0,0.0002687692151496036
2026-08-22T03:29:22.455761,63.75,-8.184641901385861e-15,-4.440708140463676e-27,0.0,-8.12188238441536e-07,0.0,0.0,-4.060941192207567e-07,0.9999999999999175,8.733401805281216e-18,-4.4505713911836745e-25,0.0,0.0,0.0,5.736482037068348e-05
2026-08-22T03:29:22.478346,63.77,-8.184468296240456e-15,-3.7745049706364974e-27,0.0,-1.4248528095173185e-06,0.0,0.0,-7.12426404758599e-07,0.9999999999997462,1.3096722193537695e-17,-3.782321636790565e-25,0.0,0.0,0.0,-0.00026383838450015824
2026-08-22T03:29:22.498318,63.79,-8.184598678047817e-15,-7.583918239556613e-27,0.0,8.683952721355581e-07,0.0,0.0,4.341976360677654e-07,0.9999999999999057,4.3675307638154274e-18,-7.598948310209895e-25,0.0,0.0,0.0,0.00018506465939801932
2026-08-22T03:29:22.520247,63.81,-8.184685552677809e-15,-6.4327657231293174e-27,0.0,-5.237206956998363e-07,0.0,0.0,-2.6186034784991517e-07,0.9999999999999657,3.0700310193002766e-21,-6.445478998631357e-25,0.0,0.0,0.0,-0.00016436943714979936
2026-08-22T03:29:22.541593,63.83,-8.184729057364687e-15,-6.3992994761607614e-27,0.0,-5.514823699925842e-07,0.0,0.0,-2.757411849962886e-07,0.999999999999962,-4.361032470820831e-18,-6.411984627473999e-25,0.0,0.0,0.0,6.843712744358164e-06
2026-08-22T03:29:22.585806,63.85,-8.184598815594073e-15,-5.8224023177577e-27,0.0,1.364000527193099e-06,0.0,0.0,6.820002635964966e-07,0.9999999999997674,3.3214041933919878e-21,-5.833817040374647e-25,0.0,0.0,0.0,0.000489422505261564
2026-08-22T03:29:22.610828,63.86,-8.18459883200601e-15,1.6245558325811242e-32,0.0,5.214495502059435e-12,0.0,0.0,2.6072477510297176e-12,1.0,1.313577113735821e-26,-5.718105987958467e-25,0.0,0.0,0.0,-9.606106676485248e-05
2026-08-22T03:29:22.629022,63.88,-8.184642200049542e-15,1.6114846395599174e-32,0.0,-2.0117241206207837e-12,0.0,0.0,-1.0058620603103918e-12,1.0,1.276823188618484e-26,-5.873873031602288e-25,0.0,0.0,0.0,-0.00015105058744564778
2026-08-22T03:29:22.653635,63.9,-8.184598832049379e-15,1.704265978711547e-32,0.0,-1.7124079931818414e-12,0.0,0.0,-8.562039965909207e-13,1.0,1.304140780600619e-26,-5.396506035370825e-25,0.0,0.0,0.0,3.4006617435249574e-05
2026-08-22T03:29:22.675630,63.93,-8.184555311877705e-15,-5.3645685793538715e-27,0.0,2.90241868761143e-07,0.0,0.0,1.45120934380571e-07,0.9999999999999895,4.3672211321576324e-18,-5.374744633106522e-25,0.0,0.0,0.0,-0.00020444138760387977
2026-08-22T03:29:22.727081,63.95,-8.184642322242454e-15,-5.6559357367781456e-27,0.0,1.0098099343380793e-06,0.0,0.0,5.049049671690183e-07,0.9999999999998725,-4.3612644669282866e-18,-5.666727202087616e-25,0.0,0.0,0.0,-8.205955182656e-05
2026-08-22T03:29:22.750018,63.97,-8.184729193347672e-15,-5.230524059515849e-27,0.0,4.108550766268592e-07,0.0,0.0,2.0542753831342818e-07,0.9999999999999789,-8.725028921343966e-18,-5.240258608208076e-25,0.0,0.0,0.0,-0.0001850264207377346
2026-08-22T03:29:22.769633,63.99,-8.184555445605879e-15,-4.723131992733617e-27,0.0,-2.990721248874451e-06,0.0,0.0,-1.495360624436668e-06,0.9999999999988819,3.723344852891124e-21,-4.731834937670655e-25,0.0,0.0,0.0,0.00019910649378288508
2026-08-22T03:29:22.798094,64.01,-8.184642317796109e-15,-5.7905060517984055e-27,0.0,1.5634898780092499e-06,0.0,0.0,7.817449390045453e-07,0.9999999999996945,-4.36036219221591e-18,-5.801334598989424e-25,0.0,0.0,0.0,-0.0001859768177669914
2026-08-22T03:29:22.820382,64.02,-8.184555463983612e-15,4.2494913027053255e-32,0.0,-2.469136006766348e-13,0.0,0.0,-1.234568003383174e-13,1.0,8.673591592965745e-18,-6.606193964349539e-25,0.0,0.0,0.0,-0.0001215339519184369
2026-08-22T03:29:22.877441,64.05,-8.184555447348695e-15,-7.64191280784738e-27,0.0,2.6013448435335818e-06,0.0,0.0,1.3006724217664241e-06,0.9999999999991541,3.2707027691161105e-21,-7.655971891587343e-25,0.0,0.0,0.0,8.264675393082843e-05
2026-08-22T03:29:22.902527,64.07,-8.184555447857277e-15,-7.51734685656033e-27,0.0,4.3742828812476375e-06,0.0,0.0,2.187141440622075e-06,0.9999999999976082,3.2123536937757808e-21,-7.531049043059452e-25,0.0,0.0,0.0,-0.00012220455095523683
2026-08-22T03:29:22.930393,64.09,-8.18464218415303e-15,-5.158977027757613e-27,0.0,2.836223853108777e-06,0.0,0.0,1.418111926553913e-06,0.9999999999989945,3.1706168736368504e-21,-5.168132317929646e-25,0.0,0.0,0.0,8.252050853029859e-05
2026-08-22T03:29:22.951463,64.11,-8.18477242483194e-15,-3.264579181922928e-27,0.0,-4.283152725825801e-07,0.0,0.0,-2.141576362912884e-07,0.999999999999977,-4.360925889024429e-18,-3.2699036685458726e-25,0.0,0.0,0.0,-0.0003019769530564293
2026-08-22T03:29:22.974619,64.13,-8.184642046902636e-15,-2.1061005222884483e-27,0.0,1.7834009069517265e-07,0.0,0.0,8.91700453475862e-08,0.999999999999996,4.367481261459361e-18,-2.109197870560342e-25,0.0,0.0,0.0,-9.870550590875895e-05
2026-08-22T03:29:22.995595,64.14,-8.184772304223776e-15,4.1223919382761185e-32,0.0,-6.745715097622451e-13,0.0,0.0,-3.3728575488112256e-13,1.0,-4.33679143995107e-18,-2.137767258205906e-25,0.0,0.0,0.0,-0.000356031696140907
2026-08-22T03:29:23.019345,64.17,-8.184728783447172e-15,-5.4790767423014e-29,0.0,-8.936572850615222e-07,0.0,0.0,-4.4682864253074617e-07,0.9999999999999002,4.36739844052056e-18,-5.391813049179825e-27,0.0,0.0,0.0,-4.3106338290835384e-05
2026-08-22T03:29:23.041971,64.19,-8.184859161718482e-15,-8.481712100085817e-28,0.0,-1.4397426606471697e-06,0.0,0.0,-7.198713303235227e-07,0.9999999999997409,-4.361081447829708e-18,-8.491338909184602e-26,0.0,0.0,0.0,-0.00014233834277717366
2026-08-22T03:29:23.060781,64.21,-8.184902528579514e-15,-4.616583904359983e-28,0.0,-4.214232710797462e-06,0.0,0.0,-2.107116355397171e-06,0.99999999999778,-4.360792908328367e-18,-4.619129608110759e-26,0.0,0.0,0.0,-1.4482542492937577e-05
2026-08-22T03:29:23.082507,64.23,-8.184902390856598e-15,1.3319053443425934e-28,0.0,-2.185809512944559e-06,0.0,0.0,-1.0929047564720619e-06,0.9999999999994028,3.56453625409724e-21,1.3416573807583387e-26,0.0,0.0,0.0,0.0002846692342413028
2026-08-22T03:29:23.136192,64.25,-8.184815518626494e-15,9.697563424452088e-28,0.0,-5.58553003182638e-06,0.0,0.0,-2.7927650159095597e-06,0.9999999999961002,4.3675843243002504e-18,9.723182956423118e-26,0.0,0.0,0.0,5.784093287381745e-05
2026-08-22T03:29:23.159012,64.27,-8.184902392718581e-15,-2.477151125515282e-27,0.0,1.6581837796181278e-06,0.0,0.0,8.290918898089688e-07,0.9999999999996563,3.148774558676527e-21,-2.4811168327092635e-25,0.0,0.0,0.0,1.1151393304672212e-05
2026-08-22T03:29:23.175410,64.29,-8.184728648419391e-15,-3.701787769851476e-27,0.0,-2.4502575790563697e-07,0.0,0.0,-1.2251287895281816e-07,0.9999999999999925,8.731212524357305e-18,-3.708241293469045e-25,0.0,0.0,0.0,0.0002324889033532094
2026-08-22T03:29:23.196988,64.31,-8.184945900653985e-15,-2.7903782142442428e-27,0.0,8.0428264936927e-08,0.0,0.0,4.021413246846349e-08,0.9999999999999992,-4.361664142566194e-18,-2.7946983261257027e-25,0.0,0.0,0.0,0.00040753608062738087
2026-08-22T03:29:23.219701,64.33,-8.185032635720202e-15,-3.7682121259714996e-27,0.0,1.666958705293098e-06,0.0,0.0,8.334793526464525e-07,0.9999999999996526,-4.3613775769811855e-18,-3.774446494391465e-25,0.0,0.0,0.0,-0.0003806354323554281
2026-08-22T03:29:23.255790,64.35,-8.185162874648943e-15,-2.0959585631107714e-27,0.0,-1.203932217919146e-06,0.0,0.0,-6.019661089595366e-07,0.9999999999998188,-8.725124050927073e-18,-2.099063840574348e-25,0.0,0.0,0.0,-0.0004509775121711452
2026-08-22T03:29:23.277613,64.37,-8.1851628716365e-15,8.79968041624917e-28,0.0,-7.712088123668083e-07,0.0,0.0,-3.856044061833945e-07,0.9999999999999256,-8.724482535946794e-18,8.822177647332852e-26,0.0,0.0,0.0,-0.00017138217864715776
2026-08-22T03:29:23.304989,64.38,-8.184989145004927e-15,-4.2074216790596117e-32,0.0,-2.070787985530842e-12,0.0,0.0,-1.035393992765421e-12,1.0,-1.732927278918917e-23,2.731781334443203e-25,0.0,0.0,0.0,-0.0001313897343176629
2026-08-22T03:29:23.321447,64.41,-8.185119364005777e-15,1.8586978778516782e-27,0.0,-7.825406056483075e-07,0.0,0.0,-3.9127030282414375e-07,0.9999999999999235,-4.3598216252027266e-18,1.86286569805656e-25,0.0,0.0,0.0,0.00012329628639972306
2026-08-22T03:29:23.342551,64.43,-8.185162594585714e-15,1.417610484014787e-27,0.0,-1.6284895938412092e-06,0.0,0.0,-8.142447969205146e-07,0.9999999999996685,4.51431270414285e-21,1.4210181244591782e-25,0.0,0.0,0.0,-0.0005173692437224082
2026-08-22T03:29:23.375230,64.45,-8.185119226757718e-15,1.811498839937711e-27,0.0,-8.330859997407458e-07,0.0,0.0,-4.1654299987036084e-07,0.9999999999999133,4.4668685137939545e-21,1.8156495069775257e-25,0.0,0.0,0.0,-0.00045759728128210017
2026-08-22T03:29:23.399864,64.47,-8.185205963088948e-15,1.3577335963891355e-27,0.0,-2.387993351948836e-06,0.0,0.0,-1.1939966759741343e-06,0.9999999999992872,4.409362823009953e-21,1.360997760338577e-25,0.0,0.0,0.0,-0.0003376064234424576
2026-08-22T03:29:23.420430,64.49,-8.185119227358939e-15,2.5570982707681093e-27,0.0,-3.504265744247448e-07,0.0,0.0,-1.752132872123715e-07,0.9999999999999847,4.3552983650160484e-21,2.562597887747819e-25,0.0,0.0,0.0,-5.254424315692953e-05
2026-08-22T03:29:23.445504,64.51,-8.185032218947828e-15,2.6073387312352258e-27,0.0,1.6008899432762296e-06,0.0,0.0,8.004449716380291e-07,0.9999999999996796,8.732411142034092e-18,2.612969675323406e-25,0.0,0.0,0.0,-7.785686036774296e-05
2026-08-22T03:29:23.462981,64.52,-8.18511924891869e-15,6.798679470569173e-32,0.0,6.847855615887966e-13,0.0,0.0,3.423927807943983e-13,1.0,1.7361061993176744e-23,3.396477028849065e-25,0.0,0.0,0.0,-0.0002413582838343039
2026-08-22T03:29:23.524564,64.55,-8.185162463274156e-15,2.4243570079072837e-27,0.0,-2.3682274306047195e-06,0.0,0.0,-1.1841137153020828e-06,0.9999999999992989,4.367567810432134e-18,2.429522000883e-25,0.0,0.0,0.0,0.0002582508274838458
2026-08-22T03:29:23.542476,64.56,-8.185249353201076e-15,-2.5234517548538754e-32,0.0,1.780797731498751e-13,0.0,0.0,8.903988657493755e-14,1.0,8.68569191645295e-24,1.5294041634037996e-25,0.0,0.0,0.0,-4.174341806731038e-05
2026-08-22T03:29:23.561812,64.59,-8.185379714532088e-15,1.2992597755447723e-27,0.0,-2.2023545849236825e-06,0.0,0.0,-1.1011772924616187e-06,0.9999999999993937,-8.725026791351297e-18,1.3023982450169047e-25,0.0,0.0,0.0,2.420602220225542e-05
2026-08-22T03:29:23.580234,64.61,-8.185292839287923e-15,3.138528902531847e-27,0.0,-1.6781867957504915e-06,0.0,0.0,-8.390933978751473e-07,0.999999999999648,-4.3603391444174354e-18,3.144771825905467e-25,0.0,0.0,0.0,-0.00011324740228007695
2026-08-22T03:29:23.602253,64.63,-8.185292837607405e-15,3.814891442977468e-27,0.0,-9.78934332263037e-07,0.0,0.0,-4.89467166131499e-07,0.9999999999998802,-4.3600333996845705e-18,3.822376781632609e-25,0.0,0.0,0.0,-0.00015241144274255613
2026-08-22T03:29:23.636136,64.65,-8.18524933184193e-15,4.523598171804653e-27,0.0,-3.322259995997001e-07,0.0,0.0,-1.661129997998493e-07,0.9999999999999862,4.315177486346699e-21,4.532507458886089e-25,0.0,0.0,0.0,-5.423937561289961e-05
2026-08-22T03:29:23.660091,64.67,-8.185249331961616e-15,4.452558334187005e-27,0.0,3.6009599257980085e-06,0.0,0.0,1.8004799628980314e-06,0.9999999999983792,4.269556481013191e-21,4.461233260946383e-25,0.0,0.0,0.0,-0.00010584808175650876
2026-08-22T03:29:23.675933,64.69,-8.18524933222995e-15,4.383645255891247e-27,0.0,2.4126533402224486e-06,0.0,0.0,1.2063266701109314e-06,0.9999999999992724,4.215890023774077e-21,4.392124923201477e-25,0.0,0.0,0.0,0.00010429279323359087
2026-08-22T03:29:23.712903,64.71,-8.185249332494911e-15,4.315898400228867e-27,0.0,4.301645184057178e-06,0.0,0.0,2.150822592026931e-06,0.999999999997687,4.162898113405541e-21,4.3241865437629735e-25,0.0,0.0,0.0,-1.1620572920282993e-06
2026-08-22T03:29:23.729499,64.73,-8.185162460410559e-15,2.6051494468579367e-27,0.0,1.5209372508095955e-06,0.0,0.0,7.604686254047244e-07,0.9999999999997109,4.3681665458901225e-18,2.6099052808770475e-25,0.0,0.0,0.0,-0.00013339652785019921
2026-08-22T03:29:23.774943,64.75,-8.185379711184276e-15,3.9706591299706664e-27,0.0,-1.3053331748835717e-09,0.0,0.0,-6.526665874417859e-10,1.0,-8.724387589899202e-18,3.9782499880028546e-25,0.0,0.0,0.0,-5.894350355484663e-05
2026-08-22T03:29:23.798096,64.77,-8.185292699923042e-15,4.2105954296263165e-27,0.0,5.3785970570707775e-06,0.0,0.0,2.689298528532147e-06,0.9999999999963838,4.33801860303323e-21,4.218555124796823e-25,0.0,0.0,0.0,0.00025776478833579097
2026-08-22T03:29:23.815621,64.79,-8.185466308332495e-15,8.950806561910324e-27,0.0,-1.2415054420067406e-06,0.0,0.0,-6.207527210033304e-07,0.9999999999998074,-4.359756603145297e-18,8.968015063303789e-25,0.0,0.0,0.0,-0.00029167931680807336
2026-08-22T03:29:23.840592,64.81,-8.185466170912952e-15,9.717109812291563e-27,0.0,2.192274788370696e-06,0.0,0.0,1.0961373941851285e-06,0.9999999999993993,4.5791971232978105e-21,9.73529092660839e-25,0.0,0.0,0.0,5.947903840070471e-05
2026-08-22T03:29:23.862936,64.83,-8.18550953913953e-15,1.0122612128537303e-26,0.0,-4.389548675209908e-06,0.0,0.0,-2.194774337603192e-06,0.9999999999975915,4.529578257110348e-21,1.014135696938206e-24,0.0,0.0,0.0,9.838080709300085e-05
2026-08-22T03:29:23.906507,64.85,-8.185683284159533e-15,6.602972984723603e-27,0.0,-6.190686265838963e-07,0.0,0.0,-3.095343132919432e-07,0.9999999999999521,-8.723639303549841e-18,6.614512913741845e-25,0.0,0.0,0.0,-0.0005273500132531738
2026-08-22T03:29:23.931335,64.87,-8.185596272793814e-15,9.679453404712248e-27,0.0,-2.195547240901874e-06,0.0,0.0,-1.0977736204507165e-06,0.9999999999993975,5.085518205471842e-21,9.697361804134144e-25,0.0,0.0,0.0,0.00021831681183437406
2026-08-22T03:29:23.950573,64.89,-8.185509536716545e-15,1.0644976908899175e-26,0.0,7.4129740124107e-08,0.0,0.0,3.7064870062053494e-08,0.9999999999999993,5.040192114127425e-21,1.0664340457592357e-24,0.0,0.0,0.0,-3.73854378905815e-05
2026-08-22T03:29:23.969023,64.91,-8.185683281638545e-15,1.0528918565256663e-26,0.0,-2.208050745355905e-06,0.0,0.0,-1.1040253726777283e-06,0.9999999999993906,-8.72313510851485e-18,1.0547899094922416e-24,0.0,0.0,0.0,9.529823636059343e-05
2026-08-22T03:29:23.990296,64.93,-8.185596270304515e-15,1.1570602561814268e-26,0.0,-6.633077642703711e-09,0.0,0.0,-3.3165388213518554e-09,1.0,5.5833757273978606e-21,1.1591382658184333e-24,0.0,0.0,0.0,-0.0002320660468459379
2026-08-22T03:29:24.024892,64.95,-8.185596270352392e-15,1.1380818733247016e-26,0.0,1.1209156478564355e-06,0.0,0.0,5.604578239281883e-07,0.9999999999998429,5.5304328907652215e-21,1.1401125460148665e-24,0.0,0.0,0.0,-0.00011666260294308591
2026-08-22T03:29:24.049071,64.97,-8.185596270699969e-15,1.1194607351247116e-26,0.0,2.069856765096745e-06,0.0,0.0,1.0349283825481877e-06,0.9999999999994644,5.460917780775443e-21,1.1214410528218807e-24,0.0,0.0,0.0,3.1173078545064205e-05
2026-08-22T03:29:24.071896,64.99,-8.18568314338916e-15,1.1803035771256465e-26,0.0,1.4866352935349882e-06,0.0,0.0,7.433176467674256e-07,0.9999999999997238,-4.358663697190625e-18,1.1823966534968923e-24,0.0,0.0,0.0,-0.0004289801055563541
2026-08-22T03:29:24.096723,65.01,-8.185639774156766e-15,1.194465893274485e-26,0.0,-3.738750722348528e-07,0.0,0.0,-1.8693753611742528e-07,0.9999999999999826,-4.358395570003979e-18,1.1965587580572564e-24,0.0,0.0,0.0,0.00015436444052979075
2026-08-22T03:29:24.115105,65.03,-8.185769876890704e-15,1.1162075984617635e-26,0.0,-2.253882043223854e-06,0.0,0.0,-1.1269410216116884e-06,0.999999999999365,-4.3581249123853115e-18,1.1181350712332862e-24,0.0,0.0,0.0,0.0002986904144247068
2026-08-22T03:29:24.161752,65.05,-8.185769739422198e-15,1.050358401731237e-26,0.0,-8.306259977608476e-07,0.0,0.0,-4.1531299888041187e-07,0.9999999999999137,6.198997108562645e-21,1.0521410173358289e-24,0.0,0.0,0.0,-0.0002918956247281425
2026-08-22T03:29:24.183210,65.07,-8.18563936305861e-15,1.0748673194822372e-26,0.0,3.2335575514963466e-06,0.0,0.0,1.616778775747469e-06,0.999999999998693,8.734240965279324e-18,1.0767198690834295e-24,0.0,0.0,0.0,-0.0001336938030602814
2026-08-22T03:29:24.205261,65.09,-8.185856751779024e-15,1.4023558673456663e-26,0.0,3.4656275982314355e-07,0.0,0.0,1.732813799115709e-07,0.999999999999985,-8.722728382294448e-18,1.404802847186289e-24,0.0,0.0,0.0,-0.00021242478162978326
2026-08-22T03:29:24.227295,65.11,-8.185683004636357e-15,1.4437236042372125e-26,0.0,-1.788867920460291e-06,0.0,0.0,-8.944339602300262e-07,0.9999999999996,5.969110476371695e-21,1.4462170412325261e-24,0.0,0.0,0.0,-5.3848245269260986e-05
2026-08-22T03:29:24.248639,65.13,-8.18563977282694e-15,1.4883850287253982e-26,0.0,1.0097145390908222e-06,0.0,0.0,5.048572695453897e-07,0.9999999999998725,-4.358142616606653e-18,1.4909224668569314e-24,0.0,0.0,0.0,-4.4356857403887276e-05
2026-08-22T03:29:24.278851,65.15,-8.185683139591058e-15,1.474680565197064e-26,0.0,-2.308107641901813e-06,0.0,0.0,-1.1540538209506504e-06,0.9999999999993341,-4.357882398679033e-18,1.4771904590828968e-24,0.0,0.0,0.0,-0.00032202271193299583
2026-08-22T03:29:24.302196,65.17,-8.185639634004135e-15,1.6214730476268683e-26,0.0,3.700759432234691e-08,0.0,0.0,1.8503797161173452e-08,0.9999999999999998,6.4391415218404624e-21,1.624242342928823e-24,0.0,0.0,0.0,6.303430469832178e-05
2026-08-22T03:29:24.324176,65.19,-8.185422521518418e-15,1.590690527007286e-26,0.0,4.185219486529945e-07,0.0,0.0,2.0926097432649573e-07,0.9999999999999781,8.734479449858629e-18,1.5933689537051163e-24,0.0,0.0,0.0,-0.00018306893095978015
2026-08-22T03:29:24.344595,65.21,-8.185509533522053e-15,1.50224012339305e-26,0.0,2.100163603024896e-06,0.0,0.0,1.050081801512255e-06,0.9999999999994487,5.618371964939479e-21,1.5047290411103641e-24,0.0,0.0,0.0,-0.00019920615178605833
2026-08-22T03:29:24.367850,65.24,-8.18559629813476e-15,7.736788564646218e-32,0.0,-4.614086890342151e-13,0.0,0.0,-2.3070434451710753e-13,1.0,-1.7322237320880005e-23,1.6598032915927626e-24,0.0,0.0,0.0,3.8562789953197136e-05
2026-08-22T03:29:24.391536,65.25,-8.185596267570916e-15,1.6625814013216206e-26,0.0,-8.329971912246491e-08,0.0,0.0,-4.164985956123245e-08,0.9999999999999991,6.1300912376066884e-21,1.6653392390155167e-24,0.0,0.0,0.0,0.0002629279551585802
2026-08-22T03:29:24.418418,65.27,-8.185596267653153e-15,1.634688733924243e-26,0.0,1.867052426440807e-06,0.0,0.0,9.33526213220268e-07,0.9999999999995642,6.070276423965046e-21,1.6373749352568906e-24,0.0,0.0,0.0,-0.0001412004429285837
2026-08-22T03:29:24.439648,65.29,-8.18559626803466e-15,1.607047940384299e-26,0.0,-3.93992453684433e-06,0.0,0.0,-1.969962268420891e-06,0.9999999999980597,5.993975714739224e-21,1.609661865919843e-24,0.0,0.0,0.0,-0.00012888153721297155
2026-08-22T03:29:24.460821,65.3,-8.185552929939173e-15,-2.3630670815108528e-32,0.0,-4.356515148629114e-12,0.0,0.0,-2.178257574314557e-12,1.0,4.3368001489928424e-18,1.727232655590146e-24,0.0,0.0,0.0,0.00029247235835298574
2026-08-22T03:29:24.485655,65.33,-8.185726510700616e-15,2.0764810355875442e-26,0.0,1.7613021547902006e-06,0.0,0.0,8.806510773949866e-07,0.9999999999996122,-4.358547639992527e-18,2.079955543699587e-24,0.0,0.0,0.0,0.00023698753096050194
2026-08-22T03:29:24.531142,65.35,-8.185856750153603e-15,2.0475530057615893e-26,0.0,4.9704879323542166e-08,0.0,0.0,2.4852439661771083e-08,0.9999999999999997,-8.722346922546896e-18,2.050961965735913e-24,0.0,0.0,0.0,0.0002060715119151259
2026-08-22T03:29:24.554517,65.37,-8.18598685145649e-15,1.9084876737966996e-26,0.0,-2.9797382739005238e-06,0.0,0.0,-1.4898691369497103e-06,0.9999999999988901,-8.721742353239207e-18,1.911583611254383e-24,0.0,0.0,0.0,-0.0001497790759213471
2026-08-22T03:29:24.577042,65.39,-8.185943344249382e-15,2.1447536897372733e-26,0.0,4.190581832208551e-06,0.0,0.0,2.0952909161027423e-06,0.9999999999978049,-4.35707943147449e-18,2.148249062733707e-24,0.0,0.0,0.0,-2.387678014405541e-06
2026-08-22T03:29:24.599025,65.41,-8.185899838518045e-15,1.947623392018822e-26,0.0,1.3912328133969254e-06,0.0,0.0,6.956164066984066e-07,0.9999999999997581,7.240634484493184e-21,1.9507369548118637e-24,0.0,0.0,0.0,-0.00034895915642012244
2026-08-22T03:29:24.623449,65.42,-8.185986610700008e-15,6.747828914619865e-32,0.0,-1.7488233083895466e-12,0.0,0.0,-8.744116541947733e-13,1.0,2.817655374906829e-26,1.9821048461842786e-24,0.0,0.0,0.0,-0.00030487659693917933
2026-08-22T03:29:24.650207,65.46,-8.185986610721695e-15,6.462273861157587e-32,0.0,-1.8758328224066645e-12,0.0,0.0,-9.379164112033322e-13,1.0,8.699950415801983e-24,1.8651408032717286e-24,0.0,0.0,0.0,4.038226823270574e-06
2026-08-22T03:29:24.667461,65.47,-8.185986577463802e-15,1.8680435362406573e-26,0.0,-5.133962583947493e-07,0.0,0.0,-2.5669812919737186e-07,0.999999999999967,6.642878669005757e-21,1.870936201718676e-24,0.0,0.0,0.0,0.00019633098944007115
2026-08-22T03:29:24.689167,65.48,-8.186116714939299e-15,7.455707444306533e-32,0.0,1.2083667400020204e-12,0.0,0.0,6.041833700010102e-13,1.0,-4.336800099536948e-18,1.7872111152121017e-24,0.0,0.0,0.0,6.494289236361685e-05
2026-08-22T03:29:24.713646,65.5,-8.18611671513445e-15,8.948724391845234e-32,0.0,2.1453949727856525e-12,0.0,0.0,1.0726974863928262e-12,1.0,-4.3368087712710294e-18,1.690141623806835e-24,0.0,0.0,0.0,0.00015823182299174788
2026-08-22T03:29:24.736712,65.53,-8.186160047902799e-15,1.5824836373906686e-26,0.0,3.107488600218034e-06,0.0,0.0,1.5537443001083917e-06,0.999999999998793,7.059290415765266e-21,1.5847722586518407e-24,0.0,0.0,0.0,-0.00017917713165199143
2026-08-22T03:29:24.765471,65.55,-8.186203416285244e-15,1.6339632757483414e-26,0.0,1.2371783686404567e-06,0.0,0.0,6.18589184320189e-07,0.9999999999998087,6.97849786903673e-21,1.6363368447560658e-24,0.0,0.0,0.0,1.0774807173435881e-05
2026-08-22T03:29:24.792436,65.57,-8.186160048720267e-15,1.5735419034746794e-26,0.0,1.2809045482065073e-06,0.0,0.0,6.404522741032098e-07,0.9999999999997949,6.891460853450646e-21,1.57578379788317e-24,0.0,0.0,0.0,0.00013585769933614596
2026-08-22T03:29:24.812340,65.59,-8.186290289502929e-15,1.6273825463769328e-26,0.0,5.143192414180929e-07,0.0,0.0,2.5715962070904366e-07,0.9999999999999669,-4.357251815085158e-18,1.6297213418379074e-24,0.0,0.0,0.0,-0.000280134388655535
2026-08-22T03:29:24.841150,65.61,-8.186290288449565e-15,1.6569708830245232e-26,0.0,-8.503611588217552e-07,0.0,0.0,-4.251805794108648e-07,0.9999999999999096,-4.3570021138758594e-18,1.6593342239633317e-24,0.0,0.0,0.0,0.00014524347238226515
