wall_time,ros_time_sec,x,y,z,yaw,qx,qy,qz,qw,lin_vel_x,lin_vel_y,lin_vel_z,ang_vel_x,ang_vel_y,ang_vel_z
2026-09-21T04:56:34.123455,0.030000000000000002,0.0,0.0,0.0,0.0,0.0,0.0,0.0,1.0,0.0,0.0,0.0,0.0,0.0,9.505454421479702e-05
2026-09-21T04:56:38.774053,0.05,0.0,0.0,0.0,1.7810290753317306e-07,0.0,0.0,8.90514537665864e-08,0.999999999999996,0.0,0.0,0.0,0.0,0.0,0.00011016510985530234
2026-09-21T04:56:38.792177,0.07,0.0,0.0,0.0,-2.646583327159391e-06,0.0,0.0,-1.3232916635793092e-06,0.9999999999991245,0.0,0.0,0.0,0.0,0.0,2.15574428100168e-05
2026-09-21T04:56:38.822041,0.09000000000000001,0.0,0.0,0.0,-3.78286487690005e-06,0.0,0.0,-1.891432438448897e-06,0.9999999999982112,0.0,0.0,0.0,0.0,0.0,-0.00021554369274827832
2026-09-21T04:56:38.844247,0.11,0.0,0.0,0.0,1.4563262142885947e-06,0.0,0.0,7.28163107144233e-07,0.9999999999997349,0.0,0.0,0.0,0.0,0.0,-0.0003188677618068981
2026-09-21T04:56:38.879144,0.13,0.0,0.0,0.0,2.4485758509662503e-06,0.0,0.0,1.2242879254828194e-06,0.9999999999992506,0.0,0.0,0.0,0.0,0.0,0.0002192896177701676
2026-09-21T04:56:38.911192,0.15000000000000002,0.0,0.0,0.0,4.756307741438094e-06,0.0,0.0,2.3781538707168047e-06,0.9999999999971722,0.0,0.0,0.0,0.0,0.0,0.00017857467402607462
2026-09-21T04:56:38.955494,0.17,0.0,0.0,0.0,-1.1596711235739576e-07,0.0,0.0,-5.798355617869785e-08,0.9999999999999983,0.0,0.0,0.0,0.0,0.0,0.00012253396099771654
2026-09-21T04:56:38.974564,0.19,0.0,0.0,0.0,-4.6932124764254013e-07,0.0,0.0,-2.3466062382126792e-07,0.9999999999999725,0.0,0.0,0.0,0.0,0.0,5.3367628137743594e-05
2026-09-21T04:56:39.006396,0.21000000000000002,0.0,0.0,0.0,8.761029488546512e-07,0.0,0.0,4.380514744273116e-07,0.9999999999999041,0.0,0.0,0.0,0.0,0.0,-5.046566755426355e-06
2026-09-21T04:56:39.053649,0.23,0.0,0.0,0.0,-1.8337810843149782e-06,0.0,0.0,-9.168905421573607e-07,0.9999999999995797,0.0,0.0,0.0,0.0,0.0,1.2584930850530391e-05
2026-09-21T04:56:39.124760,0.25,0.0,0.0,0.0,-5.1835539416344993e-08,0.0,0.0,-2.5917769708172497e-08,0.9999999999999997,0.0,0.0,0.0,0.0,0.0,-0.000218097537350017
2026-09-21T04:56:39.152768,0.27,0.0,0.0,0.0,6.292364238547066e-07,0.0,0.0,3.146182119273481e-07,0.9999999999999505,0.0,0.0,0.0,0.0,0.0,-3.295961064069081e-05
2026-09-21T04:56:39.180638,0.29000000000000004,0.0,0.0,0.0,-8.454085409503876e-07,0.0,0.0,-4.2270427047518117e-07,0.9999999999999106,0.0,0.0,0.0,0.0,0.0,0.0003312292087162815
2026-09-21T04:56:39.216188,0.31,0.0,0.0,0.0,8.727188247625862e-07,0.0,0.0,4.363594123812792e-07,0.9999999999999047,0.0,0.0,0.0,0.0,0.0,-5.9748111249339505e-06
2026-09-21T04:56:39.250796,0.33,0.0,0.0,0.0,2.4931858182419835e-06,0.0,0.0,1.2465929091206686e-06,0.999999999999223,0.0,0.0,0.0,0.0,0.0,-0.00018252354862584297
2026-09-21T04:56:39.271264,0.35000000000000003,0.0,0.0,0.0,2.9366196461211302e-06,0.0,0.0,1.4683098230600374e-06,0.9999999999989221,0.0,0.0,0.0,0.0,0.0,-0.00011603719319106779
2026-09-21T04:56:39.298118,0.37,0.0,0.0,0.0,-4.0052871153051234e-07,0.0,0.0,-2.002643557652548e-07,0.9999999999999799,0.0,0.0,0.0,0.0,0.0,-7.675859752425524e-05
2026-09-21T04:56:39.324401,0.39,0.0,0.0,0.0,5.221664860499686e-07,0.0,0.0,2.6108324302498135e-07,0.9999999999999659,0.0,0.0,0.0,0.0,0.0,-0.00026438109533997057
2026-09-21T04:56:39.355416,0.41000000000000003,0.0,0.0,0.0,1.6409123464455892e-06,0.0,0.0,8.204561732227024e-07,0.9999999999996634,0.0,0.0,0.0,0.0,0.0,-0.00012332394169068962
2026-09-21T04:56:39.382313,0.42000000000000004,0.0,0.0,0.0,3.4017233474514796e-13,0.0,0.0,1.7008616737257398e-13,1.0,0.0,0.0,0.0,0.0,0.0,9.812391060264763e-05
2026-09-21T04:56:39.406092,0.45,0.0,0.0,0.0,-5.56173584076447e-07,0.0,0.0,-2.780867920382199e-07,0.9999999999999614,0.0,0.0,0.0,0.0,0.0,-0.0003459954088949682
2026-09-21T04:56:39.432029,0.47000000000000003,0.0,0.0,0.0,5.461770317793936e-06,0.0,0.0,2.730885158893573e-06,0.9999999999962711,0.0,0.0,0.0,0.0,0.0,0.00012692077369049805
2026-09-21T04:56:39.458589,0.49000000000000005,0.0,0.0,0.0,1.353187287556068e-06,0.0,0.0,6.765936437779823e-07,0.9999999999997711,0.0,0.0,0.0,0.0,0.0,-7.862378473753954e-05
2026-09-21T04:56:39.491382,0.51,0.0,0.0,0.0,-3.750422532977638e-06,0.0,0.0,-1.8752112664877197e-06,0.9999999999982417,0.0,0.0,0.0,0.0,0.0,1.964200546813121e-06
2026-09-21T04:56:39.521850,0.53,0.0,0.0,0.0,-3.795432529152265e-06,0.0,0.0,-1.8977162645749935e-06,0.9999999999981993,0.0,0.0,0.0,0.0,0.0,-4.2064583826320265e-05
2026-09-21T04:56:39.552154,0.55,0.0,0.0,0.0,-8.603985537369851e-07,0.0,0.0,-4.301992768684793e-07,0.9999999999999075,0.0,0.0,0.0,0.0,0.0,-4.144380732213605e-05
2026-09-21T04:56:39.607882,0.5700000000000001,0.0,0.0,0.0,1.9937169413175577e-06,0.0,0.0,9.96858470658614e-07,0.9999999999995032,0.0,0.0,0.0,0.0,0.0,-0.0003639492837511449
2026-09-21T04:56:39.634575,0.5900000000000001,0.0,0.0,0.0,-2.852022663812903e-06,0.0,0.0,-1.4260113319059683e-06,0.9999999999989833,0.0,0.0,0.0,0.0,0.0,-6.484556924512923e-05
2026-09-21T04:56:39.664275,0.61,0.0,0.0,0.0,-1.0562337324770963e-06,0.0,0.0,-5.281168662385237e-07,0.9999999999998606,0.0,0.0,0.0,0.0,0.0,-0.0001808804829224963
2026-09-21T04:56:39.700382,0.63,0.0,0.0,0.0,-1.3040703370492683e-06,0.0,0.0,-6.520351685245878e-07,0.9999999999997874,0.0,0.0,0.0,0.0,0.0,-0.0003509735373146685
2026-09-21T04:56:39.722829,0.65,0.0,0.0,0.0,1.6307038346319302e-06,0.0,0.0,8.153519173158748e-07,0.9999999999996676,0.0,0.0,0.0,0.0,0.0,-1.8756045188914603e-05
2026-09-21T04:56:39.749377,0.67,0.0,0.0,0.0,3.0426198129873683e-06,0.0,0.0,1.5213099064930974e-06,0.9999999999988428,0.0,0.0,0.0,0.0,0.0,-0.00010518588452192412
2026-09-21T04:56:39.773473,0.6900000000000001,0.0,0.0,0.0,7.39243555258895e-07,0.0,0.0,3.6962177762943906e-07,0.9999999999999317,0.0,0.0,0.0,0.0,0.0,-0.00022212604288154104
2026-09-21T04:56:39.799353,0.7100000000000001,0.0,0.0,0.0,1.3492321087049677e-06,0.0,0.0,6.746160543524326e-07,0.9999999999997724,0.0,0.0,0.0,0.0,0.0,0.00010005250881107706
2026-09-21T04:56:39.827449,0.7300000000000001,0.0,0.0,0.0,-4.209284729661533e-07,0.0,0.0,-2.104642364830751e-07,0.9999999999999779,0.0,0.0,0.0,0.0,0.0,0.00019184966999303041
2026-09-21T04:56:39.852098,0.75,0.0,0.0,0.0,7.534922201735128e-07,0.0,0.0,3.767461100867475e-07,0.9999999999999291,0.0,0.0,0.0,0.0,0.0,3.988840210314025e-05
2026-09-21T04:56:39.881635,0.77,0.0,0.0,0.0,7.64890360382964e-07,0.0,0.0,3.8244518019147256e-07,0.9999999999999268,0.0,0.0,0.0,0.0,0.0,-9.347704184822471e-05
2026-09-21T04:56:39.906134,0.79,0.0,0.0,0.0,7.739810081730526e-07,0.0,0.0,3.869905040865166e-07,0.9999999999999252,0.0,0.0,0.0,0.0,0.0,3.401646350713692e-05
2026-09-21T04:56:39.933558,0.81,0.0,0.0,0.0,-1.4333806097610593e-06,0.0,0.0,-7.166903048804682e-07,0.9999999999997432,0.0,0.0,0.0,0.0,0.0,-3.4584719811756796e-06
2026-09-21T04:56:39.964231,0.8200000000000001,0.0,0.0,0.0,-1.2239098623467726e-12,0.0,0.0,-6.119549311733863e-13,1.0,0.0,0.0,0.0,0.0,0.0,-0.00013940550423866026
2026-09-21T04:56:39.989628,0.8500000000000001,0.0,0.0,0.0,1.1822807834960258e-06,0.0,0.0,5.911403917479785e-07,0.9999999999998253,0.0,0.0,0.0,0.0,0.0,-2.6957413476011547e-05
2026-09-21T04:56:40.022679,0.8700000000000001,0.0,0.0,0.0,7.439270430786848e-07,0.0,0.0,3.7196352153933385e-07,0.9999999999999308,0.0,0.0,0.0,0.0,0.0,-6.285500780538035e-05
2026-09-21T04:56:40.049221,0.89,0.0,0.0,0.0,3.4454555866147993e-06,0.0,0.0,1.7227277933065471e-06,0.9999999999985161,0.0,0.0,0.0,0.0,0.0,0.00040024958741000604
2026-09-21T04:56:40.082768,0.91,0.0,0.0,0.0,9.559917026891185e-07,0.0,0.0,4.77995851344541e-07,0.9999999999998858,0.0,0.0,0.0,0.0,0.0,-9.256054370148444e-05
2026-09-21T04:56:40.110135,0.93,0.0,0.0,0.0,1.1898513441188643e-06,0.0,0.0,5.94925672059397e-07,0.999999999999823,0.0,0.0,0.0,0.0,0.0,0.0004106629760976762
2026-09-21T04:56:40.135585,0.9500000000000001,0.0,0.0,0.0,4.016600464673558e-06,0.0,0.0,2.008300232335429e-06,0.9999999999979834,0.0,0.0,0.0,0.0,0.0,0.00042281734599092474
2026-09-21T04:56:40.163073,0.9700000000000001,0.0,0.0,0.0,-2.5943688526375297e-06,0.0,0.0,-1.297184426318401e-06,0.9999999999991587,0.0,0.0,0.0,0.0,0.0,-0.00016243792066312243
2026-09-21T04:56:40.188787,0.9900000000000001,0.0,0.0,0.0,1.4576346210048998e-06,0.0,0.0,7.288173105023853e-07,0.9999999999997344,0.0,0.0,0.0,0.0,0.0,-0.0002366422608996819
2026-09-21T04:56:40.214931,1.01,0.0,0.0,0.0,4.598407850053831e-07,0.0,0.0,2.2992039250268955e-07,0.9999999999999736,0.0,0.0,0.0,0.0,0.0,0.00029190365901570197
2026-09-21T04:56:40.240803,1.03,0.0,0.0,0.0,2.1002750303367183e-06,0.0,0.0,1.050137515168166e-06,0.9999999999994486,0.0,0.0,0.0,0.0,0.0,1.921247525401971e-05
2026-09-21T04:56:40.266077,1.05,0.0,0.0,0.0,5.44559257242838e-07,0.0,0.0,2.722796286214157e-07,0.9999999999999629,0.0,0.0,0.0,0.0,0.0,-0.00011594486646662356
2026-09-21T04:56:40.293135,1.07,0.0,0.0,0.0,-2.520771052783033e-06,0.0,0.0,-1.2603855263911827e-06,0.9999999999992057,0.0,0.0,0.0,0.0,0.0,-5.6770079646615e-05
2026-09-21T04:56:40.318389,1.08,0.0,0.0,0.0,-2.574385149500813e-12,0.0,0.0,-1.2871925747504065e-12,1.0,0.0,0.0,0.0,0.0,0.0,-0.00020640927767724346
2026-09-21T04:56:40.344590,1.11,0.0,0.0,0.0,-6.955005114051006e-07,0.0,0.0,-3.4775025570254326e-07,0.9999999999999395,0.0,0.0,0.0,0.0,0.0,-4.7667073792208085e-05
2026-09-21T04:56:40.371458,1.13,0.0,0.0,0.0,2.616737462268759e-06,0.0,0.0,1.3083687311340061e-06,0.9999999999991441,0.0,0.0,0.0,0.0,0.0,-5.217956325246606e-05
2026-09-21T04:56:40.401504,1.15,0.0,0.0,0.0,2.185490799000434e-06,0.0,0.0,1.0927453994999993e-06,0.9999999999994029,0.0,0.0,0.0,0.0,0.0,0.00014413239064672026
2026-09-21T04:56:40.427575,1.17,0.0,0.0,0.0,9.177808379945419e-08,0.0,0.0,4.5889041899727077e-08,0.999999999999999,0.0,0.0,0.0,0.0,0.0,-0.00040051273709754815
2026-09-21T04:56:40.456327,1.19,0.0,0.0,0.0,5.092245847215793e-07,0.0,0.0,2.546122923607869e-07,0.9999999999999676,0.0,0.0,0.0,0.0,0.0,-0.0001068865648813549
2026-09-21T04:56:40.481581,1.21,0.0,0.0,0.0,-1.2204196262466382e-06,0.0,0.0,-6.102098131232812e-07,0.9999999999998138,0.0,0.0,0.0,0.0,0.0,-0.00014132360035858525
2026-09-21T04:56:40.507056,1.23,0.0,0.0,0.0,-4.252481861310997e-06,0.0,0.0,-2.1262409306538964e-06,0.9999999999977396,0.0,0.0,0.0,0.0,0.0,-1.141382835204613e-05
2026-09-21T04:56:40.533218,1.25,0.0,0.0,0.0,-9.224940611396448e-07,0.0,0.0,-4.6124703056980606e-07,0.9999999999998936,0.0,0.0,0.0,0.0,0.0,0.00035260634482961743
2026-09-21T04:56:40.565096,1.27,0.0,0.0,0.0,3.1128378239486673e-06,0.0,0.0,1.556418911973705e-06,0.9999999999987887,0.0,0.0,0.0,0.0,0.0,0.00020324948095700802
2026-09-21T04:56:40.585173,1.29,0.0,0.0,0.0,9.83615792371495e-07,0.0,0.0,4.918078961857277e-07,0.9999999999998791,0.0,0.0,0.0,0.0,0.0,-9.707369934464403e-07
2026-09-21T04:56:40.612025,1.31,0.0,0.0,0.0,-2.5663916503049226e-06,0.0,0.0,-1.283195825152109e-06,0.9999999999991767,0.0,0.0,0.0,0.0,0.0,0.0003068018835344005
2026-09-21T04:56:40.640501,1.32,0.0,0.0,0.0,4.1744385725905886e-13,0.0,0.0,2.0872192862952943e-13,1.0,0.0,0.0,0.0,0.0,0.0,1.5746611090525697e-05
2026-09-21T04:56:40.664449,1.34,0.0,0.0,0.0,1.2048140263232199e-12,0.0,0.0,6.024070131616099e-13,1.0,0.0,0.0,0.0,0.0,0.0,-0.000265740687622945
2026-09-21T04:56:40.693038,1.37,0.0,0.0,0.0,-1.4396066361221929e-06,0.0,0.0,-7.198033180610342e-07,0.999999999999741,0.0,0.0,0.0,0.0,0.0,0.00011420520679552573
2026-09-21T04:56:40.718380,1.3900000000000001,0.0,0.0,0.0,2.0938789475621893e-06,0.0,0.0,1.0469394737809032e-06,0.999999999999452,0.0,0.0,0.0,0.0,0.0,0.0003197298531593701
2026-09-21T04:56:40.741895,1.4100000000000001,0.0,0.0,0.0,2.0427992373228676e-06,0.0,0.0,1.0213996186612561e-06,0.9999999999994784,0.0,0.0,0.0,0.0,0.0,-0.00019869220359654575
2026-09-21T04:56:40.769398,1.4300000000000002,0.0,0.0,0.0,-3.040644576124407e-07,0.0,0.0,-1.5203222880621978e-07,0.9999999999999885,0.0,0.0,0.0,0.0,0.0,6.880475982655839e-07
2026-09-21T04:56:40.793956,1.45,0.0,0.0,0.0,1.779165243576131e-06,0.0,0.0,8.89582621787948e-07,0.9999999999996043,0.0,0.0,0.0,0.0,0.0,6.863046074197491e-05
2026-09-21T04:56:40.820405,1.47,0.0,0.0,0.0,-9.790136292764373e-07,0.0,0.0,-4.895068146381991e-07,0.9999999999998802,0.0,0.0,0.0,0.0,0.0,9.113763922654144e-05
2026-09-21T04:56:40.847142,1.48,0.0,0.0,0.0,-5.639932965095795e-14,0.0,0.0,-2.8199664825478976e-14,1.0,0.0,0.0,0.0,0.0,0.0,3.979421245228743e-05
2026-09-21T04:56:40.873460,1.51,0.0,0.0,0.0,-1.7262632656667167e-06,0.0,0.0,-8.631316328332511e-07,0.9999999999996275,0.0,0.0,0.0,0.0,0.0,-0.00013032848532837447
2026-09-21T04:56:40.900973,1.53,0.0,0.0,0.0,8.642735096486831e-07,0.0,0.0,4.321367548243281e-07,0.9999999999999066,0.0,0.0,0.0,0.0,0.0,6.231298778844714e-05
2026-09-21T04:56:40.926738,1.55,0.0,0.0,0.0,-7.215479977951135e-07,0.0,0.0,-3.6077399889754885e-07,0.9999999999999349,0.0,0.0,0.0,0.0,0.0,0.0001465175043219191
2026-09-21T04:56:40.954853,1.57,0.0,0.0,0.0,-6.388824513869906e-07,0.0,0.0,-3.1944122569348986e-07,0.9999999999999489,0.0,0.0,0.0,0.0,0.0,0.00028783199568058817
2026-09-21T04:56:40.981323,1.58,0.0,0.0,0.0,1.865174681370263e-12,0.0,0.0,9.325873406851315e-13,1.0,0.0,0.0,0.0,0.0,0.0,-0.0002108962594058429
2026-09-21T04:56:41.007213,1.6099999999999999,0.0,0.0,0.0,-1.9566954603256197e-06,0.0,0.0,-9.783477301626536e-07,0.9999999999995214,0.0,0.0,0.0,0.0,0.0,-0.0002425302981620547
2026-09-21T04:56:41.032094,1.63,0.0,0.0,0.0,-5.519237822326772e-07,0.0,0.0,-2.759618911163351e-07,0.9999999999999619,0.0,0.0,0.0,0.0,0.0,-9.482845105745395e-05
2026-09-21T04:56:41.058725,1.65,0.0,0.0,0.0,1.924739707614975e-06,0.0,0.0,9.62369853807339e-07,0.9999999999995369,0.0,0.0,0.0,0.0,0.0,-5.257091841263841e-05
2026-09-21T04:56:41.086839,1.67,0.0,0.0,0.0,1.2100409296778025e-07,0.0,0.0,6.050204648389009e-08,0.9999999999999982,0.0,0.0,0.0,0.0,0.0,0.00018196268636910676
2026-09-21T04:56:41.113164,1.69,0.0,0.0,0.0,5.186456633055059e-06,0.0,0.0,2.593228316524623e-06,0.9999999999966376,0.0,0.0,0.0,0.0,0.0,-4.317299378197681e-05
2026-09-21T04:56:41.139226,1.71,0.0,0.0,0.0,-3.5194445620057024e-06,0.0,0.0,-1.759722281001943e-06,0.9999999999984517,0.0,0.0,0.0,0.0,0.0,0.00013589464770477828
2026-09-21T04:56:41.168127,1.73,0.0,0.0,0.0,-2.9609035854250014e-06,0.0,0.0,-1.4804517927119597e-06,0.9999999999989041,0.0,0.0,0.0,0.0,0.0,0.00016668718450900757
2026-09-21T04:56:41.193530,1.75,0.0,0.0,0.0,-1.2384400349674252e-06,0.0,0.0,-6.19220017483673e-07,0.9999999999998083,0.0,0.0,0.0,0.0,0.0,-4.1739482729965337e-05
2026-09-21T04:56:41.218431,1.77,0.0,0.0,0.0,1.3460143337695738e-06,0.0,0.0,6.730071668847362e-07,0.9999999999997735,0.0,0.0,0.0,0.0,0.0,0.00023739368108279245
2026-09-21T04:56:41.244139,1.79,0.0,0.0,0.0,-1.7333144426423534e-06,0.0,0.0,-8.66657221321068e-07,0.9999999999996244,0.0,0.0,0.0,0.0,0.0,-5.979136849248735e-05
2026-09-21T04:56:41.269860,1.81,0.0,0.0,0.0,1.3648025176671297e-06,0.0,0.0,6.824012588335119e-07,0.9999999999997672,0.0,0.0,0.0,0.0,0.0,4.782822627863937e-05
2026-09-21T04:56:41.299748,1.83,0.0,0.0,0.0,1.8936010803827227e-07,0.0,0.0,9.4680054019136e-08,0.9999999999999956,0.0,0.0,0.0,0.0,0.0,7.216267478055048e-05
2026-09-21T04:56:41.323831,1.85,0.0,0.0,0.0,3.809252913100636e-07,0.0,0.0,1.9046264565503063e-07,0.9999999999999819,0.0,0.0,0.0,0.0,0.0,3.740059733670106e-06
2026-09-21T04:56:41.355874,1.86,0.0,0.0,0.0,3.490541189421492e-13,0.0,0.0,1.745270594710746e-13,1.0,0.0,0.0,0.0,0.0,0.0,0.0003292846513601639
2026-09-21T04:56:41.381475,1.8900000000000001,0.0,0.0,0.0,-8.780828353316394e-07,0.0,0.0,-4.3904141766580564e-07,0.9999999999999036,0.0,0.0,0.0,0.0,0.0,-0.00010980992807755993
2026-09-21T04:56:41.406643,1.9100000000000001,0.0,0.0,0.0,-2.7879578117229187e-06,0.0,0.0,-1.3939789058610079e-06,0.9999999999990284,0.0,0.0,0.0,0.0,0.0,9.866785199661137e-05
2026-09-21T04:56:41.434431,1.9300000000000002,0.0,0.0,0.0,1.2200816668084258e-06,0.0,0.0,6.100408334041751e-07,0.9999999999998139,0.0,0.0,0.0,0.0,0.0,3.953928333405232e-05
2026-09-21T04:56:41.459215,1.9500000000000002,0.0,0.0,0.0,6.500533800135598e-08,0.0,0.0,3.250266900067799e-08,0.9999999999999994,0.0,0.0,0.0,0.0,0.0,-0.00020921833853914892
2026-09-21T04:56:41.486770,1.96,0.0,0.0,0.0,-1.688427175849938e-12,0.0,0.0,-8.44213587924969e-13,1.0,0.0,0.0,0.0,0.0,0.0,0.00023372565123434366
2026-09-21T04:56:41.510416,1.9900000000000002,0.0,0.0,0.0,-2.746608530834749e-06,0.0,0.0,-1.3733042654169428e-06,0.999999999999057,0.0,0.0,0.0,0.0,0.0,0.00011965453476721105
2026-09-21T04:56:41.535594,2.01,0.0,0.0,0.0,3.89270181866408e-07,0.0,0.0,1.9463509093320275e-07,0.999999999999981,0.0,0.0,0.0,0.0,0.0,0.00016089322747117265
2026-09-21T04:56:41.563913,2.03,0.0,0.0,0.0,5.003170803874468e-06,0.0,0.0,2.501585401934625e-06,0.9999999999968711,0.0,0.0,0.0,0.0,0.0,0.00012881126905784897
2026-09-21T04:56:41.586101,2.05,0.0,0.0,0.0,-9.13959938841913e-07,0.0,0.0,-4.5697996942094054e-07,0.9999999999998956,0.0,0.0,0.0,0.0,0.0,0.0003687394514630477
2026-09-21T04:56:41.614248,2.07,0.0,0.0,0.0,-3.478998018557889e-07,0.0,0.0,-1.7394990092789355e-07,0.9999999999999849,0.0,0.0,0.0,0.0,0.0,-7.854545391775842e-05
2026-09-21T04:56:41.637129,2.09,0.0,0.0,0.0,3.9242288663032815e-07,0.0,0.0,1.9621144331516278e-07,0.9999999999999808,0.0,0.0,0.0,0.0,0.0,-6.826616748997482e-05
2026-09-21T04:56:41.662425,2.11,0.0,0.0,0.0,1.199288557351963e-07,0.0,0.0,5.996442786759811e-08,0.9999999999999982,0.0,0.0,0.0,0.0,0.0,0.00023302810486427954
2026-09-21T04:56:41.692782,2.13,0.0,0.0,0.0,1.2415862715720039e-06,0.0,0.0,6.20793135785962e-07,0.9999999999998073,0.0,0.0,0.0,0.0,0.0,-0.0001959886292173549
2026-09-21T04:56:41.717405,2.15,0.0,0.0,0.0,3.854763907629177e-06,0.0,0.0,1.927381953813395e-06,0.9999999999981426,0.0,0.0,0.0,0.0,0.0,-0.00038870345415928777
2026-09-21T04:56:41.750513,2.17,0.0,0.0,0.0,4.754791644856483e-06,0.0,0.0,2.3773958224260014e-06,0.999999999997174,0.0,0.0,0.0,0.0,0.0,-4.246448602801507e-05
2026-09-21T04:56:41.772866,2.19,0.0,0.0,0.0,2.3934891699717298e-06,0.0,0.0,1.1967445849855792e-06,0.9999999999992839,0.0,0.0,0.0,0.0,0.0,8.273854422914532e-05
2026-09-21T04:56:41.799677,2.21,0.0,0.0,0.0,1.1041762211227992e-06,0.0,0.0,5.520881105613714e-07,0.9999999999998476,0.0,0.0,0.0,0.0,0.0,0.00014891845945802173
2026-09-21T04:56:41.825892,2.23,0.0,0.0,0.0,-5.134096032755053e-07,0.0,0.0,-2.5670480163774986e-07,0.999999999999967,0.0,0.0,0.0,0.0,0.0,-0.00010863715104520431
2026-09-21T04:56:41.851789,2.25,0.0,0.0,0.0,-1.0636159841759254e-06,0.0,0.0,-5.318079920879375e-07,0.9999999999998586,0.0,0.0,0.0,0.0,0.0,0.00018411401780030141
2026-09-21T04:56:41.882172,2.27,0.0,0.0,0.0,-5.527602138233334e-06,0.0,0.0,-2.7638010691131484e-06,0.9999999999961807,0.0,0.0,0.0,0.0,0.0,-0.00031393461324345144
2026-09-21T04:56:41.911749,2.29,0.0,0.0,0.0,3.147048690976817e-06,0.0,0.0,1.5735243454877592e-06,0.999999999998762,0.0,0.0,0.0,0.0,0.0,-0.000255138521848938
2026-09-21T04:56:41.950049,2.31,0.0,0.0,0.0,4.1744688514810954e-06,0.0,0.0,2.087234425739032e-06,0.9999999999978217,0.0,0.0,0.0,0.0,0.0,-0.00013299635509017463
2026-09-21T04:56:41.991139,2.33,0.0,0.0,0.0,1.1370971346735814e-06,0.0,0.0,5.685485673367601e-07,0.9999999999998384,0.0,0.0,0.0,0.0,0.0,1.9791662468095897e-05
2026-09-21T04:56:42.035857,2.35,0.0,0.0,0.0,7.379943340879437e-07,0.0,0.0,3.689971670439634e-07,0.9999999999999319,0.0,0.0,0.0,0.0,0.0,-7.63804370408801e-05
2026-09-21T04:56:42.065264,2.37,0.0,0.0,0.0,-4.575383560911918e-07,0.0,0.0,-2.2876917804559384e-07,0.9999999999999738,0.0,0.0,0.0,0.0,0.0,0.00020022951670201728
2026-09-21T04:56:42.090003,2.39,0.0,0.0,0.0,9.356954153716402e-07,0.0,0.0,4.67847707685803e-07,0.9999999999998905,0.0,0.0,0.0,0.0,0.0,-7.761702924304753e-05
2026-09-21T04:56:42.115648,2.41,0.0,0.0,0.0,-3.6309705109260904e-07,0.0,0.0,-1.815485255463035e-07,0.9999999999999836,0.0,0.0,0.0,0.0,0.0,2.0225714606420408e-05
2026-09-21T04:56:42.156153,2.43,0.0,0.0,0.0,-8.987149104910941e-07,0.0,0.0,-4.493574552455319e-07,0.9999999999998991,0.0,0.0,0.0,0.0,0.0,-0.00018151080287040765
2026-09-21T04:56:42.190529,2.45,0.0,0.0,0.0,-3.420727550995651e-06,0.0,0.0,-1.7103637754969912e-06,0.9999999999985373,0.0,0.0,0.0,0.0,0.0,0.0002607629025106614
2026-09-21T04:56:42.224328,2.47,0.0,0.0,0.0,2.2564635542288167e-06,0.0,0.0,1.1282317771141686e-06,0.9999999999993635,0.0,0.0,0.0,0.0,0.0,0.00028136699873624064
2026-09-21T04:56:42.262488,2.49,0.0,0.0,0.0,-1.992054693200629e-06,0.0,0.0,-9.960273466001497e-07,0.999999999999504,0.0,0.0,0.0,0.0,0.0,-4.545975575540948e-05
2026-09-21T04:56:42.283803,2.51,0.0,0.0,0.0,1.4046497165409733e-06,0.0,0.0,7.023248582704289e-07,0.9999999999997534,0.0,0.0,0.0,0.0,0.0,0.0002744888987215523
2026-09-21T04:56:42.321724,2.5300000000000002,0.0,0.0,0.0,-1.0985092813164956e-06,0.0,0.0,-5.492546406582201e-07,0.9999999999998491,0.0,0.0,0.0,0.0,0.0,-0.0004591934427761896
2026-09-21T04:56:42.354327,2.55,0.0,0.0,0.0,2.4760944175028494e-06,0.0,0.0,1.2380472087511086e-06,0.9999999999992336,0.0,0.0,0.0,0.0,0.0,0.0002000609705792191
2026-09-21T04:56:42.391405,2.5700000000000003,0.0,0.0,0.0,7.613529224848039e-07,0.0,0.0,3.8067646124239263e-07,0.9999999999999275,0.0,0.0,0.0,0.0,0.0,0.0002616063943941714
2026-09-21T04:56:42.428641,2.59,5.792571184818355e-19,-1.7861248940707995e-27,0.0,-1.2629040169187533e-07,0.0,0.0,-6.314520084593763e-08,0.999999999999998,1.959638921261081e-17,-1.7896960916024977e-25,0.0,0.0,0.0,0.0002603654861824239
2026-09-21T04:56:42.457751,2.61,8.977306474396564e-19,8.137633717335762e-28,0.0,-1.7262493789971245e-06,0.0,0.0,-8.631246894984551e-07,0.9999999999996275,1.8247325895335605e-17,8.150228478816059e-26,0.0,0.0,0.0,-0.00039925455955050536
2026-09-21T04:56:42.489398,2.63,1.1604993595456564e-18,-1.9181315190931357e-27,0.0,-6.460777188799228e-07,0.0,0.0,-3.2303885943995575e-07,0.9999999999999478,1.3844876309303789e-17,-1.9208874853285174e-25,0.0,0.0,0.0,4.368189666155358e-05
2026-09-21T04:56:42.518121,2.65,1.662162089434824e-18,-5.995832198716291e-28,0.0,2.2034457853870038e-06,0.0,0.0,1.101722892693279e-06,0.9999999999993932,2.3910865632864017e-17,-6.003894920618783e-26,0.0,0.0,0.0,-8.989165769953495e-05
2026-09-21T04:56:42.547545,2.67,1.9728627287659797e-18,-2.6130813908242755e-27,0.0,1.0968620456353052e-07,0.0,0.0,5.484310228176523e-08,0.9999999999999984,2.039062898620442e-17,-2.6179310827549236e-25,0.0,0.0,0.0,0.00045587424594802713
2026-09-21T04:56:42.572161,2.69,2.2863583545013393e-18,1.9780754514870577e-27,0.0,2.2316248688980527e-06,0.0,0.0,1.1158124344487947e-06,0.9999999999993775,1.9172660233344428e-17,1.9811852291592227e-25,0.0,0.0,0.0,-0.00010039439501973764
2026-09-21T04:56:42.598941,2.71,2.651788214573797e-18,-1.0086810482987112e-27,0.0,2.143533145204657e-06,0.0,0.0,1.0717665726021232e-06,0.9999999999994257,1.7740077176706772e-17,-1.0107809469739246e-25,0.0,0.0,0.0,0.00027307859000520686
2026-09-21T04:56:42.627609,2.73,3.0879212564758493e-18,-1.1465952695248263e-27,0.0,-2.13532278969808e-06,0.0,0.0,-1.067661394848837e-06,0.99999999999943,2.126968072663289e-17,-1.1492889329427894e-25,0.0,0.0,0.0,0.00040197615766857537
2026-09-21T04:56:42.657825,2.75,3.3316853249286377e-18,3.7698288097735605e-27,0.0,-1.5439313338916347e-06,0.0,0.0,-7.719656669457408e-07,0.999999999999702,1.5864858454014366e-17,3.776611449809902e-25,0.0,0.0,0.0,-0.00022823459638853847
2026-09-21T04:56:42.688359,2.77,3.6634122740608515e-18,3.32719708378788e-27,0.0,1.1436042428591975e-06,0.0,0.0,5.718021214295676e-07,0.9999999999998366,1.3549793652472539e-17,3.333196433998001e-25,0.0,0.0,0.0,-0.00042665248869103373
2026-09-21T04:56:42.717518,2.79,4.162354897553865e-18,-1.5569925710134985e-27,0.0,-7.035515725561936e-08,0.0,0.0,-3.5177578627809674e-08,0.9999999999999993,1.9680225295820855e-17,-1.5595377992300045e-25,0.0,0.0,0.0,-4.102881534373063e-05
2026-09-21T04:56:42.747608,2.81,4.582838222547178e-18,-1.865451901107039e-27,0.0,-1.777592103291426e-06,0.0,0.0,-8.887960516455957e-07,0.999999999999605,1.9273461830880244e-17,-1.8685676117568364e-25,0.0,0.0,0.0,-0.0003959199687448032
2026-09-21T04:56:42.775806,2.83,4.9204347864275605e-18,-4.407612893205529e-27,0.0,7.891847055851998e-07,0.0,0.0,3.9459235279258964e-07,0.9999999999999222,1.8997936496008886e-17,-4.414378390195002e-25,0.0,0.0,0.0,-0.00015666140278344383
2026-09-21T04:56:42.801609,2.85,5.225841574270781e-18,-6.3672332990795896e-27,0.0,-1.3839958290517987e-07,0.0,0.0,-6.919979145258987e-08,0.9999999999999976,1.690926747101325e-17,-6.378081928072705e-25,0.0,0.0,0.0,-2.9291077080658836e-05
2026-09-21T04:56:42.831168,2.87,5.610661594460481e-18,-6.383495089525063e-27,0.0,-5.619140708290615e-09,0.0,0.0,-2.8095703541453076e-09,1.0,1.7516660917122453e-17,-6.394141503727344e-25,0.0,0.0,0.0,-0.0002294469053274366
2026-09-21T04:56:42.856029,2.89,6.113594142351382e-18,-8.347877676960318e-27,0.0,1.6426578048900353e-06,0.0,0.0,8.213289024449253e-07,0.9999999999996627,2.2215669685351008e-17,-8.36163552815121e-25,0.0,0.0,0.0,5.856622049334211e-05
2026-09-21T04:56:42.883750,2.91,6.470459650474852e-18,-8.787954800726295e-27,0.0,1.1407890765369191e-07,0.0,0.0,5.703945382684591e-08,0.9999999999999983,1.9923969131525757e-17,-8.8030601537156e-25,0.0,0.0,0.0,-0.00017791234578092488
2026-09-21T04:56:42.914232,2.93,6.821145093783175e-18,-1.0590911136519064e-26,0.0,6.02179479169962e-07,0.0,0.0,3.010897395849764e-07,0.9999999999999547,1.7155246410343782e-17,-1.060849445315376e-24,0.0,0.0,0.0,0.00018051197070015178
2026-09-21T04:56:42.942256,2.95,7.227211138355837e-18,-9.548970141294904e-27,0.0,2.4320758957863124e-06,0.0,0.0,1.2160379478928564e-06,0.9999999999992606,1.8406869059537488e-17,-9.564958512205338e-25,0.0,0.0,0.0,-0.0003795466433361863
2026-09-21T04:56:42.975250,2.97,7.61617742645139e-18,-1.5581775182919505e-26,0.0,-1.3024602263378426e-06,0.0,0.0,-6.512301131688753e-07,0.999999999999788,1.887109316866245e-17,-1.560815170703816e-24,0.0,0.0,0.0,0.00024868228973918893
2026-09-21T04:56:43.000286,2.99,7.944923595858072e-18,-1.2020622632635416e-26,0.0,-5.718165203560943e-07,0.0,0.0,-2.8590826017804324e-07,0.9999999999999591,2.00391323869726e-17,-1.2040137082783186e-24,0.0,0.0,0.0,6.672912644962065e-05
2026-09-21T04:56:43.027014,3.01,8.368641119279864e-18,-1.055845936108537e-26,0.0,1.607947490711581e-06,0.0,0.0,8.039737453557039e-07,0.9999999999996768,2.4702458862528448e-17,-1.0575357513379533e-24,0.0,0.0,0.0,2.3554142203074523e-05
2026-09-21T04:56:43.060961,3.03,8.702847413540204e-18,-1.110006064321064e-26,0.0,-7.411156754955073e-08,0.0,0.0,-3.705578377477536e-08,0.9999999999999993,1.815167597445351e-17,-1.1118289675516594e-24,0.0,0.0,0.0,-5.1337114330283386e-05
2026-09-21T04:56:43.085248,3.05,9.120598540415776e-18,-1.1335083651419473e-26,0.0,-6.176168660942949e-07,0.0,0.0,-3.088084330471425e-07,0.9999999999999524,1.7566155509713538e-17,-1.1353156712603626e-24,0.0,0.0,0.0,-0.00048005222743838347
2026-09-21T04:56:43.114146,3.07,9.503458639914222e-18,-1.496848387668319e-26,0.0,-6.859081294052772e-07,0.0,0.0,-3.4295406470263184e-07,0.9999999999999412,2.0022784746588598e-17,-1.4992256045503925e-24,0.0,0.0,0.0,0.00033064725837058214
2026-09-21T04:56:43.138438,3.09,9.839959763897998e-18,-1.0753705519279367e-26,0.0,3.6998550552169718e-06,0.0,0.0,1.8499275276074307e-06,0.9999999999982889,1.8792946606708664e-17,-1.0770518108030968e-24,0.0,0.0,0.0,-8.490433314706919e-06
2026-09-21T04:56:43.165297,3.11,1.0190612435550808e-17,-1.382866822598423e-26,0.0,-1.4010014655063687e-06,0.0,0.0,-7.00500732753127e-07,0.9999999999997546,1.888741512048224e-17,-1.3851640465994832e-24,0.0,0.0,0.0,3.543803482502388e-05
2026-09-21T04:56:43.195768,3.13,1.0623492886171834e-17,-1.1533343595711162e-26,0.0,-3.613711001548836e-07,0.0,0.0,-1.8068555007744082e-07,0.9999999999999837,2.0604370844208092e-17,-1.1550864968228402e-24,0.0,0.0,0.0,0.0002383415349693856
2026-09-21T04:56:43.221847,3.15,1.1035430809351561e-17,-8.359076379481226e-27,0.0,-2.996157015822121e-06,0.0,0.0,-1.4980785079105e-06,0.9999999999988779,1.994714265075656e-17,-8.371322697607375e-25,0.0,0.0,0.0,-1.3768066065390511e-05
2026-09-21T04:56:43.249135,3.17,1.1453009431271999e-17,-5.045357624156866e-27,0.0,-1.7478145233340572e-06,0.0,0.0,-8.739072616669172e-07,0.9999999999996182,2.1520901173049935e-17,-5.050782328419072e-25,0.0,0.0,0.0,-7.038818505486675e-05
2026-09-21T04:56:43.278877,3.19,1.1802798938252172e-17,-4.295499119898947e-27,0.0,-1.0983820613041928e-06,0.0,0.0,-5.491910306520688e-07,0.9999999999998492,1.6592606569455058e-17,-4.300024347343399e-25,0.0,0.0,0.0,-5.765338438406623e-06
2026-09-21T04:56:43.309553,3.21,1.2180045374439888e-17,-3.0709429313658094e-27,0.0,4.201037442808087e-06,0.0,0.0,2.1005187214024987e-06,0.9999999999977939,1.7677502269494084e-17,-3.0734226844513033e-25,0.0,0.0,0.0,-9.571404925522148e-05
2026-09-21T04:56:43.335064,3.23,1.2653865131692768e-17,-9.837279498949516e-27,0.0,4.323294872321526e-06,0.0,0.0,2.1616474361590795e-06,0.9999999999976636,2.421451124910942e-17,-9.853175233786005e-25,0.0,0.0,0.0,-0.0002083481458386616
2026-09-21T04:56:43.362206,3.25,1.3021905503905465e-17,-1.588960067450846e-26,0.0,-1.6589914464404387e-07,0.0,0.0,-8.294957232202184e-08,0.9999999999999966,1.8951924688837914e-17,-1.591583853369224e-24,0.0,0.0,0.0,0.0004300111730239334
2026-09-21T04:56:43.393524,3.27,1.3341742868423555e-17,-1.1147605238487096e-26,0.0,1.999861988899454e-06,0.0,0.0,9.999309944495603e-07,0.9999999999995001,1.5658214750194513e-17,-1.1164386962783805e-24,0.0,0.0,0.0,0.00018901366564787384
2026-09-21T04:56:43.421643,3.29,1.3705011797280322e-17,-1.1515829152482162e-26,0.0,-7.400554982162079e-07,0.0,0.0,-3.700277491080954e-07,0.9999999999999315,1.7232400576718043e-17,-1.1533609783082552e-24,0.0,0.0,0.0,-0.0001413168938778122
2026-09-21T04:56:43.448894,3.31,1.4093764871588283e-17,-1.1812866879531502e-26,0.0,-1.996493436351443e-06,0.0,0.0,-9.982467181755557e-07,0.9999999999995017,1.8436647161206425e-17,-1.1830192727046723e-24,0.0,0.0,0.0,0.00019677839295634237
2026-09-21T04:56:43.475175,3.33,1.449524872655423e-17,-7.480656472369245e-27,0.0,-1.068885182586854e-06,0.0,0.0,-5.344425912934016e-07,0.9999999999998572,2.1048634687930793e-17,-7.490049136263826e-25,0.0,0.0,0.0,0.00020128373561271908
2026-09-21T04:56:43.505422,3.35,1.493192680214253e-17,-3.817881871261348e-27,0.0,-2.4170217884922356e-06,0.0,0.0,-1.2085108942458234e-06,0.9999999999992697,2.2849166128821385e-17,-3.8209382404438763e-25,0.0,0.0,0.0,-7.925060257612908e-05
2026-09-21T04:56:43.534915,3.37,1.532473962437233e-17,-2.477520592256804e-27,0.0,-9.707917616452733e-07,0.0,0.0,-4.853958808226176e-07,0.9999999999998822,2.1118077038488384e-17,-2.477597955310216e-25,0.0,0.0,0.0,-0.0002038328822779472
2026-09-21T04:56:43.556958,3.39,1.5637796536865767e-17,-4.125016248300265e-27,0.0,1.3774116505160805e-06,0.0,0.0,6.887058252579858e-07,0.9999999999997629,1.715605132247545e-17,-4.1284545263166135e-25,0.0,0.0,0.0,-0.00012004777801276486
2026-09-21T04:56:43.585150,3.41,1.6004187547220322e-17,-6.662719703097597e-27,0.0,1.4329059734308207e-06,0.0,0.0,7.164529867153488e-07,0.9999999999997433,1.6105441751225276e-17,-6.671193421836084e-25,0.0,0.0,0.0,-6.79081357350542e-05
2026-09-21T04:56:43.615943,3.43,1.647220762479673e-17,-9.269695222435504e-27,0.0,2.480139805527415e-06,0.0,0.0,1.2400699027633896e-06,0.9999999999992311,2.2917395686375007e-17,-9.282891878289547e-25,0.0,0.0,0.0,-4.8124044339630575e-05
2026-09-21T04:56:43.652352,3.44,1.6707741815068805e-17,3.038205135266546e-31,0.0,1.666222715357435e-12,0.0,0.0,8.331113576787175e-13,1.0,2.216346576489466e-17,-1.2823901307613858e-24,0.0,0.0,0.0,0.00032776019823308594
2026-09-21T04:56:43.683996,3.47,1.741182680023528e-17,-1.1350659439344547e-26,0.0,4.792495773564555e-07,0.0,0.0,2.396247886782254e-07,0.9999999999999712,2.5671339848935388e-17,-1.136857323451576e-24,0.0,0.0,0.0,-0.0003323685732961577
2026-09-21T04:56:43.717228,3.49,1.787773145255936e-17,-1.6386612680417294e-26,0.0,-1.9656620304786547e-06,0.0,0.0,-9.82831015239169e-07,0.999999999999517,2.540758243891206e-17,-1.6411727107961645e-24,0.0,0.0,0.0,0.00021054121133805948
2026-09-21T04:56:43.751299,3.51,1.8273481150449055e-17,-1.1543688624259831e-26,0.0,-7.404576916059114e-07,0.0,0.0,-3.702288458029472e-07,0.9999999999999315,2.2793421084367e-17,-1.1559585315535693e-24,0.0,0.0,0.0,-0.00010273853073338903
2026-09-21T04:56:43.792601,3.5300000000000002,1.8515921660858753e-17,-1.2467162777556179e-26,0.0,-2.049019701910737e-06,0.0,0.0,-1.0245098509551894e-06,0.9999999999994752,1.6934178396464905e-17,-1.2484872524434204e-24,0.0,0.0,0.0,-7.83170537871938e-05
2026-09-21T04:56:43.823439,3.55,1.8961825275487693e-17,-1.0157959713556654e-26,0.0,-1.444442050413386e-07,0.0,0.0,-7.222210252066923e-08,0.9999999999999974,2.176571948679852e-17,-1.017091215700602e-24,0.0,0.0,0.0,-0.00014723126021757476
2026-09-21T04:56:43.866951,3.5700000000000003,1.9366246309942855e-17,-1.1610447635054233e-26,0.0,9.474451951874132e-07,0.0,0.0,4.7372259759368876e-07,0.9999999999998878,2.3470956097219052e-17,-1.1626413336076578e-24,0.0,0.0,0.0,0.00014540661540507444
2026-09-21T04:56:43.896819,3.59,1.975178573173742e-17,-1.0399710032223335e-26,0.0,2.6034589541978903e-06,0.0,0.0,1.3017294770985775e-06,0.9999999999991528,2.043935354486973e-17,-1.0413883968740552e-24,0.0,0.0,0.0,0.00017696904911272316
2026-09-21T04:56:43.927864,3.61,2.0199620411683415e-17,-1.1567821955488336e-26,0.0,4.0157342251490046e-07,0.0,0.0,2.0078671125744883e-07,0.9999999999999798,2.251458167545958e-17,-1.1584599569550488e-24,0.0,0.0,0.0,4.938685224526353e-05
2026-09-21T04:56:43.959239,3.63,2.0418276942074115e-17,-1.0835723065199466e-26,0.0,-1.5974125582296494e-06,0.0,0.0,-7.987062791147398e-07,0.999999999999681,1.445994376654933e-17,-1.085021354485979e-24,0.0,0.0,0.0,0.0001396830129083333
2026-09-21T04:56:43.987450,3.64,2.0623524288488127e-17,-2.800418817935842e-31,0.0,-1.6786572132332367e-13,0.0,0.0,-8.393286066166183e-14,1.0,2.05269845146233e-17,-7.450992148113615e-25,0.0,0.0,0.0,-0.00028565645364674193
2026-09-21T04:56:44.021041,3.67,2.121639171181724e-17,-4.795199204582734e-27,0.0,-3.2721126119739105e-06,0.0,0.0,-1.636056305986225e-06,0.9999999999986616,1.9851784401746656e-17,-4.797751709717429e-25,0.0,0.0,0.0,-0.00016833346720447078
2026-09-21T04:56:44.056869,3.69,0.012012306808298831,1.8162487737604076e-10,0.0,-1.2978945624908533e-06,0.0,0.0,-6.489472812453811e-07,0.9999999999997894,0.40246335227738544,1.819771784445215e-08,0.0,0.0,0.0,0.0004064243373974124
2026-09-21T04:56:44.086841,3.7,0.015999999983648056,-1.0196251527739255e-14,0.0,2.304378909911975e-12,0.0,0.0,1.1521894549559875e-12,1.0,0.40000000882965775,2.9786418170621215e-08,0.0,0.0,0.0,-1.1312710033307245e-05
2026-09-21T04:56:44.115818,3.73,0.028012018854082665,2.93972407595246e-10,0.0,2.9823735214762337e-07,0.0,0.0,1.4911867607381113e-07,0.9999999999999889,0.40240376801018307,2.944994544067637e-08,0.0,0.0,0.0,8.574515566604743e-05
2026-09-21T04:56:44.141304,3.75,0.036011870564471735,3.0218077381029577e-10,0.0,-3.5582228243846714e-06,0.0,0.0,-1.7791114121913972e-06,0.9999999999984174,0.40237410972702287,3.0271540581311764e-08,0.0,0.0,0.0,1.1541900528055883e-06
2026-09-21T04:56:44.170243,3.77,0.04401172403111586,3.7631272400377614e-10,0.0,-3.071466997184303e-06,0.0,0.0,-1.5357334985915474e-06,0.9999999999988207,0.4023448032472438,3.7699980291691426e-08,0.0,0.0,0.0,3.522985169987801e-05
2026-09-21T04:56:44.203746,3.79,0.05201157924116286,4.4635923392703466e-10,0.0,1.902391053132391e-06,0.0,0.0,9.511955265660519e-07,0.9999999999995476,0.40231584544595056,4.471656892242757e-08,0.0,0.0,0.0,4.5049374253867936e-05
2026-09-21T04:56:44.235616,3.81,0.06001143617629472,4.076383755999798e-10,0.0,-2.5479109133641487e-07,0.0,0.0,-1.273955456682071e-07,0.9999999999999919,0.40228723265955674,4.0834191900814886e-08,0.0,0.0,0.0,0.0001063353363430175
2026-09-21T04:56:44.272729,3.83,0.06801129481829399,4.309477095080273e-10,0.0,-2.2169308926400792e-06,0.0,0.0,-1.1084654463198124e-06,0.9999999999993856,0.4022589612445943,4.316991895220388e-08,0.0,0.0,0.0,2.88450965847366e-05
2026-09-21T04:56:44.306227,3.85,0.07601115514904715,4.799519362278387e-10,0.0,2.2064256595122345e-06,0.0,0.0,1.1032128297558934e-06,0.9999999999993915,0.40223102757838214,4.8079871125350956e-08,0.0,0.0,0.0,-2.398216299821199e-05
2026-09-21T04:56:44.332742,3.87,0.08401101715054772,4.1818217851830377e-10,0.0,9.859464169537089e-07,0.0,0.0,4.929732084768345e-07,0.9999999999998785,0.40220342805964215,4.188873010332513e-08,0.0,0.0,0.0,0.00037835702399243777
2026-09-21T04:56:44.364355,3.89,0.09201088080489912,4.752192844596384e-10,0.0,1.3825882652085397e-06,0.0,0.0,6.912941326042148e-07,0.9999999999997611,0.4021761591090866,4.760243976993939e-08,0.0,0.0,0.0,0.00018703556910488691
2026-09-21T04:56:44.391017,3.9,0.09599999996550272,-6.022806759369078e-17,0.0,2.7107205369247822e-12,0.0,0.0,1.3553602684623911e-12,1.0,0.40000000859299445,4.785161054919897e-08,0.0,0.0,0.0,0.0002117810495313502
2026-09-21T04:56:44.421899,3.93,0.1080106130011343,4.813335287345314e-10,0.0,-4.694591400067339e-07,0.0,0.0,-2.3472957000336477e-07,0.9999999999999725,0.4021225987085833,4.8213350417734166e-08,0.0,0.0,0.0,-0.00021769060685767616
2026-09-21T04:56:44.454911,3.95,0.11601048150779858,4.348916419541393e-10,0.0,-3.5479533901927596e-06,0.0,0.0,-1.7739766950954493e-06,0.9999999999984265,0.40209630021476894,4.356208032521869e-08,0.0,0.0,0.0,0.0004490896290455691
2026-09-21T04:56:44.479540,3.97,0.1240103515968792,6.089586658187312e-10,0.0,2.1989429019875217e-06,0.0,0.0,1.0994714509935394e-06,0.9999999999993956,0.4020703182023271,6.100085248169862e-08,0.0,0.0,0.0,-0.0001285066445098672
2026-09-21T04:56:44.509721,3.99,0.12801022694188172,5.70821960556377e-10,0.0,-3.1171385201922415e-06,0.0,0.0,-1.55856926009549e-06,0.9999999999987854,0.40204458739658927,5.71771537785922e-08,0.0,0.0,0.0,0.0002105655809962823
2026-09-21T04:56:44.541151,4.01,0.1400100924573774,7.49806007604232e-10,0.0,2.669632960916602e-06,0.0,0.0,1.3348164804579043e-06,0.9999999999991092,0.4020192906068225,7.51100529647074e-08,0.0,0.0,0.0,-0.00024192750118140716
2026-09-21T04:56:44.577375,4.03,0.14800997119003464,6.232897734020034e-10,0.0,-1.0363541864677472e-06,0.0,0.0,-5.181770932338504e-07,0.9999999999998658,0.4019942373373282,6.243180970136228e-08,0.0,0.0,0.0,-6.142566250380877e-06
2026-09-21T04:56:44.610000,4.05,0.15600984743689295,6.35159416026339e-10,0.0,-1.1590902939673246e-06,0.0,0.0,-5.795451469836297e-07,0.999999999999832,0.401969486872246,6.362185452993559e-08,0.0,0.0,0.0,0.00023598903600273278
2026-09-21T04:56:44.638225,4.07,0.16400972518087478,7.046991175290015e-10,0.0,-8.178062262942376e-07,0.0,0.0,-4.089031131471074e-07,0.9999999999999164,0.40194503583085334,7.058755312332046e-08,0.0,0.0,0.0,-4.8692451384122693e-05
2026-09-21T04:56:44.666973,4.09,0.1720096044053108,7.006986104107476e-10,0.0,-1.0143087743053059e-06,0.0,0.0,-5.071543871526312e-07,0.9999999999998714,0.4019208808785325,7.018609999967619e-08,0.0,0.0,0.0,0.00026919290411159095
2026-09-21T04:56:44.700206,4.11,0.18000948509365938,7.735839452087269e-10,0.0,-1.4234681069424937e-06,0.0,0.0,-7.117340534711867e-07,0.9999999999997468,0.40189701870696215,7.748685248158129e-08,0.0,0.0,0.0,-0.00015255789049878487
2026-09-21T04:56:44.728146,4.12,0.18399999996189012,1.7412235134517817e-15,0.0,-2.4571455981003965e-12,0.0,0.0,-1.2285727990501982e-12,1.0,0.4000000074899114,7.571453362218362e-08,0.0,0.0,0.0,6.03530695862016e-05
2026-09-21T04:56:44.762791,4.15,0.1960092507965916,8.348382656999565e-10,0.0,2.5852341418719504e-06,0.0,0.0,1.2926170709356152e-06,0.9999999999991646,0.40185015960562703,8.362058365149691e-08,0.0,0.0,0.0,0.00010219770457169485
2026-09-21T04:56:44.789365,4.17,0.20400913577875895,7.864898753905963e-10,0.0,-3.6614485043884315e-07,0.0,0.0,-1.8307242521942054e-07,0.9999999999999832,0.40182715619265263,7.877523431315792e-08,0.0,0.0,0.0,-1.066527279422182e-05
2026-09-21T04:56:44.824612,4.19,0.21200902216000825,7.795181513670312e-10,0.0,-1.2044828738844162e-06,0.0,0.0,-6.022414369421716e-07,0.9999999999998187,0.4018044325943661,7.807756325047752e-08,0.0,0.0,0.0,0.00018882288982905734
2026-09-21T04:56:44.856524,4.21,0.22000890992447006,8.371701053612894e-10,0.0,1.5091305125558563e-06,0.0,0.0,7.545652562778566e-07,0.9999999999997153,0.40178198563693546,8.385263280312291e-08,0.0,0.0,0.0,-8.785842889552501e-05
2026-09-21T04:56:44.892745,4.23,0.22800879905641203,7.693544579286762e-10,0.0,9.524346280542773e-07,0.0,0.0,4.7621731402712063e-07,0.9999999999998866,0.4017598121738836,7.705648994736062e-08,0.0,0.0,0.0,0.0001314478051446829
2026-09-21T04:56:44.925231,4.25,0.23600868954023888,7.652516079272613e-10,0.0,-4.129025806154374e-06,0.0,0.0,-2.0645129030757203e-06,0.9999999999978689,0.40173790908619667,7.664455496571823e-08,0.0,0.0,0.0,0.00020167296488787952
2026-09-21T04:56:44.959282,4.27,0.2440085813604933,8.921854683522489e-10,0.0,1.8692585967983177e-06,0.0,0.0,9.346292983990228e-07,0.9999999999995632,0.4017162732824146,8.936308797036018e-08,0.0,0.0,0.0,0.00014888529694952
2026-09-21T04:56:44.988796,4.29,0.252008474501856,8.693880303593546e-10,0.0,-4.7222526866619313e-07,0.0,0.0,-2.361126343330944e-07,0.9999999999999721,0.4016949016987059,8.707494615814623e-08,0.0,0.0,0.0,-0.00047050404280946675
2026-09-21T04:56:45.016512,4.31,0.26000836894914625,7.57797270227073e-10,0.0,6.369513698700757e-07,0.0,0.0,3.1847568493503246e-07,0.9999999999999493,0.40167379129892916,7.589632794574801e-08,0.0,0.0,0.0,-2.482571380338445e-05
2026-09-21T04:56:45.048412,4.33,0.26800826468732175,7.250011645345488e-10,0.0,1.24648246790926e-06,0.0,0.0,6.232412339545897e-07,0.9999999999998058,0.4016529390746641,7.260861769317759e-08,0.0,0.0,0.0,-2.8117135057553007e-05
2026-09-21T04:56:45.080950,4.34,0.2719999999586254,4.403743839529303e-15,0.0,8.042455590384634e-13,0.0,0.0,4.021227795192317e-13,1.0,0.4000000065255001,6.77052454476306e-08,0.0,0.0,0.0,-5.8689599298063005e-05
2026-09-21T04:56:45.107259,4.37,0.2840080599768541,7.164713706307616e-10,0.0,5.12704684929588e-07,0.0,0.0,2.563523424647912e-07,0.9999999999999671,0.4016119972578311,7.175293178671819e-08,0.0,0.0,0.0,0.00020055638462217212
2026-09-21T04:56:45.137493,4.39,0.29200795949882086,7.387607305125644e-10,0.0,-1.9010548713005446e-06,0.0,0.0,-9.505274356501293e-07,0.9999999999995483,0.4015919017872832,7.398456362473362e-08,0.0,0.0,0.0,-0.00020175499379920906
2026-09-21T04:56:45.168184,4.41,0.30000786025289294,7.230012040610615e-10,0.0,9.042518023250068e-08,0.0,0.0,4.5212590116250326e-08,0.999999999999999,0.4015720527362821,7.240671212753648e-08,0.0,0.0,0.0,-0.00011813969478005674
2026-09-21T04:56:45.200343,4.42,0.30399999995751625,3.914156473001792e-15,0.0,-9.090506125630782e-13,0.0,0.0,-4.545253062815391e-13,1.0,0.4000000062059235,6.804474610982945e-08,0.0,0.0,0.0,-0.0001094471537243614
2026-09-21T04:56:45.231282,4.45,0.31600766540009856,6.728676746887523e-10,0.0,-1.7587205380920065e-07,0.0,0.0,-8.793602690460022e-08,0.9999999999999961,0.40153308244222974,6.738200600271392e-08,0.0,0.0,0.0,-2.5200989864220636e-05
2026-09-21T04:56:45.257188,4.47,0.3240075697649515,6.594208228128744e-10,0.0,-1.1518452338599161e-06,0.0,0.0,-5.759226169299262e-07,0.9999999999998341,0.40151395554308666,6.603354527894775e-08,0.0,0.0,0.0,-0.00027533837005940263
2026-09-21T04:56:45.287570,4.49,0.33200747530534785,6.107216735748434e-10,0.0,-3.0538079074382547e-06,0.0,0.0,-1.5269039537185342e-06,0.9999999999988343,0.40149506375118854,6.115478342494898e-08,0.0,0.0,0.0,-1.8805222300643436e-05
2026-09-21T04:56:45.317022,4.51,0.34000738200749203,6.652598502764492e-10,0.0,1.4864739261710724e-07,0.0,0.0,7.432369630855356e-08,0.9999999999999972,0.40147640430747683,6.661877784277976e-08,0.0,0.0,0.0,-7.446520268480065e-05
2026-09-21T04:56:45.353208,4.53,0.348007289857726,6.330671856367956e-10,0.0,-1.9124741688081315e-06,0.0,0.0,-9.5623708440392e-07,0.9999999999995428,0.4014579744803657,6.339122709899308e-08,0.0,0.0,0.0,-7.864974513433057e-05
2026-09-21T04:56:45.387121,4.55,0.3560071988425289,6.473930706929559e-10,0.0,-1.4922372000292228e-06,0.0,0.0,-7.461186000145421e-07,0.9999999999997217,0.40143977156565885,6.482695166836625e-08,0.0,0.0,0.0,-5.5546730110788884e-05
2026-09-21T04:56:45.418841,4.57,0.364007108948516,6.572296130271283e-10,0.0,-1.2630927361811928e-06,0.0,0.0,-6.315463680905544e-07,0.9999999999998006,0.4014217928864588,6.581153175364963e-08,0.0,0.0,0.0,0.0001791721094189724
2026-09-21T04:56:45.445560,4.59,0.372007020162439,7.158580038190214e-10,0.0,-3.1592276394931673e-06,0.0,0.0,-1.5796138197459268e-06,0.9999999999987524,0.40140403579306744,7.168416428113748e-08,0.0,0.0,0.0,0.00024705329197672785
2026-09-21T04:56:45.482372,4.61,0.38000693247118433,8.326123481312956e-10,0.0,-4.0450066896013936e-07,0.0,0.0,-2.022503344800683e-07,0.9999999999999796,0.40138649766287976,8.338146828078739e-08,0.0,0.0,0.0,0.00034669007440857926
2026-09-21T04:56:45.509947,4.63,0.3880068458617742,9.076139536977848e-10,0.0,2.764146877609619e-06,0.0,0.0,1.3820734388043695e-06,0.999999999999045,0.4013691759002698,9.089306683450162e-08,0.0,0.0,0.0,-8.31236336011944e-05
2026-09-21T04:56:45.539722,4.65,0.39600676032136445,8.094867637053769e-10,0.0,-3.1596656926424775e-06,0.0,0.0,-1.5798328463205815e-06,0.9999999999987521,0.4013520679364706,8.106001515642179e-08,0.0,0.0,0.0,-0.00023817521683081638
2026-09-21T04:56:45.570465,4.67,0.4040066758372449,8.125838794480306e-10,0.0,1.256320456999305e-06,0.0,0.0,6.281602284996111e-07,0.9999999999998027,0.4013351712294465,8.137283504581446e-08,0.0,0.0,0.0,2.2048991315130396e-06
2026-09-21T04:56:45.598912,4.69,0.4120065923968384,7.700969037687747e-10,0.0,-3.2318363052397103e-07,0.0,0.0,-1.615918152619848e-07,0.9999999999999869,0.40131848326376135,7.71127217050262e-08,0.0,0.0,0.0,-0.0001736649828477012
2026-09-21T04:56:45.627960,4.71,0.42000650998769984,7.236782936484557e-10,0.0,-7.734958309413288e-07,0.0,0.0,-3.867479154706547e-07,0.9999999999999252,0.4013020015504391,7.24625354231178e-08,0.0,0.0,0.0,4.908126689384204e-05
2026-09-21T04:56:45.659103,4.73,0.42800642859751603,7.398587526173263e-10,0.0,-6.281500994909095e-07,0.0,0.0,-3.1407504974544956e-07,0.9999999999999507,0.4012857236268267,7.408283120873012e-08,0.0,0.0,0.0,0.00019431442428622533
2026-09-21T04:56:45.687639,4.75,0.43600634821410433,7.860675790865141e-10,0.0,-1.9434543951923904e-06,0.0,0.0,-9.71727197596042e-07,0.9999999999995278,0.40126964705641993,7.871131828899585e-08,0.0,0.0,0.0,-0.00013815822948461275
2026-09-21T04:56:45.720917,4.77,0.44400626882541216,7.846892995032982e-10,0.0,6.117826898410784e-07,0.0,0.0,3.058913449205344e-07,0.9999999999999533,0.40125376942874735,7.85735997340562e-08,0.0,0.0,0.0,-0.00010872626101655498
2026-09-21T04:56:45.751343,4.79,0.4520061904195166,7.314727379495302e-10,0.0,2.579414937198266e-06,0.0,0.0,1.2897074685987753e-06,0.9999999999991683,0.4012380883591877,7.323986150370159e-08,0.0,0.0,0.0,0.0001479406141513533
2026-09-21T04:56:45.784851,4.8100000000000005,0.46000611298462274,6.933421522791631e-10,0.0,2.551136886630445e-06,0.0,0.0,1.2755684433148766e-06,0.9999999999991864,0.40122260148881317,6.94176181149903e-08,0.0,0.0,0.0,0.0002678381743217844
2026-09-21T04:56:45.817850,4.83,0.4680060365090636,6.842168780445063e-10,0.0,4.180447580992564e-06,0.0,0.0,2.0902237904947596e-06,0.9999999999978155,0.40120730648422426,6.850261204599354e-08,0.0,0.0,0.0,0.00022881895907644035
2026-09-21T04:56:45.847389,4.85,0.4760059609812988,6.286563232930883e-10,0.0,-1.1030235498310503e-06,0.0,0.0,-5.515117749154972e-07,0.9999999999998479,0.40119220103737946,6.293477161652618e-08,0.0,0.0,0.0,0.0005402314554167442
2026-09-21T04:56:45.881976,4.87,0.4840058863899141,7.677244775293758e-10,0.0,4.193181881717578e-07,0.0,0.0,2.0965909408587737e-07,0.999999999999978,0.40117728286542254,7.686937014800661e-08,0.0,0.0,0.0,0.00012676903807538268
2026-09-21T04:56:45.912056,4.88,0.4879999999518359,-1.671249646457572e-16,0.0,1.4055423491754482e-12,0.0,0.0,7.027711745877241e-13,1.0,0.40000000464633734,7.726394374150526e-08,0.0,0.0,0.0,-6.901868818455899e-05
2026-09-21T04:56:45.940286,4.91,0.5000057399712518,7.448584297600775e-10,0.0,-1.0065603106568234e-07,0.0,0.0,-5.0328015532841144e-08,0.9999999999999988,0.40114799933961476,7.457772395211162e-08,0.0,0.0,0.0,-2.147248599042921e-05
2026-09-21T04:56:45.968519,4.93,0.5080056681217672,7.285894213515312e-10,0.0,-2.237321860665275e-06,0.0,0.0,-1.1186609303324044e-06,0.9999999999993743,0.4011336295443786,7.294664485057882e-08,0.0,0.0,0.0,-0.0001151005661615228
2026-09-21T04:56:45.996527,4.95,0.5160055971642467,7.400086470191268e-10,0.0,-1.788209318842604e-06,0.0,0.0,-8.941046594211829e-07,0.9999999999996003,0.40111943814089396,7.409130797960082e-08,0.0,0.0,0.0,-8.02947829979895e-05
2026-09-21T04:56:46.030486,4.97,0.5240055270878923,7.489989282287186e-10,0.0,2.06253964529779e-06,0.0,0.0,1.031269822648712e-06,0.9999999999994682,0.4011054229695348,7.499105986487254e-08,0.0,0.0,0.0,0.00014596931999516738
2026-09-21T04:56:46.059641,4.99,0.5320054578820258,7.21650740369538e-10,0.0,2.492174952184456e-06,0.0,0.0,1.2460874760919055e-06,0.9999999999992236,0.40109158189476407,7.22481057411382e-08,0.0,0.0,0.0,8.95947884981823e-06
2026-09-21T04:56:46.092645,5.01,0.5400053895360895,6.528749133992165e-10,0.0,-2.3637260957443127e-06,0.0,0.0,-1.1818630478718808e-06,0.9999999999993016,0.40107791280494415,6.535701209704602e-08,0.0,0.0,0.0,3.5801869774212524e-05
2026-09-21T04:56:46.125640,5.02,0.5439999999503135,-4.0376266776060666e-15,0.0,-1.6715517858756357e-12,0.0,0.0,-8.357758929378178e-13,1.0,0.40000000425379234,7.026303705795778e-08,0.0,0.0,0.0,-3.5876089590550493e-05
2026-09-21T04:56:46.153870,5.04,0.5519999999501028,-1.6113869205344788e-15,0.0,6.732392421326949e-13,0.0,0.0,3.3661962106634746e-13,1.0,0.40000000420046683,7.248822068823841e-08,0.0,0.0,0.0,-0.00026228482456715067
2026-09-21T04:56:46.182713,5.07,0.5640051895540493,7.958942096408193e-10,0.0,-7.149559495545077e-07,0.0,0.0,-3.574779747772462e-07,0.999999999999936,0.4010379166832525,7.968649924967057e-08,0.0,0.0,0.0,-0.00018329100635259204
2026-09-21T04:56:46.215115,5.09,0.5720051245446061,7.551127102195897e-10,0.0,3.0685381702255654e-07,0.0,0.0,1.5342690851127766e-07,0.9999999999999882,0.40102491488808467,7.559937383368587e-08,0.0,0.0,0.0,-0.00017402034443979257
2026-09-21T04:56:46.244781,5.11,0.5800050603440601,6.93488035463035e-10,0.0,1.6336716086584602e-06,0.0,0.0,8.168358043291392e-07,0.9999999999996664,0.4010120748713908,6.942418365381393e-08,0.0,0.0,0.0,-0.00028643804010921995
2026-09-21T04:56:46.273068,5.12,0.5839999999492769,1.0162947591602226e-14,0.0,-1.0258460747536446e-12,0.0,0.0,-5.129230373768223e-13,1.0,0.40000000399371616,5.753820998668437e-08,0.0,0.0,0.0,-0.00042841380817783476
2026-09-21T04:56:46.301901,5.15,0.5960049343303259,6.595942189954605e-10,0.0,-6.649727506413683e-07,0.0,0.0,-3.32486375320678e-07,0.9999999999999447,0.40098687230665025,6.602975809951905e-08,0.0,0.0,0.0,-0.000146706013925967
2026-09-21T04:56:46.335284,5.17,0.604004872497751,6.282153836990548e-10,0.0,8.014583166016109e-07,0.0,0.0,4.007291583007947e-07,0.9999999999999197,0.4009745058813352,6.28837396009042e-08,0.0,0.0,0.0,-8.669111366600769e-05
2026-09-21T04:56:46.361510,5.19,0.6120048114352985,5.773430979487544e-10,0.0,-1.330714794800514e-06,0.0,0.0,-6.653573974002078e-07,0.9999999999997786,0.4009622934795576,5.778567780999493e-08,0.0,0.0,0.0,0.00010180212270144093
2026-09-21T04:56:46.391230,5.21,0.6200047511335512,6.205011777160224e-10,0.0,-1.3104907821137601e-06,0.0,0.0,-6.552453910568332e-07,0.9999999999997853,0.40095023321790163,6.211005349442283e-08,0.0,0.0,0.0,0.00014425837602475167
2026-09-21T04:56:46.422952,5.23,0.6280046915832007,6.723951042585307e-10,0.0,-4.674962488682155e-06,0.0,0.0,-2.337481244338949e-06,0.9999999999972681,0.4009383232346901,6.730863459062021e-08,0.0,0.0,0.0,0.0003279487547632587
2026-09-21T04:56:46.449836,5.25,0.636004632775046,8.441953700632469e-10,0.0,-2.0855337941050327e-06,0.0,0.0,-1.0427668970523272e-06,0.9999999999994563,0.40092656168973295,8.452182150706285e-08,0.0,0.0,0.0,-4.450973905559895e-05
2026-09-21T04:56:46.479878,5.27,0.6440045746999927,8.664945197833509e-10,0.0,-1.4086788611145096e-06,0.0,0.0,-7.043394305571966e-07,0.999999999999752,0.4009149467642009,8.675426672736041e-08,0.0,0.0,0.0,7.040963224966721e-05
2026-09-21T04:56:46.511473,5.29,0.6520045173490526,8.995526295015038e-10,0.0,2.1175424609332087e-06,0.0,0.0,1.0587712304664064e-06,0.9999999999994394,0.4009034766603745,9.006496780397439e-08,0.0,0.0,0.0,-0.00022609428457398849
2026-09-21T04:56:46.544010,5.31,0.6600044607133411,7.811646077300547e-10,0.0,-2.443925127160185e-06,0.0,0.0,-1.2219625635797883e-06,0.9999999999992534,0.40089214960145503,7.820171361271661e-08,0.0,0.0,0.0,-0.00014717968401126868
2026-09-21T04:56:46.577805,5.33,0.6680044047840781,7.887177020946395e-10,0.0,8.013608874257726e-07,0.0,0.0,4.006804437128756e-07,0.9999999999999197,0.40088096383136346,7.896012278151392e-08,0.0,0.0,0.0,-8.768579147324404e-05
2026-09-21T04:56:46.606696,5.34,0.6719999999471337,4.824521306840066e-15,0.0,-6.261657858885883e-14,0.0,0.0,-3.1308289294429414e-14,1.0,0.4000000034758196,7.340439612071485e-08,0.0,0.0,0.0,0.00014995946671759574
2026-09-21T04:56:46.640558,5.37,0.6840042950102873,6.543432906448703e-10,0.0,3.869440625248188e-06,0.0,0.0,1.934720312622887e-06,0.9999999999981284,0.4008590092357425,6.54941919618975e-08,0.0,0.0,0.0,-0.00020551710161942165
2026-09-21T04:56:46.664951,5.39,0.6920042411487075,5.037934139423838e-10,0.0,-1.1312520009632008e-06,0.0,0.0,-5.656260004815703e-07,0.99999999999984,0.40084823699984856,5.0409401467158374e-08,0.0,0.0,0.0,-0.0005006949220659869
2026-09-21T04:56:46.693205,5.41,0.7000041879594704,4.0265863524240083e-10,0.0,3.0523325067477463e-07,0.0,0.0,1.526166253373867e-07,0.9999999999999883,0.4008375992316536,4.027982035581877e-08,0.0,0.0,0.0,-0.00031333698183471926
2026-09-21T04:56:46.728189,5.43,0.7080041354342982,3.1355747666267095e-10,0.0,1.3935224867367426e-06,0.0,0.0,6.967612433683149e-07,0.9999999999997573,0.4008270942756729,3.135191211220306e-08,0.0,0.0,0.0,-4.783109316024617e-05
2026-09-21T04:56:46.757900,5.45,0.7160040835650113,2.626012116080474e-10,0.0,3.4695204345069892e-06,0.0,0.0,1.7347602172526247e-06,0.9999999999984953,0.40081672049594336,2.6245840633952284e-08,0.0,0.0,0.0,0.00016640668371571303
2026-09-21T04:56:46.788741,5.47,0.7200040360307272,2.9539532287616486e-10,0.0,-1.7325309715765518e-06,0.0,0.0,-8.662654857881674e-07,0.9999999999996247,0.400806413740244,2.953012780798084e-08,0.0,0.0,0.0,9.942294916197896e-05
2026-09-21T04:56:46.815827,5.49,0.7320039777660555,3.92199842310199e-10,0.0,3.914271117011482e-06,0.0,0.0,1.957135558504491e-06,0.9999999999980849,0.40079636082534964,3.923164569272654e-08,0.0,0.0,0.0,-0.00022744612058743995
2026-09-21T04:56:46.847633,5.51,0.7400039318159906,2.394564371219076e-10,0.0,2.275673915974608e-08,0.0,0.0,1.1378369579873038e-08,0.9999999999999999,0.400786370920903,2.3926035230303818e-08,0.0,0.0,0.0,0.00014862953543295254
2026-09-21T04:56:46.884893,5.53,0.7480038824903186,2.673577359386018e-10,0.0,4.0553007529808843e-07,0.0,0.0,2.027650376490428e-07,0.9999999999999795,0.4007765058603104,2.672310280731274e-08,0.0,0.0,0.0,0.00013335169573389837
2026-09-21T04:56:46.902778,5.55,0.7560038337810587,2.8239287685047735e-10,0.0,3.7214631047888247e-06,0.0,0.0,1.8607315523933385e-06,0.9999999999982688,0.40076676408219936,2.8229342191377798e-08,0.0,0.0,0.0,-0.0001881347304786928
2026-09-21T04:56:46.935629,5.57,0.7640037856806001,1.4496873072812813e-10,0.0,-8.138708178506704e-07,0.0,0.0,-4.0693540892532397e-07,0.9999999999999172,0.4007571440636075,1.4459910533403947e-08,0.0,0.0,0.0,-0.0001550507813455365
2026-09-21T04:56:46.959405,5.59,0.7720037381814185,1.228354215737914e-10,0.0,-1.326799032419501e-06,0.0,0.0,-6.633995162097019e-07,0.99999999999978,0.4007476442997267,1.2245076690683332e-08,0.0,0.0,0.0,0.00012863161940964864
2026-09-21T04:56:46.987353,5.61,0.7800036912760802,1.7934889096554363e-10,0.0,1.4107459369583353e-06,0.0,0.0,7.053729684791092e-07,0.9999999999997512,0.40073826330371143,1.7907201917794438e-08,0.0,0.0,0.0,3.608767857298313e-05
2026-09-21T04:56:47.017187,5.63,0.7880036449572391,1.497007936998415e-10,0.0,3.00937615094199e-06,0.0,0.0,1.5046880754704269e-06,0.9999999999988679,0.4007289996064883,1.4935708187729535e-08,0.0,0.0,0.0,0.00029052762861179077
2026-09-21T04:56:47.049374,5.65,0.796003599217638,1.428307562583754e-10,0.0,1.5625482556735903e-06,0.0,0.0,7.812741278367157e-07,0.9999999999996948,0.4007198517565666,1.424647512765373e-08,0.0,0.0,0.0,0.0003839514817850449
2026-09-21T04:56:47.076409,5.67,0.8040035540501063,1.9155675803223974e-10,0.0,-4.429364484082044e-07,0.0,0.0,-2.2146822420410037e-07,0.9999999999999755,0.40071081831985,1.912911617192683e-08,0.0,0.0,0.0,0.00024009616586816884
2026-09-21T04:56:47.107900,5.69,0.8120035094475596,2.5254085218531636e-10,0.0,5.605545494447028e-07,0.0,0.0,2.8027727472234777e-07,0.9999999999999607,0.40070189787944943,2.5240409201763256e-08,0.0,0.0,0.0,-6.616316954055629e-05
2026-09-21T04:56:47.142891,5.71,0.8200034654029986,2.1758351610603274e-10,0.0,-8.239705868717807e-07,0.0,0.0,-4.1198529343587865e-07,0.9999999999999152,0.4006930890354971,2.1738096135341978e-08,0.0,0.0,0.0,-3.755182550701444e-05
2026-09-21T04:56:47.170574,5.73,0.8280034219095078,2.2208979389738127e-10,0.0,-1.7726899841363775e-06,0.0,0.0,-8.863449920680727e-07,0.9999999999996072,0.4006843904049616,2.2190420763725858e-08,0.0,0.0,0.0,-0.00017830223621981384
2026-09-21T04:56:47.209552,5.75,0.8360033789602554,2.1569792791921605e-10,0.0,2.3578151253644822e-07,0.0,0.0,1.1789075626822382e-07,0.999999999999993,0.4006758006214525,2.155087282416222e-08,0.0,0.0,0.0,0.00013482408111982765
2026-09-21T04:56:47.234529,5.77,0.8440033365484906,2.3592711472537164e-10,0.0,-2.1325396724058976e-06,0.0,0.0,-1.0662698362027468e-06,0.9999999999994316,0.40066731833504965,2.3576244496752124e-08,0.0,0.0,0.0,-0.00016167703760274868
2026-09-21T04:56:47.267220,5.79,0.8520032946675469,2.4158624928228106e-10,0.0,-1.0924606574924667e-06,0.0,0.0,-5.462303287462061e-07,0.9999999999998508,0.4006589422121983,2.4145001221189174e-08,0.0,0.0,0.0,-0.0003535357472915345
2026-09-21T04:56:47.291750,5.8100000000000005,0.8600032533108363,1.7806425925213686e-10,0.0,8.263918633844015e-07,0.0,0.0,4.1319593169218895e-07,0.9999999999999146,0.40065067093535356,1.7780701475737107e-08,0.0,0.0,0.0,-0.00022032413127592686
2026-09-21T04:56:47.317015,5.83,0.8680032124718512,1.020285074251927e-10,0.0,-1.1758114686344356e-06,0.0,0.0,-5.879057343171839e-07,0.9999999999998271,0.40064250320294026,1.0161863941846584e-08,0.0,0.0,0.0,-0.0002702584857368788
2026-09-21T04:56:47.341940,5.84,0.8719999999428472,3.194657675705962e-15,0.0,-3.2316371800789057e-12,0.0,0.0,-1.6158185900394528e-12,1.0,0.40000000253384893,6.263498282604348e-09,0.0,0.0,0.0,-2.747356158738941e-06
2026-09-21T04:56:47.377863,5.87,0.8840031323214177,2.7012643619109556e-11,0.0,2.3031267262219046e-06,0.0,0.0,1.1515633631106978e-06,0.999999999999337,0.4006264732437064,2.6472213722007008e-09,0.0,0.0,0.0,0.00029688946802832307
2026-09-21T04:56:47.407786,5.89,0.8920030929973441,4.007622482789169e-11,0.0,8.039630468026362e-07,0.0,0.0,4.019815234013072e-07,0.9999999999999192,0.4006186084918095,3.9546111866952836e-09,0.0,0.0,0.0,0.00012066707429941507
2026-09-21T04:56:47.433853,5.91,0.9000030541657437,4.658626775559488e-11,0.0,-2.72763728936809e-06,0.0,0.0,-1.3638186446836221e-06,0.99999999999907,0.4006108422338567,4.6082588892336765e-09,0.0,0.0,0.0,-0.00019489612833045887
2026-09-21T04:56:47.465015,5.93,0.9080030158204928,6.144706477958519e-11,0.0,-3.76709015093013e-07,0.0,0.0,-1.883545075465054e-07,0.9999999999999822,0.40060317324528083,6.0998087252158965e-09,0.0,0.0,0.0,-0.000336843592532479
2026-09-21T04:56:47.498766,5.95,0.9160029779555433,-1.1930467650697429e-11,0.0,-4.905557116074989e-07,0.0,0.0,-2.4527785580374695e-07,0.9999999999999699,0.4005956003164431,-1.252428881198274e-09,0.0,0.0,0.0,5.371067842931713e-05
2026-09-21T04:56:47.532509,5.97,0.924002940564921,9.962004062859732e-12,0.0,-4.596714564097937e-06,0.0,0.0,-2.298357282046945e-06,0.9999999999973588,0.4005881222524147,9.409173300340252e-10,0.0,0.0,0.0,-6.755007237791235e-05
2026-09-21T04:56:47.554234,5.99,0.9320029036427235,9.888042644429824e-11,0.0,-8.651967475792332e-07,0.0,0.0,-4.3259837378960313e-07,0.9999999999999064,0.40058073787282195,9.852217532235574e-09,0.0,0.0,0.0,0.0003544110423324684
2026-09-21T04:56:47.584714,6.01,0.9400028671831212,1.9825690646231022e-10,0.0,-1.1513846529531693e-06,0.0,0.0,-5.756923264765528e-07,0.9999999999998342,0.4005734460116807,1.9806245690292515e-08,0.0,0.0,0.0,-0.0002590802246384464
2026-09-21T04:56:47.613915,6.03,0.948002831180355,1.589967174775898e-10,0.0,-3.5088759156032268e-06,0.0,0.0,-1.7544379578007134e-06,0.999999999998461,0.40056624551723213,1.5873975597577038e-08,0.0,0.0,0.0,-0.0003336355077929089
2026-09-21T04:56:47.643265,6.05,0.9560027956287365,1.579010886194389e-10,0.0,-3.0706991447360106e-06,0.0,0.0,-1.5353495723674022e-06,0.9999999999988214,0.4005591352517798,1.5765766552402236e-08,0.0,0.0,0.0,-0.00021948771768980194
2026-09-21T04:56:47.682156,6.07,0.9640027605226467,1.733740431346703e-10,0.0,-2.2021630945445736e-06,0.0,0.0,-1.1010815472720642e-06,0.9999999999993938,0.40055211409152813,1.731577980537322e-08,0.0,0.0,0.0,0.0001855623965341898
2026-09-21T04:56:47.710125,6.09,0.9720027258565351,2.63265128309255e-10,0.0,1.113201765434724e-06,0.0,0.0,5.566008827173332e-07,0.9999999999998451,0.40054518092642305,2.6320933074900718e-08,0.0,0.0,0.0,5.5341675272919786e-05
2026-09-21T04:56:47.742063,6.11,0.9800026916249199,2.4385082190845516e-10,0.0,-4.4493030282311e-07,0.0,0.0,-2.2246515141155316e-07,0.9999999999999752,0.4005383346600055,2.4374308711845218e-08,0.0,0.0,0.0,8.270405082457349e-05
2026-09-21T04:56:47.764186,6.13,0.9880026578223854,2.674962953359282e-10,0.0,-1.6433705929408408e-06,0.0,0.0,-8.216852964703278e-07,0.9999999999996624,0.40053157420920454,2.6744166615674498e-08,0.0,0.0,0.0,-0.00011286485901499028
2026-09-21T04:56:47.798271,6.15,0.9960026244435827,2.729321821752517e-10,0.0,1.3862945813514216e-06,0.0,0.0,6.931472906756553e-07,0.9999999999997597,0.4005248985042571,2.728971862667113e-08,0.0,0.0,0.0,0.00021537100831892585
2026-09-21T04:56:47.824884,6.17,1.0040025914832285,2.8449280768431126e-10,0.0,-5.827886608855693e-07,0.0,0.0,-2.913943304427805e-07,0.9999999999999576,0.4005183064885037,2.844592825632804e-08,0.0,0.0,0.0,-0.0003716111139312234
2026-09-21T04:56:47.851016,6.19,1.0120025589361044,2.0424316124149584e-10,0.0,-7.285223255770746e-07,0.0,0.0,-3.642611627885292e-07,0.9999999999999336,0.40051179711824836,2.0407749341131653e-08,0.0,0.0,0.0,-0.0003833963492557407
2026-09-21T04:56:47.880852,6.2,1.0159999999401543,6.480113241649639e-15,0.0,-3.802291814736236e-12,0.0,0.0,-1.901145907368118e-12,1.0,0.40000000201759955,1.2624346856772722e-08,0.0,0.0,0.0,-0.00030694947860908394
2026-09-21T04:56:47.918344,6.23,1.0280024950609912,2.742999910468516e-10,0.0,-1.5038531402389312e-06,0.0,0.0,-7.519265701193947e-07,0.9999999999997173,0.4004990222033606,2.7427329303483677e-08,0.0,0.0,0.0,-4.1816186081664245e-05
2026-09-21T04:56:47.939050,6.25,1.0360024637228826,2.930420372178577e-10,0.0,-3.1054233269323106e-06,0.0,0.0,-1.5527116634655315e-06,0.9999999999987945,0.4004927546348011,2.930476220189536e-08,0.0,0.0,0.0,0.00020878033149467182
2026-09-21T04:56:47.966305,6.26,1.0399999999397331,-9.57474738590609e-15,0.0,-8.490985692333197e-13,0.0,0.0,-4.2454928461665986e-13,1.0,0.40000000194238466,4.0743722064140076e-08,0.0,0.0,0.0,-0.00021013366169625363
2026-09-21T04:56:47.990119,6.29,1.052002402220727,4.689617609291965e-10,0.0,-3.6441685180577116e-07,0.0,0.0,-1.8220842590288455e-07,0.9999999999999833,0.40048045430861373,4.692975474251982e-08,0.0,0.0,0.0,-2.3351687016920327e-05
2026-09-21T04:56:48.017003,6.3,1.0559999999394563,6.620790167965629e-16,0.0,-4.982680934517703e-13,0.0,0.0,-2.4913404672588513e-13,1.0,0.40000000189380036,4.620227279400409e-08,0.0,0.0,0.0,2.5202448547104617e-05
2026-09-21T04:56:48.055456,6.33,1.0680023422515847,4.1895431248281425e-10,0.0,1.4087075603796961e-06,0.0,0.0,7.043537801897898e-07,0.999999999999752,0.40046846058314634,4.1918159146465926e-08,0.0,0.0,0.0,8.55074824484255e-05
2026-09-21T04:56:48.087583,6.34,1.0719999999391825,1.8960622548867806e-15,0.0,1.886490963443066e-12,0.0,0.0,9.43245481721533e-13,1.0,0.4000000018464271,3.969986567475477e-08,0.0,0.0,0.0,2.884331263957003e-05
2026-09-21T04:56:48.111057,6.37,1.084002283777405,3.2141460820399293e-10,0.0,2.5690189700000587e-06,0.0,0.0,1.2845094849996762e-06,0.999999999999175,0.4004567658484911,3.2145724399183547e-08,0.0,0.0,0.0,8.10208141350614e-05
2026-09-21T04:56:48.142739,6.38,1.087999999938912,4.059318488037245e-15,0.0,2.815525590449397e-12,0.0,0.0,1.4077627952246985e-12,1.0,0.4000000018002473,2.7305200301664858e-08,0.0,0.0,0.0,-0.00020155498918135467
2026-09-21T04:56:48.168753,6.41,1.1000022267610723,3.505450456926982e-10,0.0,2.193650595394558e-06,0.0,0.0,1.0968252976970592e-06,0.9999999999993985,0.40044536268125663,3.5064922391423684e-08,0.0,0.0,0.0,-4.467118183306318e-05
2026-09-21T04:56:48.198158,6.43,1.1080021987882485,2.809707665090467e-10,0.0,-3.6485677950004462e-06,0.0,0.0,-1.8242838974992111e-06,0.999999999998336,0.4004397681655106,2.8092374764553525e-08,0.0,0.0,0.0,0.0003908759297274658
2026-09-21T04:56:48.224864,6.45,1.1160021711663786,4.511812715951299e-10,0.0,7.139955693347133e-07,0.0,0.0,3.569977846673491e-07,0.9999999999999363,0.4004342438401206,4.514796583978877e-08,0.0,0.0,0.0,-0.0001425661970107485
2026-09-21T04:56:48.253448,6.47,1.1240021438910754,3.91627728845732e-10,0.0,-2.679514481407353e-06,0.0,0.0,-1.3397572407032753e-06,0.9999999999991025,0.40042878882767224,3.91795902007901e-08,0.0,0.0,0.0,-1.3092532909897067e-05
2026-09-21T04:56:48.282825,6.49,1.1320021169580057,4.426943747860714e-10,0.0,-7.645426665092713e-07,0.0,0.0,-3.822713332546264e-07,0.999999999999927,0.4004234022615872,4.429736032175181e-08,0.0,0.0,0.0,-0.00027046660526105636
2026-09-21T04:56:48.302963,6.51,1.140002090362891,3.878155650177673e-10,0.0,-4.304597722715187e-06,0.0,0.0,-2.1522988613559314e-06,0.9999999999976839,0.4004180832860432,3.879829002197412e-08,0.0,0.0,0.0,1.2292703676554319e-05
2026-09-21T04:56:48.330487,6.53,1.148002064101504,4.828912460360031e-10,0.0,-1.383204414118211e-06,0.0,0.0,-6.916022070590503e-07,0.9999999999997609,0.40041283105577113,4.832511360597492e-08,0.0,0.0,0.0,-4.840408387402141e-05
2026-09-21T04:56:48.365598,6.55,1.1560020381696725,4.939221064410402e-10,0.0,-2.635404474204961e-06,0.0,0.0,-1.317702237102099e-06,0.9999999999991318,0.4004076447360026,4.94285374944212e-08,0.0,0.0,0.0,-7.476614418122234e-05
2026-09-21T04:56:48.389526,6.57,1.1640020125632726,5.27866188627801e-10,0.0,9.641799083581763e-07,0.0,0.0,4.820899541790693e-07,0.9999999999998838,0.40040252350223265,5.282975915282582e-08,0.0,0.0,0.0,-0.00016640394658463248
2026-09-21T04:56:48.416900,6.59,1.172001987278234,4.5559729086228816e-10,0.0,1.1737329463912262e-07,0.0,0.0,5.868664731956127e-08,0.9999999999999982,0.4003974665402449,4.558717582705843e-08,0.0,0.0,0.0,-3.163156274469112e-05
2026-09-21T04:56:48.438343,6.61,1.180001962310535,4.3586150092485456e-10,0.0,-4.525392602872103e-07,0.0,0.0,-2.262696301436032e-07,0.9999999999999744,0.4003924730458889,4.360995208463682e-08,0.0,0.0,0.0,3.916536744424949e-05
2026-09-21T04:56:48.467515,6.63,1.1880019376562052,4.463582753834069e-10,0.0,-2.9699590005094483e-06,0.0,0.0,-1.4849795002541782e-06,0.9999999999988974,0.4003875422249839,4.4661632072033775e-08,0.0,0.0,0.0,-0.0002084774500623825
2026-09-21T04:56:48.504851,6.66,1.1999999999370974,3.0421154125855353e-15,0.0,-1.3238299345630367e-12,0.0,0.0,-6.619149672815183e-13,1.0,0.40000000150760806,4.2190305970903155e-08,0.0,0.0,0.0,-0.00013431194319852758
2026-09-21T04:56:48.533226,6.67,1.2040018892720152,4.221306435462491e-10,0.0,3.437160372321557e-06,0.0,0.0,1.7185801861599326e-06,0.9999999999985233,0.4003778654759314,4.223403593327427e-08,0.0,0.0,0.0,-4.342361538665234e-05
2026-09-21T04:56:48.561860,6.69,1.2120018655344567,3.2249889087890147e-10,0.0,3.8951343013238215e-06,0.0,0.0,1.9475671506606796e-06,0.9999999999981035,0.4003731180081948,3.2249893537327066e-08,0.0,0.0,0.0,0.0002773134198256088
2026-09-21T04:56:48.583713,6.71,1.2200018420948704,2.889426657018431e-10,0.0,7.401300456955083e-07,0.0,0.0,3.7006502284774575e-07,0.9999999999999315,0.40036843013449713,2.8887279002575184e-08,0.0,0.0,0.0,0.00011453609394704477
2026-09-21T04:56:48.617224,6.73,1.2280018189495252,2.9152914301208635e-10,0.0,5.740609965165789e-07,0.0,0.0,2.870304982582855e-07,0.9999999999999588,0.4003638011087288,2.9148349674411864e-08,0.0,0.0,0.0,0.0005466188025182727
2026-09-21T04:56:48.643959,6.75,1.2360017960947374,3.993482752129739e-10,0.0,-6.138184547310743e-07,0.0,0.0,-3.0690922736553235e-07,0.9999999999999529,0.40035923019404834,3.995006647719035e-08,0.0,0.0,0.0,0.00018997932033221697
2026-09-21T04:56:48.667196,6.76,1.2399999999364797,-4.1346065404235435e-15,0.0,1.071587263368201e-12,0.0,0.0,5.357936316841005e-13,1.0,0.4000000014150127,4.493216110695335e-08,0.0,0.0,0.0,0.00028401341555605545
2026-09-21T04:56:48.696313,6.79,1.2520017512423252,3.5418815332881526e-10,0.0,-2.6908167916062103e-07,0.0,0.0,-1.345408395803101e-07,0.9999999999999909,0.4003502597962518,3.542488018789777e-08,0.0,0.0,0.0,-0.00022029092624667015
2026-09-21T04:56:48.724116,6.8100000000000005,1.2600017292375585,3.0078213021141345e-10,0.0,3.935277170796782e-08,0.0,0.0,1.9676385853983902e-08,0.9999999999999998,0.4003458588847877,3.007602888668555e-08,0.0,0.0,0.0,0.00017557698425347404
2026-09-21T04:56:48.751723,6.83,1.268001707509064,3.339248646933205e-10,0.0,2.8141987229446386e-06,0.0,0.0,1.407099361471855e-06,0.99999999999901,0.40034151322749695,3.3395857257973176e-08,0.0,0.0,0.0,-5.143678984704928e-06
2026-09-21T04:56:48.782159,6.85,1.2760016860533818,2.5917121715686717e-10,0.0,-1.2855080711027258e-06,0.0,0.0,-6.427540355513185e-07,0.9999999999997934,0.40033722213221734,2.5905173711104926e-08,0.0,0.0,0.0,-8.230253231621822e-05
2026-09-21T04:56:48.809222,6.86,1.2799999999358758,-3.9362987950455233e-16,0.0,-1.7577050925865478e-12,0.0,0.0,-8.788525462932739e-13,1.0,0.40000000132808555,2.6353212626734335e-08,0.0,0.0,0.0,-0.0002521324432808863
2026-09-21T04:56:48.838614,6.89,1.2920016439468236,3.0125439698293184e-10,0.0,5.388484978219309e-07,0.0,0.0,2.694242489109622e-07,0.9999999999999637,0.4003288009020007,3.012447860569903e-08,0.0,0.0,0.0,7.144372032286627e-05
2026-09-21T04:56:48.867690,6.91,1.3000016232892393,2.9826315121628563e-10,0.0,-8.428338844623794e-07,0.0,0.0,-4.2141694223117726e-07,0.9999999999999112,0.40032466942538264,2.9822995629505606e-08,0.0,0.0,0.0,0.00010776746935869626
2026-09-21T04:56:48.888918,6.93,1.3080016028910488,3.361652825076942e-10,0.0,-1.1289801471470184e-06,0.0,0.0,-5.644900735734793e-07,0.9999999999998407,0.40032058982720764,3.362104421266445e-08,0.0,0.0,0.0,0.0001856504020501753
2026-09-21T04:56:48.919539,6.94,1.3119999999354026,-5.178746971057297e-15,0.0,6.061817714453355e-13,0.0,0.0,3.0309088572266774e-13,1.0,0.4000000012623916,3.983045727721639e-08,0.0,0.0,0.0,0.00021569363007379797
2026-09-21T04:56:48.955182,6.97,1.3240015628598867,3.792518980838453e-10,0.0,1.7826374034690673e-06,0.0,0.0,8.913187017344156e-07,0.9999999999996028,0.40031258367373407,3.7935965351322534e-08,0.0,0.0,0.0,-6.106976711209313e-05
2026-09-21T04:56:48.981574,6.99,1.3320015432205348,3.1476280601900343e-10,0.0,-1.542290197331653e-06,0.0,0.0,-7.711450986657499e-07,0.9999999999997027,0.4003086558423582,3.1475351157161205e-08,0.0,0.0,0.0,-0.000342530201329908
2026-09-21T04:56:49.007583,7.01,1.3400015238278145,2.6309808339329477e-10,0.0,5.543182934886204e-08,0.0,0.0,2.7715914674431016e-08,0.9999999999999997,0.40030477733707404,2.6301319948515125e-08,0.0,0.0,0.0,-6.5116168556163125e-06
2026-09-21T04:56:49.032451,7.03,1.3480015046786349,2.537394786876828e-10,0.0,1.973038415759021e-06,0.0,0.0,9.865192078793503e-07,0.9999999999995134,0.4003009475395507,2.5362470987941613e-08,0.0,0.0,0.0,-4.7500238009399315e-05
2026-09-21T04:56:49.060454,7.05,1.356001485769942,1.900067247635011e-10,0.0,2.821614450976284e-06,0.0,0.0,1.410807225487674e-06,0.9999999999990048,0.40029716583916725,1.8976331279778454e-08,0.0,0.0,0.0,-0.0004286320651083545
2026-09-21T04:56:49.085401,7.07,1.3640014670987217,1.7964884521325037e-11,0.0,2.469451057418581e-06,0.0,0.0,1.2347255287089768e-06,0.9999999999992377,0.40029343163291764,1.7400376323638195e-09,0.0,0.0,0.0,0.00019310528091000782
2026-09-21T04:56:49.118695,7.09,1.3720014486619958,2.825232403693858e-12,0.0,2.7925434320508197e-07,0.0,0.0,1.3962717160254056e-07,0.9999999999999902,0.400289744325318,2.230028256326273e-10,0.0,0.0,0.0,8.191324403476055e-05
2026-09-21T04:56:49.135769,7.11,1.3800014304568242,1.3110622318814019e-11,0.0,-3.0031710998024157e-06,0.0,0.0,-1.5015855499006433e-06,0.9999999999988726,0.4002861033283131,1.2552303300979043e-09,0.0,0.0,0.0,9.030531009574135e-05
2026-09-21T04:56:49.163248,7.13,1.3880014124803035,1.0210152195041416e-10,0.0,-2.1493995165933204e-06,0.0,0.0,-1.074699758296453e-06,0.9999999999994225,0.40028250806118615,1.0173210639806402e-08,0.0,0.0,0.0,-0.0002327358757330695
2026-09-21T04:56:49.196163,7.15,1.396001394729566,9.391784076600097e-11,0.0,2.3548385721383625e-06,0.0,0.0,1.1774192860689091e-06,0.9999999999993069,0.4002789579504679,9.353567923562043e-09,0.0,0.0,0.0,0.00014090020589589203
2026-09-21T04:56:49.220880,7.17,1.4040013772017805,6.80765215501312e-11,0.0,4.182179211831283e-07,0.0,0.0,2.091089605915626e-07,0.9999999999999781,0.40027545242984774,6.76197084824183e-09,0.0,0.0,0.0,0.00017353626548690466
2026-09-21T04:56:49.248974,7.19,1.4120013598941508,9.563187844390402e-11,0.0,-2.3089778853346843e-06,0.0,0.0,-1.1544889426670857e-06,0.9999999999993335,0.4002719909400855,9.524011332618243e-09,0.0,0.0,0.0,-3.427774872309425e-05
2026-09-21T04:56:49.275790,7.21,1.420001342803915,1.3787351008543807e-10,0.0,-1.1370427288603937e-06,0.0,0.0,-5.685213644301661e-07,0.9999999999998384,0.4002685729289241,1.3758141649561425e-08,0.0,0.0,0.0,-5.739225632549796e-05
2026-09-21T04:56:49.300118,7.23,1.4280013259283468,1.4661325781556902e-10,0.0,2.270230277101603e-06,0.0,0.0,1.135115138550558e-06,0.9999999999993557,0.400265197851004,1.4633393412281643e-08,0.0,0.0,0.0,-0.00016889284670476164
2026-09-21T04:56:49.330965,7.25,1.4360013092647534,4.924068677985697e-11,0.0,2.545462900460649e-06,0.0,0.0,1.2727314502299807e-06,0.9999999999991901,0.40026186516777784,4.8763731379821385e-09,0.0,0.0,0.0,0.000160493942856342
2026-09-21T04:56:49.356868,7.27,1.4440012928104757,2.4258915768927377e-11,0.0,-1.5564347548568949e-06,0.0,0.0,-7.782173774283688e-07,0.9999999999996972,0.4002585743474263,2.3732644698326407e-09,0.0,0.0,0.0,-0.0005509431535191548
2026-09-21T04:56:49.393468,7.29,1.4480012802494937,-1.0786711568849553e-10,0.0,-8.647628848557076e-07,0.0,0.0,-4.3238144242784037e-07,0.9999999999999065,0.4002552622101855,-1.0860666593746051e-08,0.0,0.0,0.0,-0.0001151819433471125
2026-09-21T04:56:49.415573,7.31,1.4600012565235962,-9.473961204851706e-11,0.0,3.3182851089108567e-07,0.0,0.0,1.6591425544554207e-07,0.9999999999999862,0.40025211700873536,-9.545823421607213e-09,0.0,0.0,0.0,4.81935854720507e-05
2026-09-21T04:56:49.441800,7.33,1.468001244681325,-9.185206244365094e-11,0.0,7.543860855996345e-07,0.0,0.0,3.771930427998082e-07,0.9999999999999288,0.40024894862217497,-9.256837180897037e-09,0.0,0.0,0.0,4.70166337361203e-05
2026-09-21T04:56:49.474704,7.35,1.4760012290383322,-9.917243106887175e-11,0.0,8.483208047138646e-07,0.0,0.0,4.241604023569196e-07,0.9999999999999101,0.4002458200570359,-9.989937025071055e-09,0.0,0.0,0.0,-0.0002588483765815717
2026-09-21T04:56:49.497971,7.37,1.4840012135918463,-1.8036567126651078e-10,0.0,-1.9537299231764398e-06,0.0,0.0,-9.768649615880642e-07,0.9999999999995228,0.40024273079384887,-1.8123624521198887e-08,0.0,0.0,0.0,-1.834060011325357e-05
2026-09-21T04:56:49.528054,7.39,1.4920011983394057,-1.3811302311809233e-10,0.0,3.267706684351168e-06,0.0,0.0,1.6338533421748571e-06,0.9999999999986653,0.4002396803394524,-1.3888584419153297e-08,0.0,0.0,0.0,-0.00017482859867327466
2026-09-21T04:56:49.554779,7.41,1.5000011832785751,-2.5558366293166605e-10,0.0,-1.7474947808793218e-06,0.0,0.0,-8.737473904395497e-07,0.9999999999996183,0.40023666820685244,-2.5659726084328166e-08,0.0,0.0,0.0,0.0003257715518810915
2026-09-21T04:56:49.580496,7.43,1.5080011684069499,-1.3618126930198655e-10,0.0,-3.5834371745480102e-06,0.0,0.0,-1.7917185872730463e-06,0.9999999999983948,0.40023369391514607,-1.3694272662734588e-08,0.0,0.0,0.0,0.0002587120333589542
2026-09-21T04:56:49.616312,7.45,1.516001153722156,8.65830780013864e-12,0.0,9.659313837673268e-08,0.0,0.0,4.8296569188366314e-08,0.9999999999999988,0.4002307569894456,8.185657529729629e-10,0.0,0.0,0.0,-0.0004303914982900932
2026-09-21T04:56:49.639077,7.47,1.5240011392218484,-9.676143539762646e-11,0.0,1.9356603964126864e-07,0.0,0.0,9.678301982063416e-08,0.9999999999999953,0.4002278569608044,-9.743909187264681e-09,0.0,0.0,0.0,-0.00011890393793543099
2026-09-21T04:56:49.661037,7.49,1.5320011249037122,-1.2965264489252464e-10,0.0,-6.82349588387865e-07,0.0,0.0,-3.4117479419392587e-07,0.9999999999999418,0.40022499336614326,-1.3039167683939727e-08,0.0,0.0,0.0,0.0003115578946952963
2026-09-21T04:56:49.691033,7.51,1.54000111076546,-4.0445679989481036e-11,0.0,-3.4679286313732413e-06,0.0,0.0,-1.7339643156857514e-06,0.9999999999984966,0.40022216574817765,-4.101247435301214e-09,0.0,0.0,0.0,-0.0001527679522607115
2026-09-21T04:56:49.720204,7.53,1.5440011004914234,-7.801720387270574e-11,0.0,1.5819960927920818e-06,0.0,0.0,7.909980463959584e-07,0.9999999999996871,0.4002193109972885,-7.86295891429813e-09,0.0,0.0,0.0,0.00010076815689253848
2026-09-21T04:56:49.744547,7.54,1.5519999959321473,8.921240856562493e-16,0.0,2.1578294706614543e-12,0.0,0.0,1.0789147353307271e-12,1.0,0.40000000088261467,-1.2864321798964287e-08,0.0,0.0,0.0,5.021710471141424e-05
2026-09-21T04:56:49.781304,7.57,1.5600010730980443,-1.5068834319340915e-10,0.0,-1.1993937625298658e-06,0.0,0.0,-5.996968812648969e-07,0.9999999999998201,0.4002138323860448,-1.5144926414207096e-08,0.0,0.0,0.0,0.00014225257585928224
2026-09-21T04:56:49.806785,7.58,1.5679999959319386,-5.361570719039928e-15,0.0,1.8562928971732617e-13,0.0,0.0,9.281464485866309e-14,1.0,0.4000000008609755,-5.984825468325288e-09,0.0,0.0,0.0,-0.00022608603259919135
2026-09-21T04:56:49.839802,7.6,1.5759999999317689,-4.462677602859119e-15,0.0,-1.91402449445377e-12,0.0,0.0,-9.57012247226885e-13,1.0,0.40000000083035814,-8.718844590659133e-10,0.0,0.0,0.0,-0.00016140424345009431
2026-09-21T04:56:49.868317,7.62,1.5839999999316694,-4.5908805976932745e-15,0.0,-7.389644451905042e-13,0.0,0.0,-3.694822225952521e-13,1.0,0.4000000008198738,4.435980927651419e-09,0.0,0.0,0.0,7.546509343067269e-05
2026-09-21T04:56:49.891689,7.65,1.5960010166558107,-2.8704626970177803e-11,0.0,4.82666089407502e-06,0.0,0.0,2.413330447035167e-06,0.9999999999970879,0.40020334403938984,-2.9219054358167812e-09,0.0,0.0,0.0,-6.072556323784566e-05
2026-09-21T04:56:49.921783,7.67,1.6040010038775896,-1.5744576656261323e-10,0.0,1.048243759349532e-06,0.0,0.0,5.241218796747419e-07,0.9999999999998627,0.4002007884259581,-1.582223464915811e-08,0.0,0.0,0.0,0.000288430318797126
2026-09-21T04:56:49.948248,7.69,1.6120009912599222,-1.1362260361901618e-10,0.0,8.076980106963563e-07,0.0,0.0,4.0384900534816707e-07,0.9999999999999184,0.4001982649230785,-1.1429558434297934e-08,0.0,0.0,0.0,-0.00014962647029593138
2026-09-21T04:56:49.976845,7.71,1.620000978800793,-1.6766198634541027e-10,0.0,-1.6972138761062183e-07,0.0,0.0,-8.486069380531081e-08,0.9999999999999964,0.4001957731275971,-1.684244524133992e-08,0.0,0.0,0.0,0.0001813041389174666
2026-09-21T04:56:50.010814,7.73,1.6280009664982107,-1.2022526783203094e-10,0.0,-2.0372977633797973e-06,0.0,0.0,-1.0186488816897225e-06,0.9999999999994812,0.40019331264141017,-1.2089200280593781e-08,0.0,0.0,0.0,-4.026711913041034e-05
2026-09-21T04:56:50.034545,7.75,1.6360009543502108,-8.175193790542283e-11,0.0,2.3123377257405767e-07,0.0,0.0,1.1561688628702857e-07,0.9999999999999933,0.40019088307140144,-8.232837647231349e-09,0.0,0.0,0.0,-0.00013033731916461727
2026-09-21T04:56:50.063971,7.77,1.6440009423548514,-1.181709597328321e-10,0.0,1.438169884515617e-06,0.0,0.0,7.190849422577463e-07,0.9999999999997414,0.4001884840293799,-1.1882237578630169e-08,0.0,0.0,0.0,0.00020135698233480514
2026-09-21T04:56:50.095839,7.79,1.6520009305102161,-1.0443274167569001e-10,0.0,2.3663977888332972e-08,0.0,0.0,1.1831988944166483e-08,0.9999999999999999,0.4001861151320188,-1.0506428938326313e-08,0.0,0.0,0.0,0.0001622281310628277
2026-09-21T04:56:50.119169,7.8100000000000005,1.6600009188144125,-6.693364968009668e-11,0.0,2.8109147187649347e-07,0.0,0.0,1.4054573593824626e-07,0.9999999999999901,0.4001837760007947,-6.748192229446613e-09,0.0,0.0,0.0,0.00019898355925456897
2026-09-21T04:56:50.154634,7.83,1.6680009072655724,-2.7416523292207852e-11,0.0,-5.156375655346324e-07,0.0,0.0,-2.578187827673133e-07,0.9999999999999668,0.4001814662619528,-2.7888238176687515e-09,0.0,0.0,0.0,0.0005460071256032539
2026-09-21T04:56:50.180465,7.86,1.6799999999304531,-1.38791746880462e-14,0.0,-1.438849039914203e-13,0.0,0.0,-7.194245199571014e-14,1.0,0.4000000007039038,2.773553530711169e-08,0.0,0.0,0.0,0.0003521108648401663
2026-09-21T04:56:50.206532,7.87,1.6840008846014203,2.7742110622087947e-10,0.0,-3.1195006311435236e-06,0.0,0.0,-1.5597503155711293e-06,0.9999999999987836,0.4001769334895363,2.7754687626092336e-08,0.0,0.0,0.0,3.3294788863033554e-05
2026-09-21T04:56:50.237017,7.89,1.6880008771690576,2.7881224969919513e-10,0.0,-2.7219444405091053e-06,0.0,0.0,-1.3609722202541325e-06,0.9999999999990739,0.4001746470699844,2.7894072180143597e-08,0.0,0.0,0.0,-0.00019561766361631179
2026-09-21T04:56:50.266297,7.91,1.7000008585074724,3.547574851139963e-10,0.0,2.4371889431051845e-06,0.0,0.0,1.2185944715522905e-06,0.9999999999992575,0.4001725147247221,3.5502908229754564e-08,0.0,0.0,0.0,-0.00015262093699562642
2026-09-21T04:56:50.292568,7.93,1.7080008516659053,2.5449660470446044e-10,0.0,-9.959225391042994e-07,0.0,0.0,-4.97961269552129e-07,0.999999999999876,0.40017034647291644,2.545495979844594e-08,0.0,0.0,0.0,0.00012586776921887612
2026-09-21T04:56:50.323461,7.95,1.7160008409608403,3.0166013132152027e-10,0.0,-1.4219708268647935e-06,0.0,0.0,-7.109854134323368e-07,0.9999999999997472,0.400168205487335,3.018159584316939e-08,0.0,0.0,0.0,-0.00040071366678749135
2026-09-21T04:56:50.354066,7.97,1.724000830390292,2.34462998432112e-10,0.0,7.366053398349948e-07,0.0,0.0,3.6830266991748907e-07,0.9999999999999322,0.4001660914057239,2.3450061365058923e-08,0.0,0.0,0.0,3.6791629394531055e-05
2026-09-21T04:56:50.382070,7.99,1.732000819952575,2.2043880184732635e-10,0.0,-7.186299439965183e-07,0.0,0.0,-3.593149719982514e-07,0.9999999999999355,0.40016400389018336,2.2043247810322444e-08,0.0,0.0,0.0,-9.522906994978405e-05
2026-09-21T04:56:50.405635,8.01,1.7400008096460207,2.0973525843610775e-10,0.0,-2.8206139992548174e-06,0.0,0.0,-1.4103069996269411e-06,0.9999999999990055,0.40016194260705057,2.0971835734660082e-08,0.0,0.0,0.0,0.0001039692380069782
2026-09-21T04:56:50.438535,8.03,1.7480007994689817,2.9526958146100015e-10,0.0,-1.47084801671582e-07,0.0,0.0,-7.354240083579093e-08,0.9999999999999973,0.4001599072268473,2.9542226787055434e-08,0.0,0.0,0.0,-0.00022891769940870362
2026-09-21T04:56:50.459430,8.05,1.7560007894198315,2.38608470664069e-10,0.0,-2.0456942806390548e-06,0.0,0.0,-1.0228471403193489e-06,0.9999999999994769,0.40015789742422714,2.3864370974948554e-08,0.0,0.0,0.0,-0.0002341133047966486
2026-09-21T04:56:50.492884,8.07,1.7640007794969634,2.2612951039659393e-10,0.0,-2.9157418324210482e-06,0.0,0.0,-1.4578709162100076e-06,0.9999999999989373,0.4001559128779241,2.2615125575111966e-08,0.0,0.0,0.0,-0.0001299630752473199
2026-09-21T04:56:50.518339,8.09,1.7720007696987918,2.5872431181225406e-10,0.0,2.885219356763003e-07,0.0,0.0,1.4426096783814962e-07,0.9999999999999896,0.4001539532707019,2.588105502215397e-08,0.0,0.0,0.0,0.00014372853988467346
2026-09-21T04:56:50.542605,8.11,1.7800007600237502,2.799167057180623e-10,0.0,-1.3737346455933166e-06,0.0,0.0,-6.868673227966042e-07,0.9999999999997641,0.40015201828930325,2.8002150129534813e-08,0.0,0.0,0.0,0.00021936855905943094
2026-09-21T04:56:50.569594,8.12,1.7839999999291862,-6.423145849604852e-15,0.0,6.834532939592464e-13,0.0,0.0,3.417266469796232e-13,1.0,0.4000000005966002,3.572430242355032e-08,0.0,0.0,0.0,0.000156500771457296
2026-09-21T04:56:50.602119,8.14,1.7919999999290905,3.5397700542732417e-15,0.0,1.3957723865587468e-12,0.0,0.0,6.978861932793734e-13,1.0,0.40000000058905355,3.15830537429652e-08,0.0,0.0,0.0,-2.758128004724455e-05
2026-09-21T04:56:50.631193,8.17,1.804000731722034,2.95583613143192e-10,0.0,-3.55305815435969e-07,0.0,0.0,-1.7765290771798355e-07,0.9999999999999842,0.40014635802612375,2.9571991007188185e-08,0.0,0.0,0.0,-0.0001895369682606432
2026-09-21T04:56:50.664520,8.18,1.8079999999288998,3.586953779308993e-15,0.0,-1.8749446439869644e-12,0.0,0.0,-9.374723219934822e-13,1.0,0.4000000005742436,2.5297626052235806e-08,0.0,0.0,0.0,0.0001243352080517179
2026-09-21T04:56:50.701168,8.2,1.815999999928805,2.593913219219021e-15,0.0,1.1759482276829658e-12,0.0,0.0,5.879741138414829e-13,1.0,0.40000000056697793,2.2209741934906824e-08,0.0,0.0,0.0,0.00027421170666823674
2026-09-21T04:56:50.725384,8.23,1.8280007044739581,1.3396671337176093e-10,0.0,-1.5809679045908354e-06,0.0,0.0,-7.904839522953353e-07,0.9999999999996876,0.40014090848977574,1.337814854732418e-08,0.0,0.0,0.0,-0.0001212901539942938
2026-09-21T04:56:50.758093,8.25,1.8360006956185888,1.3873528397809667e-10,0.0,1.955009183873813e-06,0.0,0.0,9.775045919367507e-07,0.9999999999995223,0.4001391374419034,1.3858397313085218e-08,0.0,0.0,0.0,-0.0002321168980745874
2026-09-21T04:56:50.782500,8.26,1.8399999999285215,8.624209625272945e-15,0.0,-3.0464519795714295e-13,0.0,0.0,-1.5232259897857148e-13,1.0,0.4000000005457242,3.4866317725068774e-09,0.0,0.0,0.0,7.723531885347912e-05
2026-09-21T04:56:50.812194,8.29,1.8520006782403118,-5.675865508115801e-11,0.0,2.3573918763730717e-06,0.0,0.0,1.1786959381862629e-06,0.9999999999993053,0.40013566183808225,-5.728388365441003e-09,0.0,0.0,0.0,0.00013585310274950873
2026-09-21T04:56:50.832696,8.31,1.8600006697146256,-8.090616713038558e-11,0.0,-6.137556485263929e-07,0.0,0.0,-3.068778242631916e-07,0.9999999999999529,0.40013395672642366,-8.148717513236901e-09,0.0,0.0,0.0,-0.00019134543508686684
2026-09-21T04:56:50.857855,8.33,1.868000661296084,-1.1180025163439396e-10,0.0,5.59471689864921e-07,0.0,0.0,2.7973584493245686e-07,0.9999999999999609,0.4001322730435971,-1.1241484922999041e-08,0.0,0.0,0.0,2.5594452213524506e-05
2026-09-21T04:56:50.890363,8.35,1.8760006529833415,-1.1876283289272952e-10,0.0,-2.697936057227679e-06,0.0,0.0,-1.3489680286134303e-06,0.9999999999990902,0.4001306105203886,-1.1939501493215782e-08,0.0,0.0,0.0,-0.00031766776847149823
2026-09-21T04:56:50.910983,8.37,1.884000644775068,-1.2979444969262185e-10,0.0,-1.5349288933208531e-06,0.0,0.0,-7.67464446660351e-07,0.9999999999997055,0.400128968890963,-1.304206525870938e-08,0.0,0.0,0.0,-0.00039560692109866485
2026-09-21T04:56:50.941048,8.39,1.8920006366699518,-1.8616689239664288e-10,0.0,1.0081715346998976e-06,0.0,0.0,5.040857673499274e-07,0.999999999999873,0.40012734789282156,-1.868994306298108e-08,0.0,0.0,0.0,-0.00018919186603990435
2026-09-21T04:56:50.966171,8.41,1.9000006286666968,-2.528018980717143e-10,0.0,1.6930358213151921e-06,0.0,0.0,8.465179106574948e-07,0.9999999999996417,0.40012574726676026,-2.5367048058278464e-08,0.0,0.0,0.0,-0.0003513498962101735
2026-09-21T04:56:50.994389,8.42,1.9039999999277746,9.675807887786654e-15,0.0,-1.5161205624281138e-12,0.0,0.0,-7.580602812140569e-13,1.0,0.4000000004928365,-3.71417143288599e-08,0.0,0.0,0.0,9.539030552122946e-05
2026-09-21T04:56:51.024804,8.45,1.9160006129606666,-3.5297850430566445e-10,0.0,8.520399035205628e-07,0.0,0.0,4.2601995176026854e-07,0.9999999999999093,0.4001226061102896,-3.5402516087546315e-08,0.0,0.0,0.0,0.00010015876091484838
2026-09-21T04:56:51.046521,8.47,1.92400060525538,-3.4531038868187094e-10,0.0,-7.083813584607412e-07,0.0,0.0,-3.541906792303632e-07,0.9999999999999373,0.4001210650775775,-3.463334501424356e-08,0.0,0.0,0.0,-0.0001655135288234559
2026-09-21T04:56:51.083866,8.49,1.9320005976469308,-3.6348697893132596e-10,0.0,3.2582343041376313e-06,0.0,0.0,1.6291171520680946e-06,0.999999999998673,0.40011954341226036,-3.6452467735876206e-08,0.0,0.0,0.0,-8.616015345131985e-05
2026-09-21T04:56:51.104297,8.51,1.9400005901341026,-4.557471819150441e-10,0.0,-5.95257306112984e-07,0.0,0.0,-2.976286530564876e-07,0.9999999999999557,0.4001180408709996,-4.569727829631087e-08,0.0,0.0,0.0,-0.00019556005758549833
2026-09-21T04:56:51.136003,8.53,1.948000582715694,-4.818019692741456e-10,0.0,5.72497226869473e-06,0.0,0.0,2.862486134343455e-06,0.999999999995903,0.4001165572135117,-4.8304540748148005e-08,0.0,0.0,0.0,-2.9392940943834072e-05
2026-09-21T04:56:51.161344,8.55,1.9560005753905183,-6.166113338144676e-10,0.0,3.6913126617577063e-06,0.0,0.0,1.8456563308778054e-06,0.9999999999982968,0.4001150922025295,-6.18134885025933e-08,0.0,0.0,0.0,3.2933706520125246e-06
2026-09-21T04:56:51.186799,8.57,1.9640005681574042,-6.939182222459247e-10,0.0,-9.52688781197253e-07,0.0,0.0,-4.7634439059860843e-07,0.9999999999998865,0.4001136456037649,-6.955654814518753e-08,0.0,0.0,0.0,0.0001312777647826116
2026-09-21T04:56:51.213082,8.6,1.9759999999269495,-1.1769052687306384e-14,0.0,-6.799005802804459e-13,0.0,0.0,-3.3995029014022293e-13,1.0,0.4000000004393963,-4.943565014738381e-08,0.0,0.0,0.0,0.00022881185569090874
2026-09-21T04:56:51.239735,8.61,1.9800005539627485,-4.95618425433654e-10,0.0,-1.017604442044018e-06,0.0,0.0,-5.08802221021987e-07,0.9999999999998705,0.40011080672040666,-4.968358859070174e-08,0.0,0.0,0.0,-0.00018500378787397547
2026-09-21T04:56:51.268494,8.63,1.9880005469989368,-5.08450471357093e-10,0.0,-3.058507931363863e-06,0.0,0.0,-1.5292539656813354e-06,0.9999999999988307,0.4001094139817974,-5.096884114060541e-08,0.0,0.0,0.0,-0.0001769770457413354
2026-09-21T04:56:51.293104,8.64,1.9919999999267683,-3.510474949042787e-15,0.0,-4.023448241241567e-12,0.0,0.0,-2.0117241206207837e-12,1.0,0.4000000004283244,-4.701030380768296e-08,0.0,0.0,0.0,-0.00022871184278138842
2026-09-21T04:56:51.317266,8.67,2.004000533332777,-4.4095431228418826e-10,0.0,-1.4358030324679305e-06,0.0,0.0,-7.179015162339036e-07,0.9999999999997423,0.40010668079697675,-4.4204112359629926e-08,0.0,0.0,0.0,0.0001401779057663641
2026-09-21T04:56:51.349609,8.69,2.012000526628244,-3.683966900728374e-10,0.0,-1.7672702989912636e-06,0.0,0.0,-8.836351494955168e-07,0.9999999999996096,0.4001053399136383,-3.6934685346798345e-08,0.0,0.0,0.0,-0.0002457784703899974
2026-09-21T04:56:51.379322,8.7,2.0159999999264984,6.274607051947462e-16,0.0,-3.5198510772715963e-12,0.0,0.0,-1.7599255386357981e-12,1.0,0.40000000041223294,-3.7879512264969855e-08,0.0,0.0,0.0,0.0003487714125619156
2026-09-21T04:56:51.404491,8.72,2.023999999926409,7.193612102439019e-17,0.0,5.46318545957547e-12,0.0,0.0,2.731592729787735e-12,1.0,0.40000000040700334,-3.83518749901478e-08,0.0,0.0,0.0,0.00012106164828558949
2026-09-21T04:56:51.432717,8.74,2.03199999992632,5.595275765849069e-16,0.0,1.4570566975180554e-12,0.0,0.0,7.285283487590277e-13,1.0,0.40000000040183953,-3.941103614539782e-08,0.0,0.0,0.0,-0.00012367122306060355
2026-09-21T04:56:51.463414,8.77,2.0440005006422206,-3.961095973189958e-10,0.0,-1.4886605854691481e-06,0.0,0.0,-7.443302927345054e-07,0.999999999999723,0.4001001428012414,-3.970798027966883e-08,0.0,0.0,0.0,0.000246218450733951
2026-09-21T04:56:51.490189,8.79,2.052000494348547,-2.979755903625789e-10,0.0,1.30789998520342e-06,0.0,0.0,6.539499926016635e-07,0.9999999999997862,0.4000988840893646,-2.987578066436875e-08,0.0,0.0,0.0,6.236651670835204e-05
2026-09-21T04:56:51.521485,8.8,2.055999999926053,7.521341524368865e-16,0.0,1.609823385706477e-12,0.0,0.0,8.049116928532385e-13,1.0,0.40000000038673417,-3.0934399396154863e-08,0.0,0.0,0.0,0.00010133307727549705
2026-09-21T04:56:51.552486,8.83,2.0680004819975073,-3.3585648286175044e-10,0.0,-4.305103103341423e-06,0.0,0.0,-2.1525515516690494e-06,0.9999999999976833,0.4000964139267604,-3.3670769088512336e-08,0.0,0.0,0.0,0.00018604099918383024
2026-09-21T04:56:51.571049,8.85,2.0760004759381654,-1.866894178244664e-10,0.0,4.208661690263682e-07,0.0,0.0,2.1043308451318254e-07,0.9999999999999779,0.4000952020809394,-1.8722810936939986e-08,0.0,0.0,0.0,-0.00015381352219429127
2026-09-21T04:56:51.606299,8.870000000000001,2.0840004699549786,-2.3048006412356843e-10,0.0,2.6855005770265454e-06,0.0,0.0,1.342750288512869e-06,0.9999999999990985,0.40009400546617335,-2.3111761812755557e-08,0.0,0.0,0.0,0.00019801988382369033
2026-09-21T04:56:51.634871,8.89,2.092000464046992,-2.441110548324038e-10,0.0,6.548283852936265e-07,0.0,0.0,3.2741419264680744e-07,0.9999999999999464,0.4000928238910636,-2.4478624114131535e-08,0.0,0.0,0.0,-0.0003275175312852486
2026-09-21T04:56:51.653517,8.91,2.1000004582132576,-3.3324833684952745e-10,0.0,3.1763728860489952e-06,0.0,0.0,1.5881864430238297e-06,0.9999999999987388,0.4000916571666156,-3.340683412621021e-08,0.0,0.0,0.0,1.3568247676932013e-05
2026-09-21T04:56:51.683163,8.93,2.108000452452845,-4.000052673556159e-10,0.0,2.1903521525423746e-06,0.0,0.0,1.0951760762709681e-06,0.9999999999994003,0.40009050510620864,-4.0096266856016045e-08,0.0,0.0,0.0,-0.00010256517081536719
2026-09-21T04:56:51.709536,8.95,2.116000446764831,-4.698312761621674e-10,0.0,2.7996507157013184e-07,0.0,0.0,1.3998253578506547e-07,0.9999999999999902,0.400089367525566,-4.709060972015388e-08,0.0,0.0,0.0,0.0002217762479004851
2026-09-21T04:56:51.740438,8.97,2.124000441148307,-4.175480474780286e-10,0.0,1.7291183498358011e-06,0.0,0.0,8.645591749177928e-07,0.9999999999996263,0.40008824424272554,-4.185106342830219e-08,0.0,0.0,0.0,-6.408645356039967e-05
2026-09-21T04:56:51.764825,8.99,2.1320004356023734,-4.671811511183969e-10,0.0,-2.2415122540309085e-06,0.0,0.0,-1.1207561270152196e-06,0.999999999999372,0.40008713507801086,-4.682337894480005e-08,0.0,0.0,0.0,-3.4786153438410444e-05
2026-09-21T04:56:51.798439,9.01,2.140000430126144,-4.1596096738529926e-10,0.0,1.149233941344363e-06,0.0,0.0,5.746169706721499e-07,0.9999999999998349,0.4000860398540024,-4.1688857630534206e-08,0.0,0.0,0.0,0.00026997473179759385
2026-09-21T04:56:51.824577,9.02,2.1439999999250854,-3.843225687976528e-15,0.0,3.206768184327302e-12,0.0,0.0,1.603384092163651e-12,1.0,0.40000000033600286,-3.7267181133156054e-08,0.0,0.0,0.0,-0.00016241019354452338
2026-09-21T04:56:51.852753,9.04,2.1519999999249984,-5.920030189189463e-15,0.0,-4.924949337237194e-13,0.0,0.0,-2.462474668618597e-13,1.0,0.4000000003317314,-3.050959881506069e-08,0.0,0.0,0.0,0.00010967795042070427
2026-09-21T04:56:51.883816,9.07,2.1640004141069755,-3.336165193651068e-10,0.0,-1.075029671504524e-06,0.0,0.0,-5.375148357522361e-07,0.9999999999998556,0.4000828360852813,-3.343882537362222e-08,0.0,0.0,0.0,-6.371250651905687e-05
2026-09-21T04:56:51.907053,9.09,2.1720004089009115,-3.1854292036317913e-10,0.0,7.802930016787002e-06,0.0,0.0,3.901465008383603e-06,0.9999999999923893,0.40008179489405776,-3.1926843878249286e-08,0.0,0.0,0.0,-0.00010163831009015335
2026-09-21T04:56:51.936247,9.1,2.175999999924738,1.6602281401521302e-14,0.0,5.6554760874405474e-12,0.0,0.0,2.8277380437202737e-12,1.0,0.40000000031923644,-5.198061355777689e-08,0.0,0.0,0.0,2.8393908325934878e-05
2026-09-21T04:56:51.966965,9.13,2.1880003986842604,-4.632694024149521e-10,0.0,-2.5255739366514263e-07,0.0,0.0,-1.2627869683257097e-07,0.999999999999992,0.4000797516066028,-4.6426458428341036e-08,0.0,0.0,0.0,-0.00020161651752597593
2026-09-21T04:56:51.994884,9.15,2.1960003936720387,-4.97750796090864e-10,0.0,-7.610006340641463e-07,0.0,0.0,-3.8050031703206394e-07,0.9999999999999276,0.4000787491835169,-4.987945889598726e-08,0.0,0.0,0.0,-0.00015052691589053144
2026-09-21T04:56:52.015029,9.17,2.2040003887228137,-5.077164373286607e-10,0.0,4.1145855744773035e-07,0.0,0.0,2.057292787238637e-07,0.9999999999999788,0.4000777593597066,-5.087690406342117e-08,0.0,0.0,0.0,0.00021663602229201633
2026-09-21T04:56:52.047968,9.19,2.2120003838357936,-4.588051597741661e-10,0.0,5.843982231468203e-08,0.0,0.0,2.9219911157341013e-08,0.9999999999999996,0.4000767819768323,-4.597689564707331e-08,0.0,0.0,0.0,0.0001238886916400046
2026-09-21T04:56:52.069738,9.21,2.2200003790101968,-4.2413296712404145e-10,0.0,2.787750466026751e-06,0.0,0.0,1.393875233012924e-06,0.9999999999990286,0.4000758168785436,-4.2502120160532924e-08,0.0,0.0,0.0,8.851801336786416e-05
2026-09-21T04:56:52.107501,9.22,2.2239999999242204,2.8858137424552325e-15,0.0,3.0602187450767815e-12,0.0,0.0,1.5301093725383907e-12,1.0,0.4000000002956249,-4.613916601078516e-08,0.0,0.0,0.0,-4.924639285364935e-05
2026-09-21T04:56:52.132473,9.24,2.231999999924135,-1.4546123986613006e-15,0.0,-5.861977570020827e-13,0.0,0.0,-2.9309887850104133e-13,1.0,0.4000000002918609,-4.477567076957147e-08,0.0,0.0,0.0,-0.00032362772305210815
2026-09-21T04:56:52.159384,9.27,2.244000364894275,-2.672066113722569e-10,0.0,3.596646248826829e-06,0.0,0.0,1.7983231244124454e-06,0.9999999999983831,0.40007299375700434,-2.6776528035806998e-08,0.0,0.0,0.0,-0.00010866734667742392
2026-09-21T04:56:52.186029,9.29,2.2520003603067487,-3.730782377271653e-10,0.0,-4.860526736649719e-08,0.0,0.0,-2.4302633683248583e-08,0.9999999999999997,0.400072076272472,-3.7386116986840856e-08,0.0,0.0,0.0,-0.0003273290004426886
2026-09-21T04:56:52.212070,9.3,2.2559999999238785,5.5686313205414825e-15,0.0,-2.7675639557855902e-12,0.0,0.0,-1.3837819778927951e-12,1.0,0.4000000002808505,-4.421781564867673e-08,0.0,0.0,0.0,0.00016288939499327148
2026-09-21T04:56:52.241686,9.33,2.2680003513039493,-5.642006003404821e-10,0.0,-2.968731664942936e-07,0.0,0.0,-1.4843658324714626e-07,0.999999999999989,0.40007027575390675,-5.6531633661503964e-08,0.0,0.0,0.0,-0.0002715086916551114
2026-09-21T04:56:52.271101,9.35,2.2760003468872356,-6.121655871398659e-10,0.0,-1.446569869223424e-06,0.0,0.0,-7.23284934611649e-07,0.9999999999997384,0.4000693924318377,-6.13354349059167e-08,0.0,0.0,0.0,0.0001827171875192214
2026-09-21T04:56:52.300413,9.37,2.284000342526035,-5.257330596074831e-10,0.0,-3.503970827267722e-06,0.0,0.0,-1.7519854136329645e-06,0.9999999999984652,0.4000685202122324,-5.267501778917624e-08,0.0,0.0,0.0,-5.459896470820974e-05
2026-09-21T04:56:52.319123,9.39,2.29200033821965,-4.480670019428443e-10,0.0,8.667120683369944e-07,0.0,0.0,4.3335603416848366e-07,0.9999999999999061,0.4000676589555566,-4.489161755021599e-08,0.0,0.0,0.0,-5.74972844842153e-05
2026-09-21T04:56:52.349778,9.41,2.3000003339673896,-4.748075558391577e-10,0.0,2.3953701080436933e-06,0.0,0.0,1.1976850540215601e-06,0.9999999999992828,0.40006680852402954,-4.7572379043499406e-08,0.0,0.0,0.0,0.00026471585363188095
2026-09-21T04:56:52.379038,9.42,2.3039999999233682,-1.4220054380934887e-15,0.0,4.2015280143914424e-12,0.0,0.0,2.1007640071957212e-12,1.0,0.4000000002600443,-4.60484870428453e-08,0.0,0.0,0.0,9.340999260550484e-05
2026-09-21T04:56:52.402597,9.44,2.3119999999232834,-5.3149658553171154e-15,0.0,3.439470930288735e-12,0.0,0.0,1.7197354651443675e-12,1.0,0.40000000025672755,-4.0025981114542215e-08,0.0,0.0,0.0,-4.7050936343587875e-05
2026-09-21T04:56:52.428945,9.47,2.3240003215286076,-4.406424117164966e-10,0.0,3.973443396532162e-08,0.0,0.0,1.9867216982660807e-08,0.9999999999999998,0.4000643208283681,-4.414655170655928e-08,0.0,0.0,0.0,-7.520880345525117e-05
2026-09-21T04:56:52.456555,9.49,2.332000317486135,-4.521693170885376e-10,0.0,2.348057303702689e-06,0.0,0.0,1.1740286518510745e-06,0.9999999999993108,0.40006351235392534,-4.530128238606261e-08,0.0,0.0,0.0,-1.1739517629441782e-05
2026-09-21T04:56:52.483236,9.51,2.3400003134944716,-5.027518765424624e-10,0.0,1.5642622956946186e-06,0.0,0.0,7.821311478472295e-07,0.9999999999996941,0.4000627140412633,-5.0369733865523813e-08,0.0,0.0,0.0,-2.883584944077654e-05
2026-09-21T04:56:52.516381,9.53,2.3480003095529782,-5.381458863286344e-10,0.0,1.1668851218615828e-08,0.0,0.0,5.834425609307914e-09,1.0,0.4000619257626676,-5.3914646520230904e-08,0.0,0.0,0.0,-7.307744908199908e-05
2026-09-21T04:56:52.540613,9.54,2.3519999999228616,3.9621359695697234e-16,0.0,-5.986322548778844e-13,0.0,0.0,-2.993161274389422e-13,1.0,0.4000000002407587,-5.45884450707393e-08,0.0,0.0,0.0,0.00027247162279540654
2026-09-21T04:56:52.562741,9.56,2.3599999999227776,7.47475182096314e-16,0.0,3.764988321108831e-12,0.0,0.0,1.8824941605544154e-12,1.0,0.40000000023768434,-5.588485545537936e-08,0.0,0.0,0.0,5.763450271586839e-05
2026-09-21T04:56:52.588437,9.59,2.3720002980232575,-5.680979456280134e-10,0.0,-1.3128382048144262e-06,0.0,0.0,-6.564191024071659e-07,0.9999999999997845,0.4000596198780835,-5.691270360385638e-08,0.0,0.0,0.0,-0.00021858369353008856
2026-09-21T04:56:52.618489,9.61,2.3800002942762197,-5.793685297647006e-10,0.0,-1.6110042837524927e-06,0.0,0.0,-8.055021418761593e-07,0.9999999999996756,0.40005887049040206,-5.8039828322593e-08,0.0,0.0,0.0,5.97459875559766e-05
2026-09-21T04:56:52.644647,9.63,2.388000290576279,-5.180665055709509e-10,0.0,2.3945643690126413e-06,0.0,0.0,1.1972821845060348e-06,0.9999999999992832,0.4000581305218863,-5.1897524580943985e-08,0.0,0.0,0.0,-0.00010622201396508053
2026-09-21T04:56:52.677412,9.65,2.3960002869228423,-5.906623450554187e-10,0.0,-1.3074566229676066e-07,0.0,0.0,-6.537283114838028e-08,0.9999999999999979,0.40005739985415323,-5.917199013713846e-08,0.0,0.0,0.0,-0.00010061503610513936
2026-09-21T04:56:52.713629,9.67,2.4040002833153244,-6.015155873193279e-10,0.0,2.028849944490929e-06,0.0,0.0,1.0144249722452905e-06,0.9999999999994855,0.4000566783703071,-6.025722514876629e-08,0.0,0.0,0.0,2.45014340808136e-05
2026-09-21T04:56:52.741021,9.68,2.407999999922275,2.3077068293207485e-15,0.0,1.894484569220367e-12,0.0,0.0,9.472422846101836e-13,1.0,0.4000000002200329,-6.323614414958691e-08,0.0,0.0,0.0,-0.00011537187533840958
2026-09-21T04:56:52.768894,9.71,2.4200002762357475,-5.569884250370575e-10,0.0,8.843396415159079e-07,0.0,0.0,4.4216982075793946e-07,0.9999999999999022,0.4000552624940197,-5.5794307963287946e-08,0.0,0.0,0.0,-2.082554241264524e-05
2026-09-21T04:56:52.801033,9.73,2.428000272762556,-5.733663222432074e-10,0.0,-5.244741401178034e-07,0.0,0.0,-2.622370700588986e-07,0.9999999999999656,0.40005456787505805,-5.743529452877628e-08,0.0,0.0,0.0,-0.0001368742333813894
2026-09-21T04:56:52.825957,9.75,2.436000269333018,-5.836448063884232e-10,0.0,4.649975555715003e-07,0.0,0.0,2.3249877778574803e-07,0.999999999999973,0.40005388198690683,-5.846342775992563e-08,0.0,0.0,0.0,-2.8544854581524133e-05
2026-09-21T04:56:52.855987,9.77,2.4440002659465865,-5.915080963729365e-10,0.0,1.474415629587611e-07,0.0,0.0,7.372078147938048e-08,0.9999999999999973,0.40005320471983274,-5.925115952325019e-08,0.0,0.0,0.0,-9.44843017528415e-05
2026-09-21T04:56:52.880205,9.79,2.452000262602718,-6.072691729542278e-10,0.0,-3.8567030817837625e-06,0.0,0.0,-1.9283515408906865e-06,0.9999999999981407,0.4000525359654815,-6.082921876228291e-08,0.0,0.0,0.0,-0.00027586991915111935
2026-09-21T04:56:52.912555,9.81,2.4600002593008785,-5.713675916986979e-10,0.0,-1.752939689403377e-06,0.0,0.0,-8.764698447015761e-07,0.9999999999996159,0.4000518756168605,-5.72291544211023e-08,0.0,0.0,0.0,-5.114862906761234e-05
2026-09-21T04:56:52.935320,9.83,2.46800025604054,-5.32579740310556e-10,0.0,1.3328887709107562e-06,0.0,0.0,6.664443854553288e-07,0.999999999999778,0.40005122356832157,-5.334378339172621e-08,0.0,0.0,0.0,-7.780107869490905e-05
2026-09-21T04:56:52.961826,9.85,2.4760002528211804,-5.730404448861652e-10,0.0,4.280737914363897e-06,0.0,0.0,2.140368957180314e-06,0.9999999999977094,0.40005057971554425,-5.7398422559619625e-08,0.0,0.0,0.0,-0.0005033243090330085
2026-09-21T04:56:52.985684,9.870000000000001,2.484000249642285,-7.819170937685084e-10,0.0,-9.47348365087919e-07,0.0,0.0,-4.736741825439417e-07,0.9999999999998879,0.4000499439555191,-7.832567383993083e-08,0.0,0.0,0.0,-1.0504484665321975e-05
2026-09-21T04:56:53.013648,9.89,2.4920002465033444,-7.49093511671183e-10,0.0,-1.2646506823976724e-06,0.0,0.0,-6.32325341198794e-07,0.9999999999998,0.40004931618653106,-7.503400845476603e-08,0.0,0.0,0.0,-1.6375890873669165e-05
2026-09-21T04:56:53.045999,9.91,2.500000243403858,-7.106635160014651e-10,0.0,-4.968002764726975e-07,0.0,0.0,-2.484001382363462e-07,0.9999999999999691,0.4000486963081433,-7.118265957920349e-08,0.0,0.0,0.0,-0.0003516083601117711
2026-09-21T04:56:53.071212,9.93,2.5080002403433284,-7.695102020781796e-10,0.0,3.4543635329953304e-07,0.0,0.0,1.7271817664976567e-07,0.9999999999999851,0.40004808422118143,-7.707747662138323e-08,0.0,0.0,0.0,1.344407142113714e-05
2026-09-21T04:56:53.104633,9.95,2.516000237321266,-7.614613942049822e-10,0.0,-1.6290934090612552e-06,0.0,0.0,-8.145467045305375e-07,0.9999999999996683,0.400047479827717,-7.627106027135786e-08,0.0,0.0,0.0,-2.6577981970450686e-05
2026-09-21T04:56:53.128182,9.96,2.5199999999211147,-4.1519565025764256e-15,0.0,-1.5791812302268227e-12,0.0,0.0,-7.895906151134113e-13,1.0,0.4000000001837012,-7.154135517206567e-08,0.0,0.0,0.0,-0.00015772189201437612
2026-09-21T04:56:53.161513,9.99,2.5320002313906174,-6.669852830479647e-10,0.0,1.7772163709572908e-06,0.0,0.0,8.886081854785284e-07,0.9999999999996052,0.40004629373570555,-6.680282658113331e-08,0.0,0.0,0.0,0.00020876015822430177
2026-09-21T04:56:53.190279,10.01,2.540000228481083,-6.481973326221988e-10,0.0,1.3076678126999752e-06,0.0,0.0,6.53833906349941e-07,0.9999999999997863,0.4000457118473937,-6.492177391531957e-08,0.0,0.0,0.0,-0.00022446145405428572
2026-09-21T04:56:53.219974,10.03,2.548000225608117,-7.203909775089952e-10,0.0,-2.647485328299837e-06,0.0,0.0,-1.3237426641495317e-06,0.9999999999991238,0.4000451372730193,-7.215312727694249e-08,0.0,0.0,0.0,-0.00031566316704465544
2026-09-21T04:56:53.248584,10.05,2.556000222771262,-7.199894470714683e-10,0.0,-3.6206375941816315e-07,0.0,0.0,-1.8103187970908054e-07,0.9999999999999836,0.400044569920655,-7.210980668191952e-08,0.0,0.0,0.0,-0.00035595699913187624
2026-09-21T04:56:53.272570,10.07,2.564000219970063,-7.826184438230749e-10,0.0,-2.565226546735744e-07,0.0,0.0,-1.2826132733678685e-07,0.9999999999999918,0.4000440096995284,-7.838480342000645e-08,0.0,0.0,0.0,-5.3495245866382485e-05
2026-09-21T04:56:53.304223,10.09,2.5720002172040726,-7.756917535262141e-10,0.0,2.24293825112909e-06,0.0,0.0,1.1214691255643098e-06,0.9999999999993712,0.40004345652000795,-7.769035976568545e-08,0.0,0.0,0.0,-8.445332198986599e-06
2026-09-21T04:56:53.329882,10.11,2.5800002144728476,-8.169152009849553e-10,0.0,1.998466295116686e-06,0.0,0.0,9.992331475581765e-07,0.9999999999995007,0.40004291029358857,-8.182093830023591e-08,0.0,0.0,0.0,-9.950563077227765e-05
2026-09-21T04:56:53.359215,10.13,2.5880002117759515,-8.731061408826042e-10,0.0,-2.3089407097387493e-07,0.0,0.0,-1.1544703548693721e-07,0.9999999999999933,0.4000423709328775,-8.74493817074e-08,0.0,0.0,0.0,9.900937200381026e-05
2026-09-21T04:56:53.381211,10.14,2.591999999920377,-4.0923584845142695e-15,0.0,6.323830348264892e-13,0.0,0.0,3.161915174132446e-13,1.0,0.40000000016352244,-8.281698540486268e-08,0.0,0.0,0.0,-0.0001581654230523588
2026-09-21T04:56:53.412590,10.17,2.604000206483425,-7.873518635506231e-10,0.0,1.4527754284010541e-06,0.0,0.0,7.263877142004632e-07,0.9999999999997362,0.40004131246448693,-7.88539826976628e-08,0.0,0.0,0.0,-9.510149286555324e-05
2026-09-21T04:56:53.440230,10.19,2.612000203886948,-8.300338636818921e-10,0.0,8.594877276557613e-07,0.0,0.0,4.297438638278673e-07,0.9999999999999076,0.40004079318745844,-8.313085548345035e-08,0.0,0.0,0.0,-0.00033145047574435565
2026-09-21T04:56:53.461742,10.21,2.620000201323106,-9.135645192203795e-10,0.0,2.0703304208780082e-06,0.0,0.0,1.0351652104388192e-06,0.9999999999994642,0.4000402804374131,-9.149804281964903e-08,0.0,0.0,0.0,-3.964404354878646e-05
2026-09-21T04:56:53.486394,10.23,2.628000198791489,-9.556232681172353e-10,0.0,3.760725672652399e-06,0.0,0.0,1.8803628363250911e-06,0.9999999999982321,0.4000397741323135,-9.571179757404452e-08,0.0,0.0,0.0,6.136610921280913e-05
2026-09-21T04:56:53.520384,10.26,2.6399999999198887,6.6838420928740614e-15,0.0,1.8416379532482097e-12,0.0,0.0,9.208189766241048e-13,1.0,0.4000000001512911,-1.0978556263620988e-07,0.0,0.0,0.0,-0.00011129667246476524
2026-09-21T04:56:53.543534,10.27,2.644000193823315,-1.0995781082634266e-09,0.0,-1.6457693239324558e-06,0.0,0.0,-8.228846619661349e-07,0.9999999999996614,0.40003878053394365,-1.10132619666652e-07,0.0,0.0,0.0,-2.0566651672418386e-05
2026-09-21T04:56:53.582326,10.29,2.6520001913859623,-1.04689367658689e-09,0.0,-4.878389852081e-07,0.0,0.0,-2.4391949260404756e-07,0.9999999999999702,0.4000382930817021,-1.0485042745396087e-07,0.0,0.0,0.0,-0.00021464494814620247
2026-09-21T04:56:53.602247,10.31,2.6600001889792457,-1.0677147289391826e-09,0.0,-3.8576334535633805e-06,0.0,0.0,-1.9288167267804942e-06,0.9999999999981398,0.4000378117564378,-1.0693558683217863e-07,0.0,0.0,0.0,-0.0002950301374645163
2026-09-21T04:56:53.633516,10.33,2.6680001866027783,-1.027922974248573e-09,0.0,3.608031982516024e-06,0.0,0.0,1.8040159912570337e-06,0.9999999999983727,0.4000373364811407,-1.0294577751872941e-07,0.0,0.0,0.0,-0.00024115667077147511
2026-09-21T04:56:53.664493,10.35,2.6760001842561802,-1.1512457966622276e-09,0.0,-4.43447929932006e-07,0.0,0.0,-2.2172396496600117e-07,0.9999999999999755,0.4000368671797684,-1.1530414033061594e-07,0.0,0.0,0.0,0.0004158327941617115
2026-09-21T04:56:53.685836,10.37,2.6840001819390777,-1.023323514461332e-09,0.0,-2.2318214560890226e-06,0.0,0.0,-1.1159107280442796e-06,0.9999999999993774,0.4000364037772341,-1.0248522213324709e-07,0.0,0.0,0.0,-0.0001663575711683555
2026-09-21T04:56:53.720046,10.39,2.692000179651098,-9.920696117070408e-10,0.0,-1.650783914453058e-06,0.0,0.0,-8.253919572264352e-07,0.9999999999996594,0.400035946199395,-9.935106975604685e-08,0.0,0.0,0.0,-6.601513364265208e-05
2026-09-21T04:56:53.744028,10.41,2.700000177391877,-9.51323560586164e-10,0.0,3.1824414570280624e-07,0.0,0.0,1.5912207285140246e-07,0.9999999999999873,0.4000354943730397,-9.526814798444972e-08,0.0,0.0,0.0,1.5716388123804668e-05
2026-09-21T04:56:53.770642,10.43,2.708000175161051,-9.382063798003401e-10,0.0,3.6582649931560246e-07,0.0,0.0,1.8291324965780017e-07,0.9999999999999832,0.4000350482258775,-9.395409254442573e-08,0.0,0.0,0.0,0.0003289128763633063
2026-09-21T04:56:53.800393,10.44,2.711999999919159,-7.544257814981777e-15,0.0,3.0451197119418794e-12,0.0,0.0,1.5225598559709397e-12,1.0,0.40000000013459974,-8.517220582305521e-08,0.0,0.0,0.0,-0.00017945346621400056
2026-09-21T04:56:53.823198,10.47,2.7240001707831656,-7.39261060383205e-10,0.0,-4.5166761353243606e-07,0.0,0.0,-2.2583380676621607e-07,0.9999999999999745,0.40003417268449926,-7.401943003773818e-08,0.0,0.0,0.0,-0.00033771063949309603
2026-09-21T04:56:53.858527,10.49,2.7320001686354045,-7.943231300258734e-10,0.0,-1.6758441390152257e-06,0.0,0.0,-8.379220695075148e-07,0.999999999999649,0.4000337431501985,-7.953523129500664e-08,0.0,0.0,0.0,-0.00018575118457493813
2026-09-21T04:56:53.881330,10.51,2.7400001665146387,-7.840886120036808e-10,0.0,-2.8092200383689203e-06,0.0,0.0,-1.4046100191839983e-06,0.9999999999990136,0.4000333190148989,-7.850862169640772e-08,0.0,0.0,0.0,-0.00037997654341075424
2026-09-21T04:56:53.910230,10.53,2.7480001644205294,-7.929658359265576e-10,0.0,-3.7684892673084397e-07,0.0,0.0,-1.8842446336542085e-07,0.9999999999999822,0.40003290021073956,-7.939638769849605e-08,0.0,0.0,0.0,-0.00025647142192402185
2026-09-21T04:56:53.941221,10.55,2.7560001623527404,-8.297378732401955e-10,0.0,1.5007342524242517e-06,0.0,0.0,7.503671262120555e-07,0.9999999999997184,0.4000324866707124,-8.308120465611776e-08,0.0,0.0,0.0,-0.00029047438630749
2026-09-21T04:56:53.974905,10.56,2.7599999999186755,6.981954554425727e-15,0.0,-1.169730978745065e-12,0.0,0.0,-5.848654893725325e-13,1.0,0.4000000001244823,-9.167110608343821e-08,0.0,0.0,0.0,5.9292399444949625e-05
2026-09-21T04:56:54.015904,10.59,2.7720001582948055,-8.914003207129863e-10,0.0,5.0283269104056665e-08,0.0,0.0,2.5141634552028332e-08,0.9999999999999997,0.400031675119223,-8.925829597233165e-08,0.0,0.0,0.0,0.00011429461962558515
2026-09-21T04:56:54.036289,10.61,2.780000156304011,-8.495227961107848e-10,0.0,5.846648054586011e-07,0.0,0.0,2.9233240272929643e-07,0.9999999999999573,0.40003127697791346,-8.506150523178264e-08,0.0,0.0,0.0,0.0002693341758898194
2026-09-21T04:56:54.076894,10.62,2.783999999918435,-5.779692973363648e-15,0.0,2.731148640577885e-12,0.0,0.0,1.3655743202889425e-12,1.0,0.4000000001197043,-7.834748885924468e-08,0.0,0.0,0.0,-8.14738664286294e-05
2026-09-21T04:56:54.104230,10.65,2.796000152397174,-7.746808989983442e-10,0.0,1.4884922698854555e-06,0.0,0.0,7.442461349426589e-07,0.999999999999723,0.4000304956456433,-7.756094100584494e-08,0.0,0.0,0.0,-3.097898866584312e-05
2026-09-21T04:56:54.128643,10.67,2.8040001504805057,-8.023948239764704e-10,0.0,3.41725215591282e-06,0.0,0.0,1.7086260779555786e-06,0.9999999999985403,0.40003011232967006,-8.03381669874734e-08,0.0,0.0,0.0,0.00010241022266758277
2026-09-21T04:56:54.151782,10.69,2.812000148587928,-8.436191940310209e-10,0.0,-7.907813919239003e-07,0.0,0.0,-3.953906959619399e-07,0.9999999999999218,0.40002973383177054,-8.446882757238325e-08,0.0,0.0,0.0,0.00020508082910936987
2026-09-21T04:56:54.177972,10.71,2.8200001467191385,-7.613234699819606e-10,0.0,1.8863708062255566e-07,0.0,0.0,9.43185403112777e-08,0.9999999999999956,0.40002936009138534,-7.622087327930093e-08,0.0,0.0,0.0,0.00036686289611428485
2026-09-21T04:56:54.206265,10.73,2.828000144873838,-6.653123392850139e-10,0.0,-2.6306731086833683e-06,0.0,0.0,-1.3153365543413047e-06,0.9999999999991349,0.4000289910487161,-6.66017722509135e-08,0.0,0.0,0.0,-5.826993124507227e-06
2026-09-21T04:56:54.241786,10.75,2.8360001430517308,-5.921405710719452e-10,0.0,-2.736396118141471e-06,0.0,0.0,-1.3681980590703085e-06,0.999999999999064,0.40002862664471583,-5.9268300691888746e-08,0.0,0.0,0.0,0.00023916975951003366
2026-09-21T04:56:54.268999,10.77,2.844000141252525,-4.6009275704152914e-10,0.0,1.1689054679742128e-06,0.0,0.0,5.844527339870732e-07,0.9999999999998292,0.40002826682108,-4.6038533622483235e-08,0.0,0.0,0.0,-5.556049823630084e-05
2026-09-21T04:56:54.294040,10.79,2.8520001394759342,-4.909634529494516e-10,0.0,4.818451815324921e-08,0.0,0.0,2.4092259076624597e-08,0.9999999999999997,0.4000279115202367,-4.91328730414231e-08,0.0,0.0,0.0,0.00037701937412655984
2026-09-21T04:56:54.318750,10.81,2.8600001377216726,-3.935323440374403e-10,0.0,-3.464314173751149e-06,0.0,0.0,-1.7321570868747081e-06,0.9999999999984999,0.40002756068533774,-3.9371143574057824e-08,0.0,0.0,0.0,-7.249007060060748e-05
2026-09-21T04:56:54.347996,10.83,2.8680001359894605,-3.207140967612232e-10,0.0,1.1198377358745404e-06,0.0,0.0,5.59918867937241e-07,0.9999999999998432,0.4000272142602493,-3.2073014268647335e-08,0.0,0.0,0.0,-0.0001159668162698542
2026-09-21T04:56:54.375255,10.85,2.8760001342790207,-3.668026042183137e-10,0.0,9.58691966257419e-07,0.0,0.0,4.793459831286911e-07,0.9999999999998851,0.40002687218954325,-3.669289783341163e-08,0.0,0.0,0.0,0.00023512043026816486
2026-09-21T04:56:54.405886,10.870000000000001,2.8840001325900784,-3.259991979042066e-10,0.0,-1.207472180020375e-06,0.0,0.0,-6.037360900101507e-07,0.9999999999998177,0.40002653441848796,-3.260517296527965e-08,0.0,0.0,0.0,-0.0001403963894721315
2026-09-21T04:56:54.439856,10.89,2.892000130922365,-3.2316771279587654e-10,0.0,-2.895810771619267e-06,0.0,0.0,-1.4479053858091277e-06,0.9999999999989518,0.40002620089303975,-3.231979897196876e-08,0.0,0.0,0.0,0.00011434358578531168
2026-09-21T04:56:54.462761,10.91,2.900000129275613,-2.2094419406808564e-10,0.0,-7.172200819915987e-07,0.0,0.0,-3.586100409957916e-07,0.9999999999999357,0.4000258715598344,-2.2077628721903044e-08,0.0,0.0,0.0,0.0004670639478898677
2026-09-21T04:56:54.490258,10.93,2.9080001276495584,-8.86913097563054e-11,0.0,-3.3240614394358667e-06,0.0,0.0,-1.6620307197171678e-06,0.9999999999986188,0.4000255463661782,-8.829215998334232e-09,0.0,0.0,0.0,0.00010156503520131384
2026-09-21T04:56:54.518516,10.95,2.9160001260439414,1.6814381246102065e-11,0.0,-1.8428729924302443e-06,0.0,0.0,-9.214364962149918e-07,0.9999999999995755,0.4000252252600397,1.7427762100142312e-09,0.0,0.0,0.0,-0.00017036545970958842
2026-09-21T04:56:54.538568,10.97,2.9240001244585057,2.207150463813455e-11,0.0,1.243698694697315e-06,0.0,0.0,6.218493473486174e-07,0.9999999999998066,0.4000249081900416,2.2685992673620686e-09,0.0,0.0,0.0,-0.00018273996758525163
2026-09-21T04:56:54.562424,10.99,2.932000122892997,-4.8100326418995603e-11,0.0,3.118532716950285e-06,0.0,0.0,1.5592663584745102e-06,0.9999999999987843,0.4000245951054523,-4.7638688976903075e-09,0.0,0.0,0.0,2.637270453648247e-05
2026-09-21T04:56:54.595612,11.0,2.9359999999169175,5.484307585685843e-15,0.0,2.8181901257084974e-12,0.0,0.0,1.4090950628542487e-12,1.0,0.4000000000933127,-1.1247946207212683e-08,0.0,0.0,0.0,-0.00022420238760351645
2026-09-21T04:56:54.622613,11.03,2.9480001198207626,-6.720499754587071e-11,0.0,-2.9919337740658145e-06,0.0,0.0,-1.4959668870323488e-06,0.999999999998881,0.4000239806927538,-6.67685268443618e-09,0.0,0.0,0.0,0.00023048828452859718
2026-09-21T04:56:54.660534,11.05,2.9560001183135447,6.037937050824907e-11,0.0,7.031893511921794e-07,0.0,0.0,3.5159467559608245e-07,0.9999999999999382,0.40002367926633753,6.105288853957074e-09,0.0,0.0,0.0,-0.0001149288166469632
2026-09-21T04:56:54.700104,11.07,2.964000116825271,1.811806181209307e-11,0.0,-1.701720589331046e-06,0.0,0.0,-8.508602946654203e-07,0.9999999999996381,0.4000233816287004,1.869198324093014e-09,0.0,0.0,0.0,-0.00021596191727993943
2026-09-21T04:56:54.732417,11.09,2.9720001153557036,9.225909572786946e-12,0.0,4.993763718097455e-07,0.0,0.0,2.4968818590487015e-07,0.9999999999999688,0.4000230877322197,9.792966543919364e-10,0.0,0.0,0.0,-6.295976335081322e-05
2026-09-21T04:56:54.756513,11.11,2.980000113904607,-1.5268527842815068e-11,0.0,-2.967996031166819e-07,0.0,0.0,-1.4839980155834043e-07,0.999999999999989,0.4000227975298716,-1.476552794433945e-09,0.0,0.0,0.0,0.00020548623912224488
2026-09-21T04:56:54.785112,11.13,2.9880001124717483,4.229187513416395e-11,0.0,2.3271311810901804e-07,0.0,0.0,1.1635655905450877e-07,0.9999999999999932,0.400022510975223,4.29000072834622e-09,0.0,0.0,0.0,-0.00029750628740284383
2026-09-21T04:56:54.827922,11.15,2.9960001110569,-3.155848391944345e-11,0.0,2.215559576690396e-06,0.0,0.0,1.1077797883449713e-06,0.9999999999993864,0.4000222280224247,-3.108995794227885e-09,0.0,0.0,0.0,5.663237859062167e-05
2026-09-21T04:56:54.864743,11.17,3.004000109659834,-6.765473410308802e-11,0.0,1.0768451113030155e-06,0.0,0.0,5.384225556514816e-07,0.999999999999855,0.40002194862620366,-6.727293180789634e-09,0.0,0.0,0.0,-0.0002327167571930747
2026-09-21T04:56:54.895168,11.19,3.0120001082803274,-1.4438753856304509e-10,0.0,3.1514560516754386e-06,0.0,0.0,1.5757280258370673e-06,0.9999999999987585,0.4000216727418558,-1.4414308311255155e-08,0.0,0.0,0.0,0.00012159499323174407
2026-09-21T04:56:54.931187,11.21,3.0200001069181597,-1.8544381611926964e-10,0.0,-2.9204886451417163e-06,0.0,0.0,-1.4602443225703393e-06,0.9999999999989339,0.4000214003252391,-1.852942549659442e-08,0.0,0.0,0.0,-0.00030632319949526384
2026-09-21T04:56:54.951259,11.23,3.028000105573113,-1.8381013726240382e-10,0.0,-4.105965345502227e-09,0.0,0.0,-2.0529826727511136e-09,1.0,0.40002113133276607,-1.8362060898363966e-08,0.0,0.0,0.0,6.610595533089244e-05
2026-09-21T04:56:54.984009,11.25,3.036000104244972,-1.6317330105039283e-10,0.0,3.5059227583289494e-06,0.0,0.0,1.752961379163577e-06,0.9999999999984636,0.4000208657213974,-1.629667918237824e-08,0.0,0.0,0.0,-1.6555483109967036e-05
2026-09-21T04:56:55.011334,11.27,3.044000102933524,-2.4468870293054774e-10,0.0,-2.853934129021241e-06,0.0,0.0,-1.426967064510136e-06,0.9999999999989819,0.4000206034486346,-2.446547227948606e-08,0.0,0.0,0.0,3.9392539374524555e-05
2026-09-21T04:56:55.040930,11.29,3.052000101638559,-1.6254978078762367e-10,0.0,-1.8199247500128024e-06,0.0,0.0,-9.099623750062756e-07,0.999999999999586,0.4000203444725134,-1.6232846331192772e-08,0.0,0.0,0.0,0.00011831231271459248
2026-09-21T04:56:55.063721,11.31,3.0600001003598702,-8.743802338030754e-11,0.0,-2.9851617142639952e-06,0.0,0.0,-1.4925808571314434e-06,0.9999999999988861,0.4000200887515969,-8.70835615275439e-09,0.0,0.0,0.0,0.0002947671270847473
2026-09-21T04:56:55.085264,11.33,3.068000099097253,5.523542287132236e-11,0.0,3.307207969704962e-07,0.0,0.0,1.6536039848524734e-07,0.9999999999999863,0.40001983624496906,5.585949633513554e-09,0.0,0.0,0.0,0.00011789551342912292
2026-09-21T04:56:55.114377,11.34,3.071999999915572,-1.5466891694763615e-15,0.0,1.2576606422953773e-12,0.0,0.0,6.288303211476887e-13,1.0,0.4000000000745165,7.56376269565183e-09,0.0,0.0,0.0,-0.00016814072127281564
2026-09-21T04:56:55.141329,11.37,3.0840000966194285,5.5448115825647696e-11,0.0,-1.974509933777569e-06,0.0,0.0,-9.87254966888624e-07,0.9999999999995126,0.4000193407134801,5.606355166528817e-09,0.0,0.0,0.0,-0.00011960298967814514
2026-09-21T04:56:55.167155,11.39,3.092000095403824,7.48208301538792e-11,0.0,5.511096516919167e-07,0.0,0.0,2.7555482584595487e-07,0.999999999999962,0.40001909760933263,7.546784821399764e-09,0.0,0.0,0.0,-4.137353019808254e-05
2026-09-21T04:56:55.191700,11.41,3.100000094203498,5.29559718662411e-11,0.0,-5.701517671319323e-07,0.0,0.0,-2.8507588356596227e-07,0.9999999999999594,0.4000188575608883,5.354254137031979e-09,0.0,0.0,0.0,-0.00040345767349382014
2026-09-21T04:56:55.219367,11.43,3.108000093018259,-2.7266492106559647e-11,0.0,-4.053392475000806e-07,0.0,0.0,-2.026696237500389e-07,0.9999999999999795,0.4000186205297385,-2.682441935963777e-09,0.0,0.0,0.0,5.288236505479043e-05
2026-09-21T04:56:55.247492,11.44,3.111999999915178,-1.8764047207611015e-15,0.0,1.0258460747536446e-13,0.0,0.0,5.129230373768223e-14,1.0,0.4000000000697148,-3.449646438197976e-10,0.0,0.0,0.0,-0.0001050223505188867
2026-09-21T04:56:55.272868,11.47,3.124000090692284,6.03735177694674e-11,0.0,1.7874488302815905e-06,0.0,0.0,8.937244151406763e-07,0.9999999999996007,0.40001815536809676,6.096866157036207e-09,0.0,0.0,0.0,1.6008272179721957e-05
2026-09-21T04:56:55.302896,11.49,3.132000089551176,2.3121756441099053e-11,0.0,-9.330874024549018e-07,0.0,0.0,-4.66543701227434e-07,0.9999999999998912,0.40001792716317747,2.362909351973292e-09,0.0,0.0,0.0,-0.00010972020496015585
2026-09-21T04:56:55.333980,11.51,3.14000008842441,2.0775599640549316e-11,0.0,1.428390423274806e-06,0.0,0.0,7.141952116373422e-07,0.999999999999745,0.4000177018266863,2.1290846265150273e-09,0.0,0.0,0.0,5.646271180398491e-05
2026-09-21T04:56:55.364758,11.53,3.1480000873118064,2.0607906845591865e-12,0.0,1.951813154654758e-06,0.0,0.0,9.75906577327224e-07,0.9999999999995238,0.40001747932256865,2.5221655836430355e-10,0.0,0.0,0.0,0.0002845376126817391
2026-09-21T04:56:55.386584,11.55,3.156000086213187,2.4850425007204077e-11,0.0,-1.0154459340050437e-06,0.0,0.0,-5.077229670025e-07,0.9999999999998711,0.4000172596152231,2.5345284641052317e-09,0.0,0.0,0.0,4.2002461386492836e-05
2026-09-21T04:56:55.410326,11.57,3.1640000851283756,5.995998362349746e-11,0.0,-9.66610359309783e-07,0.0,0.0,-4.833051796548727e-07,0.9999999999998832,0.40001704266949584,6.053614122555743e-09,0.0,0.0,0.0,0.000104735860498815
2026-09-21T04:56:55.437467,11.59,3.1720000840571987,1.0807757848368108e-10,0.0,-3.6799643123863746e-06,0.0,0.0,-1.839982156192149e-06,0.9999999999983072,0.40001682845067477,1.0873883703042072e-08,0.0,0.0,0.0,0.00015049136172717327
2026-09-21T04:56:55.464033,11.61,3.180000082999485,2.2982751195075086e-10,0.0,-1.8394174143843147e-06,0.0,0.0,-9.197087071920275e-07,0.9999999999995771,0.4000166169244841,2.3072669993155294e-08,0.0,0.0,0.0,-8.815163493084674e-05
2026-09-21T04:56:55.492815,11.63,3.1880000819550656,2.504424024801504e-10,0.0,2.3522422512023415e-06,0.0,0.0,1.1761211256008995e-06,0.9999999999993083,0.4000164080570789,2.5136707466705113e-08,0.0,0.0,0.0,-0.0002707918332924602
2026-09-21T04:56:55.520471,11.65,3.1960000809237727,1.2944869673533839e-10,0.0,-1.1557671504291989e-06,0.0,0.0,-5.778835752145672e-07,0.999999999999833,0.4000162018150397,1.3011894930971042e-08,0.0,0.0,0.0,-0.00022887440576763865
2026-09-21T04:56:55.544508,11.67,3.2040000799054424,1.0249544488185917e-10,0.0,-2.08903133502858e-06,0.0,0.0,-1.0445156675140998e-06,0.9999999999994545,0.4000159981653671,1.031280719087268e-08,0.0,0.0,0.0,-0.00023280450917351
2026-09-21T04:56:55.567756,11.69,3.21200007889991,9.696206590277385e-11,0.0,7.957776020361962e-07,0.0,0.0,3.978888010180876e-07,0.9999999999999208,0.4000157970754763,9.75846272524365e-09,0.0,0.0,0.0,0.00017006153585916943
2026-09-21T04:56:55.593760,11.71,3.220000077907016,1.1836802824613036e-10,0.0,1.4383071573753627e-06,0.0,0.0,7.191535786876193e-07,0.9999999999997414,0.40001559851319224,1.1900547326272067e-08,0.0,0.0,0.0,0.00014756639077082592
2026-09-21T04:56:55.626014,11.73,3.2280000769266013,1.1903016084236578e-10,0.0,3.426459875832677e-07,0.0,0.0,1.71322993791633e-07,0.9999999999999853,0.4000154024467442,1.1966086558827582e-08,0.0,0.0,0.0,0.00018798524118346024
2026-09-21T04:56:55.648079,11.75,3.23600007595851,1.548433958256096e-10,0.0,-2.553732013854671e-06,0.0,0.0,-1.2768660069269883e-06,0.9999999999991848,0.4000152088447609,1.5554195235055806e-08,0.0,0.0,0.0,8.47289655995374e-05
2026-09-21T04:56:55.679536,11.77,3.244000075002585,2.338219971772956e-10,0.0,1.7096445930064874e-06,0.0,0.0,8.548222965031396e-07,0.9999999999996346,0.4000150176762652,2.34680661766935e-08,0.0,0.0,0.0,0.00015216735328449723
2026-09-21T04:56:55.707241,11.79,3.252000074058675,2.2731691289774036e-10,0.0,1.7361716708741426e-06,0.0,0.0,8.680858354369622e-07,0.9999999999996232,0.4000148289106694,2.2813328314800737e-08,0.0,0.0,0.0,-0.00012453001729690396
2026-09-21T04:56:55.736082,11.81,3.260000073126629,1.553032456815711e-10,0.0,2.2570237625529903e-06,0.0,0.0,1.1285118812762554e-06,0.9999999999993632,0.4000146425177703,1.5598148577850644e-08,0.0,0.0,0.0,-0.0002289479416541123
2026-09-21T04:56:55.772350,11.83,3.2680000722062963,4.7667355136119847e-11,0.0,-2.3834820912505e-06,0.0,0.0,-1.1917410456249677e-06,0.9999999999992899,0.4000144584677444,4.8136589289544976e-09,0.0,0.0,0.0,-4.789404133056428e-05
2026-09-21T04:56:55.794913,11.84,3.2719999999136093,-3.625633347053884e-15,0.0,-2.3852031461046863e-12,0.0,0.0,-1.1926015730523432e-12,1.0,0.4000000000532758,9.257980030982691e-09,0.0,0.0,0.0,-0.00010582603138630528
2026-09-21T04:56:55.818553,11.870000000000001,3.284000070400188,1.0229902813107351e-10,0.0,2.2823411165440177e-06,0.0,0.0,1.141170558271761e-06,0.9999999999993489,0.40001409727888737,1.0287874589573331e-08,0.0,0.0,0.0,4.962036833345082e-05
2026-09-21T04:56:55.850037,11.89,3.292000069514124,6.02729269020536e-11,0.0,9.919967247640216e-08,0.0,0.0,4.959983623820106e-08,0.9999999999999988,0.4000139200822645,6.074987282044775e-09,0.0,0.0,0.0,7.145609599619844e-06
2026-09-21T04:56:55.878610,11.9,3.2959999999133753,1.7351723940284372e-16,0.0,1.4210854715202004e-13,0.0,0.0,7.105427357601002e-14,1.0,0.40000000005114933,5.96510862014652e-09,0.0,0.0,0.0,-0.0001073196227047979
2026-09-21T04:56:55.904270,11.93,3.308000067775264,4.024756572078976e-11,0.0,-1.959135808249357e-06,0.0,0.0,-9.795679041245218e-07,0.9999999999995203,0.40001357234286494,4.070068497167033e-09,0.0,0.0,0.0,-0.0003029233016439648
2026-09-21T04:56:55.930907,11.95,3.3160000669221903,1.5957873178626693e-11,0.0,5.612017011102921e-07,0.0,0.0,2.8060085055514235e-07,0.9999999999999606,0.40001340174444844,1.6368140917265367e-09,0.0,0.0,0.0,-0.0002186674843169795
2026-09-21T04:56:55.959208,11.97,3.3240000660798383,-4.730784125661641e-11,0.0,2.7989198883027204e-06,0.0,0.0,1.3994599441509032e-06,0.9999999999990208,0.40001323329037647,-4.7034144620528195e-09,0.0,0.0,0.0,9.686221647890427e-05
2026-09-21T04:56:55.984785,11.99,3.3320000652480735,-8.806960817405e-11,0.0,-3.0219839506351325e-06,0.0,0.0,-1.510991975316991e-06,0.9999999999988585,0.40001306695369554,-8.789081082278514e-09,0.0,0.0,0.0,-0.00017992999831204263
2026-09-21T04:56:56.012119,12.01,3.3400000644267624,-5.656996316149032e-11,0.0,-2.2388728893041336e-06,0.0,0.0,-1.1194364446518328e-06,0.9999999999993734,0.4000129027077912,-5.629858565236977e-09,0.0,0.0,0.0,1.7098782557829604e-05
2026-09-21T04:56:56.036780,12.03,3.348000063615774,2.3307594642584197e-12,0.0,-4.574443295268794e-07,0.0,0.0,-2.2872216476343767e-07,0.9999999999999738,0.4000127405263834,2.7042018089853177e-10,0.0,0.0,0.0,-0.00017850546960353547
2026-09-21T04:56:56.064438,12.05,3.356000062814979,-2.7435478128732223e-11,0.0,1.1301679947450795e-07,0.0,0.0,5.6508399737253934e-08,0.9999999999999984,0.4000125803835225,-2.712765321955281e-09,0.0,0.0,0.0,0.00019650858443813672
2026-09-21T04:56:56.090630,12.07,3.364000062024248,1.7882747957999136e-11,0.0,-1.1187270461121559e-06,0.0,0.0,-5.593635230560487e-07,0.9999999999998436,0.40001242225358485,1.82654727231534e-09,0.0,0.0,0.0,-0.00011801136544413072
2026-09-21T04:56:56.125305,12.09,3.372000061243455,1.753788775060009e-11,0.0,-2.3872925662971056e-06,0.0,0.0,-1.1936462831482693e-06,0.9999999999992876,0.40001226611126905,1.7927839937687032e-09,0.0,0.0,0.0,0.00019303208472510726
2026-09-21T04:56:56.153040,12.11,3.3800000604724754,1.1997510223081662e-10,0.0,-1.4830696013490299e-06,0.0,0.0,-7.415348006744469e-07,0.9999999999997251,0.40001211193159164,1.2055746946896263e-08,0.0,0.0,0.0,0.00019995582720949652
2026-09-21T04:56:56.177373,12.13,3.388000059711186,2.0117267433128056e-10,0.0,-1.34496728820821e-06,0.0,0.0,-6.724836441040542e-07,0.9999999999997738,0.40001195968988323,2.018985302634021e-08,0.0,0.0,0.0,-0.0002377963308048845
2026-09-21T04:56:56.208853,12.15,3.3960000589594648,1.750743043444369e-10,0.0,4.876707162537741e-07,0.0,0.0,2.438353581268846e-07,0.9999999999999702,0.40001180936178454,1.7575074986513423e-08,0.0,0.0,0.0,0.00031229279203639056
2026-09-21T04:56:56.239885,12.17,3.4040000582171914,2.3548756614016894e-10,0.0,1.9026766078233948e-06,0.0,0.0,9.513383039115539e-07,0.9999999999995475,0.40001166092324236,2.3625548279781104e-08,0.0,0.0,0.0,-4.867792756352952e-05
2026-09-21T04:56:56.267833,12.19,3.4120000574842466,1.769619391971149e-10,0.0,1.337428012782027e-07,0.0,0.0,6.68714006391013e-08,0.9999999999999978,0.40001151435050586,1.776111988964239e-08,0.0,0.0,0.0,9.074234104775927e-06
2026-09-21T04:56:56.295900,12.2,3.4159999999122053,4.327726318034228e-16,0.0,1.8607337892717624e-13,0.0,0.0,9.303668946358812e-14,1.0,0.4000000000416473,1.7374145052050575e-08,0.0,0.0,0.0,-0.00040588949392114974
2026-09-21T04:56:56.320311,12.23,3.4280000560458777,1.7260808306437256e-10,0.0,-5.279961534654376e-07,0.0,0.0,-2.6399807673271573e-07,0.9999999999999651,0.4000112267089357,1.7327593933058395e-08,0.0,0.0,0.0,9.131866889710351e-05
2026-09-21T04:56:56.353259,12.24,3.43199999991205,-2.4769570652568958e-15,0.0,3.2107649872159527e-13,0.0,0.0,1.6053824936079764e-13,1.0,0.4000000000405112,2.0426943529899636e-08,0.0,0.0,0.0,0.00019899007491452396
2026-09-21T04:56:56.372328,12.26,3.4399999999119717,6.3130925275763595e-15,0.0,7.935874180020619e-13,0.0,0.0,3.9679370900103095e-13,1.0,0.40000000003995384,1.3134218604564185e-08,0.0,0.0,0.0,0.00012473583768702083
2026-09-21T04:56:56.402430,12.29,3.4520000539554077,9.419774301606641e-11,0.0,-1.2338135806366777e-06,0.0,0.0,-6.169067903182998e-07,0.9999999999998097,0.40001080866331923,9.467050648555706e-09,0.0,0.0,0.0,6.265391883195209e-05
2026-09-21T04:56:56.426526,12.31,3.4600000532760267,1.3753991309648105e-10,0.0,-1.0218182255883337e-06,0.0,0.0,-5.109091127941445e-07,0.9999999999998694,0.40001067280310776,1.3810258099933656e-08,0.0,0.0,0.0,-2.5490566199645547e-05
2026-09-21T04:56:56.451614,12.33,3.4680000526051837,1.5452566639510145e-10,0.0,-6.450839489247073e-07,0.0,0.0,-3.2254197446234805e-07,0.9999999999999479,0.40001053865059844,1.5511612892520134e-08,0.0,0.0,0.0,0.00013408399550807548
2026-09-21T04:56:56.474179,12.34,3.4719999999116613,-3.575885931380075e-15,0.0,5.799805080641818e-13,0.0,0.0,2.899902540320909e-13,1.0,0.40000000003779357,1.9917802449350006e-08,0.0,0.0,0.0,8.330042916181476e-05
2026-09-21T04:56:56.502538,12.37,3.484000051288685,1.9727066961201199e-10,0.0,-2.4240199079095252e-06,0.0,0.0,-1.2120099539544657e-06,0.9999999999992655,0.40001027538309597,1.979207760044174e-08,0.0,0.0,0.0,-0.00019653996475897103
2026-09-21T04:56:56.532322,12.39,3.4920000506428197,2.0599454140460233e-10,0.0,-7.379445809974072e-07,0.0,0.0,-3.6897229049869525e-07,0.9999999999999319,0.40001014622597875,2.0667722701411553e-08,0.0,0.0,0.0,-1.1828921973171768e-05
2026-09-21T04:56:56.563392,12.42,3.5039999999113505,7.95713940522353e-15,0.0,-7.72715225139109e-14,0.0,0.0,-3.863576125695545e-14,1.0,0.4000000000357399,1.2500486702087644e-08,0.0,0.0,0.0,-0.00019736395369540895
2026-09-21T04:56:56.587230,12.43,3.5080000493753376,1.2551957683581859e-10,0.0,-1.70085361972383e-06,0.0,0.0,-8.504268098618125e-07,0.9999999999996384,0.40000989276168053,1.2601771327163309e-08,0.0,0.0,0.0,-6.317105001281002e-05
2026-09-21T04:56:56.619965,12.45,3.516000048753519,1.4966387192512983e-10,0.0,-4.978936951616219e-08,0.0,0.0,-2.4894684758081095e-08,0.9999999999999997,0.4000097684139441,1.5022095752559618e-08,0.0,0.0,0.0,5.276673964351905e-05
2026-09-21T04:56:56.648120,12.47,3.524000048139515,1.6188221513332219e-10,0.0,-1.8061973490191008e-06,0.0,0.0,-9.030986745094277e-07,0.9999999999995922,0.4000096456292033,1.6244778799488524e-08,0.0,0.0,0.0,2.7010126719575317e-06
2026-09-21T04:56:56.670477,12.49,3.532000047533228,2.033543075371922e-10,0.0,1.6664454660642036e-07,0.0,0.0,8.332227330321009e-08,0.9999999999999966,0.40000952438781223,2.04003673422729e-08,0.0,0.0,0.0,-0.00010063783948664837
2026-09-21T04:56:56.700498,12.51,3.540000046934561,1.736050561795278e-10,0.0,-4.095405392590124e-08,0.0,0.0,-2.0477026962950617e-08,0.9999999999999998,0.4000094046703715,1.7418448455968908e-08,0.0,0.0,0.0,-2.1871038968926455e-05
2026-09-21T04:56:56.721984,12.53,3.548000046343418,1.6767026323922638e-10,0.0,1.768748433939038e-06,0.0,0.0,8.843742169694037e-07,0.999999999999609,0.4000092864577258,1.6823422068650816e-08,0.0,0.0,0.0,-4.998807724585278e-05
2026-09-21T04:56:56.749864,12.55,3.556000045759704,1.127297260621519e-10,0.0,-1.6754909553107215e-06,0.0,0.0,-8.377454776552626e-07,0.9999999999996491,0.4000091697309607,1.1317680733521986e-08,0.0,0.0,0.0,6.101051507729561e-05
2026-09-21T04:56:56.780153,12.57,3.564000045183326,1.6551926570679409e-10,0.0,-1.5365282104440325e-06,0.0,0.0,-7.682641052219407e-07,0.9999999999997049,0.4000090544713992,1.6607912522447716e-08,0.0,0.0,0.0,6.616274890410787e-06
2026-09-21T04:56:56.802026,12.59,3.572000044614193,2.0144490096945556e-10,0.0,-5.934273397123492e-07,0.0,0.0,-2.967136698561702e-07,0.999999999999956,0.4000089406605993,2.020681574433746e-08,0.0,0.0,0.0,-2.1158267918044287e-05
2026-09-21T04:56:56.835148,12.61,3.5800000440522117,2.081249828460326e-10,0.0,-1.5091002802947173e-06,0.0,0.0,-7.545501401472871e-07,0.9999999999997153,0.4000088282803507,2.087515000565591e-08,0.0,0.0,0.0,-0.00014514621725825893
2026-09-21T04:56:56.863885,12.63,3.588000043497294,2.0706062339710895e-10,0.0,-1.9269777538077908e-06,0.0,0.0,-9.63488876903746e-07,0.9999999999995358,0.4000087173126721,2.0768699063034967e-08,0.0,0.0,0.0,-4.59705446091225e-05
2026-09-21T04:56:56.883609,12.65,3.5960000429493495,2.391209420318957e-10,0.0,5.854481250899824e-06,0.0,0.0,2.927240625445731e-06,0.9999999999957156,0.4000086077398081,2.398038743909338e-08,0.0,0.0,0.0,-0.00011424333425908632
2026-09-21T04:56:56.912814,12.67,3.604000042408292,7.19804569543777e-11,0.0,-2.731898206320693e-06,0.0,0.0,-1.3659491031599218e-06,0.9999999999990671,0.40000849954422657,7.230328688751611e-09,0.0,0.0,0.0,0.00022036358665821978
2026-09-21T04:56:56.949486,12.69,3.6120000418740346,1.8750017662708802e-10,0.0,1.4372864827194576e-06,0.0,0.0,7.18643241359667e-07,0.9999999999997418,0.40000839270861566,1.8807903805744135e-08,0.0,0.0,0.0,0.0002953860867467141
2026-09-21T04:56:56.970258,12.7,3.615999999910265,-2.5936081370414248e-15,0.0,3.658850999954666e-12,0.0,0.0,1.829425499977333e-12,1.0,0.4000000000293177,2.2032601683414678e-08,0.0,0.0,0.0,-6.510917611021017e-05
2026-09-21T04:56:56.995897,12.73,3.6280000408255777,3.030625035718885e-10,0.0,4.809462779142848e-07,0.0,0.0,2.4047313895714007e-07,0.9999999999999711,0.40000818304914365,3.038375963132161e-08,0.0,0.0,0.0,0.0002538602613968956
2026-09-21T04:56:57.026941,12.75,3.6360000403112114,3.4732378985495654e-10,0.0,-1.43993398182829e-06,0.0,0.0,-7.199669909140827e-07,0.9999999999997409,0.4000080801917361,3.481708093576578e-08,0.0,0.0,0.0,0.00020571445424713715
2026-09-21T04:56:57.058157,12.77,3.644000039803309,4.2463953551626497e-10,0.0,1.4599439941420655e-06,0.0,0.0,7.29971997070968e-07,0.9999999999997335,0.40000797862720083,4.256364542222836e-08,0.0,0.0,0.0,1.2986120055113705e-05
2026-09-21T04:56:57.085357,12.79,3.65200003930179,3.8740545282506044e-10,0.0,-1.4683778379875893e-06,0.0,0.0,-7.341889189937285e-07,0.9999999999997304,0.4000078783392869,3.883119417977681e-08,0.0,0.0,0.0,-2.0163542958671204e-05
2026-09-21T04:56:57.113514,12.81,3.660000038806574,4.1170055326997825e-10,0.0,6.665392349614051e-06,0.0,0.0,3.3326961748008567e-06,0.9999999999944466,0.4000077793119479,4.126619316730525e-08,0.0,0.0,0.0,-0.00022853921773266842
2026-09-21T04:56:57.139805,12.83,3.668000038317582,1.9578034280900872e-10,0.0,-6.03257090503462e-07,0.0,0.0,-3.0162854525172633e-07,0.9999999999999545,0.4000076815293389,1.9628773747365466e-08,0.0,0.0,0.0,-5.657445722456069e-05
2026-09-21T04:56:57.159045,12.85,3.676000037834735,1.9418424424559214e-10,0.0,1.0130915955031128e-06,0.0,0.0,5.065457977515347e-07,0.9999999999998717,0.4000075849758142,1.9472111040693153e-08,0.0,0.0,0.0,0.0002979507503657942
2026-09-21T04:56:57.188320,12.870000000000001,3.6840000373579564,2.379160694178714e-10,0.0,1.99112714405203e-06,0.0,0.0,9.955635720258502e-07,0.9999999999995044,0.40000748963592475,2.3851780142906866e-08,0.0,0.0,0.0,0.00021841804985034302
2026-09-21T04:56:57.222054,12.89,3.6920000368871695,2.3928408888264044e-10,0.0,-1.6858676379349902e-06,0.0,0.0,-8.429338189673952e-07,0.9999999999996447,0.40000739549441583,2.398796245169077e-08,0.0,0.0,0.0,0.000326496214423514
2026-09-21T04:56:57.251603,12.9,3.6959999999094912,-9.201328753804077e-15,0.0,1.3153922395758855e-12,0.0,0.0,6.576961197879427e-13,1.0,0.40000000002537894,3.5146293107194865e-08,0.0,0.0,0.0,0.0001431826651611687
2026-09-21T04:56:57.282532,12.93,3.708000035963271,2.8881376127665433e-10,0.0,4.050960149548644e-06,0.0,0.0,2.025480074772937e-06,0.9999999999979488,0.4000072107464761,2.89499029347265e-08,0.0,0.0,0.0,0.0002520461140810198
2026-09-21T04:56:57.307513,12.95,3.716000035510013,2.4889120299681547e-10,0.0,3.975625416430263e-06,0.0,0.0,1.987812708213822e-06,0.9999999999980242,0.40000712011048484,2.4947738995230896e-08,0.0,0.0,0.0,-0.0004868892494856074
2026-09-21T04:56:57.335328,12.97,3.72400003506245,3.789592079733858e-11,0.0,2.1507945837662135e-06,0.0,0.0,1.0753972918828994e-06,0.9999999999994218,0.40000703061374815,3.8090914627015285e-09,0.0,0.0,0.0,9.971566759540561e-06
2026-09-21T04:56:57.361142,12.99,3.728000038307051,4.0364744382619386e-11,0.0,-3.8460918290184046e-06,0.0,0.0,-1.9230459145080173e-06,0.9999999999981509,0.4000068795741228,4.056610031086948e-09,0.0,0.0,0.0,-0.0002489475229762282
2026-09-21T04:56:57.390398,13.01,3.740000030188327,1.6270877738018116e-10,0.0,-3.121769586833523e-06,0.0,0.0,-1.5608847934161275e-06,0.9999999999987819,0.40000685578845774,1.6317446999344152e-08,0.0,0.0,0.0,7.361287585965989e-05
2026-09-21T04:56:57.419633,13.03,3.7480000337571115,2.5121699403527946e-10,0.0,2.0508039253464e-06,0.0,0.0,1.0254019626730205e-06,0.9999999999994743,0.4000067695943215,2.518376512178193e-08,0.0,0.0,0.0,4.0228286363226814e-05
2026-09-21T04:56:57.445253,13.05,3.7560000333315826,2.0906375073124948e-10,0.0,1.055072075928365e-06,0.0,0.0,5.27536037964158e-07,0.9999999999998609,0.400006684503419,2.0957336862924852e-08,0.0,0.0,0.0,-0.00032705615040528056
2026-09-21T04:56:57.477092,13.07,3.7640000329113965,1.0469217947853874e-10,0.0,-1.298858794296365e-06,0.0,0.0,-6.494293971481367e-07,0.9999999999997892,0.4000066004820719,1.0501178334411732e-08,0.0,0.0,0.0,9.721028436863213e-06
2026-09-21T04:56:57.501860,13.09,3.772000032496492,1.3626416725200027e-10,0.0,-1.7174518953666507e-06,0.0,0.0,-8.587259476832198e-07,0.9999999999996313,0.4000065175168362,1.3664881840183034e-08,0.0,0.0,0.0,-0.00010381471034370987
2026-09-21T04:56:57.525148,13.1,3.775999999908719,-1.059327426879785e-15,0.0,-2.2963853041346738e-12,0.0,0.0,-1.1481926520673369e-12,1.0,0.40000000002191116,1.501131622170332e-08,0.0,0.0,0.0,-0.00018948280800569004
2026-09-21T04:56:57.549947,13.13,3.7880000316822584,1.9983935480609685e-10,0.0,-2.2632344789386134e-06,0.0,0.0,-1.1316172394690653e-06,0.9999999999993597,0.4000063547017667,2.0034063073274212e-08,0.0,0.0,0.0,2.99210011305722e-05
2026-09-21T04:56:57.577151,13.15,3.7960000312828,2.57232110422847e-10,0.0,-3.4869107827795176e-06,0.0,0.0,-1.7434553913888756e-06,0.9999999999984802,0.4000062748258818,2.578395880182316e-08,0.0,0.0,0.0,0.0002169248156002241
2026-09-21T04:56:57.604296,13.17,3.8040000308883624,3.8633654989790654e-10,0.0,4.070242205056474e-06,0.0,0.0,2.035121102526832e-06,0.9999999999979291,0.40000619595400166,3.8718640756860396e-08,0.0,0.0,0.0,5.73728803487199e-05
2026-09-21T04:56:57.627512,13.19,3.8120000304988815,2.9854273074868794e-10,0.0,-2.0766812656169975e-06,0.0,0.0,-1.0383406328083122e-06,0.9999999999994609,0.40000611807350656,2.99182922356553e-08,0.0,0.0,0.0,-0.00023619743877989886
2026-09-21T04:56:57.659776,13.21,3.820000030114295,2.8743412845274047e-10,0.0,-2.9130652423603465e-06,0.0,0.0,-1.4565326211796582e-06,0.9999999999989393,0.4000060411719351,2.88085195751686e-08,0.0,0.0,0.0,9.622270049405325e-05
2026-09-21T04:56:57.688850,13.23,3.828000029734541,3.7416846668604467e-10,0.0,-2.6507544363951756e-06,0.0,0.0,-1.3253772181971996e-06,0.9999999999991217,0.40000596523698284,3.749779004108464e-08,0.0,0.0,0.0,-0.0001940784893644872
2026-09-21T04:56:57.717686,13.25,3.83600002935956,3.852242106852162e-10,0.0,9.933094422542865e-07,0.0,0.0,4.966547211271228e-07,0.9999999999998767,0.40000589025649963,3.8605091916102005e-08,0.0,0.0,0.0,0.00023009237151247326
2026-09-21T04:56:57.745565,13.27,3.8440000289892917,4.1011966097827783e-10,0.0,8.88260005993402e-07,0.0,0.0,4.441300029966864e-07,0.9999999999999014,0.4000058162184883,4.109619521664505e-08,0.0,0.0,0.0,9.904478797776768e-06
2026-09-21T04:56:57.775474,13.29,3.8520000286236757,3.8534702700514407e-10,0.0,-6.855692089580145e-07,0.0,0.0,-3.4278460447900055e-07,0.9999999999999413,0.4000057431111024,3.861398119583745e-08,0.0,0.0,0.0,3.767365202912979e-05
2026-09-21T04:56:57.801984,13.31,3.8600000282626556,4.044156210084302e-10,0.0,2.8271112442190827e-06,0.0,0.0,1.4135556221090706e-06,0.9999999999990009,0.40000567092264433,4.0524629801818955e-08,0.0,0.0,0.0,6.773705061173941e-05
2026-09-21T04:56:57.831700,13.33,3.868000027906171,3.4776506427212e-10,0.0,-1.8108781820735944e-06,0.0,0.0,-9.054390910366734e-07,0.9999999999995901,0.4000055996415636,3.484637794003287e-08,0.0,0.0,0.0,0.00013581275839839077
2026-09-21T04:56:57.862197,13.35,3.876000027554167,4.167856582496379e-10,0.0,-3.6251435440171065e-06,0.0,0.0,-1.8125717720075607e-06,0.9999999999983573,0.40000552925645494,4.1763267959671134e-08,0.0,0.0,0.0,-0.00011045741980946649
2026-09-21T04:56:57.888910,13.36,3.8799999999077164,-4.108890594689243e-15,0.0,-3.940847648209456e-12,0.0,0.0,-1.970423824104728e-12,1.0,0.40000000001800784,4.685972152054051e-08,0.0,0.0,0.0,0.0002685749770799013
2026-09-21T04:56:57.915323,13.38,3.887999999907639,1.2792499281666867e-14,0.0,-5.910827383104333e-13,0.0,0.0,-2.9554136915521667e-13,1.0,0.40000000001773334,3.18898241958833e-08,0.0,0.0,0.0,-0.0003236613180831839
2026-09-21T04:56:57.942828,13.41,3.900000026524475,3.8563614513203857e-10,0.0,-1.1713769465515611e-07,0.0,0.0,-5.856884732757802e-08,0.9999999999999983,0.4000053233650473,3.8641608308626735e-08,0.0,0.0,0.0,0.00013330406355979788
2026-09-21T04:56:57.966081,13.43,3.908000026189834,4.1365548516641007e-10,0.0,-3.4842165606008284e-06,0.0,0.0,-1.7421082802995329e-06,0.9999999999984825,0.40000525645261364,4.1446365302228866e-08,0.0,0.0,0.0,0.0002703686599572193
2026-09-21T04:56:57.993078,13.45,3.916000025859399,5.523852348881763e-10,0.0,-3.774474710560583e-07,0.0,0.0,-1.88723735528028e-07,0.9999999999999822,0.4000051903812401,5.534643964608911e-08,0.0,0.0,0.0,-0.00013296668146888456
2026-09-21T04:56:58.021146,13.48,3.927999999907254,5.30075677021401e-15,0.0,2.084110661826344e-12,0.0,0.0,1.042055330913172e-12,1.0,0.40000000001641167,4.6075622113114785e-08,0.0,0.0,0.0,1.5497846609985005e-05
2026-09-21T04:56:58.048706,13.49,3.932000025210934,4.616400216935415e-10,0.0,-1.6937650113568736e-06,0.0,0.0,-8.468825056783356e-07,0.9999999999996414,0.40000506071951913,4.625052076316781e-08,0.0,0.0,0.0,0.0001555253054913977
2026-09-21T04:56:58.070703,13.51,3.9400000248928,5.305440996193365e-10,0.0,1.7156573903776005e-06,0.0,0.0,8.578286951886951e-07,0.9999999999996321,0.40000499710842513,5.3155198221386936e-08,0.0,0.0,0.0,-0.0002265812820642419
2026-09-21T04:56:58.101902,13.53,3.948000024578664,4.286154667303067e-10,0.0,-5.47746624901535e-06,0.0,0.0,-2.7387331245042514e-06,0.9999999999962497,0.4000049342968948,4.294109728831234e-08,0.0,0.0,0.0,0.00035255836903929716
2026-09-21T04:56:58.124386,13.55,3.956000024268476,6.330138882768103e-10,0.0,-2.7097306212198195e-06,0.0,0.0,-1.3548653106094951e-06,0.9999999999990822,0.4000048722748781,6.342185014269997e-08,0.0,0.0,0.0,0.00023188323031233648
2026-09-21T04:56:58.150946,13.56,3.959999999906946,-8.581133462417844e-15,0.0,-3.26405569239796e-13,0.0,0.0,-1.63202784619898e-13,1.0,0.4000000000154129,7.395070377092205e-08,0.0,0.0,0.0,-0.0003763295310842806
2026-09-21T04:56:58.181827,13.59,3.9720000236597444,7.880076422521937e-10,0.0,-2.7864478577832585e-06,0.0,0.0,-1.3932239288911786e-06,0.9999999999990294,0.40000475055981455,7.89481734409237e-08,0.0,0.0,0.0,-1.713122740472291e-05
2026-09-21T04:56:58.206239,13.61,3.9800000233611033,8.366783420098215e-10,0.0,-1.0555086897845456e-06,0.0,0.0,-5.277543448922483e-07,0.9999999999998608,0.40000469084729273,8.382263750996556e-08,0.0,0.0,0.0,0.00016780308681929595
2026-09-21T04:56:58.241250,13.63,3.9840000267527547,8.62429351495189e-10,0.0,-9.596529273458998e-07,0.0,0.0,-4.798264636729315e-07,0.9999999999998849,0.4000045692175025,8.640024528017897e-08,0.0,0.0,0.0,0.00010314401337407469
2026-09-21T04:56:58.271870,13.65,3.9960000187792324,9.177731727836964e-10,0.0,-2.078975561925489e-06,0.0,0.0,-1.0394877809625573e-06,0.9999999999994598,0.4000045744720149,9.194389656755231e-08,0.0,0.0,0.0,0.00037747108630848975
2026-09-21T04:56:58.303347,13.66,3.9999999999065574,-9.636214206188035e-15,0.0,1.4122036873231991e-12,0.0,0.0,7.061018436615996e-13,1.0,0.4000000000142367,1.0383476852274662e-07,0.0,0.0,0.0,-0.00012204128792987832
2026-09-21T04:56:58.326017,13.68,4.007999999906484,7.257878196111024e-16,0.0,-1.474820265912058e-12,0.0,0.0,-7.37410132956029e-13,1.0,0.4000000000140095,1.0371731591279242e-07,0.0,0.0,0.0,0.00025518684781392797
2026-09-21T04:56:58.353146,13.7,4.015999999906406,9.784820746277074e-15,0.0,9.450218385609332e-13,0.0,0.0,4.725109192804666e-13,1.0,0.4000000000137853,9.272787554981323e-08,0.0,0.0,0.0,0.00015625324670728519
2026-09-21T04:56:58.381547,13.73,4.028000021650178,8.514696205667346e-10,0.0,-7.594551107992232e-07,0.0,0.0,-3.7972755539960245e-07,0.999999999999928,0.4000043487564549,8.529469226950905e-08,0.0,0.0,0.0,-0.0002722614624758634
2026-09-21T04:56:58.403373,13.75,4.036000021376789,7.913019676295293e-10,0.0,-1.0977046414062388e-06,0.0,0.0,-5.488523207030918e-07,0.9999999999998493,0.40000429409442617,7.926694973862605e-08,0.0,0.0,0.0,6.454300442589099e-05
2026-09-21T04:56:58.428030,13.77,4.044000021106836,8.190650677470269e-10,0.0,1.6078580484801823e-06,0.0,0.0,8.039290242400043e-07,0.9999999999996768,0.40000424011947533,8.204718736852906e-08,0.0,0.0,0.0,-0.00021078108948779383
2026-09-21T04:56:58.459447,13.79,4.052000020840274,7.182146722442756e-10,0.0,-1.6191782585828207e-06,0.0,0.0,-8.09589129291322e-07,0.9999999999996723,0.4000041868229661,7.194104400820679e-08,0.0,0.0,0.0,-6.51786984757566e-05
2026-09-21T04:56:58.479642,13.81,4.060000020577062,7.28821237998929e-10,0.0,-2.7478403934466655e-06,0.0,0.0,-1.3739201967229006e-06,0.9999999999990562,0.4000041341963708,7.30043193990881e-08,0.0,0.0,0.0,0.00035426783457783025
2026-09-21T04:56:58.517132,13.83,4.068000020317158,8.641833989872323e-10,0.0,3.9540073926147556e-07,0.0,0.0,1.9770036963073649e-07,0.9999999999999805,0.4000040822312689,8.656512403802751e-08,0.0,0.0,0.0,-3.545376555653043e-05
2026-09-21T04:56:58.542360,13.85,4.076000020060519,8.321067924834286e-10,0.0,-1.2084938871836926e-06,0.0,0.0,-6.042469435918095e-07,0.9999999999998175,0.40000403091934567,8.334917179302658e-08,0.0,0.0,0.0,-0.00010471441090770089
2026-09-21T04:56:58.572915,13.870000000000001,4.084000019807107,8.218756685669503e-10,0.0,-2.667628535846233e-07,0.0,0.0,-1.333814267923113e-07,0.9999999999999911,0.400003980252391,8.2324039219846e-08,0.0,0.0,0.0,0.0001916856123119664
2026-09-21T04:56:58.601583,13.89,4.0920000195568775,8.592314744259359e-10,0.0,-2.3941284674755536e-06,0.0,0.0,-1.197064233737491e-06,0.9999999999992836,0.4000039302222979,8.6064723861865e-08,0.0,0.0,0.0,0.00014204629608323353
2026-09-21T04:56:58.626189,13.91,4.100000019309792,9.342176475715077e-10,0.0,-1.5418905481290328e-06,0.0,0.0,-7.709452740644398e-07,0.9999999999997028,0.40000388082106125,9.357757960532263e-08,0.0,0.0,0.0,-0.00011033549202080236
2026-09-21T04:56:58.653383,13.93,4.108000019065812,9.287482273442103e-10,0.0,8.01978674580539e-08,0.0,0.0,4.009893372902694e-08,0.9999999999999992,0.40000383204077666,9.302832389424624e-08,0.0,0.0,0.0,0.00011185771150738404
2026-09-21T04:56:58.681824,13.95,4.116000018824897,9.373984570333559e-10,0.0,-5.788776795689898e-07,0.0,0.0,-2.894388397844909e-07,0.9999999999999581,0.4000037838736391,9.389266024480273e-08,0.0,0.0,0.0,3.658208457089672e-05
