wall_time,ros_time_sec,parent_frame,child_frame,x,y,z,yaw,qx,qy,qz,qw
2026-09-17T02:12:26.402530,2.83,map,roomba,-4.535319907267331e-15,9.675726919428327e-26,0.0,-1.5339311909556847e-06,0.0,0.0,-7.669655954777671e-07,0.9999999999997059
2026-09-17T02:12:26.452431,2.87,map,roomba,-4.555312486231343e-15,1.461241664421082e-25,0.0,-3.1105013738041984e-06,0.0,0.0,-1.5552506869014722e-06,0.9999999999987906
2026-09-17T02:12:26.505389,2.93,map,roomba,-4.583848784082742e-15,2.1728368229684053e-25,0.0,-3.1431789171421103e-07,0.0,0.0,-1.5715894585710485e-07,0.9999999999999877
2026-09-17T02:12:26.552051,2.97,map,roomba,-4.601976791972715e-15,2.271556610795161e-25,0.0,1.5743176859928113e-06,0.0,0.0,7.871588429963242e-07,0.9999999999996901
2026-09-17T02:12:26.618835,3.03,map,roomba,-4.628301691127815e-15,3.348500496113055e-25,0.0,9.157432154793811e-07,0.0,0.0,4.578716077396745e-07,0.9999999999998952
2026-09-17T02:12:26.669675,3.09,map,roomba,-4.6525010352039004e-15,1.6436963165186108e-25,0.0,-3.8740936991743535e-07,0.0,0.0,-1.9370468495871646e-07,0.9999999999999812
2026-09-17T02:12:26.719148,3.13,map,roomba,-4.668157309914824e-15,1.9087314562660367e-25,0.0,-1.7960922793491818e-06,0.0,0.0,-8.980461396744702e-07,0.9999999999995968
2026-09-17T02:12:26.768839,3.17,map,roomba,-4.683163056079031e-15,7.73466481340159e-26,0.0,2.2312929295331698e-06,0.0,0.0,1.1156464647663532e-06,0.9999999999993776
2026-09-17T02:12:26.819738,3.23,map,roomba,-4.704543438267135e-15,6.205500028639295e-26,0.0,1.3240494944888326e-06,0.0,0.0,6.620247472443679e-07,0.9999999999997808
2026-09-17T02:12:26.869367,3.27,map,roomba,-4.718204899314664e-15,-5.338442875952527e-27,0.0,1.1403391790842932e-06,0.0,0.0,5.701695895421157e-07,0.9999999999998375
2026-09-17T02:12:26.921233,3.33,map,roomba,-4.737373757100109e-15,5.9849970173259e-26,0.0,6.17860991702912e-07,0.0,0.0,3.089304958514511e-07,0.9999999999999523
2026-09-17T02:12:26.970655,3.37,map,roomba,-4.749517189196769e-15,1.1116951483536743e-25,0.0,6.252471029810638e-08,0.0,0.0,3.1262355149053185e-08,0.9999999999999994
2026-09-17T02:12:27.018693,3.43,map,roomba,-4.766690965297899e-15,1.426812403487326e-26,0.0,-1.558226697895293e-06,0.0,0.0,-7.791133489475677e-07,0.9999999999996965
2026-09-17T02:12:27.068757,3.47,map,roomba,-4.777620079906169e-15,-2.78926859036244e-26,0.0,-7.627523155306904e-07,0.0,0.0,-3.81376157765336e-07,0.9999999999999273
2026-09-17T02:12:27.118620,3.5300000000000002,map,roomba,-4.79331984877795e-15,-4.203893220552201e-27,0.0,3.0201018601516702e-06,0.0,0.0,1.5100509300752612e-06,0.9999999999988599
2026-09-17T02:12:27.169208,3.5700000000000003,map,roomba,-4.8034684522809205e-15,1.6759273533196405e-25,0.0,1.8845440408199463e-07,0.0,0.0,9.422720204099718e-08,0.9999999999999956
2026-09-17T02:12:27.219617,3.63,map,roomba,-4.817693538868307e-15,8.860775542779427e-26,0.0,-3.820095582085514e-07,0.0,0.0,-1.9100477910427455e-07,0.9999999999999818
2026-09-17T02:12:27.268500,3.67,map,roomba,-4.826671053051262e-15,1.1773231303392996e-25,0.0,-4.827278776708965e-07,0.0,0.0,-2.4136393883544594e-07,0.9999999999999709
2026-09-17T02:12:27.323518,3.73,map,roomba,-4.83950847410544e-15,6.895815374979049e-26,0.0,1.6450866491268816e-06,0.0,0.0,8.225433245633481e-07,0.9999999999996617
2026-09-17T02:12:27.368773,3.77,map,roomba,-4.8477053411789385e-15,3.8210669429173606e-27,0.0,-5.131257867496689e-07,0.0,0.0,-2.565628933748316e-07,0.999999999999967
2026-09-17T02:12:27.436720,3.83,map,roomba,-4.859328427115702e-15,6.707436543764218e-26,0.0,-1.2007631733368385e-07,0.0,0.0,-6.003815866684188e-08,0.9999999999999982
2026-09-17T02:12:27.487625,3.87,map,roomba,-4.866527813641814e-15,3.1619085781043343e-26,0.0,-7.043434813169827e-08,0.0,0.0,-3.521717406584913e-08,0.9999999999999993
2026-09-17T02:12:27.538779,3.93,map,roomba,-4.877283639988673e-15,-3.2308819579706177e-27,0.0,1.1354054514356453e-06,0.0,0.0,5.67702725717792e-07,0.9999999999998388
2026-09-17T02:12:27.625802,3.97,map,roomba,-4.8840059514935505e-15,3.359074136847723e-26,0.0,-1.8220192528062297e-06,0.0,0.0,-9.110096264029887e-07,0.999999999999585
2026-09-17T02:12:27.692418,4.03,map,roomba,-4.89350421539185e-15,-2.5319883037224552e-26,0.0,2.35996278519224e-07,0.0,0.0,1.1799813925961169e-07,0.999999999999993
2026-09-17T02:12:27.743912,4.09,map,roomba,-4.902308301014995e-15,-5.871762904703624e-26,0.0,3.8747597930210997e-07,0.0,0.0,1.9373798965105377e-07,0.9999999999999812
2026-09-17T02:12:27.805091,4.13,map,roomba,-4.907816282022673e-15,-6.903433404705992e-26,0.0,1.8295459103256934e-06,0.0,0.0,9.147729551627189e-07,0.9999999999995816
2026-09-17T02:12:27.847325,4.17,map,roomba,-4.9134981288185966e-15,-5.289152286487795e-26,0.0,-2.3231568793136165e-06,0.0,0.0,-1.161578439656547e-06,0.9999999999993253
2026-09-17T02:12:27.903514,4.23,map,roomba,-4.921304704009623e-15,-6.986652429936837e-26,0.0,-7.735733342784101e-07,0.0,0.0,-3.8678666713919543e-07,0.9999999999999252
2026-09-17T02:12:27.954121,4.27,map,roomba,-4.926292374081809e-15,-5.1441722637529056e-26,0.0,-2.848623509521531e-06,0.0,0.0,-1.4243117547602838e-06,0.9999999999989857
2026-09-17T02:12:28.002168,4.33,map,roomba,-4.93344853282115e-15,-9.095245866438279e-26,0.0,3.901459129096454e-07,0.0,0.0,1.9507295645482142e-07,0.9999999999999809
2026-09-17T02:12:28.052772,4.38,map,roomba,-4.9389312083746986e-15,-1.026721170443281e-30,0.0,-1.8900436771218665e-12,0.0,0.0,-9.450218385609332e-13,1.0
2026-09-17T02:12:28.103574,4.43,map,roomba,-4.944248038280817e-15,-6.706297734548701e-26,0.0,-1.461686721881962e-06,0.0,0.0,-7.308433609409158e-07,0.9999999999997329
2026-09-17T02:12:28.163852,4.47,map,roomba,-4.948151329935861e-15,-9.62347517789639e-26,0.0,-7.182904049329863e-08,0.0,0.0,-3.591452024664931e-08,0.9999999999999993
2026-09-17T02:12:28.214794,4.53,map,roomba,-4.953615950183776e-15,-8.080631542402829e-26,0.0,-2.041700605914798e-06,0.0,0.0,-1.0208503029572217e-06,0.999999999999479
2026-09-17T02:12:28.265809,4.57,map,roomba,-4.957302795590913e-15,-9.799344613302472e-26,0.0,4.18460452067393e-07,0.0,0.0,2.0923022603369497e-07,0.9999999999999781
2026-09-17T02:12:28.313655,4.63,map,roomba,-4.962680913469052e-15,-7.574195659895499e-26,0.0,1.085399352174222e-06,0.0,0.0,5.426996760870842e-07,0.9999999999998527
2026-09-17T02:12:28.389154,4.67,map,roomba,-4.9657601740243735e-15,-9.531546869550241e-26,0.0,-1.4816752891277937e-07,0.0,0.0,-7.40837644563896e-08,0.9999999999999972
2026-09-17T02:12:28.437418,4.73,map,roomba,-4.970574480819299e-15,-4.496464884894658e-26,0.0,-1.1597418625441944e-06,0.0,0.0,-5.798709312720648e-07,0.9999999999998319
2026-09-17T02:12:28.496038,4.77,map,roomba,-4.9733502876409685e-15,-5.331306185658225e-26,0.0,-4.471395809169111e-07,0.0,0.0,-2.2356979045845369e-07,0.999999999999975
2026-09-17T02:12:28.546042,4.83,map,roomba,-4.9776442874841705e-15,-7.444874484827877e-26,0.0,2.2879190715308097e-06,0.0,0.0,1.1439595357651552e-06,0.9999999999993456
2026-09-17T02:12:28.609262,4.89,map,roomba,-4.981960157430419e-15,-6.20867565755272e-26,0.0,1.250640527583613e-06,0.0,0.0,6.253202637917657e-07,0.9999999999998045
2026-09-17T02:12:28.685145,4.93,map,roomba,-4.984627439241799e-15,-5.353261676044557e-26,0.0,-1.4650090696122233e-06,0.0,0.0,-7.325045348060459e-07,0.9999999999997317
2026-09-17T02:12:28.784544,4.97,map,roomba,-4.986839149716002e-15,-6.274799086793752e-26,0.0,-1.3756166916678591e-06,0.0,0.0,-6.878083458338752e-07,0.9999999999997634
2026-09-17T02:12:28.830113,5.03,map,roomba,-4.99035233721666e-15,-6.79358321204004e-26,0.0,1.1234755419309299e-06,0.0,0.0,5.617377709654354e-07,0.9999999999998422
2026-09-17T02:12:28.898380,5.07,map,roomba,-4.9925209398898765e-15,-5.1091189839637014e-26,0.0,1.4239080123878982e-06,0.0,0.0,7.11954006193889e-07,0.9999999999997465
2026-09-17T02:12:28.944089,5.14,map,roomba,-4.996177083135648e-15,-1.1528644387785967e-30,0.0,5.369038547087257e-13,0.0,0.0,2.6845192735436285e-13,1.0
2026-09-17T02:12:29.015695,5.17,map,roomba,-4.997856424652467e-15,-1.980587955814844e-26,0.0,3.0990230035499175e-06,0.0,0.0,1.5495115017743387e-06,0.9999999999987995
2026-09-17T02:12:29.078654,5.23,map,roomba,-5.000675261699158e-15,1.35036478142369e-27,0.0,-4.846381536083302e-07,0.0,0.0,-2.423190768041627e-07,0.9999999999999706
2026-09-17T02:12:29.129789,5.27,map,roomba,-5.002323417687754e-15,1.3338008856736034e-26,0.0,1.9351959017477344e-06,0.0,0.0,9.67597950873716e-07,0.9999999999995318
2026-09-17T02:12:29.199031,5.33,map,roomba,-5.0052297879455596e-15,2.735001431412694e-26,0.0,-1.541787467473911e-06,0.0,0.0,-7.70893733736879e-07,0.9999999999997028
2026-09-17T02:12:29.251022,5.39,map,roomba,-5.0073983460099506e-15,1.1021430761466496e-26,0.0,-2.0396588049642617e-06,0.0,0.0,-1.019829402481954e-06,0.99999999999948
2026-09-17T02:12:29.315034,5.43,map,roomba,-5.009046743613534e-15,1.4041048278767727e-26,0.0,-3.5291227140632495e-06,0.0,0.0,-1.764561357030709e-06,0.9999999999984431
2026-09-17T02:12:29.368812,5.49,map,roomba,-5.0111285428471656e-15,-5.3270397121847055e-27,0.0,6.043322691162703e-07,0.0,0.0,3.021661345581305e-07,0.9999999999999544
2026-09-17T02:12:29.445228,5.53,map,roomba,-5.012646685108689e-15,-9.735401952028619e-27,0.0,-2.229093307271059e-06,0.0,0.0,-1.1145466536352984e-06,0.9999999999993788
2026-09-17T02:12:29.518843,5.57,map,roomba,-5.013947710123788e-15,-3.0606439769585284e-26,0.0,-1.3307093222891815e-06,0.0,0.0,-6.653546611445415e-07,0.9999999999997786
2026-09-17T02:12:29.585877,5.63,map,roomba,-5.016073395316061e-15,-3.488906044023988e-26,0.0,2.6908905939038185e-06,0.0,0.0,1.345445296951503e-06,0.9999999999990948
2026-09-17T02:12:29.632714,5.67,map,roomba,-5.017201073309538e-15,-3.8356842431477926e-26,0.0,-1.9005364393365208e-08,0.0,0.0,-9.502682196682602e-09,0.9999999999999999
2026-09-17T02:12:29.699526,5.73,map,roomba,-5.019109622236331e-15,-2.926285268472123e-26,0.0,1.8567330091201494e-06,0.0,0.0,9.283665045599412e-07,0.999999999999569
2026-09-17T02:12:29.791222,5.79,map,roomba,-5.020671083384889e-15,-2.8489234992855306e-26,0.0,3.3961443590690976e-06,0.0,0.0,1.6980721795337327e-06,0.9999999999985583
2026-09-17T02:12:29.860347,5.83,map,roomba,-5.021451660778025e-15,-2.894766215779447e-26,0.0,-4.875122900926956e-07,0.0,0.0,-2.4375614504634535e-07,0.9999999999999702
2026-09-17T02:12:29.935591,5.87,map,roomba,-5.022449621922726e-15,-3.697680935600433e-26,0.0,8.411925165319198e-07,0.0,0.0,4.205962582659474e-07,0.9999999999999115
2026-09-17T02:12:30.003227,5.93,map,roomba,-5.0239676858764086e-15,-3.6841154135120174e-26,0.0,-3.230032761258884e-07,0.0,0.0,-1.615016380629435e-07,0.9999999999999869
2026-09-17T02:12:30.076101,5.97,map,roomba,-5.024878761412399e-15,-4.1950569773897806e-26,0.0,-1.923626274269452e-06,0.0,0.0,-9.618131371345778e-07,0.9999999999995375
2026-09-17T02:12:30.145639,6.02,map,roomba,-5.025797486475765e-15,-5.459326481066191e-32,0.0,1.7901236049056024e-12,0.0,0.0,8.950618024528012e-13,1.0
2026-09-17T02:12:30.227543,6.07,map,roomba,-5.026787317655135e-15,-3.7843074551992455e-26,0.0,-7.802047026217453e-07,0.0,0.0,-3.9010235131086277e-07,0.999999999999924
2026-09-17T02:12:30.305760,6.13,map,roomba,-5.027828302979247e-15,-3.262851764261142e-26,0.0,-1.971504911324473e-06,0.0,0.0,-9.85752455662077e-07,0.9999999999995142
2026-09-17T02:12:30.389606,6.18,map,roomba,-5.028963356864303e-15,8.801014453908805e-32,0.0,8.903988657493755e-13,0.0,0.0,4.4519943287468777e-13,1.0
2026-09-17T02:12:30.475201,6.23,map,roomba,-5.029823822699392e-15,-3.316178348900748e-26,0.0,-8.927898251798187e-07,0.0,0.0,-4.463949125898945e-07,0.9999999999999003
2026-09-17T02:12:30.547466,6.27,map,roomba,-5.030257269120641e-15,-3.4643923628880894e-26,0.0,5.491192927031821e-07,0.0,0.0,2.745596463515876e-07,0.9999999999999623
2026-09-17T02:12:30.635811,6.33,map,roomba,-5.031254993645617e-15,-3.4677141175193314e-26,0.0,2.736328841290714e-06,0.0,0.0,1.36816442064493e-06,0.9999999999990641
2026-09-17T02:12:30.700531,6.37,map,roomba,-5.032036061026392e-15,-3.5564116526071294e-26,0.0,1.2964140454485573e-06,0.0,0.0,6.482070227242332e-07,0.99999999999979
2026-09-17T02:12:30.750821,6.43,map,roomba,-5.032730057129985e-15,-3.274454679478966e-26,0.0,-5.558080279577385e-06,0.0,0.0,-2.779040139785115e-06,0.9999999999961384
2026-09-17T02:12:30.803923,6.47,map,roomba,-5.033294134647117e-15,-3.7299372506761107e-26,0.0,-7.031773012755595e-07,0.0,0.0,-3.515886506377725e-07,0.9999999999999382
2026-09-17T02:12:30.852163,6.53,map,roomba,-5.034335194660798e-15,-3.5625818268712883e-26,0.0,2.129408812834299e-06,0.0,0.0,1.0647044064169484e-06,0.9999999999994332
2026-09-17T02:12:30.933405,6.57,map,roomba,-5.0347687515876226e-15,-3.774308783628356e-26,0.0,-5.811497185703729e-07,0.0,0.0,-2.9057485928518237e-07,0.9999999999999578
2026-09-17T02:12:30.982965,6.63,map,roomba,-5.035723201459506e-15,-3.74315740457759e-26,0.0,1.3687945710216813e-06,0.0,0.0,6.843972855107871e-07,0.9999999999997657
2026-09-17T02:12:31.053120,6.67,map,roomba,-5.0359834145748746e-15,-3.3902825869755983e-26,0.0,-1.1865799951493732e-06,0.0,0.0,-5.932899975746517e-07,0.999999999999824
2026-09-17T02:12:31.105209,6.73,map,roomba,-5.0366341415954736e-15,-3.274285877818897e-26,0.0,-3.435565458786983e-07,0.0,0.0,-1.7177827293934831e-07,0.9999999999999852
2026-09-17T02:12:31.153500,6.77,map,roomba,-5.0369810841905915e-15,-3.1520268222510414e-26,0.0,-3.926424217315372e-06,0.0,0.0,-1.9632121086564247e-06,0.9999999999980729
2026-09-17T02:12:31.203936,6.83,map,roomba,-5.0375887060407246e-15,-3.511166533028795e-26,0.0,-2.2202996898812456e-06,0.0,0.0,-1.1101498449403945e-06,0.9999999999993837
2026-09-17T02:12:31.278206,6.87,map,roomba,-5.03802250946021e-15,-4.20248958088098e-26,0.0,1.5056729196771812e-09,0.0,0.0,7.528364598385906e-10,1.0
2026-09-17T02:12:31.377374,6.93,map,roomba,-5.038325991677289e-15,-3.880449051787214e-26,0.0,1.275003222556137e-06,0.0,0.0,6.375016112780253e-07,0.9999999999997968
2026-09-17T02:12:31.455002,6.97,map,roomba,-5.038586456174101e-15,-3.646568126444751e-26,0.0,2.176638720374768e-06,0.0,0.0,1.0883193601871692e-06,0.9999999999994078
2026-09-17T02:12:31.605391,7.03,map,roomba,-5.038933436435518e-15,-3.2504228321065734e-26,0.0,2.165510103679935e-06,0.0,0.0,1.082755051839756e-06,0.9999999999994138
2026-09-17T02:12:31.724664,7.08,map,roomba,-5.039241593508158e-15,-7.790387310233364e-32,0.0,2.1449508835758024e-13,0.0,0.0,1.0724754417879012e-13,1.0
2026-09-17T02:12:31.802906,7.12,map,roomba,-5.03950180192163e-15,-5.834470633554962e-32,0.0,-1.838085239569409e-12,0.0,0.0,-9.190426197847046e-13,1.0
2026-09-17T02:12:31.917921,7.17,map,roomba,-5.0399747914119944e-15,-2.9238495669823235e-26,0.0,-3.4985313601687585e-06,0.0,0.0,-1.7492656800834867e-06,0.99999999999847
2026-09-17T02:12:32.043959,7.22,map,roomba,-5.040065587159717e-15,-4.198013259939355e-32,0.0,-1.8691714842589136e-12,0.0,0.0,-9.345857421294568e-13,1.0
2026-09-17T02:12:32.142510,7.27,map,roomba,-5.0406255680837315e-15,-2.64611591724077e-26,0.0,-8.587296349560348e-07,0.0,0.0,-4.293648174780042e-07,0.9999999999999079
2026-09-17T02:12:32.211933,7.32,map,roomba,-5.0405860039867145e-15,-1.3169738578625675e-31,0.0,2.3594459719333827e-12,0.0,0.0,1.1797229859666913e-12,1.0
2026-09-17T02:12:32.302271,7.39,map,roomba,-5.0410161654788906e-15,-2.2754087084624496e-26,0.0,1.0371562653155306e-06,0.0,0.0,5.185781326577421e-07,0.9999999999998656
2026-09-17T02:12:32.390679,7.43,map,roomba,-5.041102720391891e-15,-2.0651559019518146e-26,0.0,-1.0410104334113157e-06,0.0,0.0,-5.205052167056344e-07,0.9999999999998646
2026-09-17T02:12:32.502632,7.47,map,roomba,-5.0413631559402825e-15,-2.081047669145295e-26,0.0,9.956375399688966e-07,0.0,0.0,4.978187699844278e-07,0.9999999999998761
2026-09-17T02:12:32.635222,7.55,map,roomba,-5.041493438207751e-15,-1.9150909446088274e-26,0.0,7.914301081157762e-07,0.0,0.0,3.9571505405787777e-07,0.9999999999999217
2026-09-17T02:12:32.695727,7.59,map,roomba,-5.041623487219913e-15,-2.033216724419496e-26,0.0,1.6758331704558316e-06,0.0,0.0,8.379165852278177e-07,0.999999999999649
2026-09-17T02:12:32.778160,7.63,map,roomba,-5.041927417936639e-15,-1.794337542889334e-26,0.0,5.340882669457869e-07,0.0,0.0,2.670441334728903e-07,0.9999999999999644
2026-09-17T02:12:32.849237,7.67,map,roomba,-5.042013958454023e-15,-1.9583287046402992e-26,0.0,-5.739960294182114e-06,0.0,0.0,-2.8699801470871166e-06,0.9999999999958816
2026-09-17T02:12:32.922551,7.73,map,roomba,-5.0426216354001974e-15,-2.587306235689621e-26,0.0,2.4897892130226764e-06,0.0,0.0,1.2448946065110165e-06,0.9999999999992251
2026-09-17T02:12:33.007417,7.76,map,roomba,-5.042624304246306e-15,-5.304498794671455e-32,0.0,-6.159517340620368e-13,0.0,0.0,-3.079758670310184e-13,1.0
2026-09-17T02:12:33.126440,7.83,map,roomba,-5.0428817441645585e-15,-2.1984026793433888e-26,0.0,3.6661514819513745e-06,0.0,0.0,1.8330757409746609e-06,0.9999999999983199
2026-09-17T02:12:33.212344,7.87,map,roomba,-5.0427082059622365e-15,-2.2199646444656878e-26,0.0,3.308713423244569e-06,0.0,0.0,1.6543567116215299e-06,0.9999999999986315
2026-09-17T02:12:33.289816,7.93,map,roomba,-5.043012158782971e-15,-2.174511254796753e-26,0.0,2.6825168220057094e-07,0.0,0.0,1.3412584110028507e-07,0.999999999999991
2026-09-17T02:12:33.359453,7.97,map,roomba,-5.043098687319792e-15,-2.1379835354993e-26,0.0,1.3114482948495274e-06,0.0,0.0,6.557241474247167e-07,0.999999999999785
2026-09-17T02:12:33.486972,8.03,map,roomba,-5.043272252495406e-15,-1.9324593982146287e-26,0.0,1.5310393459699873e-06,0.0,0.0,7.655196729849188e-07,0.999999999999707
2026-09-17T02:12:33.573200,8.07,map,roomba,-5.043315682909166e-15,-1.9483314458477155e-26,0.0,-1.5188086566197964e-07,0.0,0.0,-7.594043283098976e-08,0.9999999999999971
2026-09-17T02:12:33.660988,8.13,map,roomba,-5.043662994890721e-15,-1.968602908240716e-26,0.0,1.8607740592813128e-06,0.0,0.0,9.303870296405221e-07,0.9999999999995671
2026-09-17T02:12:33.791151,8.17,map,roomba,-5.043836247183323e-15,-1.709445708376374e-26,0.0,-4.49778117372901e-06,0.0,0.0,-2.248890586862609e-06,0.9999999999974712
2026-09-17T02:12:33.874997,8.23,map,roomba,-5.044096815684715e-15,-2.1024754201284794e-26,0.0,-1.0597970896419901e-06,0.0,0.0,-5.298985448209702e-07,0.9999999999998596
2026-09-17T02:12:33.943774,8.27,map,roomba,-5.044357076068973e-15,-2.2283082717285468e-26,0.0,-1.9896765275362327e-06,0.0,0.0,-9.948382637679522e-07,0.9999999999995052
2026-09-17T02:12:33.992984,8.33,map,roomba,-5.044313377202524e-15,-2.063613871149108e-26,0.0,1.912611775622966e-06,0.0,0.0,9.563058878113368e-07,0.9999999999995427
2026-09-17T02:12:34.056494,8.37,map,roomba,-5.04461741598777e-15,-1.8609078989186783e-26,0.0,-2.0554858557453328e-06,0.0,0.0,-1.0277429278724853e-06,0.9999999999994719
2026-09-17T02:12:34.108870,8.44,map,roomba,-5.045052917135829e-15,-9.224270294063884e-33,0.0,7.971401316808624e-13,0.0,0.0,3.985700658404312e-13,1.0
2026-09-17T02:12:34.158106,8.47,map,roomba,-5.0450943073883814e-15,-2.2244234458165273e-26,0.0,1.0503971488162733e-06,0.0,0.0,5.251985744081125e-07,0.9999999999998621
2026-09-17T02:12:34.225018,8.53,map,roomba,-5.045224477331408e-15,-2.5229931441482222e-26,0.0,1.1441057421457401e-06,0.0,0.0,5.720528710728388e-07,0.9999999999998364
2026-09-17T02:12:34.274440,8.57,map,roomba,-5.04522452151806e-15,-2.607628639800257e-26,0.0,-1.2693134556762688e-06,0.0,0.0,-6.346567278380918e-07,0.9999999999997986
2026-09-17T02:12:34.323341,8.63,map,roomba,-5.045398335462298e-15,-2.581001412625272e-26,0.0,-1.4859245385245854e-06,0.0,0.0,-7.429622692622244e-07,0.999999999999724
2026-09-17T02:12:34.373391,8.67,map,roomba,-5.0456149402969914e-15,-2.580106275502034e-26,0.0,1.0916693362617025e-06,0.0,0.0,5.458346681308241e-07,0.999999999999851
2026-09-17T02:12:34.424967,8.73,map,roomba,-5.045528270892813e-15,-2.2837489844067485e-26,0.0,4.559610888854592e-07,0.0,0.0,2.2798054444272765e-07,0.999999999999974
2026-09-17T02:12:34.476586,8.77,map,roomba,-5.045788797255614e-15,-3.163038597983379e-26,0.0,4.821455217296492e-07,0.0,0.0,2.410727608648222e-07,0.9999999999999709
2026-09-17T02:12:34.536916,8.83,map,roomba,-5.0457452123285664e-15,-3.448978777909801e-26,0.0,1.0713232341252876e-06,0.0,0.0,5.356616170626182e-07,0.9999999999998566
2026-09-17T02:12:34.585408,8.870000000000001,map,roomba,-5.045745115458326e-15,-3.3939706618892135e-26,0.0,1.7575968338512382e-06,0.0,0.0,8.78798416925506e-07,0.9999999999996139
2026-09-17T02:12:34.635282,8.93,map,roomba,-5.045962148461948e-15,-3.0363566883627205e-26,0.0,1.1428573998273361e-07,0.0,0.0,5.714286999136676e-08,0.9999999999999983
2026-09-17T02:12:34.688521,8.99,map,roomba,-5.046179313795242e-15,-3.0021562818127647e-26,0.0,-1.3386485142596889e-06,0.0,0.0,-6.693242571297944e-07,0.999999999999776
2026-09-17T02:12:34.736712,9.03,map,roomba,-5.04613556642405e-15,-3.040813747440488e-26,0.0,2.4329421917101976e-06,0.0,0.0,1.2164710958547987e-06,0.99999999999926
2026-09-17T02:12:34.785642,9.07,map,roomba,-5.046265842079365e-15,-2.677375280193497e-26,0.0,-1.6496180768044155e-06,0.0,0.0,-8.248090384021143e-07,0.9999999999996598
2026-09-17T02:12:34.840731,9.13,map,roomba,-5.046352628027156e-15,-2.732489106814404e-26,0.0,-3.5863583085493653e-06,0.0,0.0,-1.7931791542737217e-06,0.9999999999983923
2026-09-17T02:12:34.906553,9.17,map,roomba,-5.0463527972644796e-15,-2.2860678447451753e-26,0.0,9.085118213292278e-07,0.0,0.0,4.542559106645983e-07,0.9999999999998969
2026-09-17T02:12:34.956181,9.24,map,roomba,-5.046570800114332e-15,-8.138436931880795e-33,0.0,2.4922286456785514e-12,0.0,0.0,1.2461143228392757e-12,1.0
2026-09-17T02:12:35.005753,9.27,map,roomba,-5.046352461977901e-15,-2.862012704937188e-26,0.0,-1.164044832080436e-06,0.0,0.0,-5.82022416040185e-07,0.9999999999998306
2026-09-17T02:12:35.054906,9.33,map,roomba,-5.0465261159708806e-15,-2.626646472686226e-26,0.0,-1.4631405718112944e-06,0.0,0.0,-7.31570285905582e-07,0.9999999999997324
2026-09-17T02:12:35.105274,9.37,map,roomba,-5.046786765402441e-15,-2.322972510965375e-26,0.0,1.7459592922541844e-06,0.0,0.0,8.729796461269814e-07,0.999999999999619
2026-09-17T02:12:35.154883,9.43,map,roomba,-5.046786532680685e-15,-2.2630390021468903e-26,0.0,1.8723906989315257e-06,0.0,0.0,9.361953494656261e-07,0.9999999999995618
2026-09-17T02:12:35.216827,9.47,map,roomba,-5.046743193834132e-15,-2.0860831583272057e-26,0.0,1.107051912363488e-06,0.0,0.0,5.535259561817158e-07,0.9999999999998468
2026-09-17T02:12:35.279825,9.53,map,roomba,-5.046743234145444e-15,-1.9989011889273142e-26,0.0,2.1567644128417385e-06,0.0,0.0,1.0783822064206602e-06,0.9999999999994186
2026-09-17T02:12:35.330958,9.59,map,roomba,-5.046526163383358e-15,-2.2118523398006098e-26,0.0,-9.506306111184419e-07,0.0,0.0,-4.75315305559203e-07,0.999999999999887
2026-09-17T02:12:35.381253,9.63,map,roomba,-5.046569833696784e-15,-2.175528472540477e-26,0.0,-6.486533998817383e-07,0.0,0.0,-3.243266999408634e-07,0.9999999999999474
2026-09-17T02:12:35.426360,9.67,map,roomba,-5.0466999622150305e-15,-2.1652680916204092e-26,0.0,1.7665337574968031e-06,0.0,0.0,8.832668787482866e-07,0.9999999999996099
2026-09-17T02:12:35.477699,9.73,map,roomba,-5.046613261203021e-15,-2.0626528309731692e-26,0.0,2.9005831976292063e-06,0.0,0.0,1.4502915988140943e-06,0.9999999999989483
2026-09-17T02:12:35.526332,9.77,map,roomba,-5.04670001838847e-15,-1.8447058350055286e-26,0.0,-9.626930319583956e-08,0.0,0.0,-4.8134651597919755e-08,0.9999999999999988
2026-09-17T02:12:35.610240,9.84,map,roomba,-5.046787640657214e-15,1.7231678279884625e-32,0.0,1.5161205624281138e-12,0.0,0.0,7.580602812140569e-13,1.0
2026-09-17T02:12:35.675226,9.870000000000001,map,roomba,-5.046873677670714e-15,-1.8511532780645582e-26,0.0,-2.1753241341571091e-07,0.0,0.0,-1.0876620670785523e-07,0.9999999999999941
2026-09-17T02:12:35.726437,9.93,map,roomba,-5.046786698689203e-15,-1.708923109779106e-26,0.0,-5.713970345766487e-07,0.0,0.0,-2.856985172883204e-07,0.9999999999999591
2026-09-17T02:12:35.775811,9.97,map,roomba,-5.046743350942452e-15,-1.9525437821141507e-26,0.0,-1.3956708011519936e-06,0.0,0.0,-6.978354005759402e-07,0.9999999999997565
2026-09-17T02:12:35.826034,10.03,map,roomba,-5.046700149793237e-15,-1.831984736730189e-26,0.0,-2.1181586662422113e-07,0.0,0.0,-1.0590793331211034e-07,0.9999999999999943
2026-09-17T02:12:35.874954,10.07,map,roomba,-5.046613432507877e-15,-1.790965818248348e-26,0.0,1.0372655681045732e-06,0.0,0.0,5.186327840522632e-07,0.9999999999998654
2026-09-17T02:12:35.926488,10.14,map,roomba,-5.0466575362230644e-15,-1.1397453711383024e-31,0.0,-3.743672039036028e-13,0.0,0.0,-1.871836019518014e-13,1.0
2026-09-17T02:12:35.980355,10.19,map,roomba,-5.046656856070984e-15,-1.5039565070156458e-26,0.0,4.352280530639521e-06,0.0,0.0,2.1761402653180427e-06,0.9999999999976322
2026-09-17T02:12:36.044753,10.23,map,roomba,-5.046873849680121e-15,-1.0070686296894095e-26,0.0,2.111604001875378e-06,0.0,0.0,1.0558020009374929e-06,0.9999999999994427
2026-09-17T02:12:36.090512,10.27,map,roomba,-5.046873728428855e-15,-8.451777756735607e-27,0.0,-1.1887753137429514e-07,0.0,0.0,-5.943876568714753e-08,0.9999999999999982
2026-09-17T02:12:36.140250,10.33,map,roomba,-5.0468306599030954e-15,-3.8459039066563875e-27,0.0,-2.385883798528e-06,0.0,0.0,-1.192941899263717e-06,0.9999999999992885
2026-09-17T02:12:36.206132,10.37,map,roomba,-5.046570194626443e-15,-2.855046849801392e-28,0.0,6.898862961790547e-06,0.0,0.0,3.4494314808884323e-06,0.9999999999940506
2026-09-17T02:12:36.257126,10.43,map,roomba,-5.04635310477406e-15,-5.151537863218172e-27,0.0,2.3576453633822344e-07,0.0,0.0,1.1788226816911143e-07,0.999999999999993
2026-09-17T02:12:36.329747,10.47,map,roomba,-5.046527139639842e-15,-4.753421909114459e-27,0.0,-1.0805291754678603e-06,0.0,0.0,-5.402645877339038e-07,0.999999999999854
2026-09-17T02:12:36.380920,10.53,map,roomba,-5.046353276417969e-15,-1.3671484703451607e-27,0.0,3.6360491928455482e-06,0.0,0.0,1.8180245964217727e-06,0.9999999999983474
2026-09-17T02:12:36.440270,10.57,map,roomba,-5.0464835306516875e-15,3.440310832000359e-27,0.0,8.846978172272202e-08,0.0,0.0,4.4234890861360996e-08,0.999999999999999
2026-09-17T02:12:36.490288,10.63,map,roomba,-5.046700525543106e-15,6.942334028137214e-27,0.0,-9.031706746931441e-07,0.0,0.0,-4.515853373465566e-07,0.999999999999898
2026-09-17T02:12:36.541982,10.67,map,roomba,-5.0468305028657265e-15,6.743788210114875e-27,0.0,1.3609716433826695e-06,0.0,0.0,6.804858216912821e-07,0.9999999999997684
2026-09-17T02:12:36.591335,10.73,map,roomba,-5.046743782146751e-15,7.289763720422725e-27,0.0,-2.643344777730762e-06,0.0,0.0,-1.321672388864996e-06,0.9999999999991266
2026-09-17T02:12:36.640879,10.77,map,roomba,-5.0464834512157404e-15,9.32164173877231e-27,0.0,-1.5407303068926143e-06,0.0,0.0,-7.703651534462307e-07,0.9999999999997032
2026-09-17T02:12:36.703539,10.83,map,roomba,-5.04678732118638e-15,1.2027692442615851e-26,0.0,6.006519663870336e-07,0.0,0.0,3.003259831935123e-07,0.9999999999999549
2026-09-17T02:12:36.752874,10.870000000000001,map,roomba,-5.04683069919164e-15,1.1408425664759614e-26,0.0,2.985410067601891e-06,0.0,0.0,1.4927050338003911e-06,0.9999999999988859
2026-09-17T02:12:36.805066,10.93,map,roomba,-5.046700473673051e-15,8.356079737013944e-27,0.0,1.2553172368257037e-06,0.0,0.0,6.276586184128107e-07,0.999999999999803
2026-09-17T02:12:36.867580,10.99,map,roomba,-5.046917600795331e-15,7.236169935944526e-27,0.0,-1.1880984325252086e-06,0.0,0.0,-5.940492162625694e-07,0.9999999999998236
2026-09-17T02:12:36.916403,11.03,map,roomba,-5.0470042062049766e-15,9.528336200927517e-27,0.0,2.3105450837057613e-06,0.0,0.0,1.1552725418526238e-06,0.9999999999993326
2026-09-17T02:12:36.965613,11.07,map,roomba,-5.047047307291848e-15,1.1411256537775234e-26,0.0,-1.1422400403304788e-07,0.0,0.0,-5.7112002016523895e-08,0.9999999999999983
2026-09-17T02:12:37.015851,11.13,map,roomba,-5.047004093683931e-15,9.54552068515797e-27,0.0,2.1762980875195147e-06,0.0,0.0,1.0881490437595424e-06,0.9999999999994079
2026-09-17T02:12:37.064988,11.17,map,roomba,-5.047134345085153e-15,6.02259837727035e-27,0.0,-1.0231786147230093e-06,0.0,0.0,-5.115893073614822e-07,0.9999999999998691
2026-09-17T02:12:37.115822,11.23,map,roomba,-5.047090851740439e-15,7.074844703125664e-27,0.0,-1.6802670508297979e-06,0.0,0.0,-8.401335254148002e-07,0.9999999999996471
2026-09-17T02:12:37.165159,11.27,map,roomba,-5.047090862393897e-15,6.594502558667484e-27,0.0,5.170739911797287e-07,0.0,0.0,2.5853699558986145e-07,0.9999999999999666
2026-09-17T02:12:37.215805,11.33,map,roomba,-5.047004277562772e-15,5.902326768486834e-27,0.0,6.657875686322259e-07,0.0,0.0,3.328937843161068e-07,0.9999999999999446
2026-09-17T02:12:37.266161,11.37,map,roomba,-5.0467003022716974e-15,4.712721908967683e-27,0.0,2.1446058711127604e-06,0.0,0.0,1.0723029355561746e-06,0.999999999999425
2026-09-17T02:12:37.317993,11.43,map,roomba,-5.04696079745929e-15,6.732540343599285e-27,0.0,-1.6523984243121959e-06,0.0,0.0,-8.261992121560039e-07,0.9999999999996587
2026-09-17T02:12:37.365907,11.47,map,roomba,-5.0473080221999066e-15,6.4612644784288324e-27,0.0,-6.861187604734198e-07,0.0,0.0,-3.430593802367032e-07,0.9999999999999412
2026-09-17T02:12:37.426797,11.53,map,roomba,-5.047351262314506e-15,5.548805055102221e-27,0.0,5.449153612779867e-07,0.0,0.0,2.7245768063898995e-07,0.9999999999999629
2026-09-17T02:12:37.476706,11.57,map,roomba,-5.047307903101464e-15,-1.5565536101610517e-27,0.0,-2.894864105318363e-06,0.0,0.0,-1.447432052658676e-06,0.9999999999989525
2026-09-17T02:12:37.533527,11.63,map,roomba,-5.047264269027007e-15,2.1272976587021378e-27,0.0,-1.504285541908956e-06,0.0,0.0,-7.521427709544072e-07,0.9999999999997171
2026-09-17T02:12:37.610600,11.69,map,roomba,-5.0473945180382884e-15,-1.6880142858145326e-27,0.0,2.3253701870729064e-06,0.0,0.0,1.162685093536191e-06,0.9999999999993241
2026-09-17T02:12:37.651072,11.73,map,roomba,-5.047177275979475e-15,2.5407336201567535e-27,0.0,-2.4139886045659873e-06,0.0,0.0,-1.2069943022827006e-06,0.9999999999992716
2026-09-17T02:12:37.726155,11.77,map,roomba,-5.04735130485619e-15,-1.128076372278432e-27,0.0,-1.7700280907639875e-06,0.0,0.0,-8.85014045381878e-07,0.9999999999996083
2026-09-17T02:12:37.787153,11.83,map,roomba,-5.047047326229615e-15,-3.5922339361288735e-27,0.0,1.706615211816143e-06,0.0,0.0,8.53307605907968e-07,0.999999999999636
2026-09-17T02:12:37.838116,11.870000000000001,map,roomba,-5.047090702025695e-15,3.1023538703934564e-27,0.0,6.248317347967717e-07,0.0,0.0,3.124158673983807e-07,0.9999999999999512
2026-09-17T02:12:37.888518,11.94,map,roomba,-5.047394793701841e-15,2.51898079499798e-32,0.0,4.1384673465927335e-12,0.0,0.0,2.0692336732963668e-12,1.0
2026-09-17T02:12:37.952528,11.97,map,roomba,-5.047481574283114e-15,4.353892867666089e-27,0.0,7.283254039869293e-07,0.0,0.0,3.641627019934566e-07,0.9999999999999337
2026-09-17T02:12:37.999842,12.03,map,roomba,-5.047394572480282e-15,2.635637817489094e-28,0.0,1.6285457591358463e-06,0.0,0.0,8.142728795678333e-07,0.9999999999996685
2026-09-17T02:12:38.051111,12.07,map,roomba,-5.047741788833227e-15,6.3893665874978694e-27,0.0,-1.9215432609520633e-06,0.0,0.0,-9.607716304758838e-07,0.9999999999995385
2026-09-17T02:12:38.102883,12.13,map,roomba,-5.047871620353808e-15,5.968349391120396e-27,0.0,1.880179071989119e-06,0.0,0.0,9.400895359944209e-07,0.9999999999995581
2026-09-17T02:12:38.149379,12.17,map,roomba,-5.047871625506882e-15,5.729428143962326e-27,0.0,-1.3835615417789888e-06,0.0,0.0,-6.917807708894391e-07,0.9999999999997607
2026-09-17T02:12:38.201483,12.23,map,roomba,-5.047698300883494e-15,7.134417996281346e-27,0.0,1.6353254173040452e-06,0.0,0.0,8.176627086519316e-07,0.9999999999996657
2026-09-17T02:12:38.250157,12.29,map,roomba,-5.0474811971793706e-15,3.1167504240138964e-27,0.0,1.3639410161303555e-06,0.0,0.0,6.819705080651248e-07,0.9999999999997674
2026-09-17T02:12:38.304860,12.33,map,roomba,-5.047307871048353e-15,4.2437148334613586e-27,0.0,9.010439661061297e-07,0.0,0.0,4.5052198305304965e-07,0.9999999999998985
2026-09-17T02:12:38.349332,12.37,map,roomba,-5.04735124401122e-15,4.302774784210485e-27,0.0,2.3367517218986222e-06,0.0,0.0,1.1683758609490454e-06,0.9999999999993174
2026-09-17T02:12:38.401081,12.43,map,roomba,-5.047351253868783e-15,1.461693813117457e-28,0.0,-6.562765029194395e-07,0.0,0.0,-3.281382514597139e-07,0.9999999999999462
2026-09-17T02:12:38.472132,12.48,map,roomba,-5.0474381617243625e-15,2.550282704742161e-31,0.0,-5.7052140789437544e-12,0.0,0.0,-2.8526070394718772e-12,1.0
2026-09-17T02:12:38.524741,12.53,map,roomba,-5.047524866828712e-15,-1.402110133239876e-27,0.0,-1.0600008746308735e-06,0.0,0.0,-5.30000437315412e-07,0.9999999999998596
2026-09-17T02:12:38.574454,12.57,map,roomba,-5.0475680992449375e-15,-1.2685707233888025e-27,0.0,-3.139867605472802e-06,0.0,0.0,-1.569933802735756e-06,0.9999999999987677
2026-09-17T02:12:38.623997,12.63,map,roomba,-5.047481231441155e-15,-8.127913507252775e-28,0.0,-1.382641487523984e-06,0.0,0.0,-6.913207437619369e-07,0.999999999999761
2026-09-17T02:12:38.673420,12.67,map,roomba,-5.047481371731143e-15,-3.6233074879732606e-27,0.0,2.2358098865637994e-06,0.0,0.0,1.117904943281667e-06,0.9999999999993752
2026-09-17T02:12:38.722653,12.73,map,roomba,-5.047481239877793e-15,-4.764813740449788e-27,0.0,-4.7548697690302825e-07,0.0,0.0,-2.3774348845151185e-07,0.9999999999999717
2026-09-17T02:12:38.772632,12.77,map,roomba,-5.047524888574877e-15,-4.3075114339444684e-27,0.0,-9.15955009617165e-07,0.0,0.0,-4.5797750480856646e-07,0.9999999999998951
2026-09-17T02:12:38.822522,12.83,map,roomba,-5.047438158218534e-15,-4.425883136420967e-27,0.0,1.049389365181952e-06,0.0,0.0,5.246946825909519e-07,0.9999999999998623
2026-09-17T02:12:38.872824,12.88,map,roomba,-5.047611634136794e-15,-6.489442588408029e-32,0.0,2.8888003100746573e-12,0.0,0.0,1.4444001550373287e-12,1.0
2026-09-17T02:12:38.922982,12.93,map,roomba,-5.0474811181971676e-15,1.1887858300733055e-27,0.0,6.699226982043172e-07,0.0,0.0,3.3496134910215233e-07,0.9999999999999439
2026-09-17T02:12:38.982662,12.97,map,roomba,-5.0476115014248655e-15,2.844089497764198e-27,0.0,-8.493124119546281e-07,0.0,0.0,-4.2465620597730126e-07,0.9999999999999098
2026-09-17T02:12:39.033062,13.03,map,roomba,-5.047481402057383e-15,3.6616917088695704e-27,0.0,-8.822035959532571e-07,0.0,0.0,-4.411017979766142e-07,0.9999999999999027
2026-09-17T02:12:39.082881,13.07,map,roomba,-5.047394669115423e-15,3.498115414303985e-27,0.0,-3.753597845879146e-07,0.0,0.0,-1.8767989229395614e-07,0.9999999999999823
2026-09-17T02:12:39.133652,13.12,map,roomba,-5.0475248981362265e-15,-5.062427261826781e-32,0.0,-5.231370892033738e-13,0.0,0.0,-2.615685446016869e-13,1.0
2026-09-17T02:12:39.204623,13.17,map,roomba,-5.0474814111548224e-15,6.126609863132882e-27,0.0,-6.745645393380073e-07,0.0,0.0,-3.3728226966899725e-07,0.9999999999999432
2026-09-17T02:12:39.255854,13.23,map,roomba,-5.047568150233376e-15,7.000596532717114e-27,0.0,5.31955445337573e-06,0.0,0.0,2.659777226684729e-06,0.9999999999964628
2026-09-17T02:12:39.305918,13.27,map,roomba,-5.0476550253264746e-15,7.128909667815993e-27,0.0,-5.103873386147484e-07,0.0,0.0,-2.5519366930737144e-07,0.9999999999999675
2026-09-17T02:12:39.359453,13.34,map,roomba,-5.047394793788555e-15,3.2537918489875435e-32,0.0,9.547918011776346e-14,0.0,0.0,4.773959005888173e-14,1.0
2026-09-17T02:12:39.404449,13.37,map,roomba,-5.0473513244499975e-15,7.310923177307085e-27,0.0,-2.1864383388248164e-06,0.0,0.0,-1.09321916941219e-06,0.9999999999994024
2026-09-17T02:12:39.460250,13.43,map,roomba,-5.0470912642653925e-15,1.0857775555666164e-26,0.0,5.723742917851381e-06,0.0,0.0,2.8618714589217845e-06,0.9999999999959048
2026-09-17T02:12:39.506082,13.47,map,roomba,-5.047004254882261e-15,8.984725501469146e-27,0.0,5.46031424519811e-06,0.0,0.0,2.730157122595663e-06,0.9999999999962731
2026-09-17T02:12:39.582405,13.53,map,roomba,-5.046787281532435e-15,1.4974531462975158e-26,0.0,3.1654724033103317e-06,0.0,0.0,1.5827362016545051e-06,0.9999999999987474
2026-09-17T02:12:39.630531,13.57,map,roomba,-5.046527220990228e-15,1.4220335883614135e-26,0.0,2.797882547866948e-07,0.0,0.0,1.3989412739334694e-07,0.9999999999999902
2026-09-17T02:12:39.679515,13.63,map,roomba,-5.0464839972101184e-15,1.4703789725744064e-26,0.0,3.442580958967769e-06,0.0,0.0,1.7212904794830341e-06,0.9999999999985185
2026-09-17T02:12:39.743488,13.67,map,roomba,-5.046483999174236e-15,1.418679872548419e-26,0.0,3.452667558523359e-06,0.0,0.0,1.7263337792608221e-06,0.9999999999985099
2026-09-17T02:12:39.796192,13.73,map,roomba,-5.0462235191899885e-15,1.1480406920882555e-26,0.0,-2.5894767121670283e-06,0.0,0.0,-1.2947383560831522e-06,0.9999999999991618
2026-09-17T02:12:39.842322,13.77,map,roomba,-5.046050187883382e-15,9.884449736797263e-27,0.0,1.1352684707865988e-06,0.0,0.0,5.67634235393269e-07,0.9999999999998389
2026-09-17T02:12:39.895374,13.83,map,roomba,-5.045833490524831e-15,9.577874541785199e-27,0.0,1.8463674216206982e-06,0.0,0.0,9.231837108102179e-07,0.9999999999995739
2026-09-17T02:12:39.943865,13.870000000000001,map,roomba,-5.0457467575542655e-15,9.078669006286453e-27,0.0,1.9652845844042596e-06,0.0,0.0,9.826422922019716e-07,0.9999999999995172
2026-09-17T02:12:39.994332,13.93,map,roomba,-5.045226076642125e-15,6.851434509743628e-27,0.0,6.1354012355074906e-06,0.0,0.0,3.0677006177489333e-06,0.9999999999952945
2026-09-17T02:12:40.042046,13.97,map,roomba,-5.0453564548130426e-15,1.7614914796741595e-26,0.0,2.0848110260374147e-07,0.0,0.0,1.0424055130187055e-07,0.9999999999999946
2026-09-17T02:12:40.107026,14.03,map,roomba,-5.045182986831611e-15,1.703220273885591e-26,0.0,-1.451786908468478e-06,0.0,0.0,-7.258934542341753e-07,0.9999999999997365
2026-09-17T02:12:40.161278,14.07,map,roomba,-5.044922508580905e-15,1.7712466179430848e-26,0.0,2.382529000310995e-06,0.0,0.0,1.191264500155216e-06,0.9999999999992905
2026-09-17T02:12:40.207720,14.13,map,roomba,-5.044966158395598e-15,1.0638141412787592e-26,0.0,-3.2924906756548467e-07,0.0,0.0,-1.646245337827416e-07,0.9999999999999865
2026-09-17T02:12:40.257012,14.17,map,roomba,-5.044879286993463e-15,9.523524656578144e-27,0.0,4.262115798070458e-07,0.0,0.0,2.1310578990352124e-07,0.9999999999999772
2026-09-17T02:12:40.308969,14.23,map,roomba,-5.044705680947531e-15,6.732437166030796e-27,0.0,8.657354451102606e-07,0.0,0.0,4.328677225551168e-07,0.9999999999999063
2026-09-17T02:12:40.358690,14.27,map,roomba,-5.044532350280021e-15,6.3812272518428815e-27,0.0,5.672846796755948e-07,0.0,0.0,2.836423398377936e-07,0.9999999999999598
2026-09-17T02:12:40.410454,14.33,map,roomba,-5.044705957656367e-15,6.206294942849405e-27,0.0,-6.624049753156669e-08,0.0,0.0,-3.312024876578334e-08,0.9999999999999994
2026-09-17T02:12:40.461526,14.37,map,roomba,-5.044966437286172e-15,4.451422318733179e-27,0.0,1.4535133794346694e-06,0.0,0.0,7.267566897172706e-07,0.9999999999997359
2026-09-17T02:12:40.509552,14.43,map,roomba,-5.0449227908663115e-15,-1.7471314463461963e-27,0.0,-1.9264015382880473e-06,0.0,0.0,-9.632007691438748e-07,0.9999999999995361
2026-09-17T02:12:40.560043,14.47,map,roomba,-5.045269868740778e-15,-3.809094968551576e-27,0.0,-3.6456534719953027e-06,0.0,0.0,-1.8228267359966419e-06,0.9999999999983387
2026-09-17T02:12:40.626688,14.53,map,roomba,-5.0453563282790245e-15,-7.321685361110569e-27,0.0,1.2460621690024714e-07,0.0,0.0,6.230310845012352e-08,0.999999999999998
2026-09-17T02:12:40.678040,14.57,map,roomba,-5.044965612491317e-15,-5.724686086590468e-27,0.0,7.105074995017452e-07,0.0,0.0,3.5525374975086506e-07,0.9999999999999368
2026-09-17T02:12:40.727103,14.63,map,roomba,-5.044879432077572e-15,1.6967946720745765e-27,0.0,9.426621030428358e-07,0.0,0.0,4.713310515214003e-07,0.9999999999998889
2026-09-17T02:12:40.775796,14.67,map,roomba,-5.045009671516914e-15,2.677432980232105e-27,0.0,-1.1733930245227953e-06,0.0,0.0,-5.86696512261364e-07,0.9999999999998279
2026-09-17T02:12:40.827469,14.73,map,roomba,-5.045226646819222e-15,4.765783878048551e-27,0.0,-8.055751234969941e-07,0.0,0.0,-4.02787561748486e-07,0.9999999999999188
2026-09-17T02:12:40.875829,14.77,map,roomba,-5.04509626562745e-15,6.77578499888872e-27,0.0,-1.0130557521748078e-06,0.0,0.0,-5.065278760873822e-07,0.9999999999998717
2026-09-17T02:12:40.928186,14.84,map,roomba,-5.044879444618737e-15,2.0125932204381207e-31,0.0,-3.821831739969639e-12,0.0,0.0,-1.9109158699848194e-12,1.0
2026-09-17T02:12:40.978824,14.870000000000001,map,roomba,-5.044792562270851e-15,2.030681589801845e-27,0.0,-2.0884728555436993e-06,0.0,0.0,-1.04423642777166e-06,0.9999999999994548
2026-09-17T02:12:41.029586,14.93,map,roomba,-5.044879438282502e-15,6.443834749989317e-27,0.0,-2.4836469654232474e-06,0.0,0.0,-1.2418234827113046e-06,0.999999999999229
2026-09-17T02:12:41.084132,14.99,map,roomba,-5.044836070516578e-15,6.654672504540979e-27,0.0,9.240425185019777e-07,0.0,0.0,4.620212592509724e-07,0.9999999999998933
2026-09-17T02:12:41.128885,15.03,map,roomba,-5.044792568025369e-15,6.139676851927988e-27,0.0,1.544602512115745e-06,0.0,0.0,7.723012560577956e-07,0.9999999999997018
2026-09-17T02:12:41.178954,15.08,map,roomba,-5.044966180814233e-15,2.1180392889141043e-32,0.0,-6.661338147750939e-13,0.0,0.0,-3.3306690738754696e-13,1.0
2026-09-17T02:12:41.225447,15.13,map,roomba,-5.044879578561569e-15,2.8752929099251715e-27,0.0,-4.21017471552432e-07,0.0,0.0,-2.1050873577621442e-07,0.9999999999999778
2026-09-17T02:12:41.279041,15.17,map,roomba,-5.045009820470991e-15,3.11879321676233e-27,0.0,-1.4682117770448148e-06,0.0,0.0,-7.341058885223415e-07,0.9999999999997305
2026-09-17T02:12:41.326411,15.23,map,roomba,-5.044922807447348e-15,3.655468253298198e-27,0.0,2.6426778356736244e-06,0.0,0.0,1.3213389178364277e-06,0.999999999999127
2026-09-17T02:12:41.375801,15.28,map,roomba,-5.0448794447488505e-15,2.24653268860724e-32,0.0,1.176836406102666e-12,0.0,0.0,5.88418203051333e-13,1.0
2026-09-17T02:12:41.426912,15.33,map,roomba,-5.044836073108751e-15,3.605472937753073e-27,0.0,-1.0047341310048812e-06,0.0,0.0,-5.023670655024194e-07,0.9999999999998738
2026-09-17T02:12:41.476063,15.37,map,roomba,-5.04479270517096e-15,3.676963247557751e-27,0.0,1.5804636559479945e-06,0.0,0.0,7.90231827973915e-07,0.9999999999996878
2026-09-17T02:12:41.526492,15.43,map,roomba,-5.044749338688499e-15,2.408529107256391e-27,0.0,8.515437297518251e-07,0.0,0.0,4.2577186487589964e-07,0.9999999999999093
2026-09-17T02:12:41.575829,15.47,map,roomba,-5.0448795809268754e-15,3.5455031032127016e-27,0.0,2.7743231085786135e-06,0.0,0.0,1.3871615542888619e-06,0.9999999999990379
2026-09-17T02:12:41.628214,15.53,map,roomba,-5.044749340699877e-15,1.7335760173443358e-27,0.0,2.4177699402550003e-06,0.0,0.0,1.2088849701272056e-06,0.9999999999992693
2026-09-17T02:12:41.676271,15.57,map,roomba,-5.0448360753074144e-15,3.50068916567231e-27,0.0,-2.875721024420131e-06,0.0,0.0,-1.43786051220957e-06,0.9999999999989663
2026-09-17T02:12:41.739903,15.63,map,roomba,-5.04474934064195e-15,4.593392290892783e-27,0.0,6.95184577459429e-07,0.0,0.0,3.475922887297075e-07,0.9999999999999396
2026-09-17T02:12:41.789532,15.68,map,roomba,-5.044792708379914e-15,-7.714110613986631e-32,0.0,3.6486369481281145e-12,0.0,0.0,1.8243184740640572e-12,1.0
2026-09-17T02:12:41.839504,15.73,map,roomba,-5.044792715292736e-15,6.828056032020413e-27,0.0,1.8082507473593534e-06,0.0,0.0,9.041253736795533e-07,0.9999999999995912
2026-09-17T02:12:41.889804,15.79,map,roomba,-5.045096424780147e-15,7.199864631192654e-27,0.0,-5.252716839265759e-08,0.0,0.0,-2.6263584196328796e-08,0.9999999999999997
2026-09-17T02:12:41.938105,15.84,map,roomba,-5.04505291716124e-15,1.0144350744084536e-32,0.0,-3.155697925194545e-12,0.0,0.0,-1.5778489625972725e-12,1.0
2026-09-17T02:12:41.987565,15.870000000000001,map,roomba,-5.045270032943923e-15,7.748640006887093e-27,0.0,1.0747674568101228e-06,0.0,0.0,5.373837284050355e-07,0.9999999999998556
2026-09-17T02:12:42.040972,15.93,map,roomba,0.07843274126479388,-2.0536767646842989e-10,0.0,2.986040970043291e-08,0.0,0.0,1.4930204850216455e-08,0.9999999999999999
2026-09-17T02:12:42.085836,15.97,map,roomba,0.15843121006216335,2.2111320212131704e-11,0.0,-3.426348835766646e-07,0.0,0.0,-1.7131744178833146e-07,0.9999999999999853
2026-09-17T02:12:42.143730,16.03,map,roomba,0.2784289459752901,9.482685788350929e-10,0.0,-2.9149836322517337e-08,0.0,0.0,-1.4574918161258669e-08,0.9999999999999999
2026-09-17T02:12:42.187590,16.07,map,roomba,0.3584274836169204,1.2336576263313548e-09,0.0,-1.9192238793763762e-06,0.0,0.0,-9.596119396880407e-07,0.9999999999995396
2026-09-17T02:12:42.239010,16.13,map,roomba,0.4784253582886438,2.759570052857486e-09,0.0,-1.3676844172749725e-06,0.0,0.0,-6.83842208637433e-07,0.9999999999997662
2026-09-17T02:12:42.297404,16.17,map,roomba,0.5584239855534718,2.835346346569298e-09,0.0,-1.1429806932028448e-06,0.0,0.0,-5.714903466013911e-07,0.9999999999998367
2026-09-17T02:12:42.349537,16.23,map,roomba,0.4884219904796073,3.5508825637122587e-09,0.0,1.6388189592042585e-06,0.0,0.0,8.194094796020376e-07,0.9999999999996643
2026-09-17T02:12:42.399953,16.27,map,roomba,0.5684207018748402,2.915478132802199e-09,0.0,-3.7302804978267524e-07,0.0,0.0,-1.8651402489133648e-07,0.9999999999999826
2026-09-17T02:12:42.450941,16.33,map,roomba,0.6884188290724037,1.972328536853285e-09,0.0,-3.834441857364365e-07,0.0,0.0,-1.9172209286821702e-07,0.9999999999999816
2026-09-17T02:12:42.497517,16.37,map,roomba,0.7684176194418881,2.167692395472671e-09,0.0,2.2262432985975526e-06,0.0,0.0,1.1131216492985463e-06,0.9999999999993805
2026-09-17T02:12:42.548543,16.43,map,roomba,0.8884158614498605,9.438090305605992e-10,0.0,-8.658507861802882e-07,0.0,0.0,-4.329253930901306e-07,0.9999999999999063
2026-09-17T02:12:42.612515,16.47,map,roomba,0.9684143503446692,-0.000164513261655233,0.0,-0.008692795714032807,0.0,0.0,-0.0043463841722693915,0.9999905544277041
2026-09-17T02:12:42.665868,16.53,map,roomba,0.8582839577169229,-0.005330701030840162,0.0,-0.07688885083680527,0.0,0.0,-0.03843495614231629,0.9992611040895859
2026-09-17T02:12:42.725687,16.57,map,roomba,0.9378745435526722,-0.013386529135724284,0.0,-0.12484741975456048,0.0,0.0,-0.06238317649362026,0.9980522728247082
2026-09-17T02:12:42.774285,16.63,map,roomba,1.0556096511024684,-0.03633369656180545,0.0,-0.24927546093520464,0.0,0.0,-0.1243152822270297,0.9922427679780861
2026-09-17T02:12:42.835616,16.67,map,roomba,1.132205186989529,-0.05939827607555273,0.0,-0.33098730433607687,0.0,0.0,-0.16473925851688587,0.9863371516389853
2026-09-17T02:12:42.887225,16.73,map,roomba,1.2440291438251516,-0.10292347091100544,0.0,-0.3872181737107716,0.0,0.0,-0.19240179586918443,0.9813162328965688
2026-09-17T02:12:42.937971,16.79,map,roomba,1.3555218152788366,-0.1472974296667704,0.0,-0.37879978551654714,0.0,0.0,-0.1882695531522185,0.9821173938770579
2026-09-17T02:12:42.985738,16.83,map,roomba,1.4339691496217886,-0.17473833552165224,0.0,-0.3508816063167415,0.0,0.0,-0.1745421912327679,0.9846496958206323
2026-09-17T02:12:43.035514,16.87,map,roomba,1.5090943679571929,-0.2022348899331749,0.0,-0.3508800994737048,0.0,0.0,-0.17454144937644953,0.9846498273241957
2026-09-17T02:12:43.086551,16.93,map,roomba,1.6217822135511955,-0.24347979176983134,0.0,-0.3508853450313607,0.0,0.0,-0.17454403189456924,0.984649369537191
2026-09-17T02:12:43.138679,16.97,map,roomba,1.6969074559846837,-0.27097643755054507,0.0,-0.350882086707094,0.0,0.0,-0.1745424277408701,0.9846496538964116
2026-09-17T02:12:43.189258,17.03,map,roomba,1.810933662976014,-0.3082243591789964,0.0,-0.2699407287068989,0.0,0.0,-0.13456094494663112,0.9909053194402933
2026-09-17T02:12:43.236158,17.07,map,roomba,1.8890488497181024,-0.3254733981748158,0.0,-0.1854528748978286,0.0,0.0,-0.092593614608359,0.995703983387512
2026-09-17T02:12:43.285742,17.13,map,roomba,2.006932338782203,-0.3641448803437379,0.0,-0.07108247591648156,0.0,0.0,-0.035533755936381396,0.9993684766836773
2026-09-17T02:12:43.338382,17.17,map,roomba,2.0868963954455877,-0.36636932964274554,0.0,0.010824169212075678,0.0,0.0,0.005412058185488381,0.9999853547058561
2026-09-17T02:12:43.388069,17.23,map,roomba,2.2065351671742874,-0.35771845082397596,0.0,0.1319862757683187,0.0,0.0,0.06594524725789289,0.9978232430466306
2026-09-17T02:12:43.437757,17.27,map,roomba,2.285345607351622,-0.3440133992114608,0.0,0.21204272035731564,0.0,0.0,0.10582284908765764,0.9943849981827817
2026-09-17T02:12:43.488169,17.33,map,roomba,2.4008787964437017,-0.31176833108727037,0.0,0.3320433390329106,0.0,0.0,0.16526003865529593,0.9862500289600249
2026-09-17T02:12:43.539985,17.37,map,roomba,2.4753942754180667,-0.28268058137802893,0.0,0.41204402741733825,0.0,0.0,0.20456766716422425,0.9788524248072266
2026-09-17T02:12:43.585416,17.43,map,roomba,2.5860086005012732,-0.3053228775144102,0.0,0.402909951762825,0.0,0.0,0.2000950932379175,0.9797764814803982
2026-09-17T02:12:43.636184,17.47,map,roomba,2.6582762720475754,-0.27103296001474336,0.0,0.48291208861553897,0.0,0.0,0.23911668508413172,0.9709908397685203
2026-09-17T02:12:43.688264,17.53,map,roomba,2.7609664434350045,-0.2090546154613479,0.0,0.6029153545581554,0.0,0.0,0.2969124644982324,0.9549047012270836
2026-09-17T02:12:43.735465,17.57,map,roomba,2.8249805362557976,-0.1610922194376881,0.0,0.6829125382892619,0.0,0.0,0.33485964256964185,0.942268019078506
2026-09-17T02:12:43.805811,17.63,map,roomba,2.9129926590155693,-0.06488222167329472,0.0,0.7190620524798,0.0,0.0,0.3518352834997524,0.936061928124763
2026-09-17T02:12:43.856146,17.67,map,roomba,2.9695563874448383,0.011385881566321476,0.0,0.7109443170322959,0.0,0.0,0.3480330442493709,0.9374822665578882
2026-09-17T02:12:43.907203,17.73,map,roomba,3.0624810509421545,0.10140781158217704,0.0,0.5939323518879287,0.0,0.0,0.2926205282890792,0.9562286475649118
2026-09-17T02:12:43.959154,17.79,map,roomba,3.1664026544112307,0.16133266162083001,0.0,0.46825987692295357,0.0,0.0,0.2319967501632288,0.9727165609331941
2026-09-17T02:12:44.008480,17.83,map,roomba,3.239348984925126,0.19417736823542014,0.0,0.3855629792420834,0.0,0.0,0.1915895954718855,0.9814751280123808
2026-09-17T02:12:44.055539,17.87,map,roomba,3.314685806197436,0.22108765653410384,0.0,0.3040360585016379,0.0,0.0,0.15143319578793624,0.9884674942624327
2026-09-17T02:12:44.121444,17.93,map,roomba,3.4311157558872383,0.24996046698865362,0.0,0.1832253070264073,0.0,0.0,0.09148455830436512,0.9958064950540618
2026-09-17T02:12:44.169144,17.97,map,roomba,3.510294912505069,0.26136788892893437,0.0,0.10322345222005037,0.0,0.0,0.051588815531380436,0.998668410490724
2026-09-17T02:12:44.219334,18.03,map,roomba,3.589539432569823,0.3650499748079302,0.0,0.14027676228210295,0.0,0.0,0.07008088891308457,0.9975413119310658
2026-09-17T02:12:44.269104,18.08,map,roomba,3.689105703820675,0.37386951963021914,0.0,0.04027530936216162,0.0,0.0,0.020136293654485236,0.99979724428399
2026-09-17T02:12:44.321714,18.13,map,roomba,3.789084204136203,0.37306600352597574,0.0,-0.05972367881251047,0.0,0.0,-0.02985740149051235,0.9995541684052117
2026-09-17T02:12:44.372844,18.19,map,roomba,3.9081731391097447,0.3587253535701413,0.0,-0.17972480242001007,0.0,0.0,-0.0897415064566344,0.9959650907631722
2026-09-17T02:12:44.419375,18.23,map,roomba,3.9668580705837693,0.3462273595390365,0.0,-0.23972386639285936,0.0,0.0,-0.11957513223344199,0.9928251546729439
2026-09-17T02:12:44.469688,18.27,map,roomba,4.062663068167723,0.31765004049391016,0.0,-0.3397227421934615,0.0,0.0,-0.16904571690644715,0.9856082110025186
2026-09-17T02:12:44.519954,18.33,map,roomba,4.184889934408366,0.23872393297065686,0.0,-0.4422740680130841,0.0,0.0,-0.21933911035989068,0.9756486840387434
2026-09-17T02:12:44.569361,18.37,map,roomba,4.2557523650434605,0.2016180634292718,0.0,-0.5222712757660476,0.0,0.0,-0.258177854950246,0.9660974046198911
2026-09-17T02:12:44.686319,18.43,map,roomba,4.355924391774984,0.13564862558108604,0.0,-0.6422738245475499,0.0,0.0,-0.31564555448159604,0.9488771700994844
2026-09-17T02:12:44.738195,18.47,map,roomba,4.418001854705988,0.08520554013486292,0.0,-0.7222720037497302,0.0,0.0,-0.3533371862878256,0.9354960356870585
2026-09-17T02:12:44.787597,18.53,map,roomba,4.503070291361076,0.0006519848015363872,0.0,-0.842273449205682,0.0,0.0,-0.4087981200567364,0.9126248391524735
2026-09-17T02:12:44.836731,18.57,map,roomba,4.553888523127502,-0.061117169345433486,0.0,-0.9222781396341269,0.0,0.0,-0.44496848509236525,0.8955462284408358
2026-09-17T02:12:44.899733,18.63,map,roomba,4.609306209845927,-0.21197679523661356,0.0,-1.0457627624386057,0.0,0.0,-0.4993785896328799,0.8663838780911588
2026-09-17T02:12:44.952508,18.69,map,roomba,4.663084604666235,-0.31918301474655786,0.0,-1.1657642901037617,0.0,0.0,-0.5504324639916353,0.8348796934793044
2026-09-17T02:12:44.998963,18.73,map,roomba,4.6916321515194985,-0.3939003567723412,0.0,-1.2457657406650944,0.0,0.0,-0.5833790488714163,0.8122000279105398
2026-09-17T02:12:45.066525,18.77,map,roomba,4.71411746271981,-0.4706596643412375,0.0,-1.3257621461712334,0.0,0.0,-0.6153903295690951,0.7882225207851147
2026-09-17T02:12:45.119714,18.83,map,roomba,4.733485017283485,-0.5687311206650725,0.0,-1.4257626583253917,0.0,0.0,-0.6540161524083173,0.7564805829557163
2026-09-17T02:12:45.170351,18.89,map,roomba,4.743957205199948,-0.7082354027030084,0.0,-1.5657604373680118,0.0,0.0,-0.7053240857429538,0.7088849935432874
2026-09-17T02:12:45.216547,18.93,map,roomba,4.702727737719462,-0.8279204167398468,0.0,-1.6422762989077533,0.0,0.0,-0.7319218256964364,0.6813886123712337
2026-09-17T02:12:45.266572,18.97,map,roomba,4.693825247285611,-0.907406191830372,0.0,-1.7222706848642875,0.0,0.0,-0.7585828142476648,0.6515766370336591
2026-09-17T02:12:45.318523,19.03,map,roomba,4.668644040828794,-1.0246664791269715,0.0,-1.839211989488807,0.0,0.0,-0.7953628619622249,0.6061335808312048
2026-09-17T02:12:45.366129,19.07,map,roomba,4.648743432545363,-1.1021515147404584,0.0,-1.8290446008568315,0.0,0.0,-0.79227119975914,0.6101691126501022
2026-09-17T02:12:45.436327,19.13,map,roomba,4.618891783575383,-1.218378889495681,0.0,-1.822271873112505,0.0,0.0,-0.7902004064043511,0.612848527548528
2026-09-17T02:12:45.482328,19.17,map,roomba,4.598990190543988,-1.2958636859890271,0.0,-1.8222719939153653,0.0,0.0,-0.7902004434212769,0.612848479819292
2026-09-17T02:12:45.534174,19.23,map,roomba,4.5191375372634655,-1.4120908228850069,0.0,-1.8222724293455972,0.0,0.0,-0.7902005768476362,0.6128483077806964
2026-09-17T02:12:45.582729,19.27,map,roomba,4.499235596579676,-1.489575543086418,0.0,-1.8222755132385478,0.0,0.0,-0.7902015218259849,0.6128470893329736
2026-09-17T02:12:45.633648,19.33,map,roomba,4.469382435449394,-1.6058025684383948,0.0,-1.8222736238601764,0.0,0.0,-0.7902009428756145,0.6128478358275322
2026-09-17T02:12:45.682077,19.37,map,roomba,4.44948016539822,-1.683287216247273,0.0,-1.8222759918522469,0.0,0.0,-0.7902016684844684,0.6128469002323192
2026-09-17T02:12:45.733378,19.42,map,roomba,4.424719820760794,-1.7801661363310397,0.0,-1.8222746877755662,0.0,0.0,-0.7902012688846246,0.6128474154739735
2026-09-17T02:12:45.795807,19.47,map,roomba,4.3997239392220555,-1.8769987144096063,0.0,-1.8222749140286143,0.0,0.0,-0.7902013382139176,0.6128473260812468
2026-09-17T02:12:45.845369,19.53,map,roomba,4.318246160455442,-1.9771045488395367,0.0,-1.8711352484973647,0.0,0.0,-0.8049360142121761,0.5933616207880447
2026-09-17T02:12:45.907608,19.57,map,roomba,4.294582646834059,-2.0535245237501067,0.0,-1.8711383058201232,0.0,0.0,-0.8049369212602293,0.5933603903127536
2026-09-17T02:12:45.984826,19.63,map,roomba,4.259087165688382,-2.168154428661468,0.0,-1.87113018754993,0.0,0.0,-0.8049345127236129,0.593363657655573
2026-09-17T02:12:46.063599,19.66,map,roomba,4.241431774078359,-2.2254918160749817,0.0,-1.871134687769032,0.0,0.0,-0.8049358478548084,0.5933618464632359
2026-09-17T02:12:46.129837,19.73,map,roomba,4.199927489934081,-2.359204122757158,0.0,-1.8711346759992398,0.0,0.0,-0.8049358443629354,0.5933618512001996
2026-09-17T02:12:46.191700,19.77,map,roomba,4.1762634380479255,-2.4356239508449833,0.0,-1.8711330183407902,0.0,0.0,-0.804935352567016,0.5933625183543478
2026-09-17T02:12:46.255117,19.83,map,roomba,4.140127049250971,-2.5600495639172576,0.0,-1.8934667752357175,0.0,0.0,-0.8115110351106418,0.5843370944015576
2026-09-17T02:12:46.304633,19.87,map,roomba,4.110705433758181,-2.63443131942291,0.0,-1.978148626849533,0.0,0.0,-0.835517705641671,0.5494635234110429
2026-09-17T02:12:46.354451,19.93,map,roomba,4.0556740268482265,-2.7410045477999794,0.0,-2.103201143285568,0.0,0.0,0.8682185122685001,-0.4961820381213656
2026-09-17T02:12:46.404444,19.97,map,roomba,4.012227253706287,-2.8081689105157253,0.0,-2.172528734097328,0.0,0.0,0.8848930564802382,-0.4657942449119159
2026-09-17T02:12:46.471846,20.03,map,roomba,3.956113773268114,-2.8909407739784605,0.0,-2.166075637009236,0.0,0.0,0.8833855452084987,-0.46864696576067105
2026-09-17T02:12:46.519588,20.07,map,roomba,3.9000429377181534,-2.9737419480755434,0.0,-2.1660736655136863,0.0,0.0,0.8833850832403657,-0.468647836555779
2026-09-17T02:12:46.569948,20.13,map,roomba,3.84879980117002,-3.088946618381102,0.0,-2.0997665471304647,0.0,0.0,0.8673651399903378,-0.4976722957223375
2026-09-17T02:12:46.621878,20.17,map,roomba,3.808431360563851,-3.158014494540271,0.0,-2.0997643299065816,0.0,0.0,0.8673645882643548,-0.49767325729338346
2026-09-17T02:12:46.670733,20.23,map,roomba,3.757804267125787,-3.2442507910914276,0.0,-2.1109656990962136,0.0,0.0,0.8701382810712149,-0.4928076417979246
2026-09-17T02:12:46.736629,20.27,map,roomba,3.70201898464536,-3.3272089466161,0.0,-2.2024508543382244,0.0,0.0,0.8917625397829443,-0.4525036714103796
2026-09-17T02:12:46.784269,20.33,map,roomba,3.6245694819825727,-3.4187941820019088,0.0,-2.3278905904506084,0.0,0.0,0.918371481849774,-0.3957193719355297
2026-09-17T02:12:46.855655,20.37,map,roomba,3.5670803721742126,-3.4744096303118392,0.0,-2.410477653808976,0.0,0.0,0.9339246168167383,-0.35747001287339963
2026-09-17T02:12:46.907585,20.43,map,roomba,3.4753545338280505,-3.5409044378096657,0.0,-2.525239698697935,0.0,0.0,0.9528882675155032,-0.3033215284665811
2026-09-17T02:12:46.953486,20.47,map,roomba,3.408265860273066,-3.584459208655006,0.0,-2.605706549620228,0.0,0.0,0.9643175098047445,-0.264748447179538
2026-09-17T02:12:47.004356,20.53,map,roomba,3.3016496222280836,-3.639400110746555,0.0,-2.7257042705213235,0.0,0.0,0.9784574013001637,-0.20644881651617786
2026-09-17T02:12:47.053612,20.57,map,roomba,3.2272462982859453,-3.668758286645943,0.0,-2.8027462928505407,0.0,0.0,0.9856821906418899,-0.16861381631232117
2026-09-17T02:12:47.105212,20.63,map,roomba,3.1147686916754314,-3.7105764460793664,0.0,-2.788573785472169,0.0,0.0,0.9844626124560123,-0.17559431846242488
2026-09-17T02:12:47.153441,20.67,map,roomba,3.039783426801261,-3.7384547050205437,0.0,-2.7857042804178427,0.0,0.0,0.9842096648850158,-0.17700659746722675
2026-09-17T02:12:47.204286,20.73,map,roomba,2.949324957742686,-3.8383938500760335,0.0,-2.6705408389446488,0.0,0.0,0.9723917530189156,-0.23335440570257152
2026-09-17T02:12:47.265438,20.77,map,roomba,2.878039837508897,-3.874703899366247,0.0,-2.6705380734308903,0.0,0.0,0.9723914303455762,-0.23335575028373423
2026-09-17T02:12:47.321121,20.83,map,roomba,2.771112042994371,-3.9291687568319413,0.0,-2.670535357931609,0.0,0.0,0.9723911135059937,-0.2333570705476343
2026-09-17T02:12:47.365518,20.87,map,roomba,2.6998267728739282,-3.9654785219253506,0.0,-2.670532767066981,0.0,0.0,0.972390811206888,-0.23335833021430866
2026-09-17T02:12:47.419598,20.93,map,roomba,2.592898760499594,-4.019942966310399,0.0,-2.670537708375863,0.0,0.0,0.9723913877517151,-0.23335592777192052
2026-09-17T02:12:47.465150,20.97,map,roomba,2.5216133500359588,-4.056252465326243,0.0,-2.670536948702057,0.0,0.0,0.9723912991144521,-0.23335629712203676
2026-09-17T02:12:47.515972,21.03,map,roomba,2.404977361748563,-4.060448063966635,0.0,-2.719396197271471,0.0,0.0,0.9778013884341289,-0.2095338750090062
2026-09-17T02:12:47.565788,21.07,map,roomba,2.332003527634556,-4.093232353542554,0.0,-2.7193993547370345,0.0,0.0,0.9778017192309078,-0.209532331321639
2026-09-17T02:12:47.616917,21.13,map,roomba,2.2223062995350156,-4.141869334810265,0.0,-2.741595553443043,0.0,0.0,0.9800668658961638,-0.19866790977022689
2026-09-17T02:12:47.682767,21.17,map,roomba,2.147089255698222,-4.169083660883955,0.0,-2.8245496201255267,0.0,0.0,0.9874617535963897,-0.1578584339981331
2026-09-17T02:12:47.732336,21.23,map,roomba,2.0307818041123755,-4.1983965115749795,0.0,-2.9500774402630627,0.0,0.0,0.9954187426492211,-0.09561133187359964
2026-09-17T02:12:47.780504,21.27,map,roomba,1.9516541944225407,-4.210103976739772,0.0,-3.032697712691168,0.0,0.0,0.9985181026288421,-0.05442057260353917
2026-09-17T02:12:47.842261,21.33,map,roomba,1.8118433602094048,-4.215726631576288,0.0,3.1288839998246427,0.0,0.0,0.9999798113328654,0.0063542841207210035
2026-09-17T02:12:47.894416,21.39,map,roomba,1.6922219462481176,-4.206966571767103,0.0,3.0085578817119325,0.0,0.0,0.9977885342617352,0.06646834506603952
2026-09-17T02:12:47.941283,21.43,map,roomba,1.6129545085679122,-4.196157137350427,0.0,2.9995686787992195,0.0,0.0,0.9974797081802973,0.07095232038875698
2026-09-17T02:12:47.990971,21.47,map,roomba,1.5336608047156424,-4.185550494920832,0.0,3.007919681143603,0.0,0.0,0.9977672733943925,0.06678673628138598
2026-09-17T02:12:48.054390,21.53,map,roomba,1.4147203729357167,-4.169639587818063,0.0,3.008555180429794,0.0,0.0,0.9977884444859484,0.06646969272015166
2026-09-17T02:12:48.103584,21.57,map,roomba,1.3354267782625273,-4.159032107360491,0.0,3.008560581002154,0.0,0.0,0.9977886239695034,0.0664669984055621
2026-09-17T02:12:48.153744,21.63,map,roomba,1.2125983432839278,-4.201103407480119,0.0,3.113258093806099,0.0,0.0,0.9998996457687732,0.014166805973182347
2026-09-17T02:12:48.203114,21.67,map,roomba,1.132630394192486,-4.198840587121904,0.0,3.1132561571034776,0.0,0.0,0.9998996320498593,0.014167774227308276
2026-09-17T02:12:48.276536,21.73,map,roomba,1.0126784748038897,-4.1954461369659395,0.0,3.1132576845678415,0.0,0.0,0.9998996428699528,0.01416701057177644
2026-09-17T02:12:48.344451,21.77,map,roomba,0.9327105312907418,-4.193183028185144,0.0,3.1132559123915566,0.0,0.0,0.9998996303163402,0.014167896570987994
2026-09-17T02:12:48.393257,21.83,map,roomba,0.8127586200025363,-4.189788159090311,0.0,3.113259949955192,0.0,0.0,0.9998996589161947,0.014165877991765911
2026-09-17T02:12:48.458339,21.87,map,roomba,0.732790681734794,-4.187524779246433,0.0,3.113256527673874,0.0,0.0,0.999899634674921,0.014167588960706414
2026-09-17T02:12:48.513998,21.93,map,roomba,0.6237868240866218,-4.134889477200754,0.0,3.071378890797412,0.0,0.0,0.9993838167300206,0.03509967034227812
2026-09-17T02:12:48.558630,21.97,map,roomba,0.5440265203437837,-4.128730059952196,0.0,3.0521150510942485,0.0,0.0,0.9989993867471437,0.044723878172971306
2026-09-17T02:12:48.620797,22.03,map,roomba,0.425275198502137,-4.111730105772191,0.0,2.955162736277491,0.0,0.0,0.9956586306310663,0.09308002605215594
2026-09-17T02:12:48.694296,22.07,map,roomba,0.3472788274421357,-4.093969187093027,0.0,2.8863480967767483,0.0,0.0,0.9918673243985129,0.1272761202682386
2026-09-17T02:12:48.745536,22.13,map,roomba,0.2333141468625024,-4.056574420300312,0.0,2.7659366804235583,0.0,0.0,0.982412122477084,0.18672552479527488
2026-09-17T02:12:48.795360,22.17,map,roomba,0.16018883864269262,-4.0241547145637915,0.0,2.685052806850262,0.0,0.0,0.9740593562225064,0.22629266571278112
2026-09-17T02:12:48.845568,22.23,map,roomba,0.052239588297603445,-3.975352756699055,0.0,2.5887931256404118,0.0,0.0,0.9620441532740266,0.2728938386099274
2026-09-17T02:12:48.894692,22.27,map,roomba,-0.014098185275925879,-3.9306597184255367,0.0,2.508792264896507,0.0,0.0,0.9503616437452772,0.31114746680276056
2026-09-17T02:12:48.947998,22.34,map,roomba,-0.12077635747402582,-3.8401586717843537,0.0,2.368790007131542,0.0,0.0,0.9262712431231535,0.376857511750911
2026-09-17T02:12:48.995836,22.37,map,roomba,-0.16251963487929355,-3.7970668722433825,0.0,2.3087907383974615,0.0,0.0,0.9145505706426278,0.4044715734600442
2026-09-17T02:12:49.045394,22.43,map,roomba,-0.23774464231915537,-3.703648799221147,0.0,2.18879014640997,0.0,0.0,0.8886510016238176,0.45858412239521074
2026-09-17T02:12:49.095086,22.46,map,roomba,-0.2709534430569541,-3.6536839975672257,0.0,2.128790007542167,0.0,0.0,0.8744956448502348,0.48503336703568356
2026-09-17T02:12:49.145587,22.53,map,roomba,-0.35280701802491055,-3.51301543859888,0.0,2.0341612455452043,0.0,0.0,0.8505764903250576,0.5258513422121384
2026-09-17T02:12:49.197223,22.57,map,roomba,-0.3856636977872745,-3.4400897845498335,0.0,1.954160648597303,0.0,0.0,0.8288675078201984,0.5594449521444745
2026-09-17T02:12:49.262152,22.63,map,roomba,-0.4257514693898907,-3.3269987632067073,0.0,1.8909739875596843,0.0,0.0,0.8107820908052865,0.5853481026102401
2026-09-17T02:12:49.304570,22.67,map,roomba,-0.45163904731183724,-3.251303124338074,0.0,1.8992151814268272,0.0,0.0,0.8131871843221639,0.5820022364683757
2026-09-17T02:12:49.374357,22.73,map,roomba,-0.4840060642041202,-3.1566861406828775,0.0,1.940377616853689,0.0,0.0,0.8249924319499709,0.5651437757113431
2026-09-17T02:12:49.449541,22.77,map,roomba,-0.519186571526007,-3.0630922892316628,0.0,2.004690332680264,0.0,0.0,0.8427357684654755,0.5383274324692217
2026-09-17T02:12:49.495358,22.83,map,roomba,-0.5331433516804434,-2.9259455450842404,0.0,2.124329444586211,0.0,0.0,0.8734117098745948,0.4869825305428693
2026-09-17T02:12:49.545778,22.87,map,roomba,-0.5760785846587462,-2.858440340874849,0.0,2.1960401335138324,0.0,0.0,0.8903075237821634,0.4553597622725053
2026-09-17T02:12:49.595443,22.93,map,roomba,-0.6502429496291565,-2.764151080318944,0.0,2.3184317082622026,0.0,0.0,0.9164896864974781,0.40005831392905
2026-09-17T02:12:49.647937,22.99,map,roomba,-0.7351592937760195,-2.6794191962530807,0.0,2.4373444552212584,0.0,0.0,0.9386422453131105,0.3448923532257023
2026-09-17T02:12:49.708782,23.04,map,roomba,-0.8133897952581353,-2.617169907358196,0.0,2.5171341440362847,0.0,0.0,0.9516511506800387,0.3071808708389218
2026-09-17T02:12:49.761495,23.07,map,roomba,-0.8629749764462611,-2.5833934328905936,0.0,2.5903825680760795,0.0,0.0,0.9622607239701774,0.2721291956119193
2026-09-17T02:12:49.808691,23.13,map,roomba,-0.876425117498213,-2.931932094672459,0.0,3.0705382956949356,0.0,0.0,0.9993689761543707,0.035519705800651225
2026-09-17T02:12:49.860606,23.16,map,roomba,-0.9363655027027167,-2.929248056808177,0.0,3.123584123530374,0.0,0.0,0.9999594618795302,0.00900414335738725
2026-09-17T02:12:49.922382,23.23,map,roomba,-1.0292053677250417,-2.931376051337223,0.0,-3.083733163059429,0.0,0.0,0.9995815641041356,-0.02892571007131694
2026-09-17T02:12:49.973225,23.27,map,roomba,-1.028523824978406,-2.931347691538665,0.0,-3.0875008263348804,0.0,0.0,0.9996342815718637,-0.02704261648405642
2026-09-17T02:12:50.020742,23.33,map,roomba,-1.0285260769422762,-2.9313479416839425,0.0,-3.090443310006156,0.0,0.0,0.9996729859059611,-0.025571883971662657
2026-09-17T02:12:50.083549,23.37,map,roomba,-1.0285275322604104,-2.9313480844291178,0.0,-3.091697252134289,0.0,0.0,0.9996888222541368,-0.024945112950973066
2026-09-17T02:12:50.134165,23.44,map,roomba,-0.76756001985674,-3.1756706655891325,0.0,-2.7331511798753443,0.0,0.0,0.9792193196203551,-0.20280415203404686
2026-09-17T02:12:50.183716,23.48,map,roomba,-0.7675600198782786,-3.175670665598439,0.0,-2.733151180794251,0.0,0.0,0.9792193197135343,-0.20280415158414122
2026-09-17T02:12:50.234985,23.53,map,roomba,-0.7675012709368374,-3.1756767494531313,0.0,-2.7276513864491863,0.0,0.0,0.9786579274595593,-0.20549613383360768
2026-09-17T02:12:50.283925,23.57,map,roomba,-0.7675024577841856,-3.175677246287622,0.0,-2.727836552509406,0.0,0.0,0.9786769487199377,-0.20540552583665458
2026-09-17T02:12:50.334232,23.63,map,roomba,-0.7675041963339302,-3.175677936836548,0.0,-2.7304930862290266,0.0,0.0,0.978948918656257,-0.20410540086373288
2026-09-17T02:12:50.383753,23.67,map,roomba,-0.7675053235507847,-3.1756783728941405,0.0,-2.7331537255944625,0.0,0.0,0.9792195777607654,-0.2028029056252111
2026-09-17T02:12:50.440898,23.73,map,roomba,-0.7675069737545184,-3.1756789789968902,0.0,-2.7331513719366125,0.0,0.0,0.9792193390957619,-0.20280405799899368
2026-09-17T02:12:50.498297,23.77,map,roomba,-0.7675080488358343,-3.1756793491561317,0.0,-2.7331494129901754,0.0,0.0,0.9792191404541488,-0.20280501711801413
2026-09-17T02:12:50.545343,23.83,map,roomba,-0.767509624718526,-3.175679856150885,0.0,-2.7331442607123897,0.0,0.0,0.9792186179970073,-0.2028075397218535
2026-09-17T02:12:50.593512,23.87,map,roomba,-0.8302485959720316,-3.202831855431222,0.0,-2.733127637231677,0.0,0.0,0.9792169322795701,-0.2028156787257529
2026-09-17T02:12:50.647500,23.93,map,roomba,-0.940376921654243,-3.250492907402715,0.0,-2.7330712785401676,0.0,0.0,0.9792112166776495,-0.20284327233772734
2026-09-17T02:12:50.693774,23.97,map,roomba,-1.0137957936651665,-3.2822669201930337,0.0,-2.733039607220534,0.0,0.0,0.9792080043978153,-0.20285877876800942
2026-09-17T02:12:50.744264,24.03,map,roomba,-1.1239241329706429,-3.329927926783661,0.0,-2.7329834042851644,0.0,0.0,0.9792023033817633,-0.20288629587
2026-09-17T02:12:50.795047,24.07,map,roomba,-1.1973430459514072,-3.3617019233538405,0.0,-2.732963717797829,0.0,0.0,0.9792003062750791,-0.20289593438704334
2026-09-17T02:12:50.844687,24.13,map,roomba,-1.3606466608982144,-3.7115411068865853,0.0,-2.3873475365222743,0.0,0.0,0.9297280915276328,-0.36824675942143165
2026-09-17T02:12:50.907595,24.19,map,roomba,-1.4526932636811671,-3.788446200955972,0.0,-2.4860485450973067,0.0,0.0,0.9467619452660522,-0.32193449488372744
2026-09-17T02:12:50.953731,24.23,map,roomba,-1.5189369128902366,-3.8332932504915855,0.0,-2.5660697318229015,0.0,0.0,0.9588815893129334,-0.28380644403660565
2026-09-17T02:12:51.005455,24.27,map,roomba,-1.5533953248689163,-3.8534934800192673,0.0,-2.6473204762853606,0.0,0.0,0.9696169902470511,-0.24462806916674554
2026-09-17T02:12:51.054628,24.33,map,roomba,-1.5533949319664853,-3.853499923380716,0.0,-2.766879004887081,0.0,0.0,0.9824999914440963,-0.1862626285983066
2026-09-17T02:12:51.104076,24.37,map,roomba,-1.5533951772745012,-3.8535041063329114,0.0,-2.8467419701875016,0.0,0.0,0.9891525524255411,-0.14689189232233713
2026-09-17T02:12:51.153655,24.43,map,roomba,-1.3460245235845822,-3.7036601555962934,0.0,-2.84098458929827,0.0,0.0,0.9887255982418709,-0.1497387437547624
2026-09-17T02:12:51.214774,24.47,map,roomba,-1.3460251418372309,-3.7036640518535835,0.0,-2.9208928392166853,0.0,0.0,0.9939176248935638,-0.11012608649151681
2026-09-17T02:12:51.265350,24.53,map,roomba,-1.3460266694763703,-3.7036695856223227,0.0,-3.0407943564041915,0.0,0.0,0.9987302317201677,-0.05037781503975853
2026-09-17T02:12:51.314761,24.57,map,roomba,-1.34602805399766,-3.703673034327443,0.0,-3.1207411114595307,0.0,0.0,0.9999456521411375,-0.010425582191668729
2026-09-17T02:12:51.365420,24.63,map,roomba,-1.3460306175118248,-3.70367779765221,0.0,3.0425119996657064,0.0,0.0,0.9987731289531159,0.04952006544020893
2026-09-17T02:12:51.419515,24.67,map,roomba,-1.3460326133790725,-3.703680679420395,0.0,2.9586112738985224,0.0,0.0,0.9958176454399122,0.0913631054119185
2026-09-17T02:12:51.468663,24.73,map,roomba,-1.586031404561817,-3.6636723409535925,0.0,-3.0849048515861086,0.0,0.0,0.9995983385295355,-0.028340106015896926
2026-09-17T02:12:51.514228,24.77,map,roomba,-1.5860328850120553,-3.663675323811532,0.0,3.114073788222427,0.0,0.0,0.9999053404995528,0.013758998527268416
2026-09-17T02:12:51.580275,24.83,map,roomba,-1.5860355184992214,-3.6636794159097885,0.0,2.98901771210945,0.0,0.0,0.9970915218727167,0.07621349624278931
2026-09-17T02:12:51.629030,24.87,map,roomba,-1.5860375151657775,-3.6636818624734664,0.0,2.909012445325205,0.0,0.0,0.9932459224909519,0.11602817526401925
2026-09-17T02:12:51.679331,24.93,map,roomba,-1.5860408078486607,-3.6636850755468124,0.0,2.7890117737323656,0.0,0.0,0.9845010429740867,0.17537872272010507
2026-09-17T02:12:51.729571,24.97,map,roomba,-1.5860431639645363,-3.6636869028011354,0.0,2.709008499671875,0.0,0.0,0.9766999174744098,0.21460957855016885
2026-09-17T02:12:51.779199,25.03,map,roomba,-1.5860455404166964,-3.663687958668549,0.0,2.6559656365583404,0.0,0.0,0.9706653529000022,0.24043454967935465
2026-09-17T02:12:51.843766,25.07,map,roomba,-1.5860462388758236,-3.663687749041543,0.0,2.662930210242492,0.0,0.0,0.9714967279823858,0.2370529635324527
2026-09-17T02:12:51.892173,25.13,map,roomba,-1.5860472349530412,-3.663687407152853,0.0,2.6689335761064887,0.0,0.0,0.9722039081102123,0.23413577482996872
2026-09-17T02:12:51.943207,25.18,map,roomba,-1.5860666174678808,-3.66366610712835,0.0,2.6689347510795853,0.0,0.0,0.9722040456616627,0.23413520367321017
2026-09-17T02:12:51.994708,25.23,map,roomba,-1.5860487882803955,-3.663686816384227,0.0,2.6689345690278947,0.0,0.0,0.9722040243493039,0.23413529216890433
2026-09-17T02:12:52.055045,25.27,map,roomba,-1.5860493757611118,-3.663686576927085,0.0,2.6689376582512905,0.0,0.0,0.9722043859962552,0.23413379049091623
2026-09-17T02:12:52.105031,25.33,map,roomba,-1.5860502224666755,-3.6636862149992844,0.0,2.6689331403979972,0.0,0.0,0.9722038571027166,0.23413598662871235
2026-09-17T02:12:52.153224,25.37,map,roomba,-1.5860507647111117,-3.6636859721644583,0.0,2.668936363067142,0.0,0.0,0.9722042343728644,0.23413442008272187
2026-09-17T02:12:52.203397,25.43,map,roomba,-1.5860515460384175,-3.6636856060438,0.0,2.6689311264779936,0.0,0.0,0.9722036213366502,0.23413696559899144
2026-09-17T02:12:52.253725,25.47,map,roomba,-1.5860530013274323,-3.6636860398136175,0.0,2.613202335839116,0.0,0.0,0.9653029836299101,0.2611324372711929
2026-09-17T02:12:52.303512,25.53,map,roomba,-1.586056121938321,-3.6636870259536822,0.0,2.4832645713187644,0.0,0.0,0.9463128995788452,0.3232520627786904
2026-09-17T02:12:52.353411,25.57,map,roomba,-1.5860582130418441,-3.6636874447827825,0.0,2.3998714475447107,0.0,0.0,0.9320157930523981,0.3624176616845672
2026-09-17T02:12:52.403389,25.63,map,roomba,-1.5860613154354641,-3.663687714085685,0.0,2.2798734632622177,0.0,0.0,0.9086070737741992,0.41765199088174715
2026-09-17T02:12:52.455524,25.67,map,roomba,-1.5860633360215721,-3.663687662712756,0.0,2.1998671471514477,0.0,0.0,0.8911772273268329,0.45365532014301174
2026-09-17T02:12:52.504372,25.73,map,roomba,-1.5860662581714577,-3.663687260222525,0.0,2.079868128178133,0.0,0.0,0.8623708472748985,0.5062771195406458
2026-09-17T02:12:52.553215,25.77,map,roomba,-1.5860681141402482,-3.663686789068833,0.0,1.9998668982526846,0.0,0.0,0.8414350253539828,0.5403583053007904
2026-09-17T02:12:52.605945,25.83,map,roomba,-1.5860707300137178,-3.6636858050944525,0.0,1.8798625998588365,0.0,0.0,0.8075175800204825,0.5898435029377401
2026-09-17T02:12:52.665628,25.87,map,roomba,-1.5860723467368518,-3.663684981361552,0.0,1.7998583353293611,0.0,0.0,0.7832828775767482,0.6216654515855686
2026-09-17T02:12:52.715411,25.93,map,roomba,-1.5860745591293455,-3.6636835251818605,0.0,1.6798171876980976,0.0,0.0,0.7445821066523531,0.6675308880142881
2026-09-17T02:12:52.767260,25.99,map,roomba,-1.5860764955891178,-3.6636818432103886,0.0,1.5598969462122916,0.0,0.0,0.703242787100403,0.7109497748724992
2026-09-17T02:12:52.815535,26.03,map,roomba,-1.5860776241334549,-3.663680618553593,0.0,1.4798931331315563,0.0,0.0,0.6742484517544156,0.7385045871941308
2026-09-17T02:12:52.865889,26.07,map,roomba,-1.586078618533778,-3.6636793268558234,0.0,1.3998909386454468,0.0,0.0,0.6441759789174082,0.7648773157741043
2026-09-17T02:12:52.915885,26.13,map,roomba,-1.5860798539094478,-3.6636772927475625,0.0,1.2798794752550948,0.0,0.0,0.5971471040847435,0.8021317448419584
2026-09-17T02:12:52.971610,26.19,map,roomba,-1.586080779877993,-3.6636751820148143,0.0,1.1598754791617334,0.0,0.0,0.5479718572145651,0.8364967684939496
2026-09-17T02:12:53.019089,26.24,map,roomba,-1.5860666175397458,-3.663666107072451,0.0,1.0598327512000547,0.0,0.0,0.5054611877137596,0.8628493424202139
2026-09-17T02:12:53.068604,26.27,map,roomba,-1.5860815392492043,-3.663672322019848,0.0,0.9998716251421013,0.0,0.0,0.4793692078482803,0.8776133331752157
2026-09-17T02:12:53.120402,26.33,map,roomba,-1.5860817642674243,-3.6636701946688204,0.0,0.8798730267676695,0.0,0.0,0.4258820245860853,0.90477870285195
2026-09-17T02:12:53.166788,26.37,map,roomba,-1.586081757967147,-3.663668805494489,0.0,0.7998710818174251,0.0,0.0,0.3893589707449862,0.9210860936418511
2026-09-17T02:12:53.215819,26.43,map,roomba,-1.5860814931467007,-3.663667380662321,0.0,0.7250602086445879,0.0,0.0,0.3546410198191103,0.9350025385322017
2026-09-17T02:12:53.285209,26.47,map,roomba,-1.5357305975015128,-3.6177037797837266,0.0,0.7251351062325747,0.0,0.0,0.3546760342878745,0.9349892569980826
2026-09-17T02:12:53.332105,26.53,map,roomba,-1.4471019967416623,-3.5368055490589794,0.0,0.7261616710959419,0.0,0.0,0.3551559011049617,0.9348070848631405
2026-09-17T02:12:53.379817,26.57,map,roomba,-1.3880162544338535,-3.4828733763254016,0.0,0.7270597834369993,0.0,0.0,0.35557564617171566,0.9346475056670118
2026-09-17T02:12:53.431054,26.63,map,roomba,-1.2993876443174857,-3.4019750288922075,0.0,0.7288666608220843,0.0,0.0,0.35641989766668436,0.9343258834835254
2026-09-17T02:12:53.479936,26.67,map,roomba,-1.2403018764349314,-3.3480427729281,0.0,0.7302296912125044,0.0,0.0,0.35705657213234737,0.9340827609463188
2026-09-17T02:12:53.529955,26.73,map,roomba,-1.2730317311762378,-3.1438508222823303,0.0,1.0183646225975707,0.0,0.0,0.48746345043822276,0.8731433928552986
2026-09-17T02:12:53.580480,26.77,map,roomba,-1.231573531561148,-3.075432658402045,0.0,1.019687732931453,0.0,0.0,0.4880409762486502,0.872820717846606
2026-09-17T02:12:53.649010,26.83,map,roomba,-1.1693862040479939,-2.9728053707916082,0.0,1.021462361040435,0.0,0.0,0.4888152501133015,0.872387328688737
2026-09-17T02:12:53.715272,26.87,map,roomba,-1.1293333819794222,-2.903563245532161,0.0,1.0630426801323918,0.0,0.0,0.5068453786421012,0.8620369842118986
2026-09-17T02:12:53.768792,26.93,map,roomba,-1.0795572294678182,-2.7944282705748478,0.0,1.190169089369779,0.0,0.0,0.5605787680493336,0.8281011078438982
2026-09-17T02:12:53.815617,26.97,map,roomba,-1.053793657241605,-2.7186979763171664,0.0,1.2734495412430313,0.0,0.0,0.5945651953756361,0.8040474043537058
2026-09-17T02:12:53.865754,27.03,map,roomba,-0.9783882959511403,-2.933128394681995,0.0,1.0939010896421049,0.0,0.0,0.5200850673623,0.854114466981301
2026-09-17T02:12:53.918338,27.07,map,roomba,-0.9449289217260533,-2.8604713342689183,0.0,1.176160383989202,0.0,0.0,0.5547647520457173,0.8320072535066348
2026-09-17T02:12:53.966338,27.13,map,roomba,-0.9058837779931852,-2.747058775521677,0.0,1.2988549322502014,0.0,0.0,0.6047305216304647,0.7964301577718828
2026-09-17T02:12:54.026457,27.17,map,roomba,-0.887525582972378,-2.6692043181344185,0.0,1.379219252566972,0.0,0.0,0.6362360595549222,0.7714944436105975
2026-09-17T02:12:54.076909,27.23,map,roomba,-0.8717893301203996,-2.5502976656943686,0.0,1.4992149631999903,0.0,0.0,0.6813515061763195,0.7319563682565107
2026-09-17T02:12:54.126715,27.27,map,roomba,-0.8692636304819947,-2.4703492760934003,0.0,1.5792084747131838,0.0,0.0,0.7100746611115761,0.7041263918127769
2026-09-17T02:12:54.178561,27.33,map,roomba,-1.0142980094125278,-2.551023516993764,0.0,1.6922236627286764,0.0,0.0,0.7487086069710244,0.6628992546741234
2026-09-17T02:12:54.243862,27.37,map,roomba,-1.02715433248633,-2.472076432666085,0.0,1.772220452477849,0.0,0.0,0.7746176046423819,0.6324298906425109
2026-09-17T02:12:54.294628,27.43,map,roomba,-1.0581537666004954,-2.3562119860844346,0.0,1.89221191448884,0.0,0.0,0.81114424456003,0.5848461460223003
2026-09-17T02:12:54.343974,27.47,map,roomba,-1.0864371788737817,-2.2813935670252583,0.0,1.9722117143143463,0.0,0.0,0.8338829684205906,0.5519412966775218
2026-09-17T02:12:54.395255,27.52,map,roomba,-1.1300975845795929,-2.1914976397196253,0.0,2.0721225858574264,0.0,0.0,0.8604036896837914,0.5096130794814023
2026-09-17T02:12:54.458040,27.57,map,roomba,-1.1824185394401863,-2.1062909175453184,0.0,2.172198720997536,0.0,0.0,0.8848161853327098,0.4659402517204024
2026-09-17T02:12:54.504497,27.63,map,roomba,-1.3074892901646833,-2.0123988853720975,0.0,2.2956858314235515,0.0,0.0,0.9118806755529341,0.4104553977634168
2026-09-17T02:12:54.554739,27.67,map,roomba,-1.3628752328984781,-1.9546941930884578,0.0,2.375686593349534,0.0,0.0,0.9275652486956097,0.3736612227837557
2026-09-17T02:12:54.605141,27.73,map,roomba,-1.4541491938618902,-1.8768896855166344,0.0,2.495679704111004,0.0,0.0,0.9483012628386059,0.31737157229138413
2026-09-17T02:12:54.657991,27.77,map,roomba,-1.5198959069835167,-1.8313376429890604,0.0,2.575675597153471,0.0,0.0,0.9602336275161572,0.2791977445954068
2026-09-17T02:12:54.704587,27.83,map,roomba,-1.624806410339641,-1.7732173002164782,0.0,2.6956749134603015,0.0,0.0,0.9752474652287663,0.22111621732669506
2026-09-17T02:12:54.785467,27.87,map,roomba,-1.6976560276715398,-1.7401603147318896,0.0,2.7272157275314597,0.0,0.0,0.9786131411297826,0.20570930948331023
2026-09-17T02:12:54.840264,27.93,map,roomba,-1.856927703489451,-1.7205668336896454,0.0,2.7156796093788516,0.0,0.0,0.9774103248277941,0.21135055457704877
2026-09-17T02:12:54.886416,27.99,map,roomba,-1.966199853019282,-1.6709743261746024,0.0,2.7156697770443574,0.0,0.0,0.9774092857813086,0.2113553596871207
2026-09-17T02:12:54.934534,28.03,map,roomba,-2.0390480396297797,-1.6379128082303422,0.0,2.7156695160821207,0.0,0.0,0.9774092582034166,0.21135548722057548
2026-09-17T02:12:54.984137,28.07,map,roomba,-2.1118962941387114,-1.6048514105363452,0.0,2.7156680564199767,0.0,0.0,0.9774091039493545,0.21135620056416604
2026-09-17T02:12:55.046521,28.13,map,roomba,-2.2227476935457133,-1.5590270863573523,0.0,2.7954213226937563,0.0,0.0,0.9850580355732482,0.1722227236823679
2026-09-17T02:12:55.099507,28.17,map,roomba,-2.299278062949687,-1.5357751442633194,0.0,2.8794053553753187,0.0,0.0,0.9914195264908567,0.13071848565771182
2026-09-17T02:12:55.147494,28.23,map,roomba,-2.4433078859680153,-1.5623110222515297,0.0,3.0490572266366143,0.0,0.0,0.9989298402729538,0.046251207684242686
2026-09-17T02:12:55.196893,28.27,map,roomba,-2.523193334611782,-1.5583453511492453,0.0,3.130594248260083,0.0,0.0,0.9999848794231309,0.0054991749477883425
2026-09-17T02:12:55.259957,28.33,map,roomba,-2.6429762181113885,-1.5643869699866344,0.0,-3.031367589488481,0.0,0.0,0.9984816887726167,-0.05508463656759172
2026-09-17T02:12:55.310289,28.37,map,roomba,-2.7220564538605205,-1.576370512627339,0.0,-2.9512288825777704,0.0,0.0,0.9954736231446418,-0.09503823242926919
2026-09-17T02:12:55.359684,28.43,map,roomba,-2.8382504956842096,-1.6060879306572828,0.0,-2.8312280063534505,0.0,0.0,0.9879833672144284,-0.15456023456128723
2026-09-17T02:12:55.413810,28.49,map,roomba,-2.950050979725392,-1.649500936721047,0.0,-2.7112260903155003,0.0,0.0,0.9769372751317684,-0.2135264865493631
2026-09-17T02:12:55.459550,28.53,map,roomba,-3.042113243774989,-1.6292674046316526,0.0,-2.735931011355887,0.0,0.0,0.9795002543527126,-0.20144292423158316
2026-09-17T02:12:55.510512,28.57,map,roomba,-3.1142821218966596,-1.6637454257211757,0.0,-2.655935487066746,0.0,0.0,0.9706617282999943,-0.240449182185484
2026-09-17T02:12:55.560686,28.63,map,roomba,-3.2203161987866196,-1.71992875239289,0.0,-2.651187565897409,0.0,0.0,0.970088176782569,-0.24275281515704655
2026-09-17T02:12:55.622575,28.67,map,roomba,-3.2910694662057116,-1.757264034827282,0.0,-2.655932239158647,0.0,0.0,0.9706613378202913,-0.24045075849521136
2026-09-17T02:12:55.673320,28.73,map,roomba,-3.3971989884746083,-1.8132677087036306,0.0,-2.655935034726954,0.0,0.0,0.9706616739176029,-0.24044940171994
2026-09-17T02:12:55.722513,28.79,map,roomba,-3.50361471123744,-1.8687265001278177,0.0,-2.6761361733440983,0.0,0.0,0.9730407947096998,-0.23063306751356308
2026-09-17T02:12:55.797085,28.83,map,roomba,-3.5593837221788442,-1.9651028601706586,0.0,-2.705627604239931,0.0,0.0,0.9763357358602148,-0.21626033127296557
2026-09-17T02:12:55.846152,28.87,map,roomba,-3.633477747170132,-1.9952863932714284,0.0,-2.7892187794589955,0.0,0.0,0.9845191899006179,-0.17527682310400045
2026-09-17T02:12:55.899686,28.93,map,roomba,-3.748542825314642,-2.0292288933207683,0.0,-2.9130096619996197,0.0,0.0,0.9934758334873843,-0.11404283527055499
2026-09-17T02:12:55.947027,28.97,map,roomba,-3.8271534328534216,-2.0440912701422085,0.0,-2.9939732816699034,0.0,0.0,0.9972773015415645,-0.07374268662027106
2026-09-17T02:12:55.996245,29.03,map,roomba,-3.946664009542216,-2.054498710850216,0.0,-3.114535530853463,0.0,0.0,0.9999084904093555,-0.013528148701276554
2026-09-17T02:12:56.057690,29.07,map,roomba,-4.026657764864887,-2.053448435421885,0.0,3.088645586617744,0.0,0.0,0.999649596478066,0.026470441273995005
2026-09-17T02:12:56.108701,29.13,map,roomba,-4.142900143713391,-2.071591243460005,0.0,3.038447010540534,0.0,0.0,0.9986704167764271,0.05154996271189087
2026-09-17T02:12:56.159399,29.17,map,roomba,-4.22207825066682,-2.0601653703150573,0.0,2.958447791558022,0.0,0.0,0.9958101739859294,0.09144450440629534
2026-09-17T02:12:56.207638,29.23,map,roomba,-4.319350816813123,-2.0370492659396557,0.0,2.858441638541199,0.0,0.0,0.9899949161078236,0.14110303356293694
2026-09-17T02:12:56.268960,29.27,map,roomba,-4.413829126063906,-2.004334282021966,0.0,2.7584426901331347,0.0,0.0,0.9817055679678074,0.19040529882596394
2026-09-17T02:12:56.320931,29.33,map,roomba,-4.522186834527087,-1.9528843342639393,0.0,2.6384388064118967,0.0,0.0,0.9685210800417896,0.2489315518665429
2026-09-17T02:12:56.369377,29.37,map,roomba,-4.590662334844527,-1.9115309840515131,0.0,2.5584423160097614,0.0,0.0,0.9577922639021698,0.2874612655805239
2026-09-17T02:12:56.418065,29.43,map,roomba,-4.6987892133615095,-1.803843676210342,0.0,2.4489097527114825,0.0,0.0,0.940620931933894,0.33945877865775215
2026-09-17T02:12:56.470320,29.47,map,roomba,-4.758246828535173,-1.7503320506285713,0.0,2.3689099552875184,0.0,0.0,0.926293843139092,0.37680195880941364
2026-09-17T02:12:56.518723,29.53,map,roomba,-4.838946975202767,-1.661592748355713,0.0,2.24890921239795,0.0,0.0,0.9020322989196151,0.4316685437992836
2026-09-17T02:12:56.568411,29.56,map,roomba,-4.87505602166697,-1.6136867466251588,0.0,2.18889423610718,0.0,0.0,0.8886748673615001,0.45853787206731367
2026-09-17T02:12:56.631342,29.63,map,roomba,-4.948349101740248,-1.4945017605548196,0.0,2.066045207367177,0.0,0.0,0.8588511639605221,0.512225222108065
2026-09-17T02:12:56.680243,29.67,map,roomba,-4.987369927775172,-1.4246637509885025,0.0,2.0755154148503854,0.0,0.0,0.8612669662406675,0.5081527456017503
2026-09-17T02:12:56.730937,29.73,map,roomba,-5.0172502334114215,-1.270767750715358,0.0,2.083793520642842,0.0,0.0,0.8633628538301613,0.5045835734803896
2026-09-17T02:12:56.778458,29.77,map,roomba,-5.056513972707541,-1.2010660082202047,0.0,2.0854823654609755,0.0,0.0,0.8637886276461388,0.5038543507296529
2026-09-17T02:12:56.839384,29.83,map,roomba,-5.121090555363375,-1.0999803093880258,0.0,2.189662097002821,0.0,0.0,0.8888508485112535,0.4581966489410684
2026-09-17T02:12:56.890876,29.89,map,roomba,-5.1973741617058,-1.0073981250890252,0.0,2.315130561704526,0.0,0.0,0.9158281127959909,0.4015705016712928
2026-09-17T02:12:56.956636,29.93,map,roomba,-5.239540300737494,-0.9647035217629747,0.0,2.377735104838897,0.0,0.0,0.9279474867284614,0.37271096291138517
2026-09-17T02:12:57.006680,29.97,map,roomba,-5.315262278751849,-0.8994097081711807,0.0,2.4790220883361576,0.0,0.0,0.9456250753604251,0.32525869219682746
2026-09-17T02:12:57.058354,30.03,map,roomba,-5.364717146057046,-0.7927012130631241,0.0,2.5405111675735346,0.0,0.0,0.9551765489762559,0.2960367549575731
2026-09-17T02:12:57.104817,30.07,map,roomba,-5.4324533286912775,-0.750142430699027,0.0,2.6205101125535677,0.0,0.0,0.9662506864543324,0.2576035926118488
2026-09-17T02:12:57.153633,30.13,map,roomba,-5.539885930821424,-0.6967846020636617,0.0,2.740513627808392,0.0,0.0,0.9799592505454665,0.19919806040814664
2026-09-17T02:12:57.203212,30.17,map,roomba,-5.614725139285974,-0.6685312513021731,0.0,2.8205104127414806,0.0,0.0,0.98714092850864,0.15985239210940844
2026-09-17T02:12:57.268431,30.23,map,roomba,-5.730614101630092,-0.637580293314421,0.0,2.9405099752375037,0.0,0.0,0.9949499757491077,0.10037203672761646
2026-09-17T02:12:57.319830,30.29,map,roomba,-5.849373379112475,-0.6207248828041427,0.0,3.060514359132375,0.0,0.0,0.9991784012997106,0.040528044316923084
2026-09-17T02:12:57.365740,30.33,map,roomba,-5.906977235773453,-0.5746426960213116,0.0,3.0427898209013993,0.0,0.0,0.998779998179737,0.049381324770450145
2026-09-17T02:12:57.421097,30.39,map,roomba,-6.026834575514986,-0.5700000970645247,0.0,-3.1203966553129234,0.0,0.0,0.999943841732764,-0.010597800749269524
2026-09-17T02:12:57.467957,30.43,map,roomba,-6.106677194345437,-0.5748991052172254,0.0,-3.040399984222774,0.0,0.0,0.9987202784993346,-0.05057474976914395
2026-09-17T02:12:57.516039,30.47,map,roomba,-6.185870467549265,-0.5861624677078634,0.0,-2.960399774241456,0.0,0.0,0.995898948732325,-0.0904725588996464
2026-09-17T02:12:57.565270,30.53,map,roomba,-6.3023405522724065,-0.6148221239940597,0.0,-2.8403944535011982,0.0,0.0,0.9886813721043343,-0.1500304784165241
2026-09-17T02:12:57.620838,30.59,map,roomba,-6.416206232495526,-0.6527060791100214,0.0,-2.8135120709940757,0.0,0.0,0.9865755354478111,-0.16330558121468136
2026-09-17T02:12:57.669128,30.63,map,roomba,-6.5121160518769265,-0.7279584912037245,0.0,-2.820397002454928,0.0,0.0,0.9871318624687847,-0.15990836782016285
2026-09-17T02:12:57.715572,30.67,map,roomba,-6.588025691980816,-0.7532114495549558,0.0,-2.8203933996964725,0.0,0.0,0.9871315744115708,-0.15991014601873546
2026-09-17T02:12:57.765066,30.73,map,roomba,-6.701890103023851,-0.7910910482174391,0.0,-2.8204012167524857,0.0,0.0,0.9871321994173151,-0.15990628778610932
2026-09-17T02:12:57.815217,30.77,map,roomba,-6.777899540016857,-0.8160424634852954,0.0,-2.83397765515834,0.0,0.0,0.9881949266152608,-0.15320178527634584
2026-09-17T02:12:57.891480,30.83,map,roomba,-6.894338749574354,-0.8448630737306755,0.0,-2.9515548541046908,0.0,0.0,0.9954890998013842,-0.09487598313919975
2026-09-17T02:12:57.938805,30.87,map,roomba,-6.973535373680013,-0.856171616451006,0.0,-3.034974080058572,0.0,0.0,0.9985793964521554,-0.05328404058673674
2026-09-17T02:12:57.989426,30.93,map,roomba,-7.078111462161652,-0.9245304885357739,0.0,-3.106000674895351,0.0,0.0,0.9998416555605802,-0.01779505003865284
2026-09-17T02:12:58.038365,30.97,map,roomba,-7.158107771207222,-0.9240660920360555,0.0,3.0962595994368574,0.0,0.0,0.9997431252733369,0.0226645862239136
2026-09-17T02:12:58.088162,31.03,map,roomba,-7.27739194619617,-0.9113985949153474,0.0,2.9759264467377977,0.0,0.0,0.9965712996128989,0.08273841180405678
2026-09-17T02:12:58.140072,31.07,map,roomba,-7.355699546794741,-0.8950519191660575,0.0,2.895922897009182,0.0,0.0,0.9924652774029332,0.12252621413199237
2026-09-17T02:12:58.188081,31.13,map,roomba,-7.470086868563525,-0.8589408730925356,0.0,2.775924566207354,0.0,0.0,0.9833323648171711,0.18181710673935497
2026-09-17T02:12:58.239404,31.16,map,roomba,-7.5253812916559095,-0.8356556421636645,0.0,2.7159212452519226,0.0,0.0,0.9774358526320052,0.21123246433620263
2026-09-17T02:12:58.288484,31.23,map,roomba,-7.670725875851947,-0.8104308736708723,0.0,2.6701590422112647,0.0,0.0,0.9723471883262363,0.23354002944690788
2026-09-17T02:12:58.338180,31.27,map,roomba,-7.740477961451633,-0.7712727634299599,0.0,2.590156606820765,0.0,0.0,0.9622299725014714,0.27223791069543885
2026-09-17T02:12:58.389614,31.33,map,roomba,-7.838686005109361,-0.7024077475734911,0.0,2.4701546526860674,0.0,0.0,0.9441736803593668,0.3294481162742448
2026-09-17T02:12:58.456184,31.39,map,roomba,-7.927943166238893,-0.6222826407276045,0.0,2.3501534337254646,0.0,0.0,0.922719413610825,0.38547228661175525
2026-09-17T02:12:58.505180,31.43,map,roomba,-7.981835583080454,-0.5631732592782477,0.0,2.2701534393207883,0.0,0.0,0.9065665575898771,0.42206288235242867
2026-09-17T02:12:58.554466,31.47,map,roomba,-8.03083177223861,-0.4999467326994482,0.0,2.190152643382521,0.0,0.0,0.8889632051276297,0.45797862387802746
2026-09-17T02:12:58.604668,31.53,map,roomba,-8.073281333815686,-0.3472197926824445,0.0,2.0666642355338816,0.0,0.0,0.8590096637395542,0.5119593710462366
2026-09-17T02:12:58.656063,31.57,map,roomba,-8.108489178534583,-0.2753976973124077,0.0,1.9866645916103927,0.0,0.0,0.8378497304438896,0.5459009334990201
2026-09-17T02:12:58.704769,31.63,map,roomba,-8.150267881729405,-0.162968905519842,0.0,1.8666641719971009,0.0,0.0,0.8036075213317637,0.5951596018372041
2026-09-17T02:12:58.753491,31.67,map,roomba,-8.170505287942216,-0.08558507382870761,0.0,1.78666211511266,0.0,0.0,0.779164040168199,0.626820068686995
2026-09-17T02:12:58.803855,31.73,map,roomba,-8.189115560925526,0.03290092100164088,0.0,1.6666619691880469,0.0,0.0,0.7401752738729254,0.6724139825636734
2026-09-17T02:12:58.867610,31.77,map,roomba,-8.193576223805291,0.11276163944645035,0.0,1.5866647845832944,0.0,0.0,0.7126948126054627,0.7014742362234442
2026-09-17T02:12:58.916820,31.83,map,roomba,-8.14985520184548,0.2623788322641998,0.0,1.470154951859331,0.0,0.0,0.6706446276525143,0.7417787968126485
2026-09-17T02:12:58.985024,31.89,map,roomba,-8.130663617355832,0.3807695513035134,0.0,1.3501557245667235,0.0,0.0,0.624958102459259,0.7806582928340173
2026-09-17T02:12:59.032131,31.93,map,roomba,-8.110047042639541,0.4580504490083004,0.0,1.2701531918155273,0.0,0.0,0.5932391778130924,0.8050262591416792
2026-09-17T02:12:59.083900,31.97,map,roomba,-8.083320809458641,0.5334363354099039,0.0,1.1901553489435177,0.0,0.0,0.5605730788049995,0.828104959119968
2026-09-17T02:12:59.134614,32.03,map,roomba,-8.032160311991321,0.6419113771339502,0.0,1.0701497332099554,0.0,0.0,0.5099054433914466,0.8602304567961845
2026-09-17T02:12:59.184282,32.07,map,roomba,-7.990990741383632,0.7104843846146691,0.0,0.9901516033365657,0.0,0.0,0.47509835300238873,0.8799326991164822
2026-09-17T02:12:59.234850,32.13,map,roomba,-7.869300569278373,0.8066325380904016,0.0,0.87015277517334,0.0,0.0,0.42147967375105694,0.9068378491299878
2026-09-17T02:12:59.281854,32.17,map,roomba,-7.815329083198726,0.8656592286743656,0.0,0.7901556912727532,0.0,0.0,0.3848800388971409,0.9229666059281535
2026-09-17T02:12:59.331816,32.23,map,roomba,-7.725967412637322,0.9456478869645992,0.0,0.6701530902656989,0.0,0.0,0.3288414589232926,0.9443851411861585
2026-09-17T02:12:59.382225,32.27,map,roomba,-7.661345722045919,0.9927753882203403,0.0,0.5901575469101361,0.0,0.0,0.2908152198320742,0.9567792367699157
2026-09-17T02:12:59.443338,32.33,map,roomba,-7.557875123010985,1.053416137519012,0.0,0.47015384911149943,0.0,0.0,0.23291779505709917,0.9724964271120687
2026-09-17T02:12:59.492573,32.37,map,roomba,-7.485179458004872,1.0867659285783242,0.0,0.3901507925563408,0.0,0.0,0.1938405017546011,0.9810330574855898
2026-09-17T02:12:59.544196,32.43,map,roomba,-7.322490917567345,1.0970362718705013,0.0,0.2736443130774125,0.0,0.0,0.13639566391107505,0.990654441703189
2026-09-17T02:12:59.593812,32.47,map,roomba,-7.244683477280994,1.1155507238652103,0.0,0.1936430423974432,0.0,0.0,0.09667031803097578,0.995316457018465
2026-09-17T02:12:59.643063,32.53,map,roomba,-7.125822869438079,1.1315268260857874,0.0,0.07364498388252497,0.0,0.0,0.03681417126099451,0.9993221286423943
2026-09-17T02:12:59.693837,32.57,map,roomba,-7.0458886280673845,1.134214535806633,0.0,-0.006355111891738658,0.0,0.0,-0.0031775505986481605,0.9999949515733533
2026-09-17T02:12:59.743102,32.63,map,roomba,-6.926223999009557,1.1262586714827423,0.0,-0.12635726236069225,0.0,0.0,-0.06313660956810503,0.9980048940422309
2026-09-17T02:12:59.795411,32.67,map,roomba,-6.847349525747752,1.1130126507771596,0.0,-0.2063551357571725,0.0,0.0,-0.10299460059544162,0.9946819151106475
2026-09-17T02:12:59.842735,32.73,map,roomba,-6.721967230758082,1.0382756611271606,0.0,-0.33333408196157316,0.0,0.0,-0.16589650182073923,0.986143169465591
2026-09-17T02:12:59.908090,32.77,map,roomba,-6.647498637255477,1.0091035991463686,0.0,-0.4133384168831683,0.0,0.0,-0.20520113241092575,0.9787198246981992
2026-09-17T02:12:59.955496,32.83,map,roomba,-6.540758051483664,0.9544309285111625,0.0,-0.5333319927898285,0.0,0.0,-0.2635167445627163,0.9646548218586108
2026-09-17T02:13:00.018882,32.87,map,roomba,-6.473569616798615,0.9110460995633884,0.0,-0.6133378771419623,0.0,0.0,-0.3018846682286132,0.9533444535363387
2026-09-17T02:13:00.071512,32.93,map,roomba,-6.379818672405557,0.8362576907774404,0.0,-0.7333368424683026,0.0,0.0,-0.35850730886514803,0.9335269195316594
2026-09-17T02:13:00.139561,32.97,map,roomba,-6.322588825283324,0.7803897291932325,0.0,-0.813339989393894,0.0,0.0,-0.3955531063507146,0.9184431065974094
2026-09-17T02:13:00.185821,33.03,map,roomba,-6.255568316405758,0.6384644780873243,0.0,-0.9689279710330796,0.0,0.0,-0.46573409391198706,0.8849247164408848
2026-09-17T02:13:00.235381,33.07,map,roomba,-6.206672873279325,0.5751459775703571,0.0,-0.9618386569032071,0.0,0.0,-0.4625944199558193,0.8865700212762323
2026-09-17T02:13:00.288762,33.13,map,roomba,-6.1333300546686775,0.480167958467383,0.0,-0.9516519555937187,0.0,0.0,-0.45807282713127634,0.8889146669078871
2026-09-17T02:13:00.335592,33.17,map,roomba,-6.084435112863928,0.4168490693789684,0.0,-0.9464566359333222,0.0,0.0,-0.45576218630605375,0.8901015838282313
2026-09-17T02:13:00.386802,33.23,map,roomba,-6.0097303649345415,0.32294745981473305,0.0,-0.8973429375279599,0.0,0.0,-0.43376887850528006,0.9010241728390375
2026-09-17T02:13:00.434273,33.27,map,roomba,-5.954724732288758,0.26484346210726795,0.0,-0.8119835658985739,0.0,0.0,-0.3949301165225054,0.9187111641117247
2026-09-17T02:13:00.484756,33.33,map,roomba,-5.976557605544939,0.18939015094770806,0.0,-1.0424690790594673,0.0,0.0,-0.4979511160091268,0.8672051003455095
2026-09-17T02:13:00.535565,33.37,map,roomba,-5.931941815622864,0.12297778212863575,0.0,-0.9568618741717323,0.0,0.0,-0.46038685683374686,0.8877183911887503
2026-09-17T02:13:00.587407,33.44,map,roomba,-5.841408659623217,0.0162990082656278,0.0,-0.7994369095886648,0.0,0.0,-0.3891590065709389,0.9211705963635183
2026-09-17T02:13:00.634941,33.47,map,roomba,-5.798517616781288,-0.0256537140928228,0.0,-0.7594718503933783,0.0,0.0,-0.3706752195516889,0.928762553944929
2026-09-17T02:13:00.685417,33.53,map,roomba,-5.705181734802763,-0.10101872345652696,0.0,-0.6394678078993865,0.0,0.0,-0.31431396168676146,0.9493190893944844
2026-09-17T02:13:00.738757,33.57,map,roomba,-5.638231778897704,-0.14481331425594224,0.0,-0.5594701950094766,0.0,0.0,-0.27610105288699965,0.9611286118905681
2026-09-17T02:13:00.786798,33.63,map,roomba,-5.474748824366164,-0.05192690803576738,0.0,-0.8059182239776495,0.0,0.0,-0.3921421560216506,0.9199046306387915
2026-09-17T02:13:00.835506,33.67,map,roomba,-5.415982657886468,-0.1062076684920994,0.0,-0.7259163062230378,0.0,0.0,-0.3550412140217436,0.9348506492194175
2026-09-17T02:13:00.885453,33.74,map,roomba,-5.333714450452879,-0.1689407246236323,0.0,-0.5858869026440925,0.0,0.0,-0.2887715265035763,0.9573980392087683
2026-09-17T02:13:00.935211,33.77,map,roomba,-5.333773413206406,-0.16891826294654422,0.0,-0.5859011503163637,0.0,0.0,-0.2887783468429967,0.9573959820234395
2026-09-17T02:13:00.986682,33.83,map,roomba,-5.3337701697045965,-0.16891751855302273,0.0,-0.5859014076876563,0.0,0.0,-0.28877847004611507,0.9573959448618032
2026-09-17T02:13:01.034730,33.87,map,roomba,-5.333768092496653,-0.16891706449672128,0.0,-0.5859008417339209,0.0,0.0,-0.2887781991251978,0.9573960265793918
2026-09-17T02:13:01.099124,33.93,map,roomba,-5.205058919857158,0.08020890647005618,0.0,-0.9488593907498605,0.0,0.0,-0.4568312050802049,0.8895533992206245
2026-09-17T02:13:01.150435,33.97,map,roomba,-5.205056995744817,0.08020857673074921,0.0,-0.9488418039057601,0.0,0.0,-0.4568233828440675,0.8895574162958244
2026-09-17T02:13:01.210505,34.03,map,roomba,-5.269917759371591,0.17069139633547525,0.0,-0.9488079813759016,0.0,0.0,-0.4568083392376077,0.8895651416298745
2026-09-17T02:13:01.259931,34.08,map,roomba,-5.3281098380686105,0.251875830854539,0.0,-0.948846886112924,0.0,0.0,-0.4568256433001293,0.8895562554574179
2026-09-17T02:13:01.323392,34.13,map,roomba,-5.386435417684961,0.3332362909167532,0.0,-0.9487127941973439,0.0,0.0,-0.4567660011222665,0.8895868817708441
2026-09-17T02:13:01.373602,34.17,map,roomba,-5.433042628690798,0.39825429214489017,0.0,-0.9486431863361324,0.0,0.0,-0.4567350397255285,0.8896027784842626
2026-09-17T02:13:01.421261,34.23,map,roomba,-5.502953597105267,0.49578133839889116,0.0,-0.9484666800406502,0.0,0.0,-0.45665652770152243,0.8896430833247616
2026-09-17T02:13:01.484002,34.27,map,roomba,-5.549561009828021,0.5607993964610167,0.0,-0.9482794060369345,0.0,0.0,-0.45657322218864144,0.8896858393726863
2026-09-17T02:13:01.535816,34.33,map,roomba,-5.4872553551174015,0.5394366506913175,0.0,-1.0316621491323164,0.0,0.0,-0.4932579570062734,0.8698830886101864
2026-09-17T02:13:01.583959,34.37,map,roomba,-5.528260008940986,0.6081261094740689,0.0,-1.031324584743452,0.0,0.0,-0.49311112920454986,0.8699663293798294
2026-09-17T02:13:01.635571,34.43,map,roomba,-5.58976712740705,0.7111603432970157,0.0,-1.0306041965261212,0.0,0.0,-0.4927977404766775,0.8701438886650191
2026-09-17T02:13:01.684422,34.47,map,roomba,-5.630771964503335,0.7798498606854221,0.0,-1.030456307817181,0.0,0.0,-0.49273339690134094,0.8701803258969175
2026-09-17T02:13:01.735121,34.53,map,roomba,-5.6922791639677435,0.8828842903730529,0.0,-1.0326061238373954,0.0,0.0,-0.49366847586499646,0.8696501802087615
2026-09-17T02:13:01.786646,34.57,map,roomba,-5.73330605975156,0.9515607944146396,0.0,-1.0291358576682237,0.0,0.0,-0.4921587746820666,0.8705054511623962
2026-09-17T02:13:01.836184,34.63,map,roomba,-5.632405818791659,0.7805320231017845,0.0,-0.9074212699749745,0.0,0.0,-0.4383037624902451,0.8988269086909307
2026-09-17T02:13:01.886506,34.67,map,roomba,-5.632406495422824,0.7805318270575148,0.0,-0.8252402405113272,0.0,0.0,-0.4010109238480244,0.9160732716079834
2026-09-17T02:13:01.936073,34.73,map,roomba,-5.632407559112746,0.780531499801917,0.0,-0.7018843488171288,0.0,0.0,-0.3437827080607428,0.9390492264191597
2026-09-17T02:13:01.984612,34.77,map,roomba,-5.63240829836263,0.7805312490542446,0.0,-0.6196008542325998,0.0,0.0,-0.3048685704127772,0.9523944323516751
2026-09-17T02:13:02.034683,34.83,map,roomba,-5.632409119174014,0.7805309364568389,0.0,-0.5162570276462768,0.0,0.0,-0.2552715172552594,0.9668694081819932
2026-09-17T02:13:02.101794,34.89,map,roomba,-5.632410625911101,0.780530270675718,0.0,-0.37368068670306787,0.0,0.0,-0.18575516119993857,0.9825960615062452
2026-09-17T02:13:02.165508,34.93,map,roomba,-5.722411602880467,0.9205303700383762,0.0,-0.407590390873077,0.0,0.0,-0.20238743530374337,0.979305532523519
2026-09-17T02:13:02.234421,34.97,map,roomba,-5.722412450819615,0.9205299936614022,0.0,-0.32677116691605906,0.0,0.0,-0.16265962752334143,0.9866822414404588
2026-09-17T02:13:02.285894,35.03,map,roomba,-5.722413724706307,0.9205293242285761,0.0,-0.20851667955705405,0.0,0.0,-0.10406956449705142,0.9945700205341975
2026-09-17T02:13:02.337452,35.07,map,roomba,-5.722414566090876,0.9205288066726403,0.0,-0.129656960777536,0.0,0.0,-0.06478308047657068,0.9978993699186136
2026-09-17T02:13:02.386177,35.13,map,roomba,-5.722415801713844,0.9205279156527983,0.0,-0.0096532471128867,0.0,0.0,-0.004826604816057511,0.9999883518751354
2026-09-17T02:13:02.434774,35.17,map,roomba,-5.722416598162765,0.9205272437018972,0.0,0.07034826325972843,0.0,0.0,0.03516687905806137,0.9993814540090864
2026-09-17T02:13:02.484925,35.23,map,roomba,-5.722417734898822,0.920526119352278,0.0,0.1903570334987872,0.0,0.0,0.09503487892037397,0.9954739432996677
2026-09-17T02:13:02.535365,35.27,map,roomba,-5.722418444213775,0.9205252939537631,0.0,0.2703555204284968,0.0,0.0,0.1347664517129156,0.9908773907465597
2026-09-17T02:13:02.586210,35.33,map,roomba,-5.722419418904247,0.9205239476784617,0.0,0.3903607536032318,0.0,0.0,0.19394349005015474,0.9810127026023494
2026-09-17T02:13:02.636130,35.39,map,roomba,-5.722420267666877,0.9205224814184239,0.0,0.5103638027279864,0.0,0.0,0.2524214237336178,0.967617395895864
2026-09-17T02:13:02.685022,35.43,map,roomba,-5.722420753854994,0.9205214441978518,0.0,0.5903687887498427,0.0,0.0,0.29091627411283527,0.9567485152621381
2026-09-17T02:13:02.734298,35.47,map,roomba,-5.722421170181713,0.9205203650117095,0.0,0.6703669622949323,0.0,0.0,0.3289424458261596,0.9443499707914985
2026-09-17T02:13:02.787496,35.53,map,roomba,-5.722421653621396,0.9205186800020941,0.0,0.7886375479379901,0.0,0.0,0.38417933028195067,0.9232584915310077
2026-09-17T02:13:02.834248,35.57,map,roomba,-5.7224215364054904,0.920518881663293,0.0,0.7817120482687059,0.0,0.0,0.38098002020707034,0.9245832705619437
2026-09-17T02:13:02.886844,35.63,map,roomba,-5.722421356081478,0.9205191644822732,0.0,0.7730220971658133,0.0,0.0,0.37695914492193905,0.9262298867234422
2026-09-17T02:13:02.934648,35.68,map,roomba,-5.6457692169171185,0.9948878109471329,0.0,0.7704223936690942,0.0,0.0,0.37575486526555063,0.9267190951034018
2026-09-17T02:13:02.985895,35.73,map,roomba,-5.573980645793828,1.0645784629871002,0.0,0.7723625159664911,0.0,0.0,0.3766536625183248,0.9263541539344075
2026-09-17T02:13:03.036009,35.77,map,roomba,-5.51657227389514,1.1202926562436248,0.0,0.7719657072919971,0.0,0.0,0.376469862424213,0.9264288654215682
2026-09-17T02:13:03.084725,35.83,map,roomba,-5.430459656080661,1.2038639711984063,0.0,0.771877452380717,0.0,0.0,0.37642898110902656,0.9264454771767306
2026-09-17T02:13:03.140496,35.87,map,roomba,-5.37305120676527,1.2595781988132204,0.0,0.7715902558229283,0.0,0.0,0.3762959412524012,0.9264995221784895
2026-09-17T02:13:03.186183,35.93,map,roomba,-5.5477011746688,1.5632407912127917,0.0,0.8340491447273133,0.0,0.0,0.40504182201598743,0.9142981583804974
2026-09-17T02:13:03.263879,35.97,map,roomba,-5.493903555477494,1.622449180134475,0.0,0.8338995757227259,0.0,0.0,0.40497344555068554,0.9143284466748292
2026-09-17T02:13:03.315039,36.03,map,roomba,-5.413207080347171,1.7112617934311682,0.0,0.8336366268812254,0.0,0.0,0.4048532312480408,0.914381682421526
2026-09-17T02:13:03.365146,36.07,map,roomba,-5.359409396447436,1.770470218191349,0.0,0.833504187944223,0.0,0.0,0.4047926804914236,0.9144084895825105
2026-09-17T02:13:03.415035,36.13,map,roomba,-5.278024371675519,1.8586467841248542,0.0,0.8054408796131352,0.0,0.0,0.3919225892089987,0.9199981978611232
2026-09-17T02:13:03.464355,36.17,map,roomba,-5.219726137826395,1.913422027731631,0.0,0.7234570110902736,0.0,0.0,0.3538914090686832,0.9352865179116943
2026-09-17T02:13:03.515933,36.23,map,roomba,-5.337022232592274,1.8087786285590557,0.0,0.6364570184001382,0.0,0.0,0.3128845061024621,0.9497911801238303
2026-09-17T02:13:03.563793,36.27,map,roomba,-5.270653195767277,1.8534352219172847,0.0,0.5538995559821801,0.0,0.0,0.27342293507464854,0.9618939123287789
2026-09-17T02:13:03.619263,36.33,map,roomba,-5.164946362195888,1.9101278613899888,0.0,0.43224729825456665,0.0,0.0,0.21444507205763325,0.9767360498467313
2026-09-17T02:13:03.666330,36.37,map,roomba,-5.091030267226509,1.9407090734451842,0.0,0.35224947847385163,0.0,0.0,0.1752155878093027,0.984530089834049
2026-09-17T02:13:03.727242,36.43,map,roomba,-4.976170047375722,1.9752714941644314,0.0,0.23227458324585487,0.0,0.0,0.11587639350805044,0.9932636414505301
2026-09-17T02:13:03.775458,36.47,map,roomba,-4.897964272296094,1.992134553672373,0.0,0.20109564439761032,0.0,0.0,0.10037848700874574,0.9949493250140105
2026-09-17T02:13:03.825359,36.53,map,roomba,-4.805850064640696,2.039519157660644,0.0,0.3099794911766044,0.0,0.0,0.1543699678060281,0.9880131137993897
2026-09-17T02:13:03.875337,36.57,map,roomba,-4.729668075255063,2.063935942647534,0.0,0.3099883880088093,0.0,0.0,0.1543743628979456,0.9880124270877636
2026-09-17T02:13:03.925084,36.63,map,roomba,-4.615395023472153,2.100561028375731,0.0,0.30999514389428356,0.0,0.0,0.15437770034646708,0.9880119056143688
2026-09-17T02:13:03.987086,36.67,map,roomba,-4.539212945375496,2.1249776935812363,0.0,0.31000063057201394,0.0,0.0,0.15438041079734613,0.9880114821003056
2026-09-17T02:13:04.026830,36.73,map,roomba,-4.424939764590797,2.161602604995246,0.0,0.31000514818836983,0.0,0.0,0.15438264252536793,0.9880111333820507
2026-09-17T02:13:04.095717,36.77,map,roomba,-4.348757603043865,2.1860191572101515,0.0,0.3100124470338481,0.0,0.0,0.15438624819463656,0.9880105699679452
2026-09-17T02:13:04.146201,36.83,map,roomba,-4.208567515401109,2.17263204519275,0.0,0.2646516009311346,0.0,0.0,0.13193996503666108,0.9912577089869842
2026-09-17T02:13:04.194424,36.87,map,roomba,-4.1313562758396625,2.1935681623469168,0.0,0.26465725309895444,0.0,0.0,0.13194276641359617,0.9912573361096135
2026-09-17T02:13:04.246774,36.93,map,roomba,-4.014826593078445,2.22207315385229,0.0,0.19986785589437686,0.0,0.0,0.09976767446120781,0.9950107593049446
2026-09-17T02:13:04.315629,36.98,map,roomba,-3.915777665402254,2.2354358587645042,0.0,0.08573773506044895,0.0,0.0,0.04285573843264518,0.9990812708100341
2026-09-17T02:13:04.365018,37.03,map,roomba,-3.8358612380454193,2.2392392513101003,0.0,0.010127226199659285,0.0,0.0,0.005063591461200834,0.9999871799385801
2026-09-17T02:13:04.415344,37.07,map,roomba,-3.7359842803217793,2.2347989127251062,0.0,-0.09151081551351617,0.0,0.0,-0.0457394441662664,0.9989534039420263
2026-09-17T02:13:04.465900,37.13,map,roomba,-3.6175285957848544,2.2095389627953503,0.0,-0.2061178516930985,0.0,0.0,-0.10287658878720686,0.9946941275987851
2026-09-17T02:13:04.516420,37.17,map,roomba,-3.539974650586481,2.189952303615603,0.0,-0.28713645312990826,0.0,0.0,-0.14307553382180582,0.9897117719930411
2026-09-17T02:13:04.566405,37.23,map,roomba,-3.425566379224857,2.1537420283375273,0.0,-0.31299933806188135,0.0,0.0,-0.15586161542972413,0.9877789007848046
2026-09-17T02:13:04.630227,37.27,map,roomba,-3.3492930890722574,2.1296110344268913,0.0,-0.30691993145774465,0.0,0.0,-0.15285834520290156,0.9882481096879622
2026-09-17T02:13:04.694062,37.33,map,roomba,-3.234883387463527,2.0934137275998017,0.0,-0.3068942637341373,0.0,0.0,-0.15284566215064593,0.9882500713694539
2026-09-17T02:13:04.742803,37.37,map,roomba,-3.1586102709183077,2.069282083009229,0.0,-0.30687774911182286,0.0,0.0,-0.1528375018570948,0.9882513334299542
2026-09-17T02:13:04.793909,37.43,map,roomba,-3.019429049603378,2.1238774884397573,0.0,-0.17074190405387168,0.0,0.0,-0.08526728972212382,0.9963581129811928
2026-09-17T02:13:04.842370,37.47,map,roomba,-2.940586938949057,2.1103183296346186,0.0,-0.1707244760151972,0.0,0.0,-0.08525860743502323,0.9963588559641755
2026-09-17T02:13:04.892657,37.53,map,roomba,-2.822323777907023,2.0899794409458154,0.0,-0.17070548576557368,0.0,0.0,-0.08524914687948533,0.9963596654603798
2026-09-17T02:13:04.942951,37.57,map,roomba,-2.7434816738045185,2.0764200840584994,0.0,-0.1706920995279834,0.0,0.0,-0.08524247812397229,0.9963602360207297
2026-09-17T02:13:04.992602,37.63,map,roomba,-2.625218522069477,2.056080908736436,0.0,-0.17067140735376132,0.0,0.0,-0.08523216968961439,0.9963611178935079
2026-09-17T02:13:05.058458,37.67,map,roomba,-2.5465184899980593,2.041744820780468,0.0,-0.19791740752926074,0.0,0.0,-0.09879726861801151,0.9951075819797679
2026-09-17T02:13:05.108649,37.73,map,roomba,-2.4355913207781867,1.96907460556681,0.0,-0.37036181307477867,0.0,0.0,-0.18412435011062206,0.9829029574156043
2026-09-17T02:13:05.159089,37.77,map,roomba,-2.3624981784589227,1.9365810736866598,0.0,-0.4537517838580481,0.0,0.0,-0.22493457690494512,0.9743738687550038
2026-09-17T02:13:05.208838,37.84,map,roomba,-2.2417434360339925,1.8659701417464918,0.0,-0.5982138224159993,0.0,0.0,-0.29466688860916024,0.9556000338831078
2026-09-17T02:13:05.271608,37.87,map,roomba,-2.19312739846462,1.8307935013625771,0.0,-0.6580632492319289,0.0,0.0,-0.32312675248451644,0.9463556951954217
2026-09-17T02:13:05.322962,37.93,map,roomba,-2.102819522351515,1.751858738714497,0.0,-0.7784229357576754,0.0,0.0,-0.3794589764985671,0.9252085630573573
2026-09-17T02:13:05.396653,37.97,map,roomba,-2.0481505612141184,1.6934691081567292,0.0,-0.8584166057728005,0.0,0.0,-0.41615104629997285,0.9092955001887109
2026-09-17T02:13:05.446507,38.03,map,roomba,-1.956665986213575,1.632261957459752,0.0,-0.8806858449878905,0.0,0.0,-0.4262496997123175,0.9046055458016821
2026-09-17T02:13:05.496083,38.07,map,roomba,-1.9082446503897872,1.568596828378233,0.0,-0.9606768373167582,0.0,0.0,-0.4620793247243742,0.8868385973006961
2026-09-17T02:13:05.548340,38.13,map,roomba,-1.8414488988911835,1.4689045668145004,0.0,-0.9873599352761053,0.0,0.0,-0.47386965056600033,0.8805950001405054
2026-09-17T02:13:05.597496,38.17,map,roomba,-1.7969161037232428,1.4024456720085192,0.0,-0.9806804238397151,0.0,0.0,-0.47092604108505187,0.8821726950138278
2026-09-17T02:13:05.647128,38.23,map,roomba,-1.7301176906918725,1.3027567914344216,0.0,-0.980669980975345,0.0,0.0,-0.47092143487372995,0.88217515391019
2026-09-17T02:13:05.695767,38.27,map,roomba,-1.6855855332982497,1.2362974483557316,0.0,-0.9806654684651173,0.0,0.0,-0.47091944446032896,0.8821762164268402
2026-09-17T02:13:05.748375,38.33,map,roomba,-1.6501226945591387,1.1057169797641127,0.0,-0.9841402049915526,0.0,0.0,-0.47245139792740715,0.8813567249397027
2026-09-17T02:13:05.796000,38.37,map,roomba,-1.605822977673757,1.0391024541505276,0.0,-0.9841403720393662,0.0,0.0,-0.4724514715417624,0.8813566854787132
2026-09-17T02:13:05.847161,38.43,map,roomba,-1.539373563793931,0.9391805443454082,0.0,-0.9841281813883809,0.0,0.0,-0.47244609937711285,0.8813595652078391
2026-09-17T02:13:05.898990,38.47,map,roomba,-1.4950740602875996,0.8725658584111322,0.0,-0.9841233913392926,0.0,0.0,-0.4724439884979669,0.8813606967253151
2026-09-17T02:13:05.947003,38.53,map,roomba,-1.4286249576948125,0.7726437148240732,0.0,-0.9841171468403024,0.0,0.0,-0.4724412366676737,0.8813621718090238
2026-09-17T02:13:06.005813,38.57,map,roomba,-1.3843256557330568,0.7060288775682029,0.0,-0.9841112227961679,0.0,0.0,-0.4724386260513991,0.8813635711865259
2026-09-17T02:13:06.055435,38.63,map,roomba,-1.3555113033300321,0.5749479264568889,0.0,-1.029476005569783,0.0,0.0,-0.49230681786472424,0.8704217351858289
2026-09-17T02:13:06.109939,38.67,map,roomba,-1.3142790619541147,0.506392334920938,0.0,-1.0294682061660931,0.0,0.0,-0.4923034234757343,0.8704236550290162
2026-09-17T02:13:06.158036,38.73,map,roomba,-1.252430841760031,0.40355885102093136,0.0,-1.029490288981166,0.0,0.0,-0.49231303414802957,0.8704182192532283
2026-09-17T02:13:06.207889,38.77,map,roomba,-1.2586829754988376,0.41396018403852164,0.0,-1.029584687877629,0.0,0.0,-0.4923541168593093,0.8703949813801144
2026-09-17T02:13:06.272672,38.83,map,roomba,-1.2586785537082523,0.41396047485857057,0.0,-1.0296853923921752,0.0,0.0,-0.49239794258717745,0.8703701891355854
2026-09-17T02:13:06.321936,38.87,map,roomba,-1.258675716976402,0.4139606529057991,0.0,-1.0296246063626164,0.0,0.0,-0.49237148918573687,0.8703851541915336
2026-09-17T02:13:06.371266,38.93,map,roomba,-1.2586716227709047,0.4139608944854234,0.0,-1.029481860855856,0.0,0.0,-0.4923093661467463,0.8704202938834715
2026-09-17T02:13:06.438064,38.97,map,roomba,-1.2586689972876757,0.41396103913177207,0.0,-1.0294366536262796,0.0,0.0,-0.4922896913759551,0.8704314216323805
2026-09-17T02:13:06.487735,39.04,map,roomba,-1.258605334143673,0.41394334569638236,0.0,-1.029353823607984,0.0,0.0,-0.4922536420284875,0.8704518090679632
2026-09-17T02:13:06.539657,39.09,map,roomba,-1.258661596414993,0.41396139848347513,0.0,-1.0293773250619431,0.0,0.0,-0.49226387043605946,0.8704460246697152
2026-09-17T02:13:06.584740,39.13,map,roomba,-1.2586592812348618,0.4139614945536745,0.0,-1.0293642879602336,0.0,0.0,-0.4922581963789228,0.8704492334982954
2026-09-17T02:13:06.635049,39.17,map,roomba,-1.258657038701891,0.4139615793159095,0.0,-1.029362713535669,0.0,0.0,-0.4922575111504426,0.8704496210097239
2026-09-17T02:13:06.686056,39.23,map,roomba,-1.2586538070082742,0.41396168596574734,0.0,-1.0293513396348994,0.0,0.0,-0.49225256093867537,0.8704524204396905
2026-09-17T02:13:06.735145,39.26,map,roomba,-1.2586053340715413,0.4139433456178816,0.0,-1.0293538235377748,0.0,0.0,-0.4922536419979306,0.8704518090852434
2026-09-17T02:13:06.784810,39.33,map,roomba,-1.2586487580488654,0.41396181172211444,0.0,-1.0293556445943355,0.0,0.0,-0.4922544345687154,0.8704513608740204
2026-09-17T02:13:06.838938,39.37,map,roomba,-1.258646851354798,0.4139618447078881,0.0,-1.029355296261743,0.0,0.0,-0.4922542829654184,0.8704514466081389
2026-09-17T02:13:06.886288,39.44,map,roomba,-1.2586053340545638,0.41394334561812585,0.0,-1.0293538235357174,0.0,0.0,-0.49225364199703525,0.8704518090857498
2026-09-17T02:13:06.937692,39.47,map,roomba,-1.2586423395148127,0.4139619116842024,0.0,-1.0323803436433,0.0,0.0,-0.4935702978262652,0.8697059049493063
2026-09-17T02:13:06.986727,39.53,map,roomba,-1.258638129361005,0.4139647727998592,0.0,-1.127853149101406,0.0,0.0,-0.5345089048230892,0.8451628426905798
2026-09-17T02:13:07.035064,39.57,map,roomba,-1.2586351167049088,0.41396655277792327,0.0,-1.19298525493455,0.0,0.0,-0.5617442468471842,0.8273109458565684
2026-09-17T02:13:07.085448,39.63,map,roomba,-1.2586326149805052,0.41396640936461315,0.0,-1.1907103297278534,0.0,0.0,-0.5608028483895922,0.8279493735960672
2026-09-17T02:13:07.137891,39.67,map,roomba,-1.2586311544967108,0.4139661478068213,0.0,-1.186961220128707,0.0,0.0,-0.5592498275085851,0.8289991739631698
2026-09-17T02:13:07.185047,39.73,map,roomba,-1.2586291091587647,0.4139657067009286,0.0,-1.1822830531228514,0.0,0.0,-0.5573092010707156,0.830305036960466
2026-09-17T02:13:07.250718,39.79,map,roomba,-1.2586275295210285,0.4139649134043335,0.0,-1.1633249585707146,0.0,0.0,-0.5494137806554217,0.8355504159689684
2026-09-17T02:13:07.298540,39.84,map,roomba,-1.2586053340194354,0.4139433456212638,0.0,-1.1475309323816485,0.0,0.0,-0.5427983652549586,0.8398630451904313
2026-09-17T02:13:07.348231,39.87,map,roomba,-1.2586255685415741,0.41396394056440045,0.0,-1.1380544184653028,0.0,0.0,-0.538812800034695,0.8424255257996233
2026-09-17T02:13:07.402058,39.93,map,roomba,-1.2586241922334027,0.41396327984294645,0.0,-1.1191058809143717,0.0,0.0,-0.5308073713688944,0.847492498197149
2026-09-17T02:13:07.450485,39.99,map,roomba,-1.2637840626337749,0.4242081773053039,0.0,-1.100215140684043,0.0,0.0,-0.5227789322607961,0.8524682914831859
2026-09-17T02:13:07.510595,40.03,map,roomba,-1.3026008963509437,0.49945213272911504,0.0,-1.0876488997412108,0.0,0.0,-0.517412487533087,0.8557361262356656
2026-09-17T02:13:07.559093,40.07,map,roomba,-1.3402223397251793,0.570051358774541,0.0,-1.074985761312658,0.0,0.0,-0.5119840000416496,0.8589949846776477
2026-09-17T02:13:07.609823,40.13,map,roomba,-1.3983119434060676,0.6750491799930525,0.0,-1.0560489739529135,0.0,0.0,-0.5038278692489517,0.8638040739473629
2026-09-17T02:13:07.663051,40.18,map,roomba,-1.4482037108334582,0.761619663327691,0.0,-1.0403145246162244,0.0,0.0,-0.49701660694611527,0.8677410284294335
2026-09-17T02:13:07.735187,40.23,map,roomba,-1.4994987984946793,0.8475491007092217,0.0,-1.0238077820872726,0.0,0.0,-0.48983797155811776,0.8718134901570569
2026-09-17T02:13:07.786166,40.29,map,roomba,-1.5628079926086835,0.9494850750963231,0.0,-1.0040916087813327,0.0,0.0,-0.48121989633688705,0.8765999152233108
2026-09-17T02:13:07.845619,40.33,map,roomba,-1.4608185105067353,0.7336678954331237,0.0,-0.8999907498373209,0.0,0.0,-0.4349613694654875,0.9004491140940212
2026-09-17T02:13:07.895283,40.37,map,roomba,-1.5108047179595268,0.796126311782305,0.0,-0.8862097111863938,0.0,0.0,-0.4287465307607331,0.9034248238567699
2026-09-17T02:13:07.944678,40.43,map,roomba,-1.5872534891020944,0.8886175583538876,0.0,-0.8645600132549262,0.0,0.0,-0.4189421650306081,0.9080129197095528
2026-09-17T02:13:08.021129,40.49,map,roomba,-1.6654322819751073,0.9796513468490771,0.0,-0.8459616554834313,0.0,0.0,-0.41048039833031036,0.9118694218947084
2026-09-17T02:13:08.086034,40.53,map,roomba,-1.7185001531453556,1.0395137143041957,0.0,-0.8363013636036662,0.0,0.0,-0.4060711647625473,0.9138414573373153
2026-09-17T02:13:08.137774,40.59,map,roomba,-1.7995082446524604,1.1280393404506608,0.0,-0.8202348740168274,0.0,0.0,-0.3987170291612603,0.9170740050054951
2026-09-17T02:13:08.188472,40.63,map,roomba,-1.7085598471345964,0.9731003820482345,0.0,-0.7657178021853206,0.0,0.0,-0.3735739103137401,0.9276004169538206
2026-09-17T02:13:08.234555,40.67,map,roomba,-1.7665781581012343,1.0281784255035253,0.0,-0.753090686557376,0.0,0.0,-0.36771004486797687,0.9299404942807848
2026-09-17T02:13:08.284780,40.73,map,roomba,-1.8548986339757372,1.1094103635420574,0.0,-0.7341414374819919,0.0,0.0,-0.3588828353963181,0.9333826173964775
2026-09-17T02:13:08.337277,40.77,map,roomba,-1.914627255121232,1.1626289649611508,0.0,-0.7215085478269563,0.0,0.0,-0.3529800555584277,0.9356308462091069
2026-09-17T02:13:08.384323,40.83,map,roomba,-2.0054688147206194,1.241031594804019,0.0,-0.7025625044372976,0.0,0.0,-0.34410109904690156,0.9389326033505889
2026-09-17T02:13:08.445379,40.87,map,roomba,-2.0668481794049223,1.2923376662763602,0.0,-0.6899264697142174,0.0,0.0,-0.3381620782457464,0.9410878858196602
2026-09-17T02:13:08.494973,40.93,map,roomba,-2.192013745238649,1.3201400142395334,0.0,-0.5941962977992897,0.0,0.0,-0.2927467220613728,0.956190021241762
2026-09-17T02:13:08.554745,40.98,map,roomba,-2.2766795641895308,1.3732074204670983,0.0,-0.5133614131261705,0.0,0.0,-0.25387140965249455,0.9672379786593656
2026-09-17T02:13:08.618137,41.03,map,roomba,-2.347833816522843,1.40983993864202,0.0,-0.4333501179882018,0.0,0.0,-0.2149836213241863,0.9766176542344188
2026-09-17T02:13:08.668113,41.07,map,roomba,-2.3660968009036396,1.4178478089577062,0.0,-0.3287008152738951,0.0,0.0,-0.1636115265503411,0.9865248442790819
2026-09-17T02:13:08.722604,41.13,map,roomba,-2.3660923136530854,1.417851092059144,0.0,-0.20005084163126838,0.0,0.0,-0.09985871043200913,0.9950016271096526
2026-09-17T02:13:08.770429,41.19,map,roomba,-2.366088538510187,1.4178547452756112,0.0,-0.09796570361327257,0.0,0.0,-0.04896326656888217,0.9988005799592352
2026-09-17T02:13:08.829672,41.23,map,roomba,-2.355626025698591,1.428795646914403,0.0,-0.05584468025804453,0.0,0.0,-0.02791871196210749,0.9996101967879163
2026-09-17T02:13:08.879519,41.27,map,roomba,-2.355623594957199,1.4287985384942656,0.0,0.043861393853854104,0.0,0.0,0.02192893902110172,0.9997595319042518
2026-09-17T02:13:08.931088,41.33,map,roomba,-2.35562140477267,1.428802561766517,0.0,0.16345582998531613,0.0,0.0,0.08163696242488327,0.9966621325033064
2026-09-17T02:13:08.981690,41.39,map,roomba,-2.3556210317861463,1.4288054689845708,0.0,0.2159821310104814,0.0,0.0,0.1077812879662922,0.9941746295114995
2026-09-17T02:13:09.029215,41.43,map,roomba,-2.35562163408042,1.4288066058781315,0.0,0.2108983857497268,0.0,0.0,0.10525387721345787,0.9944453837851199
2026-09-17T02:13:09.082214,41.49,map,roomba,-2.355622503810185,1.4288082317683042,0.0,0.2089590610905739,0.0,0.0,0.10428955165487577,0.9945469769777721
2026-09-17T02:13:09.129972,41.53,map,roomba,-2.3556230626686028,1.4288092682799984,0.0,0.20895561393813955,0.0,0.0,0.10428783747720446,0.9945471567272857
2026-09-17T02:13:09.182574,41.59,map,roomba,-2.355623870726127,1.4288107550796934,0.0,0.20897157755588197,0.0,0.0,0.10429577575920074,0.9945463242900184
2026-09-17T02:13:09.243902,41.63,map,roomba,-2.273084747342683,1.44632022531564,0.0,0.20899026364163606,0.0,0.0,0.10430506784359958,0.9945453498067055
2026-09-17T02:13:09.291961,41.67,map,roomba,-2.1948280586396156,1.4629212512620038,0.0,0.20906117675129254,0.0,0.0,0.10434033092975227,0.9945416508831944
2026-09-17T02:13:09.345215,41.73,map,roomba,-2.077442926895637,1.4878227416342273,0.0,0.20916982974173154,0.0,0.0,0.10439436073799464,0.9945359809710785
2026-09-17T02:13:09.392630,41.77,map,roomba,-1.9991861077865538,1.5044237003401584,0.0,0.20920105517176116,0.0,0.0,0.10440988813211345,0.9945343509704627
2026-09-17T02:13:09.441364,41.83,map,roomba,-1.8818007943998443,1.5293251301608004,0.0,0.20953124153573627,0.0,0.0,0.10457407754907987,0.9945171000564842
2026-09-17T02:13:09.492164,41.88,map,roomba,-1.7840437533216602,1.5500733115990801,0.0,0.20902412056419403,0.0,0.0,0.10432190395109764,0.9945435839398985
2026-09-17T02:13:09.541598,41.93,map,roomba,-1.7212900520284204,1.4439779024715254,0.0,0.15022922048968215,0.0,0.0,0.07504399483496887,0.9971802238508389
2026-09-17T02:13:09.592784,41.97,map,roomba,-1.6421863410741304,1.4559092713190989,0.0,0.15020302215305287,0.0,0.0,0.07503093259693866,0.9971812067792061
2026-09-17T02:13:09.643465,42.03,map,roomba,-1.5235306955942782,1.4738062800762828,0.0,0.15014624043529828,0.0,0.0,0.0750026217357867,0.9971833365699402
2026-09-17T02:13:09.713110,42.07,map,roomba,-1.4444268673870821,1.48573750172224,0.0,0.1493216979223745,0.0,0.0,0.07459150534633475,0.9972141732497426
2026-09-17T02:13:09.763584,42.13,map,roomba,-1.3257710728841117,1.5036344384843616,0.0,0.14934910240539886,0.0,0.0,0.07460516940877322,0.9972131510853074
2026-09-17T02:13:09.824937,42.17,map,roomba,-1.2466671620675136,1.5155657040372157,0.0,0.1493631434487798,0.0,0.0,0.07461217036349183,0.9972126272935222
2026-09-17T02:13:09.875239,42.23,map,roomba,-1.349277568923898,1.511388805129834,0.0,0.16682957791315736,0.0,0.0,0.08331808887893949,0.996523003279684
2026-09-17T02:13:09.925588,42.27,map,roomba,-1.2703937999052757,1.5246985023301223,0.0,0.1668433888396818,0.0,0.0,0.08332497032994202,0.9965224279059224
2026-09-17T02:13:09.975775,42.33,map,roomba,-1.1520680805197951,1.5446630134157262,0.0,0.16685751828462775,0.0,0.0,0.0833320104822538,0.9965218392132635
2026-09-17T02:13:10.023625,42.37,map,roomba,-1.073184225488145,1.5579726680853794,0.0,0.1668683322227587,0.0,0.0,0.08333739864379337,0.9965213886250939
2026-09-17T02:13:10.075389,42.43,map,roomba,-0.9548583816819827,1.5779371208371922,0.0,0.16688776298940167,0.0,0.0,0.08334708022713871,0.9965205789232909
2026-09-17T02:13:10.137381,42.47,map,roomba,-0.8759744458469889,1.5912467352162816,0.0,0.16689795882424782,0.0,0.0,0.08335216040567739,0.9965201540138093
2026-09-17T02:13:10.186002,42.53,map,roomba,-0.7768720873834738,1.5964580147542051,0.0,0.156445879041707,0.0,0.0,0.07814319180064572,0.9969421455506872
2026-09-17T02:13:10.234073,42.57,map,roomba,-0.6978530508694796,1.608940962973307,0.0,0.1564493568766055,0.0,0.0,0.07814492540062035,0.9969420096646201
2026-09-17T02:13:10.284490,42.63,map,roomba,-0.5791775292400363,1.6266775351554186,0.0,0.1273841467519986,0.0,0.0,0.06364901904753302,0.9979723454957491
2026-09-17T02:13:10.333946,42.67,map,roomba,-0.5394217131342742,1.6304952048442605,0.0,0.05072367890424225,0.0,0.0,0.02535912065357365,0.9996784057884203
2026-09-17T02:13:10.401954,42.73,map,roomba,-0.5394213502226268,1.6304987810590248,0.0,-0.06572464722969275,0.0,0.0,-0.03285640908669257,0.9994600824354757
2026-09-17T02:13:10.450766,42.79,map,roomba,-0.5394204822223223,1.6305021269105389,0.0,-0.1845165625457052,0.0,0.0,-0.09212745950915385,0.9957472225441502
2026-09-17T02:13:10.502021,42.83,map,roomba,-0.529296851692818,1.6294653329767304,0.0,-0.27409142397593644,0.0,0.0,-0.13661712669968298,0.9906239249545322
2026-09-17T02:13:10.552411,42.89,map,roomba,-0.5292953137922476,1.6294681741946437,0.0,-0.39335276812201153,0.0,0.0,-0.1954108746009941,0.9807214640700358
2026-09-17T02:13:10.600532,42.93,map,roomba,-0.5292941155841344,1.6294698798162095,0.0,-0.47302081822279174,0.0,0.0,-0.23431161387956667,0.9721615439838962
2026-09-17T02:13:10.654381,42.99,map,roomba,-0.5292921025260373,1.6294721370508105,0.0,-0.5926692929287288,0.0,0.0,-0.2920165833962001,0.956413255356496
2026-09-17T02:13:10.700193,43.03,map,roomba,-0.5292906423531161,1.6294734334059253,0.0,-0.6725158790618452,0.0,0.0,-0.3299569204983973,0.9439959907834431
2026-09-17T02:13:10.778842,43.07,map,roomba,-0.5292891081566848,1.6294745590370718,0.0,-0.75239626459558,0.0,0.0,-0.3673871371585409,0.9300681111888803
2026-09-17T02:13:10.828065,43.13,map,roomba,-0.2692906572624132,1.6794768050800695,0.0,-0.405837267379804,0.0,0.0,-0.20152893589234322,0.9794825613547695
2026-09-17T02:13:10.879062,43.19,map,roomba,-0.2692898530550867,1.6794769571197996,0.0,-0.40457821907668284,0.0,0.0,-0.2009122880716414,0.9796092345939874
2026-09-17T02:13:10.925011,43.23,map,roomba,-0.26928933710247804,1.6794770472078486,0.0,-0.4045794851526394,0.0,0.0,-0.20091290820145052,0.9796091074086825
2026-09-17T02:13:10.975832,43.27,map,roomba,-0.2692888366047188,1.6794771290534367,0.0,-0.40457407153776376,0.0,0.0,-0.20091025658749642,0.979609651237648
2026-09-17T02:13:11.026889,43.33,map,roomba,-0.2692881139076251,1.6794772370179807,0.0,-0.40457897241376956,0.0,0.0,-0.20091265705961053,0.979609158916579
2026-09-17T02:13:11.078362,43.37,map,roomba,-0.26928765020877865,1.6794772995443967,0.0,-0.4045793078222881,0.0,0.0,-0.2009128213442361,0.9796091252226569
2026-09-17T02:13:11.125817,43.43,map,roomba,-0.26928698081351277,1.6794773798518836,0.0,-0.40458207453964834,0.0,0.0,-0.2009141764948304,0.9796088472872242
2026-09-17T02:13:11.176036,43.47,map,roomba,-0.26928655142172353,1.6794774247955502,0.0,-0.40457381233085954,0.0,0.0,-0.2009101296267022,0.9796096772763025
2026-09-17T02:13:11.225767,43.53,map,roomba,-0.2692859317064151,1.6794774799703678,0.0,-0.4045806665002781,0.0,0.0,-0.2009134868308684,0.9796089887345167
2026-09-17T02:13:11.276393,43.57,map,roomba,-0.26928553428227353,1.6794775089619236,0.0,-0.4045790819017937,0.0,0.0,-0.20091271068734592,0.9796091479178126
2026-09-17T02:13:11.325478,43.63,map,roomba,-0.26928496084972586,1.6794775413674294,0.0,-0.4045765780641162,0.0,0.0,-0.2009114842960416,0.9796093994434524
2026-09-17T02:13:11.378057,43.67,map,roomba,-0.26928459320157616,1.6794775559273614,0.0,-0.40458274860807447,0.0,0.0,-0.20091450665651597,0.9796087795722171
2026-09-17T02:13:11.425370,43.73,map,roomba,-0.269284062866876,1.6794775677725653,0.0,-0.4045760493957722,0.0,0.0,-0.20091122535179506,0.979609452551189
2026-09-17T02:13:11.486443,43.77,map,roomba,-0.26928377734186615,1.6794775010794307,0.0,-0.39361341309801273,0.0,0.0,-0.19553868300244115,0.980695989310485
2026-09-17T02:13:11.541578,43.83,map,roomba,-0.2692841172218663,1.6794763767450007,0.0,-0.26864650958663866,0.0,0.0,-0.13391969251224017,0.9909921876369293
2026-09-17T02:13:11.589789,43.87,map,roomba,-0.26928430851759044,1.6794755908178551,0.0,-0.18258940793099182,0.0,0.0,-0.09116793746081826,0.9958355321935145
2026-09-17T02:13:11.642356,43.93,map,roomba,-0.2692845028619937,1.679474417533502,0.0,-0.06258595479112361,0.0,0.0,-0.031287870368670374,0.9995104147370317
2026-09-17T02:13:11.687129,43.99,map,roomba,-0.26928458813198697,1.6794732636377656,0.0,0.05741409087256542,0.0,0.0,0.02870310271257165,0.9995879810675354
2026-09-17T02:13:11.742661,44.03,map,roomba,-0.2692845865157878,1.6794725091384883,0.0,0.13741859396582132,0.0,0.0,0.06865524734990852,0.9976404447551848
2026-09-17T02:13:11.788160,44.07,map,roomba,-0.2692844953855129,1.6794719788544352,0.0,0.19741814302009705,0.0,0.0,0.09854885459301217,0.9951322139587309
2026-09-17T02:13:11.854646,44.13,map,roomba,-0.2692843881595617,1.6794706911649744,0.0,0.33741364617748987,0.0,0.0,0.1679076724952262,0.9858027254563846
2026-09-17T02:13:11.906690,44.17,map,roomba,-0.2692842351257285,1.6794699969476738,0.0,0.417420331554737,0.0,0.0,0.20719822904682447,0.9782989798010931
2026-09-17T02:13:11.953951,44.23,map,roomba,-0.2692839318273115,1.6794689973275183,0.0,0.5374232284552171,0.0,0.0,0.2654895069428552,0.9641137493590887
2026-09-17T02:13:12.004169,44.27,map,roomba,-0.2692836830812464,1.6794683615023196,0.0,0.6174231910817775,0.0,0.0,0.3038313927684005,0.9527258182543464
2026-09-17T02:13:12.055113,44.33,map,roomba,-0.26928324489858557,1.6794674581264992,0.0,0.7374234397504326,0.0,0.0,0.36041403342774303,0.9327924337752455
2026-09-17T02:13:12.103836,44.37,map,roomba,-0.269282912329853,1.6794668918784836,0.0,0.817420766681999,0.0,0.0,0.39742626255508035,0.9176341132671019
2026-09-17T02:13:12.155394,44.43,map,roomba,-0.2692823580813948,1.6794661003290212,0.0,0.9374212333543765,0.0,0.0,0.45173633595186025,0.8921514909368184
2026-09-17T02:13:12.217741,44.47,map,roomba,-0.2692819548700083,1.6794656131902634,0.0,1.017426643232094,0.0,0.0,0.48705390160131945,0.8733719121513653
2026-09-17T02:13:12.266265,44.53,map,roomba,-0.2692813052227061,1.6794649463773172,0.0,1.1374264783637524,0.0,0.0,0.5385482770966046,0.8425946553570577
2026-09-17T02:13:12.321325,44.57,map,roomba,-0.26928084570290745,1.679464545968429,0.0,1.2174295036703504,0.0,0.0,0.571813536130598,0.8203836175215966
2026-09-17T02:13:12.366216,44.63,map,roomba,-0.26928012290854175,1.6794640137428942,0.0,1.3374278938493136,0.0,0.0,0.6199774375161174,0.7846196384050993
2026-09-17T02:13:12.418914,44.67,map,roomba,-0.2692796223510969,1.679463705519396,0.0,1.4174286888107854,0.0,0.0,0.650858240390223,0.7591992827421156
2026-09-17T02:13:12.466720,44.73,map,roomba,-0.26927884983802164,1.6794633143037636,0.0,1.5374325477202249,0.0,0.0,0.6952130645888689,0.7188037248268495
2026-09-17T02:13:12.516634,44.77,map,roomba,-0.2692783241304926,1.6794631013287074,0.0,1.6174282478051918,0.0,0.0,0.7233999662642117,0.6904292062253286
2026-09-17T02:13:12.569499,44.83,map,roomba,-0.26927752598002774,1.6794628538249086,0.0,1.7374324379943928,0.0,0.0,0.763500491338689,0.6458072465725206
2026-09-17T02:13:12.620605,44.87,map,roomba,-0.26927726307486344,1.6794628682681179,0.0,1.7722475698930973,0.0,0.0,0.7746261795031594,0.6324193877707569
2026-09-17T02:13:12.669182,44.93,map,roomba,-0.26927727623810904,1.6794630958302825,0.0,1.7618726115309968,0.0,0.0,0.7713351092603924,0.63642921776287
2026-09-17T02:13:12.717181,44.97,map,roomba,-0.27388960515830396,1.7038886716064727,0.0,1.760096037911744,0.0,0.0,0.770769473343042,0.6371141333878018
2026-09-17T02:13:12.767649,45.03,map,roomba,-0.29787958223300137,1.8309253235666958,0.0,1.759838604147349,0.0,0.0,0.7706874596133466,0.6372133391531647
2026-09-17T02:13:12.820059,45.09,map,roomba,-0.32014715227223256,1.9488391037439925,0.0,1.7594570107145868,0.0,0.0,0.7705658673735227,0.637360372190561
2026-09-17T02:13:12.892886,45.13,map,roomba,-0.3349921989156712,2.027448334208751,0.0,1.7591846291127609,0.0,0.0,0.7704790576080298,0.6374653102620113
2026-09-17T02:13:12.943152,45.17,map,roomba,-0.3498372519693609,2.1060575973822893,0.0,1.7589031319322508,0.0,0.0,0.7703893276329112,0.6375737477886858
2026-09-17T02:13:12.993761,45.23,map,roomba,-0.5556537984515558,2.1750536015381012,0.0,2.1179612032785484,0.0,0.0,0.8718566737683456,0.4897611054438649
2026-09-17T02:13:13.042662,45.26,map,roomba,-0.5867876543697131,2.2262865933790685,0.0,2.1169145640557843,0.0,0.0,0.8716002528038527,0.4902172980549138
2026-09-17T02:13:13.092569,45.33,map,roomba,-0.6595269901021322,2.3459604816571513,0.0,2.1173638755481714,0.0,0.0,0.8717103609408965,0.49002147568070115
2026-09-17T02:13:13.156204,45.37,map,roomba,-0.7010762932238118,2.4143232785408557,0.0,2.1171780444039876,0.0,0.0,0.8716648265523418,0.4901024690322178
2026-09-17T02:13:13.205596,45.43,map,roomba,-0.7634002750701051,2.516867519926512,0.0,2.116905529567982,0.0,0.0,0.8715980383638601,0.4902212352808384
2026-09-17T02:13:13.259976,45.47,map,roomba,-0.8049496194812783,2.585230373957385,0.0,2.116906969881479,0.0,0.0,0.8715983913997649,0.490220607593502
2026-09-17T02:13:13.310953,45.53,map,roomba,-0.7088398191745959,2.433828289762971,0.0,2.1727471179806117,0.0,0.0,0.8849439121829079,0.4656976189443209
2026-09-17T02:13:13.355870,45.57,map,roomba,-0.7541398354404842,2.4997657367077624,0.0,2.172740086629751,0.0,0.0,0.8849422749357619,0.4657007301170121
2026-09-17T02:13:13.406264,45.63,map,roomba,-0.8220898853810623,2.598671946740666,0.0,2.172744301192071,0.0,0.0,0.884943256296172,0.46569886529379445
2026-09-17T02:13:13.455356,45.67,map,roomba,-0.8673899337184046,2.6646094467612533,0.0,2.172746327276336,0.0,0.0,0.8849437280682894,0.465697968808752
2026-09-17T02:13:13.506246,45.73,map,roomba,-0.9353400296365098,2.763515734367548,0.0,2.172741521697833,0.0,0.0,0.884942609091661,0.46570009514068555
2026-09-17T02:13:13.555711,45.78,map,roomba,-0.9919427816322406,2.845911144825462,0.0,2.1727545625449456,0.0,0.0,0.8849456456347194,0.46569432493015156
2026-09-17T02:13:13.605297,45.83,map,roomba,-1.0142356307865616,2.8071216763458704,0.0,2.2146227703931793,0.0,0.0,0.8944999262399598,0.44706809543592624
2026-09-17T02:13:13.655673,45.87,map,roomba,-1.062256678052995,2.8711048408026754,0.0,2.2146272872261896,0.0,0.0,0.8945009359036443,0.4470660752813889
2026-09-17T02:13:13.704884,45.93,map,roomba,-1.1342882707920439,2.9670796198252365,0.0,2.2146256194329195,0.0,0.0,0.8945005630964374,0.44706682120255403
2026-09-17T02:13:13.755796,45.97,map,roomba,-1.1823093467540227,3.0310628267716853,0.0,2.2146273317618204,0.0,0.0,0.8945009458588289,0.4470660553628071
2026-09-17T02:13:13.807427,46.03,map,roomba,-1.254340981160061,3.127037667575239,0.0,2.212902446382878,0.0,0.0,0.8941150443872812,0.4478373448031442
2026-09-17T02:13:13.867768,46.07,map,roomba,-1.29924053713324,3.193236014953084,0.0,2.1379426389530547,0.0,0.0,0.8767061457989765,0.4810263339135436
2026-09-17T02:13:13.918529,46.13,map,roomba,-1.3561787544732815,3.288813063718031,0.0,2.011824227311865,0.0,0.0,0.84465058887837,0.53531802015944
2026-09-17T02:13:13.998973,46.17,map,roomba,-1.3869315332504124,3.362659293278135,0.0,1.928982748221291,0.0,0.0,0.8217591899249849,0.5698349180015495
2026-09-17T02:13:14.047847,46.23,map,roomba,-1.42176046131216,3.4774407903994415,0.0,1.806654545746892,0.0,0.0,0.7853908357944234,0.6190001898627635
2026-09-17T02:13:14.094287,46.27,map,roomba,-1.4372298213150603,3.5559228399546363,0.0,1.7258420368579723,0.0,0.0,0.7597451089672237,0.6502210158095333
2026-09-17T02:13:14.144936,46.33,map,roomba,-1.448561968384745,3.67533330376844,0.0,1.605529355057648,0.0,0.0,0.7192795162962432,0.6947207909920664
2026-09-17T02:13:14.209778,46.39,map,roomba,-1.4455184388662405,3.795240333754859,0.0,1.4855298454717,0.0,0.0,0.6763271401386445,0.7366013844080679
2026-09-17T02:13:14.257721,46.44,map,roomba,-1.4995530647292714,3.8875455001407095,0.0,1.5076825636457083,0.0,0.0,0.684444347327541,0.7290651105432056
2026-09-17T02:13:14.305986,46.47,map,roomba,-1.4940885136510387,3.9473127964890393,0.0,1.447680078131835,0.0,0.0,0.6622667666419622,0.7492681294447274
2026-09-17T02:13:14.355444,46.53,map,roomba,-1.4722359145698274,4.065248131957534,0.0,1.3276792066070628,0.0,0.0,0.6161455818538165,0.7876322885471505
2026-09-17T02:13:14.406957,46.57,map,roomba,-1.4498840636284394,4.142049575375434,0.0,1.247685158419748,0.0,0.0,0.5841582556706839,0.8116397799096492
2026-09-17T02:13:14.460711,46.63,map,roomba,-1.4050384786442036,4.253291276307608,0.0,1.127681796028701,0.0,0.0,0.5344364922363891,0.8452086344601929
2026-09-17T02:13:14.505613,46.67,map,roomba,-1.367875161903224,4.324120429937667,0.0,1.0476796418074805,0.0,0.0,0.5002087368302439,0.8659048559736178
2026-09-17T02:13:14.561059,46.73,map,roomba,-1.253283592790467,4.434870166686123,0.0,0.9311718148576538,0.0,0.0,0.4489464211420336,0.8935586779522428
2026-09-17T02:13:14.607523,46.77,map,roomba,-1.2030074015660173,4.497079619012177,0.0,0.851173609733909,0.0,0.0,0.4128553126859684,0.9107966242729335
2026-09-17T02:13:14.656194,46.83,map,roomba,-1.1186829263914406,4.582370071405462,0.0,0.7311710839282125,0.0,0.0,0.35749620191577924,0.9339145922490945
2026-09-17T02:13:14.705605,46.87,map,roomba,-1.0570508848002067,4.633350931064126,0.0,0.6511708851545206,0.0,0.0,0.319863526188498,0.9474636270666331
2026-09-17T02:13:14.755646,46.93,map,roomba,-0.9574642650032317,4.700188431751572,0.0,0.5311718505954136,0.0,0.0,0.26247469527023093,0.9649388759619956
2026-09-17T02:13:14.806207,46.99,map,roomba,-0.8505934278761131,4.754623585768244,0.0,0.4111745912699976,0.0,0.0,0.20414212300752868,0.9789412615749624
2026-09-17T02:13:14.857141,47.03,map,roomba,-0.7269044440318728,4.76497467703298,0.0,0.3346611981732514,0.0,0.0,0.16655082854344572,0.9860328704011301
2026-09-17T02:13:14.906037,47.07,map,roomba,-0.6503671592165805,4.788198201827287,0.0,0.2546604706685399,0.0,0.0,0.1269864468640355,0.9919044522094088
2026-09-17T02:13:14.955632,47.13,map,roomba,-0.5336578295121308,4.8161034096144375,0.0,0.2278822194679263,0.0,0.0,0.11369472819301896,0.9935157315217085
2026-09-17T02:13:15.015715,47.19,map,roomba,-0.416949227667077,4.844013461058887,0.0,0.23466425239382677,0.0,0.0,0.11706309625127875,0.9931244793559687
2026-09-17T02:13:15.075047,47.23,map,roomba,-0.33914336473103823,4.862619673943732,0.0,0.23466039967011007,0.0,0.0,0.11706118313394391,0.9931247048600096
2026-09-17T02:13:15.125591,47.27,map,roomba,-0.2613374599720535,4.881225749867522,0.0,0.2346584416334354,0.0,0.0,0.11706021084659049,0.9931248194645785
2026-09-17T02:13:15.177498,47.33,map,roomba,-0.12389266462258242,4.866009295955761,0.0,0.22768101868173007,0.0,0.0,0.113594779544727,0.9935271642286309
2026-09-17T02:13:15.239835,47.37,map,roomba,-0.04595868748870924,4.8840715068201215,0.0,0.22768231992345972,0.0,0.0,0.11359542595420574,0.9935270903212868
2026-09-17T02:13:15.290995,47.43,map,roomba,0.0709423489875185,4.911164584517465,0.0,0.22768478275799156,0.0,0.0,0.11359664940053282,0.9935269504371648
2026-09-17T02:13:15.340905,47.47,map,roomba,0.14887641932759177,4.929226480964059,0.0,0.22767826982476197,0.0,0.0,0.11359341401258552,0.9935273203555931
2026-09-17T02:13:15.394103,47.52,map,roomba,0.2462584961051011,4.95190627793419,0.0,0.22768256545198431,0.0,0.0,0.11359554792382522,0.9935270763758207
2026-09-17T02:13:15.441128,47.57,map,roomba,0.3437117493366939,4.974380701975467,0.0,0.22768396481660902,0.0,0.0,0.11359624307711962,0.9935269968947819
2026-09-17T02:13:15.490324,47.63,map,roomba,0.4742688781166948,4.944197220600304,0.0,0.18929374362886245,0.0,0.0,0.094505626834833,0.9955243274257818
2026-09-17T02:13:15.539719,47.67,map,roomba,0.5528389004467384,4.959254072306604,0.0,0.18928991597142336,0.0,0.0,0.09450372157161112,0.9955245082915415
2026-09-17T02:13:15.601394,47.73,map,roomba,0.6698942722342891,4.985554580824126,0.0,0.26340105428604177,0.0,0.0,0.13132013228378303,0.9913400137475384
2026-09-17T02:13:15.651855,47.77,map,roomba,0.7459651277834785,5.0103242476245695,0.0,0.347597140489284,0.0,0.0,0.1729249324567406,0.9849350068582351
2026-09-17T02:13:15.702512,47.83,map,roomba,0.8557541053537281,5.058667075837477,0.0,0.47213054434668883,0.0,0.0,0.23387884566681855,0.9722657484194105
2026-09-17T02:13:15.752224,47.88,map,roomba,0.9421521415559204,5.1089547089114005,0.0,0.5746196809468735,0.0,0.0,0.283373364612089,0.9590096643039756
2026-09-17T02:13:15.801852,47.93,map,roomba,1.0240619872673982,5.175803067569247,0.0,0.6711268920473162,0.0,0.0,0.32930124189200516,0.94422491604934
2026-09-17T02:13:15.854973,47.99,map,roomba,1.1138575102634007,5.255372129814637,0.0,0.7600559310149348,0.0,0.0,0.3709464398457374,0.9286542622342142
2026-09-17T02:13:15.902517,48.03,map,roomba,1.1724835341338222,5.309805164114615,0.0,0.7510807199265814,0.0,0.0,0.3667752846522434,0.9303095670626341
2026-09-17T02:13:15.951792,48.07,map,roomba,1.231109363208584,5.36423841603734,0.0,0.7483241145982361,0.0,0.0,0.3654926885186478,0.9308142105916791
2026-09-17T02:13:16.001798,48.13,map,roomba,1.319047934151917,5.445888494140813,0.0,0.7483228303270844,0.0,0.0,0.3654920908096533,0.9308144452873452
2026-09-17T02:13:16.052758,48.17,map,roomba,1.3776736848216213,5.50032184922906,0.0,0.7483224473656881,0.0,0.0,0.36549191257664676,0.9308145152720089
2026-09-17T02:13:16.130218,48.23,map,roomba,1.5006160797844816,5.542672192429921,0.0,0.662839507821237,0.0,0.0,0.32538584867357256,0.9455813288570047
2026-09-17T02:13:16.181347,48.27,map,roomba,1.5660014346283364,5.588753863425989,0.0,0.5862265922005152,0.0,0.0,0.28893413139529195,0.9573489790639818
2026-09-17T02:13:16.230041,48.32,map,roomba,1.6526528482566252,5.638600306069085,0.0,0.47414030861422146,0.0,0.0,0.23485573989822095,0.9720302368943361
2026-09-17T02:13:16.296865,48.37,map,roomba,1.7434573454962137,5.680457794670003,0.0,0.404237806765594,0.0,0.0,0.20074554964046232,0.9796434169122705
2026-09-17T02:13:16.347940,48.43,map,roomba,1.853303425935454,5.728766993197699,0.0,0.4143055016209147,0.0,0.0,0.20567436090561278,0.9786204868415885
2026-09-17T02:13:16.397777,48.47,map,roomba,1.9265343684006253,5.760972633219319,0.0,0.4143004273351736,0.0,0.0,0.20567187800495962,0.9786210086636772
2026-09-17T02:13:16.450714,48.53,map,roomba,2.005075581954928,5.860639453617331,0.0,0.515513514540533,0.0,0.0,0.2549120595856394,0.9669642402270145
2026-09-17T02:13:16.495906,48.57,map,roomba,2.074677876147684,5.900079235674857,0.0,0.5155174705723078,0.0,0.0,0.25491397225577045,0.9669637360050191
2026-09-17T02:13:16.547903,48.63,map,roomba,2.1790813676740055,5.959238834432389,0.0,0.5155161561808129,0.0,0.0,0.25491333677126016,0.9669639035331888
2026-09-17T02:13:16.596774,48.67,map,roomba,2.248683728691993,5.998678517385304,0.0,0.5155136013991113,0.0,0.0,0.25491210158020877,0.966964229156364
2026-09-17T02:13:16.647819,48.73,map,roomba,2.353087316764006,6.057837973123631,0.0,0.5155192827933306,0.0,0.0,0.25491484843167117,0.9669635050243924
2026-09-17T02:13:16.697406,48.77,map,roomba,2.422689740325229,6.097277563374865,0.0,0.5155132727414927,0.0,0.0,0.25491194268012496,0.9669642710457531
2026-09-17T02:13:16.749035,48.83,map,roomba,2.5262995285611787,6.157832247265755,0.0,0.5173403856016282,0.0,0.0,0.25579521261182986,0.9667309911267294
2026-09-17T02:13:16.799035,48.89,map,roomba,2.6335297173971752,6.211592417151304,0.0,0.41626684299873745,0.0,0.0,0.20663396627874844,0.9784183174797542
2026-09-17T02:13:16.847236,48.93,map,roomba,2.708230699347082,6.240207103161776,0.0,0.3324534756274702,0.0,0.0,0.16546228379316866,0.9862161186281376
2026-09-17T02:13:16.897766,48.97,map,roomba,2.7849787897748617,6.262760676058645,0.0,0.24953381362815036,0.0,0.0,0.12444345548505951,0.9922267011056183
2026-09-17T02:13:16.947735,49.03,map,roomba,2.902862641257024,6.284921941444818,0.0,0.12706553895152528,0.0,0.0,0.06349003735360575,0.9979824723695491
2026-09-17T02:13:17.001613,49.07,map,roomba,2.982560008413406,6.291779045537052,0.0,0.0462366886096855,0.0,0.0,0.023116285063132402,0.9997327829799721
2026-09-17T02:13:17.049180,49.13,map,roomba,3.0974945095115465,6.316663332718644,0.0,-0.014748805366084078,0.0,0.0,-0.007374335844323455,0.9999728092157582
2026-09-17T02:13:17.101496,49.17,map,roomba,3.177364713752805,6.312279294322808,0.0,-0.09474821067067292,0.0,0.0,-0.047356386993381905,0.9988780569273373
2026-09-17T02:13:17.148690,49.23,map,roomba,3.295874573560958,6.293782232112781,0.0,-0.21475030946837598,0.0,0.0,-0.10716894469917865,0.9942408245953614
2026-09-17T02:13:17.217174,49.27,map,roomba,3.3732806232974406,6.27361864716247,0.0,-0.2947501519129787,0.0,0.0,-0.14684217164715957,0.9891599348062708
2026-09-17T02:13:17.263831,49.33,map,roomba,3.4857519318640215,6.231947362208578,0.0,-0.41474846500339657,0.0,0.0,-0.20589110237976005,0.9785749097339698
2026-09-17T02:13:17.334234,49.39,map,roomba,3.592425146092249,6.177112412766412,0.0,-0.5347473855122177,0.0,0.0,-0.26419936122388105,0.9644680904669128
2026-09-17T02:13:17.380720,49.43,map,roomba,3.6784419134596105,6.1374820288709255,0.0,-0.5589100556147053,0.0,0.0,-0.2758318590624877,0.9612059017328867
2026-09-17T02:13:17.445084,49.47,map,roomba,3.7445041848655745,6.092385623103283,0.0,-0.6389079457126483,0.0,0.0,-0.31404820544453815,0.9494070384492972
2026-09-17T02:13:17.494405,49.53,map,roomba,3.83631837266676,6.0152125912093,0.0,-0.7589074722003508,0.0,0.0,-0.37041311813063277,0.9288671174698466
2026-09-17T02:13:17.544271,49.57,map,roomba,3.892104149906878,5.9578915652874365,0.0,-0.8389028320611359,0.0,0.0,-0.4072594857727682,0.9133124937545202
2026-09-17T02:13:17.594735,49.63,map,roomba,3.955105627448148,5.880275791532087,0.0,-0.9389103504205686,0.0,0.0,-0.45240046968193237,0.8918148995344084
2026-09-17T02:13:17.677982,49.67,map,roomba,4.0100387819875944,5.796753249063736,0.0,-1.0389101311928979,0.0,0.0,-0.49640715956492676,0.8680898178948313
2026-09-17T02:13:17.729444,49.73,map,roomba,4.044552442704153,5.639921574580762,0.0,-1.1589106241866516,0.0,0.0,-0.5475682444293932,0.836761027828443
2026-09-17T02:13:17.777521,49.77,map,roomba,4.073612787342069,5.565403661907101,0.0,-1.238906250688543,0.0,0.0,-0.5805899841730592,0.8141960883459997
2026-09-17T02:13:17.842175,49.84,map,roomba,4.10978514668447,5.43027281482121,0.0,-1.3789098234360886,0.0,0.0,-0.6361166905131516,0.7715928693622015
2026-09-17T02:13:17.890778,49.89,map,roomba,4.123957016692745,5.3313178154874015,0.0,-1.4789077619755608,0.0,0.0,-0.6738845193765176,0.7388366900368984
2026-09-17T02:13:17.938625,49.93,map,roomba,4.128101758010294,5.251442500069703,0.0,-1.55890600195021,0.0,0.0,-0.7028904449943367,0.7112981247941422
2026-09-17T02:13:17.990295,49.99,map,roomba,4.125329131535569,5.131482138410257,0.0,-1.6080711839347037,0.0,0.0,-0.7201618658440578,0.6938060874509572
2026-09-17T02:13:18.038460,50.03,map,roomba,4.083087091849141,5.0215136216188965,0.0,-1.5997559630883647,0.0,0.0,-0.717271074482722,0.6967942348429711
2026-09-17T02:13:18.089586,50.07,map,roomba,4.080844460072107,4.941545119975014,0.0,-1.598906180151101,0.0,0.0,-0.7169749478203912,0.6970989342969528
2026-09-17T02:13:18.140052,50.13,map,roomba,4.077480038834301,4.8215923780901795,0.0,-1.5989080668365814,0.0,0.0,-0.7169756054232909,0.6970982579435308
2026-09-17T02:13:18.200249,50.17,map,roomba,4.075236882442512,4.741623887603032,0.0,-1.5989075381021427,0.0,0.0,-0.716975421133338,0.6970984474883536
2026-09-17T02:13:18.263202,50.23,map,roomba,4.071871843738145,4.621671157854936,0.0,-1.598889630814106,0.0,0.0,-0.7169691795332542,0.6971048670031018
2026-09-17T02:13:18.335273,50.27,map,roomba,4.070798733521077,4.541679096757749,0.0,-1.563389726893781,0.0,0.0,-0.7044833098863659,0.7097205549309888
2026-09-17T02:13:18.381705,50.33,map,roomba,4.019710278960305,4.42251800486203,0.0,-1.482059542118405,0.0,0.0,-0.6750480075266491,0.7377738051288493
2026-09-17T02:13:18.466552,50.37,map,roomba,4.030557046197877,4.343252854646645,0.0,-1.3988614470840561,0.0,0.0,-0.6437821762222822,0.7652088012944588
2026-09-17T02:13:18.541235,50.43,map,roomba,4.052966762281664,4.245808358646985,0.0,-1.295968922529319,0.0,0.0,-0.6035806398367448,0.7973019573626204
2026-09-17T02:13:18.621119,50.47,map,roomba,4.084999057328343,4.151090472865972,0.0,-1.1950832861498215,0.0,0.0,-0.5626117997014505,0.8267212122818036
2026-09-17T02:13:18.667875,50.53,map,roomba,4.135655864933614,4.042353431279595,0.0,-1.0749710360253486,0.0,0.0,-0.5119776755537992,0.8589987542101145
2026-09-17T02:13:18.744169,50.57,map,roomba,4.176508068929347,3.9735735318199534,0.0,-0.9949677421884915,0.0,0.0,-0.47721591248504386,0.878786079129083
2026-09-17T02:13:18.793873,50.63,map,roomba,4.19362310163904,3.867531381172915,0.0,-0.9831622866885477,0.0,0.0,-0.472020394031094,0.8815876290073101
2026-09-17T02:13:18.844373,50.67,map,roomba,4.240607122834946,3.802787751990981,0.0,-0.9031607712445738,0.0,0.0,-0.436388043984128,0.8997585648759931
2026-09-17T02:13:18.908291,50.73,map,roomba,4.320398369953921,3.7132239124048763,0.0,-0.7862239005453069,0.0,0.0,-0.383064840563127,0.9237214558103249
2026-09-17T02:13:18.968964,50.77,map,roomba,4.375952852382813,3.655659223091205,0.0,-0.7963919023253634,0.0,0.0,-0.38775607049586713,0.9217620244909226
2026-09-17T02:13:19.018603,50.83,map,roomba,4.375911070930459,3.655704137835391,0.0,-0.7987088272509748,0.0,0.0,-0.3888236367709024,0.9213122052204938
2026-09-17T02:13:19.068721,50.87,map,roomba,4.375912050911587,3.6557030052932395,0.0,-0.7996953519700869,0.0,0.0,-0.3892780380828066,0.9211203010825464
2026-09-17T02:13:19.124866,50.93,map,roomba,4.42591345245912,3.6657013373839105,0.0,-0.8007072807983002,0.0,0.0,-0.389744042328795,0.9209232223530963
2026-09-17T02:13:19.206785,50.97,map,roomba,4.425914341925584,3.665700244859905,0.0,-0.8011712897306194,0.0,0.0,-0.3899576901382588,0.9208327752105883
2026-09-17T02:13:19.308154,51.03,map,roomba,4.425915610626712,3.6656986338600737,0.0,-0.8016610142764005,0.0,0.0,-0.3901831556518454,0.9207372616797735
2026-09-17T02:13:19.403458,51.07,map,roomba,4.425916414049631,3.6656975778628658,0.0,-0.8019007179025964,0.0,0.0,-0.3902935048793958,0.9206904909082949
2026-09-17T02:13:19.479916,51.13,map,roomba,4.425917557981119,3.6656960202218754,0.0,-0.8021702486093112,0.0,0.0,-0.3904175785141633,0.9206378845057035
2026-09-17T02:13:19.561621,51.17,map,roomba,4.4259182812373545,3.6656949990952006,0.0,-0.80230516208593,0.0,0.0,-0.39047968085468876,0.9206115461146577
2026-09-17T02:13:19.607542,51.23,map,roomba,4.68591998262821,3.445694046718458,0.0,-0.6837977945981084,0.0,0.0,-0.33527668410748274,0.94211970847334
2026-09-17T02:13:19.689773,51.27,map,roomba,4.685920744159804,3.4456931433076825,0.0,-0.6844495730091561,0.0,0.0,-0.33558369294152646,0.9420103953947256
2026-09-17T02:13:19.762240,51.33,map,roomba,4.685921833479681,3.445691808991196,0.0,-0.6845019272939752,0.0,0.0,-0.33560835196681693,0.9420016104498532
2026-09-17T02:13:19.850650,51.37,map,roomba,4.685922524433656,3.445690931688329,0.0,-0.6844978284597225,0.0,0.0,-0.3356064214118787,0.9420022982493792
2026-09-17T02:13:19.924371,51.43,map,roomba,4.68592351031235,3.4456896342033723,0.0,-0.6844977748411355,0.0,0.0,-0.3356063961574625,0.9420023072467499
2026-09-17T02:13:19.996185,51.47,map,roomba,4.685924135189798,3.4456887815925725,0.0,-0.6844965317229513,0.0,0.0,-0.33560581064729883,0.9420025158457749
2026-09-17T02:13:20.064252,51.53,map,roomba,4.6859250261251395,3.445687521328775,0.0,-0.684498198324403,0.0,0.0,-0.33560659561856243,0.9420022361848822
2026-09-17T02:13:20.154528,51.57,map,roomba,4.685925590394891,3.4456866936356114,0.0,-0.684503855127398,0.0,0.0,-0.33560925997775554,0.9420012869509167
2026-09-17T02:13:20.216477,51.64,map,roomba,4.685936732948533,3.445641056281092,0.0,-0.6844994637805932,0.0,0.0,-0.3356071916497758,0.9420020238369717
2026-09-17T02:13:20.298138,51.67,map,roomba,4.6859269030464334,3.4456846682537012,0.0,-0.6845018132053611,0.0,0.0,-0.33560829823098737,0.9420016295943976
2026-09-17T02:13:20.368562,51.73,map,roomba,4.685927627243843,3.445683483140053,0.0,-0.6845022390210698,0.0,0.0,-0.3356084987905255,0.9420015581407336
2026-09-17T02:13:20.467436,51.79,map,roomba,4.692135922383609,3.44061609697072,0.0,-0.6845316684025398,0.0,0.0,-0.3356223600157916,0.9419966196634839
2026-09-17T02:13:20.544052,51.83,map,roomba,4.704531885936061,3.4304989612331465,0.0,-0.6845925719258802,0.0,0.0,-0.33565104531673035,0.9419863989346058
2026-09-17T02:13:20.649132,51.86,map,roomba,4.713827215461441,3.422878785220737,0.0,-0.6844994640062895,0.0,0.0,-0.33560719175607895,0.9420020237990991
2026-09-17T02:13:20.770871,51.93,map,roomba,4.735521724848129,3.4052061612630418,0.0,-0.6844982202904805,0.0,0.0,-0.3356066059646095,0.9420022324989019
2026-09-17T02:13:20.870998,51.97,map,roomba,4.747917641217444,3.3950890506676537,0.0,-0.6844968216404573,0.0,0.0,-0.3356059471988053,0.9420024671967652
2026-09-17T02:13:20.918773,52.03,map,roomba,4.766511496449208,3.3799133949163362,0.0,-0.6844982632474581,0.0,0.0,-0.3356066261973939,0.942002225290579
2026-09-17T02:13:20.985046,52.07,map,roomba,4.778907387768017,3.369796298060562,0.0,-0.6844990315625659,0.0,0.0,-0.33560698807463973,0.9420020963646889
2026-09-17T02:13:21.051844,52.13,map,roomba,4.797501207327739,3.3546206631787,0.0,-0.6844970558341132,0.0,0.0,-0.3356060575043039,0.9420024278983669
2026-09-17T02:13:21.132185,52.17,map,roomba,4.8098970760731525,3.3445035803744894,0.0,-0.6844984073977974,0.0,0.0,-0.33560669409236316,0.942002201101672
2026-09-17T02:13:21.199495,52.23,map,roomba,4.825391924144329,3.331857105996937,0.0,-0.6844994565646334,0.0,0.0,-0.33560718825105146,0.9420020250478357
2026-09-17T02:13:21.262794,52.27,map,roomba,4.840886712545655,3.3192108989466735,0.0,-0.6844982967085734,0.0,0.0,-0.33560664195761636,0.9420022196756929
2026-09-17T02:13:21.345737,52.33,map,roomba,4.840877321551365,3.319217903733737,0.0,-0.6846086525908185,0.0,0.0,-0.3356586191897097,0.9419837001581596
2026-09-17T02:13:21.514824,52.39,map,roomba,4.84087776386134,3.319216884764529,0.0,-0.6845011178549556,0.0,0.0,-0.3356079707203595,0.9420017462770238
2026-09-17T02:13:21.598544,52.43,map,roomba,4.840878043153243,3.319216218807002,0.0,-0.6845026414316316,0.0,0.0,-0.3356086883262068,0.9420014906145122
2026-09-17T02:13:21.725748,52.49,map,roomba,4.840878440019846,3.319215239852138,0.0,-0.6845007171354889,0.0,0.0,-0.33560778198113406,0.9420018135193284
2026-09-17T02:13:21.820331,52.53,map,roomba,4.960878796507745,3.2492146464803096,0.0,-0.6565810926129808,0.0,0.0,-0.32242534013982677,0.9465948975331089
2026-09-17T02:13:21.917134,52.59,map,roomba,4.960879178245853,3.249213717111717,0.0,-0.6565795720904665,0.0,0.0,-0.32242462048030673,0.9465951426603297
2026-09-17T02:13:21.981685,52.63,map,roomba,4.960879419569623,3.249213110041916,0.0,-0.6565792368349617,0.0,0.0,-0.322424461804686,0.9465951967076309
2026-09-17T02:13:22.032801,52.67,map,roomba,4.960879650809035,3.249212512874486,0.0,-0.6565825674098541,0.0,0.0,-0.3224260381573367,0.9465946597769098
2026-09-17T02:13:22.104941,52.73,map,roomba,4.960879979565915,3.2492116354837925,0.0,-0.6565763255043873,0.0,0.0,-0.32242308387857554,0.9465956660487249
2026-09-17T02:13:22.171953,52.77,map,roomba,4.960880187189481,3.24921106266091,0.0,-0.6565766944958291,0.0,0.0,-0.32242325852141984,0.9465956065630294
2026-09-17T02:13:22.244376,52.83,map,roomba,4.96088048215989,3.2492102213467344,0.0,-0.6565812174265212,0.0,0.0,-0.3224253992137564,0.946594877411583
2026-09-17T02:13:22.326889,52.89,map,roomba,4.960880758355771,3.2492094012507877,0.0,-0.6565792616428949,0.0,0.0,-0.3224244735462212,0.9465951927082886
2026-09-17T02:13:22.388830,52.93,map,roomba,4.960880932575167,3.249208866140874,0.0,-0.6565796051927448,0.0,0.0,-0.3224246361475347,0.9465951373238349
2026-09-17T02:13:22.467497,52.97,map,roomba,4.960881099219776,3.2492083402168976,0.0,-0.6565796618979692,0.0,0.0,-0.3224246629859794,0.9465951281822539
2026-09-17T02:13:22.518601,53.03,map,roomba,4.960881335609511,3.2492075683304567,0.0,-0.6565784692588327,0.0,0.0,-0.32242409851272386,0.9465953204502214
2026-09-17T02:13:22.602491,53.07,map,roomba,4.960881484558462,3.2492070649297595,0.0,-0.6565802310433191,0.0,0.0,-0.32242493236107406,0.9465950364289667
2026-09-17T02:13:22.672678,53.13,map,roomba,4.960881695676644,3.2492063263570934,0.0,-0.6565768810528284,0.0,0.0,-0.3224233468184365,0.9465955764878675
2026-09-17T02:13:22.766134,53.17,map,roomba,4.960881828589302,3.2492058448452017,0.0,-0.6565785072046578,0.0,0.0,-0.32242411647239405,0.946595314332897
2026-09-17T02:13:22.815388,53.23,map,roomba,4.960882016822808,3.2492051386320515,0.0,-0.65657796073823,0.0,0.0,-0.32242385783110206,0.9465954024298392
2026-09-17T02:13:22.889604,53.27,map,roomba,4.9608821352254555,3.249204678372653,0.0,-0.6565790675707994,0.0,0.0,-0.32242438169236337,0.9465952239950808
2026-09-17T02:13:22.970159,53.33,map,roomba,4.979902044826548,3.2345466561399725,0.0,-0.6566790684766327,0.0,0.0,-0.3224717114792344,0.946579101446706
2026-09-17T02:13:23.043742,53.39,map,roomba,4.998911873977249,3.2198964118466105,0.0,-0.6565813541682164,0.0,0.0,-0.3224254639332497,0.946594855367083
2026-09-17T02:13:23.094172,53.43,map,roomba,5.008416759051038,3.2125712291155093,0.0,-0.6565790510948559,0.0,0.0,-0.32242437389433865,0.9465952266512038
2026-09-17T02:13:23.185886,53.47,map,roomba,5.024258317825309,3.200362765627041,0.0,-0.6565814790153492,0.0,0.0,-0.3224255230230759,0.9465948352401338
2026-09-17T02:13:23.244065,53.53,map,roomba,5.043268154148797,3.185712540046831,0.0,-0.6565790985398352,0.0,0.0,-0.3224243963499341,0.9465952190024945
2026-09-17T02:13:23.323297,53.57,map,roomba,5.055941380000806,3.175945727234142,0.0,-0.6565739114554456,0.0,0.0,-0.3224219413142078,0.9465960552205875
2026-09-17T02:13:23.372076,53.63,map,roomba,5.074951221211231,3.1612955142422656,0.0,-0.6565822236951628,0.0,0.0,-0.3224258754780863,0.946594715188179
2026-09-17T02:13:23.466694,53.67,map,roomba,5.087624450568386,3.15152871001278,0.0,-0.6565800546619919,0.0,0.0,-0.3224248488802283,0.9465950648638318
2026-09-17T02:13:23.518958,53.73,map,roomba,5.106634297258209,3.1368785099951513,0.0,-0.6565801925719473,0.0,0.0,-0.32242491415266916,0.9465950426310312
2026-09-17T02:13:23.571350,53.79,map,roomba,5.125644147381614,3.122228317777509,0.0,-0.6565762011323446,0.0,0.0,-0.3224230250135567,0.9465956860989317
2026-09-17T02:13:23.631511,53.83,map,roomba,5.1383173825790855,3.112461527074297,0.0,-0.6565756344853816,0.0,0.0,-0.3224227568207584,0.9465957774489078
2026-09-17T02:13:23.719543,53.88,map,roomba,5.154153506283383,3.100243895096968,0.0,-0.6565794638344463,0.0,0.0,-0.3224245692429949,0.9465951601125315
2026-09-17T02:13:23.789428,53.93,map,roomba,5.170000477510161,3.088044565346584,0.0,-0.6565771202590235,0.0,0.0,-0.32242346003419725,0.9465955379250298
2026-09-17T02:13:23.855506,53.97,map,roomba,5.182673718320813,3.0782777866599353,0.0,-0.6565806122452666,0.0,0.0,-0.3224251127830039,0.9465949749744434
2026-09-17T02:13:23.905739,54.03,map,roomba,5.2016835825308485,3.0736276248995216,0.0,-0.6565804999737632,0.0,0.0,-0.3224250596451829,0.9465949930740181
2026-09-17T02:13:23.979649,54.07,map,roomba,5.214356827333921,3.06386085452651,0.0,-0.6565772764204574,0.0,0.0,-0.32242353394505446,0.946595512749972
2026-09-17T02:13:24.030655,54.13,map,roomba,5.233366697548762,3.0492107051114017,0.0,-0.656580424216506,0.0,0.0,-0.3224250237894625,0.9465950052870364
2026-09-17T02:13:24.105040,54.17,map,roomba,5.246039946446715,3.0394439429929605,0.0,-0.6565779507230315,0.0,0.0,-0.3224238530909316,0.9465954040444087
2026-09-17T02:13:24.154506,54.23,map,roomba,5.265049822775277,3.024793805785433,0.0,-0.6565821689072042,0.0,0.0,-0.32242584954709014,0.9465947240207063
2026-09-17T02:13:24.235080,54.27,map,roomba,5.2777230755925375,3.015027051513499,0.0,-0.6565769182267677,0.0,0.0,-0.32242336441277963,0.9465955704949944
2026-09-17T02:13:24.285448,54.32,map,roomba,5.293560430072866,3.002811546159303,0.0,-0.656579463854204,0.0,0.0,-0.3224245692523461,0.9465951601093463
2026-09-17T02:13:24.365220,54.37,map,roomba,5.309406215020862,2.9906101799806706,0.0,-0.6565795290104451,0.0,0.0,-0.3224246000906372,0.9465951496053593
2026-09-17T02:13:24.432966,54.43,map,roomba,5.328416103519318,2.9759600663437897,0.0,-0.6565816536867382,0.0,0.0,-0.32242560569459205,0.9465948070808732
2026-09-17T02:13:24.513461,54.49,map,roomba,5.34742599559438,2.9613099594961128,0.0,-0.6565794153956908,0.0,0.0,-0.322424546317049,0.9465951679214537
2026-09-17T02:13:24.584464,54.53,map,roomba,5.360099259013753,2.9515432253933955,0.0,-0.6565769846615925,0.0,0.0,-0.3224233958562349,0.946595559784924
2026-09-17T02:13:24.651515,54.57,map,roomba,5.3727725240946596,2.9417764943428715,0.0,-0.6565809582361078,0.0,0.0,-0.3224252765395949,0.9465949191963613
2026-09-17T02:13:24.712410,54.63,map,roomba,5.3815859874546375,2.916872425175729,0.0,-0.660070777157352,0.0,0.0,-0.32407650728585824,0.9460308755137958
2026-09-17T02:13:24.788070,54.67,map,roomba,5.3942250936175675,2.9070615313962893,0.0,-0.6600710420095705,0.0,0.0,-0.3240766325650435,0.9460308325975966
2026-09-17T02:13:24.852905,54.73,map,roomba,5.413183755654285,2.892345195849048,0.0,-0.6600678965603162,0.0,0.0,-0.32407514471865423,0.9460313422797277
2026-09-17T02:13:24.934367,54.77,map,roomba,5.4258228655569,2.8825343088906443,0.0,-0.6600649997925988,0.0,0.0,-0.3240737745017883,0.946031811663944
2026-09-17T02:13:25.024146,54.83,map,roomba,5.44478153332582,2.867817983639565,0.0,-0.6600691713276423,0.0,0.0,-0.3240757477035107,0.9460311357193327
2026-09-17T02:13:25.105087,54.87,map,roomba,5.457420647160095,2.8580071036267487,0.0,-0.6600681198051841,0.0,0.0,-0.3240752503169732,0.9460313061056653
2026-09-17T02:13:25.172431,54.93,map,roomba,5.450570139288864,2.855561508487874,0.0,-0.6401592416366234,0.0,0.0,-0.31464213851970274,0.9492103690266707
2026-09-17T02:13:25.265632,54.97,map,roomba,5.450570087129153,2.855561060775109,0.0,-0.6196288708547724,0.0,0.0,-0.30488191182034935,0.952390161564455
2026-09-17T02:13:25.310190,55.03,map,roomba,5.450570024398589,2.8555604036162148,0.0,-0.5850665028830259,0.0,0.0,-0.2883787776583662,0.9575164127033367
2026-09-17T02:13:25.397703,55.07,map,roomba,5.450569993300437,2.8555599761209898,0.0,-0.565072992317021,0.0,0.0,-0.2787924703677675,0.9603513723977477
2026-09-17T02:13:25.471901,55.12,map,roomba,5.450577450945122,2.855549434367326,0.0,-0.5400694640374397,0.0,0.0,-0.2667649102367578,0.9637616316633354
2026-09-17T02:13:25.553742,55.16,map,roomba,5.450577450945314,2.855549434366395,0.0,-0.5200694640444237,0.0,0.0,-0.2571141164152743,0.9663810486241918
2026-09-17T02:13:25.612337,55.23,map,roomba,5.450569954622624,2.855558361328443,0.0,-0.4850687705932567,0.0,0.0,-0.24016360507880388,0.9707324259524621
2026-09-17T02:13:25.669751,55.29,map,roomba,5.450569972262761,2.8555577945446746,0.0,-0.45506881376398284,0.0,0.0,-0.22557616785039555,0.9742255347186966
2026-09-17T02:13:25.779793,55.33,map,roomba,5.4505699928314435,2.8555574282575584,0.0,-0.4350721016501571,0.0,0.0,-0.21582440135816194,0.9764321931288372
2026-09-17T02:13:25.850641,55.39,map,roomba,5.457902296364248,2.8523258929511233,0.0,-0.41009464021312847,0.0,0.0,-0.203613488946968,0.979051350603656
2026-09-17T02:13:25.904164,55.43,map,roomba,5.472543609850851,2.8458737595383976,0.0,-0.41021164081723965,0.0,0.0,-0.20367076339826187,0.9790394374777602
2026-09-17T02:13:25.981773,55.47,map,roomba,5.487184999647453,2.8394218396573336,0.0,-0.4122275498348229,0.0,0.0,-0.20465748698453687,0.9788336493098172
2026-09-17T02:13:26.049135,55.53,map,roomba,5.509146952207399,2.829743602481985,0.0,-0.41506756024062,0.0,0.0,-0.20604722905505435,0.9785420478440024
2026-09-17T02:13:26.111340,55.57,map,roomba,5.523788263075557,2.823291473281019,0.0,-0.4150703812133016,0.0,0.0,-0.2060486092750418,0.9785417572162269
2026-09-17T02:13:26.174609,55.63,map,roomba,5.542089884156191,2.815226295140075,0.0,-0.41506910618455356,0.0,0.0,-0.20604798544056413,0.9785418885749783
2026-09-17T02:13:26.239467,55.69,map,roomba,5.5677122103739265,2.8039350956542997,0.0,-0.4150697463277061,0.0,0.0,-0.2060482986439982,0.9785418226248246
2026-09-17T02:13:26.288450,55.73,map,roomba,5.602223540266644,2.807189384807648,0.0,-0.41856198623082486,0.0,0.0,-0.20775663506181466,0.9781805460076335
2026-09-17T02:13:26.339083,55.77,map,roomba,5.616842255978447,2.800686204888473,0.0,-0.4185595561083018,0.0,0.0,-0.20775544651237302,0.9781807984439504
2026-09-17T02:13:26.387980,55.83,map,roomba,5.638770333492765,2.7909314374195375,0.0,-0.4185615839249905,0.0,0.0,-0.20775643829794005,0.9781805877984668
2026-09-17T02:13:26.440208,55.89,map,roomba,5.660698415806444,2.7811766732419265,0.0,-0.4185563531587932,0.0,0.0,-0.20775387998025283,0.9781811311577988
2026-09-17T02:13:26.488066,55.93,map,roomba,5.675317139901642,2.774673498835025,0.0,-0.41856133439909016,0.0,0.0,-0.20775631625724256,0.9781806137187654
2026-09-17T02:13:26.540981,55.99,map,roomba,5.69724522984246,2.7649187399223933,0.0,-0.41855619224237234,0.0,0.0,-0.20775380127754883,0.978181147873301
2026-09-17T02:13:26.587781,56.03,map,roomba,5.721993949135205,2.7687091573019593,0.0,-0.415067029180208,0.0,0.0,-0.20604696922257554,0.9785421025557312
2026-09-17T02:13:26.637265,56.07,map,roomba,5.736635287061155,2.7622570465413894,0.0,-0.4150707573408065,0.0,0.0,-0.20604879330327291,0.978541718465935
2026-09-17T02:13:26.687586,56.13,map,roomba,5.7585972974447,2.752578882943217,0.0,-0.41506712167470616,0.0,0.0,-0.2060470144774557,0.9785420930266245
2026-09-17T02:13:26.739149,56.17,map,roomba,5.773238639932801,2.746126775456448,0.0,-0.4150708399240773,0.0,0.0,-0.20604883370886065,0.9785417099578425
2026-09-17T02:13:26.787778,56.23,map,roomba,5.795200656999168,2.7364486167351654,0.0,-0.41507134587924815,0.0,0.0,-0.206049081257973,0.9785416578320747
2026-09-17T02:13:26.838980,56.27,map,roomba,5.809842003915691,2.72999651265258,0.0,-0.41506932294049836,0.0,0.0,-0.20604809149294867,0.9785418662439096
2026-09-17T02:13:26.890141,56.33,map,roomba,5.831804027349868,2.7203183587238726,0.0,-0.4150717232359537,0.0,0.0,-0.20604926588759748,0.9785416189550561
2026-09-17T02:13:26.943751,56.39,map,roomba,5.853766054351388,2.710640207382287,0.0,-0.4150709450166923,0.0,0.0,-0.20604888512761385,0.9785416991307357
2026-09-17T02:13:26.987388,56.43,map,roomba,5.868407407687951,2.7041881080730032,0.0,-0.41506920958489457,0.0,0.0,-0.20604803603134625,0.9785418779222609
2026-09-17T02:13:27.058660,56.47,map,roomba,5.883048762596212,2.697736010032445,0.0,-0.4150683346734443,0.0,0.0,-0.20604760796257984,0.9785419680590604
2026-09-17T02:13:27.107156,56.53,map,roomba,5.905010797623197,2.688057864834967,0.0,-0.4150707253689247,0.0,0.0,-0.2060487776603628,0.9785417217598187
2026-09-17T02:13:27.159141,56.57,map,roomba,5.919652156078907,2.68160576934787,0.0,-0.4150683462764461,0.0,0.0,-0.20604761363959193,0.9785419668636749
2026-09-17T02:13:27.206192,56.63,map,roomba,5.931484206558938,2.6616340393827063,0.0,-0.41855744110454995,0.0,0.0,-0.20775441208422754,0.978181018145178
2026-09-17T02:13:27.256940,56.67,map,roomba,5.946102961529284,2.655130887585167,0.0,-0.41856598717170695,0.0,0.0,-0.20775859188266718,0.9781801303946688
2026-09-17T02:13:27.308966,56.73,map,roomba,5.942436733611625,2.6567610986806027,0.0,-0.3886093392871828,0.0,0.0,-0.19308433595013114,0.9811821641319703
2026-09-17T02:13:27.356747,56.77,map,roomba,5.942436873098707,2.6567607649799596,0.0,-0.3657702267701966,0.0,0.0,-0.1818673249850856,0.9833230781908707
2026-09-17T02:13:27.406785,56.83,map,roomba,5.942437086772698,2.6567602810032476,0.0,-0.3335624060673738,0.0,0.0,-0.16600908086811209,0.986124223954226
2026-09-17T02:13:27.456556,56.87,map,roomba,5.942437232809246,2.6567599716087686,0.0,-0.31355940561798956,0.0,0.0,-0.15613822077232828,0.9877352155380771
2026-09-17T02:13:27.506365,56.93,map,roomba,5.942437536539899,2.6567597164025614,0.0,-0.304500681726419,0.0,0.0,-0.15166282417693328,0.9884322878997208
2026-09-17T02:13:27.556691,56.97,map,roomba,5.942437682737212,2.656759430197429,0.0,-0.28450057821287017,0.0,0.0,-0.1417710317238071,0.9898994769995423
2026-09-17T02:13:27.606792,57.03,map,roomba,5.942437906065928,2.6567590197993063,0.0,-0.2545025499429387,0.0,0.0,-0.12690812533284324,0.991914476013181
2026-09-17T02:13:27.657024,57.07,map,roomba,5.942438057270314,2.6567587585094987,0.0,-0.23450075359940115,0.0,0.0,-0.11698190853266031,0.9931340458750049
2026-09-17T02:13:27.708632,57.13,map,roomba,5.942438286952761,2.656758384531596,0.0,-0.2044976789238456,0.0,0.0,-0.10207076694984098,0.9947771401345485
2026-09-17T02:13:27.756657,57.17,map,roomba,5.9424384416582585,2.65675814688983,0.0,-0.1844982059174267,0.0,0.0,-0.09211832022446172,0.9957480680769727
2026-09-17T02:13:27.806150,57.23,map,roomba,5.942438675549184,2.6567578074346514,0.0,-0.1545018155110421,0.0,0.0,-0.07717409560294515,0.9970176322251615
2026-09-17T02:13:27.858192,57.27,map,roomba,5.94243883211654,2.6567575901682847,0.0,-0.13453848515997638,0.0,0.0,-0.06721852014432451,0.9977382775806524
2026-09-17T02:13:27.907126,57.33,map,roomba,5.970179213493694,2.6528621928587235,0.0,-0.13463326718683016,0.0,0.0,-0.06726580389693285,0.9977350909064486
2026-09-17T02:13:27.956609,57.37,map,roomba,5.986023662621651,2.6506374046367682,0.0,-0.13775498316926685,0.0,0.0,-0.06882304411527679,0.9976288832019182
2026-09-17T02:13:28.006042,57.43,map,roomba,6.009790344079557,2.647300238210139,0.0,-0.1395014720393642,0.0,0.0,-0.06969419163435135,0.9975684034954366
2026-09-17T02:13:28.056265,57.47,map,roomba,6.025634804490456,2.6450754786265662,0.0,-0.13950051518537088,0.0,0.0,-0.06969371437068812,0.9975684368389053
2026-09-17T02:13:28.110170,57.53,map,roomba,6.049401500296863,2.6417383393241156,0.0,-0.13949711503947176,0.0,0.0,-0.06969201843147262,0.9975685553218623
2026-09-17T02:13:28.210436,57.59,map,roomba,6.065233456125377,2.6395151676530206,0.0,-0.13448446272764825,0.0,0.0,-0.0671915699955154,0.9977400928706522
2026-09-17T02:13:28.261126,57.63,map,roomba,6.065233635491967,2.6395149673202845,0.0,-0.11446099762083249,0.0,0.0,-0.057199262464766996,0.998362781945264
2026-09-17T02:13:28.334255,57.67,map,roomba,6.065233824049624,2.6395147743680223,0.0,-0.09273122913843815,0.0,0.0,-0.0463490037852593,0.9989253074420099
2026-09-17T02:13:28.383807,57.73,map,roomba,6.085309529809569,2.680095680814775,0.0,-0.03856224086798866,0.0,0.0,-0.01927992579282023,0.9998141249559457
2026-09-17T02:13:28.438999,57.77,map,roomba,6.085309719423151,2.6800955103011397,0.0,-0.018561345817003326,0.0,0.0,-0.009280539683639732,0.9999569348642872
2026-09-17T02:13:28.484883,57.83,map,roomba,6.085310001354809,2.6800952697111384,0.0,0.01143643358097122,0.0,0.0,0.0057181856281580115,0.9999836510429168
2026-09-17T02:13:28.535884,57.87,map,roomba,6.085310187461086,2.680095119106129,0.0,0.03143926917977003,0.0,0.0,0.01571898719282461,0.999876449088402
2026-09-17T02:13:28.583778,57.93,map,roomba,6.085310463548412,2.6800949073173026,0.0,0.06143868984767163,0.0,0.0,0.03071451362269024,0.9995281980279103
2026-09-17T02:13:28.637265,57.98,map,roomba,6.093294015528684,2.680706202868624,0.0,0.07644054403461487,0.0,0.0,0.03821096740355084,0.9992696943118433
2026-09-17T02:13:28.684126,58.03,map,roomba,6.113241374345919,2.6822336903220503,0.0,0.08124642092750421,0.0,0.0,0.040612038342424044,0.9991749908507886
2026-09-17T02:13:28.740386,58.07,map,roomba,6.129194510357346,2.683455514008525,0.0,0.07813516115054782,0.0,0.0,0.03905764334951355,0.9992369591323083
2026-09-17T02:13:28.783853,58.13,map,roomba,6.153124219922434,2.6852882650513177,0.0,0.07644221611474805,0.0,0.0,0.03821180283303926,0.9992696623655943
2026-09-17T02:13:28.837334,58.18,map,roomba,6.169072091632618,2.686510028237249,0.0,0.08144053177391751,0.0,0.0,0.0407090135025886,0.9991710445262343
2026-09-17T02:13:28.891566,58.23,map,roomba,6.169064976057529,2.6865089189962763,0.0,0.09652480484485756,0.0,0.0,0.04824366866122875,0.9988355962990634
2026-09-17T02:13:28.985128,58.29,map,roomba,6.16906528250979,2.6865087214356276,0.0,0.1354453194768142,0.0,0.0,0.06767090487385909,0.9977076969902322
2026-09-17T02:13:29.039802,58.33,map,roomba,6.1690654796843445,2.6865086195273875,0.0,0.1564426341972064,0.0,0.0,0.07814157433942365,0.9969422723306282
2026-09-17T02:13:29.108802,58.39,map,roomba,6.169065769918986,2.686508478653071,0.0,0.1864399919492593,0.0,0.0,0.09308504150059337,0.9956581617446988
2026-09-17T02:13:29.154333,58.43,map,roomba,6.189065947037122,2.7065084110983557,0.0,0.19248008937930972,0.0,0.0,0.09609154858190769,0.9953725002686837
2026-09-17T02:13:29.205984,58.47,map,roomba,6.189066132528575,2.706508328347205,0.0,0.21248155674113992,0.0,0.0,0.10604103269688696,0.9943617547877521
2026-09-17T02:13:29.255497,58.53,map,roomba,6.189066405048685,2.7065082150362576,0.0,0.2424817657286482,0.0,0.0,0.12094407403070867,0.9926593227068662
2026-09-17T02:13:29.304082,58.57,map,roomba,6.189066582861412,2.706508146403138,0.0,0.26248058543293384,0.0,0.0,0.1308638695893083,0.9914003468004803
2026-09-17T02:13:29.354502,58.63,map,roomba,6.189066843699338,2.7065080533105723,0.0,0.2924806597559715,0.0,0.0,0.14571963199045831,0.9893259265037814
2026-09-17T02:13:29.407725,58.67,map,roomba,6.189067013632717,2.706507997534091,0.0,0.31248389828026446,0.0,0.0,0.15560703998596057,0.9878190366189588
2026-09-17T02:13:29.455186,58.73,map,roomba,6.189067262545413,2.7065079228178854,0.0,0.34248293096305227,0.0,0.0,0.170405787844938,0.9853739734075312
2026-09-17T02:13:29.504271,58.77,map,roomba,6.189067424474242,2.7065078787029027,0.0,0.3624817834238792,0.0,0.0,0.18025027876079078,0.9836207790640951
2026-09-17T02:13:29.555648,58.83,map,roomba,6.189067661324048,2.7065078206256166,0.0,0.3924812158555379,0.0,0.0,0.19498348105278163,0.9808065263427541
2026-09-17T02:13:29.606003,58.87,map,roomba,6.189067815188237,2.7065077870498726,0.0,0.41248715492924964,0.0,0.0,0.2047845403610522,0.978807076000737
2026-09-17T02:13:29.654800,58.93,map,roomba,6.189068039931135,2.7065077439768332,0.0,0.44247817566911113,0.0,0.0,0.21943867790051366,0.9756262945622542
2026-09-17T02:13:29.717757,58.97,map,roomba,6.189068185729703,2.7065077198845184,0.0,0.46248085488205243,0.0,0.0,0.22918511035028277,0.9733828564309773
2026-09-17T02:13:29.766517,59.03,map,roomba,6.18906839840426,2.7065076902823284,0.0,0.49247993305314663,0.0,0.0,0.24375907582225034,0.9698358175249471
2026-09-17T02:13:29.816992,59.07,map,roomba,6.189068536188486,2.7065076746832464,0.0,0.5124818421752151,0.0,0.0,0.2534460079010671,0.9673495340770121
2026-09-17T02:13:29.866189,59.13,map,roomba,6.189068736905765,2.706507657117336,0.0,0.5424832923172673,0.0,0.0,0.2679278932047018,0.9634389674716765
2026-09-17T02:13:29.914807,59.17,map,roomba,6.189068866771575,2.7065076490873707,0.0,0.5624795140595099,0.0,0.0,0.27754691111558566,0.9607120859707122
2026-09-17T02:13:29.966013,59.23,map,roomba,6.189069055705472,2.7065076422204095,0.0,0.5924789810513472,0.0,0.0,0.2919255736731933,0.9564410381385655
2026-09-17T02:13:30.024776,59.27,map,roomba,6.189069177787333,2.7065076409003854,0.0,0.6124814095120398,0.0,0.0,0.3014763862283423,0.9534736433413875
2026-09-17T02:13:30.099900,59.33,map,roomba,6.189069355166519,2.7065076434865256,0.0,0.6424797928572193,0.0,0.0,0.3157432721210012,0.9488446585771158
2026-09-17T02:13:30.161676,59.37,map,roomba,6.189069469632921,2.7065076480752346,0.0,0.6624794598895721,0.0,0.0,0.32521561610099964,0.9456398907850955
2026-09-17T02:13:30.212421,59.43,map,roomba,6.1890696357309825,2.706507658959798,0.0,0.6924793580443612,0.0,0.0,0.33936304857487964,0.9406554742635392
2026-09-17T02:13:30.292656,59.47,map,roomba,6.189069742778344,2.7065076687165917,0.0,0.7124790126396234,0.0,0.0,0.3487523166721255,0.9372149281866062
2026-09-17T02:13:30.361585,59.53,map,roomba,6.189069897909949,2.706507686829508,0.0,0.7424768110585949,0.0,0.0,0.3627697537143481,0.9318788042390659
2026-09-17T02:13:30.458401,59.57,map,roomba,6.189069997758519,2.706507701070045,0.0,0.7624789642755739,0.0,0.0,0.37207124742055747,0.9282041730367895
2026-09-17T02:13:30.519215,59.63,map,roomba,6.189070142268431,2.7065077254268397,0.0,0.792479710554113,0.0,0.0,0.38595227490463174,0.922518748587767
2026-09-17T02:13:30.588705,59.67,map,roomba,6.189070235157722,2.7065077435209783,0.0,0.8124805297894461,0.0,0.0,0.3951583874653689,0.9186130027469508
2026-09-17T02:13:30.658826,59.73,map,roomba,6.189070369418108,2.7065077732149243,0.0,0.842478552705691,0.0,0.0,0.4088917091812885,0.9125829113909621
2026-09-17T02:13:30.744271,59.77,map,roomba,6.1890704556034635,2.706507794583816,0.0,0.8624786860140183,0.0,0.0,0.4179970023355881,0.9084484058208602
2026-09-17T02:13:30.792116,59.83,map,roomba,6.18907058000614,2.7065078287847237,0.0,0.8924773277364269,0.0,0.0,0.4315755810101257,0.9020767804770126
2026-09-17T02:13:30.865460,59.87,map,roomba,6.189070659754358,2.7065078528991364,0.0,0.9124817587969728,0.0,0.0,0.4405766087861676,0.8977150170240443
2026-09-17T02:13:30.928649,59.93,map,roomba,6.1890707747070275,2.706507890848161,0.0,0.9424800275892424,0.0,0.0,0.45399149388527527,0.8910060176451201
2026-09-17T02:13:31.000552,59.97,map,roomba,6.189070848294234,2.706507917225018,0.0,0.9624807614167409,0.0,0.0,0.46287903141618614,0.8864214586048859
2026-09-17T02:13:31.046715,60.03,map,roomba,6.1890709542156035,2.706507958231348,0.0,0.9924821674263448,0.0,0.0,0.4761233999815528,0.879378478239038
2026-09-17T02:13:31.117941,60.07,map,roomba,6.189071021923214,2.7065079864321007,0.0,1.012478035961075,0.0,0.0,0.48489142559422554,0.8745743566931286
2026-09-17T02:13:31.197994,60.13,map,roomba,6.189071119238615,2.7065080298693305,0.0,1.04248108755227,0.0,0.0,0.4979563229132541,0.8672021105086812
2026-09-17T02:13:31.288087,60.19,map,roomba,6.189071211596399,2.7065080744895607,0.0,1.0724814250791,0.0,0.0,0.510907992814239,0.8596354011315062
2026-09-17T02:13:31.335828,60.23,map,roomba,6.189071270490071,2.706508104798835,0.0,1.0924780556363138,0.0,0.0,0.5194772187996973,0.8544843001179901
2026-09-17T02:13:31.385133,60.27,map,roomba,6.189071327294821,2.706508135494923,0.0,1.1124818070723665,0.0,0.0,0.5279975386898201,0.8492459002771175
2026-09-17T02:13:31.435118,60.33,map,roomba,6.189071408685252,2.7065081821524606,0.0,1.1424791546103779,0.0,0.0,0.5406752352224682,0.8412314128806226
2026-09-17T02:13:31.505562,60.37,map,roomba,6.1890714604670745,2.7065082135956917,0.0,1.1624830098812662,0.0,0.0,0.5490619866935751,0.8357816310305607
2026-09-17T02:13:31.554047,60.43,map,roomba,6.189071534535742,2.7065082611527815,0.0,1.1924805583047817,0.0,0.0,0.5615354584404831,0.827452674727707
2026-09-17T02:13:31.604677,60.47,map,roomba,6.189071581577238,2.706508293056025,0.0,1.212479945710103,0.0,0.0,0.5697815190267532,0.8217962159657135
2026-09-17T02:13:31.653996,60.53,map,roomba,6.189071648745166,2.706508341106356,0.0,1.2424823120103883,0.0,0.0,0.5820448628788942,0.813156674692085
2026-09-17T02:13:31.705647,60.59,map,roomba,6.189071711972015,2.7065083892769017,0.0,1.2724771771533345,0.0,0.0,0.5941742117102603,0.8043363762372623
2026-09-17T02:13:31.753734,60.63,map,roomba,6.189071752006251,2.7065084213977633,0.0,1.2924823167863926,0.0,0.0,0.6021897845768713,0.7983529691504011
2026-09-17T02:13:31.803771,60.67,map,roomba,6.189071790397694,2.7065084534850197,0.0,1.3124765079830403,0.0,0.0,0.6101407708372746,0.7922930264505024
2026-09-17T02:13:31.856031,60.73,map,roomba,6.189071844997345,2.7065085014842714,0.0,1.3424786339229173,0.0,0.0,0.6219569133850249,0.7830514656729612
2026-09-17T02:13:31.904068,60.77,map,roomba,6.189071879466895,2.706508533352892,0.0,1.362480521641713,0.0,0.0,0.6297569331302573,0.7767922535494112
2026-09-17T02:13:31.954334,60.82,map,roomba,6.189072099346777,2.7065099609273853,0.0,1.3874805355313267,0.0,0.0,0.6394173896593393,0.7688598063374341
2026-09-17T02:13:32.031400,60.87,map,roomba,6.189071959186466,2.7065086123680473,0.0,1.4124795649187787,0.0,0.0,0.6489775639029073,0.7608075456714714
2026-09-17T02:13:32.099404,60.93,map,roomba,6.189072002794738,2.7065086592033802,0.0,1.442482258660788,0.0,0.0,0.6603172520144396,0.7509867686531495
2026-09-17T02:13:32.176575,60.97,map,roomba,6.189072030189898,2.7065086901408186,0.0,1.4624811125223365,0.0,0.0,0.6677935523876805,0.7443465398518639
2026-09-17T02:13:32.239901,61.03,map,roomba,6.189072068863492,2.7065087360669127,0.0,1.492483430282918,0.0,0.0,0.6788840573322934,0.7342454880351963
2026-09-17T02:13:32.289446,61.07,map,roomba,6.189072093088847,2.7065087663368956,0.0,1.5124793754245958,0.0,0.0,0.6861909711249807,0.7274214398452632
2026-09-17T02:13:32.367831,61.13,map,roomba,6.189072127183996,2.706508811177767,0.0,1.5424792178541493,0.0,0.0,0.6970246320231543,0.7170471827941214
2026-09-17T02:13:32.438440,61.17,map,roomba,6.189072148472263,2.7065088406726527,0.0,1.5624837793408501,0.0,0.0,0.7041617528225694,0.7100395945733214
2026-09-17T02:13:32.492350,61.23,map,roomba,6.189271770024824,2.7305203085446026,0.0,1.5673535582443403,0.0,0.0,0.7058885316572409,0.7083229354431384
2026-09-17T02:13:32.599781,61.27,map,roomba,6.189404834573599,2.7465194759553455,0.0,1.5653509858452879,0.0,0.0,0.7051789439429501,0.7090293766971195
2026-09-17T02:13:32.668125,61.33,map,roomba,6.189604445896478,2.7705182399965436,0.0,1.5624821038271242,0.0,0.0,0.704161157981779,0.7100401844894133
2026-09-17T02:13:32.736394,61.37,map,roomba,6.189737493115604,2.786517424681481,0.0,1.562485563688826,0.0,0.0,0.7041623863011459,0.7100389663382397
2026-09-17T02:13:32.789865,61.43,map,roomba,6.18993706422299,2.8105162139334263,0.0,1.5624816529061354,0.0,0.0,0.7041609978957502,0.710040343249918
2026-09-17T02:13:32.868704,61.47,map,roomba,6.190070111697227,2.8265154146816442,0.0,1.562479796662916,0.0,0.0,0.7041603388916605,0.7100409967966511
2026-09-17T02:13:32.919024,61.53,map,roomba,6.190269683065778,2.8505142272801693,0.0,1.5624830682139055,0.0,0.0,0.7041615003583812,0.7100398449474744
2026-09-17T02:13:32.969011,61.57,map,roomba,6.190402730813512,2.866513443106909,0.0,1.562480323635025,0.0,0.0,0.7041605259775369,0.710040811260197
2026-09-17T02:13:33.018735,61.63,map,roomba,6.079960160545162,2.9505153764250682,0.0,1.5694613887468,0.0,0.0,0.7066346518351592,0.707578595511342
2026-09-17T02:13:33.067661,61.67,map,roomba,6.079981531617779,2.9665151453308347,0.0,1.5694593546878377,0.0,0.0,0.7066339322065018,0.7075793141792495
2026-09-17T02:13:33.120476,61.73,map,roomba,6.080013587961433,2.9905148088032494,0.0,1.5694620888470692,0.0,0.0,0.7066348995230984,0.7075783481537438
2026-09-17T02:13:33.170229,61.77,map,roomba,6.080034958978033,3.006514590997549,0.0,1.5694588454842284,0.0,0.0,0.7066337520555086,0.7075794940895008
2026-09-17T02:13:33.217913,61.83,map,roomba,6.080067015386073,3.030514273782739,0.0,1.5694646926389977,0.0,0.0,0.7066358207158955,0.7075774281880203
2026-09-17T02:13:33.281094,61.87,map,roomba,6.080088386699981,3.0465140684506835,0.0,1.5694589849786433,0.0,0.0,0.7066338014072007,0.7075794448037683
2026-09-17T02:13:33.331851,61.93,map,roomba,6.08012044334618,3.0805137693647824,0.0,1.5694610748092528,0.0,0.0,0.7066345407674061,0.707578706430908
2026-09-17T02:13:33.382127,61.97,map,roomba,6.080141814557171,3.0965135757423976,0.0,1.5694636969645555,0.0,0.0,0.7066354684574273,0.7075777799775458
2026-09-17T02:13:33.432645,62.03,map,roomba,6.080173871655819,3.12051329367402,0.0,1.5694596306830013,0.0,0.0,0.7066340298507293,0.7075792166654689
2026-09-17T02:13:33.481066,62.07,map,roomba,6.080195242970899,3.136513111043385,0.0,1.5694603977999912,0.0,0.0,0.7066343012486969,0.7075789456299317
2026-09-17T02:13:33.531188,62.13,map,roomba,6.080227300079453,3.160512844950115,0.0,1.5694619479660883,0.0,0.0,0.7066348496809308,0.7075783979294509
2026-09-17T02:13:33.608753,62.17,map,roomba,6.08024867165339,3.1765126726373563,0.0,1.5694590670587942,0.0,0.0,0.7066338304463138,0.7075794158034631
2026-09-17T02:13:33.658496,62.23,map,roomba,6.090280728782712,3.210512421540111,0.0,1.5694602553006685,0.0,0.0,0.7066342508339347,0.7075789959773846
2026-09-17T02:13:33.709424,62.27,map,roomba,6.090302100284698,3.2265122589132895,0.0,1.5694601037600848,0.0,0.0,0.7066341972204657,0.7075790495192661
2026-09-17T02:13:33.759586,62.33,map,roomba,6.090334157584238,3.2505120218927868,0.0,1.5694571203451904,0.0,0.0,0.7066331417187418,0.7075801036099733
2026-09-17T02:13:33.811699,62.37,map,roomba,6.090355529069685,3.2665118683582035,0.0,1.5694596925708308,0.0,0.0,0.706634051746,0.7075791947994454
2026-09-17T02:13:33.860858,62.43,map,roomba,6.090387586264422,3.2905116445520743,0.0,1.5694616856135795,0.0,0.0,0.7066347568634408,0.7075784906231575
2026-09-17T02:13:33.908733,62.47,map,roomba,6.090408957888467,3.306511499552287,0.0,1.5694610299024045,0.0,0.0,0.7066345248798411,0.7075787222972729
2026-09-17T02:13:33.958769,62.53,map,roomba,6.0804410155638,3.310511288149863,0.0,1.5694595544518741,0.0,0.0,0.7066340028809482,0.7075792435992226
2026-09-17T02:13:34.011531,62.57,map,roomba,6.080462387363428,3.326511151161734,0.0,1.5694623851167009,0.0,0.0,0.706635004340079,0.7075782434765052
2026-09-17T02:13:34.059775,62.64,map,roomba,6.080499765604987,3.354506336662846,0.0,1.5694605356576583,0.0,0.0,0.7066343500212865,0.707578896922452
2026-09-17T02:13:34.111092,62.69,map,roomba,6.080526502865101,3.374510758286031,0.0,1.569457364386919,0.0,0.0,0.7066332280582723,0.7075800173859813
2026-09-17T02:13:34.159455,62.73,map,roomba,6.080547874465118,3.3905106331084447,0.0,1.5694579938779771,0.0,0.0,0.7066334507658844,0.707579794976297
2026-09-17T02:13:34.210226,62.77,map,roomba,6.0805692462442735,3.4065105107011284,0.0,1.5694607590049492,0.0,0.0,0.706634429039197,0.7075788180100138
2026-09-17T02:13:34.259538,62.83,map,roomba,6.080601304230461,3.4405103321334973,0.0,1.5694625781683968,0.0,0.0,0.7066350726396656,0.707578175267959
2026-09-17T02:13:34.309078,62.87,map,roomba,6.080622676141129,3.4565102163532373,0.0,1.5694561208022217,0.0,0.0,0.706632788090295,0.7075804567649788
2026-09-17T02:13:34.361589,62.93,map,roomba,6.080654734029482,3.480510047417477,0.0,1.569457951056075,0.0,0.0,0.7066334356159278,0.707579810105991
2026-09-17T02:13:34.408808,62.97,map,roomba,6.08067610592172,3.496509937858315,0.0,1.5694573966850274,0.0,0.0,0.7066332394850204,0.707580005974523
2026-09-17T02:13:34.460340,63.03,map,roomba,6.080708163848364,3.520509777963934,0.0,1.569457978855179,0.0,0.0,0.7066334454509701,0.7075798002841028
2026-09-17T02:13:34.509620,63.07,map,roomba,6.080729535859859,3.536509674244412,0.0,1.5694593323426647,0.0,0.0,0.7066339243010107,0.7075793220741782
2026-09-17T02:13:34.558716,63.13,map,roomba,6.08076159375842,3.560509522837372,0.0,1.5694624244997732,0.0,0.0,0.7066350182733814,0.7075782295617763
2026-09-17T02:13:34.608491,63.17,map,roomba,6.080782965794791,3.5765094245997027,0.0,1.5694587687659376,0.0,0.0,0.7066337249133634,0.7075795211953673
2026-09-17T02:13:34.680783,63.23,map,roomba,6.080815023848067,3.6005092811595896,0.0,1.5694609349882394,0.0,0.0,0.7066344913002184,0.7075787558320851
2026-09-17T02:13:34.731770,63.27,map,roomba,6.080836395886322,3.6165091880678357,0.0,1.5694617687871377,0.0,0.0,0.7066347862893506,0.7075784612364934
2026-09-17T02:13:34.782845,63.32,map,roomba,6.080863100683214,3.636506093982921,0.0,1.569460535681753,0.0,0.0,0.706634350029811,0.7075788969139389
2026-09-17T02:13:34.830725,63.37,map,roomba,6.080889826373005,3.6565089638448267,0.0,1.5694630827691798,0.0,0.0,0.7066352511618939,0.707577996983631
2026-09-17T02:13:34.884364,63.43,map,roomba,6.0709218846526465,3.6705088349037567,0.0,1.5694639295054058,0.0,0.0,0.7066355507277918,0.7075776978167347
2026-09-17T02:13:34.930980,63.47,map,roomba,6.070943257081584,3.6865087511764996,0.0,1.569459239527436,0.0,0.0,0.7066338914639417,0.707579354867372
2026-09-17T02:13:34.981533,63.53,map,roomba,6.070975315300722,3.710508628825723,0.0,1.5694581302401958,0.0,0.0,0.706633499009458,0.7075797467972428
2026-09-17T02:13:35.031408,63.57,map,roomba,6.070996687660384,3.72650854935513,0.0,1.5694630961706877,0.0,0.0,0.7066352559031998,0.707577992248642
2026-09-17T02:13:35.080433,63.63,map,roomba,6.0710287461779275,3.7505084331902747,0.0,1.5694595985356417,0.0,0.0,0.7066340184773275,0.7075792280236779
2026-09-17T02:13:35.130607,63.67,map,roomba,6.071050118402912,3.76650835771557,0.0,1.569458861067598,0.0,0.0,0.7066337575687449,0.7075794885836334
2026-09-17T02:13:35.180405,63.73,map,roomba,6.0710821769791,3.790508247357799,0.0,1.5694622823802946,0.0,0.0,0.7066349679930551,0.7075782797750748
2026-09-17T02:13:35.246571,63.77,map,roomba,6.071103549234393,3.806508175633865,0.0,1.5694590468297789,0.0,0.0,0.7066338232894964,0.7075794229507165
2026-09-17T02:13:35.298016,63.83,map,roomba,6.071135607740992,3.8305080707274666,0.0,1.5694575275737086,0.0,0.0,0.7066332857921258,0.707579959729375
2026-09-17T02:13:35.347458,63.87,map,roomba,6.0711569801644,3.8465080025242395,0.0,1.5694604233831517,0.0,0.0,0.7066343102997495,0.7075789365909624
2026-09-17T02:13:35.415061,63.93,map,roomba,6.071189038786783,3.8705079027348575,0.0,1.5694627490491388,0.0,0.0,0.7066351330954049,0.7075781148927935
2026-09-17T02:13:35.466965,63.97,map,roomba,6.071210411166977,3.886507837836837,0.0,1.5694620444602652,0.0,0.0,0.7066348838195275,0.707578363836376
2026-09-17T02:13:35.514844,64.03,map,roomba,6.081242469588917,3.920507742851287,0.0,1.5694597327633588,0.0,0.0,0.7066340659656982,0.7075791805987407
2026-09-17T02:13:35.564817,64.07,map,roomba,6.081263841909131,3.936507681055927,0.0,1.569461554844866,0.0,0.0,0.7066347105988748,0.7075785368260151
2026-09-17T02:13:35.614807,64.13,map,roomba,6.081295900473501,3.960507590579329,0.0,1.5694638076994103,0.0,0.0,0.7066355076341876,0.7075777408529568
2026-09-17T02:13:35.671684,64.17,map,roomba,6.081317273071221,3.976507531696031,0.0,1.5694615726462724,0.0,0.0,0.7066347168968213,0.7075785305364692
2026-09-17T02:13:35.733861,64.23,map,roomba,6.081349331741255,4.000507445452092,0.0,1.569460800137044,0.0,0.0,0.7066344435912963,0.7075788034773364
2026-09-17T02:13:35.783615,64.27,map,roomba,6.081370704142984,4.016507389302992,0.0,1.5694594306441214,0.0,0.0,0.7066339590790489,0.7075792873426052
2026-09-17T02:13:35.844004,64.33,map,roomba,6.081081683992309,4.040507175641647,0.0,1.5729492758646262,0.0,0.0,0.7078675537861969,0.7063451891934606
2026-09-17T02:13:35.894165,64.37,map,roomba,6.081047216412655,4.056507099207751,0.0,1.5729480604914674,0.0,0.0,0.7078671245495743,0.7063456193549427
2026-09-17T02:13:35.944948,64.43,map,roomba,6.080995515354699,4.080506986391061,0.0,1.572950483919589,0.0,0.0,0.7078679804379734,0.7063447616218761
2026-09-17T02:13:35.994717,64.47,map,roomba,6.080961048033478,4.09650691236682,0.0,1.5729499591617386,0.0,0.0,0.7078677951079697,0.7063449473514916
2026-09-17T02:13:36.045074,64.54,map,roomba,6.080900733259805,4.124505407234661,0.0,1.57295053571725,0.0,0.0,0.7078679987314764,0.7063447432889229
2026-09-17T02:13:36.097856,64.57,map,roomba,6.080874879875795,4.1365067312890815,0.0,1.5729497872515545,0.0,0.0,0.7078677343940221,0.7063450081963305
2026-09-17T02:13:36.148597,64.63,map,roomba,6.081465335365737,4.160505767476,0.0,1.565967003785982,0.0,0.0,0.7053972978977636,0.7088121416274793
2026-09-17T02:13:36.225567,64.67,map,roomba,6.081542547237422,4.176505548657304,0.0,1.565967280978233,0.0,0.0,0.7053973961363733,0.7088120438621401
2026-09-17T02:13:36.275518,64.73,map,roomba,6.081658365294242,4.200505221944683,0.0,1.565970526897609,0.0,0.0,0.7053985465088178,0.7088108990296688
2026-09-17T02:13:36.347839,64.77,map,roomba,6.08173557739181,4.216505005117658,0.0,1.5659714798481,0.0,0.0,0.7053988842395849,0.7088105629246426
2026-09-17T02:13:36.412090,64.83,map,roomba,6.08185139556765,4.240504681300658,0.0,1.565968766830695,0.0,0.0,0.7053979227312387,0.7088115198037156
2026-09-17T02:13:36.460519,64.87,map,roomba,6.081928607612859,4.256504466344521,0.0,1.565968743533276,0.0,0.0,0.7053979144744994,0.7088115280206909
2026-09-17T02:13:36.510443,64.93,map,roomba,6.081723343720174,4.280505134430873,0.0,1.5694590253055947,0.0,0.0,0.7066338156744615,0.7075794305555746
2026-09-17T02:13:36.564470,64.99,map,roomba,6.081755402643384,4.304505072928418,0.0,1.5694608673173849,0.0,0.0,0.7066344673589885,0.7075787797413647
2026-09-17T02:13:36.609348,65.03,map,roomba,6.081776775198123,4.320505032759677,0.0,1.5694629994582738,0.0,0.0,0.7066352216874112,0.7075780264188418
2026-09-17T02:13:36.663686,65.09,map,roomba,6.081808834133961,4.344504973714217,0.0,1.5694621625157426,0.0,0.0,0.706634925586277,0.7075783221253155
2026-09-17T02:13:36.710528,65.13,map,roomba,6.081830206749512,4.360504935132365,0.0,1.5694570137806398,0.0,0.0,0.706633104017263,0.7075801412609938
2026-09-17T02:13:36.784350,65.17,map,roomba,6.081851579148582,4.376504897158014,0.0,1.5694595275806271,0.0,0.0,0.7066339933741799,0.7075792530932911
2026-09-17T02:13:36.835381,65.23,map,roomba,6.0918836382284365,4.410504841301279,0.0,1.5694580331491073,0.0,0.0,0.7066334646596133,0.7075797811011497
2026-09-17T02:13:36.884211,65.27,map,roomba,6.091905010806666,4.426504804779177,0.0,1.5694565728450525,0.0,0.0,0.7066329480186132,0.707580297050818
2026-09-17T02:13:36.935416,65.33,map,roomba,6.091937069423157,4.450504751034057,0.0,1.5694568069712758,0.0,0.0,0.7066330308501597,0.7075802143301614
2026-09-17T02:13:36.987055,65.37,map,roomba,6.091958441888373,4.466504715875577,0.0,1.5694647991288813,0.0,0.0,0.7066358583908134,0.707577390563236
2026-09-17T02:13:37.034949,65.43,map,roomba,6.091990500933535,4.490504664111494,0.0,1.5694630677187804,0.0,0.0,0.706635245837228,0.7075780023012023
2026-09-17T02:13:37.084698,65.47,map,roomba,6.092011873578985,4.506504630232681,0.0,1.5694627051366647,0.0,0.0,0.7066351175596519,0.7075781304078419
2026-09-17T02:13:37.135843,65.53,map,roomba,6.082043932631807,4.520504580328764,0.0,1.569457360256403,0.0,0.0,0.7066332265969372,0.7075800188453613
2026-09-17T02:13:37.183975,65.57,map,roomba,6.082065305087701,4.536504547651669,0.0,1.5694613563707547,0.0,0.0,0.7066346403808607,0.7075786069503597
2026-09-17T02:13:37.235124,65.63,map,roomba,6.082097364041408,4.560504499494025,0.0,1.5694572665609412,0.0,0.0,0.706633193448418,0.7075800519495237
2026-09-17T02:13:37.284619,65.67,map,roomba,6.082118736457856,4.576504467944815,0.0,1.5694612835169997,0.0,0.0,0.706634614605981,0.7075786326908529
2026-09-17T02:13:37.346781,65.73,map,roomba,6.082150795543623,4.600504421426132,0.0,1.5694580056508376,0.0,0.0,0.7066334549310035,0.7075797908167485
2026-09-17T02:13:37.395695,65.77,map,roomba,6.082172168157758,4.61650439093537,0.0,1.5694610973412644,0.0,0.0,0.7066345487389919,0.7075786984699592
2026-09-17T02:13:37.447925,65.83,map,roomba,6.082204226922579,4.640504345955786,0.0,1.5694599001636143,0.0,0.0,0.7066341251901634,0.7075791214533765
2026-09-17T02:13:37.497923,65.87,map,roomba,6.082225599648281,4.65650431645869,0.0,1.5694610530384805,0.0,0.0,0.7066345330651386,0.7075787141228977
2026-09-17T02:13:37.545222,65.93,map,roomba,6.082257658610347,4.680504272923234,0.0,1.569460788298178,0.0,0.0,0.706634439402831,0.7075788076602118
2026-09-17T02:13:37.598979,65.97,map,roomba,6.082279031233785,4.696504244359193,0.0,1.5694621027916025,0.0,0.0,0.7066349044565233,0.7075783432268968
2026-09-17T02:13:37.645183,66.03,map,roomba,6.082311089969547,4.7205042021798915,0.0,1.5694632959010197,0.0,0.0,0.70663532656559,0.7075779216803914
2026-09-17T02:13:37.701046,66.07,map,roomba,6.082332462789028,4.7365041744913245,0.0,1.5694619404120413,0.0,0.0,0.7066348470083906,0.7075784005984272
2026-09-17T02:13:37.745409,66.13,map,roomba,6.082364521802566,4.760504133584417,0.0,1.569459989683827,0.0,0.0,0.7066341568614795,0.7075790898243574
2026-09-17T02:13:37.795973,66.17,map,roomba,6.082385894614776,4.776504106717924,0.0,1.5694604304568645,0.0,0.0,0.7066343128023547,0.7075789340916984
2026-09-17T02:13:37.846456,66.23,map,roomba,6.082417953594799,4.800504067005809,0.0,1.5694593964111945,0.0,0.0,0.7066339469677938,0.7075792994376794
2026-09-17T02:13:37.895167,66.27,map,roomba,6.082439326137083,4.81650404091136,0.0,1.569458840040477,0.0,0.0,0.7066337501295651,0.7075794960128701
2026-09-17T02:13:37.945270,66.33,map,roomba,6.082471384943147,4.84050400232101,0.0,1.5694606198384569,0.0,0.0,0.7066343798035641,0.7075788671799296
2026-09-17T02:13:38.006239,66.37,map,roomba,6.082492757568527,4.856503976950842,0.0,1.5694618991189206,0.0,0.0,0.7066348323993302,0.7075784151880061
2026-09-17T02:13:38.055478,66.43,map,roomba,6.082845894763263,4.8805029502355,0.0,1.5659712510008994,0.0,0.0,0.7053988031349238,0.7088106436389179
2026-09-17T02:13:38.108278,66.49,map,roomba,6.0829617131769345,4.904502655252063,0.0,1.5659674888424697,0.0,0.0,0.7053974698047067,0.7088119705486906
2026-09-17T02:13:38.155682,66.53,map,roomba,6.083019622343393,4.916502509182121,0.0,1.5659695729897338,0.0,0.0,0.7053982084385884,0.7088112354722023
2026-09-17T02:13:38.222163,66.57,map,roomba,6.083116137636976,4.93650226284066,0.0,1.5659704069415044,0.0,0.0,0.7053985039957195,0.7088109413380983
2026-09-17T02:13:38.272342,66.63,map,roomba,6.083231955976982,4.960501969172976,0.0,1.5659700646751638,0.0,0.0,0.7053983826946455,0.7088110620551703
2026-09-17T02:13:38.324766,66.67,map,roomba,6.083309168301831,4.976501773689231,0.0,1.5659749372939384,0.0,0.0,0.7054001095755964,0.7088093434843651
2026-09-17T02:13:38.368751,66.73,map,roomba,6.0834249869010835,5.000501480891134,0.0,1.565973744804311,0.0,0.0,0.7053996869515761,0.7088097640753961
2026-09-17T02:13:38.419323,66.77,map,roomba,6.083502199313469,5.016501285969438,0.0,1.5659674116833158,0.0,0.0,0.7053974424590402,0.7088119977626262
2026-09-17T02:13:38.473982,66.83,map,roomba,6.083618017634304,5.040500993990189,0.0,1.5659694927311167,0.0,0.0,0.705398179994483,0.7088112637793441
2026-09-17T02:13:38.522059,66.89,map,roomba,6.083733836236889,5.064500702475822,0.0,1.5659752742810131,0.0,0.0,0.70540022900538,0.7088092246289953
2026-09-17T02:13:38.569113,66.93,map,roomba,6.083811048844666,5.080500508382339,0.0,1.5659703394769457,0.0,0.0,0.7053984800859103,0.7088109651327972
2026-09-17T02:13:38.618228,66.97,map,roomba,6.083888261174877,5.096500314484702,0.0,1.5659715817242315,0.0,0.0,0.705398920345023,0.708810526992987
2026-09-17T02:13:38.670908,67.02,map,roomba,6.083677659825767,5.1165007314717945,0.0,1.5694605357938318,0.0,0.0,0.7066343500694633,0.7075788968743395
2026-09-17T02:13:38.729551,67.07,map,roomba,6.08370437433635,5.136500991769621,0.0,1.569459464824018,0.0,0.0,0.7066339711715423,0.7075792752662673
2026-09-17T02:13:38.780847,67.13,map,roomba,6.08373643318723,5.160500960000078,0.0,1.5694603253762052,0.0,0.0,0.7066342756259233,0.707578971218497
2026-09-17T02:13:38.831228,67.17,map,roomba,6.083757805947144,5.176500939035284,0.0,1.5694621203530577,0.0,0.0,0.706634910669576,0.7075783370221281
2026-09-17T02:13:38.886176,67.22,map,roomba,6.0837791799171,5.192500667664889,0.0,1.5694605357964286,0.0,0.0,0.706634350070382,0.7075788968734221
2026-09-17T02:13:38.949107,67.27,map,roomba,6.083811237506431,5.216500887349646,0.0,1.5694628824865584,0.0,0.0,0.7066351803041022,0.7075780677470077
2026-09-17T02:13:39.003593,67.33,map,roomba,6.083843296539097,5.250500856810337,0.0,1.5694614617663871,0.0,0.0,0.7066346776687071,0.7075785697122563
2026-09-17T02:13:39.051834,67.37,map,roomba,6.08385932598412,5.262500843895777,0.0,1.569461907302761,0.0,0.0,0.7066348352946846,0.7075784122965127
2026-09-17T02:13:39.100516,67.43,map,roomba,6.083896728074184,5.290500806664511,0.0,1.5694600987882257,0.0,0.0,0.7066341954614741,0.7075790512759089
2026-09-17T02:13:39.149022,67.47,map,roomba,6.083918100783486,5.306500786855715,0.0,1.5694616321822172,0.0,0.0,0.7066347379599992,0.7075785095013862
2026-09-17T02:13:39.199192,67.53,map,roomba,6.083950159699135,5.330500757400831,0.0,1.5694607159082012,0.0,0.0,0.7066344137920237,0.7075788332368363
2026-09-17T02:13:39.263786,67.57,map,roomba,6.083971532392713,5.346500737931198,0.0,1.5694610460128382,0.0,0.0,0.7066345305795412,0.7075787166051786
2026-09-17T02:13:39.317412,67.63,map,roomba,6.084324669717261,5.360499719790292,0.0,1.5659702459019054,0.0,0.0,0.7053984469224023,0.7088109981366421
2026-09-17T02:13:39.367845,67.69,map,roomba,6.084440488368665,5.384499433062177,0.0,1.5659676592051281,0.0,0.0,0.7053975301822499,0.7088119104619939
2026-09-17T02:13:39.414684,67.73,map,roomba,6.084517700632925,5.400499242061912,0.0,1.5659681439099982,0.0,0.0,0.7053977019645217,0.708811739507164
2026-09-17T02:13:39.464426,67.77,map,roomba,6.084594913000125,5.4164990511784294,0.0,1.5659748740682318,0.0,0.0,0.7054000871681102,0.7088093657840749
2026-09-17T02:13:39.514162,67.83,map,roomba,6.084710731665998,5.440498765066151,0.0,1.5659715407293182,0.0,0.0,0.7053989058162099,0.7088105414518705
2026-09-17T02:13:39.587401,67.87,map,roomba,6.084787943965467,5.456498574463525,0.0,1.565972506456328,0.0,0.0,0.70539924807487,0.7088102008404
2026-09-17T02:13:39.660886,67.93,map,roomba,6.0749037626160085,5.480498288759026,0.0,1.5659663052427528,0.0,0.0,0.7053970503297594,0.7088123880026892
2026-09-17T02:13:39.730385,67.97,map,roomba,6.07498097496334,5.496498098419508,0.0,1.5659728987594521,0.0,0.0,0.7053993871090846,0.7088100624752218
2026-09-17T02:13:39.780121,68.03,map,roomba,6.075096793440917,5.520497813098576,0.0,1.5659695653409336,0.0,0.0,0.7053982057278105,0.7088112381699274
2026-09-17T02:13:39.831360,68.07,map,roomba,6.075174005836769,5.5364976230060226,0.0,1.5659712906240455,0.0,0.0,0.7053988171775775,0.7088106296638579
2026-09-17T02:13:39.884762,68.13,map,roomba,6.075289824212367,5.560497338044858,0.0,1.565970240554365,0.0,0.0,0.7053984450272045,0.7088110000227155
2026-09-17T02:13:39.932911,68.17,map,roomba,6.075367036598305,5.576497148184405,0.0,1.5659710303939092,0.0,0.0,0.705398724950628,0.7088107214468671
2026-09-17T02:13:39.982531,68.23,map,roomba,6.08516177706933,5.600497852737304,0.0,1.5694601633485652,0.0,0.0,0.7066342183022455,0.7075790284656367
2026-09-17T02:13:40.054934,68.27,map,roomba,6.085183149840944,5.616497835125703,0.0,1.569463064318453,0.0,0.0,0.7066352446342297,0.7075780035025979
2026-09-17T02:13:40.100073,68.33,map,roomba,6.085215209045561,5.640497808863859,0.0,1.5694595657178074,0.0,0.0,0.7066340068667185,0.7075792396187769
2026-09-17T02:13:40.151654,68.37,map,roomba,6.085236581759517,5.656497791456816,0.0,1.5694600408521064,0.0,0.0,0.7066341749642815,0.7075790717457301
2026-09-17T02:13:40.199662,68.43,map,roomba,6.085268640731096,5.680497765492456,0.0,1.569461905972636,0.0,0.0,0.7066348348241008,0.7075784127664692
2026-09-17T02:13:40.250074,68.47,map,roomba,6.085290013452753,5.696497748277345,0.0,1.569462550410008,0.0,0.0,0.7066350628190505,0.7075781850754845
2026-09-17T02:13:40.301226,68.53,map,roomba,6.0856431506039375,5.7204967334131425,0.0,1.5659680548481558,0.0,0.0,0.7053976704004814,0.7088117709191727
2026-09-17T02:13:40.352725,68.57,map,roomba,6.085720362973329,5.7364965443472,0.0,1.5659709550074106,0.0,0.0,0.7053986982332484,0.7088107480356365
2026-09-17T02:13:40.399594,68.63,map,roomba,6.085836181354126,5.760496260877854,0.0,1.56597207257888,0.0,0.0,0.7053990943064729,0.7088103538687961
2026-09-17T02:13:40.452144,68.69,map,roomba,6.08595200000366,5.784495977556557,0.0,1.565972727915701,0.0,0.0,0.705399326561197,0.7088101227317579
2026-09-17T02:13:40.501181,68.73,map,roomba,6.086029212491026,5.800495788755654,0.0,1.5659718152994768,0.0,0.0,0.7053990031253147,0.7088104446111192
2026-09-17T02:13:40.551182,68.77,map,roomba,6.086106424799786,5.816495600017915,0.0,1.5659684424555174,0.0,0.0,0.7053978077707983,0.7088116342104945
2026-09-17T02:13:40.603943,68.83,map,roomba,6.085901165192066,5.850496306203164,0.0,1.569459349644009,0.0,0.0,0.7066339304220475,0.7075793159613197
2026-09-17T02:13:40.650177,68.87,map,roomba,6.085922537874953,5.866496289645234,0.0,1.5694583825730792,0.0,0.0,0.7066335882822713,0.707579657643803
2026-09-17T02:13:40.699874,68.93,map,roomba,6.085954596780318,5.890496264914969,0.0,1.5694600004442685,0.0,0.0,0.7066341606684112,0.7075790860225096
2026-09-17T02:13:40.750855,68.97,map,roomba,6.085975969278084,5.9064962484971915,0.0,1.5694632612992705,0.0,0.0,0.7066353143238729,0.7075779339058005
2026-09-17T02:13:40.799741,69.02,map,roomba,6.086002685367629,5.926496147016368,0.0,1.5694605358551348,0.0,0.0,0.7066343500911516,0.7075788968526802
2026-09-17T02:13:40.850596,69.07,map,roomba,6.086029401045225,5.946496207683326,0.0,1.5694599621939838,0.0,0.0,0.7066341471358604,0.7075790995369884
2026-09-17T02:13:40.903268,69.14,map,roomba,6.086066803313636,5.964496104191027,0.0,1.5694605358576221,0.0,0.0,0.7066343500920316,0.7075788968518013
2026-09-17T02:13:40.952495,69.19,map,roomba,6.086093518928666,5.984496159119972,0.0,1.5694590531887247,0.0,0.0,0.7066338255392259,0.7075794207039933
2026-09-17T02:13:40.999536,69.23,map,roomba,6.086114891499466,6.000496143027022,0.0,1.5694575468499978,0.0,0.0,0.7066332926118837,0.7075799529187411
2026-09-17T02:13:41.071835,69.27,map,roomba,6.08613626406352,6.016496126979488,0.0,1.569461813069878,0.0,0.0,0.7066348019561071,0.7075784455906309
2026-09-17T02:13:41.119429,69.33,map,roomba,6.086168322825098,6.04049610299099,0.0,1.5694586153893113,0.0,0.0,0.7066336706502815,0.7075795753859135
2026-09-17T02:13:41.168821,69.37,map,roomba,6.08618969537367,6.056496087052118,0.0,1.5694613634943588,0.0,0.0,0.7066346429011157,0.707578604433467
2026-09-17T02:13:41.219738,69.43,map,roomba,6.086221754311241,6.08049606322126,0.0,1.569461352955012,0.0,0.0,0.7066346391724075,0.7075786081572008
2026-09-17T02:13:41.271736,69.47,map,roomba,6.086243126963661,6.096496047384223,0.0,1.5694635720979073,0.0,0.0,0.7066354242809931,0.7075778240951456
2026-09-17T02:13:41.321688,69.53,map,roomba,6.086275186215916,6.1204960237011585,0.0,1.5694609465086808,0.0,0.0,0.7066344953760283,0.7075787517617144
2026-09-17T02:13:41.369052,69.57,map,roomba,6.086296558943845,6.136496007959746,0.0,1.569462185420758,0.0,0.0,0.7066349336898232,0.7075783140325735
2026-09-17T02:13:41.422273,69.63,map,roomba,6.086328618011488,6.160495984416058,0.0,1.5694562865186898,0.0,0.0,0.7066328467191596,0.7075803982146317
2026-09-17T02:13:41.470327,69.67,map,roomba,6.086349990680961,6.176495968764588,0.0,1.5694586970668303,0.0,0.0,0.7066336995469529,0.7075795465278703
2026-09-17T02:13:41.521933,69.73,map,roomba,6.08670312794164,6.200494956172292,0.0,1.5659714529043323,0.0,0.0,0.7053988746905713,0.7088105724276943
2026-09-17T02:13:41.572186,69.77,map,roomba,6.086780340307099,6.216494768574131,0.0,1.5659723592482773,0.0,0.0,0.7053991959035841,0.7088102527606222
2026-09-17T02:13:41.619270,69.83,map,roomba,6.0868961588203545,6.240494487237321,0.0,1.565969358689989,0.0,0.0,0.7053981324895509,0.7088113110555263
2026-09-17T02:13:41.669036,69.87,map,roomba,6.086973371109981,6.256494299718707,0.0,1.5659744262055946,0.0,0.0,0.7053999284434767,0.7088095237452288
2026-09-17T02:13:41.719963,69.93,map,roomba,6.087089189629902,6.280494018496949,0.0,1.565969287354512,0.0,0.0,0.7053981072078539,0.708811336215482
2026-09-17T02:13:41.769689,69.97,map,roomba,6.087166401906225,6.296493831052734,0.0,1.5659721957828268,0.0,0.0,0.7053991379705881,0.7088103104148185
2026-09-17T02:13:41.822148,70.03,map,roomba,6.08696114217123,6.330494539116514,0.0,1.5694624862335278,0.0,0.0,0.7066350401141115,0.7075782077501597
2026-09-17T02:13:41.881482,70.07,map,roomba,6.086982514722991,6.3464945237728365,0.0,1.5694619785716675,0.0,0.0,0.706634860508854,0.7075783871159663
2026-09-17T02:13:41.928778,70.13,map,roomba,6.087014573641315,6.3704945008070455,0.0,1.5694598877154853,0.0,0.0,0.7066341207861454,0.707579125851513
2026-09-17T02:13:41.979228,70.17,map,roomba,6.087035946263387,6.3864944855287735,0.0,1.5694591294160365,0.0,0.0,0.706633852507664,0.7075793937715943
2026-09-17T02:13:42.030061,70.23,map,roomba,6.087068005312227,6.410494462658009,0.0,1.5694591583369173,0.0,0.0,0.7066338627395736,0.7075793835533575
2026-09-17T02:13:42.079739,70.27,map,roomba,6.087089377869676,6.426494447441302,0.0,1.569462808203565,0.0,0.0,0.7066351540235933,0.7075780939924953
2026-09-17T02:13:42.151679,70.33,map,roomba,6.0874232120985345,6.436493485744922,0.0,1.5659711899608695,0.0,0.0,0.705398781502012,0.7088106651676996
2026-09-17T02:13:42.203500,70.39,map,roomba,6.087558333897223,6.464493154707958,0.0,1.5659671029135864,0.0,0.0,0.7053973330291875,0.7088121066653064
2026-09-17T02:13:42.251227,70.43,map,roomba,6.087635546035189,6.4804929675517045,0.0,1.5659677815186805,0.0,0.0,0.7053975735309,0.7088118673221537
2026-09-17T02:13:42.304831,70.49,map,roomba,6.087751364547104,6.504492686855555,0.0,1.5659703091947368,0.0,0.0,0.7053984693537294,0.7088109758133092
2026-09-17T02:13:42.351353,70.53,map,roomba,6.087828577011483,6.520492499749892,0.0,1.5659723006416446,0.0,0.0,0.7053991751330927,0.7088102734311577
2026-09-17T02:13:42.400561,70.57,map,roomba,6.0879057896033695,6.536492312663576,0.0,1.5659677155365417,0.0,0.0,0.7053975501464381,0.7088118905939736
2026-09-17T02:13:42.453201,70.63,map,roomba,6.0880216083971535,6.560492032070871,0.0,1.5659682179262382,0.0,0.0,0.7053977281963112,0.7088117134017208
2026-09-17T02:13:42.501464,70.67,map,roomba,6.08809882073508,6.576491845033514,0.0,1.565968668018107,0.0,0.0,0.7053978877114877,0.7088115546548118
2026-09-17T02:13:42.554807,70.73,map,roomba,6.088214639097078,6.600491564512292,0.0,1.565969529755359,0.0,0.0,0.7053981931160829,0.7088112507209274
2026-09-17T02:13:42.600657,70.77,map,roomba,6.0882918513157085,6.616491377520335,0.0,1.565969661659281,0.0,0.0,0.7053982398635733,0.7088112041985317
2026-09-17T02:13:42.650743,70.83,map,roomba,6.088407669728423,6.640491097064003,0.0,1.5659685282129703,0.0,0.0,0.7053978381637378,0.7088116039639343
2026-09-17T02:13:42.701092,70.87,map,roomba,6.088484881955306,6.656490910114075,0.0,1.5659678800625605,0.0,0.0,0.705397608455435,0.708811832565846
2026-09-17T02:13:42.763017,70.93,map,roomba,6.078600700473244,6.670490629718396,0.0,1.5659730585439393,0.0,0.0,0.7053994437375084,0.70881000611928
2026-09-17T02:13:42.812957,70.97,map,roomba,6.078677912755127,6.686490442807698,0.0,1.565972648007328,0.0,0.0,0.7053992982412646,0.7088101509154137
2026-09-17T02:13:42.862284,71.03,map,roomba,6.0787937313657086,6.710490162468963,0.0,1.5659728643240922,0.0,0.0,0.7053993749050196,0.7088100746205627
2026-09-17T02:13:42.913267,71.07,map,roomba,6.078870943743155,6.726489975594876,0.0,1.5659737392156097,0.0,0.0,0.705399684970913,0.7088097660465301
2026-09-17T02:13:42.964494,71.14,map,roomba,6.079006065714428,6.754489627394229,0.0,1.56597053592002,0.0,0.0,0.7053985497064095,0.7088108958474709
2026-09-17T02:13:43.012420,71.17,map,roomba,6.079063974805397,6.766489508470387,0.0,1.5659707026207568,0.0,0.0,0.7053986087860563,0.7088108370522395
2026-09-17T02:13:43.063092,71.23,map,roomba,6.089179793395893,6.800489228236203,0.0,1.5659689179786802,0.0,0.0,0.7053979762989534,0.7088114664939762
2026-09-17T02:13:43.112444,71.27,map,roomba,6.089257005717976,6.8164890414298505,0.0,1.565969406069061,0.0,0.0,0.7053981492809617,0.7088112943449718
2026-09-17T02:13:43.163690,71.33,map,roomba,6.089372824213644,6.840488761243617,0.0,1.5659733256788615,0.0,0.0,0.7053995384114551,0.7088099119008608
2026-09-17T02:13:43.247899,71.37,map,roomba,6.089450036739397,6.856488574466953,0.0,1.5659687192621443,0.0,0.0,0.7053979058726703,0.7088115365810939
2026-09-17T02:13:43.298242,71.44,map,roomba,6.08958515837115,6.884488230098299,0.0,1.5659705359277776,0.0,0.0,0.7053985497091588,0.7088108958447347
2026-09-17T02:13:43.344564,71.47,map,roomba,6.089643067605218,6.896488107578161,0.0,1.5659676424377764,0.0,0.0,0.7053975242398006,0.7088119163758181
2026-09-17T02:13:43.394679,71.53,map,roomba,6.089758885889885,6.910487827479352,0.0,1.5659703022741047,0.0,0.0,0.7053984669010195,0.7088109782542109
2026-09-17T02:13:43.446471,71.57,map,roomba,6.089836098380003,6.926487640758674,0.0,1.5659727560570855,0.0,0.0,0.705399336534646,0.708810112806301
2026-09-17T02:13:43.497097,71.63,map,roomba,6.089951917040728,6.950487360697322,0.0,1.5659711855481138,0.0,0.0,0.7053987799381078,0.7088106667240758
2026-09-17T02:13:43.548497,71.67,map,roomba,6.090029129327163,6.966487174002994,0.0,1.565972207872082,0.0,0.0,0.7053991422550824,0.7088103061509433
2026-09-17T02:13:43.598143,71.73,map,roomba,6.0901449479115755,6.990486893978872,0.0,1.5659732060526113,0.0,0.0,0.7053994960153178,0.7088099540930105
2026-09-17T02:13:43.645382,71.77,map,roomba,6.090222160250165,7.006486707308106,0.0,1.5659708123131089,0.0,0.0,0.7053986476616192,0.7088107983638221
2026-09-17T02:13:43.698514,71.83,map,roomba,6.0900169004254145,7.040487416497416,0.0,1.5694612519438833,0.0,0.0,0.7066346034357497,0.7075786438461811
2026-09-17T02:13:43.746269,71.88,map,roomba,6.090043616374397,7.060487384948434,0.0,1.5694605359419034,0.0,0.0,0.7066343501218495,0.7075788968220234
2026-09-17T02:13:43.794929,71.93,map,roomba,6.0900703318817495,7.080487379969893,0.0,1.5694588794934294,0.0,0.0,0.7066337640876151,0.7075794820734761
2026-09-17T02:13:43.844716,71.97,map,roomba,6.090091704464543,7.0964873653734735,0.0,1.5694607387455646,0.0,0.0,0.7066344218716412,0.707578825168003
2026-09-17T02:13:43.896117,72.03,map,roomba,6.090123763514276,7.120487343493614,0.0,1.5694636182775081,0.0,0.0,0.7066354406188237,0.7075778077790748
2026-09-17T02:13:43.944844,72.07,map,roomba,6.090145136242929,7.136487328916697,0.0,1.5694584602146746,0.0,0.0,0.7066336157510775,0.7075796302117229
2026-09-17T02:13:43.997169,72.13,map,roomba,6.0904982733037265,7.160486317888255,0.0,1.5659718074004743,0.0,0.0,0.7053990003258669,0.7088104473970934
2026-09-17T02:13:44.047268,72.19,map,roomba,6.090614092046555,7.184486038005916,0.0,1.5659721381334557,0.0,0.0,0.7053991175393535,0.7088103307477265
2026-09-17T02:13:44.094282,72.23,map,roomba,6.090691304446423,7.200485851426922,0.0,1.565970429399605,0.0,0.0,0.7053985119549931,0.708810933417143
2026-09-17T02:13:44.146021,72.27,map,roomba,6.090768516748245,7.216485664855204,0.0,1.5659706492448227,0.0,0.0,0.7053985898693358,0.7088108558778939
2026-09-17T02:13:44.196613,72.33,map,roomba,6.090884335167241,7.240485385010208,0.0,1.5659725454088256,0.0,0.0,0.7053992618798337,0.7088101871018685
2026-09-17T02:13:44.273344,72.37,map,roomba,6.0909615476043,7.2564851984541345,0.0,1.5659680412318548,0.0,0.0,0.7053976655747841,0.7088117757216262
2026-09-17T02:13:44.323375,72.43,map,roomba,6.09107736611617,7.280484918632357,0.0,1.565972628465411,0.0,0.0,0.7053992913155099,0.708810157807841
2026-09-17T02:13:44.374068,72.49,map,roomba,6.09119318473607,7.30448463882357,0.0,1.565972753119846,0.0,0.0,0.7053993354936735,0.7088101138422644
2026-09-17T02:13:44.424881,72.53,map,roomba,6.091270397175028,7.320484452291508,0.0,1.5659738794987736,0.0,0.0,0.7053997346879496,0.7088097165686785
2026-09-17T02:13:44.476697,72.57,map,roomba,6.091347609615782,7.336484265765068,0.0,1.5659713625069154,0.0,0.0,0.7053988426532481,0.7088106043108117
2026-09-17T02:13:44.525438,72.63,map,roomba,6.091463428163671,7.360483985986219,0.0,1.565969443021596,0.0,0.0,0.7053981623771487,0.7088112813118467
2026-09-17T02:13:44.578003,72.67,map,roomba,6.091540640499527,7.376483799473761,0.0,1.5659690701923,0.0,0.0,0.7053980302443309,0.7088114128083844
2026-09-17T02:13:44.625766,72.73,map,roomba,6.091335380657984,7.400484508893481,0.0,1.5694650429967163,0.0,0.0,0.7066359446684913,0.7075773044003524
2026-09-17T02:13:44.673481,72.77,map,roomba,6.09135675333514,7.416484494424549,0.0,1.569463430120927,0.0,0.0,0.7066353740511099,0.7075778742581258
2026-09-17T02:13:44.726452,72.83,map,roomba,6.091388812367847,7.440484472730175,0.0,1.5694581029860815,0.0,0.0,0.7066334893672284,0.7075797564265779
2026-09-17T02:13:44.777410,72.89,map,roomba,6.091420871512314,7.4644844510461335,0.0,1.5694614980597044,0.0,0.0,0.7066346905088938,0.7075785568891979
2026-09-17T02:13:44.825751,72.93,map,roomba,6.091442244210807,7.480484436595832,0.0,1.5694607884302763,0.0,0.0,0.7066344394495659,0.7075788076135391
2026-09-17T02:13:44.876427,72.99,map,roomba,6.0914743031785745,7.50448441492864,0.0,1.5694589118456779,0.0,0.0,0.7066337755335087,0.7075794706428804
2026-09-17T02:13:44.924165,73.03,map,roomba,6.091816754139798,7.52048341130996,0.0,1.565972349682109,0.0,0.0,0.705399192513285,0.7088102561346058
2026-09-17T02:13:44.974936,73.09,map,roomba,6.091893725269758,7.536470666876441,0.0,1.560995832151864,0.0,0.0,0.7036333072862957,0.7105632757730654
2026-09-17T02:13:45.024869,73.13,map,roomba,6.091893491488362,7.536470977670928,0.0,1.5410367999814625,0.0,0.0,0.6965073099559744,0.7175496966607207
2026-09-17T02:13:45.074170,73.18,map,roomba,6.091893966202199,7.536483218616531,0.0,1.5109705406798293,0.0,0.0,0.6856419965345062,0.7279389071812112
2026-09-17T02:13:45.124517,73.23,map,roomba,6.091892954049845,7.536471763965955,0.0,1.4859721559466674,0.0,0.0,0.6764900268519581,0.7364517931065394
2026-09-17T02:13:45.175727,73.29,map,roomba,6.091892662456871,7.536472224574092,0.0,1.4559706896071085,0.0,0.0,0.6653670131806863,0.7465164015418634
2026-09-17T02:13:45.223690,73.32,map,roomba,6.091893835559888,7.536483221081382,0.0,1.4514405361360325,0.0,0.0,0.6636743908365916,0.7480215925678075
2026-09-17T02:13:45.286205,73.39,map,roomba,6.091892206572441,7.536472956998551,0.0,1.416439304387954,0.0,0.0,0.6504825907943187,0.7595211643354719
2026-09-17T02:13:45.339466,73.43,map,roomba,6.091892048151425,7.536473247051993,0.0,1.3964439643841915,0.0,0.0,0.6428567666273207,0.7659864082354637
2026-09-17T02:13:45.427364,73.47,map,roomba,6.091891899370391,7.536473532878237,0.0,1.3764407761917428,0.0,0.0,0.6351636563948732,0.7723775822711944
2026-09-17T02:13:45.489786,73.53,map,roomba,6.091891693560386,7.536473953516597,0.0,1.3464414321114277,0.0,0.0,0.6235072289515569,0.7818175845075057
2026-09-17T02:13:45.555624,73.57,map,roomba,6.091891567464787,7.536474228438323,0.0,1.3264418272633018,0.0,0.0,0.6156581639995935,0.788013340686977
2026-09-17T02:13:45.608739,73.63,map,roomba,6.091891394216094,7.536474632412744,0.0,1.296438635927829,0.0,0.0,0.6037678748949886,0.7971601804184586
2026-09-17T02:13:45.656282,73.67,map,roomba,6.091891288875761,7.53647489604819,0.0,1.2764392161120544,0.0,0.0,0.5957664507977414,0.8031577280359459
2026-09-17T02:13:45.707416,73.73,map,roomba,6.091891145369454,7.536475282874478,0.0,1.2464397735278254,0.0,0.0,0.5836527404910784,0.8120033734642079
2026-09-17T02:13:45.755266,73.78,map,roomba,6.091893835557295,7.536483221089215,0.0,1.2214405361887142,0.0,0.0,0.5734576777674535,0.819235187116349
2026-09-17T02:13:45.808218,73.83,map,roomba,6.091890942525704,7.536475904313929,0.0,1.196440467359482,0.0,0.0,0.5631726753686619,0.8263392388832227
2026-09-17T02:13:45.859713,73.87,map,roomba,6.091890873310328,7.5364761446797885,0.0,1.176440962624277,0.0,0.0,0.5548814683159269,0.8319294177510259
2026-09-17T02:13:45.905121,73.93,map,roomba,6.091890781443193,7.536476496391685,0.0,1.1464422153165015,0.0,0.0,0.5423410982400056,0.8401583976607176
2026-09-17T02:13:45.956981,73.99,map,roomba,6.091890703168121,7.536476837486987,0.0,1.1164392458458952,0.0,0.0,0.5296769232781897,0.8481994794543031
2026-09-17T02:13:46.005977,74.03,map,roomba,6.091890658129724,7.536477058989237,0.0,1.0964430716705527,0.0,0.0,0.5211702188053022,0.8534527538361063
2026-09-17T02:13:46.058641,74.07,map,roomba,6.091890618532404,7.536477275784867,0.0,1.0764415254119002,0.0,0.0,0.5126091113888016,0.8586220931941964
2026-09-17T02:13:46.106922,74.13,map,roomba,6.091890568840527,7.536477592181822,0.0,1.0464406882979747,0.0,0.0,0.49967223295653757,0.8662145574926732
2026-09-17T02:13:46.155900,74.17,map,roomba,6.0918905418577705,7.53647779727563,0.0,1.0264409592178882,0.0,0.0,0.4909853663548899,0.8711678196681478
2026-09-17T02:13:46.205896,74.23,map,roomba,6.104325846081734,7.557019534877148,0.0,1.0215619788684747,0.0,0.0,0.4888587021723724,0.8723629802498176
2026-09-17T02:13:46.254875,74.27,map,roomba,6.112611625142853,7.570706789947195,0.0,1.023564603264684,0.0,0.0,0.4897319646484736,0.8718730428230628
2026-09-17T02:13:46.306556,74.33,map,roomba,6.125040286606105,7.5912376852636365,0.0,1.0264456800065267,0.0,0.0,0.49098742265309486,0.8711666607466514
2026-09-17T02:13:46.357076,74.37,map,roomba,6.133326086934001,7.604924938478456,0.0,1.0264404881407216,0.0,0.0,0.49098516116124225,0.8711679353141213
2026-09-17T02:13:46.422234,74.43,map,roomba,6.145754790913407,7.625455824048468,0.0,1.026441946091243,0.0,0.0,0.49098579622098454,0.8711675773978539
2026-09-17T02:13:46.469215,74.47,map,roomba,6.154040595638379,7.6391430849277775,0.0,1.0264417243891952,0.0,0.0,0.49098569965116357,0.8711676318241268
2026-09-17T02:13:46.519318,74.53,map,roomba,6.166469305881012,7.659673981714101,0.0,1.0264410470515541,0.0,0.0,0.490985404613821,0.8711677981056247
2026-09-17T02:13:46.583264,74.57,map,roomba,6.174755114763639,7.673361249769981,0.0,1.0264438460403122,0.0,0.0,0.4909866238077769,0.8711671109734576
2026-09-17T02:13:46.631121,74.63,map,roomba,6.2277320045723625,7.673557691511215,0.0,1.0194601628369422,0.0,0.0,0.48794165914289644,0.8728762439618101
2026-09-17T02:13:46.681371,74.67,map,roomba,6.2361131520302155,7.6871867983071,0.0,1.0194612752419705,0.0,0.0,0.4879421446387825,0.8728759725672975
2026-09-17T02:13:46.744588,74.73,map,roomba,6.248684876010852,7.70763046331143,0.0,1.0194604965617973,0.0,0.0,0.48794180479313876,0.8728761625426682
2026-09-17T02:13:46.791929,74.77,map,roomba,6.257066027205844,7.721259576387337,0.0,1.0194619056404837,0.0,0.0,0.48794241976861574,0.8728758187682529
2026-09-17T02:13:46.841665,74.83,map,roomba,6.269637756714656,7.741703250459247,0.0,1.0194583765953342,0.0,0.0,0.48794087955876914,0.8728766797523089
2026-09-17T02:13:46.892714,74.87,map,roomba,6.278018911354261,7.755332369469325,0.0,1.0194612979295126,0.0,0.0,0.4879421545404875,0.8728759670321935
2026-09-17T02:13:46.942436,74.93,map,roomba,6.278012144643053,7.755321970701958,0.0,0.9943868063255697,0.0,0.0,0.47696063318229254,0.8789246579737916
2026-09-17T02:13:46.992430,74.97,map,roomba,6.278012130220529,7.755322232466644,0.0,0.9727048447209535,0.0,0.0,0.4674043869086138,0.8840436296352024
2026-09-17T02:13:47.046183,75.03,map,roomba,6.278012116006595,7.755322615077317,0.0,0.9394629653568606,0.0,0.0,0.4526468675263005,0.8916898638644648
2026-09-17T02:13:47.091961,75.07,map,roomba,6.278012112507337,7.755322862688145,0.0,0.9194577206789777,0.0,0.0,0.4437051352797142,0.8961728365256395
2026-09-17T02:13:47.142689,75.13,map,roomba,6.278012116358848,7.7553232225379976,0.0,0.8894621469006795,0.0,0.0,0.4302151287662258,0.9027263943081867
2026-09-17T02:13:47.197106,75.17,map,roomba,6.278012124641067,7.755323454816225,0.0,0.8694638097768576,0.0,0.0,0.4211672587999558,0.906982987775918
2026-09-17T02:13:47.242120,75.23,map,roomba,6.278012145052806,7.75532379196563,0.0,0.8394596525138749,0.0,0.0,0.40751374552381525,0.913199073153905
2026-09-17T02:13:47.295788,75.29,map,roomba,6.2780121743807005,7.755324115802275,0.0,0.8094571716444261,0.0,0.0,0.39376928843958925,0.9192093055892002
2026-09-17T02:13:47.342043,75.33,map,roomba,6.278012198528308,7.755324324418877,0.0,0.7894597486422488,0.0,0.0,0.3845588496984095,0.9231004772605397
2026-09-17T02:13:47.393246,75.37,map,roomba,6.278012226112276,7.755324527304151,0.0,0.7694931131997264,0.0,0.0,0.37532423374224805,0.9268935858909556
2026-09-17T02:13:47.445475,75.43,map,roomba,6.298035313604478,7.774914718021439,0.0,0.7697865504858721,0.0,0.0,0.37546022227127285,0.9268385088525436
2026-09-17T02:13:47.519167,75.47,map,roomba,6.309471967965645,7.786103908342903,0.0,0.7728573734441463,0.0,0.0,0.3768828576264485,0.9262609306385119
2026-09-17T02:13:47.568636,75.53,map,roomba,6.326626964231605,7.802887689127216,0.0,0.7744607560274067,0.0,0.0,0.3776253117557934,0.9259584893078846
2026-09-17T02:13:47.623522,75.57,map,roomba,6.338063643909003,7.814076867163222,0.0,0.7744624446038108,0.0,0.0,0.37762609353148685,0.9259581704829591
2026-09-17T02:13:47.668821,75.63,map,roomba,6.355218667675941,7.830860639570373,0.0,0.7744614654806985,0.0,0.0,0.3776256402179188,0.9259583553540661
2026-09-17T02:13:47.718508,75.67,map,roomba,6.366655353089434,7.842049824486041,0.0,0.7744599140834857,0.0,0.0,0.3776249219531994,0.9259586482774704
2026-09-17T02:13:47.769568,75.73,map,roomba,6.403585446272499,7.859062720216978,0.0,0.7779491979768788,0.0,0.0,0.37923981272977003,0.925298419127953
2026-09-17T02:13:47.819090,75.77,map,roomba,6.41498301708882,7.870291757553005,0.0,0.7779504840028698,0.0,0.0,0.3792404077085999,0.9252981752716337
2026-09-17T02:13:47.871034,75.83,map,roomba,6.432079377367415,7.887135317957454,0.0,0.7779491301631976,0.0,0.0,0.3792397813558238,0.9252984319867763
2026-09-17T02:13:47.918293,75.87,map,roomba,6.443476953302651,7.898364361286458,0.0,0.7779456794878041,0.0,0.0,0.37923818490299394,0.92529908630209
2026-09-17T02:13:47.968739,75.93,map,roomba,6.460573320979919,7.915207930442391,0.0,0.777948814870738,0.0,0.0,0.3792396354860099,0.9252984917724866
2026-09-17T02:13:48.023292,75.99,map,roomba,6.477669692737024,7.932051504731597,0.0,0.7779537329439624,0.0,0.0,0.3792419108277317,0.9252975592055405
2026-09-17T02:13:48.068979,76.03,map,roomba,6.489067276271916,7.9332805568400975,0.0,0.7779531182352635,0.0,0.0,0.3792416264334844,0.9252976757671476
2026-09-17T02:13:48.119449,76.07,map,roomba,6.500464861569521,7.944509611028495,0.0,0.7779509050853121,0.0,0.0,0.3792406025219992,0.9252980954258746
2026-09-17T02:13:48.168966,76.13,map,roomba,6.517561242594507,7.961353196230013,0.0,0.7779536459850754,0.0,0.0,0.3792418705963085,0.9252975756947669
2026-09-17T02:13:48.220233,76.17,map,roomba,6.528958831956963,7.972582255547584,0.0,0.7779511565090479,0.0,0.0,0.37924071884294813,0.9252980477508228
2026-09-17T02:13:48.268575,76.23,map,roomba,6.546055219012715,7.9894258480786835,0.0,0.7779505852465921,0.0,0.0,0.37924045454891514,0.9252981560737772
2026-09-17T02:13:48.319985,76.27,map,roomba,6.557452812275144,8.000654912125567,0.0,0.7779504857207047,0.0,0.0,0.37924040850335466,0.9252981749458975
2026-09-17T02:13:48.368671,76.33,map,roomba,6.574323467181302,8.02772683897317,0.0,0.7814403715742295,0.0,0.0,0.3808544228291669,0.9246350137278287
2026-09-17T02:13:48.418554,76.37,map,roomba,6.58568180537311,8.038995616556356,0.0,0.7814406575343904,0.0,0.0,0.38085455503355176,0.9246349592732233
2026-09-17T02:13:48.468408,76.43,map,roomba,6.602719315263195,8.055898786113936,0.0,0.7814421990469378,0.0,0.0,0.38085526770163425,0.924634665726911
2026-09-17T02:13:48.539450,76.49,map,roomba,6.619756828210811,8.072801959325853,0.0,0.7814394825419089,0.0,0.0,0.38085401181392337,0.9246351830236831
2026-09-17T02:13:48.632277,76.53,map,roomba,6.6311151717610475,8.084070743487427,0.0,0.7814427508774077,0.0,0.0,0.38085552282241086,0.9246345606431051
2026-09-17T02:13:48.692324,76.57,map,roomba,6.642473519620017,8.095339531789627,0.0,0.7814416598700087,0.0,0.0,0.3808550184307807,0.9246347684010643
2026-09-17T02:13:48.742474,76.63,map,roomba,6.659736774478332,8.10201438255778,0.0,0.7779519457883067,0.0,0.0,0.3792410840021973,0.925297898087334
2026-09-17T02:13:48.801091,76.69,map,roomba,6.676833184950377,8.11885800332779,0.0,0.7779532073765626,0.0,0.0,0.37924166767460255,0.9252976588641011
2026-09-17T02:13:48.844018,76.73,map,roomba,6.688230793396667,8.130087085553647,0.0,0.7779494370950402,0.0,0.0,0.37923992335759577,0.925298373786383
2026-09-17T02:13:48.900409,76.79,map,roomba,6.705327208136665,8.14693071143077,0.0,0.7779490358093789,0.0,0.0,0.3792397377031032,0.925298449878136
2026-09-17T02:13:48.957480,76.83,map,roomba,6.716724819293458,8.15815979700211,0.0,0.7779501077420056,0.0,0.0,0.3792402336318476,0.9252982466182791
2026-09-17T02:13:49.008515,76.87,map,roomba,6.728122431459583,8.169388883881702,0.0,0.7779501918056422,0.0,0.0,0.3792402725238151,0.9252982306781217
2026-09-17T02:13:49.056170,76.93,map,roomba,6.744993113305821,8.196460844365431,0.0,0.7814413016558283,0.0,0.0,0.3808548528221317,0.9246348366148835
2026-09-17T02:13:49.108616,76.97,map,roomba,6.756351469178923,8.20772964343261,0.0,0.7814401457631647,0.0,0.0,0.380854318432756,0.9246350567283943
2026-09-17T02:13:49.157829,77.03,map,roomba,6.77338900473878,8.224632844241729,0.0,0.7814423189383558,0.0,0.0,0.3808553231295143,0.9246346428962703
2026-09-17T02:13:49.231425,77.09,map,roomba,6.790426542462706,8.241536047478583,0.0,0.7814422035360233,0.0,0.0,0.38085526977701634,0.924634664872065
2026-09-17T02:13:49.275986,77.13,map,roomba,6.801784902041339,8.252804851007301,0.0,0.781439403846183,0.0,0.0,0.38085397543150457,0.9246351980094738
2026-09-17T02:13:49.343633,77.17,map,roomba,6.813143262505944,8.264073655565781,0.0,0.781441867195235,0.0,0.0,0.38085511428083496,0.9246347289206328
2026-09-17T02:13:49.389104,77.23,map,roomba,6.830406543304691,8.27074853627487,0.0,0.7779475273700883,0.0,0.0,0.3792390398247267,0.9252987359079333
2026-09-17T02:13:49.439608,77.27,map,roomba,6.841804164546898,8.281977634292971,0.0,0.7779521556945952,0.0,0.0,0.379241181115119,0.9252978582847847
2026-09-17T02:13:49.504181,77.33,map,roomba,6.8589005981204405,8.298821282881766,0.0,0.7779525902561429,0.0,0.0,0.3792413821645447,0.9252977758829456
2026-09-17T02:13:49.556271,77.37,map,roomba,6.870298221466157,8.310050383097579,0.0,0.7779502725785369,0.0,0.0,0.379240309893323,0.9252982153619537
2026-09-17T02:13:49.622568,77.43,map,roomba,6.887394657841888,8.326894035139222,0.0,0.7779502621628338,0.0,0.0,0.37924030507450734,0.9252982173369808
2026-09-17T02:13:49.698760,77.47,map,roomba,6.898792283021753,8.338123137560606,0.0,0.777950559020894,0.0,0.0,0.3792404424156201,0.9252981610466999
2026-09-17T02:13:49.750946,77.53,map,roomba,6.8986164313352365,8.348283493280924,0.0,0.7563010215498571,0.0,0.0,0.3692022807679345,0.929349060297451
2026-09-17T02:13:49.797948,77.58,map,roomba,6.898624249555975,8.348290671587137,0.0,0.7264405404749532,0.0,0.0,0.3552862421876887,0.9347575547232293
2026-09-17T02:13:49.847858,77.63,map,roomba,6.898616589776761,8.348284300404384,0.0,0.701438580014413,0.0,0.0,0.3435734000986744,0.9391258268968201
2026-09-17T02:13:49.897438,77.67,map,roomba,6.89861665992627,8.348284608288385,0.0,0.6814425617099046,0.0,0.0,0.3341669962253454,0.9425138824620728
2026-09-17T02:13:49.947163,77.73,map,roomba,6.898616772899178,8.348285053052283,0.0,0.6514386079783084,0.0,0.0,0.3199903521411588,0.9474208011947897
2026-09-17T02:13:49.998261,77.77,map,roomba,6.8986168529692655,8.34828533840895,0.0,0.6314374798181736,0.0,0.0,0.31049976644812033,0.9505734558863206
2026-09-17T02:13:50.050094,77.83,map,roomba,6.898616979538406,8.348285750094824,0.0,0.6014382254698893,0.0,0.0,0.2962071248274538,0.9551237297865932
2026-09-17T02:13:50.112866,77.87,map,roomba,6.898617067855043,8.348286013876525,0.0,0.5814427378227536,0.0,0.0,0.28664339798527594,0.9580373491630975
2026-09-17T02:13:50.191920,77.93,map,roomba,6.898617426187155,8.348286050156997,0.0,0.6114416408172049,0.0,0.0,0.3009806494863455,0.9536302473363445
2026-09-17T02:13:50.273203,77.97,map,roomba,6.89861768938169,8.348286031670122,0.0,0.6314405409760435,0.0,0.0,0.3105012213754643,0.9505729806408053
2026-09-17T02:13:50.324415,78.03,map,roomba,6.898618072466078,8.348286014453556,0.0,0.6614395794311116,0.0,0.0,0.3247238959425257,0.9458088556383407
2026-09-17T02:13:50.372018,78.07,map,roomba,6.89861832011894,8.34828600960221,0.0,0.6814416250363563,0.0,0.0,0.3341665548113975,0.9425140389646625
2026-09-17T02:13:50.422607,78.13,map,roomba,6.898618680123258,8.348286011630226,0.0,0.7114430789796188,0.0,0.0,0.34826682366513334,0.9373954445879279
2026-09-17T02:13:50.491775,78.17,map,roomba,6.898618912557928,8.348286018829814,0.0,0.7314410986125953,0.0,0.0,0.3576222839842911,0.9338663191259545
2026-09-17T02:13:50.543236,78.23,map,roomba,6.898619026580843,8.348286291230625,0.0,0.7014404309151764,0.0,0.0,0.34357426921288226,0.9391255089362837
2026-09-17T02:13:50.590645,78.27,map,roomba,6.898619073881946,8.34828650186643,0.0,0.6814401581640516,0.0,0.0,0.3341658635374373,0.9425142840542412
2026-09-17T02:13:50.641855,78.33,map,roomba,6.898619150146578,8.348286806183175,0.0,0.6514411366541596,0.0,0.0,0.3199915500009534,0.9474203966180944
2026-09-17T02:13:50.721693,78.37,map,roomba,6.8986192042533085,8.34828700145179,0.0,0.6314392472049456,0.0,0.0,0.31050060646347505,0.9505731814993595
2026-09-17T02:13:50.768013,78.43,map,roomba,6.898619289851818,8.348287283201,0.0,0.6014413975609193,0.0,0.0,0.2962086396967891,0.9551232599874101
2026-09-17T02:13:50.818089,78.48,map,roomba,6.898624249564378,8.348290671596596,0.0,0.5864405292232859,0.0,0.0,0.28903653593723333,0.9573180667329978
2026-09-17T02:13:50.868534,78.53,map,roomba,6.898619594855996,8.34828748937634,0.0,0.6114403932748633,0.0,0.0,0.300980054639231,0.9536304350792111
2026-09-17T02:13:50.920541,78.57,map,roomba,6.898619775093781,8.348287477349672,0.0,0.6297079761744399,0.0,0.0,0.30967764032758366,0.9508416056742257
2026-09-17T02:13:50.968427,78.63,map,roomba,6.898619854082081,8.348287722945006,0.0,0.5914378582945883,0.0,0.0,0.29142764787692715,0.9565928737205405
2026-09-17T02:13:51.018852,78.67,map,roomba,6.898619908121729,8.348287881543841,0.0,0.5714376566516378,0.0,0.0,0.2818472105760034,0.9594593007994273
2026-09-17T02:13:51.069972,78.73,map,roomba,6.89861999230429,8.348288110024715,0.0,0.5414419648062373,0.0,0.0,0.2674262291599675,0.9635783372187653
2026-09-17T02:13:51.120050,78.77,map,roomba,6.8986200503057935,8.34828825620579,0.0,0.5214396042079114,0.0,0.0,0.25777609477293933,0.9662046806777602
2026-09-17T02:13:51.168193,78.83,map,roomba,6.898620139797671,8.348288466506823,0.0,0.49143975312278415,0.0,0.0,0.24325464100079103,0.9699624630013145
2026-09-17T02:13:51.218247,78.87,map,roomba,6.898620200936408,8.348288600865777,0.0,0.4714401603116997,0.0,0.0,0.23354321336403358,0.9723464236020007
2026-09-17T02:13:51.281175,78.93,map,roomba,6.898620371980781,8.3482886388007,0.0,0.48989384054365676,0.0,0.0,0.24250482982140145,0.970150198429755
2026-09-17T02:13:51.330911,78.97,map,roomba,6.89862050986317,8.348288613247629,0.0,0.5114404879436669,0.0,0.0,0.25294229680328073,0.9674813664809679
2026-09-17T02:13:51.379497,79.03,map,roomba,6.898620611991228,8.348288758919153,0.0,0.48144169992609404,0.0,0.0,0.23840275355170196,0.9711663745718169
2026-09-17T02:13:51.430061,79.07,map,roomba,6.898620666867543,8.348288876828326,0.0,0.4614397159417257,0.0,0.0,0.22867836592159968,0.9735020313072936
2026-09-17T02:13:51.482012,79.13,map,roomba,6.898620750804687,8.348289046171182,0.0,0.43144317767835416,0.0,0.0,0.21405234795782033,0.9768221907459639
2026-09-17T02:13:51.531975,79.17,map,roomba,6.898620807700903,8.348289154174953,0.0,0.41144171441633454,0.0,0.0,0.20427287012126102,0.978913987300428
2026-09-17T02:13:51.581615,79.23,map,roomba,6.898620894217713,8.348289309056035,0.0,0.38144156548508434,0.0,0.0,0.18956665756227106,0.9818678538075624
2026-09-17T02:13:51.633880,79.27,map,roomba,6.898620952548329,8.348289407682099,0.0,0.36144351394902835,0.0,0.0,0.17973962278005765,0.9837142206976996
2026-09-17T02:13:51.680757,79.33,map,roomba,6.898621040813387,8.34828954888902,0.0,0.3314381222541689,0.0,0.0,0.16496158356048768,0.9862999928770233
2026-09-17T02:13:51.748126,79.37,map,roomba,6.898621100054371,8.34828963865899,0.0,0.3114420327170984,0.0,0.0,0.15509243157717229,0.9878999633907677
2026-09-17T02:13:51.798891,79.43,map,roomba,6.89862123790589,8.348289616454707,0.0,0.3414387274603882,0.0,0.0,0.1698912991656013,0.9854628082620999
2026-09-17T02:13:51.848463,79.49,map,roomba,6.89862138239506,8.348289567747015,0.0,0.37143859654143235,0.0,0.0,0.18465351022632923,0.9828036839374865
2026-09-17T02:13:51.913163,79.53,map,roomba,6.898621476494026,8.348289538671079,0.0,0.39143645051711723,0.0,0.0,0.19447109814097235,0.980908248506375
2026-09-17T02:13:51.961475,79.57,map,roomba,6.898621568800697,8.348289512191567,0.0,0.4114421959345685,0.0,0.0,0.2042731058037223,0.9789139381198437
2026-09-17T02:13:52.010785,79.63,map,roomba,6.898621703887382,8.348289477119906,0.0,0.4414393457460832,0.0,0.0,0.21893189342766947,0.9757401426815315
2026-09-17T02:13:52.060036,79.67,map,roomba,6.898621791690573,8.34828945669554,0.0,0.4597103024000212,0.0,0.0,0.22783648673515697,0.9736994070616356
2026-09-17T02:13:52.109647,79.73,map,roomba,6.898621850239797,8.348289571140565,0.0,0.4214423493261261,0.0,0.0,0.20916517669109738,0.9778803244056923
2026-09-17T02:13:52.159549,79.77,map,roomba,6.898621889540612,8.348289644811809,0.0,0.4014387894990484,0.0,0.0,0.19937433407598146,0.9799234025737721
2026-09-17T02:13:52.210032,79.83,map,roomba,6.898621949265456,8.348289750445897,0.0,0.3714411063869163,0.0,0.0,0.1846547435688777,0.9828034522108233
2026-09-17T02:13:52.272365,79.88,map,roomba,6.898624249572736,8.348290671602548,0.0,0.3464405362129879,0.0,0.0,0.17235531355215344,0.9850348450132812
2026-09-17T02:13:52.320212,79.93,map,roomba,6.898622050377494,8.348289913986843,0.0,0.32143984601727205,0.0,0.0,0.16002889290246133,0.9871123307083204
2026-09-17T02:13:52.373097,79.97,map,roomba,6.898622091210857,8.348289975189441,0.0,0.3014415524874595,0.0,0.0,0.15015077629742637,0.9886631096472045
2026-09-17T02:13:52.420617,80.03,map,roomba,6.898622185468681,8.348289959512481,0.0,0.33143885231055636,0.0,0.0,0.16496194358778155,0.9862999326613288
2026-09-17T02:13:52.472159,80.07,map,roomba,6.898622251575301,8.3482899364845,0.0,0.35143995695994085,0.0,0.0,0.17481707432288124,0.984600929577658
2026-09-17T02:13:52.523078,80.13,map,roomba,6.898622348468432,8.34828990546617,0.0,0.3814368188986074,0.0,0.0,0.18956432730139872,0.9818683037020638
2026-09-17T02:13:52.573121,80.18,map,roomba,6.898624249573803,8.348290671602715,0.0,0.40644053592896046,0.0,0.0,0.20182437223184213,0.9794217287630609
2026-09-17T02:13:52.622275,80.23,map,roomba,6.898622503860744,8.348289862578078,0.0,0.43144016462108337,0.0,0.0,0.21405087634697537,0.976822513220847
2026-09-17T02:13:52.670608,80.27,map,roomba,6.8986225638727205,8.348289848307848,0.0,0.4514410534336904,0.0,0.0,0.22380866935473115,0.9746330999518047
2026-09-17T02:13:52.724689,80.33,map,roomba,6.898622611835877,8.348289909994431,0.0,0.42144176351900087,0.0,0.0,0.20916489026645757,0.9778803856708758
2026-09-17T02:13:52.771415,80.37,map,roomba,6.898622638460871,8.348289960538565,0.0,0.40144187935042674,0.0,0.0,0.19937584798458158,0.9799230945540721
2026-09-17T02:13:52.820613,80.43,map,roomba,6.898622678943739,8.348290033025947,0.0,0.37143856161643946,0.0,0.0,0.18465349306412338,0.9828036871619976
2026-09-17T02:13:52.887335,80.47,map,roomba,6.898622706235847,8.348290079189255,0.0,0.35143807451443954,0.0,0.0,0.17481614759400857,0.9846010941190294
2026-09-17T02:13:52.934854,80.53,map,roomba,6.898622747532209,8.348290145288438,0.0,0.32143954591403034,0.0,0.0,0.16002874478465434,0.9871123547209041
2026-09-17T02:13:52.986058,80.59,map,roomba,6.898622798591399,8.34829017899909,0.0,0.3165610204752926,0.0,0.0,0.15762044472022788,0.987499769825896
2026-09-17T02:13:53.038794,80.63,map,roomba,6.898622844814413,8.348290162857833,0.0,0.3414448081444917,0.0,0.0,0.1698942953088325,0.9854622917298841
2026-09-17T02:13:53.087215,80.67,map,roomba,6.898622890278825,8.348290147796781,0.0,0.3614391659480273,0.0,0.0,0.1797374841844247,0.9837146114494049
2026-09-17T02:13:53.135152,80.73,map,roomba,6.89862295688685,8.348290127593941,0.0,0.3914395065716368,0.0,0.0,0.1944725969952884,0.9809079513480906
2026-09-17T02:13:53.184609,80.78,map,roomba,6.898624249576248,8.348290671603642,0.0,0.4164405359238753,0.0,0.0,0.20671893766917881,0.9784003683609926
2026-09-17T02:13:53.235903,80.83,map,roomba,6.898623063634975,8.3482900998894,0.0,0.4414429747037606,0.0,0.0,0.21893366388715008,0.9757397454326375
2026-09-17T02:13:53.287766,80.89,map,roomba,6.898623119403573,8.348290097696545,0.0,0.4579840836188527,0.0,0.0,0.22699599287337957,0.9738956921659674
2026-09-17T02:13:53.336964,80.93,map,roomba,6.898623136995863,8.348290133476212,0.0,0.43144154426755504,0.0,0.0,0.21405155018179137,0.9768223655633465
2026-09-17T02:13:53.391456,80.99,map,roomba,6.898623163606282,8.348290185321824,0.0,0.4014418436315223,0.0,0.0,0.19937583048369187,0.9799230981148155
2026-09-17T02:13:53.438745,81.03,map,roomba,6.898623181612781,8.348290218377386,0.0,0.38143882246970107,0.0,0.0,0.18956531092277912,0.9818681137987678
2026-09-17T02:13:53.484594,81.07,map,roomba,6.898623199799153,8.348290250257364,0.0,0.3614398540283701,0.0,0.0,0.1797378226217576,0.9837145496124318
2026-09-17T02:13:53.534294,81.13,map,roomba,6.898623227357292,8.348290295930031,0.0,0.3314384345524262,0.0,0.0,0.16496173757037014,0.9862999671184037
2026-09-17T02:13:53.586589,81.17,map,roomba,6.898623245877946,8.348290324984653,0.0,0.31144007564119053,0.0,0.0,0.15509146487948916,0.9879001151541253
2026-09-17T02:13:53.634101,81.23,map,roomba,6.898623290140942,8.348290318572154,0.0,0.34143954735571186,0.0,0.0,0.16989170315376112,0.9854627386154762
2026-09-17T02:13:53.684916,81.27,map,roomba,6.898623321295416,8.348290308440776,0.0,0.3614386199327624,0.0,0.0,0.17973721562282097,0.9837146605190733
2026-09-17T02:13:53.734810,81.33,map,roomba,6.898623366930959,8.348290294872054,0.0,0.3914433156346823,0.0,0.0,0.19447446516504996,0.9809075809671204
2026-09-17T02:13:53.783962,81.37,map,roomba,6.898623396620227,8.348290286862946,0.0,0.4114427712698121,0.0,0.0,0.20427338740555837,0.9789138793570447
2026-09-17T02:13:53.834678,81.43,map,roomba,6.898623440048538,8.348290276323336,0.0,0.4414445821021665,0.0,0.0,0.21893444808833507,0.9757395694755113
2026-09-17T02:13:53.915877,81.47,map,roomba,6.898623468262702,8.348290270233619,0.0,0.4614369670948947,0.0,0.0,0.22867702791739677,0.9735023456072749
2026-09-17T02:13:53.966647,81.53,map,roomba,6.8986234901067895,8.348290299596975,0.0,0.4314417935932643,0.0,0.0,0.21405167195525426,0.9768223388790616
2026-09-17T02:13:54.018665,81.57,map,roomba,6.898623502079528,8.34829032353362,0.0,0.41144064119204904,0.0,0.0,0.2042723448240994,0.9789140969155896
2026-09-17T02:13:54.085268,81.63,map,roomba,6.898623520327261,8.348290357886594,0.0,0.38143916158206187,0.0,0.0,0.1895654774045834,0.9818680816567836
2026-09-17T02:13:54.174827,81.66,map,roomba,6.898624249579704,8.348290671605103,0.0,0.36644053621008027,0.0,0.0,0.1821968801353403,0.9832620692719456
2026-09-17T02:13:54.241353,81.73,map,roomba,6.898623551349645,8.34829041115183,0.0,0.3314386622627712,0.0,0.0,0.16496184986572193,0.9862999483366502
2026-09-17T02:13:54.316075,81.77,map,roomba,6.898623563919217,8.348290431113167,0.0,0.31144129439420687,0.0,0.0,0.15509206688258295,0.9879000206448466
2026-09-17T02:13:54.365944,81.83,map,roomba,6.89862359421817,8.34829042689957,0.0,0.3414388706239042,0.0,0.0,0.1698913697067611,0.9854627961009794
2026-09-17T02:13:54.416145,81.87,map,roomba,6.898623615561263,8.34829042008737,0.0,0.36144135337939204,0.0,0.0,0.1797385600884148,0.9837144148671114
2026-09-17T02:13:54.464266,81.93,map,roomba,6.898623646819627,8.348290410978208,0.0,0.3914414398217503,0.0,0.0,0.19447354516540166,0.9809077633655473
2026-09-17T02:13:54.516977,81.97,map,roomba,6.898623667152002,8.348290405611493,0.0,0.4114425272265634,0.0,0.0,0.2042732679568952,0.978913904282808
2026-09-17T02:13:54.564341,82.03,map,roomba,6.898623696888307,8.348290398565279,0.0,0.44143997788070105,0.0,0.0,0.21893220182721965,0.9757400734842684
2026-09-17T02:13:54.615964,82.07,map,roomba,6.8986237162039465,8.348290394505355,0.0,0.4597118372620762,0.0,0.0,0.22783723398222624,0.9736992322125597
2026-09-17T02:13:54.666659,82.13,map,roomba,6.898623728501186,8.348290419891814,0.0,0.4214410502017388,0.0,0.0,0.20916454149696456,0.977880460271277
2026-09-17T02:13:54.715220,82.17,map,roomba,6.898623736774509,8.348290436244579,0.0,0.4014366284364189,0.0,0.0,0.19937327523794254,0.9799236180034113
2026-09-17T02:13:54.764622,82.23,map,roomba,6.89862374937837,8.348290459710476,0.0,0.3714393677632206,0.0,0.0,0.18465388920612283,0.9828036127330083
2026-09-17T02:13:54.817764,82.27,map,roomba,6.898623757890554,8.348290474663473,0.0,0.3514413695354382,0.0,0.0,0.17481776973441154,0.9846008061062546
2026-09-17T02:13:54.869272,82.33,map,roomba,6.898623770791626,8.348290496086953,0.0,0.3214370967702487,0.0,0.0,0.16002753599449168,0.9871125506868665
2026-09-17T02:13:54.919268,82.37,map,roomba,6.898623779463379,8.348290509716318,0.0,0.30144206547411295,0.0,0.0,0.15015102988291146,0.9886630711344998
2026-09-17T02:13:54.989678,82.43,map,roomba,6.89862380017028,8.348290506742906,0.0,0.3314410246559692,0.0,0.0,0.16496301487975143,0.9862997534835861
2026-09-17T02:13:55.040208,82.47,map,roomba,6.898623814740664,8.348290502015672,0.0,0.3514391094469306,0.0,0.0,0.17481665709181668,0.9846010036574421
2026-09-17T02:13:55.091520,82.53,map,roomba,6.898623836082187,8.34829049568533,0.0,0.38143930631173434,0.0,0.0,0.18956554845730586,0.9818680679389064
2026-09-17T02:13:55.143822,82.57,map,roomba,6.898623849965488,8.3482904919492,0.0,0.4014384905633966,0.0,0.0,0.19937418760895875,0.9799234323738094
2026-09-17T02:13:55.190036,82.63,map,roomba,6.898623870272173,8.348290487033108,0.0,0.4314410317575456,0.0,0.0,0.21405129986616445,0.9768224204150954
2026-09-17T02:13:55.241803,82.69,map,roomba,6.898623888113054,8.34829048645034,0.0,0.44798171636656425,0.0,0.0,0.22212254320048253,0.9750187566411991
2026-09-17T02:13:55.289473,82.73,map,roomba,6.898623893689175,8.348290497970705,0.0,0.42144029604146976,0.0,0.0,0.20916417275765423,0.9778805391430009
2026-09-17T02:13:55.339461,82.77,map,roomba,6.898623899299364,8.348290509199856,0.0,0.40144039807270626,0.0,0.0,0.199375122215403,0.9799232422193042
2026-09-17T02:13:55.389909,82.83,map,roomba,6.8986239078515466,8.348290525315846,0.0,0.37143663534612265,0.0,0.0,0.1846525464912528,0.9828038650078131
2026-09-17T02:13:55.439906,82.87,map,roomba,6.898623913630974,8.348290535586958,0.0,0.35143793601627676,0.0,0.0,0.17481607941128682,0.9846011062248847
2026-09-17T02:13:55.490672,82.93,map,roomba,6.8986239223953,8.348290550304917,0.0,0.3214405133532418,0.0,0.0,0.1600292222702347,0.9871122773117473
2026-09-17T02:13:55.540675,82.97,map,roomba,6.898623928289572,8.34829055966981,0.0,0.3031725770943134,0.0,0.0,0.1510064200360979,0.9885327820097225
2026-09-17T02:13:55.590759,83.03,map,roomba,6.898623943612083,8.348290554645143,0.0,0.3414395078704297,0.0,0.0,0.1698916836981239,0.9854627419695869
2026-09-17T02:13:55.641829,83.07,map,roomba,6.898623953618918,8.348290551561607,0.0,0.3614407769999098,0.0,0.0,0.17973827659200473,0.9837144666658796
2026-09-17T02:13:55.690408,83.13,map,roomba,6.8986239676625685,8.348290548832935,0.0,0.3864437226506572,0.0,0.0,0.19202179075553358,0.9813906622110474
2026-09-17T02:13:55.757551,83.17,map,roomba,6.898623977796143,8.348290545036388,0.0,0.4114401921025822,0.0,0.0,0.20427212501408928,0.978914142783844
2026-09-17T02:13:55.803132,83.23,map,roomba,6.898623991724486,8.34829054187998,0.0,0.44144132517245277,0.0,0.0,0.21893285913044644,0.9757399260012721
2026-09-17T02:13:55.854142,83.29,map,roomba,6.898624003925779,8.348290541664404,0.0,0.45798137061730115,0.0,0.0,0.2269946717829088,0.9738960000853117
2026-09-17T02:13:55.906126,83.33,map,roomba,6.898624007630199,8.348290549611367,0.0,0.4314392673315492,0.0,0.0,0.21405043810064486,0.9768226092535542
2026-09-17T02:13:55.954889,83.37,map,roomba,6.898624011361787,8.34829055735927,0.0,0.41143674699533284,0.0,0.0,0.2042704387816813,0.9789144946520811
2026-09-17T02:13:56.003390,83.43,map,roomba,6.898624017060819,8.348290568483797,0.0,0.3814390057907484,0.0,0.0,0.18956540092132382,0.981868096423108
2026-09-17T02:13:56.076077,83.47,map,roomba,6.8986240209187635,8.348290575576865,0.0,0.36144011308830276,0.0,0.0,0.17973795004226858,0.9837145263309894
2026-09-17T02:13:56.125959,83.53,map,roomba,6.898624026778312,8.348290585745442,0.0,0.3314383942088123,0.0,0.0,0.16496171767491755,0.9862999704459798
2026-09-17T02:13:56.187761,83.59,map,roomba,6.898624034256312,8.348290591100724,0.0,0.3265618718839698,0.0,0.0,0.16255637278718663,0.9866992579637796
2026-09-17T02:13:56.224930,83.63,map,roomba,6.898624041245221,8.34829058893423,0.0,0.35144119750344066,0.0,0.0,0.17481768504298914,0.984600821143376
2026-09-17T02:13:56.275740,83.67,map,roomba,6.89862404811356,8.348290586924021,0.0,0.3714412311640382,0.0,0.0,0.18465480488457042,0.9828034406904776
2026-09-17T02:13:56.324634,83.73,map,roomba,6.898624058165024,8.348290584255885,0.0,0.40144048261704984,0.0,0.0,0.19937516363888652,0.9799232337912839
2026-09-17T02:13:56.375610,83.77,map,roomba,6.898624064698265,8.348290582697889,0.0,0.4214410718342491,0.0,0.0,0.2091645520739691,0.9778804580088999
2026-09-17T02:13:56.424729,83.83,map,roomba,6.898624074246324,8.348290580674284,0.0,0.45144019357470566,0.0,0.0,0.2238082503311966,0.9746331961736623
2026-09-17T02:13:56.475374,83.87,map,roomba,6.898624080443971,8.348290579524086,0.0,0.4714423225442884,0.0,0.0,0.23354426458345934,0.9723461711140591
2026-09-17T02:13:56.526958,83.93,map,roomba,6.898624085050153,8.348290586126389,0.0,0.4414400458035,0.0,0.0,0.218932234964718,0.9757400660490239
2026-09-17T02:13:56.574927,83.97,map,roomba,6.89862408753397,8.348290591470008,0.0,0.42144315140326727,0.0,0.0,0.20916556885880802,0.9778802405223102
2026-09-17T02:13:56.626371,84.03,map,roomba,6.898624091334512,8.348290599145454,0.0,0.39144038799452463,0.0,0.0,0.19447302929262908,0.9809078656416964
2026-09-17T02:13:56.675846,84.07,map,roomba,6.898624093911766,8.348290604041336,0.0,0.37143880921131106,0.0,0.0,0.18465361473269834,0.9828036643023612
2026-09-17T02:13:56.725740,84.13,map,roomba,6.898624097832356,8.348290611062936,0.0,0.34144460455491726,0.0,0.0,0.16989419499390732,0.9854623090242327
2026-09-17T02:13:56.776473,84.19,map,roomba,6.898624102345449,8.348290616255808,0.0,0.32490359952420184,0.0,0.0,0.1617382089514293,0.9868337001568115
2026-09-17T02:13:56.825784,84.23,map,roomba,6.898624107120533,8.348290614809365,0.0,0.3514422075719945,0.0,0.0,0.17481818230013063,0.9846007328543273
2026-09-17T02:13:56.887398,84.28,map,roomba,6.898624249587087,8.348290671607911,0.0,0.37644053593720284,0.0,0.0,0.18711089240681314,0.9823387979423016
2026-09-17T02:13:56.937709,84.33,map,roomba,6.898624118692669,8.34829061165106,0.0,0.4014387653863726,0.0,0.0,0.1993743222616938,0.9799234049774963
2026-09-17T02:13:56.987237,84.37,map,roomba,6.898624123160279,8.348290610600861,0.0,0.4214387868446109,0.0,0.0,0.20916343485047567,0.9778806969776788
2026-09-17T02:13:57.037971,84.43,map,roomba,6.898624129688754,8.348290609238656,0.0,0.4514416840681588,0.0,0.0,0.22380897667333352,0.9746330293810257
2026-09-17T02:13:57.085584,84.47,map,roomba,6.898624133925919,8.34829060846571,0.0,0.4714375193656669,0.0,0.0,0.23354192940661495,0.9723467319886644
2026-09-17T02:13:57.158219,84.53,map,roomba,6.898624137656273,8.348290611880707,0.0,0.4529885058703042,0.0,0.0,0.2245627014703735,0.9744596416005785
2026-09-17T02:13:57.212613,84.59,map,roomba,6.89862414015183,8.348290617355971,0.0,0.4214394919686057,0.0,0.0,0.2091637796140344,0.9778806232345396
2026-09-17T02:13:57.259771,84.63,map,roomba,6.898624141850366,8.348290620853799,0.0,0.4014398981606852,0.0,0.0,0.19937487727769257,0.9799232920542837
2026-09-17T02:13:57.309895,84.67,map,roomba,6.89862414357406,8.348290624231069,0.0,0.3814429547702337,0.0,0.0,0.1895673396094393,0.9818677221262544
2026-09-17T02:13:57.359157,84.73,map,roomba,6.898624146200337,8.348290629076427,0.0,0.35143773799434197,0.0,0.0,0.174815981924978,0.984601123533589
2026-09-17T02:13:57.409368,84.77,map,roomba,6.898624147974261,8.34829063216331,0.0,0.33144446949679424,0.0,0.0,0.16496471370233498,0.9862994693464591
2026-09-17T02:13:57.458714,84.83,map,roomba,6.89862415252086,8.34829063172685,0.0,0.361442996092698,0.0,0.0,0.17973936806873342,0.9837142672373175
2026-09-17T02:13:57.509829,84.87,map,roomba,6.898624155741771,8.348290630839012,0.0,0.3814417984515268,0.0,0.0,0.1895667719334002,0.9818678317262208
2026-09-17T02:13:57.566271,84.93,map,roomba,6.898624160453185,8.34829062966676,0.0,0.4114414134495919,0.0,0.0,0.2042727228109817,0.978914018040087
2026-09-17T02:13:57.608970,84.97,map,roomba,6.898624163514029,8.34829062898659,0.0,0.4314396611900701,0.0,0.0,0.21405063046559478,0.9768225671007409
2026-09-17T02:13:57.659503,85.03,map,roomba,6.898624167985251,8.348290628110078,0.0,0.4614405429195282,0.0,0.0,0.22867876845386542,0.9735019367512442
2026-09-17T02:13:57.723609,85.07,map,roomba,6.898624170886186,8.348290627616887,0.0,0.48144224507234357,0.0,0.0,0.2384030182655465,0.9711663095895973
2026-09-17T02:13:57.772474,85.13,map,roomba,6.898624172999009,8.348290630750085,0.0,0.45143795124233593,0.0,0.0,0.22380715760527375,0.9746334470992919
2026-09-17T02:13:57.822359,85.17,map,roomba,6.89862417412915,8.348290633276626,0.0,0.43143839853027943,0.0,0.0,0.21405001376826308,0.9768227022371083
2026-09-17T02:13:57.876173,85.23,map,roomba,6.89862417586228,8.348290636906881,0.0,0.4014404127601725,0.0,0.0,0.1993751294116978,0.9799232407551465
2026-09-17T02:13:57.922461,85.27,map,roomba,6.898624177040087,8.348290639223332,0.0,0.3814402878380489,0.0,0.0,0.18956603032195607,0.9818679749070011
2026-09-17T02:13:57.977931,85.33,map,roomba,6.898624178835272,8.348290642546733,0.0,0.3514437843700755,0.0,0.0,0.17481895855834934,0.984600595027534
2026-09-17T02:13:58.022749,85.38,map,roomba,6.898624249590149,8.348290671609142,0.0,0.3364405292688383,0.0,0.0,0.1674280019886256,0.9858843056617226
2026-09-17T02:13:58.073531,85.43,map,roomba,6.8986241831557145,8.348290644371762,0.0,0.36144063447692676,0.0,0.0,0.17973820649104416,0.9837144794742948
2026-09-17T02:13:58.122892,85.47,map,roomba,6.898624185356814,8.348290643768031,0.0,0.3814392171379596,0.0,0.0,0.18956550467886463,0.9818680763910431
2026-09-17T02:13:58.176577,85.54,map,roomba,6.898624249589739,8.348290671608964,0.0,0.4164405359273846,0.0,0.0,0.20671893767089564,0.9784003683606299
2026-09-17T02:13:58.249000,85.57,map,roomba,6.898624190667768,8.348290642508585,0.0,0.43143737919103115,0.0,0.0,0.21404951591137578,0.9768228113317715
2026-09-17T02:13:58.300836,85.63,map,roomba,6.898624193722778,8.348290641912776,0.0,0.46144636347917706,0.0,0.0,0.22868160161594253,0.9735012712279154
2026-09-17T02:13:58.351729,85.67,map,roomba,6.898624195704763,8.348290641577572,0.0,0.4814395614461895,0.0,0.0,0.23840171514167768,0.9711666294810105
2026-09-17T02:13:58.402109,85.73,map,roomba,6.898624197149759,8.348290643726173,0.0,0.45144143006879395,0.0,0.0,0.2238088528952465,0.9746330578046868
2026-09-17T02:13:58.450077,85.77,map,roomba,6.898624197923499,8.348290645458201,0.0,0.4314406780871273,0.0,0.0,0.21405112712956406,0.9768224582668865
2026-09-17T02:13:58.500543,85.83,map,roomba,6.8986241991102855,8.348290647946751,0.0,0.4014366553520984,0.0,0.0,0.19937328842559757,0.9799236153202776
2026-09-17T02:13:58.551980,85.88,map,roomba,6.898624249590827,8.348290671609433,0.0,0.37644053620683354,0.0,0.0,0.18711089253924756,0.9823387979170761
2026-09-17T02:13:58.602157,85.93,map,roomba,6.8986242011469,8.348290651812597,0.0,0.35143958004795084,0.0,0.0,0.17481688876893026,0.9846009625229661
2026-09-17T02:13:58.649516,85.97,map,roomba,6.898624201978067,8.348290653263769,0.0,0.3314415866591012,0.0,0.0,0.1649632920315202,0.9862997071286818
2026-09-17T02:13:58.699521,86.03,map,roomba,6.898624204101559,8.348290653065611,0.0,0.3614418350315911,0.0,0.0,0.17973879699251516,0.9837143715813466
2026-09-17T02:13:58.749340,86.07,map,roomba,6.89862420560513,8.34829065265324,0.0,0.38144011733409966,0.0,0.0,0.1895659466157717,0.9818679910678759
2026-09-17T02:13:58.801578,86.13,map,roomba,6.898624207804313,8.348290652108613,0.0,0.411441480282392,0.0,0.0,0.20427275552276397,0.9789140112140274
2026-09-17T02:13:58.851708,86.19,map,roomba,6.898624209935984,8.348290651647918,0.0,0.4414397245811008,0.0,0.0,0.21893207824993266,0.9757401012119802
2026-09-17T02:13:58.899718,86.23,map,roomba,6.898624211319661,8.348290651384868,0.0,0.4614411866137407,0.0,0.0,0.22867908177263482,0.9735018631515938
2026-09-17T02:13:58.950796,86.27,map,roomba,6.89862421267344,8.348290651155345,0.0,0.47971418985537223,0.0,0.0,0.23756381487690478,0.9713719338446689
2026-09-17T02:13:59.000728,86.33,map,roomba,6.8986242134759115,8.348290652987885,0.0,0.4414439797173546,0.0,0.0,0.21893415420297657,0.9757396354168602
2026-09-17T02:13:59.050384,86.37,map,roomba,6.898624214018683,8.348290654169013,0.0,0.42143585675072065,0.0,0.0,0.2091620022091234,0.9778810034108806
2026-09-17T02:13:59.101778,86.43,map,roomba,6.898624214850532,8.348290655865565,0.0,0.3914419826972436,0.0,0.0,0.19447381142078748,0.9809077105780503
2026-09-17T02:13:59.151459,86.47,map,roomba,6.898624215415341,8.348290656947635,0.0,0.37143870381828936,0.0,0.0,0.18465356294237412,0.982803674032961
2026-09-17T02:13:59.203256,86.53,map,roomba,6.898624216275465,8.348290658499351,0.0,0.3414394983135048,0.0,0.0,0.1698916789891272,0.9854627427814079
2026-09-17T02:13:59.250382,86.57,map,roomba,6.898624216856184,8.348290659487429,0.0,0.3214441809420968,0.0,0.0,0.16003103243095906,0.9871119838493915
2026-09-17T02:13:59.316748,86.63,map,roomba,6.898624218305606,8.348290659336662,0.0,0.35143942255824456,0.0,0.0,0.17481681123667156,0.9846009762888934
2026-09-17T02:13:59.365705,86.69,map,roomba,6.898624219833784,8.348290658907068,0.0,0.38144345430941845,0.0,0.0,0.1895675848501341,0.9818676747780666
2026-09-17T02:13:59.419742,86.73,map,roomba,6.898624220827335,8.348290658654282,0.0,0.40143723923722907,0.0,0.0,0.19937357450700313,0.9799235571146866
2026-09-17T02:13:59.464619,86.77,map,roomba,6.898624221800653,8.348290658427121,0.0,0.4214417070411347,0.0,0.0,0.2091648626521587,0.9778803915774688
2026-09-17T02:13:59.519649,86.83,map,roomba,6.898624223222752,8.348290658132143,0.0,0.45144078806618404,0.0,0.0,0.22380854003675155,0.9746331296475704
2026-09-17T02:13:59.565516,86.87,map,roomba,6.898624224145611,8.348290657964522,0.0,0.4714384685595471,0.0,0.0,0.23354239087937242,0.9723466211502699
2026-09-17T02:13:59.614010,86.93,map,roomba,6.898624224835315,8.34829065896525,0.0,0.4414415634852133,0.0,0.0,0.2189329753960825,0.9757398999140182
2026-09-17T02:13:59.664002,86.97,map,roomba,6.898624225209205,8.348290659773998,0.0,0.4214393276300258,0.0,0.0,0.20916369926227718,0.9778806404213756
2026-09-17T02:13:59.715735,87.03,map,roomba,6.898624225781816,8.348290660935344,0.0,0.39144075591382915,0.0,0.0,0.19447320974009566,0.980907829866489
2026-09-17T02:13:59.764342,87.07,map,roomba,6.898624226170573,8.348290661675959,0.0,0.37143834928429437,0.0,0.0,0.18465338872371476,0.9828037067659283
2026-09-17T02:13:59.814219,87.13,map,roomba,6.898624226762558,8.348290662737856,0.0,0.3414405149579282,0.0,0.0,0.16989217992170622,0.9854626564215666
2026-09-17T02:13:59.864355,87.17,map,roomba,6.89862422716221,8.348290663413925,0.0,0.3214400313355536,0.0,0.0,0.16002898436744106,0.9871123158801764
2026-09-17T02:13:59.916134,87.23,map,roomba,6.898624228152395,8.348290663308955,0.0,0.3514376234950333,0.0,0.0,0.1748159255569037,0.984601133541742
2026-09-17T02:13:59.968013,87.29,map,roomba,6.898624229195527,8.348290663012724,0.0,0.3814419271507166,0.0,0.0,0.18956683511619699,0.9818678195276738
2026-09-17T02:14:00.017757,87.33,map,roomba,6.8986242298737706,8.348290662838163,0.0,0.4014379266305939,0.0,0.0,0.199373911303467,0.9799234885905926
2026-09-17T02:14:00.078598,87.39,map,roomba,6.89862423086529,8.34829066260888,0.0,0.43144048397465246,0.0,0.0,0.21405103232285064,0.9768224790418789
2026-09-17T02:14:00.114965,87.44,map,roomba,6.898624249593812,8.34829067161056,0.0,0.45644053591796085,0.0,0.0,0.22624429811635816,0.9740705916769259
2026-09-17T02:14:00.164595,87.47,map,roomba,6.898624232139187,8.348290662360249,0.0,0.4714396903561329,0.0,0.0,0.2335429848842198,0.9723464784794406
2026-09-17T02:14:00.215656,87.53,map,roomba,6.898624232613479,8.348290663044459,0.0,0.44143800646729686,0.0,0.0,0.21893124003358339,0.9757402892867331
2026-09-17T02:14:00.265729,87.57,map,roomba,6.898624232871622,8.348290663597757,0.0,0.4214376363268418,0.0,0.0,0.20916287231588207,0.9778808173006412
2026-09-17T02:14:00.319130,87.63,map,roomba,6.898624233266774,8.348290664392106,0.0,0.39144410258913587,0.0,0.0,0.19447485112982962,0.9809075044457712
2026-09-17T02:14:00.406947,87.67,map,roomba,6.898624233534993,8.348290664898594,0.0,0.37144504362813663,0.0,0.0,0.18465667833565166,0.9828030886937849
2026-09-17T02:14:00.457840,87.73,map,roomba,6.898624233943322,8.348290665624653,0.0,0.34144041960652527,0.0,0.0,0.16989213293908262,0.9854626645212943
2026-09-17T02:14:00.528581,87.77,map,roomba,6.898624234218928,8.348290666086811,0.0,0.3214401473120588,0.0,0.0,0.16002904160835907,0.9871123066003736
2026-09-17T02:14:00.575049,87.83,map,roomba,6.8986242348953315,8.348290666012822,0.0,0.3514405699653812,0.0,0.0,0.17481737610573625,0.9846008759957029
2026-09-17T02:14:00.657099,87.87,map,roomba,6.8986242353722105,8.348290665872806,0.0,0.37144236667218816,0.0,0.0,0.18465536287519901,0.9828033358518014
2026-09-17T02:14:00.720376,87.93,map,roomba,6.89862423607006,8.348290665686449,0.0,0.401439980301357,0.0,0.0,0.1993749175234711,0.9799232838658897
2026-09-17T02:14:00.790638,87.97,map,roomba,6.89862423652357,8.348290665577238,0.0,0.42143804356396064,0.0,0.0,0.20916307143056106,0.9778807747111782
2026-09-17T02:14:00.840486,88.03,map,roomba,6.898624237186286,8.348290665434753,0.0,0.4514394868128339,0.0,0.0,0.22380790591439162,0.9746332752631703
2026-09-17T02:14:00.891432,88.07,map,roomba,6.898624237616414,8.348290665353302,0.0,0.4714409448132343,0.0,0.0,0.2335435947676463,0.9723463319944213
2026-09-17T02:14:00.952554,88.13,map,roomba,6.898624238001417,8.348290665704642,0.0,0.4529912172837029,0.0,0.0,0.22456402255163146,0.9744593371585242
2026-09-17T02:14:01.002443,88.17,map,roomba,6.898624238176422,8.348290666084317,0.0,0.4314421644669268,0.0,0.0,0.21405185309408978,0.9768222991859811
2026-09-17T02:14:01.051414,88.23,map,roomba,6.898624238444303,8.348290666629914,0.0,0.4031705628751195,0.0,0.0,0.20022276185811436,0.9797503996599893
2026-09-17T02:14:01.104261,88.27,map,roomba,6.898624238720532,8.348290666760212,0.0,0.4064387416728649,0.0,0.0,0.2018234935650574,0.9794219098249718
2026-09-17T02:14:01.152660,88.33,map,roomba,6.898624239122463,8.348290666947936,0.0,0.4064398558968578,0.0,0.0,0.20182403921272163,0.9794217973865303
2026-09-17T02:14:01.214615,88.39,map,roomba,6.898624239509503,8.348290667128484,0.0,0.40644094950139,0.0,0.0,0.2018245747627497,0.9794216870285419
2026-09-17T02:14:01.263427,88.43,map,roomba,6.898624239759536,8.348290667244996,0.0,0.40644054113868144,0.0,0.0,0.2018243747830991,0.9794217282373365
2026-09-17T02:14:01.315426,88.47,map,roomba,6.898624240003354,8.348290667358519,0.0,0.40644123044417607,0.0,0.0,0.20182471234347651,0.9794216586779532
2026-09-17T02:14:01.365831,88.53,map,roomba,6.898624240357777,8.348290667523365,0.0,0.4064376887385621,0.0,0.0,0.2018229779315666,0.9794220160782758
2026-09-17T02:14:01.412929,88.59,map,roomba,6.898624240699073,8.34829066768189,0.0,0.40643879790347803,0.0,0.0,0.2018235211018046,0.979421904150642
2026-09-17T02:14:01.478717,88.63,map,roomba,6.898624240919558,8.348290667784184,0.0,0.40644368953491555,0.0,0.0,0.20182591658668936,0.9794214105245722
2026-09-17T02:14:01.528213,88.67,map,roomba,6.898624241134571,8.348290667883845,0.0,0.40477802620760145,0.0,0.0,0.20101015352414653,0.9795891578514939
2026-09-17T02:14:01.591242,88.73,map,roomba,6.898624241206738,8.34829066863442,0.0,0.32087815554820776,0.0,0.0,0.15975166080101527,0.9871572351309175
2026-09-17T02:14:01.638788,88.77,map,roomba,6.898624241210352,8.348290669372364,0.0,0.23426148811542688,0.0,0.0,0.11686309634675278,0.9931480336345884
2026-09-17T02:14:01.690649,88.83,map,roomba,6.898624241326553,8.348290670444499,0.0,0.11251100138381452,0.0,0.0,0.05622583359758637,0.9984180765772706
2026-09-17T02:14:01.742755,88.87,map,roomba,6.898624241469825,8.348290671126266,0.0,0.03250879772185996,0.0,0.0,0.016253683120170004,0.9998679001673316
2026-09-17T02:14:01.790236,88.93,map,roomba,6.8986242417762575,8.348290672090968,0.0,-0.08748665491324048,0.0,0.0,-0.043729378470371005,0.9990434132001448
2026-09-17T02:14:01.838989,88.96,map,roomba,6.898624249607255,8.348290671612355,0.0,-0.14749064805943443,0.0,0.0,-0.07367849977547787,0.9972820456976225
2026-09-17T02:14:01.890643,89.03,map,roomba,6.8986242424989275,8.348290673521038,0.0,-0.2874921656798477,0.0,0.0,-0.14325155800699443,0.9896863094579862
2026-09-17T02:14:01.939079,89.07,map,roomba,6.898624242850515,8.348290674024396,0.0,-0.3674891542480433,0.0,0.0,-0.18271238823970623,0.9831664066594947
2026-09-17T02:14:01.989033,89.13,map,roomba,6.898624243432104,8.34829067470082,0.0,-0.48748724760496653,0.0,0.0,-0.24133727623054307,0.970441301213846
2026-09-17T02:14:02.042675,89.17,map,roomba,6.898624243849988,8.348290675097815,0.0,-0.5674898317373245,0.0,0.0,-0.2799527740551422,0.9600137729735082
2026-09-17T02:14:02.089671,89.23,map,roomba,6.898624244511922,8.34829067561083,0.0,-0.6874883717914468,0.0,0.0,-0.3370145950521301,0.9414994225817925
2026-09-17T02:14:02.142421,89.29,map,roomba,6.898624245204124,8.348290676024357,0.0,-0.807487004247349,0.0,0.0,-0.3928635994287027,0.9195967552378183
2026-09-17T02:14:02.192690,89.33,map,roomba,6.898624245676,8.348290676245163,0.0,-0.8874869099733845,0.0,0.0,-0.4293233698427202,0.9031508423884079
2026-09-17T02:14:02.242770,89.37,map,roomba,6.898624246151936,8.348290676422737,0.0,-0.9674881376173752,0.0,0.0,-0.465096901188117,0.8852597768481356
2026-09-17T02:14:02.295635,89.43,map,roomba,6.8986242468658325,8.348290676610066,0.0,-1.0874902601733802,0.0,0.0,-0.5173446091008531,0.855777164590342
2026-09-17T02:14:02.341662,89.47,map,roomba,6.898624247237056,8.348290676638754,0.0,-1.1440413797825588,0.0,0.0,-0.5413321666571241,0.8408088280592109
2026-09-17T02:14:02.389799,89.53,map,roomba,6.898624247336127,8.348290676456003,0.0,-1.133672175090721,0.0,0.0,-0.5369656512487375,0.843604107018819
2026-09-17T02:14:02.439562,89.57,map,roomba,6.898624247396967,8.34829067633647,0.0,-1.1274915956446194,0.0,0.0,-0.5343561103163245,0.8452594556511084
2026-09-17T02:14:02.489119,89.62,map,roomba,6.898624249623973,8.348290671599841,0.0,-1.1274906485427358,0.0,0.0,-0.5343557100428532,0.845259708695853
2026-09-17T02:14:02.563884,89.67,map,roomba,6.898624247539718,8.348290676048062,0.0,-1.127492754092345,0.0,0.0,-0.5343565999106817,0.8452591461391563
2026-09-17T02:14:02.611491,89.73,map,roomba,6.898624247620714,8.348290675884037,0.0,-1.127492964989395,0.0,0.0,-0.534356689042009,0.8452590897920363
2026-09-17T02:14:02.661692,89.77,map,roomba,6.898624247672964,8.34829067577806,0.0,-1.1274913402974691,0.0,0.0,-0.5343560023990235,0.8452595238742565
2026-09-17T02:14:02.720684,89.83,map,roomba,6.898624247748803,8.34829067562399,0.0,-1.1274878975003266,0.0,0.0,-0.534354547369695,0.8452604437126633
2026-09-17T02:14:02.771114,89.87,map,roomba,6.898624247797726,8.348290675524447,0.0,-1.1274924064446044,0.0,0.0,-0.5343564529844574,0.8452592390230759
2026-09-17T02:14:02.824050,89.93,map,roomba,6.898624247868731,8.348290675379733,0.0,-1.1274933985896842,0.0,0.0,-0.5343568722942893,0.8452589739434091
2026-09-17T02:14:02.874047,89.97,map,roomba,6.898624247914535,8.348290675286234,0.0,-1.1274918228022552,0.0,0.0,-0.5343562063198908,0.8452593949595676
2026-09-17T02:14:02.920913,90.03,map,roomba,6.8986242479810125,8.34829067515031,0.0,-1.1274904342253844,0.0,0.0,-0.5343556194659391,0.8452597659566984
2026-09-17T02:14:02.971404,90.07,map,roomba,6.898624248023894,8.348290675062488,0.0,-1.127487128949797,0.0,0.0,-0.5343542225569746,0.8452606490518362
2026-09-17T02:14:03.021623,90.13,map,roomba,6.898624248086129,8.348290674934809,0.0,-1.127489391622447,0.0,0.0,-0.5343551788307092,0.8452600445169527
2026-09-17T02:14:03.073370,90.19,map,roomba,6.898624248145949,8.348290674811837,0.0,-1.1274908402075725,0.0,0.0,-0.5343557910461327,0.8452596574872492
2026-09-17T02:14:03.123425,90.23,map,roomba,6.89862424818453,8.34829067473239,0.0,-1.1274935291047186,0.0,0.0,-0.5343569274537902,0.8452589390726045
2026-09-17T02:14:03.171005,90.27,map,roomba,6.898624248222111,8.348290674654903,0.0,-1.1274901070061352,0.0,0.0,-0.534355481173299,0.8452598533824094
2026-09-17T02:14:03.221174,90.33,map,roomba,6.90892377703628,8.326599475203249,0.0,-1.127325880258306,0.0,0.0,-0.5342860722335069,0.8453037282641618
2026-09-17T02:14:03.272020,90.37,map,roomba,6.915786494181002,8.31214633304481,0.0,-1.1274925091407928,0.0,0.0,-0.5343564963869079,0.8452592115848893
2026-09-17T02:14:03.320973,90.43,map,roomba,6.926080574195619,8.29046660600764,0.0,-1.127486408576593,0.0,0.0,-0.534353918105379,0.8452608415190129
2026-09-17T02:14:03.371783,90.48,map,roomba,6.934654197433483,8.272410220527174,0.0,-1.1274906485323921,0.0,0.0,-0.5343557100384816,0.8452597086986167
2026-09-17T02:14:03.421395,90.53,map,roomba,6.943237389524976,8.254333694471466,0.0,-1.1274930941171009,0.0,0.0,-0.5343567436151914,0.8452590552919079
2026-09-17T02:14:03.473410,90.57,map,roomba,6.950100120952934,8.239880518812608,0.0,-1.1274895754260965,0.0,0.0,-0.5343552565116473,0.8452599954087332
2026-09-17T02:14:03.521105,90.63,map,roomba,6.960394223432956,8.218200743932375,0.0,-1.1274895052130078,0.0,0.0,-0.5343552268374895,0.8452600141680991
2026-09-17T02:14:03.599582,90.67,map,roomba,6.967256962064005,8.203747553394933,0.0,-1.127489700852987,0.0,0.0,-0.5343553095208127,0.8452599618974724
2026-09-17T02:14:03.646498,90.73,map,roomba,6.957840873453143,8.042205980709516,0.0,-1.1240030842755724,0.0,0.0,-0.5328809495837462,0.8461902230413236
2026-09-17T02:14:03.695122,90.77,map,roomba,6.964754018416944,8.02777681505543,0.0,-1.1239994725009173,0.0,0.0,-0.5328794214586767,0.8461911853628977
2026-09-17T02:14:03.764773,90.83,map,roomba,6.975123740826254,8.006133056660095,0.0,-1.124003421148275,0.0,0.0,-0.5328810921129322,0.8461901332847888
2026-09-17T02:14:03.810665,90.87,map,roomba,6.980308581833174,7.995311219576143,0.0,-1.124002107423784,0.0,0.0,-0.5328805362824662,0.846190483314077
2026-09-17T02:14:03.859776,90.93,map,roomba,6.992406623862149,7.970060100485439,0.0,-1.1240010517084107,0.0,0.0,-0.532880089614241,0.8461907645990462
2026-09-17T02:14:03.911380,90.97,map,roomba,6.999319781154742,7.955630909425349,0.0,-1.1240022954375573,0.0,0.0,-0.5328806158301967,0.846190433219633
2026-09-17T02:14:03.963659,91.03,map,roomba,7.0096895211097925,7.933987113927653,0.0,-1.1239977825328655,0.0,0.0,-0.5328787064404521,0.8461916356371945
2026-09-17T02:14:04.010267,91.07,map,roomba,7.016602683782079,7.919557911212703,0.0,-1.123998828929296,0.0,0.0,-0.5328791491663326,0.8461913568358905
2026-09-17T02:14:04.060942,91.13,map,roomba,7.026972431759652,7.8979140988740255,0.0,-1.1239999103155636,0.0,0.0,-0.5328796066961112,0.8461910687116697
2026-09-17T02:14:04.111817,91.17,map,roomba,7.033885599637263,7.883484885292935,0.0,-1.1240023146774947,0.0,0.0,-0.5328806239705222,0.8461904280933381
2026-09-17T02:14:04.172572,91.23,map,roomba,7.0425270448208535,7.865448398816037,0.0,-1.124000650367008,0.0,0.0,-0.5328799198085361,0.8461908715324505
2026-09-17T02:14:04.222150,91.27,map,roomba,7.05116852792488,7.847411833367186,0.0,-1.1240001587691288,0.0,0.0,-0.5328797118157012,0.8461910025137441
2026-09-17T02:14:04.283048,91.33,map,roomba,7.061538290590081,7.825767990421811,0.0,-1.1239983968453149,0.0,0.0,-0.5328789663534551,0.8461914719601429
2026-09-17T02:14:04.333989,91.37,map,roomba,7.068451468042676,7.811338757114405,0.0,-1.1240035433120827,0.0,0.0,-0.5328811437998356,0.8461901007353956
2026-09-17T02:14:04.383513,91.43,map,roomba,7.07882123780143,7.7896949004578,0.0,-1.1239992852373546,0.0,0.0,-0.5328793422282864,0.8461912352573435
2026-09-17T02:14:04.433590,91.47,map,roomba,7.08573441947602,7.775265658122071,0.0,-1.1239987363553088,0.0,0.0,-0.532879109998678,0.8461913815012634
2026-09-17T02:14:04.483296,91.53,map,roomba,7.096104195001226,7.753621788167022,0.0,-1.1239994205966244,0.0,0.0,-0.532879399498199,0.8461911991922623
2026-09-17T02:14:04.537875,91.59,map,roomba,7.106473974021037,7.731977910725967,0.0,-1.1239994003434923,0.0,0.0,-0.5328793909291879,0.8461912045885006
2026-09-17T02:14:04.583276,91.63,map,roomba,7.113387162148974,7.717548655191716,0.0,-1.1240000623539883,0.0,0.0,-0.5328796710228882,0.8461910282025793
2026-09-17T02:14:04.655575,91.67,map,roomba,7.120300351635689,7.70311939648699,0.0,-1.1240012099782435,0.0,0.0,-0.5328801565774748,0.8461907224296222
2026-09-17T02:14:04.708560,91.73,map,roomba,7.130670138791735,7.681475502874689,0.0,-1.1240014196803745,0.0,0.0,-0.5328802453014707,0.8461906665565654
2026-09-17T02:14:04.756674,91.77,map,roomba,7.137583331911124,7.667046236769204,0.0,-1.1240024104427917,0.0,0.0,-0.5328806644883604,0.8461904025776016
2026-09-17T02:14:04.806751,91.83,map,roomba,7.147953124174743,7.645402332318549,0.0,-1.123998388646477,0.0,0.0,-0.5328789628845617,0.846191474144637
2026-09-17T02:14:04.858966,91.87,map,roomba,7.154866320655509,7.630973059242562,0.0,-1.1240014603789907,0.0,0.0,-0.5328802625208653,0.8461906557128209
2026-09-17T02:14:04.905641,91.93,map,roomba,7.16494631700539,7.599190919717424,0.0,-1.1274936394683945,0.0,0.0,-0.5343569740967312,0.8452589095858057
2026-09-17T02:14:04.962971,91.99,map,roomba,7.17524051685827,7.5775109407368895,0.0,-1.1274906190076508,0.0,0.0,-0.5343556975604444,0.8452597165869735
2026-09-17T02:14:05.006983,92.03,map,roomba,7.182103317981885,7.563057618182631,0.0,-1.1274900946252187,0.0,0.0,-0.534355475940753,0.8452598566903147
2026-09-17T02:14:05.057083,92.07,map,roomba,7.1889661203690345,7.54860429326598,0.0,-1.1274854820169373,0.0,0.0,-0.5343535265130245,0.8452610890743134
2026-09-17T02:14:05.108627,92.13,map,roomba,7.199260325891098,7.526924301419749,0.0,-1.127491586983029,0.0,0.0,-0.5343561066556788,0.8452594579652953
2026-09-17T02:14:05.156253,92.17,map,roomba,7.206123131097694,7.512470970755675,0.0,-1.1274912559465173,0.0,0.0,-0.5343559667498002,0.8452595464109746
2026-09-17T02:14:05.207548,92.23,map,roomba,7.216707141943785,7.500929195703506,0.0,-1.1239992311567213,0.0,0.0,-0.5328793193470073,0.8461912496665693
2026-09-17T02:14:05.256376,92.27,map,roomba,7.223620349850623,7.486499898724484,0.0,-1.1240016023198751,0.0,0.0,-0.5328803225753889,0.8461906178940709
2026-09-17T02:14:05.307604,92.33,map,roomba,7.233990163724148,7.464855949460356,0.0,-1.123998400669181,0.0,0.0,-0.5328789679713165,0.846191470941314
2026-09-17T02:14:05.357127,92.37,map,roomba,7.24090337413101,7.450426647424522,0.0,-1.1240023078212886,0.0,0.0,-0.5328806210696942,0.8461904299201078
2026-09-17T02:14:05.406627,92.43,map,roomba,7.251273191456352,7.428782690724043,0.0,-1.1240028480243962,0.0,0.0,-0.5328808496270246,0.8461902859881932
2026-09-17T02:14:05.456278,92.47,map,roomba,7.258186404315199,7.414353383991714,0.0,-1.1239990006765257,0.0,0.0,-0.5328792218318412,0.8461913110756286
2026-09-17T02:14:05.506773,92.53,map,roomba,7.268556224970869,7.392709420353815,0.0,-1.123999069674695,0.0,0.0,-0.5328792510246667,0.8461912926917827
2026-09-17T02:14:05.555939,92.57,map,roomba,7.275469439901017,7.378280109102432,0.0,-1.1240026594926065,0.0,0.0,-0.5328807698601378,0.8461903362206796
2026-09-17T02:14:05.607608,92.63,map,roomba,7.28583926354232,7.356636138884883,0.0,-1.12399982565921,0.0,0.0,-0.5328795708783857,0.8461910912674911
2026-09-17T02:14:05.660333,92.69,map,roomba,7.296209089275067,7.334992165100925,0.0,-1.1240007062502493,0.0,0.0,-0.5328799434524802,0.8461908566429216
2026-09-17T02:14:05.711909,92.72,map,roomba,7.3013928348171895,7.32417261383118,0.0,-1.1240006483685356,0.0,0.0,-0.5328799189629916,0.8461908720649234
2026-09-17T02:14:05.780071,92.77,map,roomba,7.310035525899213,7.306133527684214,0.0,-1.1239977943321948,0.0,0.0,-0.5328787114326989,0.8461916324933888
2026-09-17T02:14:05.831366,92.83,map,roomba,7.320405355293261,7.284489545645386,0.0,-1.124000703339836,0.0,0.0,-0.5328799422210977,0.846190857418372
2026-09-17T02:14:05.882963,92.87,map,roomba,7.327318575826306,7.270060222489278,0.0,-1.1240021407556817,0.0,0.0,-0.5328805503850335,0.8461904744331171
2026-09-17T02:14:05.931189,92.93,map,roomba,7.337688408059019,7.248416235184751,0.0,-1.1240044032450134,0.0,0.0,-0.532881507633153,0.8461898716142955
2026-09-17T02:14:05.979989,92.97,map,roomba,7.344601630313289,7.233986908573781,0.0,-1.124003874612183,0.0,0.0,-0.532881283971261,0.8461900124635957
2026-09-17T02:14:06.033039,93.03,map,roomba,7.354971464653148,7.2123429160591455,0.0,-1.1240033335527848,0.0,0.0,-0.532881055051712,0.8461901566237782
2026-09-17T02:14:06.079599,93.07,map,roomba,7.3618846884288915,7.197913586159899,0.0,-1.123999351411409,0.0,0.0,-0.5328793702262385,0.8461912176259497
2026-09-17T02:14:06.131358,93.14,map,roomba,7.373981936118651,7.172664124396659,0.0,-1.1240006483337794,0.0,0.0,-0.5328799189482863,0.8461908720741839
2026-09-17T02:14:06.191176,93.18,map,roomba,7.380895183861903,7.158234744450617,0.0,-1.124000648331308,0.0,0.0,-0.5328799189472407,0.8461908720748422
2026-09-17T02:14:06.240006,93.23,map,roomba,7.389537589225236,7.140196254298985,0.0,-1.1239993095393859,0.0,0.0,-0.5328793525103692,0.8461912287823182
2026-09-17T02:14:06.290442,93.27,map,roomba,7.396450815922044,7.125766918488312,0.0,-1.1240002591106153,0.0,0.0,-0.5328797542697319,0.8461909757787719
2026-09-17T02:14:06.340349,93.33,map,roomba,7.406820656765161,7.104122912625595,0.0,-1.1239991838474197,0.0,0.0,-0.5328792993306486,0.8461912622716433
2026-09-17T02:14:06.391262,93.37,map,roomba,7.413733884619752,7.0896935740466756,0.0,-1.1240000587800067,0.0,0.0,-0.5328796695107527,0.8461910291548304
2026-09-17T02:14:06.440485,93.43,map,roomba,7.424103727266441,7.068049564218619,0.0,-1.124000076026774,0.0,0.0,-0.5328796768077826,0.8461910245596045
2026-09-17T02:14:06.492072,93.47,map,roomba,7.4310169562908825,7.053620223080886,0.0,-1.1240005903730785,0.0,0.0,-0.5328798944253781,0.8461908875172303
2026-09-17T02:14:06.541606,93.53,map,roomba,7.441386800844379,7.031976209632953,0.0,-1.1239990415610717,0.0,0.0,-0.532879239129915,0.8461913001823659
2026-09-17T02:14:06.590557,93.57,map,roomba,7.4483000312040915,7.01754686620683,0.0,-1.1239990574286547,0.0,0.0,-0.5328792458434203,0.8461912959546131
2026-09-17T02:14:06.640467,93.63,map,roomba,7.458669877448937,6.9959028493136355,0.0,-1.1240002560740254,0.0,0.0,-0.5328797529849645,0.8461909765878406
2026-09-17T02:14:06.706277,93.69,map,roomba,7.469039724385089,6.974258830324519,0.0,-1.123999432526475,0.0,0.0,-0.5328794045456663,0.8461911960136764
2026-09-17T02:14:06.772101,93.73,map,roomba,7.47595295625327,6.959829483304784,0.0,-1.124000901102432,0.0,0.0,-0.5328800258935453,0.8461908047265075
2026-09-17T02:14:06.822058,93.77,map,roomba,7.482866188628716,6.945400135515542,0.0,-1.1239983551879151,0.0,0.0,-0.5328789487283867,0.8461914830593188
2026-09-17T02:14:06.875365,93.83,map,roomba,7.493236037798227,6.923756112278827,0.0,-1.1240022007864723,0.0,0.0,-0.5328805757837748,0.8461904584384964
2026-09-17T02:14:06.922746,93.87,map,roomba,7.500149271206718,6.909326762562459,0.0,-1.1240029024992515,0.0,0.0,-0.5328808726750712,0.8461902714738894
2026-09-17T02:14:06.971458,93.93,map,roomba,7.510519121666892,6.887682736423974,0.0,-1.124000727492223,0.0,0.0,-0.5328799524398622,0.8461908509832107
2026-09-17T02:14:07.023488,93.97,map,roomba,7.517432355901858,6.873253384829943,0.0,-1.1240014120440942,0.0,0.0,-0.5328802420705961,0.8461906685911769
2026-09-17T02:14:07.071559,94.03,map,roomba,7.527802207882555,6.841609356115536,0.0,-1.1239996501619005,0.0,0.0,-0.5328794966262536,0.8461911380269534
2026-09-17T02:14:07.136481,94.09,map,roomba,7.538172060503117,6.819965325823108,0.0,-1.1239992918826363,0.0,0.0,-0.5328793450398759,0.8461912334867768
2026-09-17T02:14:07.183426,94.13,map,roomba,7.5450852960591455,6.805535971510467,0.0,-1.123999317667029,0.0,0.0,-0.5328793559491395,0.8461912266167916
2026-09-17T02:14:07.235276,94.17,map,roomba,7.551998531827225,6.791106616513201,0.0,-1.124002937201409,0.0,0.0,-0.5328808873573853,0.8461902622278312
2026-09-17T02:14:07.300995,94.23,map,roomba,7.562368386220917,6.769462582941265,0.0,-1.1239972935017133,0.0,0.0,-0.5328784995334008,0.8461917659343131
2026-09-17T02:14:07.348649,94.29,map,roomba,7.572738241029341,6.747818547907344,0.0,-1.1240018755289738,0.0,0.0,-0.5328804381688719,0.8461905451001867
2026-09-17T02:14:07.397788,94.33,map,roomba,7.579651477922642,6.743389190495883,0.0,-1.1240023040614067,0.0,0.0,-0.5328806194789061,0.846190430921892
2026-09-17T02:14:07.447420,94.37,map,roomba,7.586564715179551,6.728959832565815,0.0,-1.1239999023459566,0.0,0.0,-0.5328796033242061,0.8461910708350904
2026-09-17T02:14:07.495985,94.43,map,roomba,7.596934571455842,6.707315794596738,0.0,-1.1240004492511955,0.0,0.0,-0.5328798347173511,0.8461909251177352
2026-09-17T02:14:07.548896,94.49,map,roomba,7.607304428359651,6.685671755464948,0.0,-1.1239992402036403,0.0,0.0,-0.5328793231747191,0.8461912472561113
2026-09-17T02:14:07.600046,94.53,map,roomba,7.614217666527258,6.671242395368793,0.0,-1.1240006539874485,0.0,0.0,-0.5328799213403279,0.8461908705678205
2026-09-17T02:14:07.648475,94.59,map,roomba,7.624587524202957,6.649598354287966,0.0,-1.1239973406958663,0.0,0.0,-0.5328785195010525,0.8461917533599382
2026-09-17T02:14:07.697210,94.63,map,roomba,7.631500762888498,6.6351689929422255,0.0,-1.1240017890670144,0.0,0.0,-0.5328804015872252,0.8461905681371293
2026-09-17T02:14:07.762256,94.67,map,roomba,7.638414002102081,6.620739631276404,0.0,-1.124005669105365,0.0,0.0,-0.5328820432121505,0.8461895343373397
2026-09-17T02:14:07.825070,94.73,map,roomba,7.648783861264238,6.599095587898145,0.0,-1.1240027668349366,0.0,0.0,-0.5328808152761582,0.8461903076203466
2026-09-17T02:14:07.874549,94.78,map,roomba,7.657425093627698,6.5810595466243536,0.0,-1.124000648211975,0.0,0.0,-0.5328799188967516,0.8461908721066373
2026-09-17T02:14:07.939583,94.83,map,roomba,7.666066960515596,6.563022179910468,0.0,-1.1240016547027654,0.0,0.0,-0.5328803447383438,0.8461906039371649
2026-09-17T02:14:07.991586,94.87,map,roomba,7.672980200605151,6.548592816006712,0.0,-1.1240022286291167,0.0,0.0,-0.5328805875638648,0.846190451020094
2026-09-17T02:14:08.041251,94.93,map,roomba,7.68335006094356,6.5269487693295325,0.0,-1.1240004455549626,0.0,0.0,-0.5328798331534917,0.8461909261025592
2026-09-17T02:14:08.090430,94.97,map,roomba,7.690263301306338,6.512519404348739,0.0,-1.1239989731025324,0.0,0.0,-0.5328792101654045,0.8461913184224326
2026-09-17T02:14:08.141208,95.03,map,roomba,7.70063316249189,6.490875356321862,0.0,-1.1239980874498499,0.0,0.0,-0.5328788354495467,0.8461915543953006
2026-09-17T02:14:08.189931,95.07,map,roomba,7.707546403437753,6.476445990486521,0.0,-1.1240012898445146,0.0,0.0,-0.5328801903685232,0.846190701150046
2026-09-17T02:14:08.251957,95.13,map,roomba,7.717916265206433,6.4548019410910555,0.0,-1.1240030456340762,0.0,0.0,-0.532880933234718,0.846190233336982
2026-09-17T02:14:08.300062,95.16,map,roomba,7.723100947207258,6.4439804371451785,0.0,-1.1240006481845395,0.0,0.0,-0.5328799188851436,0.8461908721139473
2026-09-17T02:14:08.350262,95.23,map,roomba,7.735199368909119,6.418728523722297,0.0,-1.1239999765425905,0.0,0.0,-0.5328796347164704,0.8461910510661532
2026-09-17T02:14:08.416253,95.27,map,roomba,7.742112610687095,6.404299156222036,0.0,-1.12400024958912,0.0,0.0,-0.5328797502412302,0.8461909783156779
2026-09-17T02:14:08.465764,95.33,map,roomba,7.752482473684523,6.382655104416147,0.0,-1.1240037565214007,0.0,0.0,-0.5328812340076398,0.8461900439277782
2026-09-17T02:14:08.516013,95.37,map,roomba,7.759395715822087,6.368225736150228,0.0,-1.124000405157505,0.0,0.0,-0.5328798160615105,0.8461909368660543
2026-09-17T02:14:08.567173,95.43,map,roomba,7.769765579196306,6.346581683161693,0.0,-1.1240017062340109,0.0,0.0,-0.5328803665409716,0.8461905902071707
2026-09-17T02:14:08.620379,95.47,map,roomba,7.776678821744095,6.332152314211866,0.0,-1.1240000270356723,0.0,0.0,-0.5328796560798671,0.8461910376127855
2026-09-17T02:14:08.667458,95.53,map,roomba,7.787048685738663,6.300508260240935,0.0,-1.1240005318186759,0.0,0.0,-0.5328798696512769,0.8461909031184619
2026-09-17T02:14:08.729619,95.57,map,roomba,7.793961928477508,6.286078890556153,0.0,-1.1239996674515478,0.0,0.0,-0.5328795039414268,0.8461911334203042
2026-09-17T02:14:08.779698,95.63,map,roomba,7.804331792916759,6.264434835597079,0.0,-1.1240001159892428,0.0,0.0,-0.5328796937157236,0.8461910139120107
2026-09-17T02:14:08.828054,95.69,map,roomba,7.814701657653044,6.242790780095232,0.0,-1.1240026545531938,0.0,0.0,-0.5328807677702961,0.8461903375367387
2026-09-17T02:14:08.893856,95.73,map,roomba,7.821614901036398,6.228361409500904,0.0,-1.1240009230537529,0.0,0.0,-0.5328800351810483,0.8461907988777972
2026-09-17T02:14:08.943331,95.77,map,roomba,7.8285281445864205,6.213932038700619,0.0,-1.1239983838198517,0.0,0.0,-0.5328789608424371,0.8461914754306405
2026-09-17T02:14:08.997828,95.83,map,roomba,7.839187328561605,6.202427218458972,0.0,-1.120507551326144,0.0,0.0,-0.5314011935414142,0.8471202816027724
2026-09-17T02:14:09.044817,95.87,map,roomba,7.846150888494009,6.18802206206026,0.0,-1.1205109195456797,0.0,0.0,-0.5314026201842015,0.8471193866636304
2026-09-17T02:14:09.093272,95.93,map,roomba,7.856596228758632,6.166414327149893,0.0,-1.1205094787058423,0.0,0.0,-0.531402009902384,0.847119769496443
2026-09-17T02:14:09.147197,95.99,map,roomba,7.867041568970087,6.144806591646193,0.0,-1.1205106111130605,0.0,0.0,-0.5314024895445696,0.8471194686145713
2026-09-17T02:14:09.204621,96.03,map,roomba,7.87400512929419,6.130401434427364,0.0,-1.12051482772999,0.0,0.0,-0.5314042755325348,0.8471183482523217
2026-09-17T02:14:09.257077,96.09,map,roomba,7.884450470165765,6.10879369834329,0.0,-1.1205116925918261,0.0,0.0,-0.5314029476153505,0.8471191812641933
2026-09-17T02:14:09.304516,96.13,map,roomba,7.901414030772486,6.104388540680104,0.0,-1.120510332517882,0.0,0.0,-0.5314023715428646,0.8471195426376488
2026-09-17T02:14:09.354108,96.17,map,roomba,7.9083775914802725,6.089983382843496,0.0,-1.1205111008823243,0.0,0.0,-0.5314026969910929,0.8471193384822429
2026-09-17T02:14:09.417934,96.23,map,roomba,7.917082043330519,6.071976933684163,0.0,-1.120508382102152,0.0,0.0,-0.5314015454249713,0.8471200608650182
2026-09-17T02:14:09.464909,96.27,map,roomba,7.925786493531255,6.053970487447321,0.0,-1.1205087534933638,0.0,0.0,-0.5314017027314352,0.8471199621860717
2026-09-17T02:14:09.515275,96.33,map,roomba,7.936231834977274,6.032362749700865,0.0,-1.1205123619379944,0.0,0.0,-0.5314032311233098,0.8471190034178824
2026-09-17T02:14:09.567342,96.39,map,roomba,7.946677176836673,6.010755011713476,0.0,-1.1205118118203246,0.0,0.0,-0.5314029981157236,0.847119149585004
2026-09-17T02:14:09.615213,96.43,map,roomba,7.943640738045292,5.986349852803503,0.0,-1.1205105091493035,0.0,0.0,-0.531402446356827,0.8471194957064674
2026-09-17T02:14:09.665906,96.47,map,roomba,7.950604299366457,5.971944693764064,0.0,-1.1205119846112197,0.0,0.0,-0.5314030713029596,0.847119103674201
2026-09-17T02:14:09.715664,96.53,map,roomba,7.96104964138441,5.950336954887643,0.0,-1.120511021699166,0.0,0.0,-0.5314026634523001,0.8471193595213141
2026-09-17T02:14:09.780382,96.57,map,roomba,7.968013202897921,5.935931795501332,0.0,-1.1205099258791578,0.0,0.0,-0.5314021993070486,0.8471196506820226
2026-09-17T02:14:09.831183,96.64,map,roomba,7.980199337067962,5.910722970122961,0.0,-1.1205106480725113,0.0,0.0,-0.5314025051991046,0.8471194587943991
2026-09-17T02:14:09.893727,96.67,map,roomba,7.985422106750583,5.899918896341731,0.0,-1.1205126182549534,0.0,0.0,-0.5314033396887888,0.8471189353140454
2026-09-17T02:14:09.955639,96.73,map,roomba,7.995867449258178,5.888311156462681,0.0,-1.1205072743550568,0.0,0.0,-0.5314010762274964,0.8471203551941474
2026-09-17T02:14:10.010507,96.79,map,roomba,8.006312791746309,5.866703416231978,0.0,-1.1205068534039015,0.0,0.0,-0.5314008979293386,0.8471204670410771
2026-09-17T02:14:10.055851,96.83,map,roomba,8.013276353408127,5.852298255895832,0.0,-1.120507581454873,0.0,0.0,-0.5314012063027429,0.847120273597551
2026-09-17T02:14:10.105214,96.88,map,roomba,8.021980721541599,5.8342919808245775,0.0,-1.1205106480532585,0.0,0.0,-0.53140250519095,0.8471194587995146
2026-09-17T02:14:10.154655,96.93,map,roomba,8.03068525838927,5.816285354838186,0.0,-1.1205090397183557,0.0,0.0,-0.5314018239648819,0.8471198861358389
2026-09-17T02:14:10.222378,96.99,map,roomba,8.041130601473572,5.794677613844266,0.0,-1.1205102136856022,0.0,0.0,-0.5314023212102904,0.847119574211525
2026-09-17T02:14:10.271714,97.03,map,roomba,8.04809416354857,5.77027245302877,0.0,-1.1205066299964501,0.0,0.0,-0.531400803302823,0.847120526400532
2026-09-17T02:14:10.321829,97.07,map,roomba,8.055057725628492,5.755867292089832,0.0,-1.1205124656243235,0.0,0.0,-0.5314032750406389,0.8471189758682561
2026-09-17T02:14:10.369328,97.13,map,roomba,8.065503068996318,5.734259550572233,0.0,-1.1205107082405206,0.0,0.0,-0.5314025306838501,0.8471194428076833
2026-09-17T02:14:10.419110,97.17,map,roomba,8.072466631328425,5.719854389454255,0.0,-1.1205101678564844,0.0,0.0,-0.5314023017989189,0.8471195863883746
2026-09-17T02:14:10.468368,97.23,map,roomba,8.082911974852678,5.698246647574889,0.0,-1.1205125709327788,0.0,0.0,-0.5314033196450335,0.8471189478876259
2026-09-17T02:14:10.518048,97.27,map,roomba,8.08987553726959,5.683841486215389,0.0,-1.1205105907944743,0.0,0.0,-0.5314024809384346,0.8471194740132448
2026-09-17T02:14:10.568390,97.33,map,roomba,8.100031561904515,5.66209450733245,0.0,-1.1240017485683444,0.0,0.0,-0.5328803844524288,0.8461905789276029
2026-09-17T02:14:10.620722,97.37,map,roomba,8.106944808227736,5.647665130760954,0.0,-1.1239998948674288,0.0,0.0,-0.5328796001600744,0.8461910728276677
2026-09-17T02:14:10.668220,97.43,map,roomba,8.117314677314722,5.626021065523959,0.0,-1.1240005898540875,0.0,0.0,-0.5328798942057954,0.8461908876555103
2026-09-17T02:14:10.718063,97.47,map,roomba,8.124227923642955,5.611591688706341,0.0,-1.1240007439846385,0.0,0.0,-0.5328799594177277,0.8461908465889718
2026-09-17T02:14:10.769060,97.53,map,roomba,8.132869482884702,5.593554965008531,0.0,-1.1239985624992461,0.0,0.0,-0.5328790364409252,0.8461914278233922
2026-09-17T02:14:10.818248,97.57,map,roomba,8.141511039576029,5.575518246301051,0.0,-1.1240005298230142,0.0,0.0,-0.5328798688069215,0.8461909036501859
2026-09-17T02:14:10.871543,97.63,map,roomba,8.152170228083872,5.554013417211802,0.0,-1.120510333343637,0.0,0.0,-0.5314023718926213,0.8471195424182447
2026-09-17T02:14:10.918280,97.67,map,roomba,8.159133790879759,5.539608255068435,0.0,-1.1205120840878482,0.0,0.0,-0.5314031134372351,0.847119077243107
2026-09-17T02:14:10.968198,97.73,map,roomba,8.169579135099772,5.518000511709321,0.0,-1.1205065161849812,0.0,0.0,-0.5314007550968065,0.8471205566402836
2026-09-17T02:14:11.038666,97.77,map,roomba,8.176542697841326,5.503595349333768,0.0,-1.120509628641924,0.0,0.0,-0.5314020734092919,0.847119729658273
2026-09-17T02:14:11.086046,97.83,map,roomba,8.18698804235089,5.48198760581535,0.0,-1.1205132062600074,0.0,0.0,-0.5314035887438735,0.8471187790800839
2026-09-17T02:14:11.139904,97.87,map,roomba,8.193951605287687,5.4675824433408735,0.0,-1.1205074223370297,0.0,0.0,-0.5314011389067658,0.8471203158752553
2026-09-17T02:14:11.187271,97.93,map,roomba,8.214396949785547,5.445974699535847,0.0,-1.1205120850950565,0.0,0.0,-0.5314031138638479,0.84711907697549
2026-09-17T02:14:11.236449,97.97,map,roomba,8.221360512962011,5.431569536995772,0.0,-1.1205076241941367,0.0,0.0,-0.5314012244053912,0.8471202622417027
2026-09-17T02:14:11.287407,98.04,map,roomba,8.233546707456208,5.406360586311045,0.0,-1.1205106479651803,0.0,0.0,-0.5314025051536435,0.8471194588229171
2026-09-17T02:14:11.339127,98.07,map,roomba,8.238769420540201,5.395556630170153,0.0,-1.1205113337297867,0.0,0.0,-0.5314027956158833,0.8471192766143524
2026-09-17T02:14:11.400577,98.13,map,roomba,8.249214765275106,5.37394888596845,0.0,-1.12050950187578,0.0,0.0,-0.53140201971624,0.8471197633401671
2026-09-17T02:14:11.450228,98.17,map,roomba,8.25617832836198,5.359543723054836,0.0,-1.12051403579633,0.0,0.0,-0.5314039401017262,0.8471185586707217
2026-09-17T02:14:11.500372,98.23,map,roomba,8.256623673055353,5.337935978600672,0.0,-1.1205075169595764,0.0,0.0,-0.531401178985106,0.8471202907339898
2026-09-17T02:14:11.551142,98.27,map,roomba,8.263587236057724,5.323530815496115,0.0,-1.1205090405433613,0.0,0.0,-0.5314018243143213,0.8471198859166341
2026-09-17T02:14:11.602214,98.33,map,roomba,8.27403258071731,5.301923070807478,0.0,-1.120510091329703,0.0,0.0,-0.5314022693852508,0.8471196067216278
2026-09-17T02:14:11.648984,98.37,map,roomba,8.280996143779193,5.287517907590789,0.0,-1.120509253051235,0.0,0.0,-0.5314019143241411,0.8471198294530935
2026-09-17T02:14:11.711917,98.43,map,roomba,8.29144148853894,5.265910162745797,0.0,-1.120511343560471,0.0,0.0,-0.5314027997797645,0.8471192740023258
2026-09-17T02:14:11.776086,98.47,map,roomba,8.298405051815898,5.251504999500815,0.0,-1.1205110718093811,0.0,0.0,-0.5314026846769666,0.847119346206963
2026-09-17T02:14:11.823616,98.53,map,roomba,8.3088503969919,5.23989725466482,0.0,-1.120508989251326,0.0,0.0,-0.5314018025890695,0.8471198995449745
2026-09-17T02:14:11.874153,98.57,map,roomba,8.315813960328793,5.225492091324664,0.0,-1.1205115820851654,0.0,0.0,-0.5314029008091937,0.8471192106259746
2026-09-17T02:14:11.924381,98.63,map,roomba,8.326259305535503,5.203884346323065,0.0,-1.1205093182728814,0.0,0.0,-0.5314019419494157,0.8471198121236392
2026-09-17T02:14:11.974446,98.67,map,roomba,8.333222868826782,5.189479182844311,0.0,-1.1205119205934269,0.0,0.0,-0.5314030441876116,0.8471191206838263
2026-09-17T02:14:12.027022,98.72,map,roomba,8.341927296827606,5.1714727833130665,0.0,-1.1205106479217573,0.0,0.0,-0.5314025051352513,0.8471194588344546
2026-09-17T02:14:12.085126,98.77,map,roomba,8.350631777274877,5.153466274061053,0.0,-1.1205081432672612,0.0,0.0,-0.531401444264054,0.8471201243236272
2026-09-17T02:14:12.147588,98.83,map,roomba,8.360787803355043,5.121719292024487,0.0,-1.1240002723003888,0.0,0.0,-0.5328797598502655,0.8461909722644902
2026-09-17T02:14:12.210016,98.87,map,roomba,8.367701050474937,5.107289913350014,0.0,-1.1240006082872824,0.0,0.0,-0.5328799020047962,0.8461908827441708
2026-09-17T02:14:12.260275,98.92,map,roomba,8.376342586785526,5.0892532385117955,0.0,-1.1240006479049327,0.0,0.0,-0.5328799187668433,0.8461908721884458
2026-09-17T02:14:12.342007,98.97,map,roomba,8.38498416834907,5.071216466529991,0.0,-1.1240007138298913,0.0,0.0,-0.5328799466593921,0.846190854623402
2026-09-17T02:14:12.409984,99.03,map,roomba,8.395354039178024,5.049572398376602,0.0,-1.1240000263980114,0.0,0.0,-0.5328796558100757,0.8461910377826837
2026-09-17T02:14:12.483716,99.07,map,roomba,8.402267286425658,5.0351430195767435,0.0,-1.1240022569602734,0.0,0.0,-0.5328805995506419,0.8461904434715323
2026-09-17T02:14:12.536353,99.13,map,roomba,8.412926476171386,5.0136381878987875,0.0,-1.1205112568310924,0.0,0.0,-0.5314027630446999,0.8471192970464423
2026-09-17T02:14:12.585067,99.17,map,roomba,8.419890039712598,4.999233024056906,0.0,-1.120510585842858,0.0,0.0,-0.5314024788411292,0.8471194753288955
2026-09-17T02:14:12.641427,99.23,map,roomba,8.430335385421882,4.977625278425523,0.0,-1.1205153441987212,0.0,0.0,-0.5314044942875864,0.8471182110254475
2026-09-17T02:14:12.684642,99.29,map,roomba,8.440780729071452,4.956017536166229,0.0,-1.120510877900474,0.0,0.0,-0.5314026025449708,0.8471193977288158
2026-09-17T02:14:12.760731,99.33,map,roomba,8.447744294380517,4.9416123686112625,0.0,-1.120510721595483,0.0,0.0,-0.5314025363404743,0.8471194392592528
2026-09-17T02:14:12.813174,99.39,map,roomba,8.454702554727554,4.927218590908925,0.0,-1.1254457520983816,0.0,0.0,-0.5334911965991943,0.8458056178290375
2026-09-17T02:14:12.860966,99.43,map,roomba,8.450218521685247,4.927860541764153,0.0,-1.1488304024800795,0.0,0.0,-0.5433439391008753,0.8395101928162303
2026-09-17T02:14:12.937002,99.47,map,roomba,8.450218858646094,4.927860353591086,0.0,-1.1704850103983009,0.0,0.0,-0.5524015456065845,0.8335781501523757
2026-09-17T02:14:12.986349,99.53,map,roomba,8.450219345944802,4.927860069987158,0.0,-1.2040026288175392,0.0,0.0,-0.5662930975812074,0.8242039357051635
2026-09-17T02:14:13.034613,99.57,map,roomba,8.45021965693074,4.927859879365636,0.0,-1.2239994569797206,0.0,0.0,-0.5745053870775246,0.8185008003776806
2026-09-17T02:14:13.087842,99.63,map,roomba,8.4502201018348,4.927859591168112,0.0,-1.2540007835728824,0.0,0.0,-0.5867183451692408,0.8097910739455378
2026-09-17T02:14:13.155992,99.69,map,roomba,8.450220521650637,4.927859301010653,0.0,-1.2840008682319863,0.0,0.0,-0.5987987851015552,0.8008995036587934
2026-09-17T02:14:13.203870,99.73,map,roomba,8.450220788032075,4.9278591068807955,0.0,-1.3039981322760479,0.0,0.0,-0.6067766195984383,0.7948724010233921
2026-09-17T02:14:13.255747,99.79,map,roomba,8.450221168008904,4.927858815204077,0.0,-1.3340003516634782,0.0,0.0,-0.6186318692789308,0.7856809850775669
2026-09-17T02:14:13.303591,99.83,map,roomba,8.450221408642662,4.927858620737672,0.0,-1.353998258835161,0.0,0.0,-0.6264568012142295,0.7794561413013791
2026-09-17T02:14:13.353740,99.87,map,roomba,8.450221639426953,4.927858426489639,0.0,-1.3740001356360643,0.0,0.0,-0.6342206356660666,0.7731521100632982
2026-09-17T02:14:13.405454,99.93,map,roomba,8.450221967687044,4.927858135932208,0.0,-1.4040002400637195,0.0,0.0,-0.6457461738081144,0.7635521455749964
2026-09-17T02:14:13.455683,99.99,map,roomba,8.450222275194973,4.927857846872572,0.0,-1.4340001475655502,0.0,0.0,-0.6571263465543914,0.7537804485817325
2026-09-17T02:14:13.504472,100.03,map,roomba,8.450222469081849,4.927857655268243,0.0,-1.4540027280069463,0.0,0.0,-0.6646321333829539,0.7471707484068306
2026-09-17T02:14:13.553177,100.07,map,roomba,8.450222654355374,4.927857464721365,0.0,-1.4739991976126758,0.0,0.0,-0.6720691779025515,0.7404883659541105
2026-09-17T02:14:13.603802,100.13,map,roomba,8.450222916632324,4.927857181190053,0.0,-1.504003093449148,0.0,0.0,-0.6831019031178912,0.7303230723157493
2026-09-17T02:14:13.655863,100.17,map,roomba,8.450223081404724,4.9278569938864205,0.0,-1.524002296444722,0.0,0.0,-0.6903705690118813,0.7234559263992597
2026-09-17T02:14:13.703677,100.23,map,roomba,8.45022331401793,4.927856715809595,0.0,-1.554003464627195,0.0,0.0,-0.7011447522039607,0.7130189593950828
2026-09-17T02:14:13.753763,100.27,map,roomba,8.450223459725764,4.927856532507148,0.0,-1.5740006261844492,0.0,0.0,-0.7082387640853117,0.70597298322734
2026-09-17T02:14:13.803945,100.33,map,roomba,8.450223664786568,4.927856260933622,0.0,-1.6040022993227823,0.0,0.0,-0.718748868002867,0.6952697783915227
2026-09-17T02:14:13.863779,100.37,map,roomba,8.450223792809535,4.927856082275381,0.0,-1.6240005042814125,0.0,0.0,-0.7256648952278558,0.6880482976026793
2026-09-17T02:14:13.917871,100.43,map,roomba,8.450223972347317,4.927855818089167,0.0,-1.6540003117632833,0.0,0.0,-0.7359035317233573,0.6770863992114223
2026-09-17T02:14:13.964436,100.47,map,roomba,8.450224084011598,4.927855644612974,0.0,-1.6740007671195904,0.0,0.0,-0.7426376404729323,0.6696934634239726
2026-09-17T02:14:14.017019,100.53,map,roomba,8.450224239971883,4.9278553885472185,0.0,-1.7039999416756257,0.0,0.0,-0.7525988487890801,0.6584792880579855
2026-09-17T02:14:14.082798,100.57,map,roomba,8.450224336544373,4.927855220694857,0.0,-1.723999786673262,0.0,0.0,-0.7591458518476925,0.6509205601472743
2026-09-17T02:14:14.137268,100.63,map,roomba,8.45022447078304,4.927854973345491,0.0,-1.754001205485204,0.0,0.0,-0.7688243454411389,0.6394600267858849
2026-09-17T02:14:14.186912,100.69,map,roomba,8.450224592844371,4.927854731459499,0.0,-1.784002503297199,0.0,0.0,-0.7783298024530345,0.6278556510961899
2026-09-17T02:14:14.247106,100.73,map,roomba,8.450224667758302,4.927854573309913,0.0,-1.8039985863647994,0.0,0.0,-0.7845681238250689,0.6200426268230365
2026-09-17T02:14:14.298123,100.77,map,roomba,8.450224737711707,4.9278544176906145,0.0,-1.8240027220706283,0.0,0.0,-0.7907304845417998,0.6121644393594667
2026-09-17T02:14:14.346419,100.83,map,roomba,8.450224833723066,4.9278541890758,0.0,-1.8539978047050003,0.0,0.0,-0.7998221754919492,0.6002370261749317
2026-09-17T02:14:14.421197,100.89,map,roomba,8.45022491953921,4.927853966318784,0.0,-1.8839619143921844,0.0,0.0,-0.8087248599675708,0.5881871308269445
2026-09-17T02:14:14.489433,100.93,map,roomba,8.444154428657292,4.908784340598311,0.0,-1.8839104803572324,0.0,0.0,-0.8087097332814187,0.5882079286237962
2026-09-17T02:14:14.563694,100.97,map,roomba,8.43930090730579,4.893538449687698,0.0,-1.8830229457073926,0.0,0.0,-0.8084486262016284,0.5885667496492645
2026-09-17T02:14:14.617009,101.03,map,roomba,8.43202067309476,4.870669588678625,0.0,-1.8789997348732361,0.0,0.0,-0.8072630272223068,0.5901918373544972
2026-09-17T02:14:14.666139,101.09,map,roomba,8.424740384973388,4.84780073393018,0.0,-1.8790009771013199,0.0,0.0,-0.8072633937985885,0.5901913359519817
2026-09-17T02:14:14.731286,101.13,map,roomba,8.419886858283144,4.832554825317462,0.0,-1.8790035628776378,0.0,0.0,-0.8072641568493036,0.5901902922502054
2026-09-17T02:14:14.798843,101.17,map,roomba,8.415033330595108,4.817308912476085,0.0,-1.8789991849206635,0.0,0.0,-0.8072628649335164,0.5901920593326642
2026-09-17T02:14:14.848398,101.23,map,roomba,8.355376773614031,4.80721366393558,0.0,-1.8987817727200615,0.0,0.0,-0.8130610428108791,0.5821784440043158
2026-09-17T02:14:14.897077,101.27,map,roomba,8.355376817581842,4.807213483972539,0.0,-1.9205125969190238,0.0,0.0,-0.8193385336824222,0.5733100097008061
2026-09-17T02:14:14.946884,101.33,map,roomba,8.355376877234441,4.807213220249515,0.0,-1.9537671044807425,0.0,0.0,-0.8287574086396198,0.5596080392783351
2026-09-17T02:14:15.002990,101.37,map,roomba,8.355376911939333,4.807213048915168,0.0,-1.9737653525737817,0.0,0.0,-0.8343114753327331,0.5512933539669403
2026-09-17T02:14:15.051453,101.43,map,roomba,8.355376956240013,4.807212798831906,0.0,-2.0037652930017664,0.0,0.0,-0.8424866912158689,0.5387171568867444
2026-09-17T02:14:15.098575,101.47,map,roomba,8.355376980860592,4.807212636701541,0.0,-2.0237669786106816,0.0,0.0,-0.8478320959252884,0.5302647801984711
2026-09-17T02:14:15.147549,101.53,map,roomba,8.35537701085232,4.807212400347217,0.0,-2.053763057546756,0.0,0.0,-0.8556893754816247,0.5174897995978927
2026-09-17T02:14:15.210034,101.57,map,roomba,8.355377026462065,4.807212247306591,0.0,-2.0737668162011826,0.0,0.0,-0.8608223595190783,0.5089055564169118
2026-09-17T02:14:15.262159,101.63,map,roomba,8.343802286672714,4.786173654211114,0.0,-2.078636223145013,0.0,0.0,-0.8620588410380918,0.5068082029605104
2026-09-17T02:14:15.307781,101.67,map,roomba,8.336089918662218,4.772155335996457,0.0,-2.0766313907782177,0.0,0.0,-0.8615503752638543,0.5076720899189864
2026-09-17T02:14:15.357761,101.73,map,roomba,8.324521374213809,4.751127844283508,0.0,-2.0737639427843186,0.0,0.0,-0.860821628369286,0.508906793167129
2026-09-17T02:14:15.432503,101.77,map,roomba,8.316808984612548,4.7371095245214665,0.0,-2.073766094004478,0.0,0.0,-0.8608221757540644,0.5089058672584144
2026-09-17T02:14:15.477686,101.83,map,roomba,8.305240396844319,4.716082037151581,0.0,-2.0737649275761534,0.0,0.0,-0.8608218789528089,0.5089063693020119
2026-09-17T02:14:15.548960,101.87,map,roomba,8.297528002630482,4.702063707341106,0.0,-2.0737646543167565,0.0,0.0,-0.8608218094210769,0.5089064869158408
2026-09-17T02:14:15.617692,101.93,map,roomba,8.271523720994832,4.686324875210618,0.0,-2.0720178733102173,0.0,0.0,-0.8603770070627216,0.5096581263138987
2026-09-17T02:14:15.669981,101.97,map,roomba,8.263835796015968,4.672293099273487,0.0,-2.0720185875385226,0.0,0.0,-0.8603771890687966,0.5096578190610604
2026-09-17T02:14:15.733077,102.03,map,roomba,8.252303905500987,4.651245428604405,0.0,-2.0720196313316666,0.0,0.0,-0.860377455057348,0.5096573700330854
2026-09-17T02:14:15.783837,102.07,map,roomba,8.24461597636351,4.637213643865728,0.0,-2.072020589885141,0.0,0.0,-0.8603776993241703,0.5096569576741274
2026-09-17T02:14:15.859934,102.13,map,roomba,8.23500607655247,4.619673936888306,0.0,-2.0720196539732654,0.0,0.0,-0.8603774608270767,0.5096573602929249
2026-09-17T02:14:15.908747,102.19,map,roomba,8.221552179728185,4.595118269682594,0.0,-2.0720221083783725,0.0,0.0,-0.8603780862792428,0.5096563044351239
2026-09-17T02:14:15.956661,102.23,map,roomba,8.213864244657827,4.581086471861618,0.0,-2.0720219726292037,0.0,0.0,-0.8603780516865309,0.5096563628329278
2026-09-17T02:14:16.008776,102.29,map,roomba,8.202332339116358,4.5600387695847555,0.0,-2.0720202014563256,0.0,0.0,-0.8603776003414303,0.5096571247718631
2026-09-17T02:14:16.062638,102.33,map,roomba,8.194644400336326,4.546006964396347,0.0,-2.0720220392540973,0.0,0.0,-0.8603780686644309,0.5096563341716294
2026-09-17T02:14:16.113131,102.39,map,roomba,8.183112489617704,4.524959251294543,0.0,-2.0720169347766717,0.0,0.0,-0.8603767678970025,0.5096585300601841
2026-09-17T02:14:16.188928,102.43,map,roomba,8.17542454754084,4.510927439088598,0.0,-2.0720210793665252,0.0,0.0,-0.8603778240579414,0.5096567471046786
2026-09-17T02:14:16.253134,102.47,map,roomba,8.167736604259929,4.4968956241661395,0.0,-2.0720205354949015,0.0,0.0,-0.8603776854639882,0.5096569810722017
2026-09-17T02:14:16.303913,102.53,map,roomba,8.151007929984306,4.4757102595954565,0.0,-2.0702748121893153,0.0,0.0,-0.8599324977301547,0.5104077775147801
2026-09-17T02:14:16.369618,102.57,map,roomba,8.143344481033521,4.4616650440850645,0.0,-2.0702743449691425,0.0,0.0,-0.8599323784937265,0.5104079784036714
2026-09-17T02:14:16.416677,102.63,map,roomba,8.131849305218378,4.440597216358696,0.0,-2.0702744838698766,0.0,0.0,-0.8599324139417457,0.5104079186810508
2026-09-17T02:14:16.487636,102.68,map,roomba,8.122271804833726,4.423044198216742,0.0,-2.0702756476820277,0.0,0.0,-0.8599327109510693,0.5104074182810682
2026-09-17T02:14:16.534372,102.73,map,roomba,8.114606545717141,4.4089954834618625,0.0,-2.070276905108283,0.0,0.0,-0.8599330318507435,0.5104068776299829
2026-09-17T02:14:16.607449,102.77,map,roomba,8.105027218905624,4.3914389312146245,0.0,-2.070274994077427,0.0,0.0,-0.8599325441487047,0.5104076993090291
2026-09-17T02:14:16.691907,102.83,map,roomba,8.093387512359822,4.375089001262721,0.0,-2.07027686137485,0.0,0.0,-0.8599330206898206,0.5104068964338947
2026-09-17T02:14:16.745630,102.89,map,roomba,8.08189232636932,4.354021151854557,0.0,-2.070274484693873,0.0,0.0,-0.859932414152033,0.51040791832676
2026-09-17T02:14:16.791890,102.93,map,roomba,8.074228867788273,4.33997591643468,0.0,-2.0702755112293176,0.0,0.0,-0.8599326761278292,0.5104074769511412
2026-09-17T02:14:16.845989,102.97,map,roomba,8.066565408368811,4.3259306790137195,0.0,-2.070280680974193,0.0,0.0,-0.8599339954631757,0.5104052541331636
2026-09-17T02:14:16.918728,103.03,map,roomba,8.055070217670682,4.304862819262487,0.0,-2.07027672578622,0.0,0.0,-0.8599329860871329,0.5104069547324637
2026-09-17T02:14:16.967023,103.07,map,roomba,8.047406756251412,4.290817577051659,0.0,-2.070273412596978,0.0,0.0,-0.859932140548537,0.5104083792921222
2026-09-17T02:14:17.019923,103.13,map,roomba,8.04042316841971,4.264302217512539,0.0,-2.070274156449517,0.0,0.0,-0.8599323303827622,0.5104080594607341
2026-09-17T02:14:17.066463,103.17,map,roomba,8.032759704666699,4.2502569710544815,0.0,-2.0702765142942936,0.0,0.0,-0.8599329321136528,0.5104070456669025
2026-09-17T02:14:17.119600,103.23,map,roomba,8.021264507574346,4.229189098221529,0.0,-2.070275754411541,0.0,0.0,-0.8599327381888354,0.5104073723909676
2026-09-17T02:14:17.167085,103.27,map,roomba,8.013601041991047,4.215143847579888,0.0,-2.0702729379790434,0.0,0.0,-0.8599320194240276,0.5104085833617161
2026-09-17T02:14:17.221360,103.33,map,roomba,8.002105842262594,4.194075968653627,0.0,-2.0702745432779452,0.0,0.0,-0.8599324291029198,0.5104078931375885
2026-09-17T02:14:17.295828,103.39,map,roomba,7.990610640710768,4.173008086426677,0.0,-2.0702788300615986,0.0,0.0,-0.8599335231050509,0.5104060499642761
2026-09-17T02:14:17.343470,103.43,map,roomba,7.982806312840534,4.159039845951866,0.0,-2.0720229063002615,0.0,0.0,-0.8603782896121349,0.5096559611778296
2026-09-17T02:14:17.393474,103.47,map,roomba,7.975118346519815,4.1450079818879075,0.0,-2.072023289998655,0.0,0.0,-0.8603783873892059,0.5096557961149364
2026-09-17T02:14:17.442864,103.53,map,roomba,7.963586395748965,4.123960183233113,0.0,-2.0720202288295697,0.0,0.0,-0.8603776073169146,0.5096571129962002
2026-09-17T02:14:17.495002,103.57,map,roomba,7.955898427653093,4.109928315851034,0.0,-2.072022690307289,0.0,0.0,-0.8603782345710769,0.5096560540956586
2026-09-17T02:14:17.542703,103.63,map,roomba,7.944366474437278,4.088880512299892,0.0,-2.0720197310431994,0.0,0.0,-0.8603774804667056,0.5096573271383074
2026-09-17T02:14:17.604139,103.67,map,roomba,7.936678504910789,4.074848641673892,0.0,-2.072022774953948,0.0,0.0,-0.8603782561414174,0.5096560176815867
2026-09-17T02:14:17.659366,103.73,map,roomba,7.9251465495789555,4.053800833428358,0.0,-2.072019858005066,0.0,0.0,-0.8603775128202266,0.5096572725207408
2026-09-17T02:14:17.747282,103.77,map,roomba,7.9174585785280645,4.0397689598566835,0.0,-2.072020316097947,0.0,0.0,-0.8603776295553882,0.5096570754543206
2026-09-17T02:14:17.800870,103.83,map,roomba,7.905926621078562,4.018721147276413,0.0,-2.072019604270956,0.0,0.0,-0.8603774481615025,0.509657381674298
2026-09-17T02:14:17.847544,103.87,map,roomba,7.898238648667315,4.004689270900894,0.0,-2.0720217551533677,0.0,0.0,-0.860377996267554,0.509656456388643
2026-09-17T02:14:17.908246,103.93,map,roomba,7.886706689055159,3.9836414543473193,0.0,-2.0720185847130392,0.0,0.0,-0.8603771883487815,0.5096578202765509
2026-09-17T02:14:17.957586,103.97,map,roomba,7.879018715535352,3.9696095752475262,0.0,-2.0720166483449995,0.0,0.0,-0.8603766949058211,0.509658653279757
2026-09-17T02:14:18.027142,104.03,map,roomba,7.867292011392525,3.953081655541201,0.0,-2.0720180420284673,0.0,0.0,-0.8603770500570319,0.5096580537332454
2026-09-17T02:14:18.074162,104.07,map,roomba,7.8596040365638675,3.9390497740310497,0.0,-2.072023943330027,0.0,0.0,-0.8603785538762202,0.5096555150588128
2026-09-17T02:14:18.130844,104.13,map,roomba,7.848072073464696,3.918001950000603,0.0,-2.0720175397073546,0.0,0.0,-0.8603769220510044,0.5096582698260079
2026-09-17T02:14:18.177809,104.19,map,roomba,7.8365401092538995,3.896954123986843,0.0,-2.072019537090925,0.0,0.0,-0.8603774310421026,0.5096574105743894
2026-09-17T02:14:18.225283,104.23,map,roomba,7.828852132673125,3.882922238826499,0.0,-2.0720210073628107,0.0,0.0,-0.8603778057093511,0.5096567780798777
2026-09-17T02:14:18.288279,104.29,map,roomba,7.81732016708274,3.861874409460741,0.0,-2.072021138675645,0.0,0.0,-0.8603778391715873,0.5096567215905523
2026-09-17T02:14:18.339033,104.33,map,roomba,7.809773049272025,3.8477655057803215,0.0,-2.070277957864385,0.0,0.0,-0.8599333005176018,0.5104064249800389
2026-09-17T02:14:18.389042,104.37,map,roomba,7.802109568564211,3.83372022360264,0.0,-2.0702760964503435,0.0,0.0,-0.8599328254783861,0.510407225325778
2026-09-17T02:14:18.445995,104.42,map,roomba,7.792530855966127,3.8161647681556046,0.0,-2.0702756477282875,0.0,0.0,-0.8599327109628749,0.5104074182611781
2026-09-17T02:14:18.550099,104.48,map,roomba,7.781035611132037,3.795096798481935,0.0,-2.070275647728096,0.0,0.0,-0.8599327109628258,0.5104074182612601
2026-09-17T02:14:18.616182,104.53,map,roomba,7.771455642731545,3.777539086884641,0.0,-2.070278046268524,0.0,0.0,-0.859933323078621,0.5104063869692068
2026-09-17T02:14:18.691377,104.57,map,roomba,7.763792160275608,3.763493800957283,0.0,-2.070269933758257,0.0,0.0,-0.8599312527330196,0.5104098750739642
2026-09-17T02:14:18.741830,104.63,map,roomba,7.75229693590928,3.7424258708115588,0.0,-2.0702733553724015,0.0,0.0,-0.859932125944585,0.5104084038967485
2026-09-17T02:14:18.819108,104.67,map,roomba,7.744633452544793,3.728380583242096,0.0,-2.070273553363422,0.0,0.0,-0.8599321764727211,0.5104083187673264
2026-09-17T02:14:18.868593,104.73,map,roomba,7.733138227065266,3.707312650596739,0.0,-2.070275348146832,0.0,0.0,-0.8599326345085663,0.5104075470711189
2026-09-17T02:14:18.918595,104.77,map,roomba,7.725474743163035,3.693267361313879,0.0,-2.070276375761724,0.0,0.0,-0.8599328967596511,0.5104071052312606
2026-09-17T02:14:18.995568,104.83,map,roomba,7.713979516630409,3.6721994263265145,0.0,-2.070279329330534,0.0,0.0,-0.8599336505199665,0.5104058352952128
2026-09-17T02:14:19.047501,104.89,map,roomba,7.7024842894169145,3.651131490047206,0.0,-2.0702724789063405,0.0,0.0,-0.8599319022666808,0.5104087807473612
2026-09-17T02:14:19.094645,104.93,map,roomba,7.694523429711495,3.631950575683609,0.0,-2.0720184368190675,0.0,0.0,-0.8603771506611195,0.5096578838988496
2026-09-17T02:14:19.173614,104.99,map,roomba,7.682991455330167,3.6109027286275968,0.0,-2.0720253581073265,0.0,0.0,-0.8603789144005317,0.5096549064366622
2026-09-17T02:14:19.241101,105.04,map,roomba,7.673381918511547,3.5933636251708094,0.0,-2.072020647743647,0.0,0.0,-0.860377714068165,0.509656932784043
2026-09-17T02:14:19.323334,105.07,map,roomba,7.667615488986524,3.582838930496848,0.0,-2.0720202285439666,0.0,0.0,-0.8603776072441346,0.5096571131190633
2026-09-17T02:14:19.400887,105.13,map,roomba,7.667621736543733,3.5828495124151587,0.0,-2.0970885866156532,0.0,0.0,0.8666979892752857,-0.4988332340433792
2026-09-17T02:14:19.486791,105.19,map,roomba,7.667621795485127,3.582848977974626,0.0,-2.131006821841663,0.0,0.0,0.8750327220041086,-0.4840637720611618
2026-09-17T02:14:19.559092,105.23,map,roomba,7.667664636941662,3.5828252304419745,0.0,-2.14527692261855,0.0,0.0,0.8784642387025617,-0.47780810093669257
2026-09-17T02:14:19.634789,105.27,map,roomba,7.667664706241698,3.582824862088926,0.0,-2.1702722298431043,0.0,0.0,0.8843669600306017,-0.4667923307063134
2026-09-17T02:14:19.700669,105.33,map,roomba,7.667664730683985,3.582824367891627,0.0,-2.200273854697772,0.0,0.0,0.8912694614209455,-0.45347408651257864
2026-09-17T02:14:19.786827,105.37,map,roomba,7.667664738507936,3.5828240484032827,0.0,-2.220277168365562,0.0,0.0,0.8957603001315578,-0.4445373828017409
2026-09-17T02:14:19.880089,105.43,map,roomba,7.655561567256061,3.5668860937804325,0.0,-2.22511865267944,0.0,0.0,0.8968337848903627,-0.442367677706257
2026-09-17T02:14:19.970812,105.49,map,roomba,7.6386281483017875,3.544586917749929,0.0,-2.2208573048432037,0.0,0.0,0.8958892086210198,-0.44427753249112506
2026-09-17T02:14:20.043754,105.53,map,roomba,7.628951848983013,3.531844584078353,0.0,-2.22027893274312,0.0,0.0,0.8957606922971001,-0.44453659257188255
2026-09-17T02:14:20.129061,105.57,map,roomba,7.61927553776945,3.519102257317111,0.0,-2.2202793370401332,0.0,0.0,0.8957607821594903,-0.4445364114951872
2026-09-17T02:14:20.206265,105.63,map,roomba,7.604761068886855,3.4999887648794203,0.0,-2.2202742206862056,0.0,0.0,0.8957596449537516,-0.44453870300833076
2026-09-17T02:14:20.269594,105.69,map,roomba,7.590246598089648,3.48087526941496,0.0,-2.2202769796376796,0.0,0.0,0.8957602581832542,-0.44453746732921134
2026-09-17T02:14:20.343895,105.73,map,roomba,7.58057028311061,3.468132937544828,0.0,-2.220276564593713,0.0,0.0,0.8957601659319381,-0.4445376532191471
2026-09-17T02:14:20.421546,105.77,map,roomba,7.570893967217568,3.4553906044995317,0.0,-2.2202745869427702,0.0,0.0,0.8957597263613457,-0.44453853896939816
2026-09-17T02:14:20.499044,105.84,map,roomba,7.558576335923886,3.4621309503641946,0.0,-2.2485306395484033,0.0,0.0,0.9019505737651444,-0.431839278533955
2026-09-17T02:14:20.582344,105.87,map,roomba,7.558582866811103,3.462138492098937,0.0,-2.259182331800037,0.0,0.0,0.9042376807209798,-0.42702952680621914
2026-09-17T02:14:20.661532,105.93,map,roomba,7.558582834301683,3.4621380231336634,0.0,-2.2935337641710962,0.0,0.0,0.9114384839183803,-0.4114363742215368
2026-09-17T02:14:20.742960,105.97,map,roomba,7.558582806713905,3.462137720078573,0.0,-2.3135305591411774,0.0,0.0,0.9155065628483192,-0.4023030367542065
2026-09-17T02:14:20.829706,106.03,map,roomba,7.542342956085239,3.4444495187676907,0.0,-2.3182906908807475,0.0,0.0,0.9164614766314185,-0.4001229334224167
2026-09-17T02:14:20.917788,106.07,map,roomba,7.5315221458107064,3.4326636173360203,0.0,-2.3163252278070687,0.0,0.0,0.9160678207279576,-0.4010233756612331
2026-09-17T02:14:20.999656,106.13,map,roomba,7.515290935694429,3.414984755169673,0.0,-2.3135291419019572,0.0,0.0,0.9155062777682683,-0.40230368550000917
2026-09-17T02:14:21.077505,106.16,map,roomba,7.507177186451795,3.406147672217921,0.0,-2.313530647713108,0.0,0.0,0.9155065806646967,-0.40230299621011434
2026-09-17T02:14:21.144798,106.23,map,roomba,7.504478710125618,3.4032077387622124,0.0,-2.338658028545693,0.0,0.0,0.9204886042731744,-0.390769406943818
2026-09-17T02:14:21.222765,106.27,map,roomba,7.504478663770059,3.403207446696488,0.0,-2.3603221997641484,0.0,0.0,0.9246673673538102,-0.3807758655048583
2026-09-17T02:14:21.297497,106.33,map,roomba,7.4945145942834115,3.403174023636173,0.0,-2.3917843947794224,0.0,0.0,0.930542732401261,-0.36618331908375534
2026-09-17T02:14:21.366345,106.37,map,roomba,7.494514539845748,3.403173749770712,0.0,-2.4117857093550903,0.0,0.0,0.9341582123723177,-0.35685912382529333
2026-09-17T02:14:21.469256,106.43,map,roomba,7.494514450945077,3.4031733538906677,0.0,-2.4417864496444204,0.0,0.0,0.9394059345584473,-0.3428067824830339
2026-09-17T02:14:21.578059,106.46,map,roomba,7.494507983970759,3.403168174438335,0.0,-2.456785647561475,0.0,0.0,0.9419504060050568,-0.3357520403912814
2026-09-17T02:14:21.661106,106.53,map,roomba,7.494514263088143,3.4031727637078175,0.0,-2.4867860356079325,0.0,0.0,0.9468805927138116,-0.32158535902920204
2026-09-17T02:14:21.733617,106.57,map,roomba,7.494514214020196,3.403172497541748,0.0,-2.511785711152228,0.0,0.0,0.9508262806907076,-0.30972469056869806
2026-09-17T02:14:21.800517,106.62,map,roomba,7.494507983970625,3.4031681744367654,0.0,-2.5367856475450306,0.0,0.0,0.9546234466942068,-0.29781550500548654
2026-09-17T02:14:21.891995,106.67,map,roomba,7.494514023791475,3.4031719411448567,0.0,-2.5617854976226613,0.0,0.0,0.9582714431483078,-0.28585982796898796
2026-09-17T02:14:21.964595,106.72,map,roomba,7.494507983970566,3.403168174435918,0.0,-2.5867856475356095,0.0,0.0,0.9617697544911542,-0.27385934226537706
2026-09-17T02:14:22.044177,106.77,map,roomba,7.4945138197411625,3.4031714284456847,0.0,-2.611786057436735,0.0,0.0,0.9651178234988792,-0.2618159406239164
2026-09-17T02:14:22.107624,106.83,map,roomba,7.494513691899176,3.403171140921841,0.0,-2.6417854952074644,0.0,0.0,0.9689362720964922,-0.2473105347852217
2026-09-17T02:14:22.172610,106.87,map,roomba,7.494513604778396,3.4031709573313975,0.0,-2.6617893929075165,0.0,0.0,0.9713613528786446,-0.2376070750919878
2026-09-17T02:14:22.223920,106.92,map,roomba,7.494507983969829,3.4031681744341364,0.0,-2.6867856475196716,0.0,0.0,0.9742550551596844,-0.22544863604777104
2026-09-17T02:14:22.303020,106.97,map,roomba,7.494513381525724,3.4031705256882336,0.0,-2.711784146519299,0.0,0.0,0.9769968169906955,-0.21325388528711384
2026-09-17T02:14:22.366734,107.03,map,roomba,7.494513244587621,3.403170284772675,0.0,-2.7417870657740973,0.0,0.0,0.9800858850801518,-0.19857406141451475
2026-09-17T02:14:22.448777,107.07,map,roomba,7.494513152343783,3.403170131412738,0.0,-2.7617825825321884,0.0,0.0,0.9820221655743556,-0.18876563861215054
2026-09-17T02:14:22.521596,107.13,map,roomba,7.494513012876373,3.4031699119170513,0.0,-2.7917866175732717,0.0,0.0,0.9847434196279428,-0.17401263603389647
2026-09-17T02:14:22.603172,107.17,map,roomba,7.4945129193434195,3.403169772423297,0.0,-2.8117840662827307,0.0,0.0,0.9864340708191713,-0.1641579237414937
2026-09-17T02:14:22.684366,107.23,map,roomba,7.494512778501383,3.4031695731127742,0.0,-2.841788147516355,0.0,0.0,0.9887856803360755,-0.14934148238960407
2026-09-17T02:14:22.761728,107.29,map,roomba,7.49451263733337,3.403169385332143,0.0,-2.8717884819925206,0.0,0.0,0.9909145047573604,-0.13449328704985683
2026-09-17T02:14:22.811296,107.33,map,roomba,7.494512543209991,3.4031692663382573,0.0,-2.8917831188206837,0.0,0.0,0.9922095358310065,-0.12458024324112839
2026-09-17T02:14:22.871686,107.39,map,roomba,7.494512402244997,3.403169096823534,0.0,-2.921784377685864,0.0,0.0,0.993966616962433,-0.10968301766570772
2026-09-17T02:14:22.940884,107.43,map,roomba,7.494512308544719,3.403168989616666,0.0,-2.9417865181955647,0.0,0.0,0.9950138376865255,-0.09973696813284703
2026-09-17T02:14:23.020557,107.47,map,roomba,7.494512215162958,3.4031688869097145,0.0,-2.9617871473255,0.0,0.0,0.995961468710038,-0.08978169548935971
2026-09-17T02:14:23.103966,107.53,map,roomba,7.494512075857831,3.403168741024589,0.0,-2.9917819007499467,0.0,0.0,0.9971959037651273,-0.07483534936145475
2026-09-17T02:14:23.195871,107.57,map,roomba,7.4945119836061584,3.4031686490446393,0.0,-3.0117855770899236,0.0,0.0,0.9978945046282338,-0.06485798048638265
2026-09-17T02:14:23.276067,107.63,map,roomba,7.494511844594438,3.403168537661153,0.0,-3.0367803911120386,0.0,0.0,0.9986271129558166,-0.05238214647693141
2026-09-17T02:14:23.353811,107.67,map,roomba,7.4945117556292224,3.40316843671612,0.0,-3.0617870131500733,0.0,0.0,0.9992039880974982,-0.03989223195127801
2026-09-17T02:14:23.405950,107.73,map,roomba,7.494511620964468,3.403168320834717,0.0,-3.0917836420694758,0.0,0.0,0.9996898988248698,-0.024901931401434322
2026-09-17T02:14:23.491569,107.77,map,roomba,7.49451153218632,3.4031682481486847,0.0,-3.111789746164471,0.0,0.0,0.9998889753930962,-0.01490090223256563
2026-09-17T02:14:23.566263,107.83,map,roomba,7.494511400639791,3.4031681457008807,0.0,3.141400326908699,0.0,0.0,0.999999995376306,9.616334039880271e-05
2026-09-17T02:14:23.633072,107.87,map,roomba,7.494511314088302,3.403168081636771,0.0,3.121400844972201,0.0,0.0,0.9999490367909746,0.010095732801652825
2026-09-17T02:14:23.707981,107.93,map,roomba,7.494511186083124,3.4031679916334356,0.0,3.091400412240181,0.0,0.0,0.999685108890994,0.025093486437746445
2026-09-17T02:14:23.777834,107.99,map,roomba,7.494511060375288,3.403167908639567,0.0,3.0613990952945334,0.0,0.0,0.9991962318479514,0.04008603573384339
2026-09-17T02:14:23.842804,108.03,map,roomba,7.494510977901983,3.403167857040004,0.0,3.041401079149546,0.0,0.0,0.9987454684474226,0.050074836552288844
2026-09-17T02:14:23.913670,108.09,map,roomba,7.494510856263844,3.4031677849959046,0.0,3.0114001626583726,0.0,0.0,0.9978819874985303,0.06505028075253151
2026-09-17T02:14:23.980239,108.13,map,roomba,7.49451077659138,3.403167740400151,0.0,2.991398590792498,0.0,0.0,0.9971815428836096,0.0750264655455928
2026-09-17T02:14:24.027228,108.17,map,roomba,7.4945106980822,3.403167698445209,0.0,2.971399330968486,0.0,0.0,0.9963814635261741,0.08499399473750831
2026-09-17T02:14:24.121696,108.23,map,roomba,7.474787500476696,3.406557404949031,0.0,2.9665486660401212,0.0,0.0,0.9961723945587705,0.08741029870127061
2026-09-17T02:14:24.210589,108.27,map,roomba,7.455076676208233,3.4099446845321495,0.0,2.9685676271258146,0.0,0.0,0.9962601259643896,0.08640463768466734
2026-09-17T02:14:24.305024,108.33,map,roomba,7.431423763189106,3.414009530246333,0.0,2.9713988401352296,0.0,0.0,0.9963814426672044,0.08499423926608501
2026-09-17T02:14:24.410040,108.39,map,roomba,7.415667615063227,3.4167171740366786,0.0,2.9664078370137075,0.0,0.0,0.9961662371355304,0.08748044347874652
2026-09-17T02:14:24.471562,108.43,map,roomba,7.415667513978411,3.416717121781226,0.0,2.94642210454142,0.0,0.0,0.9952423344552163,0.09743046601618724
2026-09-17T02:14:24.563290,108.49,map,roomba,7.415667350973738,3.4167170519437526,0.0,2.912468518687141,0.0,0.0,0.993444940363243,0.11431163749449352
2026-09-17T02:14:24.612975,108.52,map,roomba,7.415663816167792,3.4167179790443365,0.0,2.896399659809855,0.0,0.0,0.9924944571743963,0.12228962539030225
2026-09-17T02:14:24.690397,108.58,map,roomba,7.415663816167283,3.416717979044268,0.0,2.8663996598190735,0.0,0.0,0.9905485280484095,0.13716272664659723
2026-09-17T02:14:24.786774,108.62,map,roomba,7.376503476985887,3.4871700334074207,0.0,2.856869659821759,0.0,0.0,0.9898837048370838,0.1418811153677937
2026-09-17T02:14:24.877384,108.69,map,roomba,7.376506509246879,3.4871689503882193,0.0,2.821871007941615,0.0,0.0,0.9872494472721857,0.1591808055663875
2026-09-17T02:14:24.963862,108.73,map,roomba,7.376506412421174,3.4871689203482976,0.0,2.8018687929379564,0.0,0.0,0.9856081164670656,0.1690462680873
2026-09-17T02:14:25.051522,108.77,map,roomba,7.376506317473828,3.487168892913038,0.0,2.7818669963145437,0.0,0.0,0.9838682412625438,0.17889461656223463
2026-09-17T02:14:25.121880,108.83,map,roomba,7.376506184333115,3.4871688696999943,0.0,2.7568703772190344,0.0,0.0,0.9815555762604894,0.1911770140784153
2026-09-17T02:14:25.222252,108.87,map,roomba,7.3765060883336435,3.4871688350564174,0.0,2.7318717951764717,0.0,0.0,0.9790893870133615,0.20343050960414005
2026-09-17T02:14:25.322610,108.93,map,roomba,7.376505956482969,3.4871688072102227,0.0,2.701869197766473,0.0,0.0,0.9759276150670555,0.2180946816167903
2026-09-17T02:14:25.405050,108.97,map,roomba,7.376505870921088,3.4871687913127545,0.0,2.6818679338990425,0.0,0.0,0.9736977646439026,0.22784350578295462
2026-09-17T02:14:25.487812,109.03,map,roomba,7.376505746068194,3.4871687712413166,0.0,2.6518723624515737,0.0,0.0,0.970171238061702,0.24242064441343358
2026-09-17T02:14:25.568848,109.07,map,roomba,7.376505665146482,3.487168760250402,0.0,2.631868363178679,0.0,0.0,0.9676980597327123,0.25211200921325466
2026-09-17T02:14:25.647658,109.13,map,roomba,7.376505553502947,3.4871687573192514,0.0,2.6068678101410887,0.0,0.0,0.964471068205042,0.264188490656624
2026-09-17T02:14:25.723912,109.18,map,roomba,7.373113869783513,3.4892938382832197,0.0,2.581869655741573,0.0,0.0,0.961093704647557,0.27622253870174074
2026-09-17T02:14:25.788941,109.23,map,roomba,7.3561573846072035,3.49991817449307,0.0,2.5769867402395152,0.0,0.0,0.9604164552575402,0.2785681828036745
2026-09-17T02:14:25.853906,109.26,map,roomba,7.345996997070047,3.5062842867666326,0.0,2.5818696524824305,0.0,0.0,0.9610937041974326,0.2762225402679114
2026-09-17T02:14:25.921405,109.33,map,roomba,7.322261785465642,3.521155864644191,0.0,2.5818720467639023,0.0,0.0,0.961094034873999,0.27622138970328913
2026-09-17T02:14:25.971641,109.37,map,roomba,7.30870354927618,3.529650966246235,0.0,2.5818680179066975,0.0,0.0,0.9610934784437811,0.27622332575804204
2026-09-17T02:14:26.019768,109.43,map,roomba,7.288366185688394,3.5423936243362846,0.0,2.5818677459101154,0.0,0.0,0.961093440877872,0.27622345646511015
2026-09-17T02:14:26.070123,109.48,map,roomba,7.271425601686499,3.553008017232771,0.0,2.5818696597471424,0.0,0.0,0.9610937052007712,0.27622253677687686
2026-09-17T02:14:26.153865,109.53,map,roomba,7.254470555794524,3.5636314021599524,0.0,2.581868783091376,0.0,0.0,0.9610935841246391,0.2762229580510198
2026-09-17T02:14:26.202475,109.57,map,roomba,7.24091229574567,3.572126517993741,0.0,2.581870980609728,0.0,0.0,0.9610938876265687,0.27622190204045843
2026-09-17T02:14:26.269139,109.63,map,roomba,7.246324781465207,3.635260123795713,0.0,2.5783834005388213,0.0,0.0,0.9606107536217801,0.2778974271672837
2026-09-17T02:14:26.341714,109.67,map,roomba,7.232796241330296,3.6438025130615515,0.0,2.5783771570497516,0.0,0.0,0.9606098860923248,0.27790042594729997
2026-09-17T02:14:26.391962,109.73,map,roomba,7.212503423260153,3.6566161013926726,0.0,2.5783838605596383,0.0,0.0,0.9606108175410555,0.2778972062168044
2026-09-17T02:14:26.442229,109.77,map,roomba,7.198974873003467,3.6651584968245405,0.0,2.5783795564522403,0.0,0.0,0.9606102194891203,0.2778992735022242
2026-09-17T02:14:26.516548,109.83,map,roomba,7.1786820403231175,3.6779720942760017,0.0,2.578379095602998,0.0,0.0,0.96061015545426,0.27789949485046284
2026-09-17T02:14:26.567839,109.88,map,roomba,7.161776933675197,3.6886465776939277,0.0,2.5783796597342588,0.0,0.0,0.960610233840118,0.2778992238953426
2026-09-17T02:14:26.610957,109.93,map,roomba,7.145032532061558,3.6895992859791145,0.0,2.574890793126919,0.0,0.0,0.9601239958338182,0.2795745206990474
2026-09-17T02:14:26.683505,109.96,map,roomba,7.134913832077663,3.696038097376439,0.0,2.5748896597336874,0.0,0.0,0.9601238373997294,0.27957506479802186
2026-09-17T02:14:26.750375,110.03,map,roomba,7.111285842158794,3.7110732127093824,0.0,2.5748893840926006,0.0,0.0,0.9601237988685329,0.2795751971228083
2026-09-17T02:14:26.802252,110.08,map,roomba,7.094417404897787,3.7218070590447336,0.0,2.5748896597255913,0.0,0.0,0.9601238373985976,0.2795750648019086
2026-09-17T02:14:26.892471,110.13,map,roomba,7.077539131860725,3.7325471521839786,0.0,2.5748878244802067,0.0,0.0,0.9601235808537698,0.2795759458332113
2026-09-17T02:14:26.941937,110.17,map,roomba,7.064040442253713,3.741136731271773,0.0,2.574890759421482,0.0,0.0,0.9601239911222275,0.27957453687974704
2026-09-17T02:14:26.990836,110.23,map,roomba,7.043792402284216,3.7540211034126454,0.0,2.5748903552617133,0.0,0.0,0.9601239346258177,0.2795747309014863
2026-09-17T02:14:27.040603,110.29,map,roomba,7.023544355774,3.766905479482004,0.0,2.5748911043572495,0.0,0.0,0.9601240393398419,0.27957437128918994
2026-09-17T02:14:27.091700,110.33,map,roomba,7.01004565473797,3.7754950658748374,0.0,2.5748921354037644,0.0,0.0,0.9601241834668048,0.27957387632288044
2026-09-17T02:14:27.161048,110.39,map,roomba,6.989797598000006,3.788379448384168,0.0,2.574888424600523,0.0,0.0,0.960123664743329,0.27957565773836535
2026-09-17T02:14:27.221212,110.43,map,roomba,6.976298890233776,3.796969038741395,0.0,2.5748882388078957,0.0,0.0,0.9601236387717768,0.2795757469303133
2026-09-17T02:14:27.274975,110.49,map,roomba,6.956050823809608,3.8098534271619595,0.0,2.574887203346084,0.0,0.0,0.9601234940266435,0.279576244015957
2026-09-17T02:14:27.356256,110.53,map,roomba,6.942466042296943,3.818307503699284,0.0,2.5766329369302365,0.0,0.0,0.9603671610575992,0.2787380777040827
2026-09-17T02:14:27.410375,110.59,map,roomba,6.922195514519341,3.8311565454421643,0.0,2.5766344782574366,0.0,0.0,0.9603673758706045,0.27873733758398633
2026-09-17T02:14:27.458105,110.63,map,roomba,6.908681826387898,3.8397225749520523,0.0,2.5766355325501515,0.0,0.0,0.9603675228058433,0.27873683132978344
2026-09-17T02:14:27.508601,110.67,map,roomba,6.89516813606161,3.848288605915526,0.0,2.576638337049788,0.0,0.0,0.9603679136635701,0.2787354846543252
2026-09-17T02:14:27.556355,110.73,map,roomba,6.8748975964996895,3.8611376548859955,0.0,2.5766361375469025,0.0,0.0,0.960367607123238,0.2787365408201553
2026-09-17T02:14:27.607338,110.77,map,roomba,6.861383900768863,3.869703689083096,0.0,2.5766347603819653,0.0,0.0,0.9603674151899149,0.27873720211238684
2026-09-17T02:14:27.657324,110.83,map,roomba,6.835506359082315,3.8824195965948407,0.0,2.576636795848301,0.0,0.0,0.9603676988695132,0.27873622471447074
2026-09-17T02:14:27.721935,110.87,map,roomba,6.82199265829443,3.8909856338530275,0.0,2.5766327747970705,0.0,0.0,0.9603671384612525,0.278738155557766
2026-09-17T02:14:27.773137,110.93,map,roomba,6.801722103543084,3.903834691995619,0.0,2.5766369514166048,0.0,0.0,0.9603677205507711,0.2787361500130829
2026-09-17T02:14:27.823391,110.99,map,roomba,6.781451544590961,3.91668375266139,0.0,2.5766313328798485,0.0,0.0,0.9603669375023295,0.27873884794265175
2026-09-17T02:14:27.886743,111.03,map,roomba,6.767937836325039,3.925249794394884,0.0,2.5766327366348087,0.0,0.0,0.9603671331426132,0.278738173882657
2026-09-17T02:14:27.937193,111.07,map,roomba,6.75442412634479,3.9338158372411716,0.0,2.5766355153944747,0.0,0.0,0.9603675204148837,0.2787368395676609
2026-09-17T02:14:27.986058,111.13,map,roomba,6.744153558359957,3.94666490370449,0.0,2.5766349699875404,0.0,0.0,0.9603674444023454,0.27873710146320313
2026-09-17T02:14:28.037665,111.17,map,roomba,6.730639844283797,3.9552309492203452,0.0,2.576631335244036,0.0,0.0,0.960366937831825,0.27873884680740807
2026-09-17T02:14:28.090341,111.23,map,roomba,6.710369270186729,3.9680800193119987,0.0,2.5766357226598915,0.0,0.0,0.9603675493011321,0.27873674004217225
2026-09-17T02:14:28.140926,111.27,map,roomba,6.696855552238587,3.976646067291046,0.0,2.5766338980593346,0.0,0.0,0.960367295009127,0.2787376161856388
2026-09-17T02:14:28.192741,111.33,map,roomba,6.676584972421898,3.9894951408170636,0.0,2.5766384434708463,0.0,0.0,0.9603679284952313,0.27873543355263997
2026-09-17T02:14:28.263827,111.37,map,roomba,6.663071250881577,3.9980611911753883,0.0,2.5766321320628065,0.0,0.0,0.9603670488839213,0.2787384641881846
2026-09-17T02:14:28.311641,111.43,map,roomba,6.632800665704245,4.010910267938621,0.0,2.576635091341515,0.0,0.0,0.9603674613152712,0.27873704319099946
2026-09-17T02:14:28.369272,111.49,map,roomba,6.612530077677475,4.023759346876146,0.0,2.5766300324924094,0.0,0.0,0.9603667562678782,0.278739472367144
2026-09-17T02:14:28.444919,111.53,map,roomba,6.5990163505723824,4.032325400316483,0.0,2.576633141987347,0.0,0.0,0.9603671896362066,0.27873797923902377
2026-09-17T02:14:28.494045,111.57,map,roomba,6.585502622272971,4.040891454655084,0.0,2.576634574242378,0.0,0.0,0.9603673892478969,0.27873729149358273
2026-09-17T02:14:28.556667,111.63,map,roomba,6.565232027607713,4.053740537732231,0.0,2.5766321195577913,0.0,0.0,0.960367047141107,0.27873847019288683
2026-09-17T02:14:28.606893,111.67,map,roomba,6.551718296179715,4.062306593790863,0.0,2.5766339959025926,0.0,0.0,0.960367308645424,0.27873756920290604
2026-09-17T02:14:28.659626,111.73,map,roomba,6.531632550681481,4.06988803728525,0.0,2.5766387845868466,0.0,0.0,0.9603679760357755,0.2787352697542025
2026-09-17T02:14:28.735549,111.77,map,roomba,6.5181188165645505,4.078454095349615,0.0,2.5766342748545026,0.0,0.0,0.9603673475226033,0.27873743525475586
2026-09-17T02:14:28.786297,111.83,map,roomba,6.49784821332624,4.091303183655277,0.0,2.576633977209754,0.0,0.0,0.9603673060402259,0.27873757817890144
2026-09-17T02:14:28.837406,111.87,map,roomba,6.484334476593974,4.099869243458572,0.0,2.576635851167629,0.0,0.0,0.960367567211044,0.2787366783348413
2026-09-17T02:14:28.885518,111.93,map,roomba,6.467442310718388,4.110576814781834,0.0,2.576635295188984,0.0,0.0,0.9603674897251866,0.2787369453067599
2026-09-17T02:14:28.955140,111.97,map,roomba,6.450550130198346,4.121284395467809,0.0,2.57663261685987,0.0,0.0,0.9603671164496876,0.27873823139661386
2026-09-17T02:14:29.004789,112.03,map,roomba,6.430255067335482,4.138692433634777,0.0,2.5766355165424155,0.0,0.0,0.9603675205748704,0.27873683901643836
2026-09-17T02:14:29.052600,112.07,map,roomba,6.416741325641735,4.147258496284115,0.0,2.576631869549796,0.0,0.0,0.9603670122976764,0.27873859024260483
2026-09-17T02:14:29.102710,112.13,map,roomba,6.396470711385323,4.160107591243463,0.0,2.576635921818252,0.0,0.0,0.9603675770575034,0.2787366444095576
2026-09-17T02:14:29.152856,112.17,map,roomba,6.382956967498876,4.168673655284882,0.0,2.5766342202745793,0.0,0.0,0.9603673399158691,0.27873746146314377
2026-09-17T02:14:29.212160,112.23,map,roomba,6.36268635012822,4.18152275238184,0.0,2.576633177763366,0.0,0.0,0.960367194622274,0.2787379620599664
2026-09-17T02:14:29.279499,112.27,map,roomba,6.349172604185799,4.19008881773374,0.0,2.576636663211181,0.0,0.0,0.960367680384126,0.27873628840467307
2026-09-17T02:14:29.327927,112.33,map,roomba,6.328901983829589,4.2029379167392165,0.0,2.5766340799544882,0.0,0.0,0.9603673203596338,0.27873752884255937
2026-09-17T02:14:29.377700,112.37,map,roomba,6.315388235866449,4.211503983178096,0.0,2.5766358201242014,0.0,0.0,0.960367562884573,0.27873669324139155
2026-09-17T02:14:29.428351,112.43,map,roomba,6.295117612673101,4.224353083920612,0.0,2.57663233831704,0.0,0.0,0.9603670776294104,0.2787383651482982
2026-09-17T02:14:29.493935,112.48,map,roomba,6.278226496344656,4.235059974299896,0.0,2.5766346596451126,0.0,0.0,0.9603674011503595,0.27873725048458203
2026-09-17T02:14:29.572634,112.53,map,roomba,6.2613332371380235,4.245768254039346,0.0,2.5766371732730704,0.0,0.0,0.9603677514704738,0.2787360434811871
2026-09-17T02:14:29.620341,112.57,map,roomba,6.247819485759907,4.254334322870555,0.0,2.576633681902052,0.0,0.0,0.9603672648835385,0.2787377199808297
2026-09-17T02:14:29.671284,112.63,map,roomba,6.232931805138786,4.26710092868052,0.0,2.576636212477035,0.0,0.0,0.9603676175661202,0.2787365048399192
2026-09-17T02:14:29.737347,112.67,map,roomba,6.219418052168353,4.275666998535751,0.0,2.5766368731775406,0.0,0.0,0.9603677096467428,0.2787361875822186
2026-09-17T02:14:29.787117,112.73,map,roomba,6.199147421539839,4.288516103994542,0.0,2.576634224007076,0.0,0.0,0.9603673404360624,0.2787374596708599
2026-09-17T02:14:29.833398,112.77,map,roomba,6.185633666961046,4.297082174631779,0.0,2.57663361108234,0.0,0.0,0.9603672550134754,0.2787377539872961
2026-09-17T02:14:29.885070,112.83,map,roomba,6.165363034135449,4.309931281448643,0.0,2.5766382318688743,0.0,0.0,0.9603678990047424,0.278735535160512
2026-09-17T02:14:29.945657,112.87,map,roomba,6.15184927820442,4.318497353068505,0.0,2.5766360976720186,0.0,0.0,0.9603676015659443,0.2787365599674285
2026-09-17T02:14:29.995729,112.93,map,roomba,6.127332094341583,4.331191574758257,0.0,2.576634711467091,0.0,0.0,0.9603674083727171,0.27873722560051245
2026-09-17T02:14:30.074054,112.97,map,roomba,6.1138183371274115,4.339757647278772,0.0,2.5766363112635093,0.0,0.0,0.9603676313338174,0.27873645740425307
2026-09-17T02:14:30.151490,113.03,map,roomba,6.093547700285333,4.352606756538754,0.0,2.5766290888167136,0.0,0.0,0.9603666247479385,0.2787399255044966
2026-09-17T02:14:30.239975,113.08,map,roomba,6.076656233422055,4.363313870854422,0.0,2.576634659625115,0.0,0.0,0.9603674011475724,0.2787372504941845
2026-09-17T02:14:30.310958,113.13,map,roomba,6.059763302967287,4.374021939909592,0.0,2.5766323155908792,0.0,0.0,0.9603670744620839,0.2787383760610266
2026-09-17T02:14:30.390006,113.17,map,roomba,6.0462495432780425,4.382588013848526,0.0,2.5766387523748846,0.0,0.0,0.9603679715464705,0.27873528522187097
2026-09-17T02:14:30.459911,113.23,map,roomba,6.025978903019404,4.395437125454885,0.0,2.57663551247833,0.0,0.0,0.9603675200084653,0.2787368409679463
2026-09-17T02:14:30.540266,113.27,map,roomba,6.012465142252104,4.404003200112523,0.0,2.576635622254159,0.0,0.0,0.9603675353077477,0.2787367882553755
2026-09-17T02:14:30.614682,113.33,map,roomba,5.992194500343302,4.4168523126318995,0.0,2.5766308230960147,0.0,0.0,0.960366866454019,0.27873909273241243
2026-09-17T02:14:30.696434,113.37,map,roomba,5.978680738579317,4.425418387988335,0.0,2.5766369265073403,0.0,0.0,0.9603677170792149,0.2787361619741097
2026-09-17T02:14:30.767445,113.43,map,roomba,5.958410095246334,4.438267501561727,0.0,2.5766347727368877,0.0,0.0,0.9603674169118032,0.2787371961797544
2026-09-17T02:14:30.841664,113.47,map,roomba,5.944896332419665,4.446833577373642,0.0,2.5766405878774585,0.0,0.0,0.9603682273557327,0.2787344038428117
2026-09-17T02:14:30.939318,113.53,map,roomba,5.928004128870995,4.457541172359695,0.0,2.5766355308360933,0.0,0.0,0.9603675225669577,0.27873683215284634
2026-09-17T02:14:31.013533,113.57,map,roomba,5.911111923991902,4.468248768287854,0.0,2.5766367386476934,0.0,0.0,0.9603676908975721,0.2787362521812787
2026-09-17T02:14:31.081565,113.63,map,roomba,5.890841277915369,4.4810978835398725,0.0,2.5766355741938765,0.0,0.0,0.960367528609663,0.27873681133314304
2026-09-17T02:14:31.167374,113.67,map,roomba,5.877327513378683,4.489663960533843,0.0,2.5766361614750184,0.0,0.0,0.9603676104580581,0.2787365293302615
2026-09-17T02:14:31.253078,113.73,map,roomba,5.8604353071927076,4.500371556997971,0.0,2.576632742739207,0.0,0.0,0.9603671339933776,0.2787381709514252
2026-09-17T02:14:31.327614,113.77,map,roomba,5.843543100515712,4.51107915373175,0.0,2.576635191335906,0.0,0.0,0.9603674752513404,0.27873699517531947
2026-09-17T02:14:31.378554,113.83,map,roomba,5.833272451966345,4.523928270375744,0.0,2.5766339017339552,0.0,0.0,0.9603672955212544,0.27873761442114614
2026-09-17T02:14:31.426888,113.87,map,roomba,5.819758685992012,4.53249434852046,0.0,2.5766366746138245,0.0,0.0,0.9603676819732914,0.2787362829293078
2026-09-17T02:14:31.477144,113.93,map,roomba,5.799488036365476,4.54534346587107,0.0,2.576630634367815,0.0,0.0,0.9603668401510511,0.278739183356566
2026-09-17T02:14:31.526679,113.97,map,roomba,5.785974269585211,4.553909544298337,0.0,2.5766361436711165,0.0,0.0,0.9603676079767591,0.2787365378794069
2026-09-17T02:14:31.590167,114.03,map,roomba,5.765703618957251,4.566758662327611,0.0,2.5766362827473195,0.0,0.0,0.9603676273595664,0.27873647109726596
2026-09-17T02:14:31.680240,114.08,map,roomba,5.748811797285453,4.577466005942703,0.0,2.576634659588029,0.0,0.0,0.9603674011424037,0.27873725051199255
2026-09-17T02:14:31.732021,114.13,map,roomba,5.721919199799793,4.598173859603406,0.0,2.576637070818998,0.0,0.0,0.9603677371916511,0.27873609267798033
2026-09-17T02:14:31.780823,114.17,map,roomba,5.7084054234551935,4.6067399257724295,0.0,2.576496957412635,0.0,0.0,0.960348207503242,0.27880337219142454
2026-09-17T02:14:31.830466,114.23,map,roomba,5.6881347712903265,4.619589045485371,0.0,2.5765027670723573,0.0,0.0,0.9603490173755512,0.27880058254209794
2026-09-17T02:14:31.883116,114.29,map,roomba,5.66786411862704,4.632438165549002,0.0,2.576513190881301,0.0,0.0,0.9603504704445106,0.2787955772909733
2026-09-17T02:14:31.970252,114.33,map,roomba,5.654350349893534,4.641004245741485,0.0,2.576518866818602,0.0,0.0,0.9603512616537516,0.27879285184532204
2026-09-17T02:14:32.039940,114.39,map,roomba,5.634079696410657,4.6538533663107335,0.0,2.576525456705564,0.0,0.0,0.9603521802552283,0.2787896875406794
2026-09-17T02:14:32.099954,114.43,map,roomba,5.624643150114859,4.656923967649107,0.0,2.576529088154425,0.0,0.0,0.9603526864588918,0.2787879438053044
2026-09-17T02:14:32.167626,114.47,map,roomba,5.611129380606745,4.665490048225777,0.0,2.5765374192744632,0.0,0.0,0.9603538477584724,0.2787839433961305
2026-09-17T02:14:32.241930,114.53,map,roomba,5.590858726087636,4.678339169494678,0.0,2.576539496267847,0.0,0.0,0.9603541372741575,0.27878294607168624
2026-09-17T02:14:32.317804,114.59,map,roomba,5.570588070978789,4.691188290772083,0.0,2.5765459331346157,0.0,0.0,0.9603550345135243,0.2787798552344263
2026-09-17T02:14:32.393560,114.63,map,roomba,5.557074300740684,4.699754371866823,0.0,2.576549003066154,0.0,0.0,0.9603554624299279,0.27877838112199366
2026-09-17T02:14:32.470347,114.67,map,roomba,5.543560530381393,4.708320453162058,0.0,2.576551648133332,0.0,0.0,0.9603558311228608,0.2787771110193934
2026-09-17T02:14:32.542048,114.73,map,roomba,5.523462247164848,4.72144046228254,0.0,2.5730707453326276,0.0,0.0,0.9598691788138725,0.28044814059498074
2026-09-17T02:14:32.632156,114.79,map,roomba,5.503236557665141,4.734360250768716,0.0,2.5730707325132776,0.0,0.0,0.959869177016291,0.28044814674743024
2026-09-17T02:14:32.711658,114.83,map,roomba,5.489752764394446,4.74297344311069,0.0,2.5730741749673207,0.0,0.0,0.9598696597297975,0.2804464945942502
2026-09-17T02:14:32.787052,114.87,map,roomba,5.476268971017223,4.751586635629156,0.0,2.573077285047757,0.0,0.0,0.959870095834215,0.280445001957986
2026-09-17T02:14:32.838351,114.93,map,roomba,5.456043280672942,4.764506424595857,0.0,2.5730786687895266,0.0,0.0,0.959870289865717,0.2804443378517464
2026-09-17T02:14:32.908763,114.97,map,roomba,5.4425594868738525,4.773119617274984,0.0,2.573082649169902,0.0,0.0,0.9598708480013854,0.2804424275267585
2026-09-17T02:14:32.956609,115.03,map,roomba,5.422507113546892,4.7863096912512795,0.0,2.5695996197641104,0.0,0.0,0.9593809980543626,0.2821136306033707
2026-09-17T02:14:33.010529,115.09,map,roomba,5.402326635465885,4.799299989542329,0.0,2.569599482337181,0.0,0.0,0.9593809786693553,0.2821136965257623
2026-09-17T02:14:33.056355,115.13,map,roomba,5.388872983196569,4.807960188432123,0.0,2.5696053296447454,0.0,0.0,0.9593818034680309,0.28211089162672986
2026-09-17T02:14:33.106606,115.17,map,roomba,5.3754193308231555,4.816620387442592,0.0,2.569604923629383,0.0,0.0,0.9593817461973332,0.2821110863885992
2026-09-17T02:14:33.158086,115.23,map,roomba,5.355238852042931,4.82961068613046,0.0,2.569610148682621,0.0,0.0,0.9593824832167819,0.2821085799772868
2026-09-17T02:14:33.225204,115.27,map,roomba,5.341785199513877,4.838270885574632,0.0,2.569610125909941,0.0,0.0,0.9593824800045976,0.2821085909011419
2026-09-17T02:14:33.276611,115.33,map,roomba,5.3159830729998365,4.8513854082552905,0.0,2.569611643239488,0.0,0.0,0.9593826940301717,0.2821078630513689
2026-09-17T02:14:33.327698,115.37,map,roomba,5.302529419988978,4.860045607585082,0.0,2.5696163337776987,0.0,0.0,0.9593833556463889,0.2821056130400006
2026-09-17T02:14:33.375461,115.44,map,roomba,5.278985693191294,4.875200852177928,0.0,2.5696546594777763,0.0,0.0,0.9593887614177964,0.282087228468831
2026-09-17T02:14:33.426389,115.48,map,roomba,5.265532035733949,4.883861054312248,0.0,2.5696546594861416,0.0,0.0,0.9593887614189763,0.28208722846481826
2026-09-17T02:14:33.485841,115.53,map,roomba,5.24871480709532,4.894686405949767,0.0,2.56962030973211,0.0,0.0,0.9593839164640214,0.2821037058072004
2026-09-17T02:14:33.540272,115.59,map,roomba,5.228534326756315,4.907676705477859,0.0,2.5696226437505825,0.0,0.0,0.9593842456809983,0.28210258619711676
2026-09-17T02:14:33.588882,115.64,map,roomba,5.2155358741130255,4.915564687671404,0.0,2.5673279922970798,0.0,0.0,0.9590599507515909,0.2832031265087941
2026-09-17T02:14:33.638233,115.67,map,roomba,5.20546062717494,4.922083389408595,0.0,2.567295852645778,0.0,0.0,0.9590553996028909,0.28321853839842365
2026-09-17T02:14:33.687320,115.72,map,roomba,5.188668930808176,4.932947649369622,0.0,2.567327992295996,0.0,0.0,0.9590599507514375,0.2832031265093137
2026-09-17T02:14:33.754978,115.77,map,roomba,5.171876956799562,4.943812085916152,0.0,2.5673015259306147,0.0,0.0,0.9590562029887519,0.2832158179000561
2026-09-17T02:14:33.828825,115.83,map,roomba,5.151726754333457,4.956849304016389,0.0,2.5673056591744534,0.0,0.0,0.9590567882867211,0.28321383589288024
2026-09-17T02:14:33.878734,115.87,map,roomba,5.138293285881747,4.965540782758859,0.0,2.567301992361844,0.0,0.0,0.9590562690390769,0.2832155942331668
2026-09-17T02:14:33.929814,115.93,map,roomba,5.118167009781573,4.9819786200476255,0.0,2.564976034240266,0.0,0.0,0.9587262467360811,0.28433076481335434
2026-09-17T02:14:33.978865,115.97,map,roomba,5.104753799774515,4.99070133076134,0.0,2.564981238745104,0.0,0.0,0.9587269866332554,0.28432826996469696
2026-09-17T02:14:34.028880,116.03,map,roomba,5.0846339846178426,5.0037853969150135,0.0,2.564983008540056,0.0,0.0,0.9587272382342485,0.2843274215894949
2026-09-17T02:14:34.081057,116.09,map,roomba,5.064514169284619,5.01686946315424,0.0,2.5649835028013492,0.0,0.0,0.9587273085002388,0.28432718465860385
2026-09-17T02:14:34.156269,116.13,map,roomba,5.051100958977533,5.025592174041565,0.0,2.564981664651244,0.0,0.0,0.9587270471818118,0.28432806580083525
2026-09-17T02:14:34.220056,116.17,map,roomba,5.037687748527653,5.0343148848582615,0.0,2.5649803131290523,0.0,0.0,0.9587268550437476,0.28432871367121043
2026-09-17T02:14:34.274103,116.23,map,roomba,5.0175679327729705,5.037398951231644,0.0,2.5649846161720657,0.0,0.0,0.9587274667808711,0.2843266509491046
2026-09-17T02:14:34.322852,116.27,map,roomba,5.004154722222294,5.046121662249653,0.0,2.564985435965626,0.0,0.0,0.9587275833253691,0.2843262579697791
2026-09-17T02:14:34.370369,116.33,map,roomba,4.984034906237585,5.059205728787184,0.0,2.5649838972036325,0.0,0.0,0.9587273645698655,0.2843269955964787
2026-09-17T02:14:34.420412,116.37,map,roomba,4.970621695504329,5.067928439858901,0.0,2.5649853830792844,0.0,0.0,0.958727575806881,0.2843262833215763
2026-09-17T02:14:34.473878,116.43,map,roomba,4.9538551796045525,5.078831830600375,0.0,2.5649912369823817,0.0,0.0,0.9587284080120296,0.2843234771711956
2026-09-17T02:14:34.546646,116.47,map,roomba,4.937088668437261,5.089735217738537,0.0,2.5649881152844087,0.0,0.0,0.9587279642248504,0.28432497360111336
2026-09-17T02:14:34.596445,116.53,map,roomba,4.919878571255326,5.1126948434181045,0.0,2.5649835541548565,0.0,0.0,0.9587273158008377,0.28432716004159897
2026-09-17T02:14:34.644526,116.57,map,roomba,4.906465360177896,5.121417554569109,0.0,2.564988779791684,0.0,0.0,0.9587280586928044,0.28432465506024396
2026-09-17T02:14:34.709423,116.63,map,roomba,4.886345543574312,5.1345016215255,0.0,2.5649890339867767,0.0,0.0,0.9587280948297626,0.2843245332082577
2026-09-17T02:14:34.779332,116.67,map,roomba,4.872932332439325,5.143224332864665,0.0,2.5649901896199117,0.0,0.0,0.9587282591170284,0.28432397923923347
2026-09-17T02:14:34.846967,116.73,map,roomba,4.852812515585111,5.156308399837759,0.0,2.5649904847629132,0.0,0.0,0.9587283010751344,0.2843238377582622
2026-09-17T02:14:34.912973,116.77,map,roomba,4.839399304282784,5.165031111179327,0.0,2.5649894130984787,0.0,0.0,0.9587281487251242,0.28432435147573276
2026-09-17T02:14:34.960884,116.83,map,roomba,4.822052285867969,5.171331261950932,0.0,2.56499053764486,0.0,0.0,0.958728308592933,0.28432381240855276
2026-09-17T02:14:35.013914,116.87,map,roomba,4.808639074422066,5.18005397331552,0.0,2.5649911113769597,0.0,0.0,0.9587283901557425,0.28432353738193816
2026-09-17T02:14:35.061710,116.93,map,roomba,4.788519257298472,5.193138040606183,0.0,2.5649939966966704,0.0,0.0,0.9587288003368981,0.2843221542626816
2026-09-17T02:14:35.110832,116.97,map,roomba,4.775106045871697,5.201860752229038,0.0,2.5649969594331843,0.0,0.0,0.9587292215216602,0.28432073403195796
2026-09-17T02:14:35.184250,117.03,map,roomba,4.75498622859461,5.2149448196162815,0.0,2.5649927372648698,0.0,0.0,0.9587286212945266,0.28432275798939494
2026-09-17T02:14:35.234366,117.09,map,roomba,4.734866411147999,5.228028886932544,0.0,2.5649943685045264,0.0,0.0,0.9587288531934869,0.284321976031227
2026-09-17T02:14:35.282594,117.13,map,roomba,4.721440747457049,5.240703495376103,0.0,2.563833678861731,0.0,0.0,0.958563686966362,0.2848783214452348
2026-09-17T02:14:35.333973,117.17,map,roomba,4.708037692253757,5.249441805127913,0.0,2.5638323558073144,0.0,0.0,0.9585634985113916,0.28487895556113224
2026-09-17T02:14:35.395769,117.23,map,roomba,4.6879331094201895,5.262549269855535,0.0,2.5638295577401493,0.0,0.0,0.9585630999552277,0.2848802966233788
2026-09-17T02:14:35.450917,117.27,map,roomba,4.674530054030803,5.271287579510868,0.0,2.5638309397731174,0.0,0.0,0.9585632968119797,0.2848796342404078
2026-09-17T02:14:35.519316,117.33,map,roomba,4.6544254709126225,5.284395044076582,0.0,2.5638294963438915,0.0,0.0,0.9585630912099352,0.2848803260494723
2026-09-17T02:14:35.567090,117.37,map,roomba,4.641022415449736,5.293133353796571,0.0,2.5638305019741963,0.0,0.0,0.9585632344519585,0.2848798440693896
2026-09-17T02:14:35.629877,117.43,map,roomba,4.617880542135333,5.3091333438134445,0.0,2.562670263573828,0.0,0.0,0.9583978088973283,0.2854358770386095
2026-09-17T02:14:35.678598,117.47,map,roomba,4.604487661238764,5.317887239900577,0.0,2.5626713812328155,0.0,0.0,0.9583979684071654,0.2854353414576024
2026-09-17T02:14:35.739755,117.53,map,roomba,4.584398340055877,5.331018084397812,0.0,2.5626687947859175,0.0,0.0,0.9583975992746872,0.2854365808800901
2026-09-17T02:14:35.793155,117.57,map,roomba,4.571005459118753,5.3397719805789245,0.0,2.5626716138044037,0.0,0.0,0.9583980015992343,0.2854352300095317
2026-09-17T02:14:35.853884,117.63,map,roomba,4.544209183475972,5.357286644903244,0.0,2.5626696405141645,0.0,0.0,0.9583977199754912,0.2854361756081037
2026-09-17T02:14:35.926446,117.67,map,roomba,4.537523327470807,5.361656675310072,0.0,2.5626703316871438,0.0,0.0,0.9583978186183199,0.28543584439878295
2026-09-17T02:14:35.980661,117.73,map,roomba,4.517433997616137,5.374787525059311,0.0,2.5626712885191725,0.0,0.0,0.9583979551752891,0.28543538588588574
2026-09-17T02:14:36.047920,117.77,map,roomba,4.5040411150430755,5.383541422420404,0.0,2.5626735952108413,0.0,0.0,0.958398284380365,0.28543428052140657
2026-09-17T02:14:36.100836,117.83,map,roomba,4.483951791140741,5.39667226833634,0.0,2.5626691014478116,0.0,0.0,0.9583976430409372,0.28543643392807505
2026-09-17T02:14:36.149877,117.87,map,roomba,4.4705589085659945,5.40542616561561,0.0,2.562670216980941,0.0,0.0,0.9583978022476873,0.28543589936586966
2026-09-17T02:14:36.230076,117.93,map,roomba,4.450469584743428,5.41855701153842,0.0,2.5626732285155214,0.0,0.0,0.9583982320466415,0.28543445624148445
2026-09-17T02:14:36.315686,117.99,map,roomba,4.430380260897893,5.431687857360405,0.0,2.5626708891456165,0.0,0.0,0.9583978981775975,0.28543557726527974
2026-09-17T02:14:36.365380,118.03,map,roomba,4.410821262939533,5.440453425810282,0.0,2.5626671857763608,0.0,0.0,0.9583973696392838,0.2854373519154458
2026-09-17T02:14:36.414215,118.07,map,roomba,4.397428380343061,5.449207322912102,0.0,2.5626743617908474,0.0,0.0,0.9583983937844008,0.2854339131769043
2026-09-17T02:14:36.464841,118.13,map,roomba,4.377339056698874,5.462338168898218,0.0,2.5626733120354253,0.0,0.0,0.9583982439663699,0.2854344162188202
2026-09-17T02:14:36.520606,118.17,map,roomba,4.363946174295112,5.471092066229325,0.0,2.5626740120285265,0.0,0.0,0.9583983438673722,0.2854340807827232
2026-09-17T02:14:36.596323,118.23,map,roomba,4.343856850664845,5.4842229121414805,0.0,2.562671880156865,0.0,0.0,0.9583980396124137,0.28543510237369596
2026-09-17T02:14:36.641281,118.27,map,roomba,4.33046396825507,5.492976809401849,0.0,2.5626751779066823,0.0,0.0,0.9583985102578891,0.2854335220948279
2026-09-17T02:14:36.719867,118.33,map,roomba,4.31043325294477,5.506197208283524,0.0,2.561506753306023,0.0,0.0,0.9582315929402171,0.2859933815514866
2026-09-17T02:14:36.785101,118.37,map,roomba,4.297050563241756,5.5149666798633135,0.0,2.561508059345509,0.0,0.0,0.9582317796993373,0.2859927558072772
2026-09-17T02:14:36.832959,118.43,map,roomba,4.276976528765145,5.528120887310706,0.0,2.561507317741362,0.0,0.0,0.9582316736525645,0.2859931111215884
2026-09-17T02:14:36.883282,118.47,map,roomba,4.2635938390741925,5.5368903588547855,0.0,2.5615116849656725,0.0,0.0,0.9582322981483138,0.28599101871457633
2026-09-17T02:14:36.952901,118.53,map,roomba,4.246865473858715,5.5478522004460284,0.0,2.5615093051160973,0.0,0.0,0.9582319578398332,0.2859921589387376
2026-09-17T02:14:37.029787,118.59,map,roomba,4.22344577014769,5.5631987735951665,0.0,2.561513636710242,0.0,0.0,0.9582325772385664,0.285990083602098
2026-09-17T02:14:37.082966,118.63,map,roomba,4.2168412316121024,5.57179561572764,0.0,2.5615115397155592,0.0,0.0,0.9582322773781974,0.2859910883062504
2026-09-17T02:14:37.141513,118.67,map,roomba,4.203458542099,5.580565087444457,0.0,2.561508787546417,0.0,0.0,0.958231883829366,0.2859924069146322
2026-09-17T02:14:37.191562,118.73,map,roomba,4.183384507860121,5.593719295032581,0.0,2.5615060742270153,0.0,0.0,0.958231495834111,0.28599370690894965
2026-09-17T02:14:37.258084,118.77,map,roomba,4.1700018182890455,5.602488766616171,0.0,2.5615110619296892,0.0,0.0,0.9582322090569196,0.28599131722116333
2026-09-17T02:14:37.308879,118.83,map,roomba,4.149927783907565,5.615642973921623,0.0,2.5615096062059273,0.0,0.0,0.9582320008944877,0.2859920146817858
2026-09-17T02:14:37.394929,118.89,map,roomba,4.129853749630949,5.628797181350009,0.0,2.561511617058962,0.0,0.0,0.9582322884379587,0.2859910512497776
2026-09-17T02:14:37.442226,118.93,map,roomba,4.116530287275571,5.634771079850992,0.0,2.561514084045187,0.0,0.0,0.9582326412052216,0.2859898692766322
2026-09-17T02:14:37.493475,118.97,map,roomba,4.103147597810865,5.643540551515447,0.0,2.561512323755065,0.0,0.0,0.9582323894922794,0.2859907126602479
2026-09-17T02:14:37.544009,119.03,map,roomba,4.0830735634959945,5.656694758804166,0.0,2.561514667975929,0.0,0.0,0.9582327247043191,0.28598958950587133
2026-09-17T02:14:37.604000,119.07,map,roomba,4.069690874027547,5.665464230425887,0.0,2.5615119985525348,0.0,0.0,0.9582323429898151,0.2859908684700429
2026-09-17T02:14:37.673805,119.13,map,roomba,4.052962509131941,5.676426072124626,0.0,2.561512072109915,0.0,0.0,0.958232353508184,0.2859908332275122
2026-09-17T02:14:37.749805,119.17,map,roomba,4.036234150474358,5.6873879096060405,0.0,2.5615129577493674,0.0,0.0,0.9582324801504726,0.28599040890329586
2026-09-17T02:14:37.802274,119.23,map,roomba,4.011833376058053,5.705335540391826,0.0,2.5615103920832976,0.0,0.0,0.9582321132717398,0.2859916381553412
2026-09-17T02:14:37.848706,119.27,map,roomba,3.9984506865114895,5.71410501182679,0.0,2.5615101444121007,0.0,0.0,0.9582320778557868,0.28599175681858624
2026-09-17T02:14:37.899722,119.33,map,roomba,3.9783766523265642,5.727259219161822,0.0,2.561509221128191,0.0,0.0,0.9582319458298909,0.28599219917868546
2026-09-17T02:14:37.951117,119.37,map,roomba,3.9649939628421462,5.736028690661014,0.0,2.5615121690419764,0.0,0.0,0.9582323673690233,0.2859907867857933
2026-09-17T02:14:38.030913,119.43,map,roomba,3.9449199285969083,5.749182897859517,0.0,2.561509794108209,0.0,0.0,0.9582320277637595,0.28599192465479467
2026-09-17T02:14:38.107484,119.47,map,roomba,3.931537239137982,5.757952369368864,0.0,2.5615101008435457,0.0,0.0,0.9582320716256627,0.2859917776929797
2026-09-17T02:14:38.159863,119.53,map,roomba,3.911463204866151,5.771106576485052,0.0,2.5615074317868807,0.0,0.0,0.9582316899606793,0.28599305648057366
2026-09-17T02:14:38.243478,119.57,map,roomba,3.898080515428031,5.779876047999171,0.0,2.56151341239089,0.0,0.0,0.9582325451620052,0.28599019107715146
2026-09-17T02:14:38.292416,119.63,map,roomba,3.8780064812877493,5.793030255276872,0.0,2.561508313705622,0.0,0.0,0.9582318160719043,0.2859926339393029
2026-09-17T02:14:38.347180,119.67,map,roomba,3.8646237917918,5.801799726677416,0.0,2.5615094650380574,0.0,0.0,0.9582319807080435,0.2859920823175701
2026-09-17T02:14:38.405889,119.73,map,roomba,3.844549757519599,5.814953933716995,0.0,2.561511391471792,0.0,0.0,0.9582322561799965,0.2859911593322309
2026-09-17T02:14:38.471528,119.77,map,roomba,3.8311670680296137,5.823723405102868,0.0,2.561507916648888,0.0,0.0,0.9582317592942349,0.2859928241754948
2026-09-17T02:14:38.523442,119.83,map,roomba,3.8113115282099264,5.830074510592917,0.0,2.562675453374059,0.0,0.0,0.958398549571692,0.2854333900910633
2026-09-17T02:14:38.572141,119.87,map,roomba,3.7979186461118815,5.83882840773016,0.0,2.5626748731391995,0.0,0.0,0.9583984667624501,0.28543366813917515
2026-09-17T02:14:38.628031,119.92,map,roomba,3.7811775371769674,5.849770782429894,0.0,2.562674659389034,0.0,0.0,0.9583984362566977,0.2854337705680892
2026-09-17T02:14:38.686180,119.97,map,roomba,3.764436440794255,5.860713150425395,0.0,2.562674525232367,0.0,0.0,0.9583984171102738,0.2854338348558585
2026-09-17T02:14:38.755889,120.03,map,roomba,3.7443471175388696,5.873843995919085,0.0,2.562673169523076,0.0,0.0,0.9583982236274028,0.28543448451061204
2026-09-17T02:14:38.822565,120.07,map,roomba,3.7309542352905005,5.882597892785668,0.0,2.56267621006798,0.0,0.0,0.958398657564479,0.28543302748386484
2026-09-17T02:14:38.872204,120.13,map,roomba,3.714176777146762,5.901494738094691,0.0,2.5626775245420363,0.0,0.0,0.9583988451614267,0.2854323975887176
2026-09-17T02:14:38.921798,120.17,map,roomba,3.700783895012628,5.910248635117554,0.0,2.5626758540697847,0.0,0.0,0.9583986067576423,0.28543319807795653
2026-09-17T02:14:38.986179,120.23,map,roomba,3.680694571772107,5.923379480578479,0.0,2.5626744385727216,0.0,0.0,0.9583984047424756,0.2854338763830916
2026-09-17T02:14:39.038374,120.29,map,roomba,3.6606052486194933,5.936510326158572,0.0,2.56267799413449,0.0,0.0,0.9583989121798502,0.2854321725602771
2026-09-17T02:14:39.128005,120.33,map,roomba,3.6472123665899154,5.945264223314142,0.0,2.562672004078671,0.0,0.0,0.9583980572982286,0.2854350429904874
2026-09-17T02:14:39.203976,120.37,map,roomba,3.6338194845023324,5.954018120374574,0.0,2.562673945167765,0.0,0.0,0.9583983343252017,0.2854341128223445
2026-09-17T02:14:39.252739,120.43,map,roomba,3.6069930675179984,5.96347569671999,0.0,2.5615116635189064,0.0,0.0,0.9582322950815224,0.2859910289900683
2026-09-17T02:14:39.303431,120.47,map,roomba,3.5936103781025066,5.972245168089305,0.0,2.5615093462197,0.0,0.0,0.9582319637174871,0.28599213924534456
2026-09-17T02:14:39.353580,120.53,map,roomba,3.5735363440239416,5.9853993752005445,0.0,2.56151490642426,0.0,0.0,0.9582327588011823,0.28598947526137247
2026-09-17T02:14:39.410618,120.57,map,roomba,3.5601536546590227,5.994168846632702,0.0,2.5615088731318885,0.0,0.0,0.9582318960677626,0.2859923659092679
2026-09-17T02:14:39.464530,120.63,map,roomba,3.5400796205598404,6.0073230536916435,0.0,2.561509408789065,0.0,0.0,0.9582319726646599,0.2859921092673618
2026-09-17T02:14:39.513951,120.66,map,roomba,3.5300425996347027,6.01390015939628,0.0,2.5615113265624863,0.0,0.0,0.9582322468982521,0.2859911904313261
2026-09-17T02:14:39.568342,120.73,map,roomba,3.5111284181684317,6.029267572721432,0.0,2.561508002765442,0.0,0.0,0.9582317716085922,0.285992782915686
2026-09-17T02:14:39.643570,120.77,map,roomba,3.4977457288738085,6.038037044234791,0.0,2.5615107776002604,0.0,0.0,0.9582321683990359,0.28599145344796895
2026-09-17T02:14:39.686476,120.83,map,roomba,3.4776716949515265,6.051191251525777,0.0,2.561511108219224,0.0,0.0,0.9582322156761218,0.28599129504310167
2026-09-17T02:14:39.752949,120.87,map,roomba,3.4642890056378963,6.059960722998268,0.0,2.561511349846252,0.0,0.0,0.9582322502277281,0.2859911792756984
2026-09-17T02:14:39.821983,120.93,map,roomba,3.444214971673909,6.073114930208389,0.0,2.5615110683836306,0.0,0.0,0.9582322099798051,0.28599131412897616
2026-09-17T02:14:39.871558,120.97,map,roomba,3.4308322823414636,6.081884401641039,0.0,2.5615099567695174,0.0,0.0,0.9582320510236666,0.285991846721156
2026-09-17T02:14:39.935636,121.03,map,roomba,3.4110378794756393,6.100362264441026,0.0,2.561511289904524,0.0,0.0,0.9582322416563249,0.28599120799474675
2026-09-17T02:14:39.986442,121.07,map,roomba,3.3976551901424914,6.10913173586215,0.0,2.5615128473008584,0.0,0.0,0.9582324643568639,0.2859904618209696
2026-09-17T02:14:40.036092,121.13,map,roomba,3.3775811562380396,6.122285943131768,0.0,2.5615129877524794,0.0,0.0,0.9582324844407735,0.28599039452831765
2026-09-17T02:14:40.099931,121.19,map,roomba,3.3575071222860577,6.13544015032019,0.0,2.561511879573483,0.0,0.0,0.9582323259763522,0.2859909254748303
2026-09-17T02:14:40.176184,121.23,map,roomba,3.3441244329766873,6.144209621762208,0.0,2.561508477016185,0.0,0.0,0.9582318394247101,0.2859925556946132
2026-09-17T02:14:40.255489,121.27,map,roomba,3.3307417435559596,6.1529790930306705,0.0,2.561508622099431,0.0,0.0,0.9582318601710718,0.2859924861829197
2026-09-17T02:14:40.305442,121.33,map,roomba,3.320667709479139,6.166133300009636,0.0,2.5615081655215106,0.0,0.0,0.9582317948821195,0.2859927049366671
2026-09-17T02:14:40.370744,121.37,map,roomba,3.307285020146299,6.174902771403579,0.0,2.5615128549257205,0.0,0.0,0.9582324654471829,0.28599045816777446
2026-09-17T02:14:40.422121,121.43,map,roomba,3.287210986349569,6.188056978797394,0.0,2.5615090452997418,0.0,0.0,0.9582319206871048,0.2859922834209027
2026-09-17T02:14:40.467714,121.47,map,roomba,3.2738282970419723,6.196826450221751,0.0,2.5615102953698536,0.0,0.0,0.9582320994421206,0.28599168449230467
2026-09-17T02:14:40.529845,121.53,map,roomba,3.253754263084157,6.209980657357957,0.0,2.561508639324384,0.0,0.0,0.9582318626341754,0.2859924779301702
2026-09-17T02:14:40.600392,121.57,map,roomba,3.2403715737831273,6.218750128784723,0.0,2.561512523049483,0.0,0.0,0.958232417990451,0.2859906171750634
2026-09-17T02:14:40.647330,121.63,map,roomba,3.210183837177315,6.2263386791795785,0.0,2.561512372104715,0.0,0.0,0.9582323964060546,0.28599068949514733
2026-09-17T02:14:40.713725,121.69,map,roomba,3.1901098032698814,6.239492886375289,0.0,2.561514058205327,0.0,0.0,0.9582326375102524,0.28598988165693073
2026-09-17T02:14:40.761637,121.73,map,roomba,3.1767271140934854,6.248262357981027,0.0,2.56151325166044,0.0,0.0,0.9582325221783361,0.28599026808572453
2026-09-17T02:14:40.822876,121.79,map,roomba,3.1566530801395913,6.261416565095835,0.0,2.561510708058588,0.0,0.0,0.9582321584548733,0.2859914867665025
2026-09-17T02:14:40.872012,121.83,map,roomba,3.1432703907931216,6.270186036435566,0.0,2.5615117972542696,0.0,0.0,0.9582323142050775,0.2859909649152955
2026-09-17T02:14:40.922353,121.87,map,roomba,3.129887701563936,6.278955507951808,0.0,2.5615068915384915,0.0,0.0,0.9582316127070003,0.2859933153221266
2026-09-17T02:14:40.981685,121.93,map,roomba,3.1133411991664834,6.295345929221753,0.0,2.561513030607125,0.0,0.0,0.9582324905687818,0.2859903739959607
2026-09-17T02:14:41.035050,121.97,map,roomba,3.0966128406201623,6.3063077664312015,0.0,2.5615151105793053,0.0,0.0,0.9582327879942745,0.2859893774473448
2026-09-17T02:14:41.094880,122.03,map,roomba,3.0765388066704933,6.319461973530625,0.0,2.561510039019449,0.0,0.0,0.9582320627850708,0.2859918073138955
2026-09-17T02:14:41.147564,122.09,map,roomba,3.0564647727344507,6.3326161806459424,0.0,2.5615172131022046,0.0,0.0,0.9582330886433525,0.28598837009399697
2026-09-17T02:14:41.212665,122.13,map,roomba,3.0430820835032497,6.341385652144323,0.0,2.561509623205225,0.0,0.0,0.9582320033253192,0.28599200653715035
2026-09-17T02:14:41.287717,122.17,map,roomba,3.0296993942155774,6.350155123554476,0.0,2.5615151828050218,0.0,0.0,0.9582327983221677,0.28598934284281974
2026-09-17T02:14:41.361480,122.23,map,roomba,3.01297102962348,6.361116965007996,0.0,2.56150889843543,0.0,0.0,0.9582318996860724,0.2859923537859377
2026-09-17T02:14:41.408773,122.27,map,roomba,2.9962426710365975,6.3720788021397405,0.0,2.561511512404394,0.0,0.0,0.9582322734728222,0.28599110139147044
2026-09-17T02:14:41.460129,122.33,map,roomba,2.976168637088371,6.3852330092184015,0.0,2.5615112376883316,0.0,0.0,0.9582322341896387,0.2859912330123663
2026-09-17T02:14:41.510896,122.37,map,roomba,2.962785947749617,6.3940024805409665,0.0,2.5615131345538003,0.0,0.0,0.9582325054326548,0.28599032419341947
2026-09-17T02:14:41.583500,122.43,map,roomba,2.9427119138430715,6.407156687676588,0.0,2.561510931895372,0.0,0.0,0.9582321904625746,0.28599137952269826
2026-09-17T02:14:41.633901,122.47,map,roomba,2.9293292245958504,6.415926159134547,0.0,2.5615149382470186,0.0,0.0,0.9582327633516692,0.2859894600145675
2026-09-17T02:14:41.693574,122.53,map,roomba,2.909255190694611,6.429080366271998,0.0,2.56151108534314,0.0,0.0,0.9582322124049413,0.28599130600340206
2026-09-17T02:14:41.743167,122.56,map,roomba,2.8992181722779575,6.435657470025124,0.0,2.5615113264918445,0.0,0.0,0.9582322468881508,0.2859911904651717
2026-09-17T02:14:41.808545,122.63,map,roomba,2.8757984674413546,6.451004044697635,0.0,2.5615091118095465,0.0,0.0,0.9582319301977498,0.2859922515549936
2026-09-17T02:14:41.858245,122.67,map,roomba,2.8624157781226494,6.459773516038707,0.0,2.5615097955517783,0.0,0.0,0.9582320279701839,0.2859919239631577
2026-09-17T02:14:41.908639,122.74,map,roomba,2.8389960706670267,6.475120091292629,0.0,2.5615113264850207,0.0,0.0,0.958232246887175,0.2859911904684411
2026-09-17T02:14:41.974663,122.77,map,roomba,2.828959054955618,6.481697194583104,0.0,2.561506663503838,0.0,0.0,0.9582315800988008,0.2859934245771316
2026-09-17T02:14:42.023950,122.83,map,roomba,2.80888502106939,6.494851401726994,0.0,2.5615112246380574,0.0,0.0,0.9582322323235066,0.28599123926496284
2026-09-17T02:14:42.072864,122.87,map,roomba,2.795502331880904,6.5036208732599,0.0,2.5615155046949756,0.0,0.0,0.9582328443507034,0.2859891886200604
2026-09-17T02:14:42.138150,122.93,map,roomba,2.775428297955867,6.516775080339713,0.0,2.5615129395256764,0.0,0.0,0.9582324775445721,0.2859904176345622
2026-09-17T02:14:42.187180,122.97,map,roomba,2.7620456087507046,6.525544551844044,0.0,2.561514544994398,0.0,0.0,0.9582327071185984,0.2859896484283347
2026-09-17T02:14:42.260263,123.03,map,roomba,2.74197157483984,6.538698758940944,0.0,2.5615120297147085,0.0,0.0,0.9582323474458635,0.28599085353974146
2026-09-17T02:14:42.316839,123.09,map,roomba,2.72189754101833,6.551852966171603,0.0,2.561510603322189,0.0,0.0,0.9582321434780128,0.2859915369473949
2026-09-17T02:14:42.382821,123.13,map,roomba,2.698514851764494,6.560622437597056,0.0,2.5615153196412037,0.0,0.0,0.9582328178890104,0.28598927728236023
2026-09-17T02:14:42.467212,123.17,map,roomba,2.685132162544824,6.569391909073553,0.0,2.5615076871168454,0.0,0.0,0.95823172647197,0.2859929341479395
2026-09-17T02:14:42.521238,123.23,map,roomba,2.665058128619277,6.582546116139779,0.0,2.561510236448563,0.0,0.0,0.9582320910166205,0.28599171272244056
2026-09-17T02:14:42.587505,123.27,map,roomba,2.651675439378902,6.591315587582092,0.0,2.5615146039208656,0.0,0.0,0.9582327155447778,0.2859896201957001
2026-09-17T02:14:42.672644,123.32,map,roomba,2.6349470765890057,6.602277426490456,0.0,2.5615113264634455,0.0,0.0,0.9582322468840899,0.285991190478778
2026-09-17T02:14:42.722820,123.39,map,roomba,2.6115273714769263,6.617624001627214,0.0,2.5615124692132047,0.0,0.0,0.9582324102921155,0.2859906429688966
2026-09-17T02:14:42.789922,123.43,map,roomba,2.598144682182543,6.6163934729833045,0.0,2.561508923245071,0.0,0.0,0.9582319032337562,0.285992341899243
2026-09-17T02:14:42.850051,123.47,map,roomba,2.584761992907465,6.62516294436795,0.0,2.5615089914391125,0.0,0.0,0.9582319129852425,0.28599230922638963
2026-09-17T02:14:42.914792,123.53,map,roomba,2.5646879589285136,6.638317151342079,0.0,2.5615122547363547,0.0,0.0,0.9582323796229238,0.28599074572822947
2026-09-17T02:14:42.975922,123.57,map,roomba,2.5513052696697036,6.647086622749412,0.0,2.5615097853633944,0.0,0.0,0.9582320265132862,0.2859919288445755
2026-09-17T02:14:43.026088,123.63,map,roomba,2.5312312357332702,6.6602408297853035,0.0,2.56151043153341,0.0,0.0,0.9582321189129408,0.28599161925415867
2026-09-17T02:14:43.094512,123.69,map,roomba,2.5111572017957444,6.673395036817763,0.0,2.561514037131651,0.0,0.0,0.9582326344968234,0.28598989175367273
2026-09-17T02:14:43.139346,123.73,map,roomba,2.5077745125470674,6.692164508237397,0.0,2.561512252197888,0.0,0.0,0.9582323792599349,0.28599074694445
2026-09-17T02:14:43.187797,123.77,map,roomba,2.494391823322683,6.70093397969338,0.0,2.5615117359215063,0.0,0.0,0.9582323054347689,0.2859909943008132
2026-09-17T02:14:43.257670,123.84,map,roomba,2.4709721197289234,6.7162805524098275,0.0,2.561511326449688,0.0,0.0,0.9582322468821226,0.2859911904853695
2026-09-17T02:14:43.306053,123.87,map,roomba,2.4609351002032227,6.722857658248024,0.0,2.5615131546777814,0.0,0.0,0.9582325083102867,0.28599031455169316
2026-09-17T02:14:43.355021,123.93,map,roomba,2.4408610663303163,6.736011865372372,0.0,2.5615069882709127,0.0,0.0,0.9582316265394121,0.2859932689760944
2026-09-17T02:14:43.427368,123.97,map,roomba,2.4274783770064436,6.744781336672929,0.0,2.5615082327297545,0.0,0.0,0.9582318044926528,0.2859926727361289
2026-09-17T02:14:43.485779,124.03,map,roomba,2.4074043430634404,6.75793554368793,0.0,2.561510626493323,0.0,0.0,0.9582321467913869,0.2859915258457321
2026-09-17T02:14:43.533836,124.07,map,roomba,2.3940216537431205,6.766705014992354,0.0,2.5615118644081014,0.0,0.0,0.9582323238077715,0.2859909327408096
2026-09-17T02:14:43.584185,124.13,map,roomba,2.3739476197472236,6.779859221924356,0.0,2.561511830489977,0.0,0.0,0.9582323189576333,0.285990948991531
2026-09-17T02:14:43.636195,124.16,map,roomba,2.3639106024115684,6.78643632574939,0.0,2.561511326431496,0.0,0.0,0.9582322468795211,0.28599119049408556
2026-09-17T02:14:43.698170,124.23,map,roomba,2.340490896597929,6.8017829004119505,0.0,2.5615105379445033,0.0,0.0,0.9582321341292799,0.28599156827089456
2026-09-17T02:14:43.770365,124.27,map,roomba,2.32710820731735,6.810552371774202,0.0,2.5615130041029444,0.0,0.0,0.9582324867788115,0.28599038669454424
2026-09-17T02:14:43.820327,124.33,map,roomba,2.3070341734986295,6.823706578972482,0.0,2.561516088618669,0.0,0.0,0.9582329278485943,0.28598890885261735
2026-09-17T02:14:43.866057,124.37,map,roomba,2.293651484326797,6.8324760504994,0.0,2.561509744820964,0.0,0.0,0.9582320207158821,0.28599194826910307
2026-09-17T02:14:43.919350,124.42,map,roomba,2.2769231223101185,6.84343788980738,0.0,2.561511326426815,0.0,0.0,0.9582322468788519,0.28599119049632843
2026-09-17T02:14:43.971238,124.47,map,roomba,2.2601947611074076,6.854399728872332,0.0,2.561511110651383,0.0,0.0,0.9582322160239098,0.28599129387781513
2026-09-17T02:14:44.018763,124.54,map,roomba,2.236775054571157,6.869746303988256,0.0,2.561511326423967,0.0,0.0,0.9582322468784445,0.28599119049769284
2026-09-17T02:14:44.100557,124.59,map,roomba,2.2200466934199925,6.880708143184424,0.0,2.5615111350258624,0.0,0.0,0.9582322195093543,0.28599128219960956
2026-09-17T02:14:44.141175,124.63,map,roomba,2.206664004137396,6.889477614539332,0.0,2.5615108412162324,0.0,0.0,0.9582321774958475,0.28599142296853336
2026-09-17T02:14:44.188974,124.67,map,roomba,2.1932813148964536,6.898247085957394,0.0,2.5615110622280035,0.0,0.0,0.9582322090995772,0.2859913170782362
2026-09-17T02:14:44.260978,124.73,map,roomba,2.17320728097512,6.911401292992299,0.0,2.561511047950888,0.0,0.0,0.9582322070580116,0.28599132391863225
2026-09-17T02:14:44.306135,124.77,map,roomba,2.159824591685088,6.920170764334456,0.0,2.5615095385695525,0.0,0.0,0.9582319912227555,0.28599204708745496
2026-09-17T02:14:44.370253,124.83,map,roomba,2.1397505577651117,6.933324971369983,0.0,2.561512765703421,0.0,0.0,0.9582324526888188,0.2859905009156261
2026-09-17T02:14:44.420636,124.87,map,roomba,2.1263678686016787,6.9420944429043985,0.0,2.561507506564601,0.0,0.0,0.9582317006536331,0.2859930206533828
2026-09-17T02:14:44.468483,124.93,map,roomba,2.1062938346503444,6.955248649890726,0.0,2.5615102719009872,0.0,0.0,0.9582320960861702,0.2859916957366152
2026-09-17T02:14:44.550945,124.97,map,roomba,2.092911145473205,6.964018121403358,0.0,2.561512292846677,0.0,0.0,0.9582323850725234,0.28599072746895693
2026-09-17T02:14:44.600723,125.03,map,roomba,2.0728371116462805,6.977172328578258,0.0,2.5615105084425,0.0,0.0,0.9582321299106177,0.28599158240577854
2026-09-17T02:14:44.648370,125.07,map,roomba,2.0594544224474562,6.985941800056965,0.0,2.5615121730215056,0.0,0.0,0.9582323679380778,0.28599078487913643
2026-09-17T02:14:44.697855,125.13,map,roomba,2.0427260577915183,6.996903641315609,0.0,2.5615094183585216,0.0,0.0,0.9582319740330544,0.2859921046824822
2026-09-17T02:14:44.779974,125.17,map,roomba,2.0259976992689577,7.007865478482591,0.0,2.5615107063194644,0.0,0.0,0.958232158206186,0.2859914875997445
2026-09-17T02:14:44.830595,125.23,map,roomba,2.0059236653599006,7.021019685529551,0.0,2.561509343370722,0.0,0.0,0.9582319633100944,0.2859921406103354
2026-09-17T02:14:44.879236,125.27,map,roomba,1.9925409760656656,7.0297891568609945,0.0,2.5615114140550057,0.0,0.0,0.9582322594092962,0.28599114851224905
2026-09-17T02:14:44.930187,125.34,map,roomba,1.9691212696475668,7.045135731865015,0.0,2.5615113263969524,0.0,0.0,0.9582322468745818,0.2859911905106358
2026-09-17T02:14:44.991062,125.37,map,roomba,1.95908425285851,7.051712835231806,0.0,2.561510262215841,0.0,0.0,0.9582320947012345,0.2859917003769242
2026-09-17T02:14:45.041168,125.43,map,roomba,1.9390102189024905,7.0648670422051,0.0,2.561510118773496,0.0,0.0,0.958232074189572,0.28599176910245283
2026-09-17T02:14:45.107767,125.47,map,roomba,1.9256275295725311,7.073636513480727,0.0,2.561510412495226,0.0,0.0,0.9582321161905601,0.28599162837565845
2026-09-17T02:14:45.156340,125.53,map,roomba,1.895553495651507,7.0867907205065315,0.0,2.5615111015351073,0.0,0.0,0.9582322147203222,0.28599129824556974
2026-09-17T02:14:45.238837,125.57,map,roomba,1.882170806435778,7.095560191955892,0.0,2.5615132993540515,0.0,0.0,0.9582325289982901,0.28599024523493977
2026-09-17T02:14:45.295026,125.63,map,roomba,1.862096772497556,7.108714398954575,0.0,2.561512121388794,0.0,0.0,0.9582323605548375,0.28599080961720397
2026-09-17T02:14:45.339457,125.67,map,roomba,1.848714083343908,7.117483870498116,0.0,2.5615100318532456,0.0,0.0,0.9582320617603329,0.2859918107473385
2026-09-17T02:14:45.407028,125.73,map,roomba,1.8286400494765669,7.130638077604157,0.0,2.561512065091459,0.0,0.0,0.958232352504577,0.28599083659016805
2026-09-17T02:14:45.454620,125.76,map,roomba,1.8186030325646048,7.1372151815032865,0.0,2.5615113263815266,0.0,0.0,0.9582322468723757,0.2859911905180268
2026-09-17T02:14:45.504407,125.83,map,roomba,1.795183326313249,7.14256175603527,0.0,2.5615119528267076,0.0,0.0,0.9582323364512304,0.28599089037802594
2026-09-17T02:14:45.574761,125.87,map,roomba,1.7818006371262491,7.151331227526898,0.0,2.561511073686974,0.0,0.0,0.9582322107381602,0.28599131158805885
2026-09-17T02:14:45.628248,125.93,map,roomba,1.7650722725807908,7.162293068946695,0.0,2.5615090759417685,0.0,0.0,0.9582319250687964,0.28599226873981864
2026-09-17T02:14:45.689297,125.97,map,roomba,1.7483439140551278,7.173254906104136,0.0,2.561516206202429,0.0,0.0,0.9582329446624183,0.28598885251630163
2026-09-17T02:14:45.760196,126.03,map,roomba,1.7282698802368435,7.186409113282656,0.0,2.561508685170814,0.0,0.0,0.9582318691900422,0.28599245596441497
2026-09-17T02:14:45.809585,126.07,map,roomba,1.7148871909496535,7.195178584620335,0.0,2.56151176768638,0.0,0.0,0.9582323099770026,0.2859909790817492
2026-09-17T02:14:45.864170,126.13,map,roomba,1.7048131570377585,7.218332791655359,0.0,2.5615106346409515,0.0,0.0,0.9582321479564632,0.2859915219420724
2026-09-17T02:14:45.924883,126.19,map,roomba,1.6914410713297467,7.227095530766997,0.0,2.5664793444082092,0.0,0.0,0.9589396945477213,0.2836100531023591
2026-09-17T02:14:45.972524,126.23,map,roomba,1.6914409411984437,7.227095897456706,0.0,2.586424327838729,0.0,0.0,0.9617202634090444,0.2740330909734046
2026-09-17T02:14:46.021630,126.27,map,roomba,1.6914407990867257,7.227096257662476,0.0,2.608131728960748,0.0,0.0,0.9646378320048694,0.26357893137530036
2026-09-17T02:14:46.085794,126.33,map,roomba,1.6914405821427483,7.22709678008908,0.0,2.6415154365897813,0.0,0.0,0.9689028690927465,0.2474413673253609
2026-09-17T02:14:46.132062,126.37,map,roomba,1.6914404340808513,7.227097114715312,0.0,2.661508256634196,0.0,0.0,0.9713279432981923,0.23774361519944925
2026-09-17T02:14:46.185723,126.43,map,roomba,1.6714402275692293,7.227097604133347,0.0,2.681039890686016,0.0,0.0,0.9736033490596399,0.22824661815644315
2026-09-17T02:14:46.258944,126.47,map,roomba,1.6714400763092794,7.227097912499291,0.0,2.701040951131959,0.0,0.0,0.9758372132917345,0.21849881728517861
2026-09-17T02:14:46.308883,126.53,map,roomba,1.6714398453948172,7.227098355024848,0.0,2.731040367019527,0.0,0.0,0.9790047334867349,0.20383751325643448
2026-09-17T02:14:46.360448,126.57,map,roomba,1.6714396891508034,7.227098637026382,0.0,2.7510392924317535,0.0,0.0,0.9809940205625227,0.1940379643795941
2026-09-17T02:14:46.406156,126.63,map,roomba,1.671439451951128,7.227099041069026,0.0,2.781040897021657,0.0,0.0,0.983794264977639,0.1793009877192734
2026-09-17T02:14:46.497427,126.66,map,roomba,1.6714305378787317,7.227102373655461,0.0,2.7960413261767667,0.0,0.0,0.9851113775840913,0.17191734570535291
2026-09-17T02:14:46.578002,126.73,map,roomba,1.6714390509849912,7.227099665794764,0.0,2.831040708597036,0.0,0.0,0.9879688884895048,0.15465275741742363
2026-09-17T02:14:46.622445,126.76,map,roomba,1.6714305378775585,7.227102373656793,0.0,2.846041326172346,0.0,0.0,0.9891010322668539,0.14723840520952458
2026-09-17T02:14:46.707159,126.83,map,roomba,1.6714386458444666,7.227100232691484,0.0,2.8810384667339837,0.0,0.0,0.9915259348798542,0.12990889292358368
2026-09-17T02:14:46.759206,126.87,map,roomba,1.6714384832971438,7.227100444026965,0.0,2.9010439633928153,0.0,0.0,0.9927757560349928,0.11998457496340315
2026-09-17T02:14:46.807382,126.93,map,roomba,1.6714382314171314,7.227100707379847,0.0,2.9260410696932864,0.0,0.0,0.994197808936187,0.10756726596174557
2026-09-17T02:14:46.873073,126.97,map,roomba,1.6714380772275135,7.227100935695967,0.0,2.9510435794576972,0.0,0.0,0.9954648134314288,0.09513046420537774
2026-09-17T02:14:46.926606,127.03,map,roomba,1.6478601594225597,7.231648896459477,0.0,2.95592201500853,0.0,0.0,0.9956938957220796,0.09270202814280086
2026-09-17T02:14:46.973498,127.07,map,roomba,1.6321498826945486,7.234679294855303,0.0,2.9539140794369674,0.0,0.0,0.995600324082339,0.09370162585111097
2026-09-17T02:14:47.022250,127.13,map,roomba,1.6085844643335183,7.239224905550055,0.0,2.951042438755329,0.0,0.0,0.995464759173494,0.09513103196989736
2026-09-17T02:14:47.072146,127.17,map,roomba,1.5928741766008807,7.242255286316977,0.0,2.9510445633238533,0.0,0.0,0.9954648602291304,0.09512997450329662
2026-09-17T02:14:47.125956,127.23,map,roomba,1.5693087398345713,7.246800858782484,0.0,2.9510417131510573,0.0,0.0,0.9954647246596869,0.09513139312663194
2026-09-17T02:14:47.172067,127.27,map,roomba,1.5535984452852265,7.249831241136912,0.0,2.9510424371033017,0.0,0.0,0.9954647590949144,0.09513103279216499
2026-09-17T02:14:47.228414,127.33,map,roomba,1.5300329985531929,7.254376815605706,0.0,2.9510430916240566,0.0,0.0,0.9954647902274788,0.09513070701598708
2026-09-17T02:14:47.296248,127.37,map,roomba,1.5143226975851931,7.257407199348073,0.0,2.951041732764093,0.0,0.0,0.9954647255925945,0.09513138336458932
2026-09-17T02:14:47.358118,127.43,map,roomba,1.4945706072218368,7.230591656255637,0.0,2.9580180028334464,0.0,0.0,0.9957905000845704,0.09165849628551181
2026-09-17T02:14:47.427860,127.47,map,roomba,1.4749067424178,7.234242477785072,0.0,2.95801855971866,0.0,0.0,0.9957905256061624,0.09165821901500568
2026-09-17T02:14:47.493434,127.53,map,roomba,1.451310123750086,7.238623459674141,0.0,2.958020017099885,0.0,0.0,0.9957905923963819,0.09165749339177345
2026-09-17T02:14:47.568788,127.57,map,roomba,1.4355790418593335,7.241544114911623,0.0,2.9580233210181963,0.0,0.0,0.9957907438094585,0.09165584838626215
2026-09-17T02:14:47.673230,127.63,map,roomba,1.4119824149842017,7.245925098655263,0.0,2.958020771922945,0.0,0.0,0.9957906269889057,0.09165711756891577
2026-09-17T02:14:47.760916,127.67,map,roomba,1.3962513277723252,7.248845754982826,0.0,2.9580234889991166,0.0,0.0,0.9957907515076718,0.09165576474933886
2026-09-17T02:14:47.832706,127.73,map,roomba,1.3726546931770827,7.2432267403828074,0.0,2.958019147658319,0.0,0.0,0.9957905525508705,0.09165792628263059
2026-09-17T02:14:47.922540,127.77,map,roomba,1.3569236009655201,7.246147397708436,0.0,2.9580203902634,0.0,0.0,0.9957906094979807,0.09165730759541274
2026-09-17T02:14:47.976720,127.83,map,roomba,1.3372597476525883,7.249798216948822,0.0,2.9580220774479957,0.0,0.0,0.995790686819025,0.09165646755409174
2026-09-17T02:14:48.079246,127.87,map,roomba,1.3175958622022135,7.253449042859385,0.0,2.9580219235523075,0.0,0.0,0.9957906797662546,0.09165654417803805
2026-09-17T02:14:48.144264,127.93,map,roomba,1.2939992135519658,7.257830031244778,0.0,2.9580236753508173,0.0,0.0,0.9957907600477713,0.09165567196568845
2026-09-17T02:14:48.234019,127.99,map,roomba,1.2704025610126433,7.262211020391877,0.0,2.958020500945491,0.0,0.0,0.9957906145703904,0.09165725248731926
2026-09-17T02:14:48.297784,128.03,map,roomba,1.2547306182926725,7.265447261124415,0.0,2.9545258628035143,0.0,0.0,0.9956289400509267,0.09339707561304182
2026-09-17T02:14:48.385192,128.09,map,roomba,1.2311493928581152,7.269910576693936,0.0,2.9545328305283522,0.0,0.0,0.9956292654274463,0.09339360697822745
2026-09-17T02:14:48.447857,128.13,map,roomba,1.215428573989474,7.272886121057813,0.0,2.9545293849385574,0.0,0.0,0.9956291045279393,0.09339532224310702
2026-09-17T02:14:48.534620,128.19,map,roomba,1.1918473428123697,7.277349438014558,0.0,2.954528358386011,0.0,0.0,0.9956290565902052,0.09339583327589122
2026-09-17T02:14:48.611083,128.23,map,roomba,1.1761265202004791,7.28032498309386,0.0,2.954529650881219,0.0,0.0,0.9956291169468308,0.09339518985297929
2026-09-17T02:14:48.695072,128.27,map,roomba,1.1604056961617824,7.283300528475667,0.0,2.9545282521866962,0.0,0.0,0.995629051630917,0.09339588614345268
2026-09-17T02:14:48.777827,128.33,map,roomba,1.1467652964123918,7.297448266084573,0.0,2.958019838991293,0.0,0.0,0.9957905842338843,0.09165758207120311
2026-09-17T02:14:48.842867,128.37,map,roomba,1.1310341800365888,7.300368928331983,0.0,2.958018770143474,0.0,0.0,0.9957905352497388,0.09165811424548706
2026-09-17T02:14:48.928106,128.43,map,roomba,1.1074375030131591,7.304749922106034,0.0,2.95802221069691,0.0,0.0,0.9957906929255853,0.09165640121007772
2026-09-17T02:14:49.014138,128.47,map,roomba,1.0917063834721796,7.3076705852425015,0.0,2.9580210870920634,0.0,0.0,0.9957906414326398,0.09165696064768765
2026-09-17T02:14:49.099619,128.53,map,roomba,1.0681097018286527,7.31205158020111,0.0,2.9580178000085913,0.0,0.0,0.9957904907892547,0.09165859727104336
2026-09-17T02:14:49.194347,128.57,map,roomba,1.052378579248031,7.3149722438034495,0.0,2.9580229516044034,0.0,0.0,0.9957907268799742,0.09165603231567825
2026-09-17T02:14:49.284784,128.63,map,roomba,1.0188410543913973,7.319668821032976,0.0,2.9545293090532416,0.0,0.0,0.9956291009842718,0.09339536001992149
2026-09-17T02:14:49.357256,128.67,map,roomba,1.003120217874935,7.3226443688942275,0.0,2.954532582714357,0.0,0.0,0.9956292538553173,0.09339373034365968
2026-09-17T02:14:49.431893,128.73,map,roomba,0.9795389611445584,7.327107691437377,0.0,2.954529687157443,0.0,0.0,0.995629118640843,0.09339517179414683
2026-09-17T02:14:49.529412,128.77,map,roomba,0.9638181219867237,7.330083239906854,0.0,2.9545361427851273,0.0,0.0,0.9956294200978847,0.09339195808820962
2026-09-17T02:14:49.645740,128.83,map,roomba,0.940236861389165,7.334546563184294,0.0,2.9545328913486766,0.0,0.0,0.9956292682675606,0.09339357670098015
2026-09-17T02:14:49.726064,128.87,map,roomba,0.9245160197600804,7.337522112268283,0.0,2.9545327647016957,0.0,0.0,0.9956292623535514,0.0933936397477004
2026-09-17T02:14:49.814236,128.93,map,roomba,0.904864971870194,7.341241547772415,0.0,2.9545328875021877,0.0,0.0,0.9956292680879419,0.09339357861581853
2026-09-17T02:14:49.929032,128.99,map,roomba,0.8773534892637675,7.346448760771841,0.0,2.954529499561155,0.0,0.0,0.9956291098805449,0.0933952651823098
2026-09-17T02:14:50.009106,129.03,map,roomba,0.861632643965204,7.349424310620443,0.0,2.9545309906527493,0.0,0.0,0.9956291795107156,0.09339452289518557
2026-09-17T02:14:50.102637,129.07,map,roomba,0.8459117977856678,7.352399860541983,0.0,2.954535534811508,0.0,0.0,0.9956293917079153,0.09339226074641627
2026-09-17T02:14:50.192990,129.13,map,roomba,0.822330526972384,7.356863185873313,0.0,2.954529763260906,0.0,0.0,0.9956291221946902,0.09339513390873487
2026-09-17T02:14:50.268248,129.16,map,roomba,0.8105411336265052,7.359094611487429,0.0,2.9545313262940676,0.0,0.0,0.9956291951842319,0.09339435580803906
2026-09-17T02:14:50.354405,129.23,map,roomba,0.7930284049670879,7.364302062386859,0.0,2.954531559440749,0.0,0.0,0.9956292060715172,0.09339423974421704
2026-09-17T02:14:50.430138,129.27,map,roomba,0.7773075547999087,7.367277613163867,0.0,2.954528960336903,0.0,0.0,0.9956290847000127,0.09339553361598746
2026-09-17T02:14:50.479047,129.33,map,roomba,0.753726278170646,7.371740939630094,0.0,2.954533045010452,0.0,0.0,0.995629275443069,0.09339350020589929
2026-09-17T02:14:50.564398,129.37,map,roomba,0.7380054261910063,7.374716490795879,0.0,2.954532035815289,0.0,0.0,0.995629228316808,0.09339400259801198
2026-09-17T02:14:50.630252,129.43,map,roomba,0.7144241469142623,7.379179817756759,0.0,2.954531017121573,0.0,0.0,0.995629180746737,0.093394509718619
2026-09-17T02:14:50.691582,129.49,map,roomba,0.6908428661257524,7.383643144990169,0.0,2.954531406609025,0.0,0.0,0.9956291989347129,0.09339431582608085
2026-09-17T02:14:50.779899,129.53,map,roomba,0.6651220153991826,7.386618695979138,0.0,2.9545273607151286,0.0,0.0,0.9956290100009296,0.0933963299309392
2026-09-17T02:14:50.859294,129.57,map,roomba,0.6494011561961548,7.3895942486225845,0.0,2.9545281017440264,0.0,0.0,0.9956290446055509,0.09339596103599883
2026-09-17T02:14:50.921996,129.63,map,roomba,0.6297500884218881,7.393313687929169,0.0,2.9545315557949685,0.0,0.0,0.9956292059012698,0.09339424155913989
2026-09-17T02:14:50.999511,129.67,map,roomba,0.6100990152990411,7.397033128566811,0.0,2.9545310576340125,0.0,0.0,0.9956291826385566,0.09339448955093538
2026-09-17T02:14:51.069150,129.73,map,roomba,0.5865177290731491,7.401496457146852,0.0,2.954534464476529,0.0,0.0,0.995629341727271,0.09339279357488488
2026-09-17T02:14:51.145792,129.77,map,roomba,0.570796870875375,7.404472009573649,0.0,2.954534918018597,0.0,0.0,0.9956293629060258,0.0933925677949873
2026-09-17T02:14:51.232365,129.83,map,roomba,0.5472155825650793,7.408935338386253,0.0,2.954531383630413,0.0,0.0,0.995629197861677,0.09339432726516939
2026-09-17T02:14:51.297147,129.87,map,roomba,0.531494723064303,7.411910891192072,0.0,2.9545307958249984,0.0,0.0,0.9956291704127884,0.09339461988328192
2026-09-17T02:14:51.349584,129.93,map,roomba,0.507913432836598,7.416374220430385,0.0,2.954531897839469,0.0,0.0,0.9956292218737486,0.09339407128439142
2026-09-17T02:14:51.430941,129.99,map,roomba,0.48433214153861304,7.420837550034546,0.0,2.954535661644758,0.0,0.0,0.9956293976305353,0.09339219760696017
2026-09-17T02:14:51.500350,130.03,map,roomba,0.4686112800948621,7.4238131032816215,0.0,2.954529833024909,0.0,0.0,0.9956291254524989,0.09339509917919828
2026-09-17T02:14:51.571890,130.09,map,roomba,0.4450299870429628,7.4282764331593425,0.0,2.9545322392493563,0.0,0.0,0.9956292378165638,0.0933939013255596
2026-09-17T02:14:51.658502,130.13,map,roomba,0.41930912445811774,7.4212519865394775,0.0,2.9545326354304313,0.0,0.0,0.9956292563169924,0.09339370410082695
2026-09-17T02:14:51.768262,130.17,map,roomba,0.4035882614834154,7.424227540217556,0.0,2.9545298168776286,0.0,0.0,0.9956291246984604,0.09339510721754957
2026-09-17T02:14:51.843113,130.23,map,roomba,0.38000696616509266,7.428690870502965,0.0,2.9545324443093817,0.0,0.0,0.9956292473922363,0.09339379924368074
2026-09-17T02:14:51.935802,130.28,map,roomba,0.36035649874338294,7.432410199470876,0.0,2.954531326299882,0.0,0.0,0.9956291951845034,0.09339435580514462
2026-09-17T02:14:52.025583,130.33,map,roomba,0.3407048052998851,7.436129754713008,0.0,2.9545312950021065,0.0,0.0,0.9956291937229856,0.09339437138563407
2026-09-17T02:14:52.107418,130.39,map,roomba,0.317123507648569,7.44059308554373,0.0,2.9545262865583632,0.0,0.0,0.9956289598396362,0.09339686466174407
2026-09-17T02:14:52.201271,130.43,map,roomba,0.3114026420698073,7.443568639416913,0.0,2.954532272074189,0.0,0.0,0.9956292393493832,0.09339388498487816
2026-09-17T02:14:52.268857,130.47,map,roomba,0.29568177615611013,7.446544193470752,0.0,2.9545300257782605,0.0,0.0,0.9956291344536035,0.09339500322377248
2026-09-17T02:14:52.373644,130.53,map,roomba,0.2721004766258339,7.451007524616342,0.0,2.9545315468041364,0.0,0.0,0.9956292054814239,0.09339424603490723
2026-09-17T02:14:52.467328,130.57,map,roomba,0.2563796098790103,7.453983078933534,0.0,2.9545308845210156,0.0,0.0,0.9956291745546529,0.09339457572911081
2026-09-17T02:14:52.568034,130.63,map,roomba,0.23279830912744615,7.458446410406625,0.0,2.954532926763024,0.0,0.0,0.9956292699212967,0.09339355907119955
2026-09-17T02:14:52.636883,130.67,map,roomba,0.21707744156205688,7.4614219647781965,0.0,2.954529817222755,0.0,0.0,0.995629124714577,0.09339510704574064
2026-09-17T02:14:52.717290,130.73,map,roomba,0.19349613962274947,7.4758852963405396,0.0,2.9545297681148948,0.0,0.0,0.9956291224213597,0.0933951314923485
2026-09-17T02:14:52.817600,130.77,map,roomba,0.17777527129344506,7.478860850786839,0.0,2.9545318379152166,0.0,0.0,0.9956292190754632,0.09339410111555968
2026-09-17T02:14:52.893620,130.83,map,roomba,0.1541939682743072,7.483324182618421,0.0,2.9545297980748746,0.0,0.0,0.9956291238204178,0.09339511657783445
2026-09-17T02:14:52.987469,130.87,map,roomba,0.13847309923008044,7.486299737146338,0.0,2.9545290657401386,0.0,0.0,0.9956290896221069,0.09339548114472389
2026-09-17T02:14:53.066930,130.93,map,roomba,0.11489179521686488,7.490763069334095,0.0,2.954533339935592,0.0,0.0,0.9956292892151039,0.09339335338784646
2026-09-17T02:14:53.162090,130.97,map,roomba,0.09917092553618456,7.4937386241217485,0.0,2.9545336896994554,0.0,0.0,0.9956293055478986,0.09339317927027178
2026-09-17T02:14:53.242948,131.03,map,roomba,0.07558962056658558,7.498201956521116,0.0,2.9545318241655196,0.0,0.0,0.9956292184333928,0.0933941079603595
2026-09-17T02:14:53.344090,131.07,map,roomba,0.05986875025776772,7.501177511390432,0.0,2.954535440561398,0.0,0.0,0.9956293873067987,0.09339230766550605
2026-09-17T02:14:53.408124,131.13,map,roomba,0.036287444377525624,7.50564084392043,0.0,2.954529441576603,0.0,0.0,0.9956291071728031,0.09339529404786398
2026-09-17T02:14:53.490410,131.17,map,roomba,0.020566573485369055,7.508616398899671,0.0,2.954531942662026,0.0,0.0,0.9956292239668288,0.09339404897106744
2026-09-17T02:14:53.556178,131.23,map,roomba,0.0009154831125872676,7.51233584321878,0.0,2.9545309862655986,0.0,0.0,0.9956291793058476,0.09339452507917305
2026-09-17T02:14:53.626867,131.29,map,roomba,-0.026596040461217108,7.517543064354145,0.0,2.954529836466067,0.0,0.0,0.9956291256131925,0.09339509746613976
2026-09-17T02:14:53.693175,131.33,map,roomba,-0.042316912220903724,7.520518619454581,0.0,2.9545316309321743,0.0,0.0,0.9956292094099602,0.09339420415474148
2026-09-17T02:14:53.776758,131.39,map,roomba,-0.06589822019549807,7.524981952395945,0.0,2.9545289431159425,0.0,0.0,0.9956290838958322,0.09339554218883216
2026-09-17T02:14:53.838903,131.43,map,roomba,-0.08161909245893995,7.5279575075428475,0.0,2.954531633776713,0.0,0.0,0.995629209542792,0.09339420273868848
2026-09-17T02:14:53.886795,131.47,map,roomba,-0.09733996486225838,7.530933062986867,0.0,2.9545297843960534,0.0,0.0,0.9956291231816502,0.09339512338735073
2026-09-17T02:14:53.938496,131.53,map,roomba,-0.1209212738673342,7.535396395925321,0.0,2.954533260972585,0.0,0.0,0.9956292855277931,0.09339339269678766
2026-09-17T02:14:53.987825,131.57,map,roomba,-0.1366421467137391,7.538371951506883,0.0,2.9545297124416847,0.0,0.0,0.995629119821556,0.09339515920728308
2026-09-17T02:14:54.035623,131.63,map,roomba,-0.16022345634570723,7.54283528473542,0.0,2.9545336031829064,0.0,0.0,0.9956293015078699,0.09339322233947743
2026-09-17T02:14:54.085718,131.67,map,roomba,-0.17594432961742434,7.545810840396461,0.0,2.9545305509207096,0.0,0.0,0.9956291589764095,0.09339474180020829
2026-09-17T02:14:54.138032,131.73,map,roomba,-0.19952563989150818,7.550274173613825,0.0,2.954532728770563,0.0,0.0,0.9956292606756816,0.09339365763474389
2026-09-17T02:14:54.187287,131.77,map,roomba,-0.2152465135849253,7.553249729230879,0.0,2.9545293254341423,0.0,0.0,0.9956291017492218,0.09339535186527088
2026-09-17T02:14:54.240421,131.83,map,roomba,-0.23882782442669015,7.557713062623104,0.0,2.9545313067489363,0.0,0.0,0.9956291942715294,0.09339436553789077
2026-09-17T02:14:54.304621,131.87,map,roomba,-0.25454869848876527,7.5606886183425654,0.0,2.9545301740995096,0.0,0.0,0.9956291413798325,0.09339492938729381
2026-09-17T02:14:54.358798,131.93,map,roomba,-0.27813000985378356,7.565151951949773,0.0,2.9545311600730475,0.0,0.0,0.995629187422176,0.09339443855528895
2026-09-17T02:14:54.401618,131.97,map,roomba,-0.29385088427535955,7.568127507694342,0.0,2.954531419963197,0.0,0.0,0.9956291995583149,0.09339430917817894
2026-09-17T02:14:54.456677,132.03,map,roomba,-0.3174321961884212,7.572590841203115,0.0,2.9545343427150677,0.0,0.0,0.9956293360414477,0.09339285418952643
2026-09-17T02:14:54.504437,132.07,map,roomba,-0.33315307093711954,7.575566397025957,0.0,2.954530237239208,0.0,0.0,0.9956291443282959,0.09339489795543189
2026-09-17T02:14:54.583377,132.12,map,roomba,-0.3528039728535539,7.5792858082904715,0.0,2.9545313263238304,0.0,0.0,0.9956291951856218,0.09339435579322258
2026-09-17T02:14:54.649172,132.17,map,roomba,-0.3724552583295164,7.5830052868187465,0.0,2.9545308144381197,0.0,0.0,0.9956291712819711,0.09339461061739873
2026-09-17T02:14:54.738562,132.23,map,roomba,-0.39210635476472255,7.586724732411506,0.0,2.9545315290901812,0.0,0.0,0.995629204654233,0.09339425485317276
2026-09-17T02:14:54.807501,132.27,map,roomba,-0.41175744645190004,7.590444176832269,0.0,2.9545316576579106,0.0,0.0,0.9956292106579746,0.09339419085027971
2026-09-17T02:14:54.858119,132.33,map,roomba,-0.4353387596502669,7.594907510953371,0.0,2.9545297621325908,0.0,0.0,0.9956291221420007,0.09339513447042669
2026-09-17T02:14:54.917702,132.37,map,roomba,-0.4510596352922578,7.597883066838187,0.0,2.954533077900543,0.0,0.0,0.9956292769789293,0.09339348383273044
2026-09-17T02:14:54.968660,132.43,map,roomba,-0.4746409489502872,7.602346400702558,0.0,2.9545339748584336,0.0,0.0,0.9956293188638403,0.0933930373139532
2026-09-17T02:14:55.017629,132.47,map,roomba,-0.49036182485771107,7.605321956587802,0.0,2.954531476031029,0.0,0.0,0.9956292021765226,0.0933942812667936
2026-09-17T02:14:55.068676,132.53,map,roomba,-0.5139431388858027,7.609785290535671,0.0,2.954534745027922,0.0,0.0,0.9956293548280003,0.09339265391228475
2026-09-17T02:14:55.136073,132.59,map,roomba,-0.5375244531069949,7.614248624626155,0.0,2.9545266594452584,0.0,0.0,0.9956289772528524,0.09339667903324674
2026-09-17T02:14:55.180374,132.63,map,roomba,-0.5532453293944481,7.617224180571393,0.0,2.9545304798695415,0.0,0.0,0.9956291556585062,0.09339477717051554
2026-09-17T02:14:55.233456,132.66,map,roomba,-0.5650358503880497,7.619455823919855,0.0,2.9545313263279147,0.0,0.0,0.9956291951858125,0.09339435579118945
2026-09-17T02:14:55.321008,132.73,map,roomba,-0.5886173041278004,7.623919182204888,0.0,2.954526598623595,0.0,0.0,0.9956289744125811,0.0933967093111518
2026-09-17T02:14:55.371426,132.77,map,roomba,-0.6082683970699261,7.627638626605197,0.0,2.954532090074161,0.0,0.0,0.9956292308505342,0.09339397558715246
2026-09-17T02:14:55.423726,132.82,map,roomba,-0.6279759587206115,7.621056189761695,0.0,2.9580213263292525,0.0,0.0,0.9957906523965095,0.09165684153260993
2026-09-17T02:14:55.471014,132.87,map,roomba,-0.6476400391465242,7.624707050612951,0.0,2.958021161490081,0.0,0.0,0.9957906448421872,0.09165692360526272
2026-09-17T02:14:55.522992,132.93,map,roomba,-0.6673039992751635,7.628357891492093,0.0,2.9580190628762657,0.0,0.0,0.995790548665396,0.09165796849521445
2026-09-17T02:14:55.572630,132.97,map,roomba,-0.6869679537290683,7.632008731314237,0.0,2.9580195974842343,0.0,0.0,0.9957905731659006,0.09165770231643
2026-09-17T02:14:55.623707,133.03,map,roomba,-0.7105647026877966,7.636389739800765,0.0,2.958021771991618,0.0,0.0,0.9957906728204872,0.09165661963939864
2026-09-17T02:14:55.675783,133.07,map,roomba,-0.7262958687337937,7.6393104122108895,0.0,2.9580213052796904,0.0,0.0,0.9957906514318413,0.09165685201308849
2026-09-17T02:14:55.757295,133.13,map,roomba,-0.7459032402250179,7.64326311480682,0.0,2.954529817707736,0.0,0.0,0.9956291247372244,0.09339510680431007
2026-09-17T02:14:55.805981,133.17,map,roomba,-0.7655543338598036,7.646982559519172,0.0,2.9545309961169055,0.0,0.0,0.9956291797658767,0.09339452017504885
2026-09-17T02:14:55.860371,133.23,map,roomba,-0.7891356499018638,7.651445893994718,0.0,2.9545324934616777,0.0,0.0,0.995629249687496,0.09339377477494894
2026-09-17T02:14:55.906010,133.27,map,roomba,-0.8048565273120243,7.654421450470656,0.0,2.954530143237048,0.0,0.0,0.9956291399386337,0.0933949447510768
2026-09-17T02:14:55.957467,133.33,map,roomba,-0.8245076272442482,7.658140896508182,0.0,2.954531716861974,0.0,0.0,0.995629213422632,0.09339416137763201
2026-09-17T02:14:56.028786,133.37,map,roomba,-0.8441587211845505,7.661860341245712,0.0,2.954530092066356,0.0,0.0,0.9956291375490913,0.09339497022459275
2026-09-17T02:14:56.093700,133.43,map,roomba,-0.8777400376826279,7.666323675694472,0.0,2.954532698905771,0.0,0.0,0.9956292592810904,0.0933936725018743
2026-09-17T02:14:56.143961,133.47,map,roomba,-0.8934609154219011,7.669299231970454,0.0,2.95453339761856,0.0,0.0,0.9956292919087063,0.0933933246724204
2026-09-17T02:14:56.209036,133.53,map,roomba,-0.9170422320789342,7.673762566662686,0.0,2.954530647802588,0.0,0.0,0.9956291635005373,0.09339469357099645
2026-09-17T02:14:56.262722,133.57,map,roomba,-0.9327631099335729,7.67673812302885,0.0,2.9545267156123534,0.0,0.0,0.9956289798757619,0.09339665107245299
2026-09-17T02:14:56.309525,133.63,map,roomba,-0.9563444268376218,7.68120145743294,0.0,2.9545310667444005,0.0,0.0,0.9956291830639865,0.09339448501565144
2026-09-17T02:14:56.360092,133.69,map,roomba,-0.9799257437816715,7.685664792205653,0.0,2.954531145545889,0.0,0.0,0.9956291867437981,0.09339444578712042
2026-09-17T02:14:56.408114,133.73,map,roomba,-0.9856466218488871,7.698640348480151,0.0,2.95453223739014,0.0,0.0,0.995629237729744,0.09339390225110479
2026-09-17T02:14:56.459177,133.77,map,roomba,-1.0013674999566913,7.701615904782126,0.0,2.954535564468718,0.0,0.0,0.9956293930927921,0.09339224598262129
2026-09-17T02:14:56.509231,133.83,map,roomba,-1.0249488171363552,7.70607923958071,0.0,2.9545312930061742,0.0,0.0,0.9956291936297811,0.09339437237923837
2026-09-17T02:14:56.559458,133.87,map,roomba,-1.0406696953283463,7.709054796016676,0.0,2.9545312195376945,0.0,0.0,0.9956291901990092,0.0933944089529198
2026-09-17T02:14:56.609032,133.93,map,roomba,-1.0642510127060198,7.713518130610279,0.0,2.954530393831432,0.0,0.0,0.9956291516407502,0.0933948200015405
2026-09-17T02:14:56.659364,133.97,map,roomba,-1.0799718909878173,7.71649368711508,0.0,2.9545315597932054,0.0,0.0,0.995629206087976,0.09339423956875904
2026-09-17T02:14:56.740657,134.03,map,roomba,-1.1034929461054066,7.7212723958135525,0.0,2.951041027592577,0.0,0.0,0.9954646920505618,0.09513173435126827
2026-09-17T02:14:56.785077,134.07,map,roomba,-1.119203344114573,7.724302799729376,0.0,2.951045031715571,0.0,0.0,0.9954648825081492,0.09512974136954595
2026-09-17T02:14:56.850963,134.13,map,roomba,-1.1191912361618774,7.724300885972576,0.0,2.976059853879054,0.0,0.0,0.9965768163433348,0.08267193675596951
2026-09-17T02:14:56.926648,134.19,map,roomba,-1.1191916360267502,7.724301299521872,0.0,3.010022199712047,0.0,0.0,0.9978369322187932,0.06573778746039084
2026-09-17T02:14:56.973929,134.23,map,roomba,-1.1191919004174204,7.724301563338591,0.0,3.0310430371902903,0.0,0.0,0.9984727367031764,0.05524666560498993
2026-09-17T02:14:57.021377,134.29,map,roomba,-1.119192294043705,7.724301937357828,0.0,3.061039348220686,0.0,0.0,0.9991890052667197,0.04026576404469595
2026-09-17T02:14:57.072002,134.33,map,roomba,-1.1291925455448282,7.724302145990906,0.0,3.070570546239184,0.0,0.0,0.9993695487893623,0.03550359069934095
2026-09-17T02:14:57.120556,134.37,map,roomba,-1.1291928014030104,7.724302372826651,0.0,3.090571859433306,0.0,0.0,0.9996746274665339,0.025507630224047395
2026-09-17T02:14:57.169929,134.43,map,roomba,-1.1531742002918723,7.725526990636952,0.0,3.095437396085325,0.0,0.0,0.9997337233436359,0.02307558037126317
2026-09-17T02:14:57.245168,134.47,map,roomba,-1.1691533245078247,7.726342992776038,0.0,3.0934317121554264,0.0,0.0,0.9997100794750878,0.024078143531297787
2026-09-17T02:14:57.297057,134.53,map,roomba,-1.1931220128404934,7.727567006476972,0.0,3.090573195216391,0.0,0.0,0.9996746445026414,0.02550696254981272
2026-09-17T02:14:57.346618,134.57,map,roomba,-1.2091011414210833,7.728382988396822,0.0,3.090569527673811,0.0,0.0,0.999674597727025,0.02550879572443227
2026-09-17T02:14:57.397369,134.63,map,roomba,-1.2330698366556896,7.7296069613847855,0.0,3.0905728912166803,0.0,0.0,0.9996746406255752,0.025507114500213753
2026-09-17T02:14:57.445242,134.67,map,roomba,-1.2490489683309915,7.73042294366398,0.0,3.090572766261594,0.0,0.0,0.9996746390319514,0.02550717695742926
2026-09-17T02:14:57.495433,134.73,map,roomba,-1.269022876969593,7.731442920544929,0.0,3.090571549948962,0.0,0.0,0.9996746235194158,0.025507784915870076
2026-09-17T02:14:57.566217,134.77,map,roomba,-1.2889968026497103,7.732462899748237,0.0,3.0905733281974634,0.0,0.0,0.9996746461986108,0.025506896080909613
2026-09-17T02:14:57.614156,134.83,map,roomba,-1.3130095939526902,7.7127246502945646,0.0,3.101039667707664,0.0,0.0,0.9997944389599484,0.02027510356969808
2026-09-17T02:14:57.664424,134.87,map,roomba,-1.3289963986370514,7.713373289805528,0.0,3.1010409233545317,0.0,0.0,0.9997944516889365,0.020274475875316167
2026-09-17T02:14:57.714391,134.93,map,roomba,-1.3529766076039746,7.714346249527125,0.0,3.1010415913065414,0.0,0.0,0.9997944584600692,0.02027414196795851
2026-09-17T02:14:57.779391,134.97,map,roomba,-1.3689634148421774,7.7149948895303915,0.0,3.101042402011058,0.0,0.0,0.9997944666781563,0.020273736699015273
2026-09-17T02:14:57.828923,135.03,map,roomba,-1.3929436275346991,7.715967849623414,0.0,3.1010448512256437,0.0,0.0,0.9997944915047724,0.02027251234340471
2026-09-17T02:14:57.884407,135.09,map,roomba,-1.4169238423610406,7.716940809707168,0.0,3.1010398990718144,0.0,0.0,0.9997944413054078,0.020274987911402365
2026-09-17T02:14:57.956236,135.13,map,roomba,-1.4329106533928782,7.717589449720698,0.0,3.1010387890493907,0.0,0.0,0.9997944300524082,0.020275542808523894
2026-09-17T02:14:58.006735,135.17,map,roomba,-1.4488974653072129,7.718238089919651,0.0,3.101041103405159,0.0,0.0,0.9997944535141485,0.020274385868506935
2026-09-17T02:14:58.058732,135.23,map,roomba,-1.4728776847901592,7.719211050436705,0.0,3.1010408864569885,0.0,0.0,0.9997944513148972,0.020274494320295766
2026-09-17T02:14:58.105704,135.27,map,roomba,-1.488864498825869,7.719859690823513,0.0,3.1010413114170183,0.0,0.0,0.9997944556227994,0.02027428188395541
2026-09-17T02:14:58.155773,135.33,map,roomba,-1.512844721394874,7.7208326515410395,0.0,3.1010412657090702,0.0,0.0,0.9997944551594513,0.02027430473323177
2026-09-17T02:14:58.235520,135.39,map,roomba,-1.5368249457096326,7.721805612726272,0.0,3.1010445610364,0.0,0.0,0.9997944885633294,0.020272657408208217
2026-09-17T02:14:58.286776,135.43,map,roomba,-1.5528117628602658,7.732454253690667,0.0,3.1010400433905474,0.0,0.0,0.9997944427684354,0.02027491576686879
2026-09-17T02:14:58.363423,135.47,map,roomba,-1.5687985807520222,7.733102894533555,0.0,3.10104412852261,0.0,0.0,0.999794484179204,0.0202728736206596
2026-09-17T02:14:58.415184,135.53,map,roomba,-1.5927788089239012,7.7340758559466884,0.0,3.1010408306250357,0.0,0.0,0.9997944507489145,0.02027452223053394
2026-09-17T02:14:58.496552,135.57,map,roomba,-1.6087656285746834,7.734724496839592,0.0,3.10104375432688,0.0,0.0,0.9997944803861752,0.020273060680072615
2026-09-17T02:14:58.561781,135.63,map,roomba,-1.632745859294185,7.7356974585440135,0.0,3.1010361348695166,0.0,0.0,0.9997944031440589,0.020276869625633295
2026-09-17T02:14:58.641178,135.67,map,roomba,-1.64873268059153,7.736346099598725,0.0,3.1010434882068587,0.0,0.0,0.9997944776886327,0.020273193712736563
2026-09-17T02:14:58.701869,135.73,map,roomba,-1.6727129137033057,7.7373190615567005,0.0,3.1010428469426765,0.0,0.0,0.9997944711883449,0.020273514278929598
2026-09-17T02:14:58.790830,135.77,map,roomba,-1.6886997365362681,7.737967703010399,0.0,3.1010390181264973,0.0,0.0,0.999794432374733,0.020275428293516085
2026-09-17T02:14:58.853621,135.84,map,roomba,-1.688698811311002,7.7379676429023645,0.0,3.1360413181058244,0.0,0.0,0.9999961478367663,0.0027756641778751154
2026-09-17T02:14:58.930424,135.87,map,roomba,-1.6886877325822267,7.737967814377009,0.0,-3.1354073113283834,0.0,0.0,0.9999952176964505,-0.0030926662006726673
2026-09-17T02:14:59.023850,135.92,map,roomba,-1.6886988113273134,7.737967642903012,0.0,-3.107143980983245,0.0,0.0,0.9998516647868235,-0.017223484636319345
2026-09-17T02:14:59.089256,135.97,map,roomba,-1.688688432389946,7.737968319252356,0.0,-3.0821429410255483,0.0,0.0,0.9995582489873284,-0.029720479158084626
2026-09-17T02:14:59.167826,136.03,map,roomba,-1.6865892552037356,7.71861616652395,0.0,-3.0573600061890507,0.0,0.0,0.9991132387275752,-0.042103873922662564
2026-09-17T02:14:59.263613,136.07,map,roomba,-1.6865895236648054,7.718616337232351,0.0,-3.03736152501008,0.0,0.0,0.9986422913194676,-0.05209197623630344
2026-09-17T02:14:59.334710,136.13,map,roomba,-1.6865899198517078,7.718616575541829,0.0,-3.0073605314332212,0.0,0.0,0.997748562508719,-0.06706568430862968
2026-09-17T02:14:59.421451,136.17,map,roomba,-1.6865901794996923,7.718616723025571,0.0,-2.987362666212985,0.0,0.0,0.997028112061568,-0.07703858616917507
