wall_time,ros_time_sec,parent_frame,child_frame,x,y,z,yaw,qx,qy,qz,qw
2026-09-16T13:10:43.981443,2.83,map,roomba,0.0,0.0,0.0,2.044919163779469e-06,0.0,0.0,1.0224595818895565e-06,0.9999999999994773
2026-09-16T13:10:44.031777,2.87,map,roomba,0.0,0.0,0.0,-2.8627012298443333e-06,0.0,0.0,-1.431350614921678e-06,0.9999999999989756
2026-09-16T13:10:44.081303,2.93,map,roomba,0.0,0.0,0.0,3.14110396004708e-06,0.0,0.0,1.570551980022894e-06,0.9999999999987667
2026-09-16T13:10:44.134147,2.97,map,roomba,0.0,0.0,0.0,1.4343581340448016e-06,0.0,0.0,7.171790670223391e-07,0.9999999999997428
2026-09-16T13:10:44.181600,3.03,map,roomba,0.0,0.0,0.0,7.021698222864366e-07,0.0,0.0,3.510849111432111e-07,0.9999999999999384
2026-09-16T13:10:44.231911,3.07,map,roomba,0.0,0.0,0.0,1.126404904461255e-06,0.0,0.0,5.632024522305977e-07,0.9999999999998413
2026-09-16T13:10:44.281394,3.13,map,roomba,0.0,0.0,0.0,2.7150883661342115e-06,0.0,0.0,1.3575441830666888e-06,0.9999999999990785
2026-09-16T13:10:44.333658,3.19,map,roomba,0.0,0.0,0.0,-4.1457247856868614e-07,0.0,0.0,-2.0728623928434156e-07,0.9999999999999785
2026-09-16T13:10:44.383824,3.23,map,roomba,0.0,0.0,0.0,-2.3580751928875487e-07,0.0,0.0,-1.1790375964437715e-07,0.999999999999993
2026-09-16T13:10:44.432174,3.29,map,roomba,0.0,0.0,0.0,-2.5943988615217953e-06,0.0,0.0,-1.2971994307605338e-06,0.9999999999991587
2026-09-16T13:10:44.481512,3.33,map,roomba,0.0,0.0,0.0,1.4435427289072329e-06,0.0,0.0,7.217713644535538e-07,0.9999999999997395
2026-09-16T13:10:44.533311,3.39,map,roomba,0.0,0.0,0.0,-1.344960018467845e-06,0.0,0.0,-6.724800092338716e-07,0.9999999999997738
2026-09-16T13:10:44.581225,3.43,map,roomba,0.0,0.0,0.0,-7.295067874224509e-07,0.0,0.0,-3.6475339371121736e-07,0.9999999999999335
2026-09-16T13:10:44.631515,3.47,map,roomba,0.0,0.0,0.0,1.2925072883085426e-06,0.0,0.0,6.462536441542263e-07,0.9999999999997912
2026-09-16T13:10:44.681915,3.5300000000000002,map,roomba,0.0,0.0,0.0,1.125798794188172e-06,0.0,0.0,5.628993970940562e-07,0.9999999999998416
2026-09-16T13:10:44.731612,3.5700000000000003,map,roomba,0.0,0.0,0.0,-2.0154334716693256e-06,0.0,0.0,-1.0077167358344923e-06,0.9999999999994923
2026-09-16T13:10:44.781223,3.63,map,roomba,0.0,0.0,0.0,-1.0498681013437758e-06,0.0,0.0,-5.249340506718638e-07,0.9999999999998622
2026-09-16T13:10:44.832478,3.67,map,roomba,0.0,0.0,0.0,3.598058904152886e-07,0.0,0.0,1.7990294520764333e-07,0.9999999999999838
2026-09-16T13:10:44.881577,3.73,map,roomba,0.0,0.0,0.0,-1.113189691537279e-07,0.0,0.0,-5.565948457686392e-08,0.9999999999999984
2026-09-16T13:10:44.931592,3.77,map,roomba,0.0,0.0,0.0,-2.699510422754514e-06,0.0,0.0,-1.3497552113768473e-06,0.9999999999990891
2026-09-16T13:10:44.981687,3.83,map,roomba,0.0,0.0,0.0,1.5327344651261403e-06,0.0,0.0,7.663672325629952e-07,0.9999999999997063
2026-09-16T13:10:45.031587,3.87,map,roomba,0.0,0.0,0.0,-4.361458413981724e-06,0.0,0.0,-2.1807292069891333e-06,0.9999999999976222
2026-09-16T13:10:45.082560,3.93,map,roomba,0.0,0.0,0.0,-2.008598718905575e-06,0.0,0.0,-1.0042993594526186e-06,0.9999999999994956
2026-09-16T13:10:45.140315,3.99,map,roomba,0.0,0.0,0.0,-3.865257358626188e-07,0.0,0.0,-1.932628679313082e-07,0.9999999999999813
2026-09-16T13:10:45.191080,4.03,map,roomba,0.0,0.0,0.0,-3.638987755572024e-07,0.0,0.0,-1.8194938777860021e-07,0.9999999999999835
2026-09-16T13:10:45.265384,4.07,map,roomba,0.0,0.0,0.0,-2.730530239247743e-06,0.0,0.0,-1.365265119623447e-06,0.999999999999068
2026-09-16T13:10:45.318184,4.13,map,roomba,0.0,0.0,0.0,6.56929536546614e-07,0.0,0.0,3.2846476827330106e-07,0.999999999999946
2026-09-16T13:10:45.390155,4.17,map,roomba,0.0,0.0,0.0,-1.0120621798392897e-06,0.0,0.0,-5.060310899196233e-07,0.999999999999872
2026-09-16T13:10:45.457648,4.2,map,roomba,0.0,0.0,0.0,-1.845147119539093e-06,0.0,0.0,-9.225735597694156e-07,0.9999999999995745
2026-09-16T13:10:45.507956,4.27,map,roomba,0.0,0.0,0.0,2.0546693288991967e-06,0.0,0.0,1.0273346644494175e-06,0.9999999999994723
2026-09-16T13:10:45.563696,4.33,map,roomba,0.0,0.0,0.0,-7.901004721588828e-07,0.0,0.0,-3.9505023607943114e-07,0.999999999999922
2026-09-16T13:10:45.625969,4.37,map,roomba,0.0,0.0,0.0,-3.4772082813105885e-07,0.0,0.0,-1.7386041406552852e-07,0.9999999999999849
2026-09-16T13:10:45.676041,4.43,map,roomba,-4.1490052070138724e-18,4.192721881218041e-18,0.0,-2.7623067460069706e-06,0.0,0.0,-1.381153373003046e-06,0.9999999999990462
2026-09-16T13:10:45.726324,4.47,map,roomba,-9.681012149699035e-18,9.783017722842095e-18,0.0,1.6939237665880594e-06,0.0,0.0,8.469618832939282e-07,0.9999999999996413
2026-09-16T13:10:45.775941,4.53,map,roomba,-1.3830017356712909e-17,1.3975739604060137e-17,0.0,4.118512110906638e-06,0.0,0.0,2.0592560554518636e-06,0.9999999999978797
2026-09-16T13:10:45.824581,4.5600000000000005,map,roomba,-1.3830017356712909e-17,1.3975739604060137e-17,0.0,3.1907809727727e-12,0.0,0.0,1.59539048638635e-12,1.0
2026-09-16T13:10:45.875408,4.63,map,roomba,-1.3830017356712909e-17,1.3975739604060137e-17,0.0,-1.7506861871297027e-07,0.0,0.0,-8.753430935648502e-08,0.9999999999999961
2026-09-16T13:10:45.924917,4.67,map,roomba,-1.3830017356712909e-17,1.3975739604060137e-17,0.0,-1.913970277822586e-06,0.0,0.0,-9.56985138911147e-07,0.999999999999542
2026-09-16T13:10:45.975629,4.73,map,roomba,-1.3830017356712909e-17,1.3975739604060137e-17,0.0,2.3923334500075555e-06,0.0,0.0,1.1961667250034925e-06,0.9999999999992846
2026-09-16T13:10:46.034813,4.77,map,roomba,-1.3830017356712909e-17,1.3975739604060137e-17,0.0,2.0003480343255843e-06,0.0,0.0,1.0001740171626253e-06,0.9999999999994998
2026-09-16T13:10:46.085852,4.83,map,roomba,-1.3830017356712909e-17,1.3975739604060137e-17,0.0,-1.987863178509742e-06,0.0,0.0,-9.939315892547073e-07,0.9999999999995061
2026-09-16T13:10:46.138069,4.89,map,roomba,-1.3830017356712909e-17,1.3975739604060137e-17,0.0,1.7466677566524427e-06,0.0,0.0,8.733338783261104e-07,0.9999999999996186
2026-09-16T13:10:46.185361,4.93,map,roomba,-1.3830017356712909e-17,1.3975739604060137e-17,0.0,3.7549645894863212e-06,0.0,0.0,1.8774822947420576e-06,0.9999999999982375
2026-09-16T13:10:46.237347,4.99,map,roomba,-1.3830017356712909e-17,1.3975739604060137e-17,0.0,-1.3584886908724059e-06,0.0,0.0,-6.792443454361507e-07,0.9999999999997693
2026-09-16T13:10:46.285481,5.03,map,roomba,-1.3830017356712909e-17,1.3975739604060137e-17,0.0,5.731693306643139e-07,0.0,0.0,2.8658466533215296e-07,0.9999999999999589
2026-09-16T13:10:46.348311,5.07,map,roomba,-1.3830017356712909e-17,1.3975739604060137e-17,0.0,-2.0389340318338632e-06,0.0,0.0,-1.0194670159167548e-06,0.9999999999994803
2026-09-16T13:10:46.403186,5.13,map,roomba,-1.3830017356712909e-17,1.3975739604060137e-17,0.0,-1.0509714116757613e-06,0.0,0.0,-5.254857058378564e-07,0.9999999999998619
2026-09-16T13:10:46.448167,5.18,map,roomba,-1.3830017356712909e-17,1.3975739604060137e-17,0.0,-2.1316282072803006e-14,0.0,0.0,-1.0658141036401503e-14,1.0
2026-09-16T13:10:46.500170,5.23,map,roomba,-1.3830017356712909e-17,1.3975739604060137e-17,0.0,2.2210311430015395e-06,0.0,0.0,1.1105155715005415e-06,0.9999999999993834
2026-09-16T13:10:46.548770,5.27,map,roomba,-1.3830017356712909e-17,1.3975739604060137e-17,0.0,-5.3006230356089645e-06,0.0,0.0,-2.6503115178013796e-06,0.9999999999964879
2026-09-16T13:10:46.600947,5.33,map,roomba,-1.3830017356712909e-17,1.3975739604060137e-17,0.0,1.0676568118483944e-07,0.0,0.0,5.33828405924197e-08,0.9999999999999986
2026-09-16T13:10:46.648576,5.37,map,roomba,-1.3830017356712909e-17,1.3975739604060137e-17,0.0,-1.3633709050608902e-06,0.0,0.0,-6.816854525303924e-07,0.9999999999997676
2026-09-16T13:10:46.698965,5.43,map,roomba,-1.3830017356712909e-17,1.3975739604060137e-17,0.0,-2.091419384342432e-06,0.0,0.0,-1.0457096921710253e-06,0.9999999999994532
2026-09-16T13:10:46.748219,5.47,map,roomba,-1.3830017356712909e-17,1.3975739604060137e-17,0.0,-3.5120465735616346e-07,0.0,0.0,-1.7560232867808083e-07,0.9999999999999846
2026-09-16T13:10:46.798240,5.53,map,roomba,-1.3830017356712909e-17,1.3975739604060137e-17,0.0,-1.547353549291587e-06,0.0,0.0,-7.736767746457161e-07,0.9999999999997007
2026-09-16T13:10:46.850896,5.59,map,roomba,-1.3830017356712909e-17,1.3975739604060137e-17,0.0,7.614761434737718e-07,0.0,0.0,3.807380717368767e-07,0.9999999999999275
2026-09-16T13:10:46.899740,5.63,map,roomba,-1.3830017356712909e-17,1.3975739604060137e-17,0.0,-1.6829378339799918e-06,0.0,0.0,-8.414689169898967e-07,0.999999999999646
2026-09-16T13:10:46.950883,5.69,map,roomba,-1.3830017356712909e-17,1.3975739604060137e-17,0.0,1.2690691955086215e-06,0.0,0.0,6.345345977542681e-07,0.9999999999997987
2026-09-16T13:10:46.999248,5.73,map,roomba,-1.3830017356712909e-17,1.3975739604060137e-17,0.0,2.505512098238683e-06,0.0,0.0,1.2527560491190137e-06,0.9999999999992153
2026-09-16T13:10:47.048733,5.77,map,roomba,-1.3830017356712909e-17,1.3975739604060137e-17,0.0,-1.0577231721597975e-06,0.0,0.0,-5.28861586079874e-07,0.9999999999998601
2026-09-16T13:10:47.100738,5.83,map,roomba,-1.3830017356712909e-17,1.3975739604060137e-17,0.0,1.7608059414975234e-06,0.0,0.0,8.80402970748648e-07,0.9999999999996124
2026-09-16T13:10:47.148462,5.87,map,roomba,-1.3830017356712909e-17,1.3975739604060137e-17,0.0,5.147561017437852e-07,0.0,0.0,2.573780508718897e-07,0.9999999999999669
2026-09-16T13:10:47.201667,5.93,map,roomba,-1.3830017356712909e-17,1.3975739604060137e-17,0.0,-2.7403980360496413e-06,0.0,0.0,-1.3701990180243919e-06,0.9999999999990613
2026-09-16T13:10:47.255290,5.97,map,roomba,-1.3830017356712909e-17,1.3975739604060137e-17,0.0,-1.2297333480404415e-06,0.0,0.0,-6.148666740201819e-07,0.9999999999998109
2026-09-16T13:10:47.300321,6.03,map,roomba,-1.3830017356712909e-17,1.3975739604060137e-17,0.0,5.459073517677385e-07,0.0,0.0,2.729536758838658e-07,0.9999999999999627
2026-09-16T13:10:47.367918,6.09,map,roomba,-1.3830017356712909e-17,1.3975739604060137e-17,0.0,1.5527933903136687e-06,0.0,0.0,7.763966951567561e-07,0.9999999999996986
2026-09-16T13:10:47.415793,6.13,map,roomba,-1.3830017356712909e-17,1.3975739604060137e-17,0.0,2.145989369761736e-06,0.0,0.0,1.0729946848806622e-06,0.9999999999994243
2026-09-16T13:10:47.466357,6.19,map,roomba,-1.3830017356712909e-17,1.3975739604060137e-17,0.0,3.326321309948812e-06,0.0,0.0,1.6631606549736388e-06,0.9999999999986169
2026-09-16T13:10:47.515111,6.23,map,roomba,-1.3830017356712909e-17,1.3975739604060137e-17,0.0,1.7788623645209626e-06,0.0,0.0,8.894311822603639e-07,0.9999999999996044
2026-09-16T13:10:47.564050,6.27,map,roomba,-1.3830017356712909e-17,1.3975739604060137e-17,0.0,1.588875567115622e-06,0.0,0.0,7.944377835577274e-07,0.9999999999996845
2026-09-16T13:10:47.618373,6.33,map,roomba,-1.3830017356712909e-17,1.3975739604060137e-17,0.0,-7.252093712217801e-07,0.0,0.0,-3.6260468561088205e-07,0.9999999999999343
2026-09-16T13:10:47.667450,6.39,map,roomba,-1.3830017356712909e-17,1.3975739604060137e-17,0.0,-1.314970479171507e-06,0.0,0.0,-6.574852395857062e-07,0.9999999999997838
2026-09-16T13:10:47.718182,6.43,map,roomba,-1.3830017356712909e-17,1.3975739604060137e-17,0.0,1.4039255384901146e-06,0.0,0.0,7.019627692449996e-07,0.9999999999997536
2026-09-16T13:10:47.766473,6.47,map,roomba,-1.3830017356712909e-17,1.3975739604060137e-17,0.0,-2.814517200633304e-06,0.0,0.0,-1.4072586003161877e-06,0.9999999999990098
2026-09-16T13:10:47.814413,6.53,map,roomba,-1.3830017356712909e-17,1.3975739604060137e-17,0.0,1.899545077677091e-06,0.0,0.0,9.497725388384025e-07,0.9999999999995489
2026-09-16T13:10:47.867394,6.57,map,roomba,-1.3830017356712909e-17,1.3975739604060137e-17,0.0,3.426926797001073e-06,0.0,0.0,1.7134633984996982e-06,0.9999999999985321
2026-09-16T13:10:47.913771,6.63,map,roomba,-1.3830017356712909e-17,1.3975739604060137e-17,0.0,-3.199005445875258e-06,0.0,0.0,-1.599502722936947e-06,0.9999999999987208
2026-09-16T13:10:47.965252,6.67,map,roomba,-1.3830017356712909e-17,1.3975739604060137e-17,0.0,-1.470232627198699e-06,0.0,0.0,-7.351163135992831e-07,0.9999999999997298
2026-09-16T13:10:48.014766,6.73,map,roomba,-1.3830017356712909e-17,1.3975739604060137e-17,0.0,-2.488689160085046e-06,0.0,0.0,-1.2443445800422018e-06,0.9999999999992258
2026-09-16T13:10:48.064750,6.77,map,roomba,-1.3830017356712909e-17,1.3975739604060137e-17,0.0,-2.2819116418659767e-07,0.0,0.0,-1.1409558209329856e-07,0.9999999999999934
2026-09-16T13:10:48.114074,6.83,map,roomba,-1.3830017356712909e-17,1.3975739604060137e-17,0.0,1.7085979711062298e-06,0.0,0.0,8.54298985553011e-07,0.9999999999996351
2026-09-16T13:10:48.167808,6.87,map,roomba,-1.3830017356712909e-17,1.3975739604060137e-17,0.0,-1.513101008931983e-07,0.0,0.0,-7.565505044659908e-08,0.9999999999999971
2026-09-16T13:10:48.215241,6.93,map,roomba,-1.3830017356712909e-17,1.3975739604060137e-17,0.0,-7.433152555691435e-07,0.0,0.0,-3.716576277845632e-07,0.9999999999999309
2026-09-16T13:10:48.264938,6.98,map,roomba,-1.3830017356712909e-17,1.3975739604060137e-17,0.0,-2.255529096828468e-12,0.0,0.0,-1.127764548414234e-12,1.0
2026-09-16T13:10:48.314523,7.03,map,roomba,-1.3830017356712909e-17,1.3975739604060137e-17,0.0,1.3447418458767404e-06,0.0,0.0,6.723709229383195e-07,0.999999999999774
2026-09-16T13:10:48.363789,7.06,map,roomba,-1.3830017356712909e-17,1.3975739604060137e-17,0.0,5.5928595088516886e-12,0.0,0.0,2.7964297544258443e-12,1.0
2026-09-16T13:10:48.415360,7.13,map,roomba,-1.3830017356712909e-17,1.3975739604060137e-17,0.0,-8.256874113321549e-07,0.0,0.0,-4.1284370566606566e-07,0.9999999999999147
2026-09-16T13:10:48.463551,7.17,map,roomba,-1.3830017356712909e-17,1.3975739604060137e-17,0.0,2.042077469344151e-06,0.0,0.0,1.021038734671898e-06,0.9999999999994788
2026-09-16T13:10:48.514155,7.23,map,roomba,-1.3830017356712909e-17,1.3975739604060137e-17,0.0,9.982381676820755e-08,0.0,0.0,4.991190838410375e-08,0.9999999999999988
2026-09-16T13:10:48.566939,7.27,map,roomba,-1.3830017356712909e-17,1.3975739604060137e-17,0.0,7.987870365155914e-09,0.0,0.0,3.993935182577957e-09,1.0
2026-09-16T13:10:48.615822,7.33,map,roomba,-1.3830017356712909e-17,1.3975739604060137e-17,0.0,5.47265175843137e-07,0.0,0.0,2.736325879215651e-07,0.9999999999999626
2026-09-16T13:10:48.663724,7.37,map,roomba,-1.3830017356712909e-17,1.3975739604060137e-17,0.0,-5.962739737519486e-07,0.0,0.0,-2.9813698687596984e-07,0.9999999999999556
2026-09-16T13:10:48.716175,7.43,map,roomba,-1.3830017356712909e-17,1.3975739604060137e-17,0.0,8.761357372932821e-07,0.0,0.0,4.38067868646627e-07,0.9999999999999041
2026-09-16T13:10:48.769491,7.47,map,roomba,-1.3830017356712909e-17,1.3975739604060137e-17,0.0,-2.630592046415359e-07,0.0,0.0,-1.3152960232076756e-07,0.9999999999999913
2026-09-16T13:10:48.851984,7.53,map,roomba,-1.3830017356712909e-17,1.3975739604060137e-17,0.0,3.519098434878744e-08,0.0,0.0,1.7595492174393715e-08,0.9999999999999998
2026-09-16T13:10:48.923272,7.59,map,roomba,-1.3830017356712909e-17,1.3975739604060137e-17,0.0,-6.766748850139948e-08,0.0,0.0,-3.383374425069973e-08,0.9999999999999994
2026-09-16T13:10:48.973403,7.63,map,roomba,-1.44375725419142e-17,1.3975739603262863e-17,0.0,2.156690201982059e-06,0.0,0.0,1.0783451009908204e-06,0.9999999999994186
2026-09-16T13:10:49.050730,7.67,map,roomba,-1.474100604354494e-17,1.3975739600972406e-17,0.0,-1.0901043827615808e-06,0.0,0.0,-5.450521913807634e-07,0.9999999999998515
2026-09-16T13:10:49.142606,7.73,map,roomba,-1.5304778507361038e-17,1.397573959947746e-17,0.0,1.0377389196847286e-06,0.0,0.0,5.188694598423409e-07,0.9999999999998653
2026-09-16T13:10:49.242101,7.79,map,roomba,-1.5955287072787877e-17,1.397573959919492e-17,0.0,-2.679248449766191e-07,0.0,0.0,-1.339624224883092e-07,0.999999999999991
2026-09-16T13:10:49.284835,7.83,map,roomba,-1.6302365162116577e-17,1.3975739599606056e-17,0.0,-1.9014650041171426e-06,0.0,0.0,-9.50732502058428e-07,0.999999999999548
2026-09-16T13:10:49.360654,7.87,map,roomba,-1.6692534608830562e-17,1.3975739597407183e-17,0.0,-3.8280963012837805e-06,0.0,0.0,-1.9140481506407213e-06,0.9999999999981682
2026-09-16T13:10:49.422208,7.93,map,roomba,-1.7126075976694602e-17,1.397573959687845e-17,0.0,1.6269407181468411e-06,0.0,0.0,8.134703590733308e-07,0.9999999999996692
2026-09-16T13:10:49.475660,7.97,map,roomba,-1.7256042039784988e-17,1.397573959747336e-17,0.0,2.285044944816405e-06,0.0,0.0,1.1425224724079542e-06,0.9999999999993473
2026-09-16T13:10:49.522236,8.03,map,roomba,-1.768971832145351e-17,1.397573959710933e-17,0.0,3.0458226940588426e-06,0.0,0.0,1.5229113470288326e-06,0.9999999999988404
2026-09-16T13:10:49.587970,8.08,map,roomba,-1.8036721742738066e-17,1.397573960406005e-17,0.0,1.3726797476465435e-12,0.0,0.0,6.863398738232718e-13,1.0
2026-09-16T13:10:49.639354,8.13,map,roomba,-1.842723853906161e-17,1.397573960142965e-17,0.0,-5.630223629538023e-07,0.0,0.0,-2.815111814768974e-07,0.9999999999999604
2026-09-16T13:10:49.687503,8.17,map,roomba,-1.873081123599467e-17,1.3975739594773934e-17,0.0,8.006545515470975e-08,0.0,0.0,4.003272757735486e-08,0.9999999999999992
2026-09-16T13:10:49.739044,8.23,map,roomba,-1.8904007143273677e-17,1.3975739593638458e-17,0.0,-3.840577025293611e-06,0.0,0.0,-1.9202885126456258e-06,0.9999999999981563
2026-09-16T13:10:49.787210,8.27,map,roomba,-1.946833719663678e-17,1.3975739595322602e-17,0.0,-2.0480874081130196e-06,0.0,0.0,-1.0240437040563309e-06,0.9999999999994756
2026-09-16T13:10:49.852069,8.33,map,roomba,-1.938119208065083e-17,1.3975739607957905e-17,0.0,6.854956144941584e-07,0.0,0.0,3.427478072470725e-07,0.9999999999999413
2026-09-16T13:10:49.901421,8.37,map,roomba,-1.955466609528055e-17,1.397573960547254e-17,0.0,-3.5259776098861546e-06,0.0,0.0,-1.7629888049421642e-06,0.9999999999984459
2026-09-16T13:10:49.953993,8.43,map,roomba,-2.003184604841e-17,1.3975739602452894e-17,0.0,-9.860198524336294e-07,0.0,0.0,-4.930099262167946e-07,0.9999999999998784
2026-09-16T13:10:50.003456,8.49,map,roomba,-2.0422289470777434e-17,1.3975739604087658e-17,0.0,5.072375861558957e-07,0.0,0.0,2.5361879307794506e-07,0.9999999999999678
2026-09-16T13:10:50.052175,8.53,map,roomba,-2.0291911255428343e-17,1.397573960564521e-17,0.0,-8.932929551619402e-07,0.0,0.0,-4.4664647758095515e-07,0.9999999999999002
2026-09-16T13:10:50.101295,8.57,map,roomba,-2.0378646454040957e-17,1.397573960379881e-17,0.0,7.14204237972638e-08,0.0,0.0,3.571021189863189e-08,0.9999999999999993
2026-09-16T13:10:50.153870,8.62,map,roomba,-2.059543882665452e-17,1.3975739604060275e-17,0.0,-3.1827873669953988e-12,0.0,0.0,-1.5913936834976994e-12,1.0
2026-09-16T13:10:50.216803,8.69,map,roomba,-2.102929860913796e-17,1.397573960471292e-17,0.0,2.8487912810959423e-06,0.0,0.0,1.4243956405474894e-06,0.9999999999989856
2026-09-16T13:10:50.263152,8.73,map,roomba,-2.1289502955488336e-17,1.3975739606354138e-17,0.0,4.507331345493525e-06,0.0,0.0,2.253665672744855e-06,0.9999999999974605
2026-09-16T13:10:50.325942,8.77,map,roomba,-2.137596553026818e-17,1.397573960847468e-17,0.0,2.9156856449219525e-06,0.0,0.0,1.4578428224604596e-06,0.9999999999989373
2026-09-16T13:10:50.375303,8.81,map,roomba,-2.1462564933642714e-17,1.397573961419887e-17,0.0,-4.349493840649643e-06,0.0,0.0,-2.174746920323107e-06,0.9999999999976352
2026-09-16T13:10:50.706996,8.9,map,roomba,-2.1547507809645296e-17,1.3975739610231556e-17,0.0,-2.64751870799498e-06,0.0,0.0,-1.3237593539971032e-06,0.9999999999991238
2026-09-16T13:10:50.721033,9.08,map,roomba,-2.1853697745342567e-17,1.3975739621641304e-17,0.0,-1.3657448048043364e-06,0.0,0.0,-6.828724024021151e-07,0.9999999999997669
2026-09-16T13:10:50.739769,9.13,map,roomba,-2.2808994891742307e-17,1.39757395852989e-17,0.0,3.7269665651429315e-06,0.0,0.0,1.8634832825703873e-06,0.9999999999982637
2026-09-16T13:10:50.755628,9.19,map,roomba,-2.2763752568541232e-17,1.397573958404908e-17,0.0,2.0520515353616994e-06,0.0,0.0,1.0260257676806697e-06,0.9999999999994736
2026-09-16T13:10:50.778708,9.22,map,roomba,-2.276239223818244e-17,1.3975739526371026e-17,0.0,-1.1417862109119879e-06,0.0,0.0,-5.70893105455963e-07,0.999999999999837
2026-09-16T13:10:50.869008,9.27,map,roomba,-2.3067466813554787e-17,1.3975739585896084e-17,0.0,1.9909280943863914e-06,0.0,0.0,9.954640471930314e-07,0.9999999999995045
2026-09-16T13:10:50.916685,9.33,map,roomba,-2.3327813015511555e-17,1.3975739587977485e-17,0.0,5.306365853385844e-07,0.0,0.0,2.6531829266928906e-07,0.9999999999999648
2026-09-16T13:10:50.979929,9.39,map,roomba,-2.3544651629299386e-17,1.3975739587593994e-17,0.0,-1.9776027975204613e-06,0.0,0.0,-9.888013987600695e-07,0.9999999999995112
2026-09-16T13:10:51.034126,9.43,map,roomba,-2.371784710106589e-17,1.397573958462187e-17,0.0,-2.957746683129872e-06,0.0,0.0,-1.4788733415643964e-06,0.9999999999989064
2026-09-16T13:10:51.077845,9.47,map,roomba,-2.3978190934964998e-17,1.3975739582710624e-17,0.0,1.9410926284102455e-06,0.0,0.0,9.705463142049705e-07,0.999999999999529
2026-09-16T13:10:51.128022,9.53,map,roomba,-2.3977783532822043e-17,1.3975739582908557e-17,0.0,-3.8049894746095003e-07,0.0,0.0,-1.9024947373047388e-07,0.9999999999999819
2026-09-16T13:10:51.197274,9.59,map,roomba,-2.4151674823387083e-17,1.3975739581530815e-17,0.0,-2.540305708009784e-07,0.0,0.0,-1.2701528540048883e-07,0.9999999999999919
2026-09-16T13:10:51.245850,9.63,map,roomba,-2.3977792779549243e-17,1.3975739581030286e-17,0.0,6.001329091454014e-07,0.0,0.0,3.0006645457269614e-07,0.9999999999999549
2026-09-16T13:10:51.296605,9.67,map,roomba,-2.4498619177442284e-17,1.3975739578673323e-17,0.0,1.885684700386748e-06,0.0,0.0,9.428423501932343e-07,0.9999999999995555
2026-09-16T13:10:51.346447,9.72,map,roomba,-2.4368462386374113e-17,1.3975739604060032e-17,0.0,-1.1932677068671182e-12,0.0,0.0,-5.966338534335591e-13,1.0
2026-09-16T13:10:51.396493,9.77,map,roomba,-2.4585631261101846e-17,1.3975739579143346e-17,0.0,5.707927286380254e-07,0.0,0.0,2.8539636431900885e-07,0.9999999999999593
2026-09-16T13:10:51.444309,9.83,map,roomba,-2.4585221687349512e-17,1.3975739583717476e-17,0.0,-2.5093493096761685e-06,0.0,0.0,-1.254674654837755e-06,0.9999999999992129
2026-09-16T13:10:51.520438,9.89,map,roomba,-2.4628589983224217e-17,1.397573958629079e-17,0.0,-1.8814707312131428e-06,0.0,0.0,-9.407353656064325e-07,0.9999999999995575
2026-09-16T13:10:51.582742,9.93,map,roomba,-2.4802060851550205e-17,1.3975739583028658e-17,0.0,1.3698638126058425e-06,0.0,0.0,6.849319063028678e-07,0.9999999999997654
2026-09-16T13:10:51.633435,9.97,map,roomba,-2.480206265900766e-17,1.3975739583782017e-17,0.0,4.40853911420902e-06,0.0,0.0,2.204269557102725e-06,0.9999999999975706
2026-09-16T13:10:51.680755,10.03,map,roomba,-2.510578013352864e-17,1.3975739582461624e-17,0.0,-1.5632369221307842e-06,0.0,0.0,-7.816184610653126e-07,0.9999999999996946
2026-09-16T13:10:51.728088,10.07,map,roomba,-2.5149148464506716e-17,1.3975739585562122e-17,0.0,-4.3699660334795016e-06,0.0,0.0,-2.1849830167380122e-06,0.9999999999976129
2026-09-16T13:10:51.779051,10.13,map,roomba,-2.5192380040259934e-17,1.397573959034922e-17,0.0,2.1532480940500425e-06,0.0,0.0,1.076624047024813e-06,0.9999999999994205
2026-09-16T13:10:51.853742,10.17,map,roomba,-2.5149154515997933e-17,1.3975739589732974e-17,0.0,-5.471177026983301e-07,0.0,0.0,-2.7355885134916163e-07,0.9999999999999626
2026-09-16T13:10:51.901523,10.23,map,roomba,-2.5235752444604614e-17,1.397573959155574e-17,0.0,-2.810712052880861e-06,0.0,0.0,-1.4053560264399678e-06,0.9999999999990125
2026-09-16T13:10:51.964745,10.27,map,roomba,-2.5322352554338834e-17,1.3975739589466287e-17,0.0,-2.640169674439363e-06,0.0,0.0,-1.3200848372192981e-06,0.9999999999991287
2026-09-16T13:10:52.023807,10.33,map,roomba,-2.5496099828540948e-17,1.3975739587637754e-17,0.0,-1.8897687645846874e-06,0.0,0.0,-9.448843822922032e-07,0.9999999999995536
2026-09-16T13:10:52.107650,10.37,map,roomba,-2.5539604278205675e-17,1.3975739587903896e-17,0.0,5.86466265328767e-07,0.0,0.0,2.9323313266437926e-07,0.999999999999957
2026-09-16T13:10:52.156192,10.43,map,roomba,-2.5626063956870224e-17,1.397573958882027e-17,0.0,1.3439481256760648e-06,0.0,0.0,6.719740628379818e-07,0.9999999999997742
2026-09-16T13:10:52.225479,10.47,map,roomba,-2.5582697586675182e-17,1.3975739589310663e-17,0.0,1.896731596673364e-06,0.0,0.0,9.483657983365395e-07,0.9999999999995502
2026-09-16T13:10:52.289397,10.53,map,roomba,0.019764615079877357,-0.0001489519784926847,0.0,-0.012024792039964538,0.0,0.0,-0.00601235979645808,0.999981925601497
2026-09-16T13:10:52.374025,10.57,map,roomba,0.03950845887159201,-0.0006245475054027568,0.0,-0.02805738108928057,0.0,0.0,-0.014028230398395567,0.999901599534619
2026-09-16T13:10:52.437335,10.63,map,roomba,0.06910332005588497,-0.001937088304780529,0.0,-0.05585263583306287,0.0,0.0,-0.027922688198841434,0.9996100857253043
2026-09-16T13:10:52.487372,10.67,map,roomba,0.08881169656815754,-0.0032120908147966346,0.0,-0.07265838909843175,0.0,0.0,-0.03632120380189111,0.9993401673876526
2026-09-16T13:10:52.536686,10.73,map,roomba,0.11832942106298969,-0.005718835176863876,0.0,-0.09669394636624418,0.0,0.0,-0.04832814077479012,0.9988315127233682
2026-09-16T13:10:52.590037,10.76,map,roomba,0.13304965964510077,-0.007243469773144122,0.0,-0.10870045417919225,0.0,0.0,-0.05432347309134697,0.9985233899470226
2026-09-16T13:10:52.665729,10.83,map,roomba,0.16736462562254667,-0.01146892741753502,0.0,-0.13670384652971276,0.0,0.0,-0.0682987124982883,0.9976649166283619
2026-09-16T13:10:52.715075,10.870000000000001,map,roomba,0.18692077028054815,-0.014227112417321879,0.0,-0.14283179067638763,0.0,0.0,-0.07135520456718639,0.9974509686100741
2026-09-16T13:10:52.767436,10.93,map,roomba,0.19675183552381234,-0.013452947738058853,0.0,-0.10649540207491894,0.0,0.0,-0.053222542246480334,0.9985826760948848
2026-09-16T13:10:52.815296,10.97,map,roomba,0.2163823252527845,-0.01561930189757316,0.0,-0.11371287721302815,0.0,0.0,-0.05682581068600309,0.998384108066569
2026-09-16T13:10:52.880577,11.03,map,roomba,0.2457956236295959,-0.01914976455083754,0.0,-0.12519225834640765,0.0,0.0,-0.06255525903566657,0.9980415019261376
2026-09-16T13:10:52.934131,11.09,map,roomba,0.27516642224390603,-0.023018011591914266,0.0,-0.13668883135605198,0.0,0.0,-0.06829122244037433,0.9976654293587601
2026-09-16T13:10:52.995711,11.14,map,roomba,0.2995964204921769,-0.0264983396931428,0.0,-0.14626641790061345,0.0,0.0,-0.07306803463189303,0.9973269585823059
2026-09-16T13:10:53.049306,11.17,map,roomba,0.3142546642091925,-0.028700280104202915,0.0,-0.15201362355505443,0.0,0.0,-0.07593365057262523,0.9971128726030541
2026-09-16T13:10:53.097849,11.23,map,roomba,0.34354306159011705,-0.03689684569704857,0.0,-0.16438087853250571,0.0,0.0,-0.08209793410505804,0.9966242668205916
2026-09-16T13:10:53.151260,11.29,map,roomba,0.372740162160694,-0.041910771524692844,0.0,-0.17566199374130148,0.0,0.0,-0.08771811487716082,0.9961453369475748
2026-09-16T13:10:53.197612,11.33,map,roomba,0.39217293963957994,-0.04543478582624222,0.0,-0.1831062726669916,0.0,0.0,-0.0914252905482471,0.9958119381932357
2026-09-16T13:10:53.248892,11.39,map,roomba,0.42127157399227544,-0.05099184695714043,0.0,-0.19428127071383733,0.0,0.0,-0.09698793267675104,0.9952855574733765
2026-09-16T13:10:53.305265,11.42,map,roomba,0.43578860994208335,-0.05389043948599271,0.0,-0.1998630290587679,0.0,0.0,-0.0997652730842351,0.9950110000831287
2026-09-16T13:10:53.361750,11.46,map,roomba,0.4551306891652574,-0.057883531270689965,0.0,-0.2073084800594395,0.0,0.0,-0.10346872604462787,0.994632707450696
2026-09-16T13:10:53.414864,11.53,map,roomba,0.4889410581861809,-0.07330294892301159,0.0,-0.21946812317090214,0.0,0.0,-0.10951396584953013,0.9939852570757315
2026-09-16T13:10:53.477445,11.59,map,roomba,0.5178202614892548,-0.07990645935238364,0.0,-0.22997891315017674,0.0,0.0,-0.11473621460397014,0.993395994082094
2026-09-16T13:10:53.524077,11.63,map,roomba,0.5370343512760464,-0.08447503946487693,0.0,-0.236888332831055,0.0,0.0,-0.11816741800472827,0.9929936864462411
2026-09-16T13:10:53.578679,11.66,map,roomba,0.5514168227987525,-0.08798613298027866,0.0,-0.24206465220235163,0.0,0.0,-0.12073704558666967,0.9926845248229683
2026-09-16T13:10:53.635105,11.73,map,roomba,0.5849486634061642,-0.09639295370786617,0.0,-0.24819811376708,0.0,0.0,-0.12378076924855759,0.9923095893743219
2026-09-16T13:10:53.701642,11.79,map,roomba,0.6136497475136155,-0.1037326063289272,0.0,-0.25252008840226275,0.0,0.0,-0.12592484699763262,0.992039783934406
2026-09-16T13:10:53.749103,11.83,map,roomba,0.6255780855573945,-0.1126992170945712,0.0,-0.25625753763411796,0.0,0.0,-0.12777847520985922,0.9918027330437457
2026-09-16T13:10:53.816209,11.870000000000001,map,roomba,0.6444989572403076,-0.11768487307384841,0.0,-0.25894294855736044,0.0,0.0,-0.1291100585730209,0.991630270199166
2026-09-16T13:10:53.866021,11.93,map,roomba,0.6728408934863201,-0.12524975420263185,0.0,-0.262726167123939,0.0,0.0,-0.13098560348926153,0.9913842704413632
2026-09-16T13:10:53.916143,11.97,map,roomba,0.6917188649701395,-0.1303523543406504,0.0,-0.265251102367058,0.0,0.0,-0.1322370893147301,0.9912181153558324
2026-09-16T13:10:53.993716,12.03,map,roomba,0.7200115231720877,-0.13809543874139577,0.0,-0.26903107450857855,0.0,0.0,-0.1341102404520309,0.9909664189092879
2026-09-16T13:10:54.058918,12.07,map,roomba,0.738856944671494,-0.14331690796861193,0.0,-0.2715531571775195,0.0,0.0,-0.13535978310341265,0.9907965124677202
2026-09-16T13:10:54.110241,12.13,map,roomba,0.770869958138722,-0.15754277507589004,0.0,-0.2741669775772483,0.0,0.0,-0.13665454920472986,0.9906187632897189
2026-09-16T13:10:54.157905,12.17,map,roomba,0.7896884139045283,-0.16286064639561093,0.0,-0.27658433588319786,0.0,0.0,-0.1378517893412653,0.9904528682251424
2026-09-16T13:10:54.210892,12.23,map,roomba,0.8178928457541618,-0.17091927968850534,0.0,-0.28003482278287845,0.0,0.0,-0.13956035566140335,0.9902135664227504
2026-09-16T13:10:54.256941,12.27,map,roomba,0.836680300057992,-0.1763456930532703,0.0,-0.282331123591086,0.0,0.0,-0.1406971775303873,0.9900526775050824
2026-09-16T13:10:54.325957,12.33,map,roomba,0.864837986042862,-0.1845662172824845,0.0,-0.2857784425463581,0.0,0.0,-0.14240348136057293,0.9898086928777646
2026-09-16T13:10:54.398307,12.37,map,roomba,0.8835939686063746,-0.19010046001110067,0.0,-0.2880739653706059,0.0,0.0,-0.14353945153616085,0.9896445957275258
2026-09-16T13:10:54.450235,12.43,map,roomba,0.9076919441826091,-0.19533963386336525,0.0,-0.292687541465395,0.0,0.0,-0.1458219679301011,0.989310847847628
2026-09-16T13:10:54.498748,12.47,map,roomba,0.9264092247767549,-0.20100341623142565,0.0,-0.29501415784961693,0.0,0.0,-0.14697274241497066,0.9891405425858465
2026-09-16T13:10:54.550014,12.53,map,roomba,0.9544363905636913,-0.20965827648899,0.0,-0.3041918356324849,0.0,0.0,-0.1515101856436098,0.9884556963497346
2026-09-16T13:10:54.600454,12.57,map,roomba,0.9730758763870954,-0.21557301877829382,0.0,-0.3103501473583353,0.0,0.0,-0.15455307173807628,0.9879844877407363
2026-09-16T13:10:54.650156,12.62,map,roomba,0.9956545423663382,-0.22290816258152674,0.0,-0.3178371755475297,0.0,0.0,-0.15825051401049445,0.9873989947409377
2026-09-16T13:10:54.712434,12.69,map,roomba,1.0259503560851908,-0.23304466319844014,0.0,-0.3279092673128329,0.0,0.0,-0.16322107288220813,0.9865895201993486
2026-09-16T13:10:54.759828,12.73,map,roomba,1.0462538914739443,-0.24579373558197443,0.0,-0.3336518965546494,0.0,0.0,-0.1660532050705689,0.9861167948502813
2026-09-16T13:10:54.811174,12.79,map,roomba,1.0720414635313968,-0.25485513058146847,0.0,-0.34210017276019244,0.0,0.0,-0.17021720473984822,0.9854065674687543
2026-09-16T13:10:54.858153,12.83,map,roomba,1.0891905726492963,-0.26101581798205903,0.0,-0.34766737552942456,0.0,0.0,-0.1729595208249758,0.9849289335561194
2026-09-16T13:10:54.923383,12.89,map,roomba,1.1148492593224106,-0.2704356558318785,0.0,-0.35602155819363385,0.0,0.0,-0.17707213806748429,0.984197875388994
2026-09-16T13:10:54.969920,12.93,map,roomba,1.1319109552266609,-0.2768344683496544,0.0,-0.3615882042137415,0.0,0.0,-0.17981078924513075,0.9837012148366205
2026-09-16T13:10:55.031164,12.97,map,roomba,1.1489367574279106,-0.2833281871048677,0.0,-0.3671598385848786,0.0,0.0,-0.18255049971496504,0.9831964783571067
2026-09-16T13:10:55.080527,13.03,map,roomba,1.1744497271143697,-0.2969055598256931,0.0,-0.37551018002541997,0.0,0.0,-0.18665390982476163,0.9824257315172124
2026-09-16T13:10:55.130386,13.07,map,roomba,1.1913838011596882,-0.30363487110005455,0.0,-0.3809408530697625,0.0,0.0,-0.18932083491168417,0.981915282225683
2026-09-16T13:10:55.181189,13.13,map,roomba,1.2167164132613701,-0.3138994345639122,0.0,-0.3890074860801697,0.0,0.0,-0.19327965938884653,0.981143706735426
2026-09-16T13:10:55.233045,13.19,map,roomba,1.2419654181763202,-0.3243679788010346,0.0,-0.39707189562752043,0.0,0.0,-0.197234249772975,0.9803563896443435
2026-09-16T13:10:55.292659,13.23,map,roomba,1.2587508292044225,-0.3314599931108485,0.0,-0.40244701135106536,0.0,0.0,-0.19986829881566506,0.9798227712849564
2026-09-16T13:10:55.371769,13.29,map,roomba,1.2838568437181077,-0.34226698021447544,0.0,-0.4105117926985779,0.0,0.0,-0.20381769136862526,0.9790088603711224
2026-09-16T13:10:55.421569,13.33,map,roomba,1.296644991347038,-0.34974751995019243,0.0,-0.41589170160484223,0.0,0.0,-0.20645044003913135,0.9784570587448634
2026-09-16T13:10:55.472362,13.37,map,roomba,1.3133127156325701,-0.35711188936916094,0.0,-0.4110706313127421,0.0,0.0,-0.20409123738590948,0.978951871555639
2026-09-16T13:10:55.520415,13.43,map,roomba,1.3385840044320574,-0.3675247581022322,0.0,-0.3737074844433591,0.0,0.0,-0.18576832686029762,0.9825935725087589
2026-09-16T13:10:55.570875,13.47,map,roomba,1.3556237891321188,-0.37398173760247755,0.0,-0.35081850859233066,0.0,0.0,-0.17451112656833542,0.9846552019381456
2026-09-16T13:10:55.621290,13.53,map,roomba,1.3780165433890144,-0.38179548002942104,0.0,-0.32103395339427915,0.0,0.0,-0.15982855880171515,0.9871447876534458
2026-09-16T13:10:55.691906,13.57,map,roomba,1.3926085569050275,-0.386491753829936,0.0,-0.3017824847034159,0.0,0.0,-0.1503193076674206,0.9886374996642537
2026-09-16T13:10:55.743698,13.63,map,roomba,1.4208784133630044,-0.39633497340536283,0.0,-0.2741151267127031,0.0,0.0,-0.1366288669391524,0.9906223057850673
2026-09-16T13:10:55.797768,13.69,map,roomba,1.4430675098974748,-0.40222618762059226,0.0,-0.24477598670334944,0.0,0.0,-0.12208268412755029,0.9925199334200865
2026-09-16T13:10:55.842653,13.73,map,roomba,1.4579527939683734,-0.40578800994946423,0.0,-0.22502318988560296,0.0,0.0,-0.11227436707499018,0.9936772446312285
2026-09-16T13:10:55.913383,13.77,map,roomba,1.4729101137083793,-0.4090337884772691,0.0,-0.20221739055639223,0.0,0.0,-0.10093651148278429,0.9948928689309647
2026-09-16T13:10:55.960925,13.83,map,roomba,1.4954757439258195,-0.41325771946502926,0.0,-0.1679281070657089,0.0,0.0,-0.08386543106838051,0.9964770892859076
2026-09-16T13:10:56.024499,13.870000000000001,map,roomba,1.5105942113834283,-0.4156427559819296,0.0,-0.1450649877960854,0.0,0.0,-0.0724689121682632,0.9973706717009221
2026-09-16T13:10:56.071910,13.93,map,roomba,1.533293185408943,-0.40561628088894996,0.0,-0.11193757725180353,0.0,0.0,-0.05593957278104678,0.9984341561650794
2026-09-16T13:10:56.125038,13.97,map,roomba,1.5485213806001876,-0.40715178739207586,0.0,-0.08915040630815133,0.0,0.0,-0.0445604431799219,0.9990066901195452
2026-09-16T13:10:56.175471,14.03,map,roomba,1.57141923841469,-0.40880537073702256,0.0,-0.05508122228978977,0.0,0.0,-0.027537129752315703,0.9996207813391057
2026-09-16T13:10:56.223937,14.07,map,roomba,1.586710015809528,-0.4094740514903396,0.0,-0.032376431738357865,0.0,0.0,-0.016187508835632303,0.9998689736949018
2026-09-16T13:10:56.276108,14.13,map,roomba,1.6078138275251477,-0.4098209521121565,0.0,-0.0007091624253817895,0.0,0.0,-0.0003545812052607733,0.9999999371360825
2026-09-16T13:10:56.360490,14.17,map,roomba,1.6217173075400988,-0.40968550506159573,0.0,0.020149787045138666,0.0,0.0,0.010074723083976334,0.9999492486895428
2026-09-16T13:10:56.413162,14.23,map,roomba,1.6478263930475163,-0.38884869300632163,0.0,0.05119573764840474,0.0,0.0,0.02559507341140766,0.9996723924451774
2026-09-16T13:10:56.459451,14.27,map,roomba,1.6605632786627258,-0.38806989602657915,0.0,0.07085892362479813,0.0,0.0,0.035422050158036865,0.9993724422669465
2026-09-16T13:10:56.512370,14.33,map,roomba,1.6779051854124638,-0.38658951644842277,0.0,0.09932073252965858,0.0,0.0,0.049639957113183635,0.998767177403123
2026-09-16T13:10:56.564606,14.39,map,roomba,1.6946587807591582,-0.38468454954468284,0.0,0.12743721601923344,0.0,0.0,0.06367549985567075,0.9979706562410192
2026-09-16T13:10:56.626563,14.43,map,roomba,1.7052090543879856,-0.38323300274028954,0.0,0.14596533095467143,0.0,0.0,0.07291789274044479,0.9973379471965824
2026-09-16T13:10:56.676763,14.49,map,roomba,1.7209461206715868,-0.38069704114883657,0.0,0.17351901800588654,0.0,0.0,0.08665070708440857,0.9962387539951315
2026-09-16T13:10:56.729919,14.53,map,roomba,1.7314070056543196,-0.36499200451670116,0.0,0.1907431485362181,0.0,0.0,0.09522706087758723,0.9954555775506089
2026-09-16T13:10:56.775732,14.57,map,roomba,1.741946259078408,-0.3628569016031058,0.0,0.20893798583803158,0.0,0.0,0.10427907148473321,0.9945480758868733
2026-09-16T13:10:56.845042,14.64,map,roomba,1.7671170518660413,-0.3570675825232151,0.0,0.24307967262013924,0.0,0.0,0.12124082754668576,0.9926231217011796
2026-09-16T13:10:56.896974,14.69,map,roomba,1.7856119670321302,-0.35223641114804993,0.0,0.26823654298352095,0.0,0.0,0.1337165528496928,0.991019618117621
2026-09-16T13:10:56.946086,14.73,map,roomba,1.8003346298584815,-0.34805544619721185,0.0,0.280464458546321,0.0,0.0,0.13977306802043146,0.9901835635154503
2026-09-16T13:10:56.993818,14.77,map,roomba,1.8116848407522446,-0.3446983758579661,0.0,0.2966438630316064,0.0,0.0,0.1477786972659322,0.9890204530920399
2026-09-16T13:10:57.059493,14.83,map,roomba,1.827566330141551,-0.3396374103160848,0.0,0.31508631525481495,0.0,0.0,0.15689226640507742,0.9876157232154004
2026-09-16T13:10:57.112865,14.870000000000001,map,roomba,1.8380239936744225,-0.3362158116792758,0.0,0.3173452228310773,0.0,0.0,0.1580076324166773,0.9874378907546926
2026-09-16T13:10:57.158822,14.93,map,roomba,1.8473464433658826,-0.31103434483822645,0.0,0.32413090613782963,0.0,0.0,0.1613569369533068,0.9868961135281903
2026-09-16T13:10:57.210075,14.99,map,roomba,1.8629732340375251,-0.30573766744096664,0.0,0.3292834023553358,0.0,0.0,0.1638988879197992,0.9864771434446178
2026-09-16T13:10:57.259895,15.03,map,roomba,1.8733766032486219,-0.30216403977500494,0.0,0.3324361531788888,0.0,0.0,0.16545374194796,0.9862175516970978
2026-09-16T13:10:57.336237,15.07,map,roomba,1.8837691559775454,-0.29855907435804563,0.0,0.3353413168868993,0.0,0.0,0.16688612861069974,0.9859761762219882
2026-09-16T13:10:57.385653,15.13,map,roomba,1.8993320726680842,-0.2930776000702634,0.0,0.3419536721397621,0.0,0.0,0.17014502294649814,0.9854190332881416
2026-09-16T13:10:57.439556,15.19,map,roomba,1.914859129108842,-0.2874953623487267,0.0,0.3490384734439735,0.0,0.0,0.17363469713194618,0.9848101298991077
2026-09-16T13:10:57.486222,15.23,map,roomba,1.9226053610567124,-0.28465653086728515,0.0,0.35347327230053893,0.0,0.0,0.17581798589285333,0.9844226916505838
2026-09-16T13:10:57.554433,15.27,map,roomba,1.9354883503918823,-0.27985121708917565,0.0,0.3604991411527461,0.0,0.0,0.17927510628527463,0.983798981635173
2026-09-16T13:10:57.603729,15.33,map,roomba,1.9478265864580437,-0.274289548779337,0.0,0.36482851371942193,0.0,0.0,0.18140430075373778,0.9834086026001845
2026-09-16T13:10:57.654188,15.37,map,roomba,1.958089755007695,-0.2703313169246895,0.0,0.3713749933070835,0.0,0.0,0.18462225538644628,0.9828095557207519
2026-09-16T13:10:57.703278,15.43,map,roomba,1.9734356953078207,-0.26426902083152165,0.0,0.3810553939323012,0.0,0.0,0.18937706931285958,0.9819044381295322
2026-09-16T13:10:57.753208,15.47,map,roomba,1.983633877166964,-0.26014623933841796,0.0,0.3872867664848404,0.0,0.0,0.19243545135734874,0.98130963363298
2026-09-16T13:10:57.830855,15.53,map,roomba,1.9988772592686497,-0.2538305835644692,0.0,0.39873045438337573,0.0,0.0,0.1980471711973283,0.9801924902695063
2026-09-16T13:10:57.879244,15.57,map,roomba,2.0089978283010614,-0.24952081780758384,0.0,0.40641301498386173,0.0,0.0,0.20181089490692183,0.9794245058690676
2026-09-16T13:10:57.947932,15.63,map,roomba,2.024117406382948,-0.242914236140645,0.0,0.41742250558367333,0.0,0.0,0.20719929247184724,0.9782987545730424
2026-09-16T13:10:57.997736,15.67,map,roomba,2.034156926503756,-0.23841889634169855,0.0,0.4245472208975116,0.0,0.0,0.21068302044111187,0.9775544306573472
2026-09-16T13:10:58.050069,15.73,map,roomba,2.0491486345999785,-0.22463768025869166,0.0,0.4361801659215001,0.0,0.0,0.21636534301996146,0.9763124696222283
2026-09-16T13:10:58.096863,15.77,map,roomba,2.059101089487788,-0.21995274727099837,0.0,0.4436818955343756,0.0,0.0,0.22002582849675792,0.975494046519155
2026-09-16T13:10:58.146623,15.83,map,roomba,2.07396368745897,-0.21278675271689715,0.0,0.4548803190236129,0.0,0.0,0.22548434865406947,0.9742467903524497
2026-09-16T13:10:58.197206,15.870000000000001,map,roomba,2.0838274761442435,-0.20791790790377288,0.0,0.4620958909209817,0.0,0.0,0.2289977474458393,0.9734269524030715
2026-09-16T13:10:58.248397,15.93,map,roomba,2.0985600108493534,-0.20048814466949036,0.0,0.4718918330179895,0.0,0.0,0.23376279857687443,0.9722936562590068
2026-09-16T13:10:58.299031,15.97,map,roomba,2.1083423032956103,-0.19545755390849975,0.0,0.4780538916395423,0.0,0.0,0.23675734956693473,0.9715688125017395
2026-09-16T13:10:58.373318,16.03,map,roomba,2.122957274594873,-0.1877991124698343,0.0,0.4872373329172665,0.0,0.0,0.24121601057933575,0.9704714505023782
2026-09-16T13:10:58.442008,16.09,map,roomba,2.137503505565427,-0.1800108828284866,0.0,0.49572671414136776,0.0,0.0,0.24533317622534145,0.9694388235691748
2026-09-16T13:10:58.492521,16.13,map,roomba,2.1435308787871974,-0.1709346479946033,0.0,0.5009020928066157,0.0,0.0,0.24784095853635368,0.9688007324892882
2026-09-16T13:10:58.542436,16.17,map,roomba,2.153166350820024,-0.16562824965548892,0.0,0.505876629686736,0.0,0.0,0.2502498569042308,0.9681812893871746
2026-09-16T13:10:58.594697,16.23,map,roomba,2.1675720289676397,-0.15758298106318439,0.0,0.5127167239660285,0.0,0.0,0.2535596125484494,0.9673197624799569
2026-09-16T13:10:58.641827,16.29,map,roomba,2.1819259011742362,-0.14944562055917726,0.0,0.5178644361153151,0.0,0.0,0.2560485117640838,0.9666639331346741
2026-09-16T13:10:58.689484,16.33,map,roomba,2.1940878920007556,-0.14251288575563226,0.0,0.5180071806846485,0.0,0.0,0.25611750412528206,0.9666456559053251
2026-09-16T13:10:58.742342,16.39,map,roomba,2.2192122840684014,-0.12843458167070362,0.0,0.5044270508236846,0.0,0.0,0.2495480636687311,0.9683624135204686
2026-09-16T13:10:58.804619,16.43,map,roomba,2.2363635796074663,-0.11906859716144172,0.0,0.49518621288644404,0.0,0.0,0.2450711758191716,0.9695050896115031
2026-09-16T13:10:58.872854,16.47,map,roomba,2.253613898689717,-0.10986023081124477,0.0,0.4854097545960511,0.0,0.0,0.2403291037016434,0.9706914658705745
2026-09-16T13:10:58.922919,16.53,map,roomba,2.2797578016419364,-0.08655347056617756,0.0,0.46335091897069813,0.0,0.0,0.2296085413838975,0.9732830614592853
2026-09-16T13:10:58.973838,16.57,map,roomba,2.297314697071097,-0.07794127075033273,0.0,0.4487067969892196,0.0,0.0,0.22247601219893107,0.9749381641909712
2026-09-16T13:10:59.022012,16.63,map,roomba,2.3239214824606282,-0.06559326462630656,0.0,0.42004964228986746,0.0,0.0,0.20848417562896618,0.9780257402094846
2026-09-16T13:10:59.076325,16.69,map,roomba,2.3508748215071105,-0.054021176958358716,0.0,0.39016403355602625,0.0,0.0,0.1938469966795558,0.9810317741430786
2026-09-16T13:10:59.122039,16.73,map,roomba,2.369023105438315,-0.04673710747018371,0.0,0.3762945151898637,0.0,0.0,0.18703917098547032,0.982352456360276
2026-09-16T13:10:59.185294,16.77,map,roomba,2.3872492341641074,-0.03965032707771897,0.0,0.36539372970297923,0.0,0.0,0.1816822126361833,0.9833572970246475
2026-09-16T13:10:59.236071,16.83,map,roomba,2.4145307498776116,-0.03890445993177377,0.0,0.35398026234900265,0.0,0.0,0.17606752649524718,0.9843780910371002
2026-09-16T13:10:59.283175,16.87,map,roomba,2.432911032917814,-0.0322276870625515,0.0,0.34281637442565044,0.0,0.0,0.17057006873068925,0.9853455493648956
2026-09-16T13:10:59.350353,16.93,map,roomba,2.460651637601459,-0.022695513245106463,0.0,0.31888111126044305,0.0,0.0,0.15876588296613292,0.9873162585544635
2026-09-16T13:10:59.399257,16.97,map,roomba,2.479270535976122,-0.016716455666357037,0.0,0.3025703307439681,0.0,0.0,0.15070874306424933,0.988578208724021
2026-09-16T13:10:59.460237,17.03,map,roomba,2.5073806947940933,-0.008336758815971394,0.0,0.27682588411029946,0.0,0.0,0.13797140940276845,0.9904362120739597
2026-09-16T13:10:59.520503,17.08,map,roomba,2.530964671536021,-0.0019234922891700618,0.0,0.25404363095938953,0.0,0.0,0.12668051780232908,0.9919435701738955
2026-09-16T13:10:59.571405,17.13,map,roomba,2.5649658744350115,-0.006023230026128389,0.0,0.22729375300023866,0.0,0.0,0.11340239792921858,0.9935491412828573
2026-09-16T13:10:59.621349,17.17,map,roomba,2.5843850812891604,-0.001754818283110561,0.0,0.20529153887506246,0.0,0.0,0.10246561576464351,0.9947365468233146
2026-09-16T13:10:59.674174,17.23,map,roomba,2.6137000269383868,0.0037710859815467054,0.0,0.16716983927346726,0.0,0.0,0.08348762680866158,0.996508813894718
2026-09-16T13:10:59.722775,17.27,map,roomba,2.633352301090458,0.006827442369804898,0.0,0.1414225499376248,0.0,0.0,0.07065236264183482,0.997500999324375
2026-09-16T13:10:59.775007,17.33,map,roomba,2.658021573666191,0.009901822595812425,0.0,0.10647282813582508,0.0,0.0,0.05321127127083523,0.9985832767524908
2026-09-16T13:10:59.847126,17.37,map,roomba,2.682783754716928,0.012107138149637361,0.0,0.07121572196340475,0.0,0.0,0.035600336806940455,0.9993661070995116
2026-09-16T13:10:59.901213,17.42,map,roomba,2.711048546122422,0.003116752350988232,0.0,0.02876707571710669,0.0,0.0,0.014383041904528026,0.9998965587027353
2026-09-16T13:10:59.949193,17.47,map,roomba,2.735910106906858,0.0033519022137190463,0.0,-0.010736566103234474,0.0,0.0,-0.00536825726737671,0.9999855908031431
2026-09-16T13:10:59.998200,17.53,map,roomba,2.76572245632888,0.002303100602483517,0.0,-0.05964504335072974,0.0,0.0,-0.029818101265640735,0.9995553415578909
2026-09-16T13:11:00.049820,17.56,map,roomba,2.780596815719149,0.0012215060277121353,0.0,-0.0842939043263845,0.0,0.0,-0.04213447520559517,0.9991119486820028
2026-09-16T13:11:00.115476,17.63,map,roomba,2.8151722340578464,-0.0027515154623970126,0.0,-0.14637938719114887,0.0,0.0,-0.07312436817477218,0.9973228297692981
2026-09-16T13:11:00.166704,17.69,map,roomba,2.8445520257910526,-0.00791506277739945,0.0,-0.20106428243582983,0.0,0.0,-0.1003628852150529,0.9949508989248214
2026-09-16T13:11:00.217372,17.73,map,roomba,2.8639572700976768,-0.03882729654283716,0.0,-0.23729449040129938,0.0,0.0,-0.11836907151814886,0.9929696686746939
2026-09-16T13:11:00.265276,17.78,map,roomba,2.888061819556328,-0.0452443015509368,0.0,-0.2832232382740976,0.0,0.0,-0.1411387837839632,0.9899898200042179
2026-09-16T13:11:00.328515,17.83,map,roomba,2.9118525571959673,-0.05280678447462763,0.0,-0.33313399350976874,0.0,0.0,-0.16579784306066953,0.9861597615175899
2026-09-16T13:11:00.380787,17.88,map,roomba,2.935272126553331,-0.06144563999669583,0.0,-0.36593671868203237,0.0,0.0,-0.18194918202445096,0.9833079350644096
2026-09-16T13:11:00.427351,17.92,map,roomba,2.953861612398025,-0.06874715011203378,0.0,-0.38252481634083013,0.0,0.0,-0.19009843432724574,0.9817650356711273
2026-09-16T13:11:00.496026,17.97,map,roomba,2.976924375409356,-0.07831072822603463,0.0,-0.40319150014811483,0.0,0.0,-0.2002330184979352,0.9797483035469904
2026-09-16T13:11:00.546462,18.04,map,roomba,3.0018851119667365,-0.11298278587217606,0.0,-0.4370200379643871,0.0,0.0,-0.2167753127044808,0.9762215239390466
2026-09-16T13:11:00.610305,18.07,map,roomba,3.015415062898209,-0.1194151642558865,0.0,-0.4496455556226532,0.0,0.0,-0.22293360348385977,0.9748336311585178
2026-09-16T13:11:00.660694,18.13,map,roomba,3.0422267570940695,-0.13277830802525042,0.0,-0.47525240945376657,0.0,0.0,-0.23539620138385955,0.971899494996293
2026-09-16T13:11:00.781286,18.17,map,roomba,3.059906008598555,-0.1420691026721441,0.0,-0.4924560969628466,0.0,0.0,-0.2437475172578775,0.9698387225877407
2026-09-16T13:11:00.837937,18.24,map,roomba,3.090446258400212,-0.1590589272644048,0.0,-0.5231965899067493,0.0,0.0,-0.25862479909750874,0.965977853416823
2026-09-16T13:11:00.906985,18.29,map,roomba,3.111932106156159,-0.17177461280995365,0.0,-0.5451783266687987,0.0,0.0,-0.2692259001162399,0.9630770554356491
2026-09-16T13:11:00.953494,18.33,map,roomba,3.1281654215273482,-0.186759016743378,0.0,-0.5622676335556487,0.0,0.0,-0.2774451314778544,0.9607414839691456
2026-09-16T13:11:01.003600,18.37,map,roomba,3.1439725068713535,-0.20351272463251097,0.0,-0.5791605131505441,0.0,0.0,-0.2855499833604333,0.9583638176615685
2026-09-16T13:11:01.053843,18.43,map,roomba,3.1680894644552686,-0.22469022130196328,0.0,-0.6046304850193637,0.0,0.0,-0.2977312482907765,0.9546497283251151
2026-09-16T13:11:01.105799,18.49,map,roomba,3.192293696692812,-0.2418706995421569,0.0,-0.629910619783355,0.0,0.0,-0.30977397972506704,0.9508102236962399
2026-09-16T13:11:01.167399,18.53,map,roomba,3.2082024161049922,-0.25357788797315306,0.0,-0.6350629530478836,0.0,0.0,-0.3122223946598494,0.950009040100603
2026-09-16T13:11:01.229527,18.57,map,roomba,3.224096795638222,-0.26530108735936453,0.0,-0.6358840132730416,0.0,0.0,-0.31261237565688194,0.9498807833545011
2026-09-16T13:11:01.279710,18.63,map,roomba,3.241388448759141,-0.2901276632197747,0.0,-0.6365983677367195,0.0,0.0,-0.3129516314975921,0.9497690647431066
2026-09-16T13:11:01.332603,18.67,map,roomba,3.257266122230961,-0.30187331574056353,0.0,-0.6371472058339247,0.0,0.0,-0.31321225443392114,0.949683149093644
2026-09-16T13:11:01.393803,18.73,map,roomba,3.2810749722895918,-0.3195021589634835,0.0,-0.6376026609437347,0.0,0.0,-0.3134285153319609,0.9496117974081845
2026-09-16T13:11:01.446154,18.79,map,roomba,3.304875804579822,-0.3371418292487746,0.0,-0.6380520329950135,0.0,0.0,-0.3136418719192928,0.9495413504313343
2026-09-16T13:11:01.519104,18.83,map,roomba,3.3207385757884973,-0.34890761382177443,0.0,-0.6383556890775455,0.0,0.0,-0.3137860353070784,0.9494937198561478
2026-09-16T13:11:01.569762,18.89,map,roomba,3.3445260512630233,-0.3665652974641745,0.0,-0.6388086886142074,0.0,0.0,-0.31400108736387033,0.9494226230369208
2026-09-16T13:11:01.619105,18.93,map,roomba,3.3627605728312866,-0.38092286474615894,0.0,-0.638242462366618,0.0,0.0,-0.3137322807787808,0.949511482814897
2026-09-16T13:11:01.666958,18.97,map,roomba,3.3786211373826154,-0.39269162870886926,0.0,-0.6385437518894483,0.0,0.0,-0.31387531614913367,0.9494642099164567
2026-09-16T13:11:01.722469,19.03,map,roomba,3.4024052394839117,-0.41035386296735404,0.0,-0.6390015589472586,0.0,0.0,-0.3140926436324197,0.9493923378751262
2026-09-16T13:11:01.768697,19.07,map,roomba,3.418256804937104,-0.4221347484131057,0.0,-0.6393081262747217,0.0,0.0,-0.3142381662777762,0.9493441814507427
2026-09-16T13:11:01.817168,19.13,map,roomba,3.4420273941117694,-0.43981516949968796,0.0,-0.6397626829045251,0.0,0.0,-0.31445392350568635,0.9492727374110561
2026-09-16T13:11:01.881930,19.17,map,roomba,3.4578699452777153,-0.45160817733988184,0.0,-0.6400670460974323,0.0,0.0,-0.3145983817045211,0.9492248723189339
2026-09-16T13:11:01.930174,19.23,map,roomba,3.4816268754739417,-0.46930695172803866,0.0,-0.6405533474982161,0.0,0.0,-0.31482917709489655,0.9491483494426729
2026-09-16T13:11:01.979431,19.27,map,roomba,3.497459984286538,-0.48111263624913486,0.0,-0.6408842046027108,0.0,0.0,-0.31498618902359365,0.949096254720454
2026-09-16T13:11:02.031279,19.33,map,roomba,3.5158657390294796,-0.504175950908303,0.0,-0.6413734309283668,0.0,0.0,-0.3152183410342801,0.9490191765584067
2026-09-16T13:11:02.079329,19.38,map,roomba,3.535647944307623,-0.5189440142557933,0.0,-0.6416276937716392,0.0,0.0,-0.31533898864368876,0.9489790947334802
2026-09-16T13:11:02.132029,19.43,map,roomba,3.5554226213859765,-0.5337248662074587,0.0,-0.6416202433175415,0.0,0.0,-0.3153354534789083,0.9489802694362256
2026-09-16T13:11:02.179323,19.47,map,roomba,3.571245056448364,-0.5455448609779143,0.0,-0.6416168847395815,0.0,0.0,-0.3153338598663549,0.9489807989742396
2026-09-16T13:11:02.230498,19.53,map,roomba,3.5976603932042712,-0.5582441375700369,0.0,-0.6407324866055898,0.0,0.0,-0.31491419062593423,0.949120146526462
2026-09-16T13:11:02.281993,19.57,map,roomba,3.61349298295358,-0.5700505281572522,0.0,-0.6408900011084975,0.0,0.0,-0.314988939743237,0.9490953418068342
2026-09-16T13:11:02.329941,19.63,map,roomba,3.6372349841723017,-0.5877693388854793,0.0,-0.6414059862116837,0.0,0.0,-0.315233788786602,0.9490140454214806
2026-09-16T13:11:02.399636,19.69,map,roomba,3.6609677919365216,-0.6055004634292809,0.0,-0.6419246678299749,0.0,0.0,-0.3154798962533306,0.9489322605223135
2026-09-16T13:11:02.447094,19.73,map,roomba,3.6767845360724505,-0.6173280746349143,0.0,-0.6422692963476181,0.0,0.0,-0.31564340612801856,0.9488778847501415
2026-09-16T13:11:02.514856,19.77,map,roomba,3.692597176226566,-0.6291611728212341,0.0,-0.6426126235733384,0.0,0.0,-0.3158062892823254,0.9488236862819815
2026-09-16T13:11:02.566025,19.83,map,roomba,3.71653762069344,-0.6522442340488283,0.0,-0.6431363426040209,0.0,0.0,-0.31605473696263736,0.9487409568704611
2026-09-16T13:11:02.616758,19.87,map,roomba,3.7323403457783755,-0.6640905727290535,0.0,-0.643324290708609,0.0,0.0,-0.3161438925992416,0.9487112517369019
2026-09-16T13:11:02.665067,19.93,map,roomba,3.7560434313256468,-0.6818614209023849,0.0,-0.6433411454602483,0.0,0.0,-0.3161518877342778,0.9487085874398168
2026-09-16T13:11:02.717578,19.97,map,roomba,3.7718453294358087,-0.693708865797047,0.0,-0.6433539053497559,0.0,0.0,-0.31615794043621886,0.9487065703889314
2026-09-16T13:11:02.775084,20.03,map,roomba,3.79554706810584,-0.7114815120137687,0.0,-0.6435277176912539,0.0,0.0,-0.31624038769739166,0.9486790907303709
2026-09-16T13:11:02.838864,20.07,map,roomba,3.811345826227601,-0.7233331445346594,0.0,-0.643692744597638,0.0,0.0,-0.31631866540849357,0.9486529934144463
2026-09-16T13:11:02.888725,20.13,map,roomba,3.8316765327315174,-0.7385907156151305,0.0,-0.6439210518144829,0.0,0.0,-0.31642695550961575,0.9486168783164864
2026-09-16T13:11:02.941733,20.17,map,roomba,3.8453909148866074,-0.7488868987315674,0.0,-0.644071108499156,0.0,0.0,-0.31649812777081804,0.9485931346565645
2026-09-16T13:11:02.989644,20.23,map,roomba,3.8659514451923993,-0.7643288855125006,0.0,-0.6442941831039358,0.0,0.0,-0.3166039293211953,0.9485578274087351
2026-09-16T13:11:03.041712,20.27,map,roomba,3.879656932402002,-0.7746263952218844,0.0,-0.6444428471837147,0.0,0.0,-0.31667443668473644,0.9485342909723427
2026-09-16T13:11:03.089871,20.33,map,roomba,3.900212267276262,-0.7900764880350499,0.0,-0.6446667832890849,0.0,0.0,-0.3167806402369306,0.9484988276065924
2026-09-16T13:11:03.154590,20.39,map,roomba,3.920764137273244,-0.8055311842002006,0.0,-0.6448874038369841,0.0,0.0,-0.31688526747488266,0.9484638776766209
2026-09-16T13:11:03.201306,20.43,map,roomba,3.9315966578199317,-0.8158786839696552,0.0,-0.6462017346459609,0.0,0.0,-0.31750849665179265,0.9482554268518154
2026-09-16T13:11:03.253011,20.47,map,roomba,3.945282438339959,-0.8262023468844205,0.0,-0.6463225613247442,0.0,0.0,-0.3175657833492735,0.9482362433728012
2026-09-16T13:11:03.301147,20.53,map,roomba,3.965810330925803,-0.8416888708942756,0.0,-0.6463338891940548,0.0,0.0,-0.3175711540922999,0.9482344446857458
2026-09-16T13:11:03.357434,20.56,map,roomba,3.9760756834668607,-0.8494321609019578,0.0,-0.6463399550268774,0.0,0.0,-0.31757403000664836,0.9482334815146196
2026-09-16T13:11:03.415762,20.63,map,roomba,4.000023014109143,-0.8675003626253367,0.0,-0.6463574907696139,0.0,0.0,-0.3175823439836344,0.9482306970299267
2026-09-16T13:11:03.466256,20.67,map,roomba,4.013707928306868,-0.877825168114713,0.0,-0.6463651618488288,0.0,0.0,-0.3175859809576938,0.9482294789232928
2026-09-16T13:11:03.517262,20.73,map,roomba,4.034235131039657,-0.8933125976598406,0.0,-0.6463734936861466,0.0,0.0,-0.31758993120181717,0.9482281558777007
2026-09-16T13:11:03.568694,20.77,map,roomba,4.047919819693119,-0.9036376993185247,0.0,-0.6463890993885224,0.0,0.0,-0.31759733007534147,0.9482256777418626
2026-09-16T13:11:03.618618,20.83,map,roomba,4.068446681555676,-0.9191255766211714,0.0,-0.646391945705948,0.0,0.0,-0.3175986795506548,0.9482252257494949
2026-09-16T13:11:03.666087,20.87,map,roomba,4.0821311440868415,-0.9294509753715285,0.0,-0.6464063226970191,0.0,0.0,-0.3176054958552508,0.9482229426683053
2026-09-16T13:11:03.718227,20.93,map,roomba,4.102657666010114,-0.9449392994241281,0.0,-0.646417583245737,0.0,0.0,-0.3176108346055374,0.9482211544471965
2026-09-16T13:11:03.768943,20.97,map,roomba,4.116341802736125,-0.9552651275100184,0.0,-0.6464741175154424,0.0,0.0,-0.3176376379738864,0.9482121761200761
2026-09-16T13:11:03.820377,21.03,map,roomba,4.136866017247996,-0.9707565054901743,0.0,-0.6466432504273134,0.0,0.0,-0.31771782378120966,0.9481853112402302
2026-09-16T13:11:03.883241,21.07,map,roomba,4.149315761847935,-0.9801560445390205,0.0,-0.646747898048027,0.0,0.0,-0.31776743601467455,0.9481686857351174
2026-09-16T13:11:03.935029,21.13,map,roomba,4.166278341106227,-0.9929659576485171,0.0,-0.6468881462737887,0.0,0.0,-0.3178339247212752,0.9481464002443245
2026-09-16T13:11:03.984181,21.17,map,roomba,4.17761530705854,-1.0015295491621925,0.0,-0.6469781887366083,0.0,0.0,-0.317876611117646,0.9481320900087502
2026-09-16T13:11:04.034519,21.23,map,roomba,4.194617705567767,-1.0143757400759659,0.0,-0.6471181434817996,0.0,0.0,-0.31794295813183,0.9481098435172907
2026-09-16T13:11:04.100897,21.29,map,roomba,4.211618203298002,-1.027224225816371,0.0,-0.6472595392851446,0.0,0.0,-0.3180099867136957,0.9480873632478998
2026-09-16T13:11:04.149319,21.33,map,roomba,4.222950867506575,-1.035791198890295,0.0,-0.6473506666830311,0.0,0.0,-0.3180531847507692,0.9480728725524705
2026-09-16T13:11:04.198527,21.37,map,roomba,4.2342827330741235,-1.0443592252319946,0.0,-0.6474442635059646,0.0,0.0,-0.31809755270686046,0.9480579871304846
2026-09-16T13:11:04.250879,21.43,map,roomba,4.251279032910995,-1.0572132412269146,0.0,-0.6475850588297981,0.0,0.0,-0.318164292984242,0.9480355914573236
2026-09-16T13:11:04.313993,21.47,map,roomba,4.262608900651744,-1.0657839024375149,0.0,-0.6476774185754471,0.0,0.0,-0.3182080728080175,0.9480208976598603
2026-09-16T13:11:04.363071,21.53,map,roomba,4.276770131464017,-1.0764987145432212,0.0,-0.6477937208594521,0.0,0.0,-0.3182632007678085,0.94800239189415
2026-09-16T13:11:04.440869,21.57,map,roomba,4.290930074135346,-1.0872151647236306,0.0,-0.6479076509402965,0.0,0.0,-0.3183172032459693,0.9479842604799218
2026-09-16T13:11:04.493916,21.63,map,roomba,4.309320570218404,-1.1000842060941083,0.0,-0.6480434709229796,0.0,0.0,-0.3183815801148386,0.9479626413754809
2026-09-16T13:11:04.539834,21.67,map,roomba,4.320646410105152,-1.1086601769921998,0.0,-0.6481650721698337,0.0,0.0,-0.31843921624590116,0.94794328182476
2026-09-16T13:11:04.591587,21.73,map,roomba,4.337633047961933,-1.1215269310112164,0.0,-0.6483636190685813,0.0,0.0,-0.3185333202760001,0.9479116645943055
2026-09-16T13:11:04.641281,21.77,map,roomba,4.348956016757177,-1.1301066867483278,0.0,-0.6485011290822997,0.0,0.0,-0.31859849319605643,0.9478897615931942
2026-09-16T13:11:04.707601,21.83,map,roomba,4.365938283713928,-1.1429792010674678,0.0,-0.6487034455480651,0.0,0.0,-0.318694378419036,0.947857527882806
2026-09-16T13:11:04.774913,21.87,map,roomba,4.377258337505048,-1.1515627972306024,0.0,-0.6488387274424725,0.0,0.0,-0.31875849167092635,0.9478359689248325
2026-09-16T13:11:04.836702,21.93,map,roomba,4.394293594846854,-1.164365309891821,0.0,-0.6478790580806327,0.0,0.0,-0.31830365042297804,0.9479888111826039
2026-09-16T13:11:04.889037,21.99,map,roomba,4.411283609843547,-1.177227584147933,0.0,-0.6481405042665207,0.0,0.0,-0.3184275717324289,0.9479471934451775
2026-09-16T13:11:04.936729,22.03,map,roomba,4.422608244954594,-1.1858051274594115,0.0,-0.6483325707285006,0.0,0.0,-0.3185186046957531,0.9479166094455095
2026-09-16T13:11:04.997463,22.07,map,roomba,4.433931212731924,-1.1943848698379784,0.0,-0.6485261001856933,0.0,0.0,-0.3186103280978444,0.9478857836413541
2026-09-16T13:11:05.050301,22.12,map,roomba,4.448082499395651,-1.2051154210335946,0.0,-0.6495018833075604,0.0,0.0,-0.31907275563335463,0.9477302235407171
2026-09-16T13:11:05.118225,22.17,map,roomba,4.459610098922122,-1.2138820508288408,0.0,-0.6504284598624531,0.0,0.0,-0.3195117936781421,0.947582299170144
2026-09-16T13:11:05.168804,22.23,map,roomba,4.47177138885379,-1.223150284856886,0.0,-0.6528185318750294,0.0,0.0,-0.32064396022590524,0.9471997945368485
2026-09-16T13:11:05.217182,22.29,map,roomba,4.483842822264415,-1.2324148400995159,0.0,-0.6563667808647322,0.0,0.0,-0.3223239050852288,0.9466294418676235
2026-09-16T13:11:05.290648,22.33,map,roomba,4.491870823654672,-1.2386139436543921,0.0,-0.6587280039866863,0.0,0.0,-0.3234412818540926,0.9462482429006573
2026-09-16T13:11:05.363382,22.37,map,roomba,4.499884230461892,-1.244832074768878,0.0,-0.6610956858753828,0.0,0.0,-0.3245612623577807,0.9458646768839207
2026-09-16T13:11:05.411460,22.43,map,roomba,4.511876710842936,-1.2541947439740815,0.0,-0.6646393369915756,0.0,0.0,-0.3262366592317718,0.945288126537773
2026-09-16T13:11:05.458398,22.47,map,roomba,4.519853216049179,-1.2604601232231982,0.0,-0.6670044702071058,0.0,0.0,-0.3273542970293335,0.94490166907273
2026-09-16T13:11:05.508483,22.53,map,roomba,4.53179014050353,-1.2698935045225135,0.0,-0.6705538108946173,0.0,0.0,-0.32903066962533745,0.944319235452663
2026-09-16T13:11:05.558872,22.57,map,roomba,4.539729469853884,-1.2762059156739503,0.0,-0.6729158109877843,0.0,0.0,-0.3301456809675833,0.9439299917570427
2026-09-16T13:11:05.608689,22.63,map,roomba,4.551610423239604,-1.285709678945792,0.0,-0.6764613148842034,0.0,0.0,-0.3318185150570446,0.9433432424443066
2026-09-16T13:11:05.660887,22.67,map,roomba,4.5595123002597955,-1.2920689009594701,0.0,-0.6788236633728201,0.0,0.0,-0.3329325360674439,0.9429506489884294
2026-09-16T13:11:05.710310,22.73,map,roomba,4.571336867028628,-1.301642715697243,0.0,-0.6823719830115983,0.0,0.0,-0.3346049563666505,0.9423584897345977
2026-09-16T13:11:05.761763,22.77,map,roomba,4.579201015229577,-1.3080485275392604,0.0,-0.684733692727845,0.0,0.0,-0.3357175114191393,0.9419627129173108
2026-09-16T13:11:05.828606,22.83,map,roomba,4.590968783682519,-1.317692058403401,0.0,-0.6882851483445822,0.0,0.0,-0.3373896506302249,0.9413650852074421
2026-09-16T13:11:05.884308,22.89,map,roomba,4.6027022759945515,-1.3273772574017124,0.0,-0.6918278999402737,0.0,0.0,-0.3390566317612558,0.940765964764198
2026-09-16T13:11:05.946651,22.93,map,roomba,4.610505489429177,-1.333857145200311,0.0,-0.6941937388208542,0.0,0.0,-0.3401692446295299,0.940364229970587
2026-09-16T13:11:05.995433,22.97,map,roomba,4.618293359923432,-1.3403554618941687,0.0,-0.6965577036548415,0.0,0.0,-0.3412805007339063,0.9399614991151575
2026-09-16T13:11:06.046971,23.03,map,roomba,4.629884269252662,-1.3502124314447173,0.0,-0.7012665255461651,0.0,0.0,-0.3434926084300525,0.9391553800910255
2026-09-16T13:11:06.094881,23.07,map,roomba,4.637625994752178,-1.3567656474223624,0.0,-0.7036142020364228,0.0,0.0,-0.34459478803159543,0.9387515283936745
2026-09-16T13:11:06.146180,23.13,map,roomba,4.649209878267929,-1.3666292702921587,0.0,-0.7071107681122122,0.0,0.0,-0.3462354639436847,0.9381476448340642
2026-09-16T13:11:06.195654,23.17,map,roomba,4.656913295524816,-1.3732274691211006,0.0,-0.7094349568612579,0.0,0.0,-0.347325446009712,0.9377446531727891
2026-09-16T13:11:06.245846,23.24,map,roomba,4.670358396202627,-1.3848197422566981,0.0,-0.7135098176880377,0.0,0.0,-0.3492353132692114,0.9370350558894559
2026-09-16T13:11:06.319308,23.27,map,roomba,4.676104434868576,-1.3898012794768972,0.0,-0.7152574159743142,0.0,0.0,-0.35005396026901714,0.9367295366860049
2026-09-16T13:11:06.370470,23.33,map,roomba,4.68485140007413,-1.3999878080283776,0.0,-0.719911572863943,0.0,0.0,-0.35223285359290235,0.9359123980639433
2026-09-16T13:11:06.432068,23.39,map,roomba,4.696273201315548,-1.4100386490115124,0.0,-0.7233066468355833,0.0,0.0,-0.35382109123849614,0.9353131215773677
2026-09-16T13:11:06.480526,23.43,map,roomba,4.703869188496554,-1.416760229193726,0.0,-0.7254973991301857,0.0,0.0,-0.35484539845134866,0.9349249933539607
2026-09-16T13:11:06.530917,23.47,map,roomba,4.711450436753478,-1.4234984268579405,0.0,-0.7276827580714507,0.0,0.0,-0.3558667597613521,0.9345367030229236
2026-09-16T13:11:06.580583,23.53,map,roomba,4.722794595651879,-1.4336368088527105,0.0,-0.7309751105063976,0.0,0.0,-0.35740468898053157,0.9339496176425843
2026-09-16T13:11:06.631752,23.59,map,roomba,4.734105389285895,-1.443812396681193,0.0,-0.7342564227323423,0.0,0.0,-0.35893649742012956,0.9333619827375493
2026-09-16T13:11:06.679513,23.63,map,roomba,4.741627322118076,-1.4506167373758323,0.0,-0.7364454367502852,0.0,0.0,-0.35995785345500275,0.9329685652454035
2026-09-16T13:11:06.746861,23.69,map,roomba,4.752882236119435,-1.4608540909352479,0.0,-0.739728960603547,0.0,0.0,-0.3614890799241837,0.9323763430587282
2026-09-16T13:11:06.793859,23.73,map,roomba,4.755399948989849,-1.4735585652342174,0.0,-0.7415413333276433,0.0,0.0,-0.36233383811226744,0.9320483838078543
2026-09-16T13:11:06.848126,23.79,map,roomba,4.764256060207232,-1.4816894367080682,0.0,-0.7437752413083215,0.0,0.0,-0.3633746670359555,0.9316430922603937
2026-09-16T13:11:06.895968,23.83,map,roomba,4.770131795989131,-1.4871026585690337,0.0,-0.7451229440547656,0.0,0.0,-0.3640023734657222,0.9313980202423242
2026-09-16T13:11:06.942734,23.87,map,roomba,4.775999588523022,-1.4925232440803562,0.0,-0.7464815543018994,0.0,0.0,-0.3646349928788557,0.9311505366847171
2026-09-16T13:11:06.993511,23.93,map,roomba,4.784787336737701,-1.5006688089206395,0.0,-0.7485050181119388,0.0,0.0,-0.3655768808040403,0.9307811473281936
2026-09-16T13:11:07.046154,23.99,map,roomba,4.793558540829696,-1.5088321669162341,0.0,-0.7505374919505219,0.0,0.0,-0.3665225860344693,0.9304091540427819
2026-09-16T13:11:07.092957,24.03,map,roomba,4.799396804754945,-1.51428427719511,0.0,-0.751882227196651,0.0,0.0,-0.3671480801302795,0.9301625058325291
2026-09-16T13:11:07.143277,24.07,map,roomba,4.805227692153151,-1.5197442730782442,0.0,-0.7532362199879649,0.0,0.0,-0.36777771260959385,0.9299137347666476
2026-09-16T13:11:07.195746,24.13,map,roomba,4.813960168755121,-1.5279490309582706,0.0,-0.7552647360237725,0.0,0.0,-0.3687206957393256,0.929540235026708
2026-09-16T13:11:07.244862,24.17,map,roomba,4.8197725680294266,-1.5334286977138514,0.0,-0.7566164112435858,0.0,0.0,-0.36934882973447497,0.9292908274451943
2026-09-16T13:11:07.295060,24.23,map,roomba,4.828477263002649,-1.5416629149003471,0.0,-0.758639973612209,0.0,0.0,-0.3702888794966192,0.9289166516545703
2026-09-16T13:11:07.343527,24.26,map,roomba,4.832824866332753,-1.5457886142123116,0.0,-0.7596581527292562,0.0,0.0,-0.37076173326000134,0.9287280210858503
2026-09-16T13:11:07.399502,24.33,map,roomba,4.8429479214745905,-1.5554257735914279,0.0,-0.7620284293836803,0.0,0.0,-0.37186214379849253,0.9282879650246411
2026-09-16T13:11:07.448021,24.37,map,roomba,4.848723145874461,-1.560944594939389,0.0,-0.7633753819461878,0.0,0.0,-0.3724872393450403,0.9280373141879106
2026-09-16T13:11:07.537928,24.43,map,roomba,4.857371979731146,-1.56923744987333,0.0,-0.7654049440776648,0.0,0.0,-0.3734288020880915,0.9276588434176936
2026-09-16T13:11:07.632628,24.47,map,roomba,4.863128518605314,-1.5747757536122124,0.0,-0.7667554550987176,0.0,0.0,-0.37405512365023097,0.9274064720881617
2026-09-16T13:11:07.725120,24.53,map,roomba,4.871749275069852,-1.5830977847290315,0.0,-0.7687810265096658,0.0,0.0,-0.3749941956670752,0.927027158834089
2026-09-16T13:11:07.770360,24.59,map,roomba,4.880353137380805,-1.5914372766383216,0.0,-0.770808052758327,0.0,0.0,-0.375933557099649,0.9266466212350881
2026-09-16T13:11:07.820688,24.63,map,roomba,4.882801533559811,-1.597007699274528,0.0,-0.7721645023905378,0.0,0.0,-0.3765619453231204,0.926391440663431
2026-09-16T13:11:07.870615,24.69,map,roomba,4.89137782233441,-1.6053755388050845,0.0,-0.7739354005243879,0.0,0.0,-0.37738207003663016,0.9260576511291659
2026-09-16T13:11:07.919213,24.73,map,roomba,4.8970876282125495,-1.6109619984318875,0.0,-0.7750234521977873,0.0,0.0,-0.3778858134544937,0.9258522085029746
2026-09-16T13:11:07.972857,24.77,map,roomba,4.902791347841811,-1.616554670240849,0.0,-0.7761132346638877,0.0,0.0,-0.37839024608267546,0.9256461644005728
2026-09-16T13:11:08.019196,24.83,map,roomba,4.911335500504725,-1.6249553116691033,0.0,-0.7777472880910626,0.0,0.0,-0.37914639734826555,0.9253367005462558
2026-09-16T13:11:08.069617,24.87,map,roomba,4.9186999091349675,-1.6321765863112447,0.0,-0.7718538260780233,0.0,0.0,-0.3764180368421249,0.9264499239246128
2026-09-16T13:11:08.119910,24.93,map,roomba,4.934479310170431,-1.6468104032494029,0.0,-0.7287239987863611,0.0,0.0,-0.35635325034370496,0.9343513049006121
2026-09-16T13:11:08.174965,24.97,map,roomba,4.945503529109097,-1.656393511878575,0.0,-0.7026459099996346,0.0,0.0,-0.34414025484856287,0.9389182525613006
2026-09-16T13:11:08.240370,25.03,map,roomba,4.962517512842544,-1.6702394178244426,0.0,-0.663620423438076,0.0,0.0,-0.32575503347381535,0.9454542073344819
2026-09-16T13:11:08.289408,25.07,map,roomba,4.974153727020874,-1.6790958704662737,0.0,-0.6376049574044503,0.0,0.0,-0.31342960570484824,0.9496114375194221
2026-09-16T13:11:08.360859,25.13,map,roomba,4.991231160966217,-1.69279169287803,0.0,-0.6137015208322304,0.0,0.0,-0.3020580020852181,0.9532895485508516
2026-09-16T13:11:08.412210,25.17,map,roomba,5.0032945028647635,-1.7010569256968284,0.0,-0.5878575286764184,0.0,0.0,-0.2897147229249049,0.9571130441700947
2026-09-16T13:11:08.461162,25.23,map,roomba,5.021777723261874,-1.7128667909742834,0.0,-0.5493438766975007,0.0,0.0,-0.2712311875496938,0.9625142299729302
2026-09-16T13:11:08.511824,25.27,map,roomba,5.034346608038698,-1.7203407965990216,0.0,-0.5236652496566504,0.0,0.0,-0.2588511494644261,0.9659172233793873
2026-09-16T13:11:08.574050,25.33,map,roomba,5.0535493275004555,-1.7309406300058048,0.0,-0.48514873721311563,0.0,0.0,-0.2402024179822684,0.970722822640671
2026-09-16T13:11:08.625560,25.37,map,roomba,5.066571760882425,-1.7375929406703907,0.0,-0.45946424720564233,0.0,0.0,-0.22771669311278095,0.9737274298682252
2026-09-16T13:11:08.673664,25.43,map,roomba,5.098941706654753,-1.7308445442380482,0.0,-0.4267677032236988,0.0,0.0,-0.21176821153855913,0.9773199192596865
2026-09-16T13:11:08.726310,25.49,map,roomba,5.119079588354606,-1.7395373431972678,0.0,-0.3883135117766707,0.0,0.0,-0.19293920349997754,0.981210713227691
2026-09-16T13:11:08.774601,25.53,map,roomba,5.132683944479845,-1.7448999596832189,0.0,-0.3627000163724141,0.0,0.0,-0.1803576069189391,0.9836011049335363
2026-09-16T13:11:08.852566,25.59,map,roomba,5.153336793057935,-1.752286283758291,0.0,-0.32428118664864614,0.0,0.0,-0.1614310921237536,0.9868839863407107
2026-09-16T13:11:08.899643,25.63,map,roomba,5.167256397244399,-1.756767389077962,0.0,-0.29867045080709403,0.0,0.0,-0.1487807896074517,0.9888702021214832
2026-09-16T13:11:08.963863,25.67,map,roomba,5.181286191299116,-1.760890541658379,0.0,-0.27305604822689955,0.0,0.0,-0.136104274421688,0.9906945172373499
2026-09-16T13:11:09.014359,25.73,map,roomba,5.212459153884838,-1.7496561359961602,0.0,-0.23230778979396205,0.0,0.0,-0.11589288492052442,0.9932617173861067
2026-09-16T13:11:09.064125,25.77,map,roomba,5.2267314997865215,-1.7528397191554779,0.0,-0.20662539028482108,0.0,0.0,-0.10312900830028834,0.9946679886509865
2026-09-16T13:11:09.114052,25.83,map,roomba,5.248281772901919,-1.7569239477934266,0.0,-0.16801227348738984,0.0,0.0,-0.08390736594955156,0.996473559076912
2026-09-16T13:11:09.165854,25.87,map,roomba,5.262729277610515,-1.7591832111613366,0.0,-0.14226875088429636,0.0,0.0,-0.07107439945032865,0.9974710169938649
2026-09-16T13:11:09.232452,25.93,map,roomba,5.284497586084994,-1.7618730318306453,0.0,-0.10365335056334389,0.0,0.0,-0.051803477285529385,0.9986572984468334
2026-09-16T13:11:09.282473,25.97,map,roomba,5.299060468892953,-1.7631984631776105,0.0,-0.07791403413414179,0.0,0.0,-0.03894716396728489,0.9992412713748894
2026-09-16T13:11:09.333581,26.03,map,roomba,5.324329016135902,-1.7480354888789431,0.0,-0.028981150142566154,0.0,0.0,-0.01449006796259225,0.9998950134541323
2026-09-16T13:11:09.398505,26.07,map,roomba,5.338951203164991,-1.7481706085899864,0.0,0.010448944666918418,0.0,0.0,0.005224448566399461,0.9999863524754611
2026-09-16T13:11:09.448182,26.13,map,roomba,5.3608659601166035,-1.7472911158409807,0.0,0.06969650391614939,0.0,0.0,0.03484119909628237,0.9993928611139532
2026-09-16T13:11:09.501848,26.19,map,roomba,5.382690156487514,-1.7451155964182286,0.0,0.12894313765322013,0.0,0.0,0.06442691453491402,0.9979224281894414
2026-09-16T13:11:09.547114,26.23,map,roomba,5.397151472549355,-1.7429488209057942,0.0,0.1684467003433927,0.0,0.0,0.08412381140608441,0.9964553097628179
2026-09-16T13:11:09.613365,26.27,map,roomba,5.411515937870081,-1.7402127159387193,0.0,0.207941079236351,0.0,0.0,0.10378332277962689,0.9945999305815478
2026-09-16T13:11:09.661126,26.33,map,roomba,5.436248396835165,-1.714716996691886,0.0,0.2706743752245307,0.0,0.0,0.1349244230037211,0.9908558926893017
2026-09-16T13:11:09.717250,26.39,map,roomba,5.457198116268151,-1.708226152552803,0.0,0.33031481534858165,0.0,0.0,0.16440759877417818,0.9863924885487059
2026-09-16T13:11:09.760288,26.43,map,roomba,5.470932915714826,-1.7032081657293934,0.0,0.3701930563004505,0.0,0.0,0.18404141368897875,0.9829184900322927
2026-09-16T13:11:09.812151,26.47,map,roomba,5.484456620471698,-1.6976465759045465,0.0,0.4100790332881839,0.0,0.0,0.20360584895029585,0.9790529394640667
2026-09-16T13:11:09.885128,26.53,map,roomba,5.501031842386777,-1.6899437805497155,0.0,0.4599317914397855,0.0,0.0,0.22794431721114802,0.9736741694484575
2026-09-16T13:11:09.936201,26.57,map,roomba,5.5172023660468845,-1.6814239183867932,0.0,0.5079606995093432,0.0,0.0,0.25125859956042945,0.9679199947035559
2026-09-16T13:11:09.985174,26.63,map,roomba,5.532378346646989,-1.637190982900177,0.0,0.5483086903855094,0.0,0.0,0.27073296046217626,0.9626544884429645
2026-09-16T13:11:10.034800,26.67,map,roomba,5.544753893377381,-1.6294015329316356,0.0,0.5747310697903243,0.0,0.0,0.28342677566125046,0.9589938805009484
2026-09-16T13:11:10.088249,26.73,map,roomba,5.562930732691132,-1.6171260538090408,0.0,0.6132405403401533,0.0,0.0,0.3018382701210427,0.953359144651341
2026-09-16T13:11:10.136518,26.77,map,roomba,5.574780146569534,-1.6085574113959993,0.0,0.6389226633534282,0.0,0.0,0.3140551919519078,0.9494047273992533
2026-09-16T13:11:10.184824,26.83,map,roomba,5.592132011445329,-1.5951410814200464,0.0,0.6774421187690989,0.0,0.0,0.3322810924968005,0.9431804045722816
2026-09-16T13:11:10.256085,26.89,map,roomba,5.6100009408745395,-1.5801248339552432,0.0,0.7232162984518622,0.0,0.0,0.353778838863084,0.9353291042048719
2026-09-16T13:11:10.303925,26.93,map,roomba,5.609973077664795,-1.5477758582951138,0.0,0.7721384717511266,0.0,0.0,0.3765498880104534,0.9263963416590736
2026-09-16T13:11:10.368555,26.98,map,roomba,5.626108521319579,-1.53101173361885,0.0,0.835846955494367,0.0,0.0,0.40586352579888135,0.9139336947646152
2026-09-16T13:11:10.417003,27.03,map,roomba,5.6411776527297555,-1.5132437886918284,0.0,0.8999127728790746,0.0,0.0,0.4349262619934174,0.9004660718919026
2026-09-16T13:11:10.483223,27.07,map,roomba,5.652385550847728,-1.4983529999986622,0.0,0.9511654339248202,0.0,0.0,0.4578565754563622,0.8890260717838215
2026-09-16T13:11:10.532128,27.12,map,roomba,5.665288607880293,-1.4789622163708631,0.0,1.015232487652613,0.0,0.0,0.48609545176245883,0.8739057224757434
2026-09-16T13:11:10.599556,27.17,map,roomba,5.6769440634760375,-1.4587886598854474,0.0,1.079303363946467,0.0,0.0,0.5138372050748317,0.8578877121633608
2026-09-16T13:11:10.652462,27.23,map,roomba,5.670120881323383,-1.414256867636057,0.0,1.1457114140679232,0.0,0.0,0.5420340676377853,0.8403565133442097
2026-09-16T13:11:10.701482,27.29,map,roomba,5.680653979138798,-1.3883654266921959,0.0,1.2233337134766815,0.0,0.0,0.5742328994588812,0.8186919916421843
2026-09-16T13:11:10.750040,27.33,map,roomba,5.686541699440212,-1.370682645603626,0.0,1.2753364525426503,0.0,0.0,0.5953235137156851,0.8034861006994523
2026-09-16T13:11:10.813409,27.37,map,roomba,5.691502388553605,-1.3527177763562304,0.0,1.3273391833564796,0.0,0.0,0.6160116663044323,0.78773702907559
2026-09-16T13:11:10.869857,27.43,map,roomba,5.697176603378433,-1.3253479649664006,0.0,1.405335755010434,0.0,0.0,0.6462558974526103,0.7631207735396287
2026-09-16T13:11:10.931589,27.47,map,roomba,5.699766624612573,-1.3068916830289614,0.0,1.4573409978989014,0.0,0.0,0.6658783357744883,0.7460603473890017
2026-09-16T13:11:10.983635,27.53,map,roomba,5.674457175342915,-1.258978708913621,0.0,1.5376656943419391,0.0,0.0,0.6952968531949963,0.7187226766543099
2026-09-16T13:11:11.036902,27.59,map,roomba,5.674292232763157,-1.2310275357782383,0.0,1.615667701515603,0.0,0.0,0.7227919197797233,0.691065728206183
2026-09-16T13:11:11.081772,27.63,map,roomba,5.672971981009015,-1.2124373203445757,0.0,1.667666712670225,0.0,0.0,0.7405129822401284,0.6720420545872343
2026-09-16T13:11:11.135693,27.69,map,roomba,5.6691850922952645,-1.18474345108795,0.0,1.7456653301306497,0.0,0.0,0.7661524457339787,0.6426588752175161
2026-09-16T13:11:11.182081,27.73,map,roomba,5.665466113761854,-1.16648128980633,0.0,1.7976648594282085,0.0,0.0,0.782600602540472,0.6225241335910522
2026-09-16T13:11:11.233253,27.76,map,roomba,5.662055401559694,-1.1529279522926283,0.0,1.8366654312015753,0.0,0.0,0.7945904401871792,0.6071458081574352
2026-09-16T13:11:11.283780,27.83,map,roomba,5.613622114104115,-1.1195262089079927,0.0,1.914666232330048,0.0,0.0,0.8176591457803237,0.5757026327209139
2026-09-16T13:11:11.356660,27.87,map,roomba,5.605083190704437,-1.0978521660813458,0.0,1.972115731355378,0.0,0.0,0.8338564789808928,0.5519813153192669
2026-09-16T13:11:11.405299,27.93,map,roomba,5.593461805586837,-1.0724279344522556,0.0,2.0268283598246972,0.0,0.0,0.848642773685677,0.52896639087099
2026-09-16T13:11:11.456844,27.97,map,roomba,5.5849512392163225,-1.0558469520759095,0.0,2.0631859731085274,0.0,0.0,0.8581180005963053,0.5134525265811826
2026-09-16T13:11:11.523871,28.03,map,roomba,5.57106936120254,-1.0315829222436657,0.0,2.1177108268963876,0.0,0.0,0.8717953546297484,0.489870247765662
2026-09-16T13:11:11.575453,28.08,map,roomba,5.5585134887543575,-1.0119621113858486,0.0,2.1631498272991867,0.0,0.0,0.8826990142691421,0.4699387728292751
2026-09-16T13:11:11.623517,28.13,map,roomba,5.509322733210555,-1.0060250278104013,0.0,2.205098432393907,0.0,0.0,0.8923607776332826,0.4513227698019713
2026-09-16T13:11:11.675200,28.17,map,roomba,5.498006849596115,-0.9912159084558997,0.0,2.2396143852569392,0.0,0.0,0.9000164226592628,0.4358559841778281
2026-09-16T13:11:11.724892,28.23,map,roomba,5.4804628124177315,-0.9694488556749764,0.0,2.2615979172717005,0.0,0.0,0.9047527842217579,0.4259370839020443
2026-09-16T13:11:11.776293,28.29,map,roomba,5.462385918692573,-0.9481221939262617,0.0,2.286284312005873,0.0,0.0,0.9099411555029786,0.41473737897843765
2026-09-16T13:11:11.838169,28.33,map,roomba,5.450044483393937,-0.9341551838252146,0.0,2.302748281988613,0.0,0.0,0.9133243976527783,0.40723278926455525
2026-09-16T13:11:11.888429,28.39,map,roomba,5.43110546627697,-0.9135902465474312,0.0,2.327433806559352,0.0,0.0,0.9182810787808297,0.3959291102623243
2026-09-16T13:11:11.935376,28.43,map,roomba,5.418199868671197,-0.9001427567563484,0.0,2.3438945403223777,0.0,0.0,0.9215085823105679,0.38835799557620465
2026-09-16T13:11:11.987520,28.47,map,roomba,5.404776503051854,-0.8866130354094547,0.0,2.3607269837892297,0.0,0.0,0.9247444144086746,0.3805887124179559
2026-09-16T13:11:12.036423,28.53,map,roomba,5.363967898845107,-0.8765113330392538,0.0,2.3862755971052416,0.0,0.0,0.9295305888902903,0.3687450125998591
2026-09-16T13:11:12.086290,28.57,map,roomba,5.349802680248725,-0.8633949582928389,0.0,2.402857986146618,0.0,0.0,0.9325559408905786,0.361025507561014
2026-09-16T13:11:12.149181,28.63,map,roomba,5.331796636486802,-0.8473295146831796,0.0,2.4233801836238533,0.0,0.0,0.9362113002175098,0.3514376208447806
2026-09-16T13:11:12.200346,28.69,map,roomba,5.306041909550709,-0.8254663785443948,0.0,2.452111200422047,0.0,0.0,0.9411631063825452,0.337952670035847
2026-09-16T13:11:12.248336,28.73,map,roomba,5.280961420739054,-0.8234050838634821,0.0,2.469688494947641,0.0,0.0,0.9440968673191805,0.3296681742572517
2026-09-16T13:11:12.298804,28.77,map,roomba,5.265755578376509,-0.811510956160512,0.0,2.4856737415070866,0.0,0.0,0.9467015975392851,0.3221119141176954
2026-09-16T13:11:12.350452,28.84,map,roomba,5.238713553596222,-0.7912640272832021,0.0,2.512831928837247,0.0,0.0,0.9509881703142893,0.3092272625792885
2026-09-16T13:11:12.399472,28.87,map,roomba,5.226946607547438,-0.7828242870794218,0.0,2.5244614334312376,0.0,0.0,0.9527701630681844,0.303692305412938
2026-09-16T13:11:12.449170,28.93,map,roomba,5.203171576041051,-0.766292518127953,0.0,2.541120815886626,0.0,0.0,0.9552667437525596,0.295745580322651
2026-09-16T13:11:12.536390,28.97,map,roomba,5.187195864717273,-0.7554540364351483,0.0,2.549906519474393,0.0,0.0,0.9565566891307377,0.29154639507159297
2026-09-16T13:11:12.590457,29.03,map,roomba,5.155944791491481,-0.7495090859030251,0.0,2.5630827096270106,0.0,0.0,0.9584566519680311,0.28523822727368153
2026-09-16T13:11:12.638034,29.07,map,roomba,5.1397353629370635,-0.7390233249795701,0.0,2.571641642932176,0.0,0.0,0.9596685392288297,0.2811339446143139
2026-09-16T13:11:12.686416,29.13,map,roomba,5.115258165010688,-0.7235498138188965,0.0,2.5841296503334754,0.0,0.0,0.9614052216956706,0.275136329292041
2026-09-16T13:11:12.735610,29.17,map,roomba,5.098833551585065,-0.7134043918055959,0.0,2.5924484338991083,0.0,0.0,0.9625413017803374,0.271135099843258
2026-09-16T13:11:12.785777,29.23,map,roomba,5.074039764509709,-0.6984433744081897,0.0,2.604922998008163,0.0,0.0,0.9642137137653901,0.2651262231216567
2026-09-16T13:11:12.853067,29.29,map,roomba,5.04906117122119,-0.6837929668967593,0.0,2.6174076914353424,0.0,0.0,0.9658499266795105,0.25910214034851997
2026-09-16T13:11:12.905380,29.33,map,roomba,5.025809440070134,-0.6773925289383252,0.0,2.622240497256003,0.0,0.0,0.9664732014372767,0.25676750359728395
2026-09-16T13:11:12.956119,29.39,map,roomba,5.000581772788647,-0.6631752643487004,0.0,2.634602908258638,0.0,0.0,0.9680418609287254,0.2507886669880649
2026-09-16T13:11:13.002595,29.43,map,roomba,4.9836665392688415,-0.653870768959726,0.0,2.642838329041382,0.0,0.0,0.9690663262864593,0.2468004360969926
2026-09-16T13:11:13.051018,29.47,map,roomba,4.966675206600066,-0.6447059702179858,0.0,2.651080667474056,0.0,0.0,0.9700752004502899,0.24280466525857736
2026-09-16T13:11:13.100796,29.53,map,roomba,4.9410480458744805,-0.6312220644117622,0.0,2.6634394909894725,0.0,0.0,0.9715570597401452,0.23680557356000742
2026-09-16T13:11:13.168702,29.57,map,roomba,4.923871522738041,-0.6224092125215901,0.0,2.6716752311869056,0.0,0.0,0.9725239543108102,0.23280283136522467
2026-09-16T13:11:13.219483,29.63,map,roomba,4.897936206988844,-0.6131276706278124,0.0,2.6852019098596793,0.0,0.0,0.9740762239743489,0.22622004749330737
2026-09-16T13:11:13.270411,29.67,map,roomba,4.880571954786038,-0.6046907041000755,0.0,2.6933493030617965,0.0,0.0,0.9749896908758183,0.22225009040690244
2026-09-16T13:11:13.318670,29.73,map,roomba,4.85440135815424,-0.5922943531459488,0.0,2.7051338529461715,0.0,0.0,0.9762823166989272,0.2165013581966071
2026-09-16T13:11:13.382796,29.78,map,roomba,4.832051861391913,-0.5819921407525821,0.0,2.71450163135457,0.0,0.0,0.9772856721448825,0.21192620182583652
2026-09-16T13:11:13.429512,29.83,map,roomba,4.809379673018258,-0.5718059361842089,0.0,2.7237908957746066,0.0,0.0,0.9782594465873945,0.20738479973837204
2026-09-16T13:11:13.496250,29.9,map,roomba,4.777526163346984,-0.5649554929026523,0.0,2.736798379706118,0.0,0.0,0.9795875248452381,0.2010181115411745
2026-09-16T13:11:13.543259,29.93,map,roomba,4.763796027774189,-0.559122273717689,0.0,2.7423757384900393,0.0,0.0,0.9801442901910054,0.1982855779071449
2026-09-16T13:11:13.595896,29.99,map,roomba,4.7362474808884825,-0.5476727381892613,0.0,2.753036599783294,0.0,0.0,0.9811873080795576,0.19305819449997838
2026-09-16T13:11:13.643760,30.03,map,roomba,4.71781470201934,-0.5402030134062923,0.0,2.760142647540654,0.0,0.0,0.9818670537740605,0.18957080131983972
2026-09-16T13:11:13.720308,30.07,map,roomba,4.699329308254372,-0.5328644543766339,0.0,2.767246240675094,0.0,0.0,0.9825341760327451,0.18608222088005813
2026-09-16T13:11:13.769091,30.13,map,roomba,4.671504606257428,-0.5221033632098476,0.0,2.7779066438190982,0.0,0.0,0.9835120697022327,0.18084249707972558
2026-09-16T13:11:13.833926,30.19,map,roomba,4.643566780641269,-0.5116394561452255,0.0,2.788564287251102,0.0,0.0,0.984461778528083,0.17559899378220734
2026-09-16T13:11:13.883315,30.23,map,roomba,4.614916448132157,-0.5085431495129815,0.0,2.7956702908442663,0.0,0.0,0.9850794669273183,0.1721000983096476
2026-09-16T13:11:13.935961,30.27,map,roomba,4.596182209189746,-0.501865346835686,0.0,2.802634544312787,0.0,0.0,0.9856727679295685,0.16866889032083882
2026-09-16T13:11:13.997768,30.33,map,roomba,4.5679963715701035,-0.49208908329218,0.0,2.8128400722555895,0.0,0.0,0.9865206091865554,0.16363706074782655
2026-09-16T13:11:14.049756,30.39,map,roomba,4.539712226847914,-0.4826009747247642,0.0,2.823045554365166,0.0,0.0,0.9873427596436102,0.1586009929960722
2026-09-16T13:11:14.096930,30.43,map,roomba,4.520802972298776,-0.4764361366930067,0.0,2.8298470351267646,0.0,0.0,0.9878764100839547,0.15524238596349343
2026-09-16T13:11:14.158610,30.47,map,roomba,4.501852212886967,-0.4704000844076877,0.0,2.836648770829747,0.0,0.0,0.988398655070409,0.15188185755713732
2026-09-16T13:11:14.209450,30.53,map,roomba,4.473391375929379,-0.47146160426890404,0.0,2.845689970856318,0.0,0.0,0.9890751505056558,0.14741216588943565
2026-09-16T13:11:14.259494,30.57,map,roomba,4.454352634490563,-0.46570900506668067,0.0,2.8504234442249174,0.0,0.0,0.9894212658381528,0.14507087477239347
2026-09-16T13:11:14.310017,30.63,map,roomba,4.425746358002527,-0.45724125617359457,0.0,2.8571868943784757,0.0,0.0,0.9899061971808992,0.14172410092447477
2026-09-16T13:11:14.380639,30.69,map,roomba,4.396951114088333,-0.4489289793136214,0.0,2.8639643481173094,0.0,0.0,0.9903807767570444,0.13836877187470267
2026-09-16T13:11:14.446185,30.73,map,roomba,4.3777052582813605,-0.4434909677620614,0.0,2.8684914092965936,0.0,0.0,0.9906914412954854,0.1361266621344759
2026-09-16T13:11:14.496770,30.79,map,roomba,4.348790051228983,-0.4354971120218736,0.0,2.875272891126299,0.0,0.0,0.9911473156082398,0.1327667080354875
2026-09-16T13:11:14.545292,30.83,map,roomba,4.329483363012493,-0.4302769475879487,0.0,2.879796110508034,0.0,0.0,0.991445047027872,0.13052478202970025
2026-09-16T13:11:14.594712,30.87,map,roomba,4.310153254773995,-0.4251441759229579,0.0,2.8843176946623896,0.0,0.0,0.9917376024432111,0.12828299926409342
2026-09-16T13:11:14.645406,30.93,map,roomba,4.281115047914697,-0.4176091086332194,0.0,2.891104945725911,0.0,0.0,0.9921672353052926,0.12491668097837129
2026-09-16T13:11:14.697308,30.97,map,roomba,4.26172812477611,-0.41269527448718474,0.0,2.8956285129810895,0.0,0.0,0.992447231771644,0.12267229576722181
2026-09-16T13:11:14.746161,31.03,map,roomba,4.232606554470775,-0.4054890897323013,0.0,2.902416124826145,0.0,0.0,0.9928578414785988,0.11930342247587655
2026-09-16T13:11:14.821440,31.09,map,roomba,4.203436753930628,-0.3984806779221468,0.0,2.9091990000452648,0.0,0.0,0.9932567409718634,0.11593552740188201
2026-09-16T13:11:14.884052,31.13,map,roomba,4.183964088937031,-0.39391843686916395,0.0,2.913721204680816,0.0,0.0,0.993516343785188,0.11368937783149367
2026-09-16T13:11:14.935621,31.17,map,roomba,4.164470983701147,-0.38944433221986685,0.0,2.9182428020788675,0.0,0.0,0.9937708333290973,0.1114429487423573
2026-09-16T13:11:14.985801,31.23,map,roomba,4.135193873513123,-0.38289862951705333,0.0,2.925029205919304,0.0,0.0,0.9941432599877128,0.10807024854696584
2026-09-16T13:11:15.036091,31.29,map,roomba,4.105873017977096,-0.3765517441497296,0.0,2.9318170841604294,0.0,0.0,0.9945043174533666,0.10469557090256107
2026-09-16T13:11:15.082591,31.33,map,roomba,4.086302144820421,-0.37243108538251046,0.0,2.93634348838978,0.0,0.0,0.994738717522408,0.10244454042005025
2026-09-16T13:11:15.146730,31.37,map,roomba,4.066716265889869,-0.3683823076148319,0.0,2.9390454713871508,0.0,0.0,0.9948762113960127,0.10110056378832072
2026-09-16T13:11:15.198055,31.43,map,roomba,4.037161544262171,-0.3694939108601053,0.0,2.9430187274423347,0.0,0.0,0.9950750972437157,0.09912391661657595
2026-09-16T13:11:15.251420,31.49,map,roomba,4.007786442367062,-0.363641557209185,0.0,2.9467506419484955,0.0,0.0,0.9952583258035693,0.0972669775343939
2026-09-16T13:11:15.307430,31.53,map,roomba,3.98819787847564,-0.35979934075261766,0.0,2.9490717799381705,0.0,0.0,0.9953705405497842,0.09611184633347897
2026-09-16T13:11:15.378859,31.57,map,roomba,3.9686005922743592,-0.35600273681941563,0.0,2.95140171743954,0.0,0.0,0.9954818323874292,0.094952205801479
2026-09-16T13:11:15.421817,31.63,map,roomba,3.9391882813432537,-0.35039335250099934,0.0,2.9548915861492797,0.0,0.0,0.9956460021502055,0.09321501167898437
2026-09-16T13:11:15.488384,31.69,map,roomba,3.909756575872866,-0.3448866415911276,0.0,2.9583813031653636,0.0,0.0,0.9958071334365992,0.0914776092646886
2026-09-16T13:11:15.537341,31.73,map,roomba,3.8901248394695105,-0.3412725763999919,0.0,2.960706109642305,0.0,0.0,0.9959127945240028,0.09032001828715155
2026-09-16T13:11:15.588685,31.79,map,roomba,3.8606616019310285,-0.33593713802891506,0.0,2.9641993066487924,0.0,0.0,0.996069028183997,0.08858042160990098
2026-09-16T13:11:15.637052,31.83,map,roomba,3.8410091765503678,-0.3324373142053048,0.0,2.9665188838053593,0.0,0.0,0.996171092811304,0.08742513281163757
2026-09-16T13:11:15.686319,31.87,map,roomba,3.8213486619632917,-0.3289832188804655,0.0,2.9688453130713874,0.0,0.0,0.9962721130384716,0.08626631313472713
2026-09-16T13:11:15.736365,31.93,map,roomba,3.7918429550592885,-0.3238878609674409,0.0,2.972338341206415,0.0,0.0,0.9964212588216182,0.08452617918930044
2026-09-16T13:11:15.805811,31.97,map,roomba,3.7721626824368815,-0.32054817230513316,0.0,2.9746636683972696,0.0,0.0,0.996518860836486,0.0833676195962934
2026-09-16T13:11:15.856677,32.03,map,roomba,3.7420028089945006,-0.31810777906349486,0.0,2.9781544951461347,0.0,0.0,0.9966628537898924,0.08162815614350011
2026-09-16T13:11:15.922751,32.07,map,roomba,3.7223034449605072,-0.3148826052581094,0.0,2.980428923034152,0.0,0.0,0.9967550379774576,0.08049468470996728
2026-09-16T13:11:15.973165,32.13,map,roomba,3.6927415327367323,-0.31012413442452,0.0,2.9835704280723316,0.0,0.0,0.9968802455258496,0.07892893056618541
2026-09-16T13:11:16.025253,32.17,map,roomba,3.6730235503687014,-0.3070148293149185,0.0,2.9869001633063768,0.0,0.0,0.9970102701175617,0.07726914830711397
2026-09-16T13:11:16.075086,32.23,map,roomba,3.643427164282971,-0.30247578181390156,0.0,2.9919348715714467,0.0,0.0,0.9972016246607492,0.07475907820433735
2026-09-16T13:11:16.147610,32.29,map,roomba,3.613808286891105,-0.29808588869687114,0.0,2.9969690868669607,0.0,0.0,0.9973866420607567,0.07224878018878966
2026-09-16T13:11:16.193838,32.33,map,roomba,3.5911918841465624,-0.2980734196970889,0.0,3.0003299383431017,0.0,0.0,0.9975066424882315,0.07057264478433276
2026-09-16T13:11:16.248515,32.39,map,roomba,3.561537581577912,-0.29392956157957495,0.0,3.0051688141446506,0.0,0.0,0.997674468912403,0.06815903520704181
2026-09-16T13:11:16.293231,32.43,map,roomba,3.5417570586630456,-0.2912467142776586,0.0,3.008400379680271,0.0,0.0,0.9977832967180422,0.0665469217205064
2026-09-16T13:11:16.367870,32.47,map,roomba,3.521967981650538,-0.2886277076421238,0.0,3.0116255375930567,0.0,0.0,0.9978893115141177,0.06493783154587275
2026-09-16T13:11:16.417051,32.53,map,roomba,3.49226877811484,-0.2848189572036064,0.0,3.0164680053798385,0.0,0.0,0.9980436160406646,0.06252152013886403
2026-09-16T13:11:16.484598,32.59,map,roomba,3.462551487754315,-0.28115399487743464,0.0,3.021304701038945,0.0,0.0,0.9981918961949884,0.060107723053312384
2026-09-16T13:11:16.533170,32.63,map,roomba,3.4428238639719617,-0.2762465707153957,0.0,3.0245265692905137,0.0,0.0,0.9982874305274119,0.058499624366126365
2026-09-16T13:11:16.581861,32.67,map,roomba,3.4229949305522887,-0.27394870619212286,0.0,3.027923649057613,0.0,0.0,0.9983853543766843,0.056803909778664105
2026-09-16T13:11:16.632155,32.73,map,roomba,3.3932371680281617,-0.2706283458554042,0.0,3.0330196446191775,0.0,0.0,0.9985268495529124,0.05425984447024773
2026-09-16T13:11:16.684292,32.79,map,roomba,3.3634628698656948,-0.26745968540307385,0.0,3.0381165900108456,0.0,0.0,0.9986618865644029,0.05171495261167459
2026-09-16T13:11:16.747200,32.83,map,roomba,3.3436045331407533,-0.26543156407501156,0.0,3.0415124039246213,0.0,0.0,0.998748254185172,0.05001924391742784
2026-09-16T13:11:16.800222,32.89,map,roomba,3.313804394217654,-0.2625159193856389,0.0,3.0466073464325505,0.0,0.0,0.9988724358919049,0.047474801899243226
2026-09-16T13:11:16.869948,32.93,map,roomba,3.2965210496687103,-0.2655190777244345,0.0,3.0500081018613,0.0,0.0,0.9989517169363652,0.04577627365664485
2026-09-16T13:11:16.922922,32.97,map,roomba,3.276640488491798,-0.26372180817772695,0.0,3.0527645383713713,0.0,0.0,0.9990138578653636,0.044399457124645596
2026-09-16T13:11:16.969099,33.03,map,roomba,3.2468109000626213,-0.2611246095253533,0.0,3.056723876583648,0.0,0.0,0.9990997964296945,0.04242165454273272
2026-09-16T13:11:17.030984,33.07,map,roomba,3.2268880966008506,-0.2594561908146215,0.0,3.059360865619152,0.0,0.0,0.9991548607011359,0.04110431044664072
2026-09-16T13:11:17.079795,33.13,map,roomba,3.196985368685613,-0.2570514787016632,0.0,3.063331520731265,0.0,0.0,0.9992344970711934,0.039120581065206377
2026-09-16T13:11:17.151830,33.17,map,roomba,3.1770445880782914,-0.25551418678258747,0.0,3.0659736203923886,0.0,0.0,0.9992853053749159,0.03780050875002893
2026-09-16T13:11:17.200456,33.23,map,roomba,3.1443552290032666,-0.26070787336786727,0.0,3.0699419478336156,0.0,0.0,0.9993583406784385,0.035817689993047824
2026-09-16T13:11:17.250112,33.27,map,roomba,3.1244047289752634,-0.2593016939859386,0.0,3.072397580967523,0.0,0.0,0.9994015649375475,0.0345906345761565
2026-09-16T13:11:17.301235,33.33,map,roomba,3.0944730719938534,-0.25727808927987134,0.0,3.0757784712271596,0.0,0.0,0.999458610532472,0.03290115244942827
2026-09-16T13:11:17.369763,33.37,map,roomba,3.0745149104822467,-0.2559851888206316,0.0,3.0780315873979256,0.0,0.0,0.9994950413609971,0.03177518363092136
2026-09-16T13:11:17.422104,33.43,map,roomba,3.0445725448742547,-0.254126702390462,0.0,3.081121012465092,0.0,0.0,0.9995429324001703,0.03023121381732223
2026-09-16T13:11:17.480312,33.47,map,roomba,3.024607888586124,-0.25293829209303414,0.0,3.0831506141327387,0.0,0.0,0.9995730963809208,0.029216861423813814
2026-09-16T13:11:17.531599,33.53,map,roomba,2.995332295164355,-0.25123988903231886,0.0,3.085849206663125,0.0,0.0,0.9996116086595016,0.027868114991215356
2026-09-16T13:11:17.580367,33.57,map,roomba,2.9762631578094734,-0.2501597158021957,0.0,3.087607718083962,0.0,0.0,0.9996357254604425,0.026989190117059376
2026-09-16T13:11:17.632471,33.63,map,roomba,2.9469820666137463,-0.2485603345715534,0.0,3.0875451021329723,0.0,0.0,0.9996348799936238,0.027020486674623416
2026-09-16T13:11:17.683180,33.69,map,roomba,2.917026456034048,-0.2469290763119762,0.0,3.0863493655511394,0.0,0.0,0.9996185466444123,0.027618131807072066
2026-09-16T13:11:17.733957,33.73,map,roomba,2.8970579786547472,-0.24580670741595462,0.0,3.0844252035603463,0.0,0.0,0.9995915131454228,0.028579832883415937
2026-09-16T13:11:17.815777,33.77,map,roomba,2.8770918945801456,-0.2446425429808719,0.0,3.0823029152199486,0.0,0.0,0.9995606230446263,0.02964052730027616
2026-09-16T13:11:17.879567,33.83,map,roomba,2.8440258350069785,-0.24259445247985623,0.0,3.0750873295055228,0.0,0.0,0.9994471811758412,0.03324653425043317
2026-09-16T13:11:17.934880,33.89,map,roomba,2.8140977589544285,-0.2405188610058125,0.0,3.0689334684043517,0.0,0.0,0.9993401529301542,0.03632160158275106
2026-09-16T13:11:17.979764,33.93,map,roomba,2.7941545033598874,-0.2390135250566825,0.0,3.0636190510811256,0.0,0.0,0.9992401109220523,0.03897692553915298
2026-09-16T13:11:18.034389,33.97,map,roomba,2.774219374447658,-0.23740414468704513,0.0,3.0585072275075897,0.0,0.0,0.9991372255884248,0.04153076502383743
2026-09-16T13:11:18.080520,34.03,map,roomba,2.7443358953204258,-0.23476406746149203,0.0,3.0478989924418403,0.0,0.0,0.998902887900458,0.046829697245712655
2026-09-16T13:11:18.147519,34.09,map,roomba,2.7144839116973367,-0.23178902567489917,0.0,3.035548482286885,0.0,0.0,0.9985946585041174,0.0529972452778913
2026-09-16T13:11:18.197041,34.13,map,roomba,2.694326040644665,-0.23219439336685904,0.0,3.0255696772964416,0.0,0.0,0.9983178054629281,0.057978955627738964
2026-09-16T13:11:18.249586,34.19,map,roomba,2.664554802423327,-0.22849851221545642,0.0,3.0097832263116184,0.0,0.0,0.9978290703044143,0.06585701523321834
2026-09-16T13:11:18.297841,34.23,map,roomba,2.6447443545478055,-0.22575189836665904,0.0,2.9980153582125006,0.0,0.0,0.9974243014954007,0.07172700179438697
2026-09-16T13:11:18.365924,34.27,map,roomba,2.624966896198811,-0.2227770288309765,0.0,2.986673901024202,0.0,0.0,0.9970015221904662,0.07738194072193698
2026-09-16T13:11:18.414998,34.33,map,roomba,2.59537195778269,-0.217866068107621,0.0,2.9677378893420117,0.0,0.0,0.9962241936328754,0.0868179475714966
2026-09-16T13:11:18.485649,34.37,map,roomba,2.575695082806587,-0.21428587710573643,0.0,2.9557199442100948,0.0,0.0,0.9956845244535765,0.0928026279997243
2026-09-16T13:11:18.535703,34.43,map,roomba,2.5462847433829,-0.20536694654421667,0.0,2.935539658425933,0.0,0.0,0.9946974631850224,0.10284433252873568
2026-09-16T13:11:18.585123,34.49,map,roomba,2.5170169962313658,-0.19273530277214426,0.0,2.91583265197279,0.0,0.0,0.9936358146643971,0.11264043597314409
2026-09-16T13:11:18.634136,34.53,map,roomba,2.4975577853901973,-0.18710396021072173,0.0,2.9035269682819727,0.0,0.0,0.9929239520432595,0.11875194928419057
2026-09-16T13:11:18.683998,34.57,map,roomba,2.4781551567751317,-0.18225278420069552,0.0,2.8897387941100363,0.0,0.0,0.9920816762802281,0.12559437721893685
2026-09-16T13:11:18.745511,34.63,map,roomba,2.4491855144293844,-0.17445997567784333,0.0,2.867685815975976,0.0,0.0,0.9906365295646419,0.13652569828469055
2026-09-16T13:11:18.823445,34.69,map,roomba,2.420392455356745,-0.16603788805973418,0.0,2.8469655864258265,0.0,0.0,0.9891689699489823,0.14678129611796412
2026-09-16T13:11:18.869947,34.74,map,roomba,2.3966222376908415,-0.1537331970665557,0.0,2.8321298938496016,0.0,0.0,0.9880529647302051,0.15411469393880675
2026-09-16T13:11:18.934735,34.77,map,roomba,2.382355436230266,-0.1491007579520935,0.0,2.8230840265917,0.0,0.0,0.9873458103276034,0.15858200032957193
2026-09-16T13:11:18.985700,34.83,map,roomba,2.3539315712251727,-0.13950546942190273,0.0,2.8091851707501405,0.0,0.0,0.9862199234032202,0.16543960433507646
2026-09-16T13:11:19.035459,34.87,map,roomba,2.3350554778909376,-0.13289561490270152,0.0,2.800450532395047,0.0,0.0,0.9854879928368674,0.169745150076114
2026-09-16T13:11:19.104261,34.93,map,roomba,2.3068316287923083,-0.12272669349746301,0.0,2.791497480180581,0.0,0.0,0.9847182525574696,0.17415499728736933
2026-09-16T13:11:19.150205,34.99,map,roomba,2.2786930423635585,-0.11232411592786842,0.0,2.7843349217917597,0.0,0.0,0.9840882414471974,0.17768042392273445
2026-09-16T13:11:19.212840,35.03,map,roomba,2.260826419150144,-0.10229660531148876,0.0,2.782643199918054,0.0,0.0,0.9839375964872166,0.17851276206187425
2026-09-16T13:11:19.262662,35.07,map,roomba,2.2432577615919866,-0.09123722797617112,0.0,2.781459491267664,0.0,0.0,0.983831770610552,0.1790950784843242
2026-09-16T13:11:19.327904,35.13,map,roomba,2.216014090289774,-0.07773528468361618,0.0,2.78803498670412,0.0,0.0,0.9844152717311595,0.1758595257086386
2026-09-16T13:11:19.379033,35.17,map,roomba,2.1972329736041742,-0.07085992124226509,0.0,2.7933811087882665,0.0,0.0,0.9848818374712565,0.1732274984499913
2026-09-16T13:11:19.439767,35.23,map,roomba,2.1689655329063147,-0.06081274171648682,0.0,2.8070183777181557,0.0,0.0,0.9860401079605594,0.16650797426288158
2026-09-16T13:11:19.511590,35.27,map,roomba,2.1500434047240216,-0.05433553047492762,0.0,2.816674723528161,0.0,0.0,0.9868325412337503,0.16174527987591628
2026-09-16T13:11:19.557743,35.33,map,roomba,2.122269717263652,-0.042891693724014135,0.0,2.840621933713614,0.0,0.0,0.9886984301916545,0.1499180247220396
2026-09-16T13:11:19.608277,35.37,map,roomba,2.1041157842964546,-0.034258105560682095,0.0,2.8590151937607726,0.0,0.0,0.9900353405886854,0.14081911938883054
2026-09-16T13:11:19.656611,35.43,map,roomba,2.0758984857752045,-0.024288126175576297,0.0,2.896157940058873,0.0,0.0,0.9924796700167962,0.12240957725338071
2026-09-16T13:11:19.706259,35.47,map,roomba,2.056439397877492,-0.019668415979125053,0.0,2.9208711829522587,0.0,0.0,0.9939164323754716,0.11013684875651206
2026-09-16T13:11:19.768421,35.53,map,roomba,2.027086485873544,-0.013471905135322704,0.0,2.943122480561022,0.0,0.0,0.9950802381124942,0.09907229541088557
2026-09-16T13:11:19.849058,35.57,map,roomba,2.0074543198400336,-0.009653887323037236,0.0,2.955884733435113,0.0,0.0,0.9956921675103543,0.09272058864423097
2026-09-16T13:11:19.896444,35.63,map,roomba,1.967829662583124,-0.014831648779722206,0.0,2.9814429419862716,0.0,0.0,0.9967957214314006,0.07998931013612813
2026-09-16T13:11:19.959130,35.67,map,roomba,1.9480624987763828,-0.011789030571323494,0.0,2.9962198464718206,0.0,0.0,0.9973595062223155,0.07262241629124523
2026-09-16T13:11:20.012107,35.73,map,roomba,1.9183280726028138,-0.007810506465419476,0.0,3.021582554082851,0.0,0.0,0.9982002371190273,0.05996904714532131
2026-09-16T13:11:20.058501,35.77,map,roomba,1.898451833885887,-0.005589683747777713,0.0,3.039020591702344,0.0,0.0,0.9986851597502363,0.051263551326894835
2026-09-16T13:11:20.113186,35.83,map,roomba,1.8685716204319673,-0.00291863196612574,0.0,3.0658354421859233,0.0,0.0,0.9992826913867203,0.0378695483853792
2026-09-16T13:11:20.181302,35.89,map,roomba,1.8386305272556247,-0.0010499941134208268,0.0,3.092652245385132,0.0,0.0,0.9997006194949023,0.024467762086233923
2026-09-16T13:11:20.231763,35.93,map,roomba,1.818533510915013,-0.012576990302186203,0.0,3.110534828986092,0.0,0.0,0.9998794288643384,0.015528288183969799
2026-09-16T13:11:20.284003,35.99,map,roomba,1.7885389169586206,-0.012042471971483726,0.0,3.1367424554518535,0.0,0.0,0.999997059448694,0.0024250966919266634
2026-09-16T13:11:20.353124,36.03,map,roomba,1.7685391832180843,-0.012118343557827177,0.0,-3.129196877604723,0.0,0.0,0.9999807931537001,-0.006197848311856971
2026-09-16T13:11:20.411839,36.09,map,roomba,1.7385494822540515,-0.012878767738069008,0.0,-3.1033269083215083,0.0,0.0,0.9998169721758527,-0.019131705337216216
2026-09-16T13:11:20.457770,36.13,map,roomba,1.7235645151852106,-0.013549782537859073,0.0,-3.090387585603015,0.0,0.0,0.9996722730289512,-0.025599737051971112
2026-09-16T13:11:20.536979,36.19,map,roomba,1.6886425794442588,-0.015869129359892764,0.0,-3.060209137379057,0.0,0.0,0.9991722046438899,-0.040680529336141455
2026-09-16T13:11:20.587267,36.23,map,roomba,1.6662003853093588,-0.03260101658696138,0.0,-3.0429641232513616,0.0,0.0,0.9987842980271769,-0.04929427973263761
2026-09-16T13:11:20.635202,36.27,map,roomba,1.6463129949652366,-0.034719678672326365,0.0,-3.0317537292295413,0.0,0.0,0.9984923053465117,-0.05489185881174462
2026-09-16T13:11:20.685101,36.33,map,roomba,1.6165059706450895,-0.03811614461433921,0.0,-3.024608647012191,0.0,0.0,0.9982898304447028,-0.058458655737937154
2026-09-16T13:11:20.734928,36.37,map,roomba,1.596648201474213,-0.040496819384014254,0.0,-3.01993398322301,0.0,0.0,0.9981504664010223,-0.06079182859086924
2026-09-16T13:11:20.804259,36.43,map,roomba,1.5668829432457079,-0.0442417191449154,0.0,-3.0129281516379995,0.0,0.0,0.997931394324104,-0.06428788550224392
2026-09-16T13:11:20.879442,36.48,map,roomba,1.542098683919127,-0.04751842611241741,0.0,-3.007087523731129,0.0,0.0,0.9977393984888915,-0.06720188020453735
2026-09-16T13:11:20.936956,36.53,map,roomba,1.5173348439925758,-0.050946466092724435,0.0,-3.0012483520567654,0.0,0.0,0.9975389447569037,-0.07011457546960566
2026-09-16T13:11:20.987254,36.57,map,roomba,1.4975380991045564,-0.05379033377257597,0.0,-2.9965779379007103,0.0,0.0,0.9973724929682954,-0.07244384218280771
2026-09-16T13:11:21.038012,36.63,map,roomba,1.470240316028316,-0.06768274080642098,0.0,-2.9930567414411984,0.0,0.0,0.9972434027534692,-0.07419970124388714
2026-09-16T13:11:21.087695,36.68,map,roomba,1.4455259591416558,-0.07145066016760512,0.0,-2.9874162497899954,0.0,0.0,0.9970301757052418,-0.07701187397521692
2026-09-16T13:11:21.140629,36.72,map,roomba,1.4257697902896023,-0.07456405486375361,0.0,-2.983160940406136,0.0,0.0,0.9968640644195478,-0.0791330339930161
2026-09-16T13:11:21.201517,36.78,map,roomba,1.396160792997561,-0.07939150949013721,0.0,-2.9767882989041654,0.0,0.0,0.9966068612212301,-0.08230895556844306
2026-09-16T13:11:21.251845,36.83,map,roomba,1.3688104161278463,-0.0835141139111589,0.0,-2.9706058642934914,0.0,0.0,0.9963476651619637,-0.08538928578166947
2026-09-16T13:11:21.303766,36.87,map,roomba,1.3491093620834604,-0.08695902252129434,0.0,-2.9663460043208247,0.0,0.0,0.9961635320837554,-0.08751124125743419
2026-09-16T13:11:21.368296,36.93,map,roomba,1.319585796715908,-0.09228396321065133,0.0,-2.9599429435052547,0.0,0.0,0.9958782574298538,-0.09070003516249554
2026-09-16T13:11:21.419797,36.99,map,roomba,1.2900969450082758,-0.09779790700975716,0.0,-2.95353509304353,0.0,0.0,0.9955825503869803,-0.09389028365574294
2026-09-16T13:11:21.473929,37.03,map,roomba,1.2753658938189953,-0.10062559872658053,0.0,-2.951640792052865,0.0,0.0,0.9954931756060419,-0.09483320790629346
2026-09-16T13:11:21.546717,37.07,map,roomba,1.2508126040822403,-0.10533048815719154,0.0,-2.952913736956506,0.0,0.0,0.9955533326905835,-0.0941995847584913
2026-09-16T13:11:21.598405,37.13,map,roomba,1.2262680454145862,-0.12106679065490483,0.0,-2.9545875706344953,0.0,0.0,0.9956318212425027,-0.09336635651741504
2026-09-16T13:11:21.650129,37.19,map,roomba,1.196784513192057,-0.12660949677475763,0.0,-2.9569495159547383,0.0,0.0,0.9957413900293047,-0.09219047772144386
2026-09-16T13:11:21.698021,37.23,map,roomba,1.1771215465653226,-0.13026572083068672,0.0,-2.9585247789801095,0.0,0.0,0.9958136932864791,-0.09140617190946312
2026-09-16T13:11:21.748958,37.29,map,roomba,1.1476163346915014,-0.13569183563248788,0.0,-2.96089514237585,0.0,0.0,0.9959213267955499,-0.09022588782490114
2026-09-16T13:11:21.803728,37.34,map,roomba,1.1230181251529916,-0.1401558598916311,0.0,-2.962869252176213,0.0,0.0,0.9960098995340204,-0.08924281500619902
2026-09-16T13:11:21.875309,37.39,map,roomba,1.098412691798819,-0.14458002939809877,0.0,-2.964847291518126,0.0,0.0,0.9960976752907269,-0.08825769813681744
2026-09-16T13:11:21.937933,37.43,map,roomba,1.078721476298671,-0.14808091527129214,0.0,-2.9664224497813976,0.0,0.0,0.9961668762746402,-0.08747316510350951
2026-09-16T13:11:21.988166,37.46,map,roomba,1.0639487934233565,-0.1506823675124346,0.0,-2.9676066491126245,0.0,0.0,0.996218494484332,-0.0868833197303775
2026-09-16T13:11:22.039183,37.53,map,roomba,1.0294694714851715,-0.1566970766277796,0.0,-2.9703708282312453,0.0,0.0,0.9963376235012191,-0.08550637400768998
2026-09-16T13:11:22.100478,37.59,map,roomba,0.9999020792025415,-0.16177343082191373,0.0,-2.972739833102142,0.0,0.0,0.996438207032107,-0.08432614995741286
2026-09-16T13:11:22.184621,37.63,map,roomba,0.9801838329736461,-0.16511873836469965,0.0,-2.9743175060834943,0.0,0.0,0.9965044165461103,-0.08354009698400076
2026-09-16T13:11:22.259918,37.67,map,roomba,0.960460343437433,-0.1684329301400563,0.0,-2.9758963836134735,0.0,0.0,0.9965700558127322,-0.08275339181814804
2026-09-16T13:11:22.310658,37.73,map,roomba,0.9259042297424068,-0.16829569042180215,0.0,-2.9791389977697293,0.0,0.0,0.9967029146038505,-0.08113753767640132
2026-09-16T13:11:22.386417,37.77,map,roomba,0.9061651550504145,-0.17151578631206132,0.0,-2.9804460679590936,0.0,0.0,0.9967557279784971,-0.08048614006185405
2026-09-16T13:11:22.436759,37.83,map,roomba,0.8765496899681043,-0.1763037060675287,0.0,-2.9827516570653128,0.0,0.0,0.9968478496299568,-0.07933703226193337
2026-09-16T13:11:22.486639,37.87,map,roomba,0.8567973095718707,-0.17944115138074707,0.0,-2.985380282426567,0.0,0.0,0.9969512622812344,-0.07802679434561843
2026-09-16T13:11:22.549395,37.93,map,roomba,0.8271533157324827,-0.18404909451155982,0.0,-2.989369452061188,0.0,0.0,0.9971049101182486,-0.0760381366031512
2026-09-16T13:11:22.613606,37.99,map,roomba,0.7974911842232447,-0.18853879515305977,0.0,-2.99335993434528,0.0,0.0,0.9972546397058104,-0.07404852183017803
2026-09-16T13:11:22.661787,38.03,map,roomba,0.7775257937035855,-0.1889287702329927,0.0,-2.996016175737806,0.0,0.0,0.9973521055203829,-0.07272398238586081
2026-09-16T13:11:22.708989,38.07,map,roomba,0.7577335162264734,-0.19180379660321556,0.0,-2.998613893157894,0.0,0.0,0.9974457223884627,-0.07142850193695607
2026-09-16T13:11:22.759854,38.13,map,roomba,0.7280315445361717,-0.19602188704505374,0.0,-3.002413447814038,0.0,0.0,0.9975796205883785,-0.06953344940923645
2026-09-16T13:11:22.809043,38.16,map,roomba,0.7131743518839815,-0.1980867365541904,0.0,-3.004314775432797,0.0,0.0,0.9976452727252341,-0.06858505528898644
2026-09-16T13:11:22.883421,38.23,map,roomba,0.6784933426517918,-0.20280122465577877,0.0,-3.0087471813230575,0.0,0.0,0.9977948210082753,-0.0663739042776889
2026-09-16T13:11:22.958772,38.29,map,roomba,0.6487501715481008,-0.20671824860657884,0.0,-3.0125463258608187,0.0,0.0,0.9979191027520885,-0.06447840229461833
2026-09-16T13:11:23.007891,38.34,map,roomba,0.6289401750175851,-0.21500364538047068,0.0,-3.0157106370128033,0.0,0.0,0.9980198685698443,-0.06289945897883986
2026-09-16T13:11:23.057900,38.38,map,roomba,0.6090950245964344,-0.2174875442940652,0.0,-3.018510255079436,0.0,0.0,0.9981069379794536,-0.06150236058298334
2026-09-16T13:11:23.109783,38.43,map,roomba,0.5842788003799797,-0.22051323455243488,0.0,-3.022135325341289,0.0,0.0,0.9982167735758785,-0.05969315665772306
2026-09-16T13:11:23.160284,38.49,map,roomba,0.5544848712091548,-0.22402332549633058,0.0,-3.02649284747398,0.0,0.0,0.9983444613321676,-0.05751814085472684
2026-09-16T13:11:23.218863,38.53,map,roomba,0.5346138808267904,-0.22629127908646562,0.0,-3.0293983944401734,0.0,0.0,0.998426968604443,-0.0560677123070181
2026-09-16T13:11:23.272136,38.57,map,roomba,0.5147363893421806,-0.22850152652732403,0.0,-3.032301896374779,0.0,0.0,0.9985073127988223,-0.054618186415101584
2026-09-16T13:11:23.333086,38.63,map,roomba,0.489949074490233,-0.2238517042393396,0.0,-3.035832921097895,0.0,0.0,0.9986021856418417,-0.052855225203726514
2026-09-16T13:11:23.396757,38.67,map,roomba,0.46508441328321465,-0.2264494049600713,0.0,-3.0389669043910614,0.0,0.0,0.9986837832893004,-0.051290359668944206
2026-09-16T13:11:23.445966,38.73,map,roomba,0.4352362933498976,-0.2294641533156372,0.0,-3.042899675413201,0.0,0.0,0.9987827090537366,-0.049326464451437166
2026-09-16T13:11:23.495154,38.77,map,roomba,0.41533106545411297,-0.2314088223736985,0.0,-3.0455071133162246,0.0,0.0,0.9988461680751083,-0.04802429095439702
2026-09-16T13:11:23.546104,38.83,map,roomba,0.38546206222856155,-0.2342089690036404,0.0,-3.0507536242018642,0.0,0.0,0.9989687111506952,-0.045403900073880836
2026-09-16T13:11:23.612481,38.87,map,roomba,0.3655414078509735,-0.23598865172430597,0.0,-3.0542059994486475,0.0,0.0,0.9990455984371254,-0.04367942585939116
2026-09-16T13:11:23.663855,38.93,map,roomba,0.3336113158736955,-0.23715908117280854,0.0,-3.0600517358100667,0.0,0.0,0.9991689999599775,-0.04075916484642767
2026-09-16T13:11:23.715810,38.99,map,roomba,0.30370309522190264,-0.23950330201622647,0.0,-3.0672370615270883,0.0,0.0,0.9993089853393373,-0.03716923216941919
2026-09-16T13:11:23.762586,39.02,map,roomba,0.28874203490001205,-0.24058329841650342,0.0,-3.071549315247417,0.0,0.0,0.9993868040226992,-0.03501451049629454
2026-09-16T13:11:23.845426,39.08,map,roomba,0.2588069731806965,-0.24255475893015574,0.0,-3.080403169981733,0.0,0.0,0.999532017392815,-0.030589969052768617
2026-09-16T13:11:23.907521,39.13,map,roomba,0.2338474145049563,-0.24397502744226457,0.0,-3.089214844577287,0.0,0.0,0.999657090240024,-0.026185910960828677
2026-09-16T13:11:23.957145,39.17,map,roomba,0.21387135764256984,-0.24495291060417282,0.0,-3.096085334938321,0.0,0.0,0.9997411466619236,-0.022751696004963823
2026-09-16T13:11:24.006668,39.23,map,roomba,0.1818963621674035,-0.2461601817945396,0.0,-3.1081394360623293,0.0,0.0,0.9998601135411245,-0.016725828814435063
2026-09-16T13:11:24.056679,39.27,map,roomba,0.1619050278693043,-0.24674782325679134,0.0,-3.116203008698456,0.0,0.0,0.9999194218237002,-0.012694481468623202
2026-09-16T13:11:24.108878,39.33,map,roomba,0.13191055928875078,-0.2473147055045419,0.0,-3.12914531319905,0.0,0.0,0.9999806330271632,-0.00622363001743572
2026-09-16T13:11:24.159932,39.37,map,roomba,0.11191128718209517,-0.24748125714615193,0.0,-3.137349880468574,0.0,0.0,0.999997749860374,-0.002121384969470627
2026-09-16T13:11:24.209762,39.43,map,roomba,0.0869113981215518,-0.24745176719169457,0.0,3.1348351678965787,0.0,0.0,0.9999942920538184,0.0033787364180441607
2026-09-16T13:11:24.287171,39.48,map,roomba,0.056914361093005184,-0.24704495147925035,0.0,3.121217924989256,0.0,0.0,0.999948109253088,0.010187188089678275
2026-09-16T13:11:24.336967,39.53,map,roomba,0.03200374440981918,-0.23820708529882095,0.0,3.1069449391680175,0.0,0.0,0.9998499457385321,0.017322990696019513
2026-09-16T13:11:24.401363,39.59,map,roomba,0.0020300419969949413,-0.2369562355107986,0.0,3.0929774225057374,0.0,0.0,0.9997045844595334,0.024305221879089598
2026-09-16T13:11:24.450844,39.63,map,roomba,-0.01794168736127777,-0.2358941482072353,0.0,3.0840153984876935,0.0,0.0,0.9995856360812688,0.02878465111835376
2026-09-16T13:11:24.499010,39.69,map,roomba,-0.047880088790910574,-0.2339754302693429,0.0,3.071790117240912,0.0,0.0,0.9993910125608979,0.034894183075452466
2026-09-16T13:11:25.081668,39.73,map,roomba,-0.06782636424196928,-0.23251100263622687,0.0,3.064879432165914,0.0,0.0,0.9992644753911107,0.0383472061736994
2026-09-16T13:11:25.148590,39.77,map,roomba,-0.08776230843887305,-0.23091204969459686,0.0,3.0582936355815065,0.0,0.0,0.9991327845726179,0.04163746860901502
2026-09-16T13:11:25.216219,39.83,map,roomba,-0.11983540769368967,-0.22579454518864853,0.0,3.048835933678823,0.0,0.0,0.9989247166249186,0.046361735470388604
2026-09-16T13:11:25.279307,39.87,map,roomba,-0.13974340630155574,-0.22387877354488622,0.0,3.042573706856827,0.0,0.0,0.9987746563497986,0.0494892496744664
2026-09-16T13:11:25.342786,39.93,map,roomba,-0.16957941149421743,-0.22074771717018513,0.0,3.0315881625406917,0.0,0.0,0.9984877577934879,0.05497451715598008
2026-09-16T13:11:25.410938,39.97,map,roomba,-0.18945073120875888,-0.21848297425499652,0.0,3.0247591906704066,0.0,0.0,0.9982942279065639,0.058383512470882026
2026-09-16T13:11:25.453912,40.03,map,roomba,-0.21922923182685378,-0.21484507896107793,0.0,3.0155981012911535,0.0,0.0,0.9980163277719409,0.06295561532230343
2026-09-16T13:11:25.526942,40.07,map,roomba,-0.23906379152537333,-0.2122781695949123,0.0,3.0102087724725677,0.0,0.0,0.9978430603172603,0.06564470257899246
2026-09-16T13:11:25.577804,40.13,map,roomba,-0.2693887713870943,-0.20550515722847285,0.0,3.0019877321143,0.0,0.0,0.9975647972485548,0.06974579048551766
2026-09-16T13:11:25.627005,40.17,map,roomba,-0.2899864747701905,-0.1990400898173127,0.0,2.9970416744727246,0.0,0.0,0.9973892635868439,0.0722125811870291
2026-09-16T13:11:25.677346,40.23,map,roomba,-0.3202570966707191,-0.19188617135701808,0.0,2.9893068635764215,0.0,0.0,0.9971025300741245,0.07606934020865172
2026-09-16T13:11:25.727751,40.27,map,roomba,-0.34001370836838474,-0.1887757908232556,0.0,2.981659824410675,0.0,0.0,0.99680438970823,0.07988121592967361
2026-09-16T13:11:25.790822,40.32,map,roomba,-0.36467881232022287,-0.1846978831904543,0.0,2.9738690423301253,0.0,0.0,0.9964856591414539,0.08376354293737943
2026-09-16T13:11:25.859780,40.39,map,roomba,-0.3991576372598544,-0.1786811379706226,0.0,2.9645129538365835,0.0,0.0,0.9960829074355244,0.08842421339651592
2026-09-16T13:11:25.905782,40.43,map,roomba,-0.41487456167689823,-0.17373026278260667,0.0,2.9623547161034027,0.0,0.0,0.9959869072491188,0.08949905356111573
2026-09-16T13:11:25.976236,40.47,map,roomba,-0.4345469592056615,-0.17012527873476524,0.0,2.9584689697024533,0.0,0.0,0.995811142242561,0.09143395969532328
2026-09-16T13:11:26.025452,40.53,map,roomba,-0.4640300416382133,-0.1645804572509641,0.0,2.9529735090947886,0.0,0.0,0.9955561475012836,0.09416983154069268
2026-09-16T13:11:26.074715,40.57,map,roomba,-0.4836692586317116,-0.16079888272622256,0.0,2.949902395364565,0.0,0.0,0.9954103706987474,0.09569845299367347
2026-09-16T13:11:26.125829,40.63,map,roomba,-0.513121111004818,-0.15509026300228368,0.0,2.9506669877086233,0.0,0.0,0.9954468831103122,0.09531790443544479
2026-09-16T13:11:26.191376,40.68,map,roomba,-0.5376711164877733,-0.15036826768692774,0.0,2.952659774271395,0.0,0.0,0.9955413630745938,0.09432600069747286
2026-09-16T13:11:26.242529,40.73,map,roomba,-0.562122806809285,-0.14346390183457297,0.0,2.957682377197524,0.0,0.0,0.9957751045927921,0.09182560140404185
2026-09-16T13:11:26.293217,40.76,map,roomba,-0.5767620184605534,-0.13848930394273062,0.0,2.961052104440409,0.0,0.0,0.995928404749282,0.09014772661332263
2026-09-16T13:11:26.358235,40.83,map,roomba,-0.6110776180625519,-0.12938918398709767,0.0,2.9739172859771488,0.0,0.0,0.9964876793809444,0.08373950586181055
2026-09-16T13:11:26.410297,40.87,map,roomba,-0.6308110669769451,-0.1261347342602706,0.0,2.9824034684398173,0.0,0.0,0.9968340223972736,0.07951057660004571
2026-09-16T13:11:26.473836,40.93,map,roomba,-0.6604706391037718,-0.12162951038580658,0.0,2.999516500480346,0.0,0.0,0.9974778567544341,0.07097834377174904
2026-09-16T13:11:26.547020,40.99,map,roomba,-0.6902054379950351,-0.11765121117740934,0.0,3.0184362787183288,0.0,0.0,0.9981046624362686,0.06153927870053707
2026-09-16T13:11:26.597370,41.03,map,roomba,-0.7137666086036938,-0.12166310758078042,0.0,3.0352774100349365,0.0,0.0,0.9985874662907146,0.053132590442128376
2026-09-16T13:11:26.645028,41.07,map,roomba,-0.7336667298490277,-0.11966661921287952,0.0,3.0450292465718665,0.0,0.0,0.9988346649577908,0.04826294726451943
2026-09-16T13:11:26.697728,41.13,map,roomba,-0.7635371302823365,-0.11688147997779008,0.0,3.0522068234582314,0.0,0.0,0.9990014379034388,0.04467803785823384
2026-09-16T13:11:26.745936,41.19,map,roomba,-0.7934272225669328,-0.11431641998674985,0.0,3.0601122438527204,0.0,0.0,0.9991702326313473,0.04072893594754482
2026-09-16T13:11:26.796953,41.23,map,roomba,-0.8133656687636489,-0.11274858270629962,0.0,3.066138518614535,0.0,0.0,0.9992884185967582,0.03771811843650449
2026-09-16T13:11:26.871103,41.27,map,roomba,-0.8333133231666734,-0.11130263151951864,0.0,3.0723347355325163,0.0,0.0,0.9994004775124109,0.034622038472121586
2026-09-16T13:11:26.932696,41.33,map,roomba,-0.8633105551874134,-0.11599050507922021,0.0,3.0812093913010905,0.0,0.0,0.9995442673240078,0.03018704456737226
2026-09-16T13:11:26.986272,41.39,map,roomba,-0.893264652947774,-0.11433321028140137,0.0,3.0914602539713076,0.0,0.0,0.99968585926234,0.02506357498276935
2026-09-16T13:11:27.032307,41.44,map,roomba,-0.9182387270251339,-0.11319633380917743,0.0,3.1005079821532426,0.0,0.0,0.9997890136412436,0.020540890980415366
2026-09-16T13:11:27.082908,41.47,map,roomba,-0.9332275796232098,-0.11261842267912309,0.0,3.1060606260728,0.0,0.0,0.9998421885284846,0.01776507918840583
2026-09-16T13:11:27.132342,41.52,map,roomba,-0.958216221119196,-0.11186806318974957,0.0,3.1168439817556273,0.0,0.0,0.9999234388822597,0.012374020117808044
2026-09-16T13:11:27.198615,41.57,map,roomba,-0.9832113979549921,-0.11138233746913007,0.0,3.127818840670737,0.0,0.0,0.9999762853534402,0.006886852019257831
2026-09-16T13:11:27.245730,41.63,map,roomba,-1.0180303251797034,-0.11103163672902966,0.0,-3.140691440803307,0.0,0.0,0.9999998984769409,-0.00045060637799419626
2026-09-16T13:11:27.297247,41.67,map,roomba,-1.038029941370504,-0.1111491390308959,0.0,-3.130691428221311,0.0,0.0,0.9999851454474596,-0.005450585695410244
2026-09-16T13:11:27.366796,41.73,map,roomba,-1.0680242437840604,-0.11171975237383136,0.0,-3.1141832798726883,0.0,0.0,0.999906092248869,-0.013704257863759095
2026-09-16T13:11:27.418039,41.77,map,roomba,-1.0880132634578923,-0.11238079550605468,0.0,-3.1028885365799352,0.0,0.0,0.9998127547595661,-0.019350850629568043
2026-09-16T13:11:27.484554,41.83,map,roomba,-1.1179789346307272,-0.11380868688638995,0.0,-3.0848476328852046,0.0,0.0,0.9995975273284277,-0.028368703863473194
2026-09-16T13:11:27.533860,41.87,map,roomba,-1.137940331036406,-0.11505027969878573,0.0,-3.076694968327187,0.0,0.0,0.9994735824983267,-0.03244314855189743
2026-09-16T13:11:27.584034,41.93,map,roomba,-1.1679039832391551,-0.1329836862963606,0.0,-3.068972691525755,0.0,0.0,0.9993408650612686,-0.03630200295569667
2026-09-16T13:11:27.635955,41.99,map,roomba,-1.1978186924111178,-0.13524369878709788,0.0,-3.0635127974333902,0.0,0.0,0.9992380387916379,-0.039030011937497104
2026-09-16T13:11:27.686137,42.03,map,roomba,-1.2177548582879367,-0.13684015283848389,0.0,-3.0598552475476617,0.0,0.0,0.9991649907893009,-0.04085732713989342
2026-09-16T13:11:27.734720,42.07,map,roomba,-1.2376850418878913,-0.13850963032850447,0.0,-3.056187267229829,0.0,0.0,0.999088378540217,-0.04268971616068579
2026-09-16T13:11:27.808960,42.13,map,roomba,-1.2675683707880165,-0.14115233276556538,0.0,-3.050565642561015,0.0,0.0,0.9989644391883012,-0.04549779376192701
2026-09-16T13:11:27.872892,42.17,map,roomba,-1.2874820889090641,-0.14300791513237252,0.0,-3.0467958922255636,0.0,0.0,0.9988769070403054,-0.04738063509064735
2026-09-16T13:11:27.918556,42.23,map,roomba,-1.3173392006619336,-0.14593197006615277,0.0,-3.0411434993898596,0.0,0.0,0.9987390110322455,-0.05020346444551698
2026-09-16T13:11:27.972715,42.29,map,roomba,-1.347179305606736,-0.14902476151231023,0.0,-3.0354878186904832,0.0,0.0,0.9985930505430063,-0.053027534425173675
2026-09-16T13:11:28.019144,42.33,map,roomba,-1.3670627900808152,-0.1511803132774232,0.0,-3.031722282212301,0.0,0.0,0.9984914421304685,-0.054907558607328974
2026-09-16T13:11:28.071718,42.39,map,roomba,-1.3968724325721338,-0.1545541007712339,0.0,-3.026066639074753,0.0,0.0,0.9983321813057822,-0.05773089094444019
2026-09-16T13:11:28.118469,42.43,map,roomba,-1.4117699908824761,-0.15630414415878846,0.0,-3.0232410095416937,0.0,0.0,0.9982496219196094,-0.05914129130613265
2026-09-16T13:11:28.182092,42.47,map,roomba,-1.4365880446746142,-0.1593145626339794,0.0,-3.018527848357741,0.0,0.0,0.9981074789549095,-0.06149358059403464
2026-09-16T13:11:28.233349,42.53,map,roomba,-1.466427748324253,-0.16849015880404392,0.0,-3.0128792337604295,0.0,0.0,0.9979298216121469,-0.06431229382589718
2026-09-16T13:11:28.284001,42.57,map,roomba,-1.4862574140883555,-0.17109471505790902,0.0,-3.0092224748975203,0.0,0.0,0.9978105663775068,-0.06613677967212597
2026-09-16T13:11:28.351693,42.63,map,roomba,-1.5159850268126973,-0.1751279257805313,0.0,-3.0042781847119286,0.0,0.0,0.9976440177699613,-0.068603307557357
2026-09-16T13:11:28.403036,42.69,map,roomba,-1.5457041606311455,-0.17922341593530017,0.0,-3.0052302437095344,0.0,0.0,0.9976765619317385,-0.06812839182063563
2026-09-16T13:11:28.473115,42.73,map,roomba,-1.5655194833253605,-0.18193507227232017,0.0,-3.005942010775965,0.0,0.0,0.9977007445246114,-0.06777333085392843
2026-09-16T13:11:28.525483,42.79,map,roomba,-1.595246092194991,-0.18597597286017886,0.0,-3.007014582260105,0.0,0.0,0.9977369469233394,-0.06723826844954849
2026-09-16T13:11:28.572417,42.83,map,roomba,-1.614985367292179,-0.1863885301911141,0.0,-3.007732801653686,0.0,0.0,0.9977610285030509,-0.0668799671092472
2026-09-16T13:11:28.621444,42.87,map,roomba,-1.6348073939511945,-0.18905073567038677,0.0,-3.008395255582758,0.0,0.0,0.9977831262183094,-0.06654947808974257
2026-09-16T13:11:28.673937,42.94,map,roomba,-1.6695002749672636,-0.19367718448701152,0.0,-3.009459373804062,0.0,0.0,0.9978183932431043,-0.06601858909238846
2026-09-16T13:11:28.722044,42.97,map,roomba,-1.684369584160083,-0.1956529548302573,0.0,-3.0099175974439696,0.0,0.0,0.9978334926932155,-0.06578997537359792
2026-09-16T13:11:28.784119,43.03,map,roomba,-1.7141116867861041,-0.19957818449720402,0.0,-3.0108299351970658,0.0,0.0,0.997863400211723,-0.06533478796092108
2026-09-16T13:11:28.846046,43.07,map,roomba,-1.7339417345658168,-0.20217996466257115,0.0,-3.011432914265192,0.0,0.0,0.99788305261534,-0.06503393962455672
2026-09-16T13:11:28.896739,43.13,map,roomba,-1.763775407165698,-0.20143220479648405,0.0,-3.0140849613363256,0.0,0.0,0.9979684118166957,-0.06371066642299376
2026-09-16T13:11:28.959478,43.17,map,roomba,-1.7836137426782304,-0.20397001641000906,0.0,-3.0144983660100615,0.0,0.0,0.9979815596407077,-0.06350438266057343
2026-09-16T13:11:29.006907,43.23,map,roomba,-1.8133723455210569,-0.20776811959889685,0.0,-3.0147878878136165,0.0,0.0,0.9979907421356661,-0.0633599132851571
2026-09-16T13:11:29.057722,43.27,map,roomba,-1.8332120246638843,-0.21029539988864954,0.0,-3.0149836207849665,0.0,0.0,0.9979969381683997,-0.06326224313521818
2026-09-16T13:11:29.112478,43.33,map,roomba,-1.862972457858029,-0.21407913385470279,0.0,-3.0152694398690865,0.0,0.0,0.9980059687554509,-0.063119619204286
2026-09-16T13:11:29.180344,43.37,map,roomba,-1.882813355206871,-0.21659683221963855,0.0,-3.015465631275358,0.0,0.0,0.998012155717079,-0.06302171880351154
2026-09-16T13:11:29.231561,43.43,map,roomba,-1.9124750640232127,-0.21833934712148495,0.0,-3.015361317704615,0.0,0.0,0.9980088673493578,-0.06307377182357195
2026-09-16T13:11:29.282084,43.49,map,roomba,-1.9422413957770668,-0.22207637640772854,0.0,-3.0180246302781946,0.0,0.0,0.9980919750206579,-0.06174471150926489
2026-09-16T13:11:29.331776,43.53,map,roomba,-1.9620910901550064,-0.22452376442123018,0.0,-3.0197958329955883,0.0,0.0,0.9981462648172797,-0.060860775802751524
2026-09-16T13:11:29.402353,43.59,map,roomba,-1.9918736832166266,-0.22812890013294002,0.0,-3.022457340508638,0.0,0.0,0.998226371688145,-0.059532435413994604
2026-09-16T13:11:29.450666,43.63,map,roomba,-2.0117340219618387,-0.23048834947210023,0.0,-3.0242267859630845,0.0,0.0,0.9982786507069049,-0.058649258672222704
2026-09-16T13:11:29.513947,43.67,map,roomba,-2.0315985093634836,-0.232812610527251,0.0,-3.0259942762563696,0.0,0.0,0.9983300918673389,-0.057767011971805705
2026-09-16T13:11:29.565913,43.73,map,roomba,-2.0635334029040826,-0.23611480704328092,0.0,-3.029818699041668,0.0,0.0,0.9984387293158362,-0.05585788934589535
2026-09-16T13:11:29.616865,43.79,map,roomba,-2.093350476242611,-0.23942266703367557,0.0,-3.0323840005313882,0.0,0.0,0.9985095541475085,-0.05457719556869719
2026-09-16T13:11:29.664487,43.83,map,roomba,-2.11323318769908,-0.24158549116479955,0.0,-3.0340923039448806,0.0,0.0,0.9985558071027336,-0.05372429712344494
2026-09-16T13:11:29.714021,43.87,map,roomba,-2.133119562880412,-0.2437143639997195,0.0,-3.035799356593536,0.0,0.0,0.9986012984714984,-0.05287198398998888
2026-09-16T13:11:29.775378,43.93,map,roomba,-2.162955868397218,-0.24684400034077597,0.0,-3.0383610550770332,0.0,0.0,0.9986682003536439,-0.05159288325354844
2026-09-16T13:11:29.826899,43.97,map,roomba,-2.1828511495270524,-0.2488879653057631,0.0,-3.040065986393255,0.0,0.0,0.9987118186445744,-0.05074153426579597
2026-09-16T13:11:29.898075,44.03,map,roomba,-2.212700542176479,-0.25189021114827326,0.0,-3.042625191547759,0.0,0.0,0.9987759299882323,-0.04946353885582519
2026-09-16T13:11:29.948876,44.09,map,roomba,-2.2425575261162565,-0.25481599572662683,0.0,-3.0451888909173355,0.0,0.0,0.9988385142290229,-0.04818321795768904
2026-09-16T13:11:29.999570,44.13,map,roomba,-2.26246630275117,-0.25672403077414685,0.0,-3.0468967261734194,0.0,0.0,0.9988792945590402,-0.047330274679471485
2026-09-16T13:11:30.051350,44.19,map,roomba,-2.2923355032838635,-0.2595223409468148,0.0,-3.049452593247168,0.0,0.0,0.9989389638460681,-0.04605373502924581
2026-09-16T13:11:30.110328,44.23,map,roomba,-2.3122522661743954,-0.26134512074688765,0.0,-3.0512362358919534,0.0,0.0,0.9989796382928344,-0.04516284176530219
2026-09-16T13:11:30.159729,44.27,map,roomba,-2.3321723352589796,-0.26313140555680903,0.0,-3.0530788983564325,0.0,0.0,0.9990208242310806,-0.044242431586118396
2026-09-16T13:11:30.213081,44.33,map,roomba,-2.3640867766683407,-0.2655525403787844,0.0,-3.0558546259991144,0.0,0.0,0.999081264541724,-0.042855884563381644
2026-09-16T13:11:30.260426,44.37,map,roomba,-2.384014887120327,-0.2672467567120545,0.0,-3.057703224249097,0.0,0.0,0.9991204494207316,-0.0419324164497503
2026-09-16T13:11:30.323581,44.44,map,roomba,-2.4188965211746476,-0.27012263262644637,0.0,-3.060920101166789,0.0,0.0,0.9991866027038127,-0.040325339145671164
2026-09-16T13:11:30.390369,44.49,map,roomba,-2.4438174608696257,-0.2721092217958218,0.0,-3.0632161179213244,0.0,0.0,0.9992322380952522,-0.03917823823442512
2026-09-16T13:11:30.440122,44.53,map,roomba,-2.463757506314414,-0.273656647868349,0.0,-3.0650635132915816,0.0,0.0,0.999268000656928,-0.038255233146665985
2026-09-16T13:11:30.499302,44.57,map,roomba,-2.483700366519659,-0.27516736396283115,0.0,-3.0669016562813383,0.0,0.0,0.9993027379092737,-0.037336818383860715
2026-09-16T13:11:30.549636,44.63,map,roomba,-2.5090369778112906,-0.2772466172056822,0.0,-3.06966352722077,0.0,0.0,0.9993533448033182,-0.0359568106263659
2026-09-16T13:11:30.602596,44.69,map,roomba,-2.5389623448101806,-0.27936131146334886,0.0,-3.0724214433326655,0.0,0.0,0.9994019775735898,-0.03457871053116147
2026-09-16T13:11:30.652766,44.73,map,roomba,-2.5589157710446866,-0.2807253882693714,0.0,-3.074248303863909,0.0,0.0,0.9994331458820284,-0.03366581221881197
2026-09-16T13:11:30.698904,44.77,map,roomba,-2.578871663397661,-0.2820528978113767,0.0,-3.076081938421115,0.0,0.0,0.9994635912373487,-0.03274950062126083
2026-09-16T13:11:30.752054,44.83,map,roomba,-2.608809979571711,-0.2839755846882048,0.0,-3.0788324875357187,0.0,0.0,0.9995076855954911,-0.031374933235705615
2026-09-16T13:11:30.826834,44.87,map,roomba,-2.628771744330564,-0.2852116519388859,0.0,-3.080664567556668,0.0,0.0,0.999536006927578,-0.030459331169160865
2026-09-16T13:11:30.895751,44.93,map,roomba,-2.6585635408949395,-0.283502971092348,0.0,-3.083413125718169,0.0,0.0,0.9995769226528525,-0.029085661413373088
2026-09-16T13:11:30.944980,44.97,map,roomba,-2.678530726512263,-0.28464814285429363,0.0,-3.0850939919998006,0.0,0.0,0.9996010141892535,-0.02824557366767002
2026-09-16T13:11:30.994318,45.03,map,roomba,-2.7084847324207084,-0.28630861691421505,0.0,-3.0872308033279463,0.0,0.0,0.9996306213968458,-0.027177578364450884
2026-09-16T13:11:31.058139,45.09,map,roomba,-2.7384418888748616,-0.2879112723578465,0.0,-3.0890596683525677,0.0,0.0,0.9996550555156988,-0.02626347238857096
2026-09-16T13:11:31.110867,45.13,map,roomba,-2.758414936186985,-0.2889492133673286,0.0,-3.090283280343058,0.0,0.0,0.9996709365758351,-0.025651872555288297
2026-09-16T13:11:31.178363,45.19,map,roomba,-2.788376846656712,-0.2904603870770711,0.0,-3.092114134424785,0.0,0.0,0.9996940001249156,-0.024736736127575598
2026-09-16T13:11:31.226169,45.23,map,roomba,-2.807208511641432,-0.2881702106527222,0.0,-3.0921737976501595,0.0,0.0,0.9996947376168204,-0.024706913632355745
2026-09-16T13:11:31.279001,45.27,map,roomba,-2.827184691468299,-0.28914600703697024,0.0,-3.0933689623037535,0.0,0.0,0.9997093235330701,-0.024109509349043132
2026-09-16T13:11:31.325070,45.33,map,roomba,-2.857151010811722,-0.2905670856628505,0.0,-3.0950439667131078,0.0,0.0,0.9997291646949338,-0.02327224222910052
2026-09-16T13:11:31.396184,45.39,map,roomba,-2.887119662173665,-0.2919381052834532,0.0,-3.0967091032687106,0.0,0.0,0.9997481939322475,-0.022439891470532672
2026-09-16T13:11:31.443873,45.43,map,roomba,-2.907100017091947,-0.2928243117224941,0.0,-3.0978235186325693,0.0,0.0,0.9997605424104036,-0.021882820642132105
2026-09-16T13:11:31.509008,45.47,map,roomba,-2.9270813464039347,-0.29368826966440453,0.0,-3.0989375729652284,0.0,0.0,0.9997725766328681,-0.021325923494091254
2026-09-16T13:11:31.561188,45.53,map,roomba,-2.960147546130762,-0.29850451986403703,0.0,-3.1006113954115975,0.0,0.0,0.9997900744049704,-0.02048919523319561
2026-09-16T13:11:31.610771,45.57,map,roomba,-2.98013122081737,-0.2993124080587942,0.0,-3.1018370813132545,0.0,0.0,0.9998024433142373,-0.019876477124511887
2026-09-16T13:11:31.659474,45.63,map,roomba,-3.0101087137876474,-0.30047412316309663,0.0,-3.103880292923428,0.0,0.0,0.999822227499048,-0.0188550629498275
2026-09-16T13:11:31.711577,45.69,map,roomba,-3.0400885190259426,-0.3015745518107297,0.0,-3.105926175992699,0.0,0.0,0.9998409920110791,-0.01783229357938134
2026-09-16T13:11:31.759996,45.73,map,roomba,-3.060076278647763,-0.302274118466321,0.0,-3.1072888051228222,0.0,0.0,0.9998529093536289,-0.017151083262698024
2026-09-16T13:11:31.820014,45.77,map,roomba,-3.080064973176438,-0.30294644198251874,0.0,-3.1086533830679883,0.0,0.0,0.9998643786228236,-0.016468890709298602
2026-09-16T13:11:31.870331,45.83,map,roomba,-3.107599662333105,-0.30391602560826897,0.0,-3.110220222718363,0.0,0.0,0.9998769738453074,-0.015685572158850178
2026-09-16T13:11:31.932110,45.88,map,roomba,-3.137585454581057,-0.30483897990393793,0.0,-3.111458333878509,0.0,0.0,0.9998864924943329,-0.015066589772750494
2026-09-16T13:11:31.981817,45.93,map,roomba,-3.1625745035521393,-0.30557882779569595,0.0,-3.112483036120698,0.0,0.0,0.9998940806412216,-0.014554294852249391
2026-09-16T13:11:32.032452,45.97,map,roomba,-3.1825662665006957,-0.3061527389187469,0.0,-3.113303453069963,0.0,0.0,0.9998999668095613,-0.014144128613605865
2026-09-16T13:11:32.101931,46.03,map,roomba,-3.2125547767112135,-0.30698286106321854,0.0,-3.1145307322978373,0.0,0.0,0.9999084579486904,-0.013530547759493599
2026-09-16T13:11:32.152900,46.07,map,roomba,-3.232547674437979,-0.3075157786413099,0.0,-3.1153536482567428,0.0,0.0,0.9999139405592912,-0.013119126312011987
2026-09-16T13:11:32.200890,46.13,map,roomba,-3.2606139825460723,-0.3027386042482896,0.0,-3.116585834416194,0.0,0.0,0.99992183339271,-0.012503083802066281
2026-09-16T13:11:32.252889,46.19,map,roomba,-3.290605019954039,-0.3034717896069638,0.0,-3.1175968640841223,0.0,0.0,0.9999280261241397,-0.011997606906458529
2026-09-16T13:11:32.301433,46.23,map,roomba,-3.31059938323513,-0.3039465678162475,0.0,-3.1181108337233683,0.0,0.0,0.9999310763087306,-0.011740640189689268
2026-09-16T13:11:32.354632,46.26,map,roomba,-3.3255952982197985,-0.30429660100355843,0.0,-3.118492928197818,0.0,0.0,0.9999333010773228,-0.011549605907046226
2026-09-16T13:11:32.420691,46.33,map,roomba,-3.3605863329002212,-0.30508868804740874,0.0,-3.1193911950006066,0.0,0.0,0.9999383875372571,-0.01110050131256693
2026-09-16T13:11:32.486223,46.39,map,roomba,-3.3905791907075415,-0.3057432170316337,0.0,-3.120157252417642,0.0,0.0,0.9999425659968595,-0.010717495398473565
2026-09-16T13:11:32.532765,46.43,map,roomba,-3.415781805956788,-0.3061040063447533,0.0,-3.1206707702379193,0.0,0.0,0.9999452848485916,-0.010460750884571804
2026-09-16T13:11:32.580938,46.47,map,roomba,-3.435777533511903,-0.3065173577342284,0.0,-3.1211771341285317,0.0,0.0,0.9999479012730267,-0.010207582459585984
2026-09-16T13:11:32.632780,46.53,map,roomba,-3.465771511015863,-0.3071183943239447,0.0,-3.1219365100399687,0.0,0.0,0.9999517048913349,-0.00982791355847139
2026-09-16T13:11:32.686414,46.59,map,roomba,-3.495765936523918,-0.30769664258647045,0.0,-3.122698104304953,0.0,0.0,0.9999553748328203,-0.009447134113265337
2026-09-16T13:11:32.744003,46.63,map,roomba,-3.5157624254275444,-0.30807136962692117,0.0,-3.1230034992034157,0.0,0.0,0.999956805728361,-0.009294443368639393
2026-09-16T13:11:32.812413,46.67,map,roomba,-3.535759024878385,-0.3084401511181567,0.0,-3.123302908432849,0.0,0.0,0.9999581859441675,-0.009144745116712517
2026-09-16T13:11:32.882864,46.73,map,roomba,-3.570943096476668,-0.31023360154007085,0.0,-3.1237618790250044,0.0,0.0,0.9999602581980404,-0.00891526917756305
2026-09-16T13:11:32.932334,46.77,map,roomba,-3.590939969914867,-0.3105872143830545,0.0,-3.124083139965876,0.0,0.0,0.999961677361355,-0.008754644976545572
2026-09-16T13:11:32.981676,46.83,map,roomba,-3.6209355096988114,-0.3111044716882959,0.0,-3.1246187177812526,0.0,0.0,0.9999639859040672,-0.008486866020533522
2026-09-16T13:11:33.038401,46.87,map,roomba,-3.6409326880954653,-0.3114403956094086,0.0,-3.124976337453035,0.0,0.0,0.9999654874532765,-0.008308062489594568
2026-09-16T13:11:33.083930,46.93,map,roomba,-3.670928677191688,-0.3119309070485353,0.0,-3.1255127244451284,0.0,0.0,0.9999676796589401,-0.00803987795401353
2026-09-16T13:11:33.156162,46.97,map,roomba,-3.6909261472033776,-0.31224899889442115,0.0,-3.1258664631945785,0.0,0.0,0.9999690860262369,-0.007863014170934275
2026-09-16T13:11:33.202699,47.03,map,roomba,-3.71900241492379,-0.31255282711804844,0.0,-3.126403370686427,0.0,0.0,0.9999711608492274,-0.007594568443872718
2026-09-16T13:11:33.254432,47.08,map,roomba,-3.7439996053465077,-0.31292759796183367,0.0,-3.126835538349725,0.0,0.0,0.9999727785672259,-0.007378490668275854
2026-09-16T13:11:33.301878,47.13,map,roomba,-3.768996968295735,-0.3132906895273535,0.0,-3.12727286061432,0.0,0.0,0.9999743680506427,-0.007159835313597431
2026-09-16T13:11:33.385698,47.17,map,roomba,-3.7889949656804363,-0.3135736935133906,0.0,-3.127617478414139,0.0,0.0,0.9999755869091851,-0.0069875307248645335
2026-09-16T13:11:33.438033,47.23,map,roomba,-3.8189921428333027,-0.3139851921339938,0.0,-3.128136564632582,0.0,0.0,0.9999773667941245,-0.006727993719457065
2026-09-16T13:11:33.505240,47.27,map,roomba,-3.838990378134673,-0.3142508535102817,0.0,-3.128485045436209,0.0,0.0,0.9999785239029324,-0.00655375716001412
2026-09-16T13:11:33.554310,47.33,map,roomba,-3.8643683859133127,-0.3131918846138961,0.0,-3.1298785561269016,0.0,0.0,0.9999828475391135,-0.0058570152438077745
2026-09-16T13:11:33.605898,47.37,map,roomba,-3.884367033852459,-0.31342442821098987,0.0,-3.1300425070015407,0.0,0.0,0.9999833243105704,-0.005775041192980995
2026-09-16T13:11:33.652257,47.43,map,roomba,-3.9143650756617574,-0.3137671771762304,0.0,-3.1302675011042376,0.0,0.0,0.9999839676579869,-0.005662545981292486
2026-09-16T13:11:33.703535,47.47,map,roomba,-3.9343637992999785,-0.3139931230698218,0.0,-3.130327447549771,0.0,0.0,0.9999841369335492,-0.005632573236527679
2026-09-16T13:11:33.755137,47.53,map,roomba,-3.9643619094762466,-0.31432984683231274,0.0,-3.130411182610365,0.0,0.0,0.9999843718790485,-0.005590706365453571
2026-09-16T13:11:33.830193,47.57,map,roomba,-3.984360665797003,-0.3145528815921665,0.0,-3.1304699020076763,0.0,0.0,0.9999845355895135,-0.005561347123229556
2026-09-16T13:11:33.880333,47.63,map,roomba,-4.019625527443644,-0.3091755039675955,0.0,-3.1305577914499416,0.0,0.0,0.9999847790158075,-0.005517403076320261
2026-09-16T13:11:33.931217,47.67,map,roomba,-4.03962430078253,-0.30939701127710817,0.0,-3.130411094829238,0.0,0.0,0.9999843716336684,-0.00559075025533138
2026-09-16T13:11:33.982058,47.73,map,roomba,-4.069622368942689,-0.3097374651482456,0.0,-3.1300764311885008,0.0,0.0,0.9999834221235051,-0.005758079381525739
2026-09-16T13:11:34.036186,47.77,map,roomba,-4.089621016593979,-0.30997004842515763,0.0,-3.129852372610196,0.0,0.0,0.9999827707747896,-0.0058701067771024466
2026-09-16T13:11:34.082310,47.83,map,roomba,-4.119618888609093,-0.3103273657532092,0.0,-3.1295139020370213,0.0,0.0,0.9999817630255472,-0.006039339063027533
2026-09-16T13:11:34.148129,47.89,map,roomba,-4.149616638237688,-0.31069481326370096,0.0,-3.129175757308849,0.0,0.0,0.9999807276477478,-0.006208408256621149
2026-09-16T13:11:34.194103,47.93,map,roomba,-4.16662896983825,-0.31377869735597186,0.0,-3.1289496637502006,0.0,0.0,0.9999800194175271,-0.006321452817356834
2026-09-16T13:11:34.246536,47.97,map,roomba,-4.1866273429735745,-0.3140337930978072,0.0,-3.128773935876913,0.0,0.0,0.9999794601298394,-0.006409314973913845
2026-09-16T13:11:34.294019,48.03,map,roomba,-4.216624871836138,-0.3144188417948962,0.0,-3.1287430263009144,0.0,0.0,0.9999793609558125,-0.006424769443707596
2026-09-16T13:11:34.369966,48.07,map,roomba,-4.236623218878806,-0.3146759714670968,0.0,-3.1287275061179165,0.0,0.0,0.9999793110689049,-0.006432529374852364
2026-09-16T13:11:34.419238,48.13,map,roomba,-4.266620731677811,-0.3150622693647015,0.0,-3.128705932290062,0.0,0.0,0.9999792416235866,-0.006443316065235395
2026-09-16T13:11:34.486921,48.17,map,roomba,-4.286619068355072,-0.31532020391201754,0.0,-3.1286888149782572,0.0,0.0,0.999979186440837,-0.006451874543237717
2026-09-16T13:11:34.540165,48.23,map,roomba,-4.320660326670824,-0.3186417922835723,0.0,-3.129552283402015,0.0,0.0,0.9999818787404479,-0.006020148729399602
2026-09-16T13:11:34.587093,48.27,map,roomba,-4.340658880489745,-0.31888230186715616,0.0,-3.1296099585879724,0.0,0.0,0.9999820519312508,-0.005991311656495238
2026-09-16T13:11:34.636390,48.33,map,roomba,-4.370656751439865,-0.31923970376393235,0.0,-3.1297537844348025,0.0,0.0,0.9999824801982988,-0.005919400008348355
2026-09-16T13:11:34.687932,48.39,map,roomba,-4.40065467424005,-0.31959272699797947,0.0,-3.1298993512276065,0.0,0.0,0.9999829083836708,-0.005846617871482462
2026-09-16T13:11:34.766327,48.43,map,roomba,-4.420653317958676,-0.3198256407852293,0.0,-3.1299958979705553,0.0,0.0,0.9999831894544878,-0.00579834531828452
2026-09-16T13:11:34.817943,48.47,map,roomba,-4.440651984272948,-0.3200566063471184,0.0,-3.1300966021370433,0.0,0.0,0.999983480145609,-0.005747994074157418
2026-09-16T13:11:34.885998,48.53,map,roomba,-4.468229524172386,-0.31631017498444747,0.0,-3.131109439454095,0.0,0.0,0.9999862628091251,-0.00524158306617508
2026-09-16T13:11:34.934157,48.59,map,roomba,-4.498227885836287,-0.3166236984027443,0.0,-3.131062931600182,0.0,0.0,0.9999861406513664,-0.005264836672268629
2026-09-16T13:11:34.987211,48.63,map,roomba,-4.5182267590725695,-0.31683599461636947,0.0,-3.130894270041117,0.0,0.0,0.9999856931077954,-0.005349166264210487
2026-09-16T13:11:35.036216,48.67,map,roomba,-4.53822559513645,-0.3170517640495204,0.0,-3.1307175503610942,0.0,0.0,0.9999852165526458,-0.005437524819070532
2026-09-16T13:11:35.092688,48.73,map,roomba,-4.568223778095028,-0.3173819411503802,0.0,-3.130456188789952,0.0,0.0,0.9999844974340254,-0.0055682036259277114
2026-09-16T13:11:35.160427,48.77,map,roomba,-4.588222518446645,-0.31760640607658386,0.0,-3.130283716967096,0.0,0.0,0.9999840135366527,-0.00565443817966656
2026-09-16T13:11:35.212469,48.83,map,roomba,-4.620953707516873,-0.31824996028560787,0.0,-3.128278849418192,0.0,0.0,0.9999778429091333,-0.006656852919866575
2026-09-16T13:11:35.262733,48.87,map,roomba,-4.640951914100829,-0.31851779163191823,0.0,-3.1281615500999753,0.0,0.0,0.9999774507671259,-0.006715501267986243
2026-09-16T13:11:35.326338,48.93,map,roomba,-4.670949192303487,-0.31892189578885116,0.0,-3.128083967852026,0.0,0.0,0.999977189512925,-0.006754291512188605
2026-09-16T13:11:35.393343,48.97,map,roomba,-4.690947360410316,-0.3191925844466886,0.0,-3.128033684294031,0.0,0.0,0.9999770193819733,-0.00677943271555238
2026-09-16T13:11:35.444532,49.03,map,roomba,-4.720944605043116,-0.3195991731573011,0.0,-3.1280534031230878,0.0,0.0,0.9999770861746078,-0.006769573527270335
2026-09-16T13:11:35.494161,49.07,map,roomba,-4.740942772478125,-0.31986991144570803,0.0,-3.1280596471419706,0.0,0.0,0.9999771073044068,-0.006766451589333113
2026-09-16T13:11:35.544678,49.13,map,roomba,-4.767124684392357,-0.3256512465713505,0.0,-3.126333267240711,0.0,0.0,0.9999708940322252,-0.007629619151196192
2026-09-16T13:11:35.596633,49.17,map,roomba,-4.784280593449572,-0.32591256841614363,0.0,-3.1264748173790795,0.0,0.0,0.9999714315145657,-0.007558846122939177
2026-09-16T13:11:35.644300,49.23,map,roomba,-4.8099935423603,-0.3262960505285847,0.0,-3.1268891979053017,0.0,0.0,0.9999729761705822,-0.0073516616181800686
2026-09-16T13:11:35.693065,49.27,map,roomba,-4.827134669998262,-0.3265457053838631,0.0,-3.127169670452045,0.0,0.0,0.9999739973073668,-0.007211429062699607
2026-09-16T13:11:35.744900,49.33,map,roomba,-4.852846437120411,-0.3269112002858058,0.0,-3.1275871209126853,0.0,0.0,0.9999754807320035,-0.007002709104225549
2026-09-16T13:11:35.824919,49.37,map,roomba,-4.869987695657695,-0.32714887167673884,0.0,-3.127866802938175,0.0,0.0,0.9999764502204188,-0.006862871452264924
2026-09-16T13:11:35.887286,49.43,map,roomba,-4.889829686985106,-0.3274475819802482,0.0,-3.1282877126821926,0.0,0.0,0.9999778724000363,-0.00665242138599282
2026-09-16T13:11:35.938634,49.47,map,roomba,-4.9069711043159705,-0.32767327048022826,0.0,-3.1285667609532273,0.0,0.0,0.9999787908400994,-0.006512900273511138
2026-09-16T13:11:35.986182,49.53,map,roomba,-4.932683343922805,-0.32800288634348834,0.0,-3.12898209333839,0.0,0.0,0.9999801217871258,-0.006305238346412592
2026-09-16T13:11:36.039890,49.59,map,roomba,-4.958395715894499,-0.3283218095766261,0.0,-3.1293987697107175,0.0,0.0,0.9999814137070683,-0.006096904166307994
2026-09-16T13:11:36.101326,49.63,map,roomba,-4.975537368567246,-0.32852848698968,0.0,-3.1296739202820247,0.0,0.0,0.9999822430270943,-0.0059593313804049836
2026-09-16T13:11:36.149775,49.67,map,roomba,-4.992679076818159,-0.3287304142225252,0.0,-3.129948959727917,0.0,0.0,0.9999830530970228,-0.005821814043475891
2026-09-16T13:11:36.201240,49.73,map,roomba,-5.023251407260284,-0.3291357897172545,0.0,-3.1286232558847775,0.0,0.0,0.9999789744140758,-0.006484653404246513
2026-09-16T13:11:36.248163,49.77,map,roomba,-5.040392893043603,-0.3293555990678087,0.0,-3.1289387191425764,0.0,0.0,0.999979984809644,-0.006326925011734317
2026-09-16T13:11:36.308331,49.83,map,roomba,-5.066105266662738,-0.3296736506281583,0.0,-3.1295038410474443,0.0,0.0,0.9999817326320309,-0.006044369465998485
2026-09-16T13:11:36.364244,49.89,map,roomba,-5.091817811845294,-0.3299773417947808,0.0,-3.1300589921211097,0.0,0.0,0.9999833718777233,-0.005766798770450792
2026-09-16T13:11:36.420742,49.93,map,roomba,-5.108959600045624,-0.3301718226297418,0.0,-3.1304328672115416,0.0,0.0,0.9999844324363907,-0.00557986423398173
2026-09-16T13:11:36.473713,49.97,map,roomba,-5.126101437786465,-0.3303618135980963,0.0,-3.1305707545150487,0.0,0.0,0.9999848147560304,-0.005510921642306266
2026-09-16T13:11:36.520630,50.03,map,roomba,-5.146210339880836,-0.3305157849359889,0.0,-3.1307719144429687,0.0,0.0,0.9999853639862418,-0.005410343177972034
2026-09-16T13:11:36.569359,50.07,map,roomba,-5.161050346314379,-0.33067551982016896,0.0,-3.130885452210709,0.0,0.0,0.9999856695140558,-0.005353575116284534
2026-09-16T13:11:36.620862,50.13,map,roomba,-5.182531246954216,-0.3309038175067882,0.0,-3.1310480543814125,0.0,0.0,0.9999861014606369,-0.00527227517841319
2026-09-16T13:11:36.670439,50.17,map,roomba,-5.196817606582281,-0.33105372837276803,0.0,-3.1311545941488528,0.0,0.0,0.9999863808953019,-0.005219006027611325
2026-09-16T13:11:36.720585,50.23,map,roomba,-5.21824527889221,-0.3312756930058507,0.0,-3.1313165832854444,0.0,0.0,0.9999868003264262,-0.00513801254535893
2026-09-16T13:11:36.772133,50.29,map,roomba,-5.239672856505431,-0.3314941974905538,0.0,-3.1314771102681225,0.0,0.0,0.9999872095001797,-0.005057750097007821
2026-09-16T13:11:36.854711,50.33,map,roomba,-5.258558228152085,-0.33130527691234407,0.0,-3.1350727404115957,0.0,0.0,0.9999946863462243,-0.0032599508150031914
2026-09-16T13:11:36.904183,50.37,map,roomba,-5.272843716016894,-0.3313978000416572,0.0,-3.1351158451004015,0.0,0.0,0.9999947563735566,-0.0032383985843664957
2026-09-16T13:11:36.954018,50.43,map,roomba,-5.2942719425340865,-0.33153687131668835,0.0,-3.1350872913740995,0.0,0.0,0.9999947100374693,-0.0032526753723244655
2026-09-16T13:11:37.003841,50.47,map,roomba,-5.3085574220588185,-0.3316299867854965,0.0,-3.1350613271813637,0.0,0.0,0.9999946677266572,-0.0032656573997431105
2026-09-16T13:11:37.053798,50.53,map,roomba,-5.329985634171777,-0.33177026750413424,0.0,-3.1350301479565488,0.0,0.0,0.9999946166948067,-0.003281246928625009
2026-09-16T13:11:37.104438,50.57,map,roomba,-5.344271104188808,-0.33186419202339434,0.0,-3.1350101247251025,0.0,0.0,0.9999945837941074,-0.0032912584902879314
2026-09-16T13:11:37.155591,50.63,map,roomba,-5.365698237577692,-0.3321490227984683,0.0,-3.1332257466957216,0.0,0.0,0.9999912493713905,-0.004183441244412881
2026-09-16T13:11:37.205363,50.67,map,roomba,-5.379983513332695,-0.3322684340817041,0.0,-3.1332572392289375,0.0,0.0,0.9999913151210004,-0.004167695115076691
2026-09-16T13:11:37.253462,50.73,map,roomba,-5.401411435150882,-0.3324462286480568,0.0,-3.133337678113439,0.0,0.0,0.9999914819345785,-0.004127476018766828
2026-09-16T13:11:37.338722,50.79,map,roomba,-5.422839367121749,-0.332622397291776,0.0,-3.133405551153094,0.0,0.0,0.9999916214309115,-0.004093539785642642
2026-09-16T13:11:37.397698,50.83,map,roomba,-5.4371246607570365,-0.33273893794600923,0.0,-3.1334585801276424,0.0,0.0,0.9999917296175139,-0.004067025519086096
2026-09-16T13:11:37.448287,50.87,map,roomba,-5.451409958919269,-0.3328547538949406,0.0,-3.133508872214088,0.0,0.0,0.9999918315709544,-0.004041879682547516
2026-09-16T13:11:37.497689,50.93,map,roomba,-5.477503366720919,-0.3329035488688358,0.0,-3.1370774538294968,0.0,0.0,0.999997451622473,-0.002257597962408867
2026-09-16T13:11:37.547509,50.97,map,roomba,-5.491788986080087,-0.3329679152971431,0.0,-3.1370465745414866,0.0,0.0,0.9999974166467731,-0.002273037566798204
2026-09-16T13:11:37.598498,51.03,map,roomba,-5.513217400378058,-0.333067176111299,0.0,-3.1368739899141858,0.0,0.0,0.9999972167779306,-0.0023593296489550783
2026-09-16T13:11:37.650951,51.09,map,roomba,-5.534645794250309,-0.3331701901132197,0.0,-3.1366995219939975,0.0,0.0,0.9999970071593912,-0.0024465633571701217
2026-09-16T13:11:37.718508,51.13,map,roomba,-5.547903495539022,-0.3332358221649051,0.0,-3.13659429778397,0.0,0.0,0.9999968770565303,-0.002499175301313848
2026-09-16T13:11:37.766289,51.19,map,roomba,-5.565144113389232,-0.3333233172164757,0.0,-3.136448515585447,0.0,0.0,0.9999966922323476,-0.0025720661662368824
2026-09-16T13:11:37.815377,51.23,map,roomba,-5.576492402758668,-0.3333822455782767,0.0,-3.1363513477110634,0.0,0.0,0.999996566091051,-0.0026206499396696017
2026-09-16T13:11:37.885466,51.27,map,roomba,-5.587846227733652,-0.3334422663398193,0.0,-3.136260097778869,0.0,0.0,0.9999964454831712,-0.002666274746351341
2026-09-16T13:11:37.937122,51.33,map,roomba,-5.604876367141082,-0.33353428909396937,0.0,-3.1361186248387507,0.0,0.0,0.9999962543784924,-0.0027370109582470006
2026-09-16T13:11:37.987434,51.37,map,roomba,-5.616229757629875,-0.3335969674710936,0.0,-3.1360273977847744,0.0,0.0,0.9999961284934762,-0.0027826243115210473
2026-09-16T13:11:38.035624,51.43,map,roomba,-5.6332598266163245,-0.3336929797637786,0.0,-3.1358851412066584,0.0,0.0,0.999995928040563,-0.0028537523181064394
2026-09-16T13:11:38.086405,51.47,map,roomba,-5.6446131955912096,-0.33375831829044933,0.0,-3.1357857563102236,0.0,0.0,0.9999957849959592,-0.0029034445604343108
2026-09-16T13:11:38.135309,51.53,map,roomba,-5.661643233507895,-0.33385832109391994,0.0,-3.13564697718336,0.0,0.0,0.9999955811197632,-0.002972833824343254
2026-09-16T13:11:38.184885,51.57,map,roomba,-5.67299658169401,-0.33392631868436884,0.0,-3.1355565099531497,0.0,0.0,0.9999954456247069,-0.003018067236509685
2026-09-16T13:11:38.241259,51.63,map,roomba,-5.690026588210953,-0.33403030910560355,0.0,-3.135417185146182,0.0,0.0,0.9999952329524753,-0.0030877293153454377
2026-09-16T13:11:38.287855,51.69,map,roomba,-5.707056575658367,-0.334136692830294,0.0,-3.1352728561569356,0.0,0.0,0.9999950075242051,-0.0031598934578545472
2026-09-16T13:11:38.352303,51.73,map,roomba,-5.715571582517054,-0.3341907825470644,0.0,-3.1352056794213334,0.0,0.0,0.9999949008244551,-0.0031934816561775313
2026-09-16T13:11:38.407723,51.79,map,roomba,-5.735439845199089,-0.334319319808819,0.0,-3.1350410541498572,0.0,0.0,0.9999946345728953,-0.0032757938612775956
2026-09-16T13:11:38.466074,51.83,map,roomba,-5.74679313785121,-0.3343942325065819,0.0,-3.1349467445593766,0.0,0.0,0.9999944789917252,-0.003322948399852829
2026-09-16T13:11:38.514012,51.87,map,roomba,-5.75814642175329,-0.33447020930925353,0.0,-3.1348544297178806,0.0,0.0,0.99999432454775,-0.0033691055622091376
2026-09-16T13:11:38.563633,51.93,map,roomba,-5.769684421409026,-0.3348184359410078,0.0,-3.1312282264255207,0.0,0.0,0.999986572361245,-0.00518219038715154
2026-09-16T13:11:38.617352,51.99,map,roomba,-5.786713808845172,-0.3349947923866716,0.0,-3.131256235632248,0.0,0.0,0.9999866448377027,-0.005168185971328916
2026-09-16T13:11:38.668582,52.03,map,roomba,-5.79806673548836,-0.33511201628424225,0.0,-3.1312750929156503,0.0,0.0,0.9999866935222275,-0.0051587574553192015
2026-09-16T13:11:38.717529,52.07,map,roomba,-5.809419663346132,-0.3352289789906544,0.0,-3.131304116896962,0.0,0.0,0.9999867682807698,-0.0051442456572241505
2026-09-16T13:11:38.763202,52.13,map,roomba,-5.82644905748454,-0.3354039326395202,0.0,-3.1313330803842376,0.0,0.0,0.9999868426735576,-0.005129764104665767
2026-09-16T13:11:38.834903,52.17,map,roomba,-5.837801988519448,-0.33552024165313254,0.0,-3.1313572577230224,0.0,0.0,0.9999869046125129,-0.005117675593953413
2026-09-16T13:11:38.896476,52.23,map,roomba,-5.854831387576681,-0.33569421316423076,0.0,-3.131395776591112,0.0,0.0,0.9999870029905881,-0.005098416411170534
2026-09-16T13:11:38.946895,52.29,map,roomba,-5.871860789714351,-0.3358675950237149,0.0,-3.131430930659647,0.0,0.0,0.9999870924511539,-0.005080839604565099
2026-09-16T13:11:38.996268,52.33,map,roomba,-5.887943809100861,-0.33578135135449333,0.0,-3.13319938733882,0.0,0.0,0.999991194148129,-0.004196620807169624
2026-09-16T13:11:39.065303,52.39,map,roomba,-5.904973488106777,-0.3359244351119016,0.0,-3.1331561709950413,0.0,0.0,0.9999911032333707,-0.004218228787799196
2026-09-16T13:11:39.113013,52.43,map,roomba,-5.916326600039115,-0.33602052688719347,0.0,-3.133101654151613,0.0,0.0,0.9999909878796039,-0.004245486965431134
2026-09-16T13:11:39.162862,52.47,map,roomba,-5.927679705625073,-0.3361172308176458,0.0,-3.1330478465792675,0.0,0.0,0.9999908732980269,-0.004272390507603907
2026-09-16T13:11:39.212835,52.53,map,roomba,-5.941330465443709,-0.33623433057332835,0.0,-3.133040730633757,0.0,0.0,0.9999908580906484,-0.004275948447859609
2026-09-16T13:11:39.280329,52.59,map,roomba,-5.944502798665358,-0.3362616681894377,0.0,-3.13296568560803,0.0,0.0,0.9999906969423548,-0.004313470614676742
2026-09-16T13:11:39.330401,52.63,map,roomba,-5.946232411786374,-0.3362765925882461,0.0,-3.132961656060327,0.0,0.0,0.9999906882496573,-0.004315485369775962
2026-09-16T13:11:39.416952,52.67,map,roomba,-5.9479494463223945,-0.33629142257242406,0.0,-3.13295352660011,0.0,0.0,0.999990670700113,-0.004319550061999048
2026-09-16T13:11:39.468292,52.73,map,roomba,-5.9451934500842984,-0.336357746094474,0.0,-3.134684329151857,0.0,0.0,0.9999940343876139,-0.003454155350234461
2026-09-16T13:11:39.517167,52.77,map,roomba,-5.946907902840764,-0.33636959825345936,0.0,-3.1346695477892097,0.0,0.0,0.9999940088317416,-0.003461545987373722
2026-09-16T13:11:39.581015,52.83,map,roomba,-5.949479567400047,-0.3363874299663897,0.0,-3.134647622303361,0.0,0.0,0.9999939708236124,-0.0034725086644101953
2026-09-16T13:11:39.654463,52.87,map,roomba,-5.951194003796129,-0.3363993550062331,0.0,-3.134629502509517,0.0,0.0,0.9999939393220012,-0.0034815685065658535
2026-09-16T13:11:39.718249,52.93,map,roomba,-5.9537656490278446,-0.3364172984010356,0.0,-3.1346059804788746,0.0,0.0,0.9999938983060603,-0.0034933294503662563
2026-09-16T13:11:39.783909,52.97,map,roomba,-5.9554800731197375,-0.33642929791291987,0.0,-3.134586436230089,0.0,0.0,0.9999938641210635,-0.0035031015149655843
2026-09-16T13:11:39.869585,53.03,map,roomba,-5.958051700452502,-0.33644735304098894,0.0,-3.134560381488921,0.0,0.0,0.9999938184000061,-0.0035161288053176497
2026-09-16T13:11:39.919673,53.07,map,roomba,-5.959766112966659,-0.33645942703682497,0.0,-3.1345460416298216,0.0,0.0,0.9999937931639066,-0.0035232986904552067
2026-09-16T13:11:39.986848,53.13,map,roomba,-5.962337723446243,-0.33647759386418163,0.0,-3.134515198537441,0.0,0.0,0.9999937387102817,-0.0035387201405068973
2026-09-16T13:11:40.056086,53.19,map,roomba,-5.987642962814079,-0.3369082154435311,0.0,-3.117851236736907,0.0,0.0,0.9999295439680849,-0.011870429637463084
2026-09-16T13:11:40.103818,53.23,map,roomba,-6.00757033300315,-0.33762043238080885,0.0,-3.101596371997824,0.0,0.0,0.9998000438464513,-0.0199968078611116
2026-09-16T13:11:40.156440,53.27,map,roomba,-6.027280153597511,-0.3386487971484622,0.0,-3.0813690493787997,0.0,0.0,0.9995466739418732,-0.030107251813117786
2026-09-16T13:11:40.205695,53.33,map,roomba,-6.05682811469644,-0.3407920269938286,0.0,-3.0571273628160087,0.0,0.0,0.9991083343745943,-0.0422200921745065
2026-09-16T13:11:40.256637,53.37,map,roomba,-6.076493438176224,-0.34261645539869945,0.0,-3.0410933234278823,0.0,0.0,0.9987377512143775,-0.050228520775036575
2026-09-16T13:11:40.305211,53.43,map,roomba,-6.105930237130617,-0.3459435202747372,0.0,-3.0170495963845556,0.0,0.0,0.9980617548189715,-0.062231290904778955
2026-09-16T13:11:40.373714,53.47,map,roomba,-6.125509083226093,-0.348536485916194,0.0,-3.0058663559841987,0.0,0.0,0.9976981801221846,-0.0678110712264667
2026-09-16T13:11:40.424141,53.53,map,roomba,-6.154842490682301,-0.35268038576594285,0.0,-2.9967765977970324,0.0,0.0,0.997379683891115,-0.07234477286756547
2026-09-16T13:11:40.474155,53.57,map,roomba,-6.174376972181185,-0.35558887746621637,0.0,-2.990816036601116,0.0,0.0,0.9971596470913239,-0.0753169185024626
2026-09-16T13:11:40.526722,53.63,map,roomba,-6.1942632766875265,-0.35451890858019414,0.0,-3.0167871575946386,0.0,0.0,0.998053580274077,-0.062362255428236056
2026-09-16T13:11:40.573703,53.67,map,roomba,-6.213851712162157,-0.357038559024001,0.0,-3.0100979334909153,0.0,0.0,0.9978394207889222,-0.06570000243248346
2026-09-16T13:11:40.623929,53.73,map,roomba,-6.238310470559488,-0.36038933048608857,0.0,-3.000777200102814,0.0,0.0,0.9975223997677091,-0.07034956973337385
2026-09-16T13:11:40.673856,53.77,map,roomba,-6.262736889176202,-0.36396869017047057,0.0,-2.9914289591084486,0.0,0.0,0.9971826819823603,-0.07501132417486701
2026-09-16T13:11:40.724384,53.83,map,roomba,-6.292030293673485,-0.37836882978379116,0.0,-2.981951189876983,0.0,0.0,0.9968160164442348,-0.07973599789459666
2026-09-16T13:11:40.773487,53.87,map,roomba,-6.311517205587944,-0.38158070727084314,0.0,-2.9746656117525427,0.0,0.0,0.9965189418424671,-0.08336665130116264
2026-09-16T13:11:40.824164,53.93,map,roomba,-6.340703532886438,-0.38665809726527856,0.0,-2.964055191016631,0.0,0.0,0.9960626426863148,-0.08865219593870616
2026-09-16T13:11:40.893063,53.97,map,roomba,-6.360130473389117,-0.3902148074374697,0.0,-2.9569923005463528,0.0,0.0,0.995743361967434,-0.0921691765059879
2026-09-16T13:11:40.941689,54.03,map,roomba,-6.389222546756603,-0.3958070746669047,0.0,-2.946382218443235,0.0,0.0,0.995240391196733,-0.09745031416354585
2026-09-16T13:11:41.005469,54.09,map,roomba,-6.418253709266768,-0.40170742458566955,0.0,-2.935787270245569,0.0,0.0,0.9947101882978349,-0.10272118231643296
2026-09-16T13:11:41.053583,54.13,map,roomba,-6.437572367747529,-0.40581181758705726,0.0,-2.928720030033046,0.0,0.0,0.9943410012145217,-0.10623546161100114
2026-09-16T13:11:41.103003,54.17,map,roomba,-6.456861539630617,-0.41005263717361157,0.0,-2.9216479974733645,0.0,0.0,0.9939591353548924,-0.1097507960998675
2026-09-16T13:11:41.153735,54.23,map,roomba,-6.485737903159236,-0.41666920016876324,0.0,-2.911051582790517,0.0,0.0,0.9933637049204077,-0.1150154326462377
2026-09-16T13:11:41.204891,54.27,map,roomba,-6.504949147727048,-0.4212501404882669,0.0,-2.9039837109745905,0.0,0.0,0.992951045693343,-0.11852519080978798
2026-09-16T13:11:41.253885,54.33,map,roomba,-6.533725097048661,-0.42829108242808994,0.0,-2.8994883870504573,0.0,0.0,0.9926821331692365,-0.12075670783262704
2026-09-16T13:11:41.334915,54.39,map,roomba,-6.562470369304916,-0.4354562440967673,0.0,-2.895115717396089,0.0,0.0,0.992415746244498,-0.12292675301160519
2026-09-16T13:11:41.383520,54.43,map,roomba,-6.581313788583301,-0.4460441019625673,0.0,-2.890454709909568,0.0,0.0,0.9921265702191341,-0.12523924570683728
2026-09-16T13:11:41.432119,54.47,map,roomba,-6.600563725710166,-0.4510121734145062,0.0,-2.887676306350584,0.0,0.0,0.9919516303488524,-0.1266173884119152
2026-09-16T13:11:41.482958,54.53,map,roomba,-6.629424891580668,-0.45856232316017004,0.0,-2.8837632526565358,0.0,0.0,0.9917020015936989,-0.12855792482399214
2026-09-16T13:11:41.531447,54.57,map,roomba,-6.648649646511998,-0.46365855780193554,0.0,-2.881161004810929,0.0,0.0,0.9915338924117656,-0.1298481428391386
2026-09-16T13:11:41.582178,54.63,map,roomba,-6.677461758952391,-0.4713968413229465,0.0,-2.8772463210258805,0.0,0.0,0.9912778359889934,-0.13178866368917383
2026-09-16T13:11:41.636933,54.67,map,roomba,-6.6966529307867635,-0.4766182561080658,0.0,-2.874642488349996,0.0,0.0,0.9911054181220681,-0.13307911244474335
2026-09-16T13:11:41.683930,54.73,map,roomba,-6.7200471363938,-0.48398319119002,0.0,-2.8759669580110403,0.0,0.0,0.9911933304120064,-0.13242273878286553
2026-09-16T13:11:41.734448,54.79,map,roomba,-6.748818283556263,-0.4918724515603853,0.0,-2.871889250850373,0.0,0.0,0.9909212798670568,-0.1344433602177294
2026-09-16T13:11:41.782753,54.83,map,roomba,-6.767980734436666,-0.49719833430522065,0.0,-2.869108068123746,0.0,0.0,0.9907333660576836,-0.13582119635760778
2026-09-16T13:11:41.848813,54.89,map,roomba,-6.796696447591422,-0.5052870648333988,0.0,-2.8649341060414186,0.0,0.0,0.9904477524378774,-0.13788854082467175
2026-09-16T13:11:41.898980,54.93,map,roomba,-6.815821398128396,-0.5107460951495305,0.0,-2.8621508714081454,0.0,0.0,0.9902549053688472,-0.13926673110594456
2026-09-16T13:11:41.946805,54.96,map,roomba,-6.830153063831438,-0.5148729055824521,0.0,-2.8600663934802384,0.0,0.0,0.9901092183434674,-0.14029873752563796
2026-09-16T13:11:41.994868,55.03,map,roomba,-6.868722584652872,-0.529792630762825,0.0,-2.8499601774524126,0.0,0.0,0.9893876360372663,-0.14530005387676198
2026-09-16T13:11:42.046754,55.09,map,roomba,-6.897279789582636,-0.5384243733818652,0.0,-2.8463713142260483,0.0,0.0,0.9891253122609633,-0.14707520744385105
2026-09-16T13:11:42.095530,55.13,map,roomba,-6.916301819788793,-0.544231916786804,0.0,-2.8441704504402052,0.0,0.0,0.9889628671539371,-0.1481635832135013
2026-09-16T13:11:42.145023,55.17,map,roomba,-6.935204119205274,-0.5500482376727073,0.0,-2.841988673226911,0.0,0.0,0.988800648769533,-0.1492423431635634
2026-09-16T13:11:42.193940,55.23,map,roomba,-6.9634974776947685,-0.5588388248852815,0.0,-2.8387077874104643,0.0,0.0,0.9885544948787434,-0.1508642126384933
2026-09-16T13:11:42.244419,55.27,map,roomba,-6.982342108665243,-0.56475017103906,0.0,-2.8365315046687187,0.0,0.0,0.9883897480702541,-0.15193981015395433
2026-09-16T13:11:42.295719,55.33,map,roomba,-7.010701971982361,-0.5733151836722911,0.0,-2.836745515367041,0.0,0.0,0.9884060007840573,-0.1518340462941901
2026-09-16T13:11:42.364248,55.37,map,roomba,-7.029534754406801,-0.5792638457047341,0.0,-2.8344768517685868,0.0,0.0,0.9882331347388776,-0.15295512872790926
2026-09-16T13:11:42.415911,55.43,map,roomba,-7.05775766019498,-0.5882695550496138,0.0,-2.8309426168372465,0.0,0.0,0.9879613022206634,-0.15470121303484038
2026-09-16T13:11:42.468995,55.47,map,roomba,-7.076555139032449,-0.5943288598000888,0.0,-2.828580574969084,0.0,0.0,0.9877779078827221,-0.15586790785415883
2026-09-16T13:11:42.533665,55.53,map,roomba,-7.104724404154289,-0.6035009914472288,0.0,-2.8250373186028614,0.0,0.0,0.9875002178965079,-0.1576176375103672
2026-09-16T13:11:42.601013,55.57,map,roomba,-7.123485793063396,-0.6096711463046038,0.0,-2.8226729175851433,0.0,0.0,0.987313192224536,-0.15878495035549345
2026-09-16T13:11:42.652067,55.63,map,roomba,-7.142207868625731,-0.618440871191446,0.0,-2.8199199135541173,0.0,0.0,0.987093689129823,-0.16014383809587043
2026-09-16T13:11:42.702573,55.67,map,roomba,-7.160937538461974,-0.6247066594000443,0.0,-2.8176489384923795,0.0,0.0,0.9869112114919566,-0.1612645671915516
2026-09-16T13:11:42.750293,55.73,map,roomba,-7.189006232772314,-0.6341821304122468,0.0,-2.814394367976986,0.0,0.0,0.9866474814565601,-0.16287033902901688
2026-09-16T13:11:42.823258,55.77,map,roomba,-7.207701522620367,-0.6405497746900668,0.0,-2.8122351621784025,0.0,0.0,0.9864710712108021,-0.16393543138752067
2026-09-16T13:11:42.892952,55.83,map,roomba,-7.235718973397837,-0.6501757234692325,0.0,-2.8090846381056154,0.0,0.0,0.9862116061168146,-0.16548917777453886
2026-09-16T13:11:42.935933,55.88,map,roomba,-7.259042613287238,-0.6582633085274283,0.0,-2.8064581331413243,0.0,0.0,0.9859934266798372,-0.16678417953796568
2026-09-16T13:11:42.996872,55.93,map,roomba,-7.282368422823352,-0.6663531599495573,0.0,-2.8093561191433434,0.0,0.0,0.9862340606178879,-0.1653553073752165
2026-09-16T13:11:43.045092,55.99,map,roomba,-7.310390844501518,-0.6759646799052537,0.0,-2.8130608367373875,0.0,0.0,0.9865386658019766,-0.1635281653956161
2026-09-16T13:11:43.093849,56.03,map,roomba,-7.317073371192108,-0.6882424913006894,0.0,-2.81340188097517,0.0,0.0,0.9865665366279196,-0.16335993635525153
2026-09-16T13:11:43.151550,56.09,map,roomba,-7.323030753186716,-0.6902759080550535,0.0,-2.8130546034346566,0.0,0.0,0.9865381561369052,-0.16353124009190162
2026-09-16T13:11:43.217976,56.13,map,roomba,-7.3268281293745305,-0.6915696929952219,0.0,-2.813488373787712,0.0,0.0,0.9865736004355296,-0.1633172707452465
2026-09-16T13:11:43.265825,56.17,map,roomba,-7.330614112559842,-0.6928571842330973,0.0,-2.814056173326594,0.0,0.0,0.9866199264119554,-0.16303717614969795
2026-09-16T13:11:43.318214,56.23,map,roomba,-7.331781986006743,-0.6952171222013618,0.0,-2.8135324680663096,0.0,0.0,0.9865772008743723,-0.1632955195799584
2026-09-16T13:11:43.377511,56.27,map,roomba,-7.335569570814273,-0.6965040427221711,0.0,-2.81456455776058,0.0,0.0,0.9866613373181935,-0.16278637977875837
2026-09-16T13:11:43.427115,56.33,map,roomba,-7.341253214601289,-0.6984276957002015,0.0,-2.815870108852452,0.0,0.0,0.9867673900625368,-0.16214227674844556
2026-09-16T13:11:43.481450,56.37,map,roomba,-7.345043676633313,-0.6997060642212274,0.0,-2.8167206101524993,0.0,0.0,0.986836251946466,-0.16172263862629488
2026-09-16T13:11:43.527339,56.44,map,roomba,-7.351688634502493,-0.701935193380027,0.0,-2.8188165629658366,0.0,0.0,0.9870051915264965,-0.16068836890000504
2026-09-16T13:11:43.577180,56.47,map,roomba,-7.354526183037612,-0.7028830027982436,0.0,-2.820359576505676,0.0,0.0,0.9871288699347207,-0.1599268399656586
2026-09-16T13:11:43.627352,56.53,map,roomba,-7.360222387604632,-0.7047690020083399,0.0,-2.823316957368211,0.0,0.0,0.9873642729455289,-0.15846700764117166
2026-09-16T13:11:43.679312,56.57,map,roomba,-7.364022930561577,-0.7060169958150462,0.0,-2.8252806556960595,0.0,0.0,0.9875193876962358,-0.1574974886277604
2026-09-16T13:11:43.727818,56.63,map,roomba,-7.369728245368284,-0.7078751907291868,0.0,-2.828156091504317,0.0,0.0,0.9877448039601897,-0.15607755203630802
2026-09-16T13:11:43.777244,56.67,map,roomba,-7.3735347251573975,-0.7091049166907498,0.0,-2.8300533099572465,0.0,0.0,0.9878924161281685,-0.15514049811847844
2026-09-16T13:11:43.828958,56.73,map,roomba,-7.379249194470724,-0.7109347035066852,0.0,-2.8334408964050426,0.0,0.0,0.9881537748275205,-0.15346699089420457
2026-09-16T13:11:43.896226,56.77,map,roomba,-7.383062367569302,-0.7121434763179298,0.0,-2.8357627844684816,0.0,0.0,0.9883312754623137,-0.15231969650388671
2026-09-16T13:11:43.948225,56.83,map,roomba,-7.388787195806627,-0.7139405346314235,0.0,-2.8390628153729764,0.0,0.0,0.9885812598103414,-0.15068872801838307
2026-09-16T13:11:43.999524,56.87,map,roomba,-7.392607010802598,-0.715128114072656,0.0,-2.841252365950609,0.0,0.0,0.9887456376495862,-0.14960636359765359
2026-09-16T13:11:44.047886,56.93,map,roomba,-7.398341328251132,-0.7168946051741212,0.0,-2.844189838979975,0.0,0.0,0.9889643034452291,-0.14815399593359907
2026-09-16T13:11:44.098921,56.97,map,roomba,-7.40216699999452,-0.7180631443237891,0.0,-2.846087165592517,0.0,0.0,0.9891044066686205,-0.14721573526194856
2026-09-16T13:11:44.157891,57.03,map,roomba,-7.407909816253756,-0.7198017542270558,0.0,-2.849140747023568,0.0,0.0,0.9893280213536554,-0.14570540883735675
2026-09-16T13:11:44.209978,57.07,map,roomba,-7.411741282402505,-0.7209511180458251,0.0,-2.851156617474986,0.0,0.0,0.9894743803972746,-0.14470815643020737
2026-09-16T13:11:44.275367,57.13,map,roomba,-7.427538701303585,-0.7225066850032557,0.0,-2.8612033445428766,0.0,0.0,0.9901888147544939,-0.13973586202221178
2026-09-16T13:11:44.349122,57.17,map,roomba,-7.43138374699541,-0.7236097355548317,0.0,-2.863196167371555,0.0,0.0,0.9903275575920008,-0.13874915738072957
2026-09-16T13:11:44.399551,57.23,map,roomba,-7.43715569184652,-0.7252489491751528,0.0,-2.8665597051422247,0.0,0.0,0.9905595010033017,-0.1370834598778781
2026-09-16T13:11:44.448838,57.27,map,roomba,-7.441006692622238,-0.7263309938868057,0.0,-2.8687835584723427,0.0,0.0,0.9907113153719042,-0.13598194583867176
2026-09-16T13:11:44.498547,57.33,map,roomba,-7.446787737078877,-0.72793777442379,0.0,-2.87219527445943,0.0,0.0,0.9909418396881025,-0.13429173599130767
2026-09-16T13:11:44.551691,57.39,map,roomba,-7.4525742496365,-0.7295247223240566,0.0,-2.875818404121401,0.0,0.0,0.9911834917213153,-0.1324963612298141
2026-09-16T13:11:44.600135,57.43,map,roomba,-7.456435355010319,-0.7305700883127606,0.0,-2.8785456852157703,0.0,0.0,0.9913632475154361,-0.13114462046019285
2026-09-16T13:11:44.648252,57.47,map,roomba,-7.460299280623068,-0.7316049698325617,0.0,-2.8812452601998415,0.0,0.0,0.9915393617347924,-0.1298063716870649
2026-09-16T13:11:44.700005,57.53,map,roomba,-7.46610012571087,-0.7331386385469393,0.0,-2.884898368083846,0.0,0.0,0.9917748059072751,-0.12799505602790628
2026-09-16T13:11:44.750808,57.59,map,roomba,-7.471906367709691,-0.7346517223542808,0.0,-2.888447918712007,0.0,0.0,0.9920004062944572,-0.12623467792818197
2026-09-16T13:11:44.801193,57.63,map,roomba,-7.475780212507188,-0.7356487874728425,0.0,-2.890893062541527,0.0,0.0,0.9921539958653887,-0.12502179205379488
2026-09-16T13:11:44.873388,57.67,map,roomba,-7.479656474558923,-0.7366364027706493,0.0,-2.893322220399758,0.0,0.0,0.9923051128486857,-0.12381665079607489
2026-09-16T13:11:44.923451,57.73,map,roomba,-7.485475267020178,-0.7381004238708303,0.0,-2.8968674232631755,0.0,0.0,0.9925230313378226,-0.122057495730412
2026-09-16T13:11:44.979691,57.79,map,roomba,-7.491299153401344,-0.7395440258540289,0.0,-2.9002636511890936,0.0,0.0,0.9927288677610819,-0.12037190334043997
2026-09-16T13:11:45.023783,57.83,map,roomba,-7.495184326702655,-0.7404959412894108,0.0,-2.902357190590691,0.0,0.0,0.9928543255195493,-0.11933267908297712
2026-09-16T13:11:45.073025,57.87,map,roomba,-7.499071467836818,-0.7414397792944667,0.0,-2.9044180168582834,0.0,0.0,0.9929767603755062,-0.11830956577624936
2026-09-16T13:11:45.125100,57.93,map,roomba,-7.504905995291569,-0.7428397017114857,0.0,-2.9078538280878337,0.0,0.0,0.9931785397068665,-0.11660355168577016
2026-09-16T13:11:45.175748,57.97,map,roomba,-7.508798374362914,-0.7437616759311769,0.0,-2.9101619515782633,0.0,0.0,0.9933124459887799,-0.11545728493164534
2026-09-16T13:11:45.227248,58.03,map,roomba,-7.5194860593541355,-0.7350489262401563,0.0,-2.9171132007723224,0.0,0.0,0.993707731775858,-0.11200421335324598
2026-09-16T13:11:45.277099,58.09,map,roomba,-7.52533784629151,-0.7363747987302747,0.0,-2.9204203241911326,0.0,0.0,0.9938915790394653,-0.11036090392180667
2026-09-16T13:11:45.327014,58.13,map,roomba,-7.5282654082863605,-0.7370304131748723,0.0,-2.9221292570283097,0.0,0.0,0.9939855158878269,-0.10951161675918536
2026-09-16T13:11:45.374935,58.17,map,roomba,-7.533147090402145,-0.7381120214243495,0.0,-2.924957239678367,0.0,0.0,0.9941393706393401,-0.10810602085368153
2026-09-16T13:11:45.423898,58.23,map,roomba,-7.5390090601782696,-0.7393920755312373,0.0,-2.928237638146575,0.0,0.0,0.994315348729268,-0.10647528953421208
2026-09-16T13:11:45.475985,58.29,map,roomba,-7.544875162068754,-0.7406530393476195,0.0,-2.9315533303675956,0.0,0.0,0.9944905018784788,-0.10482672213463264
2026-09-16T13:11:45.523208,58.34,map,roomba,-7.549769387246281,-0.7416888596320428,0.0,-2.9346208991768923,0.0,0.0,0.9946501136405013,-0.10330126540821243
2026-09-16T13:11:45.573944,58.37,map,roomba,-7.552703532163341,-0.7423018432790444,0.0,-2.936444285656668,0.0,0.0,0.9947438793239174,-0.10239440681796895
2026-09-16T13:11:45.623214,58.43,map,roomba,-7.558579744262367,-0.7435147788156945,0.0,-2.939509957517688,0.0,0.0,0.9948996644703961,-0.10086950796297794
2026-09-16T13:11:45.674002,58.47,map,roomba,-7.5624991811412166,-0.7443138322349308,0.0,-2.9414488552451643,0.0,0.0,0.9949969847661733,-0.09990495636465556
2026-09-16T13:11:45.725098,58.53,map,roomba,-7.56838153591328,-0.7454965833299416,0.0,-2.945025671645698,0.0,0.0,0.9951740643134499,-0.0981253367782732
2026-09-16T13:11:45.773456,58.57,map,roomba,-7.572305514793844,-0.7462730037250941,0.0,-2.947471168583213,0.0,0.0,0.9952933029396892,-0.0969084161639432
2026-09-16T13:11:45.829697,58.63,map,roomba,-7.578194939489299,-0.7474200054377731,0.0,-2.9510043343464423,0.0,0.0,0.995462946536954,-0.0951499977507385
2026-09-16T13:11:45.894623,58.69,map,roomba,-7.5840883378016395,-0.7485463963841391,0.0,-2.9544522685549275,0.0,0.0,0.9956255026330726,-0.09343371183165965
2026-09-16T13:11:45.943180,58.73,map,roomba,-7.588019360641161,-0.7492862991615878,0.0,-2.956635875130868,0.0,0.0,0.9957269204367157,-0.09234662916216534
2026-09-16T13:11:45.995631,58.79,map,roomba,-7.593918881489681,-0.750380145378283,0.0,-2.9599579301550705,0.0,0.0,0.9958789370467271,-0.09069257272059755
2026-09-16T13:11:46.044542,58.83,map,roomba,-7.597853966652401,-0.7510981114963369,0.0,-2.962285599601054,0.0,0.0,0.9959838137236066,-0.0895334730733728
2026-09-16T13:11:46.094701,58.89,map,roomba,-7.603759730920023,-0.7521577009466776,0.0,-2.9661796614935425,0.0,0.0,0.9961562502046462,-0.08759409328384116
2026-09-16T13:11:46.142055,58.93,map,roomba,-7.607692271517823,-0.7528890123746246,0.0,-2.967599560232916,0.0,0.0,0.9962181865253731,-0.08688685076636697
2026-09-16T13:11:46.194019,58.99,map,roomba,-7.613604138964331,-0.7539139675680551,0.0,-2.972055883149702,0.0,0.0,0.9964093113343713,-0.08466690195208536
2026-09-16T13:11:46.242160,59.03,map,roomba,-7.617547716430582,-0.7545836834368544,0.0,-2.974679583682139,0.0,0.0,0.9965195242146415,-0.08335968965287979
2026-09-16T13:11:46.292069,59.07,map,roomba,-7.621493023446617,-0.7552431278695018,0.0,-2.977266525057166,0.0,0.0,0.996626513878102,-0.08207065148505602
2026-09-16T13:11:46.345777,59.13,map,roomba,-7.627413986336507,-0.7562141405608286,0.0,-2.9808031893322706,0.0,0.0,0.9967700837486116,-0.08030815739254442
2026-09-16T13:11:46.410248,59.17,map,roomba,-7.631363168658409,-0.7568499510155573,0.0,-2.983116443185972,0.0,0.0,0.9968623035728058,-0.0791552128133028
2026-09-16T13:11:46.459431,59.24,map,roomba,-7.638279138464409,-0.7579410289348305,0.0,-2.9872366620320707,0.0,0.0,0.9970232564908631,-0.0771014008715445
2026-09-16T13:11:46.509128,59.27,map,roomba,-7.641242529490374,-0.7583990642225495,0.0,-2.988983755198096,0.0,0.0,0.9970902277415341,-0.0762304253060137
2026-09-16T13:11:46.559270,59.33,map,roomba,-7.647174290966524,-0.7593017243592205,0.0,-2.992153879646805,0.0,0.0,0.9972098051028602,-0.07464988015205196
2026-09-16T13:11:46.610167,59.39,map,roomba,-7.6531088650681784,-0.7601856902320576,0.0,-2.995397755701749,0.0,0.0,0.9973295708580031,-0.07303237016687504
2026-09-16T13:11:46.659903,59.43,map,roomba,-7.657066900535524,-0.7607637944247798,0.0,-2.9977168522085162,0.0,0.0,0.9974135849155582,-0.07187586956618056
2026-09-16T13:11:46.708958,59.47,map,roomba,-7.6610262535864715,-0.7613327990896781,0.0,-2.9999975084487267,0.0,0.0,0.9974948984805979,-0.07073844432259993
2026-09-16T13:11:46.760435,59.53,map,roomba,-7.666967638666101,-0.7621697312104625,0.0,-3.003288535552233,0.0,0.0,0.9976099490312611,-0.06909695792033548
2026-09-16T13:11:46.808131,59.57,map,roomba,-7.6709300600934975,-0.7627169466004922,0.0,-3.0054272989148645,0.0,0.0,0.9976832696162805,-0.06803009281022775
2026-09-16T13:11:46.871356,59.63,map,roomba,-7.676876112749233,-0.7635200176035011,0.0,-3.0092730093128495,0.0,0.0,0.9978122371507357,-0.06611156776422607
2026-09-16T13:11:46.923712,59.69,map,roomba,-7.682825150267822,-0.7643006620486623,0.0,-3.012707071430346,0.0,0.0,0.9979242818376612,-0.06439819654918935
2026-09-16T13:11:46.974127,59.73,map,roomba,-7.686792462426096,-0.7648111927209658,0.0,-3.0145137994126197,0.0,0.0,0.997982049655345,-0.06349668153310509
2026-09-16T13:11:47.022856,59.78,map,roomba,-7.6917538378756385,-0.7654399615272811,0.0,-3.016713308805385,0.0,0.0,0.9980512769051697,-0.0623991079099716
2026-09-16T13:11:47.073756,59.83,map,roomba,-7.701732649727576,-0.7558986660143984,0.0,-3.019196097567333,0.0,0.0,0.9981279697588552,-0.06116008490074144
2026-09-16T13:11:47.122880,59.87,map,roomba,-7.7057032129048375,-0.7563832451300199,0.0,-3.021041976694241,0.0,0.0,0.9981839917015258,-0.06023884719023343
2026-09-16T13:11:47.174764,59.93,map,roomba,-7.7116605559798375,-0.7570977163484853,0.0,-3.023413773882993,0.0,0.0,0.998254726948312,-0.059055060116395844
2026-09-16T13:11:47.227313,59.97,map,roomba,-7.715633039683416,-0.757566280167998,0.0,-3.024938825619898,0.0,0.0,0.9982994677395047,-0.05829384796890362
2026-09-16T13:11:47.272209,60.03,map,roomba,-7.721593088611562,-0.758257798603053,0.0,-3.027214594186329,0.0,0.0,0.9983651530892593,-0.05715786120088575
2026-09-16T13:11:47.349002,60.07,map,roomba,-7.725567308521241,-0.7587113888782626,0.0,-3.0286671380410044,0.0,0.0,0.9984064019313493,-0.05643276160615431
2026-09-16T13:11:47.399900,60.13,map,roomba,-7.7315299072118036,-0.7593805469260014,0.0,-3.031002142415479,0.0,0.0,0.9984716068444733,-0.055267081752300676
2026-09-16T13:11:47.450039,60.19,map,roomba,-7.737494028856524,-0.7600359826799229,0.0,-3.0333024711872105,0.0,0.0,0.998534512631555,-0.054118638967208026
2026-09-16T13:11:47.499000,60.23,map,roomba,-7.741470975739744,-0.7604649860274413,0.0,-3.0349678045035833,0.0,0.0,0.9985792292537763,-0.05328717390643072
2026-09-16T13:11:47.549536,60.27,map,roomba,-7.74544861727863,-0.7608874959466405,0.0,-3.0365654098149997,0.0,0.0,0.9986214765957434,-0.052489489250107546
2026-09-16T13:11:47.599219,60.33,map,roomba,-7.751416737304184,-0.7615054173160226,0.0,-3.0403151798804466,0.0,0.0,0.9987181331223174,-0.050617097631859266
2026-09-16T13:11:47.649423,60.37,map,roomba,-7.755396752042231,-0.7619049364654131,0.0,-3.0427796060187977,0.0,0.0,0.9987797459544923,-0.04938642598001907
2026-09-16T13:11:47.699191,60.43,map,roomba,-7.7613684849712445,-0.7624868986362507,0.0,-3.0460990335819753,0.0,0.0,0.9988603376047666,-0.04772867021080558
2026-09-16T13:11:47.748625,60.47,map,roomba,-7.765350688595258,-0.7628639662549632,0.0,-3.048268944497618,0.0,0.0,0.9989115331824965,-0.046644923357150134
2026-09-16T13:11:47.807886,60.53,map,roomba,-7.771325728124754,-0.7634109028539693,0.0,-3.052364072185096,0.0,0.0,0.9990049475979124,-0.0445994918680964
2026-09-16T13:11:47.882411,60.59,map,roomba,-7.77730290052366,-0.7639340167900084,0.0,-3.055716929963873,0.0,0.0,0.9990783116311833,-0.042924669226263416
2026-09-16T13:11:47.929350,60.63,map,roomba,-7.781288401291084,-0.7642744587491543,0.0,-3.0570379549034503,0.0,0.0,0.9991064459711094,-0.04226475622760234
2026-09-16T13:11:47.980937,60.69,map,roomba,-7.7872674893355915,-0.7647752109431064,0.0,-3.0592755480927076,0.0,0.0,0.9991531063329735,-0.04114693311985254
2026-09-16T13:11:48.029634,60.73,map,roomba,-7.79116264321257,-0.7600725014079854,0.0,-3.064658804792544,0.0,0.0,0.9992602390893529,-0.03845743848840402
2026-09-16T13:11:48.078448,60.77,map,roomba,-7.795151108474338,-0.7603762270554437,0.0,-3.0665019063316823,0.0,0.0,0.9992952552526139,-0.03753655324631291
2026-09-16T13:11:48.129668,60.83,map,roomba,-7.801134769340467,-0.7608189711570104,0.0,-3.068952303005966,0.0,0.0,0.9993404949372886,-0.03631219049431174
2026-09-16T13:11:48.181580,60.89,map,roomba,-7.807119482194461,-0.7612472510634878,0.0,-3.071406903150212,0.0,0.0,0.9993843082441689,-0.03508567279280729
2026-09-16T13:11:48.229887,60.94,map,roomba,-7.812108052319878,-0.7615925760388516,0.0,-3.0736486234345968,0.0,0.0,0.9994230065912217,-0.0339654809499692
2026-09-16T13:11:48.283033,60.99,map,roomba,-7.817096423370784,-0.7619262838415717,0.0,-3.0757893242563905,0.0,0.0,0.9994587890563411,-0.032895728872186274
2026-09-16T13:11:48.346998,61.03,map,roomba,-7.821087988642548,-0.7621860830369134,0.0,-3.0773992043919898,0.0,0.0,0.9994849443548044,-0.03209121387659743
2026-09-16T13:11:48.398966,61.09,map,roomba,-7.8270760979144285,-0.7625638818342868,0.0,-3.07980312206471,0.0,0.0,0.9995227946832218,-0.0308898512240184
2026-09-16T13:11:48.447478,61.13,map,roomba,-7.831068677533953,-0.7628075847740099,0.0,-3.0814491992786466,0.0,0.0,0.9995478796858449,-0.030067195006048
2026-09-16T13:11:48.496249,61.17,map,roomba,-7.835061649588017,-0.7630447666915303,0.0,-3.083063702657829,0.0,0.0,0.9995718257968644,-0.029260298582256844
2026-09-16T13:11:48.545385,61.23,map,roomba,-7.841051763501273,-0.7633893052275025,0.0,-3.085190420805753,0.0,0.0,0.9996023748708736,-0.02819737846874501
2026-09-16T13:11:48.599557,61.27,map,roomba,-7.845045567967003,-0.7636120221525629,0.0,-3.0865704240921614,0.0,0.0,0.9996215931503378,-0.02750764452984563
2026-09-16T13:11:48.645730,61.33,map,roomba,-7.851036869362653,-0.7639352332497363,0.0,-3.0888214527999054,0.0,0.0,0.9996519202410268,-0.026382538892754576
2026-09-16T13:11:48.699520,61.37,map,roomba,-7.855031463176883,-0.7641433006144223,0.0,-3.0902821024386053,0.0,0.0,0.9996709214679342,-0.02565246131370751
2026-09-16T13:11:48.746310,61.43,map,roomba,-7.8610239944753415,-0.764442814683624,0.0,-3.09303566367529,0.0,0.0,0.9997052918179286,-0.024276109886685233
2026-09-16T13:11:48.798336,61.47,map,roomba,-7.865019460813772,-0.7646333786272799,0.0,-3.094822215307847,0.0,0.0,0.9997265782236843,-0.023383087759401257
2026-09-16T13:11:48.860213,61.53,map,roomba,-7.871013258134285,-0.7649063763030376,0.0,-3.097324254140019,0.0,0.0,0.9997550486021206,-0.022132392427651224
2026-09-16T13:11:48.908595,61.56,map,roomba,-7.874010730726346,-0.7650375077262797,0.0,-3.098543045918035,0.0,0.0,0.9997683503540591,-0.021523141739147288
2026-09-16T13:11:48.960747,61.63,map,roomba,-7.880865120820185,-0.7604459014353213,0.0,-3.0993047730581615,0.0,0.0,0.9997764752227353,-0.021142364844158993
2026-09-16T13:11:49.009588,61.67,map,roomba,-7.884861666472451,-0.7606122808440444,0.0,-3.1006579518869803,0.0,0.0,0.9997905510864457,-0.020465921876652967
2026-09-16T13:11:49.063127,61.73,map,roomba,-7.8908570141264205,-0.7608487395219067,0.0,-3.103708966747906,0.0,0.0,0.9998206086477077,-0.01894071073976177
2026-09-16T13:11:49.111385,61.79,map,roomba,-7.8968530485038935,-0.7610670879690954,0.0,-3.1066454326168387,0.0,0.0,0.9998473403526029,-0.017472721305689148
2026-09-16T13:11:49.161882,61.83,map,roomba,-7.9008507436051785,-0.7612030479258286,0.0,-3.108542640948811,0.0,0.0,0.999863465190126,-0.016524254234113158
2026-09-16T13:11:49.210373,61.89,map,roomba,-7.90684774514784,-0.7613929728533002,0.0,-3.1111681606805552,0.0,0.0,0.9998842960102063,-0.015211659744223645
2026-09-16T13:11:49.260137,61.93,map,roomba,-7.910845973946347,-0.7615122068743072,0.0,-3.112383672622862,0.0,0.0,0.999893356324392,-0.01460397132092581
2026-09-16T13:11:49.311421,61.96,map,roomba,-7.913844990927101,-0.7615986903983467,0.0,-3.113270378430656,0.0,0.0,0.9998997327668574,-0.014160664277043532
2026-09-16T13:11:49.382842,62.03,map,roomba,-7.920842094408103,-0.761791212409706,0.0,-3.114744460233629,0.0,0.0,0.999909898167278,-0.013423693497089289
2026-09-16T13:11:49.431952,62.07,map,roomba,-7.924840697334863,-0.7618971468334016,0.0,-3.1154714275941604,0.0,0.0,0.9999147114064456,-0.01306024168860075
2026-09-16T13:11:49.479414,62.14,map,roomba,-7.931838640281187,-0.7620765065449006,0.0,-3.116512886371695,0.0,0.0,0.9999213766898282,-0.012539554964940273
2026-09-16T13:11:49.529106,62.17,map,roomba,-7.934837491637859,-0.762150869457772,0.0,-3.116932992481837,0.0,0.0,0.99992398860223,-0.012329518149843363
2026-09-16T13:11:49.581473,62.24,map,roomba,-7.941835686604886,-0.7623194931022444,0.0,-3.1181223509579103,0.0,0.0,0.9999311439020042,-0.01173488196912879
2026-09-16T13:11:49.629555,62.27,map,roomba,-7.944834669222961,-0.7623889617697729,0.0,-3.1186055061344367,0.0,0.0,0.999933949608605,-0.011493320674883024
2026-09-16T13:11:49.679269,62.33,map,roomba,-7.950833142317784,-0.7625246534132525,0.0,-3.119328314708935,0.0,0.0,0.999938038041666,-0.011131939515806332
2026-09-16T13:11:49.730809,62.37,map,roomba,-7.954832175675346,-0.7626128132795454,0.0,-3.119772351316635,0.0,0.0,0.9999404848914393,-0.010909934696110632
2026-09-16T13:11:49.782113,62.43,map,roomba,-7.960830828462662,-0.7627402743791196,0.0,-3.1210459550251786,0.0,0.0,0.9999472296113874,-0.010273168572127038
2026-09-16T13:11:49.829519,62.47,map,roomba,-7.9648300253377275,-0.7628206537246516,0.0,-3.121936959316382,0.0,0.0,0.9999517070990345,-0.009827688931113267
2026-09-16T13:11:49.885385,62.53,map,roomba,-7.970828877887265,-0.7629383457915021,0.0,-3.1219718685675715,0.0,0.0,0.9999518784853406,-0.009810235146956918
2026-09-16T13:11:49.932262,62.57,map,roomba,-7.9748281110743315,-0.7630168953999845,0.0,-3.121941722439865,0.0,0.0,0.9999517305014467,-0.009825307484356546
2026-09-16T13:11:49.980456,62.63,map,roomba,-7.980826955068116,-0.7631350036939561,0.0,-3.1218647522810867,0.0,0.0,0.9999513516331933,-0.009863790698804723
2026-09-16T13:11:50.031771,62.67,map,roomba,-7.984826177837287,-0.7632140684598587,0.0,-3.121781757682959,0.0,0.0,0.99995094145155,-0.009905285970588023
2026-09-16T13:11:50.080861,62.73,map,roomba,-7.990825012368728,-0.7633326346877265,0.0,-3.12187214650925,0.0,0.0,0.9999513880939188,-0.009860093764514116
2026-09-16T13:11:50.130005,62.77,map,roomba,-7.994824239124623,-0.7634114834865352,0.0,-3.121881944408932,0.0,0.0,0.9999514363860244,-0.009855195052702196
2026-09-16T13:11:50.181147,62.83,map,roomba,-8.000823054714653,-0.7635309869795283,0.0,-3.121452109482597,0.0,0.0,0.9999492952388845,-0.01007010184944311
2026-09-16T13:11:50.230871,62.87,map,roomba,-8.004822233887449,-0.763612203712838,0.0,-3.1211156535801723,0.0,0.0,0.9999475870166856,-0.010238321127408693
2026-09-16T13:11:50.280175,62.93,map,roomba,-8.010821003977167,-0.7637339478135219,0.0,-3.1215040977355204,0.0,0.0,0.9999495566645552,-0.010044109037608091
2026-09-16T13:11:50.346698,62.97,map,roomba,-8.01482020872829,-0.7638138798360197,0.0,-3.12171220198074,0.0,0.0,0.9999505963622695,-0.009940062109549085
2026-09-16T13:11:50.396922,63.03,map,roomba,-8.020818997173452,-0.7639347023317672,0.0,-3.1211590214560925,0.0,0.0,0.9999478087887215,-0.010216638323563187
2026-09-16T13:11:50.461797,63.07,map,roomba,-8.024818148933695,-0.7640172361641026,0.0,-3.12075191276427,0.0,0.0,0.9999457084315,-0.010420181832661034
2026-09-16T13:11:50.511246,63.13,map,roomba,-8.030816814427356,-0.7641440027980712,0.0,-3.120171172973739,0.0,0.0,0.9999426405693861,-0.010710535519922102
2026-09-16T13:11:50.562574,63.17,map,roomba,-8.034815880872436,-0.7642305621963762,0.0,-3.1197328476443835,0.0,0.0,0.9999402692051411,-0.010929685354574076
2026-09-16T13:11:50.611332,63.23,map,roomba,-8.040814381441248,-0.7643648874346431,0.0,-3.1186493702483378,0.0,0.0,0.999934201440277,-0.011471390063790941
2026-09-16T13:11:50.661172,63.28,map,roomba,-8.045813121296437,-0.7644821863741087,0.0,-3.1176995544879587,0.0,0.0,0.9999286408256186,-0.011946265384261088
2026-09-16T13:11:50.710704,63.33,map,roomba,-8.050811537869969,-0.764603602608306,0.0,-3.11684187156024,0.0,0.0,0.999923425825903,-0.01237507513471528
2026-09-16T13:11:50.760913,63.37,map,roomba,-8.054810279436666,-0.7647040406342358,0.0,-3.116112222811255,0.0,0.0,0.9999188445536423,-0.012739870741448785
2026-09-16T13:11:50.831330,63.43,map,roomba,-8.060807241047199,-0.7649000315861421,0.0,-3.113355370955155,0.0,0.0,0.9999003336392843,-0.014118172263002958
2026-09-16T13:11:50.881547,63.48,map,roomba,-8.065805283052239,-0.765043549604417,0.0,-3.112542041416926,0.0,0.0,0.9998945095963041,-0.014524795322707208
2026-09-16T13:11:50.929755,63.53,map,roomba,-8.07080304896998,-0.7651897553315461,0.0,-3.112113872571721,0.0,0.0,0.9998913771502553,-0.014738856826971075
2026-09-16T13:11:50.979848,63.57,map,roomba,-8.074801290508336,-0.7653084304300805,0.0,-3.111719709677239,0.0,0.0,0.9998884529766011,-0.01493591657915124
2026-09-16T13:11:51.031250,63.63,map,roomba,-8.080798488224087,-0.765491881694378,0.0,-3.1100858171591907,0.0,0.0,0.9998759174734307,-0.015752766635266507
2026-09-16T13:11:51.081361,63.68,map,roomba,-8.085795965026003,-0.765653507314639,0.0,-3.1084949104448985,0.0,0.0,0.9998630705498992,-0.016548116222923754
2026-09-16T13:11:51.130441,63.73,map,roomba,-8.090793083106936,-0.7658207332780586,0.0,-3.1077516132099885,0.0,0.0,0.9998568514136349,-0.01691971279934859
2026-09-16T13:11:51.180537,63.77,map,roomba,-8.094790751152898,-0.7659573599780064,0.0,-3.107099061822974,0.0,0.0,0.9998512777024111,-0.017245940880562097
2026-09-16T13:11:51.229725,63.84,map,roomba,-8.101786257419887,-0.7662103487840516,0.0,-3.1037789748019478,0.0,0.0,0.9998212710363271,-0.01890571298056386
2026-09-16T13:11:51.281346,63.89,map,roomba,-8.106782388812515,-0.7664050240676756,0.0,-3.101671901981944,0.0,0.0,0.9998007983127863,-0.01995905040614357
2026-09-16T13:11:51.365969,63.93,map,roomba,-8.110779097939126,-0.7665672903470123,0.0,-3.100359305334557,0.0,0.0,0.9997874839015665,-0.020615213648542897
2026-09-16T13:11:51.414513,63.97,map,roomba,-8.11477558728118,-0.7667348809666584,0.0,-3.0990019694642865,0.0,0.0,0.9997732627720284,-0.021293732556147305
2026-09-16T13:11:51.464315,64.03,map,roomba,-8.120769727679821,-0.7669999982052368,0.0,-3.0957313423585626,0.0,0.0,0.9997371040363746,-0.022928646121459766
2026-09-16T13:11:51.516931,64.07,map,roomba,-8.12476531656571,-0.7671878291873081,0.0,-3.093501220462395,0.0,0.0,0.9997109156868329,-0.024043399439221663
2026-09-16T13:11:51.565535,64.13,map,roomba,-8.13075791426339,-0.7674857915392058,0.0,-3.0903739425284646,0.0,0.0,0.9996720983761316,-0.025606556353049065
2026-09-16T13:11:51.615999,64.17,map,roomba,-8.134752453015118,-0.7676947668139981,0.0,-3.088276597026811,0.0,0.0,0.9996446958062437,-0.026654870970284322
2026-09-16T13:11:51.664021,64.23,map,roomba,-8.140743341015634,-0.7680253082053728,0.0,-3.084655400244549,0.0,0.0,0.9995947960156896,-0.02846478136842087
2026-09-16T13:11:51.714849,64.27,map,roomba,-8.144736577959204,-0.7682578303803622,0.0,-3.0822031545246595,0.0,0.0,0.9995591433213429,-0.0296903856947513
2026-09-16T13:11:51.765500,64.33,map,roomba,-8.150725338294514,-0.7686249051212488,0.0,-3.078539959789072,0.0,0.0,0.9995030858849528,-0.03152112476509229
2026-09-16T13:11:51.824951,64.37,map,roomba,-8.154717073342583,-0.7688819221111908,0.0,-3.0760419907877776,0.0,0.0,0.9994629369054577,-0.03276946371726497
2026-09-16T13:11:51.877294,64.43,map,roomba,-8.160703431941982,-0.7692862727666109,0.0,-3.072242297436104,0.0,0.0,0.9993988762472865,-0.0346682297739727
2026-09-16T13:11:51.925177,64.47,map,roomba,-8.164693458319412,-0.769568574870921,0.0,-3.0696663261486807,0.0,0.0,0.9993533951225999,-0.035955412067346045
2026-09-16T13:11:51.977678,64.53,map,roomba,-8.170677353316421,-0.7700078991372838,0.0,-3.066972121833672,0.0,0.0,0.9993040527687969,-0.0373016101510065
2026-09-16T13:11:52.028809,64.59,map,roomba,-8.17666001094819,-0.7704637549815132,0.0,-3.0638215047556208,0.0,0.0,0.9992440513134004,-0.03887577542355028
2026-09-16T13:11:52.076197,64.63,map,roomba,-8.180647505052598,-0.7707798149240603,0.0,-3.0611638092096944,0.0,0.0,0.9991915090903793,-0.040203583940867815
2026-09-16T13:11:52.128248,64.67,map,roomba,-8.184634136859097,-0.7711065707259935,0.0,-3.0584581053039344,0.0,0.0,0.9991362052457124,-0.04155530492244569
2026-09-16T13:11:52.176100,64.73,map,roomba,-8.190612446562946,-0.7716162734446534,0.0,-3.054678239480788,0.0,0.0,0.9990558841740398,-0.04344352998120297
2026-09-16T13:11:52.225901,64.79,map,roomba,-8.196588776874892,-0.77214867635087,0.0,-3.050608009092861,0.0,0.0,0.9989654027560323,-0.04547663242235727
2026-09-16T13:11:52.277359,64.83,map,roomba,-8.200571740056345,-0.7725174692853368,0.0,-3.0485689551074873,0.0,0.0,0.9989185189298724,-0.04649508080378187
2026-09-16T13:11:52.327046,64.89,map,roomba,-8.206545368158865,-0.7730794092665468,0.0,-3.04709150410741,0.0,0.0,0.9988838992686009,-0.04723299463252066
2026-09-16T13:11:52.393940,64.93,map,roomba,-8.210527376833978,-0.7734583725850667,0.0,-3.0463227914762814,0.0,0.0,0.9988656711868107,-0.04761691846940709
2026-09-16T13:11:52.444594,64.97,map,roomba,-8.214509087626631,-0.7738404526869277,0.0,-3.045520923504094,0.0,0.0,0.9988464996635358,-0.048017393826635245
2026-09-16T13:11:52.495011,65.03,map,roomba,-8.220480932933782,-0.7744210295814848,0.0,-3.043811579503171,0.0,0.0,0.9988050957356968,-0.04887106232123217
2026-09-16T13:11:52.541767,65.07,map,roomba,-8.224461598949441,-0.7748138434031664,0.0,-3.0426453377366642,0.0,0.0,0.9987764281884596,-0.04945347808903628
2026-09-16T13:11:52.608566,65.13,map,roomba,-8.230431719463647,-0.775411894768944,0.0,-3.0408473282359667,0.0,0.0,0.9987315656724328,-0.050351362737179814
2026-09-16T13:11:52.660785,65.17,map,roomba,-8.234411190286282,-0.7758166366496156,0.0,-3.039618796690505,0.0,0.0,0.9987004481337286,-0.05096483981618846
2026-09-16T13:11:52.710554,65.23,map,roomba,-8.24541209557837,-0.776614987071263,0.0,-3.037858269274439,0.0,0.0,0.9986551987120617,-0.051843939716930264
2026-09-16T13:11:52.758749,65.27,map,roomba,-8.249390349146035,-0.7770315231120226,0.0,-3.0366644108294976,0.0,0.0,0.9986240736286243,-0.052440056916178854
2026-09-16T13:11:52.808977,65.33,map,roomba,-8.254362497687836,-0.7775585476669064,0.0,-3.03531831091995,0.0,0.0,0.9985885526668857,-0.05311216887545178
2026-09-16T13:11:52.879975,65.39,map,roomba,-8.261322286699691,-0.7783077620536732,0.0,-3.0334545356951494,0.0,0.0,0.9985386245074376,-0.05404271798119199
2026-09-16T13:11:52.929436,65.43,map,roomba,-8.26529874569672,-0.7787410955414925,0.0,-3.0326303385654434,0.0,0.0,0.9985162687930239,-0.05445420971474638
2026-09-16T13:11:52.983438,65.49,map,roomba,-8.271262735135824,-0.7793974759255138,0.0,-3.031216532260321,0.0,0.0,0.9984775254584083,-0.055160050348540275
2026-09-16T13:11:53.033291,65.53,map,roomba,-8.275238142709547,-0.7798403501653978,0.0,-3.0300705117106177,0.0,0.0,0.9984457542640891,-0.05573217914288036
2026-09-16T13:11:53.079625,65.57,map,roomba,-8.279213035101238,-0.7802878244746833,0.0,-3.0289023073791856,0.0,0.0,0.9984130306568727,-0.056315363929911766
2026-09-16T13:11:53.128820,65.63,map,roomba,-8.285174396782269,-0.7809676539079965,0.0,-3.02717947117307,0.0,0.0,0.9983641491571498,-0.057175393988325614
2026-09-16T13:11:53.179800,65.67,map,roomba,-8.289147975458446,-0.7814266473266616,0.0,-3.0259983290925714,0.0,0.0,0.9983302089254078,-0.057764988937518205
2026-09-16T13:11:53.232315,65.73,map,roomba,-8.295107266502649,-0.7821243926433131,0.0,-3.0240664398102117,0.0,0.0,0.9982739454070826,-0.058729293554214204
2026-09-16T13:11:53.283517,65.79,map,roomba,-8.301065196166375,-0.782833668862252,0.0,-3.022249326022681,0.0,0.0,0.9982201744845207,-0.05963625786459882
2026-09-16T13:11:53.330718,65.83,map,roomba,-8.305036498264824,-0.7833119595716597,0.0,-3.0212122715119563,0.0,0.0,0.9981891172648129,-0.06015385419151128
2026-09-16T13:11:53.379252,65.87,map,roomba,-8.30900729479856,-0.7837944293312636,0.0,-3.0201468975404206,0.0,0.0,0.9981569324702715,-0.06068556798397577
2026-09-16T13:11:53.443185,65.93,map,roomba,-8.314962168670059,-0.784528912491902,0.0,-3.0175587295343997,0.0,0.0,0.9980775644861118,-0.06197721572861543
2026-09-16T13:11:53.490755,65.97,map,roomba,-8.318931006071116,-0.7850272395078431,0.0,-3.0158098729833007,0.0,0.0,0.9980229882857361,-0.06284993916631611
2026-09-16T13:11:53.540622,66.03,map,roomba,-8.324882674207732,-0.785787263988477,0.0,-3.0133473607467964,0.0,0.0,0.9979448474360059,-0.0640787131263338
2026-09-16T13:11:53.593959,66.09,map,roomba,-8.33083243717201,-0.7865620608809414,0.0,-3.0108477179969784,0.0,0.0,0.9978639810900098,-0.06532591555574553
2026-09-16T13:11:53.645864,66.13,map,roomba,-8.334797856874813,-0.7870868907732304,0.0,-3.0091562019977016,0.0,0.0,0.9978083742916102,-0.0661698435356617
2026-09-16T13:11:53.695097,66.19,map,roomba,-8.340744321825866,-0.7878866061514217,0.0,-3.006825129442776,0.0,0.0,0.9977305732072609,-0.0673327801855133
2026-09-16T13:11:53.741954,66.23,map,roomba,-8.344707713854863,-0.7884265360799038,0.0,-3.005560124605202,0.0,0.0,0.9976877854880739,-0.06796383367573507
2026-09-16T13:11:53.790753,66.27,map,roomba,-8.34867041210294,-0.7889715343906198,0.0,-3.0042729485346698,0.0,0.0,0.9976438381570026,-0.06860591947758096
2026-09-16T13:11:53.855138,66.33,map,roomba,-8.354613104220512,-0.7897988216995945,0.0,-3.002258796625368,0.0,0.0,0.9975742408906944,-0.06961058763833906
2026-09-16T13:11:53.906103,66.39,map,roomba,-8.360554062554149,-0.7906384676818233,0.0,-2.9999396233714495,0.0,0.0,0.9974928507126541,-0.07076731432760922
2026-09-16T13:11:53.954247,66.43,map,roomba,-8.36451346186527,-0.7912069355290474,0.0,-2.9980440141976863,0.0,0.0,0.9974253290969698,-0.07171271069902119
2026-09-16T13:11:54.002922,66.47,map,roomba,-8.368471772213333,-0.7917829369503002,0.0,-2.9961321158734453,0.0,0.0,0.9973563196587564,-0.07266616569450056
2026-09-16T13:11:54.053074,66.53,map,roomba,-8.374407058513496,-0.7926617745748777,0.0,-2.993038400043324,0.0,0.0,0.9972427222484129,-0.07420884665978043
2026-09-16T13:11:54.105829,66.59,map,roomba,-8.380339510280226,-0.7935595428215735,0.0,-2.989315720378382,0.0,0.0,0.9971028669298884,-0.0760649246380843
2026-09-16T13:11:54.156524,66.63,map,roomba,-8.384292217936883,-0.7941728090679131,0.0,-2.986019999998449,0.0,0.0,0.9969761688376557,-0.07770790673921359
2026-09-16T13:11:54.202454,66.67,map,roomba,-8.388242877989827,-0.7947991301218081,0.0,-2.9827063077626366,0.0,0.0,0.9968460504341526,-0.07935963541896357
2026-09-16T13:11:54.254087,66.73,map,roomba,-8.394165163906505,-0.7957616705296663,0.0,-2.97824958770562,0.0,0.0,0.9966667337784855,-0.08158076844039613
2026-09-16T13:11:54.305365,66.79,map,roomba,-8.40008308388309,-0.7967506975924411,0.0,-2.9737562939457853,0.0,0.0,0.9964809354559496,-0.08381971887829032
2026-09-16T13:11:54.377478,66.83,map,roomba,-8.404025862912084,-0.7974248537732928,0.0,-2.9707392461780526,0.0,0.0,0.9963533576381702,-0.08532283822719763
2026-09-16T13:11:54.422726,66.87,map,roomba,-8.407966588184172,-0.7981109128764979,0.0,-2.9677101452774948,0.0,0.0,0.9962229891956529,-0.08683176721729349
2026-09-16T13:11:54.490951,66.93,map,roomba,-8.413873321197684,-0.7991646799425537,0.0,-2.962194024099542,0.0,0.0,0.9959797131432094,-0.08957907683812223
2026-09-16T13:11:54.541991,66.97,map,roomba,-8.417807747127139,-0.7998859851795171,0.0,-2.958360346966487,0.0,0.0,0.9958061748704479,-0.09148804342583211
2026-09-16T13:11:54.591009,67.03,map,roomba,-8.418518351365407,-0.8107378619656623,0.0,-2.953627177441639,0.0,0.0,0.9955868722468483,-0.09384444474628069
2026-09-16T13:11:54.641403,67.07,map,roomba,-8.422436928593415,-0.8114896575747181,0.0,-2.950459000845663,0.0,0.0,0.9954369652916695,-0.09542142385707487
2026-09-16T13:11:54.692974,67.13,map,roomba,-8.428104387163174,-0.8126028218330744,0.0,-2.9448216113942274,0.0,0.0,0.995164047393064,-0.09822687400225778
2026-09-16T13:11:54.743348,67.19,map,roomba,-8.433675818014134,-0.8137297138964023,0.0,-2.939205444802458,0.0,0.0,0.9948842949146974,-0.1010209865923189
2026-09-16T13:11:54.808561,67.23,map,roomba,-8.437269740924329,-0.8144740633217287,0.0,-2.935532239489813,0.0,0.0,0.994697081680412,-0.10284802232649687
2026-09-16T13:11:54.868233,67.27,map,roomba,-8.440853244275361,-0.8152300041000051,0.0,-2.93184838133641,0.0,0.0,0.9945059556694539,-0.10468000830142447
2026-09-16T13:11:54.918739,67.33,map,roomba,-8.446243226018966,-0.8163939037017766,0.0,-2.925980458619715,0.0,0.0,0.9941945485959037,-0.10759739561061565
2026-09-16T13:11:54.970004,67.37,map,roomba,-8.449835247467403,-0.8171880284794221,0.0,-2.9220486471185687,0.0,0.0,0.9939811012196974,-0.109551679211584
2026-09-16T13:11:55.020004,67.43,map,roomba,-8.454957599196604,-0.8183469565444805,0.0,-2.9161499392339816,0.0,0.0,0.9936536718482223,-0.1124828005632208
2026-09-16T13:11:55.071888,67.49,map,roomba,-8.460029328425664,-0.8195258082195733,0.0,-2.9102461140248304,0.0,0.0,0.993317303693072,-0.11541548502660012
2026-09-16T13:11:55.117611,67.53,map,roomba,-8.463407965099439,-0.8203288198363091,0.0,-2.906247890788461,0.0,0.0,0.9930845905402709,-0.11740100524042542
2026-09-16T13:11:55.170592,67.57,map,roomba,-8.466783350191822,-0.8211453608561438,0.0,-2.9022339114843607,0.0,0.0,0.9928469680203948,-0.11939387795322311
2026-09-16T13:11:55.217102,67.63,map,roomba,-8.471678488522073,-0.8223524075316189,0.0,-2.8974803367697826,0.0,0.0,0.9925603900743272,-0.1217533246178501
2026-09-16T13:11:55.270763,67.69,map,roomba,-8.476504907510513,-0.8235669452085655,0.0,-2.892366206161644,0.0,0.0,0.992245814244106,-0.12429096554074678
2026-09-16T13:11:55.332796,67.73,map,roomba,-8.479652026073694,-0.8243744255375952,0.0,-2.888502731095734,0.0,0.0,0.9920038655337144,-0.1262074909273144
2026-09-16T13:11:55.397840,67.79,map,roomba,-8.484356102481685,-0.8256056551766353,0.0,-2.8826519886461015,0.0,0.0,0.9916304176172669,-0.1291089263227171
2026-09-16T13:11:55.447670,67.83,map,roomba,-8.48739094743614,-0.8264161713422868,0.0,-2.8786138952343414,0.0,0.0,0.991367719627381,-0.13111080993116697
2026-09-16T13:11:55.497837,67.87,map,roomba,-8.490435292426216,-0.8272423557390757,0.0,-2.8745707801457208,0.0,0.0,0.9911006460529379,-0.13311464755408858
2026-09-16T13:11:55.559481,67.93,map,roomba,-8.494673645528465,-0.8284160468537134,0.0,-2.868322601163597,0.0,0.0,0.9906799481227901,-0.13621028003578062
2026-09-16T13:11:55.608862,67.97,map,roomba,-8.497471305908253,-0.8292064117627148,0.0,-2.8641955657001597,0.0,0.0,0.9903967667850821,-0.1382542742256297
2026-09-16T13:11:55.659815,68.03,map,roomba,-8.50182875483639,-0.8404309466179517,0.0,-2.8594292336525355,0.0,0.0,0.9900644717398522,-0.14061415931010451
2026-09-16T13:11:55.708969,68.07,map,roomba,-8.504740998935882,-0.8412821057685452,0.0,-2.855032977976561,0.0,0.0,0.9897529922118049,-0.14279010612706616
2026-09-16T13:11:55.757973,68.13,map,roomba,-8.509033618497753,-0.8425618892758543,0.0,-2.848667024567775,0.0,0.0,0.9892934816396755,-0.14593973819782294
2026-09-16T13:11:55.808200,68.17,map,roomba,-8.511885712501112,-0.843428688383996,0.0,-2.8444222614723484,0.0,0.0,0.9889815139276773,-0.14803906615930637
2026-09-16T13:11:55.869132,68.23,map,roomba,-8.515867208664377,-0.8446618622440557,0.0,-2.838071998972685,0.0,0.0,0.9885064860684719,-0.15117846076925745
2026-09-16T13:11:55.930786,68.27,map,roomba,-8.518496875168887,-0.8454915473925615,0.0,-2.833864957102858,0.0,0.0,0.9881862922747521,-0.15325746885642563
2026-09-16T13:11:55.980581,68.33,map,roomba,-8.526049229540394,-0.8479345830477446,0.0,-2.8252378325602487,0.0,0.0,0.9875160152016967,-0.1575186329300835
2026-09-16T13:11:56.031046,68.37,map,roomba,-8.537662088746258,-0.8519038487584811,0.0,-2.8049852536465045,0.0,0.0,0.985870332818337,-0.16751025899526678
2026-09-16T13:11:56.082067,68.43,map,roomba,-8.555530343528941,-0.8585312978449867,0.0,-2.770633177596999,0.0,0.0,0.9828478913815056,-0.18441806420990367
2026-09-16T13:11:56.133047,68.47,map,roomba,-8.567345444117752,-0.8632721687215955,0.0,-2.749429017586104,0.0,0.0,0.980837475389991,-0.19482773639959194
2026-09-16T13:11:56.181382,68.53,map,roomba,-8.583404967940996,-0.8702222800112678,0.0,-2.7169885442124366,0.0,0.0,0.9775484375435096,-0.21071082614864178
2026-09-16T13:11:56.234559,68.59,map,roomba,-8.599090995934286,-0.8776228430656563,0.0,-2.6845533651779707,0.0,0.0,0.9740028158579861,-0.2265359015712828
2026-09-16T13:11:56.282406,68.63,map,roomba,-8.608010216605633,-0.88213409217314,0.0,-2.6631072187220255,0.0,0.0,0.9715177043698131,-0.236966981024801
2026-09-16T13:11:56.361555,68.67,map,roomba,-8.617021687590483,-0.8868933303108487,0.0,-2.648764919744019,0.0,0.0,0.969793413060699,-0.24392772696862577
2026-09-16T13:11:56.414100,68.73,map,roomba,-8.630289329481808,-0.8926439881162771,0.0,-2.6488092855908536,0.0,0.0,0.9697988238521763,-0.24390621405559884
2026-09-16T13:11:56.464420,68.79,map,roomba,-8.642535581224047,-0.8993954841706759,0.0,-2.6267130802981495,0.0,0.0,0.9670449912847364,-0.2546055475261762
2026-09-16T13:11:56.511568,68.83,map,roomba,-8.650026843997434,-0.9037025486297405,0.0,-2.612938950233365,0.0,0.0,0.9652685859968015,-0.2612595584619544
2026-09-16T13:11:56.563605,68.89,map,roomba,-8.660843933887495,-0.9101683335243629,0.0,-2.5928180061891095,0.0,0.0,0.9625913873564979,-0.27095723091863166
2026-09-16T13:11:56.612241,68.93,map,roomba,-8.667508432571731,-0.9143010861581005,0.0,-2.5802420738860325,0.0,0.0,0.9608685990314649,-0.27700457648802485
2026-09-16T13:11:56.662222,68.97,map,roomba,-8.674111492602819,-0.91851136462365,0.0,-2.567699003361743,0.0,0.0,0.9591124699963002,-0.2830252107102764
2026-09-16T13:11:56.717977,69.03,map,roomba,-8.683538707779034,-0.9247328407571456,0.0,-2.5488437861002557,0.0,0.0,0.9564016360537985,-0.2920546362474283
2026-09-16T13:11:56.787848,69.09,map,roomba,-8.692824340237351,-0.9311148353188332,0.0,-2.530073466248561,0.0,0.0,0.9536185766179363,-0.30101762461553844
2026-09-16T13:11:56.852472,69.13,map,roomba,-8.687478589872116,-0.9553954191710337,0.0,-2.5171665182536342,0.0,0.0,0.9516561229255005,-0.3071654663180816
2026-09-16T13:11:56.903417,69.17,map,roomba,-8.69618904516551,-0.9617592029484003,0.0,-2.504100468329654,0.0,0.0,0.9496291090741835,-0.31337606034758364
2026-09-16T13:11:56.951965,69.23,map,roomba,-8.706328071067173,-0.969390993500026,0.0,-2.4887412589514764,0.0,0.0,0.9471945257856992,-0.3206595239839362
2026-09-16T13:11:57.005882,69.29,map,roomba,-8.7198146849699,-0.9799304065884475,0.0,-2.467514601419919,0.0,0.0,0.9437379779314728,-0.3306941623461396
2026-09-16T13:11:57.052695,69.33,map,roomba,-8.727069549543863,-0.9857992132309505,0.0,-2.455350350717127,0.0,0.0,0.9417092115424217,-0.33642794309651297
2026-09-16T13:11:57.102804,69.37,map,roomba,-8.734234329226313,-0.991740849428171,0.0,-2.443161764011552,0.0,0.0,0.9396414459768567,-0.34216071224283195
2026-09-16T13:11:57.153925,69.43,map,roomba,-8.744339373104298,-1.0003768319173738,0.0,-2.4257177710397935,0.0,0.0,0.9366214187348758,-0.3503431431711893
2026-09-16T13:11:57.205517,69.49,map,roomba,-8.754232051135867,-1.0091337133909462,0.0,-2.4083456513775023,0.0,0.0,0.9335430227840156,-0.3584653743547387
2026-09-16T13:11:57.251429,69.53,map,roomba,-8.75630222786127,-1.028661739626733,0.0,-2.3951106561516817,0.0,0.0,0.9311504558932095,-0.3646351991921075
2026-09-16T13:11:57.305265,69.59,map,roomba,-8.76562349925247,-1.0374319346103638,0.0,-2.3782499214677846,0.0,0.0,0.9280433948856849,-0.37247208916783664
2026-09-16T13:11:57.366041,69.63,map,roomba,-8.77136705111797,-1.0429859320716206,0.0,-2.367702086325192,0.0,0.0,0.9260661105306832,-0.3773613108501885
2026-09-16T13:11:57.414479,69.67,map,roomba,-8.777035162362136,-1.048583859490923,0.0,-2.357145327673742,0.0,0.0,0.9240613629709342,-0.3822441594901082
2026-09-16T13:11:57.464368,69.73,map,roomba,-8.785588464146063,-1.0572593623149842,0.0,-2.341033233320238,0.0,0.0,0.9209520337164194,-0.38967595716645276
2026-09-16T13:11:57.515866,69.77,map,roomba,-8.790957234667008,-1.0628526769652784,0.0,-2.3300528567644907,0.0,0.0,0.9187987703815764,-0.39472625900147984
2026-09-16T13:11:57.565834,69.84,map,roomba,-8.799601014463004,-1.0721374399197443,0.0,-2.310651234801167,0.0,0.0,0.9149264338337754,-0.4036206395518078
2026-09-16T13:11:57.615493,69.87,map,roomba,-8.803245709538018,-1.076165631258592,0.0,-2.3023338412758374,0.0,0.0,0.9132399911204572,-0.4074220399270361
2026-09-16T13:11:57.665243,69.93,map,roomba,-8.810517084812343,-1.0843965895281666,0.0,-2.286424744530403,0.0,0.0,0.909970274568376,-0.41467348528927483
2026-09-16T13:11:57.716576,69.97,map,roomba,-8.815295855338295,-1.0899527316853523,0.0,-2.2758018574166585,0.0,0.0,0.9077549343603477,-0.41950086906279566
2026-09-16T13:11:57.764620,70.03,map,roomba,-8.812253735271925,-1.111423547161252,0.0,-2.261339989025627,0.0,0.0,0.9046978460956072,-0.4260537610090646
2026-09-16T13:11:57.820573,70.07,map,roomba,-8.816716613048266,-1.11688473146314,0.0,-2.2505147221790636,0.0,0.0,0.9023785322752889,-0.4309442939507328
2026-09-16T13:11:57.874920,70.13,map,roomba,-8.822858048329296,-1.124610610856165,0.0,-2.234357600303031,0.0,0.0,0.8988677145323739,-0.4382200723053962
2026-09-16T13:11:57.925379,70.17,map,roomba,-8.826867293995138,-1.1297958291323764,0.0,-2.223599561206361,0.0,0.0,0.8964975277430307,-0.4430487363153561
2026-09-16T13:11:57.976398,70.23,map,roomba,-8.832772343536162,-1.1376479497839027,0.0,-2.2075837194422787,0.0,0.0,0.8929209218310313,-0.45021353528789115
2026-09-16T13:11:58.026019,70.27,map,roomba,-8.836638691641062,-1.1429346224719734,0.0,-2.1968938823802593,0.0,0.0,0.8905018240999778,-0.4549796712762144
2026-09-16T13:11:58.077052,70.33,map,roomba,-8.841916275541333,-1.1503581468714728,0.0,-2.1807475654156194,0.0,0.0,0.8867997215413352,-0.4621539287663908
2026-09-16T13:11:58.126215,70.39,map,roomba,-8.847103263369084,-1.157909897864036,0.0,-2.1646183397722574,0.0,0.0,0.8830438317671473,-0.46929051895174073
2026-09-16T13:11:58.175226,70.43,map,roomba,-8.850571954234631,-1.163108052248372,0.0,-2.1538247603060037,0.0,0.0,0.8804983223622531,-0.47404926359742167
2026-09-16T13:11:58.229082,70.47,map,roomba,-8.853985310981631,-1.168344856349075,0.0,-2.143030405510381,0.0,0.0,0.877926982595432,-0.47879454177223046
2026-09-16T13:11:58.277671,70.54,map,roomba,-8.859622564464235,-1.1772741120954782,0.0,-2.124560801544357,0.0,0.0,0.8734680374291535,-0.4868814923466108
2026-09-16T13:11:58.344418,70.59,map,roomba,-8.863446623467823,-1.1835525951618762,0.0,-2.111229704685788,0.0,0.0,0.8702033254760702,-0.4926927768197833
2026-09-16T13:11:58.394731,70.63,map,roomba,-8.85635590770617,-1.1946159392846096,0.0,-2.100375191532728,0.0,0.0,0.8675165525522658,-0.4974083142126115
2026-09-16T13:11:58.445123,70.69,map,roomba,-8.860787857195762,-1.2023328683979608,0.0,-2.0843355362653466,0.0,0.0,-0.8634995682133869,0.5043495768762914
2026-09-16T13:11:58.494397,70.73,map,roomba,-8.863960152146408,-1.2080274632686232,0.0,-2.0737452903752596,0.0,0.0,-0.8608168821630102,0.5089148213435668
2026-09-16T13:11:58.546763,70.79,map,roomba,-8.86846087542398,-1.2163614096587434,0.0,-2.057942507236969,0.0,0.0,-0.8567689176102073,0.5157005156261084
2026-09-16T13:11:58.594846,70.83,map,roomba,-8.87115397695864,-1.221509320680693,0.0,-2.0476343693825396,0.0,0.0,-0.8540995936124196,0.5201094925023958
2026-09-16T13:11:58.644379,70.87,map,roomba,-8.873791349380538,-1.2266796188000808,0.0,-2.037339068395093,0.0,0.0,-0.8514109474796678,0.5244991882851432
2026-09-16T13:11:58.695159,70.93,map,roomba,-8.878172084577566,-1.2355488130043448,0.0,-2.0217616044532227,0.0,0.0,-0.8472999801737051,0.5311146237843947
2026-09-16T13:11:58.744319,70.97,map,roomba,-8.881033723032981,-1.2415376859779528,0.0,-2.0113202531099788,0.0,0.0,-0.8445156688272151,0.5355308442147114
2026-09-16T13:11:58.793772,71.03,map,roomba,-8.88498602429979,-1.2500996734773984,0.0,-1.9951994607272325,0.0,0.0,-0.8401716908540869,0.5423205047639122
2026-09-16T13:11:58.877303,71.07,map,roomba,-8.887536752849234,-1.2558262889598448,0.0,-1.9844551297528383,0.0,0.0,-0.8372461456526737,0.5468261987046175
2026-09-16T13:11:58.922630,71.13,map,roomba,-8.891307023331624,-1.2646035414652963,0.0,-1.968670629991394,0.0,0.0,-0.8329044265587668,0.5534168557415035
2026-09-16T13:11:58.970409,71.17,map,roomba,-8.893754091024162,-1.2705123968615828,0.0,-1.958178011082494,0.0,0.0,-0.8299895814892672,0.5577788940245691
2026-09-16T13:11:59.021603,71.23,map,roomba,-8.883023450013411,-1.288923843878764,0.0,-1.9463489015851951,0.0,0.0,-0.8266760696292431,0.5626781281535178
2026-09-16T13:11:59.069875,71.27,map,roomba,-8.885332928935872,-1.2948575796294048,0.0,-1.9375689547868498,0.0,0.0,-0.8241979697657756,0.5663017805322295
2026-09-16T13:11:59.120493,71.32,map,roomba,-8.888288815848503,-1.3026794925635172,0.0,-1.9265180178648844,0.0,0.0,-0.8210563213798728,0.5708471924448354
2026-09-16T13:11:59.169928,71.37,map,roomba,-8.891204906736695,-1.3106659165030659,0.0,-1.9154277385247191,0.0,0.0,-0.8178782870663632,0.57539126474547
2026-09-16T13:11:59.220574,71.43,map,roomba,-8.894659627379049,-1.32049486509804,0.0,-1.902208280383666,0.0,0.0,-0.814057268509094,0.5807846103225474
2026-09-16T13:11:59.270099,71.47,map,roomba,-8.896901969015294,-1.3271057885317843,0.0,-1.8934016369676294,0.0,0.0,-0.811492003327086,0.5843635243033164
2026-09-16T13:11:59.320548,71.53,map,roomba,-8.900209743515399,-1.3372256193373122,0.0,-1.8800108808488258,0.0,0.0,-0.8075613090903331,0.5897836315635657
2026-09-16T13:11:59.371567,71.57,map,roomba,-8.90234804476373,-1.3440238223223497,0.0,-1.871059681683938,0.0,0.0,-0.8049135944141778,0.5933920335893033
2026-09-16T13:11:59.420583,71.63,map,roomba,-8.905504470779574,-1.3544570544012262,0.0,-1.8580994667590285,0.0,0.0,-0.801051477357276,0.5985954649207808
2026-09-16T13:11:59.475190,71.67,map,roomba,-8.907536310401706,-1.3614444402003216,0.0,-1.849450325674316,0.0,0.0,-0.7984553265269306,0.6020540603141655
2026-09-16T13:11:59.524558,71.72,map,roomba,-8.909978756397148,-1.3701637435711354,0.0,-1.838274060446361,0.0,0.0,-0.7950785193669428,0.6065065111285038
2026-09-16T13:11:59.582372,71.79,map,roomba,-8.913272360956084,-1.3825677971570547,0.0,-1.8224298991045589,0.0,0.0,-0.7902488269359411,0.612786089533998
2026-09-16T13:11:59.630281,71.83,map,roomba,-8.90224873958529,-1.3921023972279611,0.0,-1.8131753779530009,0.0,0.0,-0.787404855933995,0.6164362033913687
2026-09-16T13:11:59.680692,71.87,map,roomba,-8.90404342577997,-1.399509696279114,0.0,-1.80384308921159,0.0,0.0,-0.7845199140221529,0.6201036240038222
2026-09-16T13:11:59.730598,71.93,map,roomba,-8.90662049196002,-1.410697189039337,0.0,-1.790581011950261,0.0,0.0,-0.7803907651991389,0.6252921345994229
2026-09-16T13:11:59.782250,71.97,map,roomba,-8.908256476895318,-1.4181760218808925,0.0,-1.7817261195161609,0.0,0.0,-0.7776146782412411,0.6287411328867956
2026-09-16T13:11:59.830150,72.03,map,roomba,-8.91077731283427,-1.43034251639626,0.0,-1.7684570131965958,0.0,0.0,-0.7734261781888941,0.6338863832676336
2026-09-16T13:11:59.896634,72.07,map,roomba,-8.912377804903084,-1.438522306920198,0.0,-1.7595752027269775,0.0,0.0,-0.7706035314804663,0.6373148337123764
2026-09-16T13:11:59.946786,72.13,map,roomba,-8.914629682847634,-1.4507722012923043,0.0,-1.7455961538459948,0.0,0.0,-0.7661302168990498,0.6426853746229293
2026-09-16T13:11:59.999870,72.17,map,roomba,-8.916035259216489,-1.4589538773349444,0.0,-1.736269826525551,0.0,0.0,-0.7631249509044201,0.64625096464696
2026-09-16T13:12:00.066789,72.23,map,roomba,-8.918173420107724,-1.4723243454004797,0.0,-1.722726797429518,0.0,0.0,-0.7587313906652374,0.6514036205143433
2026-09-16T13:12:00.115714,72.28,map,roomba,-8.919866772969492,-1.4838191919347543,0.0,-1.7113942831758913,0.0,0.0,-0.7550282099483113,0.6556923075515289
2026-09-16T13:12:00.165777,72.33,map,roomba,-8.909341686948348,-1.4950338530080869,0.0,-1.6980747411839359,0.0,0.0,-0.7506447379643919,0.660706044596513
2026-09-16T13:12:00.218765,72.37,map,roomba,-8.910479302267095,-1.5042618742576683,0.0,-1.688823201637722,0.0,0.0,-0.7475804437755426,0.664171273155022
2026-09-16T13:12:00.267291,72.43,map,roomba,-8.912186431812462,-1.5195670115890445,0.0,-1.6747151272161982,0.0,0.0,-0.7428767942395023,0.6694281653623787
2026-09-16T13:12:00.317155,72.47,map,roomba,-8.913192944868369,-1.5296797784536709,0.0,-1.6652840207572135,0.0,0.0,-0.7397118223382882,0.6729237846093484
2026-09-16T13:12:00.366048,72.53,map,roomba,-8.914590379756394,-1.5456965953038881,0.0,-1.6503463278782398,0.0,0.0,-0.7346652728300931,0.6784297582635104
2026-09-16T13:12:00.425115,72.59,map,roomba,-8.915755158112141,-1.5618334635503193,0.0,-1.6355267236662174,0.0,0.0,-0.7296181202125016,0.6838548081702546
2026-09-16T13:12:00.468748,72.63,map,roomba,-8.916403527905775,-1.5726463669336166,0.0,-1.625856577803447,0.0,0.0,-0.7263031167594978,0.6873745577088515
2026-09-16T13:12:00.543832,72.67,map,roomba,-8.916947228882204,-1.5834676596278727,0.0,-1.6161506902004743,0.0,0.0,-0.7229587871652763,0.6908911578971848
2026-09-16T13:12:00.593862,72.73,map,roomba,-8.902593182401908,-1.6114908471287055,0.0,-1.597999717500836,0.0,0.0,-0.7166589271174622,0.6974238181929608
2026-09-16T13:12:00.644678,72.77,map,roomba,-8.902859192805982,-1.6235248124631494,0.0,-1.587806906759979,0.0,0.0,-0.7130952810157494,0.7010671295910752
2026-09-16T13:12:00.694172,72.83,map,roomba,-8.903050457131895,-1.6440117795738256,0.0,-1.5724465032796744,0.0,0.0,-0.7076899659228786,0.7065231150727307
2026-09-16T13:12:00.746417,72.87,map,roomba,-8.903001442303845,-1.6578568404447342,0.0,-1.5620630189995162,0.0,0.0,-0.70401235898955,0.7101877205288536
2026-09-16T13:12:00.794353,72.93,map,roomba,-8.902641445165903,-1.6791126082639187,0.0,-1.5455294844172267,0.0,0.0,-0.6981174134716349,0.7159832938048726
2026-09-16T13:12:00.860578,72.97,map,roomba,-8.90218819086043,-1.6937804710892577,0.0,-1.534571061779028,0.0,0.0,-0.6941839300039049,0.7197976599880925
2026-09-16T13:12:00.916406,73.03,map,roomba,-8.901100675180345,-1.71837199785888,0.0,-1.518640798017602,0.0,0.0,-0.6884286867853491,0.7253040350163509
2026-09-16T13:12:00.971202,73.09,map,roomba,-8.899530597375703,-1.744313926621501,0.0,-1.5023274930175676,0.0,0.0,-0.6824897986241458,0.7308951188604101
2026-09-16T13:12:01.016152,73.13,map,roomba,-8.888102060222694,-1.7535551964019436,0.0,-1.491007130117041,0.0,0.0,-0.6783418890633635,0.7347464062803898
2026-09-16T13:12:01.066751,73.19,map,roomba,-8.885511663009616,-1.7827964489071104,0.0,-1.4737906481385672,0.0,0.0,-0.6719919600192615,0.7405584417650448
2026-09-16T13:12:01.116581,73.23,map,roomba,-8.8835026523589,-1.8022491070106095,0.0,-1.4619856708056596,0.0,0.0,-0.6676091417360291,0.7445119434035177
2026-09-16T13:12:01.172540,73.29,map,roomba,-8.880055310898815,-1.8313784756661704,0.0,-1.4436934992467505,0.0,0.0,-0.6607719437192575,0.7505867294280352
2026-09-16T13:12:01.217304,73.33,map,roomba,-8.877452161466199,-1.8507597315418454,0.0,-1.4308746753097217,0.0,0.0,-0.6559475846958487,0.7548064428260283
2026-09-16T13:12:01.279023,73.37,map,roomba,-8.874598740300444,-1.8701057271264183,0.0,-1.4178594712304333,0.0,0.0,-0.6510217501432113,0.7590590759884702
2026-09-16T13:12:01.337719,73.43,map,roomba,-8.859842296254401,-1.8990501920155969,0.0,-1.3979849348746742,0.0,0.0,-0.6434467569793774,0.7654908692680287
2026-09-16T13:12:01.389867,73.47,map,roomba,-8.856350091542929,-1.918291139848887,0.0,-1.3844902784468365,0.0,0.0,-0.6382671311665077,0.7698149578128994
2026-09-16T13:12:01.439302,73.53,map,roomba,-8.850609054392818,-1.9470564328892572,0.0,-1.3628483950260786,0.0,0.0,-0.6298998030738918,0.776676405002413
2026-09-16T13:12:01.490936,73.57,map,roomba,-8.846430223968774,-1.9661600075656065,0.0,-1.348031541377869,0.0,0.0,-0.6241286195158177,0.781321615150432
2026-09-16T13:12:01.572301,73.63,map,roomba,-8.839611738730003,-1.994689034566383,0.0,-1.3242954298138436,0.0,0.0,-0.6148121147058326,0.7886736103173112
2026-09-16T13:12:01.622088,73.67,map,roomba,-8.83468789795859,-2.0136142698738664,0.0,-1.3082294688224392,0.0,0.0,-0.6084569466825521,0.7935868849935374
2026-09-16T13:12:01.672742,73.73,map,roomba,-8.817094479337097,-2.0419348861119793,0.0,-1.2860840570327792,0.0,0.0,-0.5996326725649755,0.8002753638545828
2026-09-16T13:12:01.725293,73.79,map,roomba,-8.80848803707794,-2.069976272159208,0.0,-1.2595852642083003,0.0,0.0,-0.5889771863122453,0.8081496606469069
2026-09-16T13:12:01.772381,73.83,map,roomba,-8.802328388468483,-2.0885360726158595,0.0,-1.2410966246469046,0.0,0.0,-0.5814813327594608,0.8135597455948034
2026-09-16T13:12:01.839201,73.87,map,roomba,-8.795832533358263,-2.1069809315403902,0.0,-1.22484548699363,0.0,0.0,-0.5748515737874794,0.8182577027526586
2026-09-16T13:12:01.891259,73.93,map,roomba,-8.787338330259168,-2.1299015807935433,0.0,-1.2068603389569765,0.0,0.0,-0.5674701870730084,0.8233939438587855
2026-09-16T13:12:01.967238,73.97,map,roomba,-8.778233570297568,-2.153164295907862,0.0,-1.1885276582938193,0.0,0.0,-0.5598989438837759,0.8285609046037788
2026-09-16T13:12:02.017366,74.03,map,roomba,-8.756346066858374,-2.180728442483387,0.0,-1.1615995216574215,0.0,0.0,-0.5486927315198323,0.8360240943760564
2026-09-16T13:12:02.066975,74.09,map,roomba,-8.744084187498727,-2.2081071220543897,0.0,-1.1375225869145806,0.0,0.0,-0.5385887667504085,0.8425687748369709
2026-09-16T13:12:02.116964,74.13,map,roomba,-8.735535954201211,-2.2261879267911513,0.0,-1.1207746551570672,0.0,0.0,-0.5315143233382462,0.8470493044010403
2026-09-16T13:12:02.166813,74.17,map,roomba,-8.72668437269074,-2.24412217738862,0.0,-1.1038536446633076,0.0,0.0,-0.5243289209260289,0.8515158146978518
2026-09-16T13:12:02.229675,74.23,map,roomba,-8.71282627703662,-2.270728474247307,0.0,-1.0772702118001392,0.0,0.0,-0.5129648315968197,0.8584096233994855
2026-09-16T13:12:02.281583,74.27,map,roomba,-8.703193825544771,-2.2882556836002985,0.0,-1.0592842474582738,0.0,0.0,-0.5052245306613695,0.8629879336456558
2026-09-16T13:12:02.360330,74.33,map,roomba,-8.678131452222784,-2.3041990481632055,0.0,-1.0302079367878512,0.0,0.0,-0.49262532931051833,0.8702415095372683
2026-09-16T13:12:02.414711,74.39,map,roomba,-8.662316063390998,-2.3296903301070984,0.0,-1.0004058397989104,0.0,0.0,-0.47960360769767396,0.8774852588410678
2026-09-16T13:12:02.461888,74.43,map,roomba,-8.651342904294967,-2.3464108263509185,0.0,-0.9796285280486662,0.0,0.0,-0.4704619990999521,0.8824202555488381
2026-09-16T13:12:02.512710,74.49,map,roomba,-8.634231380251093,-2.371050607633918,0.0,-0.9474454781567521,0.0,0.0,-0.45620221559669777,0.8898761365969222
2026-09-16T13:12:02.580888,74.53,map,roomba,-8.622374665847913,-2.387156572950952,0.0,-0.9249331857951275,0.0,0.0,-0.4461569509432616,0.8949547335619898
2026-09-16T13:12:02.627594,74.57,map,roomba,-8.610155424852529,-2.4029892441822227,0.0,-0.9020285448550657,0.0,0.0,-0.43587860888794216,0.9000054657133546
2026-09-16T13:12:02.677378,74.63,map,roomba,-8.581119106068892,-2.4261736563813177,0.0,-0.8644804498913478,0.0,0.0,-0.41890604241808005,0.9080295852149431
2026-09-16T13:12:02.728974,74.67,map,roomba,-8.567946305955882,-2.441222186121436,0.0,-0.8389510840869885,0.0,0.0,-0.40728152024327047,0.9133026679410996
2026-09-16T13:12:02.778134,74.73,map,roomba,-8.54743033292243,-2.4631075066808616,0.0,-0.7962430111294507,0.0,0.0,-0.3876874482963433,0.9217908886691548
2026-09-16T13:12:02.845722,74.79,map,roomba,-8.525987252010529,-2.4840851015677896,0.0,-0.7512400024657963,0.0,0.0,-0.36684937452403527,0.9302803536629827
2026-09-16T13:12:02.910099,74.83,map,roomba,-8.511251742660377,-2.497607553862899,0.0,-0.7348427688851615,0.0,0.0,-0.3592101185947155,0.9332567121104302
2026-09-16T13:12:02.981371,74.87,map,roomba,-8.4976706268032,-2.509697323911237,0.0,-0.7202346341833826,0.0,0.0,-0.3523840275440872,0.9358554894489897
2026-09-16T13:12:03.030963,74.93,map,roomba,-8.45789487735493,-2.5161880739487454,0.0,-0.6958870237539336,0.0,0.0,-0.34096527490828427,0.9400758912485301
2026-09-16T13:12:03.081968,74.99,map,roomba,-8.438018299938085,-2.532447124464502,0.0,-0.6755145522908333,0.0,0.0,-0.33137191684781536,0.94350021342054
2026-09-16T13:12:03.132217,75.03,map,roomba,-8.424587497130455,-2.543061718353206,0.0,-0.6620917396080614,0.0,0.0,-0.32503228810872975,0.9457029193604108
2026-09-16T13:12:03.194364,75.07,map,roomba,-8.41101548346212,-2.5534950996667325,0.0,-0.6486678023560453,0.0,0.0,-0.31867748603448975,0.9478632073747443
2026-09-16T13:12:03.244555,75.13,map,roomba,-8.393855648246213,-2.566279256659157,0.0,-0.6318972234864307,0.0,0.0,-0.3107182683064061,0.9505020556214848
2026-09-16T13:12:03.345502,75.19,map,roomba,-8.369476484457744,-2.5836893248819433,0.0,-0.6084116050984558,0.0,0.0,-0.29953553776584846,0.9540851437976193
2026-09-16T13:12:03.396152,75.22,map,roomba,-8.36243964695357,-2.578561683162117,0.0,-0.6017004220070152,0.0,0.0,-0.29633233734891373,0.9550848893377644
2026-09-16T13:12:03.446019,75.29,map,roomba,-8.333960189840072,-2.59756508859184,0.0,-0.5756063727496654,0.0,0.0,-0.2838464535950341,0.9588697465148862
2026-09-16T13:12:03.494941,75.33,map,roomba,-8.319540057435127,-2.6067908822263157,0.0,-0.5626978010875348,0.0,0.0,-0.27765176495528265,0.9606817878034415
2026-09-16T13:12:03.545241,75.37,map,roomba,-8.305002043314051,-2.615829781760335,0.0,-0.5497914479084164,0.0,0.0,-0.2714465775859837,0.9624535082365572
2026-09-16T13:12:03.593356,75.43,map,roomba,-8.286667502187735,-2.626863391779551,0.0,-0.5336588233114463,0.0,0.0,-0.26367438036277163,0.964611746320927
2026-09-16T13:12:03.663513,75.47,map,roomba,-8.26815712244283,-2.637599418703932,0.0,-0.5175222503449484,0.0,0.0,-0.2558831186959427,0.966707727064617
2026-09-16T13:12:03.714066,75.53,map,roomba,-8.235895524758151,-2.6403817305316926,0.0,-0.5016487723248756,0.0,0.0,-0.2482026330877085,0.9687081360907053
2026-09-16T13:12:03.765463,75.59,map,roomba,-8.213267299830452,-2.652519656127058,0.0,-0.4830509252843848,0.0,0.0,-0.23918408907477387,0.970974238346966
2026-09-16T13:12:03.813683,75.63,map,roomba,-8.198058220029369,-2.6603771418417845,0.0,-0.47065751621132745,0.0,0.0,-0.23316269489618965,0.9724377397595932
2026-09-16T13:12:03.884205,75.67,map,roomba,-8.182752923729787,-2.6680455289853646,0.0,-0.4582649401228707,0.0,0.0,-0.2271327531044289,0.9738638059129225
2026-09-16T13:12:03.948891,75.73,map,roomba,-8.159619718114113,-2.6791909766458897,0.0,-0.43967488232781615,0.0,0.0,-0.2180709794446599,0.9759329115897499
2026-09-16T13:12:03.999842,75.77,map,roomba,-8.14639896201502,-2.68532277146555,0.0,-0.4291259246179927,0.0,0.0,-0.21292043243199887,0.9770695417691468
2026-09-16T13:12:04.052220,75.83,map,roomba,-8.11727660180414,-2.6839994392250945,0.0,-0.42305738447980235,0.0,0.0,-0.20995476395858328,0.9777111010370576
2026-09-16T13:12:04.104607,75.89,map,roomba,-8.098156883545352,-2.692542617293469,0.0,-0.4174416795301564,0.0,0.0,-0.2072086713863076,0.9782967681140121
2026-09-16T13:12:04.149419,75.93,map,roomba,-8.085385799098995,-2.698179475112273,0.0,-0.413828098684119,0.0,0.0,-0.2054407569011208,0.978669553732972
2026-09-16T13:12:04.205524,75.99,map,roomba,-8.066191004878181,-2.7065480424918253,0.0,-0.4083976638594638,0.0,0.0,-0.20278270225719758,0.9792237617956729
2026-09-16T13:12:04.278904,76.03,map,roomba,-8.05336935837469,-2.7120691302294064,0.0,-0.4047785268143947,0.0,0.0,-0.20101039871863374,0.979589107537939
2026-09-16T13:12:04.327552,76.07,map,roomba,-8.040527811144562,-2.7175437703249647,0.0,-0.40115625462449894,0.0,0.0,-0.1992359008192289,0.9799515578969964
2026-09-16T13:12:04.393971,76.13,map,roomba,-8.021228544149894,-2.7256684845357304,0.0,-0.39573133138441774,0.0,0.0,-0.19657709015493732,0.9804883719994938
2026-09-16T13:12:04.444436,76.18,map,roomba,-8.005112880956181,-2.732364659404484,0.0,-0.3912066481521102,0.0,0.0,-0.19435838933980834,0.9809305869903514
2026-09-16T13:12:04.493828,76.23,map,roomba,-7.9889659819573495,-2.7389764301212476,0.0,-0.386682447098977,0.0,0.0,-0.19213893035956678,0.9813677350719666
2026-09-16T13:12:04.545447,76.27,map,roomba,-7.976027458342985,-2.7442177670173766,0.0,-0.3830657229922348,0.0,0.0,-0.19036394899058923,0.9817135870123772
2026-09-16T13:12:04.609860,76.34,map,roomba,-7.953339959664609,-2.753282021705599,0.0,-0.37672973156943934,0.0,0.0,-0.18725293449508218,0.9823117318463526
2026-09-16T13:12:04.660026,76.37,map,roomba,-7.94359888681805,-2.7571159091097,0.0,-0.3740163600667015,0.0,0.0,-0.18592007424541115,0.9825648711370567
2026-09-16T13:12:04.709949,76.43,map,roomba,-7.924086185984377,-2.7647137472305108,0.0,-0.3685827651594532,0.0,0.0,-0.18324996165278856,0.9830663515522498
2026-09-16T13:12:04.762065,76.49,map,roomba,-7.904532519751625,-2.7722055269505406,0.0,-0.36315808799034366,0.0,0.0,-0.18058288206119089,0.9835597707849147
2026-09-16T13:12:04.826894,76.53,map,roomba,-7.8914742682959025,-2.777141016119632,0.0,-0.35954304531109477,0.0,0.0,-0.17880478276065356,0.9838845713100269
2026-09-16T13:12:04.897468,76.57,map,roomba,-7.878398237259232,-2.7820292052626545,0.0,-0.355920036890303,0.0,0.0,-0.17702217931385736,0.9842068624181466
2026-09-16T13:12:04.944888,76.63,map,roomba,-7.858751228812092,-2.7892726613966543,0.0,-0.3504884776969902,0.0,0.0,-0.17434864087414667,0.9846839855635603
2026-09-16T13:12:05.020744,76.69,map,roomba,-7.839065181918823,-2.796409337254781,0.0,-0.3450622280927994,0.0,0.0,-0.17167643191447332,0.9851533904550678
2026-09-16T13:12:05.066855,76.73,map,roomba,-7.825919748891723,-2.791107693963631,0.0,-0.3414371177811536,0.0,0.0,-0.1698905060260368,0.9854629449970289
2026-09-16T13:12:05.117396,76.77,map,roomba,-7.812757673959429,-2.7957592291488007,0.0,-0.3381423744973672,0.0,0.0,-0.16826685252338922,0.9857414804815063
2026-09-16T13:12:05.167471,76.83,map,roomba,-7.79298839498339,-2.8026620223603285,0.0,-0.3337120462418602,0.0,0.0,-0.16608286230384894,0.9861118003801398
2026-09-16T13:12:05.222401,76.89,map,roomba,-7.773188742608052,-2.809477203591487,0.0,-0.3292843225483659,0.0,0.0,-0.16389934179447777,0.9864770680352063
2026-09-16T13:12:05.279072,76.94,map,roomba,-7.760294978769683,-2.813864902001786,0.0,-0.32640238960950174,0.0,0.0,-0.16247769174951257,0.9867122172567594
2026-09-16T13:12:05.340934,76.97,map,roomba,-7.753072623644563,-2.8163006428730504,0.0,-0.32479065677372476,0.0,0.0,-0.16168248083738646,0.9868428321623804
2026-09-16T13:12:05.403423,77.03,map,roomba,-7.738680270465726,-2.82111228323591,0.0,-0.31705777059959117,0.0,0.0,-0.15786571017259288,0.9874605903790302
2026-09-16T13:12:05.455119,77.09,map,roomba,-7.724227780796148,-2.825719010560889,0.0,-0.30002660809363735,0.0,0.0,-0.14945128711708752,0.9887690897166264
2026-09-16T13:12:05.504410,77.13,map,roomba,-7.714550100727605,-2.8286527249971862,0.0,-0.28863357701830317,0.0,0.0,-0.14381635423502745,0.9896043938132778
2026-09-16T13:12:05.554559,77.17,map,roomba,-7.704839644839303,-2.831476025097029,0.0,-0.2772441346748317,0.0,0.0,-0.138178531636697,0.9904073371066706
2026-09-16T13:12:05.605477,77.23,map,roomba,-7.690215248110974,-2.835503156072277,0.0,-0.260165158718827,0.0,0.0,-0.12971602472359328,0.9915511852294405
2026-09-16T13:12:05.659404,77.27,map,roomba,-7.6804283535368825,-2.838048856052449,0.0,-0.24877420355414764,0.0,0.0,-0.1240665938195924,0.9922738937904213
2026-09-16T13:12:05.704471,77.33,map,roomba,-7.6656952401425675,-2.8416579991474817,0.0,-0.23169036531812046,0.0,0.0,-0.1155862473552956,0.9932974476068689
2026-09-16T13:12:05.789178,77.39,map,roomba,-7.650902606395924,-2.8450148415401855,0.0,-0.21460750616340973,0.0,0.0,-0.10709795398821255,0.9942484741006841
2026-09-16T13:12:05.856858,77.43,map,roomba,-7.64100993868428,-2.8371121853447763,0.0,-0.20321659670169945,0.0,0.0,-0.10143355039934636,0.9948423165775485
2026-09-16T13:12:05.910071,77.49,map,roomba,-7.62612802085364,-2.840047978141855,0.0,-0.1864238698940146,0.0,0.0,-0.0930770154696249,0.9956589120734406
2026-09-16T13:12:05.962738,77.53,map,roomba,-7.618669223102069,-2.8414228280951277,0.0,-0.17810809667937777,0.0,0.0,-0.0889363859843699,0.996037308160713
2026-09-16T13:12:06.007859,77.57,map,roomba,-7.606213328039116,-2.8435760391718587,0.0,-0.16425040123689477,0.0,0.0,-0.08203291551085894,0.9966296206579395
2026-09-16T13:12:06.058314,77.64,map,roomba,-7.588724848402031,-2.8462999551491306,0.0,-0.14484481743971545,0.0,0.0,-0.07235911600125813,0.9973786434105738
2026-09-16T13:12:06.113983,77.67,map,roomba,-7.58121800957468,-2.847363775158399,0.0,-0.13652817258458017,0.0,0.0,-0.06821108036901505,0.9976709119318312
2026-09-16T13:12:06.206860,77.73,map,roomba,-7.5661738042795355,-2.8493033173463354,0.0,-0.11989463263460508,0.0,0.0,-0.059911417515737385,0.9982036976746054
2026-09-16T13:12:06.262231,77.79,map,roomba,-7.55109942344143,-2.850992365019582,0.0,-0.10326284515962977,0.0,0.0,-0.05160848576354936,0.9986673941794603
2026-09-16T13:12:06.309200,77.83,map,roomba,-7.531035131206803,-2.841978999509371,0.0,-0.09217047307288512,0.0,0.0,-0.04606892525454734,0.9989382634206635
2026-09-16T13:12:06.354022,77.87,map,roomba,-7.520960527673413,-2.84285408164274,0.0,-0.08114225018754065,0.0,0.0,-0.04055999588828466,0.9991771047885066
2026-09-16T13:12:06.404326,77.94,map,roomba,-7.503306874609633,-2.844118559914523,0.0,-0.061943459926831514,0.0,0.0,-0.03096677860560289,0.9995204143101788
2026-09-16T13:12:06.469878,77.97,map,roomba,-7.49573731038592,-2.8445575125065816,0.0,-0.05371747860918933,0.0,0.0,-0.02685551014167785,0.9996393257445558
2026-09-16T13:12:06.516862,78.03,map,roomba,-7.480584299297522,-2.845247311608235,0.0,-0.037259399118786965,0.0,0.0,-0.01862862195645626,0.9998264721660471
2026-09-16T13:12:06.571024,78.08,map,roomba,-7.46794754524082,-2.8456309259775128,0.0,-0.0235471493914451,0.0,0.0,-0.011773302694553898,0.9999306922700505
2026-09-16T13:12:06.629445,78.13,map,roomba,-7.455310649756431,-2.8458426117988354,0.0,-0.009834229764253431,0.0,0.0,-0.004917095067801355,0.9999879110149753
2026-09-16T13:12:06.691930,78.19,map,roomba,-7.440141972934928,-2.8458670155423107,0.0,0.0066206037675771955,0.0,0.0,0.0033102958380228573,0.9999945209557224
2026-09-16T13:12:06.744576,78.23,map,roomba,-7.430025918436214,-2.8353388359480394,0.0,0.024568964588945672,0.0,0.0,0.012284173324660695,0.9999245466962643
2026-09-16T13:12:06.793003,78.27,map,roomba,-7.419917933504355,-2.8350357608225756,0.0,0.03511609764018311,0.0,0.0,0.017557146686587963,0.999845861420762
2026-09-16T13:12:06.840146,78.33,map,roomba,-7.404763041445264,-2.8343884211891464,0.0,0.05026095494647956,0.0,0.0,0.02512783240271276,0.9996842461691298
2026-09-16T13:12:06.908628,78.37,map,roomba,-7.394665971940263,-2.833829509189422,0.0,0.06034060953810771,0.0,0.0,0.030165727904337726,0.9995449108769459
2026-09-16T13:12:06.959748,78.43,map,roomba,-7.3795322219862864,-2.832800280277331,0.0,0.07546751508694229,0.0,0.0,0.03772480373098299,0.9992881662380771
2026-09-16T13:12:07.016465,78.49,map,roomba,-7.364415775642942,-2.831542230433721,0.0,0.09059758555568968,0.0,0.0,0.04528330232636682,0.9989741851171224
2026-09-16T13:12:07.070371,78.53,map,roomba,-7.354349466441255,-2.830576547895991,0.0,0.10068612367288454,0.0,0.0,0.050321799421376046,0.9987330556775393
2026-09-16T13:12:07.118692,78.57,map,roomba,-7.3442934092344645,-2.829509392766083,0.0,0.11077380603487502,0.0,0.0,0.05535858887704678,0.9984665375652516
2026-09-16T13:12:07.170388,78.63,map,roomba,-7.332684714341162,-2.818340112326733,0.0,0.11892161080282547,0.0,0.0,0.05942577344939235,0.9982327270982161
2026-09-16T13:12:07.219563,78.67,map,roomba,-7.325882436117011,-2.8175038322675445,0.0,0.1256304025239698,0.0,0.0,0.06277390056934072,0.9980277738656929
2026-09-16T13:12:07.268666,78.73,map,roomba,-7.315731932410366,-2.8161731344856857,0.0,0.13509866446904437,0.0,0.0,0.06749797367349988,0.9977194112324224
2026-09-16T13:12:07.347845,78.77,map,roomba,-7.308970085050889,-2.8152324392232755,0.0,0.14139883910339626,0.0,0.0,0.07064053684645107,0.9975018368675043
2026-09-16T13:12:07.397050,78.83,map,roomba,-7.298838824025184,-2.8137415470734357,0.0,0.15084859269641976,0.0,0.0,0.07535280408934827,0.9971569359513438
2026-09-16T13:12:07.459665,78.87,map,roomba,-7.292092682653917,-2.8126944394018243,0.0,0.15714906940838266,0.0,0.0,0.07849370701986765,0.9969146091608243
2026-09-16T13:12:07.509329,78.93,map,roomba,-7.281986182629905,-2.8110441113179205,0.0,0.16660461137995775,0.0,0.0,0.08320599618943467,0.9965323688662219
2026-09-16T13:12:07.567995,78.97,map,roomba,-7.275257380756602,-2.809890844886512,0.0,0.17290847410816468,0.0,0.0,0.0863465793056379,0.9962651596047185
2026-09-16T13:12:07.644736,79.03,map,roomba,-7.265178143192131,-2.8080814885662453,0.0,0.18235895388720044,0.0,0.0,0.09105318969316913,0.9958460305924304
2026-09-16T13:12:07.693039,79.09,map,roomba,-7.255116464148359,-2.8061769300769206,0.0,0.19181412120785166,0.0,0.0,0.09576010005883231,0.995404442041888
2026-09-16T13:12:07.741281,79.13,map,roomba,-7.248418877040642,-2.7948544174225005,0.0,0.19811810925724124,0.0,0.0,0.09889712802599998,0.995097662578005
2026-09-16T13:12:07.815057,79.17,map,roomba,-7.241729634420557,-2.7934903273681972,0.0,0.20393531825458808,0.0,0.0,0.10179105114940382,0.994805801101853
2026-09-16T13:12:07.865234,79.23,map,roomba,-7.231709790782431,-2.7913766815297425,0.0,0.21188405470298896,0.0,0.0,0.1057439613815372,0.9943933902793903
2026-09-16T13:12:07.940636,79.27,map,roomba,-7.225039364801123,-2.789923377875246,0.0,0.21717594263553977,0.0,0.0,0.10837469734502733,0.9941101171275614
2026-09-16T13:12:07.988783,79.33,map,roomba,-7.215048398447671,-2.7876772112457537,0.0,0.22512835599437353,0.0,0.0,0.11232661750434393,0.9936713395283336
2026-09-16T13:12:08.037706,79.37,map,roomba,-7.208397809574461,-2.7861356874264582,0.0,0.2304274003094944,0.0,0.0,0.11495897439106914,0.9933702402462807
2026-09-16T13:12:08.087409,79.43,map,roomba,-7.19843747526699,-2.7837573903428,0.0,0.23837247611156817,0.0,0.0,0.1189042578551215,0.9929057243585228
2026-09-16T13:12:08.137359,79.49,map,roomba,-7.1884963588740325,-2.7813000130550534,0.0,0.24631854668624953,0.0,0.0,0.12284815850558177,0.992425478286298
2026-09-16T13:12:08.188995,79.53,map,roomba,-7.181879934588405,-2.7796179046609146,0.0,0.25161851968676374,0.0,0.0,0.1254776382015395,0.9920964480892791
2026-09-16T13:12:08.241269,79.57,map,roomba,-7.1752725162254665,-2.777900765998733,0.0,0.2569137256396153,0.0,0.0,0.12810387285524252,0.9917607563114644
2026-09-16T13:12:08.305876,79.63,map,roomba,-7.165378680251152,-2.775259482401169,0.0,0.26486322513826843,0.0,0.0,0.132044851361217,0.9912437425926047
2026-09-16T13:12:08.375924,79.67,map,roomba,-7.158794587508079,-2.7734549808356626,0.0,0.2701577043982047,0.0,0.0,0.13466844533790723,0.9908907153820098
2026-09-16T13:12:08.443355,79.73,map,roomba,-7.158972431617813,-2.770550660571321,0.0,0.2815924269105265,0.0,0.0,0.14033149362864789,0.9901045762423042
2026-09-16T13:12:08.491431,79.77,map,roomba,-7.152418912589437,-2.768638101858463,0.0,0.28603604760255247,0.0,0.0,0.14253097004095228,0.989790342738898
2026-09-16T13:12:08.541338,79.83,map,roomba,-7.142603606996722,-2.765718487015085,0.0,0.2922115000687566,0.0,0.0,0.14558648734277696,0.9893455284698018
2026-09-16T13:12:08.590929,79.87,map,roomba,-7.136070151877,-2.763738482558468,0.0,0.2963214068299963,0.0,0.0,0.14761923745659697,0.9890442663160901
2026-09-16T13:12:08.640706,79.93,map,roomba,-7.126285363969737,-2.7607181806720753,0.0,0.30248376199136584,0.0,0.0,0.15066595293189397,0.9885847311318966
2026-09-16T13:12:08.695125,79.99,map,roomba,-7.116519380405679,-2.757637625741698,0.0,0.30864425393174083,0.0,0.0,0.15371031749857403,0.9881159538710462
2026-09-16T13:12:08.742027,80.03,map,roomba,-7.111433269585508,-2.756006574364591,0.0,0.3117713493844253,0.0,0.0,0.1552550954357739,0.9878744127373826
2026-09-16T13:12:08.811954,80.09,map,roomba,-7.105817200104236,-2.7541849799826146,0.0,0.31542133357578384,0.0,0.0,0.15705769888383575,0.987589428467779
2026-09-16T13:12:08.879289,80.14,map,roomba,-7.101061291306731,-2.752625410640796,0.0,0.318428863395278,0.0,0.0,0.15854262307393732,0.9873521340782302
2026-09-16T13:12:08.928361,80.19,map,roomba,-7.096318280342893,-2.7510538471318493,0.0,0.3214373646155464,0.0,0.0,0.16002766819121775,0.9871125292555462
2026-09-16T13:12:08.974886,80.23,map,roomba,-7.092524572686257,-2.7497855794028387,0.0,0.32384282618682236,0.0,0.0,0.1612147827879034,0.9869193451395353
2026-09-16T13:12:09.068359,80.27,map,roomba,-7.0896812805626865,-2.7488283940887825,0.0,0.32564960458001324,0.0,0.0,0.1621062891562848,0.98677330274789
2026-09-16T13:12:09.140218,80.33,map,roomba,-7.083028440310845,-2.736651145228252,0.0,0.3263729414241287,0.0,0.0,0.16246316328975877,0.9867146094863931
2026-09-16T13:12:09.207922,80.37,map,roomba,-7.079240783688338,-2.7353649525200456,0.0,0.32767231820517034,0.0,0.0,0.16310418598375792,0.9866088508190952
2026-09-16T13:12:09.266965,80.43,map,roomba,-7.0735600694583844,-2.733433405270221,0.0,0.32783949658606304,0.0,0.0,0.1631866552489721,0.986595213625453
2026-09-16T13:12:09.312849,80.47,map,roomba,-7.069773071414268,-2.7321452888091406,0.0,0.3279188194788443,0.0,0.0,0.16322578491378756,0.9865887406307037
2026-09-16T13:12:09.388558,80.53,map,roomba,-7.064092771839492,-2.7302125444127907,0.0,0.32803916280677176,0.0,0.0,0.16328514930443333,0.9865789172775936
2026-09-16T13:12:09.436519,80.57,map,roomba,-7.0603060367070585,-2.728923669458804,0.0,0.32811662469260194,0.0,0.0,0.16332336031367922,0.9865725923498221
2026-09-16T13:12:09.486477,80.63,map,roomba,-7.054626131054997,-2.726989788344713,0.0,0.3282376912810276,0.0,0.0,0.1633830805034065,0.9865627040412674
2026-09-16T13:12:09.536076,80.67,map,roomba,-7.050839658812714,-2.7257001545930306,0.0,0.32831805741891573,0.0,0.0,0.16342272348864437,0.98655613801119
2026-09-16T13:12:09.587864,80.73,map,roomba,-7.04516014770079,-2.7237651344354905,0.0,0.328435605375004,0.0,0.0,0.1634807070351436,0.9865465313036631
2026-09-16T13:12:09.635851,80.77,map,roomba,-7.041373938369158,-2.722474741511205,0.0,0.3285139414928353,0.0,0.0,0.163519348022394,0.9865401273249513
2026-09-16T13:12:09.687340,80.83,map,roomba,-7.035694821620409,-2.720538582396269,0.0,0.328633506129227,0.0,0.0,0.1635783253859606,0.986530349996352
2026-09-16T13:12:09.738207,80.87,map,roomba,-7.031908875413547,-2.719247429407102,0.0,0.3287158295588687,0.0,0.0,0.1636189325283035,0.9865236159962408
2026-09-16T13:12:09.787313,80.93,map,roomba,-7.02623015344252,-2.7173101297592273,0.0,0.3288362165650815,0.0,0.0,0.16367831454419488,0.9865137654123087
2026-09-16T13:12:09.878302,80.99,map,roomba,-7.020551667772663,-2.7153721473049353,0.0,0.3289566022584896,0.0,0.0,0.16373769531949403,0.9865039113614607
2026-09-16T13:12:09.953058,81.03,map,roomba,-7.016766141871791,-2.7140797798129372,0.0,0.329032025579999,0.0,0.0,0.16377489790389224,0.9864977358395557
2026-09-16T13:12:10.024843,81.09,map,roomba,-7.011088049862358,-2.712140659662913,0.0,0.3291594899313501,0.0,0.0,0.1638377692182441,0.9864872961055248
2026-09-16T13:12:10.072475,81.13,map,roomba,-7.007302786620212,-2.7108475329974326,0.0,0.32924093165255786,0.0,0.0,0.16387793969406825,0.9864806236726738
2026-09-16T13:12:10.143276,81.17,map,roomba,-7.003517628207401,-2.709554103315707,0.0,0.32931582629315775,0.0,0.0,0.16391488063504084,0.9864744861913056
2026-09-16T13:12:10.189999,81.23,map,roomba,-6.997840087268387,-2.707613390237693,0.0,0.32943812931507815,0.0,0.0,0.16397520473387708,0.9864644607042279
2026-09-16T13:12:10.240672,81.27,map,roomba,-6.994055191399657,-2.706319201575633,0.0,0.32951400365824146,0.0,0.0,0.1640126282873741,0.9864582392388781
2026-09-16T13:12:10.290347,81.33,map,roomba,-6.988378044996371,-2.7043773478734905,0.0,0.32963540485887344,0.0,0.0,0.16407250659248834,0.9864482817565541
2026-09-16T13:12:10.368431,81.37,map,roomba,-6.984593412284084,-2.703082398384277,0.0,0.329719616387327,0.0,0.0,0.16411404160580795,0.9864413724838427
2026-09-16T13:12:10.418090,81.43,map,roomba,-6.97891666077649,-2.7011394029493836,0.0,0.32983405821664813,0.0,0.0,0.16417048641469587,0.9864319801133589
2026-09-16T13:12:10.468104,81.47,map,roomba,-6.975132291196887,-2.6998436926813363,0.0,0.32991478831214066,0.0,0.0,0.16421030365491626,0.986425352560223
2026-09-16T13:12:10.521501,81.53,map,roomba,-6.970401966729635,-2.6982236255019,0.0,0.33001833483376264,0.0,0.0,0.16426137389186168,0.9864168495353057
2026-09-16T13:12:10.571583,81.57,map,roomba,-6.965671828173542,-2.6966030843641655,0.0,0.3301174815558806,0.0,0.0,0.16431027368864068,0.9864087053348445
2026-09-16T13:12:10.620111,81.63,map,roomba,-6.95999586547368,-2.69465780836113,0.0,0.3302172264476417,0.0,0.0,0.16435946809905194,0.9864005095528878
2026-09-16T13:12:10.667967,81.67,map,roomba,-6.960944736816423,-2.694983059863639,0.0,0.33021719644697195,0.0,0.0,0.16435945330271395,0.9864005120183348
2026-09-16T13:12:10.721197,81.73,map,roomba,-6.960944576218025,-2.6949830151187517,0.0,0.3302156385190181,0.0,0.0,0.1643586849321984,0.9864006400481289
2026-09-16T13:12:10.770298,81.79,map,roomba,-6.960944422008039,-2.6949829708489283,0.0,0.33022241442055883,0.0,0.0,0.16436202680806347,0.9864000832033346
2026-09-16T13:12:10.840188,81.83,map,roomba,-6.960944322626287,-2.6949829416094784,0.0,0.33021912570223105,0.0,0.0,0.16436040481182518,0.986400353472206
2026-09-16T13:12:10.904235,81.87,map,roomba,-6.960944225900695,-2.6949829125943188,0.0,0.33022089285025186,0.0,0.0,0.1643612763694772,0.986400208247239
2026-09-16T13:12:10.957378,81.93,map,roomba,-6.960944085640279,-2.6949828695021854,0.0,0.33021477120414805,0.0,0.0,0.16435825717221147,0.9864007113234019
2026-09-16T13:12:11.006135,81.97,map,roomba,-6.960943995253086,-2.6949828410682324,0.0,0.3302209472399134,0.0,0.0,0.1643613031944639,0.9864002037774615
2026-09-16T13:12:11.054695,82.03,map,roomba,-6.960943864188207,-2.694982798868665,0.0,0.33021951708401714,0.0,0.0,0.16436059784138815,0.9864003213083528
2026-09-16T13:12:11.104535,82.07,map,roomba,-6.9609437797296225,-2.6949827710425116,0.0,0.3302216563770803,0.0,0.0,0.16436165294097652,0.9864001455000451
2026-09-16T13:12:11.156715,82.13,map,roomba,-6.960943657265351,-2.6949827297723035,0.0,0.3302192903379819,0.0,0.0,0.16436048601020603,0.9864003399424033
2026-09-16T13:12:11.206225,82.17,map,roomba,-6.9609435783517,-2.6949827025759916,0.0,0.3302187452592883,0.0,0.0,0.16436021717729557,0.9864003847370661
2026-09-16T13:12:11.258174,82.23,map,roomba,-6.960943463931131,-2.6949826622651094,0.0,0.33021722821916705,0.0,0.0,0.16435946897276868,0.9864005094073043
2026-09-16T13:12:11.305694,82.27,map,roomba,-6.960943390202847,-2.694982635717598,0.0,0.3302199227891746,0.0,0.0,0.16436079793523356,0.9864002879673613
2026-09-16T13:12:11.374581,82.33,map,roomba,-6.960943283303864,-2.694982596392246,0.0,0.3302173013274493,0.0,0.0,0.164359505029792,0.9864005033992844
2026-09-16T13:12:11.426573,82.36,map,roomba,-6.960940704890118,-2.694981038511684,0.0,0.3302183072941542,0.0,0.0,0.16436000117280328,0.9864004207290648
2026-09-16T13:12:11.478167,82.43,map,roomba,-6.960943114557815,-2.6949825321905525,0.0,0.33021657053831915,0.0,0.0,0.1643591446043981,0.9864005634552885
2026-09-16T13:12:11.530049,82.49,map,roomba,-6.96094301868961,-2.69498249448352,0.0,0.3302164455633339,0.0,0.0,0.16435908296669985,0.9864005737256774
2026-09-16T13:12:11.575636,82.54,map,roomba,-6.960940704889543,-2.6949810385114588,0.0,0.33021830729698054,0.0,0.0,0.16436000117419722,0.9864004207288326
2026-09-16T13:12:11.623871,82.57,map,roomba,-6.96094289681114,-2.694982445169239,0.0,0.3302174548441891,0.0,0.0,0.16435958074428622,0.9864004907833138
2026-09-16T13:12:11.674357,82.63,map,roomba,-6.960942809665633,-2.694982408909754,0.0,0.3302160828477357,0.0,0.0,0.16435890407526005,0.9864006035334627
2026-09-16T13:12:11.725206,82.67,map,roomba,-6.960942753518092,-2.694982385084125,0.0,0.3302173544176703,0.0,0.0,0.1643595312139023,0.9864004990363429
2026-09-16T13:12:11.775933,82.73,map,roomba,-6.960942672117319,-2.6949823498688636,0.0,0.33021700752530153,0.0,0.0,0.16435936012649702,0.9864005275438616
2026-09-16T13:12:11.824337,82.77,map,roomba,-6.960942619672011,-2.6949823267417585,0.0,0.33022165633800415,0.0,0.0,0.16436165292170413,0.9864001455032563
2026-09-16T13:12:11.901756,82.83,map,roomba,-6.960942543640087,-2.6949822925761766,0.0,0.33021962877399547,0.0,0.0,0.16436065292690313,0.9864003121296354
2026-09-16T13:12:11.949786,82.89,map,roomba,-6.960942470659206,-2.6949822590413666,0.0,0.3302193351885439,0.0,0.0,0.1643605081305108,0.986400336256573
2026-09-16T13:12:12.001481,82.93,map,roomba,-6.96094242364015,-2.6949822370349406,0.0,0.33021846196292176,0.0,0.0,0.1643600774554715,0.9864004080183825
2026-09-16T13:12:12.054148,82.99,map,roomba,-6.960942355476321,-2.6949822045511524,0.0,0.33021831662454987,0.0,0.0,0.16436000577455637,0.9864004199622929
2026-09-16T13:12:12.099921,83.03,map,roomba,-6.960942311561292,-2.694982183244789,0.0,0.3302198436092992,0.0,0.0,0.16436075888370746,0.9864002944743943
2026-09-16T13:12:12.149292,83.07,map,roomba,-6.9609422688301,-2.6949821622174794,0.0,0.33021697210236556,0.0,0.0,0.16435934265589563,0.986400530454907
2026-09-16T13:12:12.200190,83.13,map,roomba,-6.96094220688368,-2.694982131198661,0.0,0.33021767673224967,0.0,0.0,0.16435969017953114,0.9864004725485935
