wall_time,ros_time_sec,left_cmd_vel,right_cmd_vel
2026-09-25T03:02:32.372417,1790285552.3724406,0.0,0.0
2026-09-25T03:02:32.442581,1790285552.442598,0.0,0.0
2026-09-25T03:02:32.848862,1790285552.8488886,0.0,0.0
2026-09-25T03:02:33.256063,1790285553.256085,0.0,0.0
2026-09-25T03:02:33.663815,1790285553.6638396,0.0,0.0
2026-09-25T03:02:34.073017,1790285554.0730443,0.0,0.0
2026-09-25T03:02:34.483508,1790285554.4835343,0.0,0.0
2026-09-25T03:02:34.895122,1790285554.89515,0.0,0.0
2026-09-25T03:02:35.100214,1790285555.1002407,0.0,0.0
2026-09-25T03:02:35.509906,1790285555.5099366,0.0,0.0
2026-09-25T03:02:35.921945,1790285555.921984,0.0,0.0
2026-09-25T03:02:36.331763,1790285556.331794,0.0,0.0
2026-09-25T03:02:36.743060,1790285556.7430756,0.0,0.0
2026-09-25T03:02:37.151701,1790285557.1517324,0.0,0.0
2026-09-25T03:03:28.764829,1790285608.7648404,0.0,0.0
2026-09-25T03:03:28.765883,1790285608.7659059,28.57142857142857,28.57142857142857
2026-09-25T03:03:28.817233,1790285608.8172565,28.57142857142857,28.57142857142857
2026-09-25T03:03:28.916575,1790285608.9165943,28.57142857142857,28.57142857142857
2026-09-25T03:03:28.966826,1790285608.966847,28.57142857142857,28.57142857142857
2026-09-25T03:03:29.017054,1790285609.017076,28.57142857142857,28.57142857142857
2026-09-25T03:03:29.067069,1790285609.0670898,28.57142857142857,28.57142857142857
2026-09-25T03:03:29.117990,1790285609.1180115,28.57142857142857,28.57142857142857
2026-09-25T03:03:29.168104,1790285609.1681266,28.57142857142857,28.57142857142857
2026-09-25T03:03:29.218298,1790285609.2183206,28.57142857142857,28.57142857142857
2026-09-25T03:03:29.268959,1790285609.2689803,28.57142857142857,28.57142857142857
2026-09-25T03:03:29.319080,1790285609.319102,28.57142857142857,28.57142857142857
2026-09-25T03:03:29.371465,1790285609.3714974,28.57142857142857,28.57142857142857
2026-09-25T03:03:29.421563,1790285609.4215927,28.57142857142857,28.57142857142857
2026-09-25T03:03:29.521467,1790285609.5215,28.57142857142857,28.57142857142857
2026-09-25T03:03:29.621516,1790285609.6215508,28.57142857142857,28.57142857142857
2026-09-25T03:03:29.672142,1790285609.6721697,28.57142857142857,28.57142857142857
2026-09-25T03:03:29.723937,1790285609.7239742,28.57142857142857,28.57142857142857
2026-09-25T03:03:29.773268,1790285609.7732992,28.57142857142857,28.57142857142857
2026-09-25T03:03:29.825601,1790285609.8256273,28.57142857142857,28.57142857142857
2026-09-25T03:03:29.925503,1790285609.9255269,28.57142857142857,28.57142857142857
2026-09-25T03:03:29.976171,1790285609.9762015,28.57142857142857,28.57142857142857
2026-09-25T03:03:30.026276,1790285610.0263102,28.57142857142857,28.57142857142857
2026-09-25T03:03:30.077234,1790285610.077263,28.57142857142857,28.57142857142857
2026-09-25T03:03:30.127035,1790285610.1270614,28.57142857142857,28.57142857142857
2026-09-25T03:03:30.177154,1790285610.1771855,28.57142857142857,28.57142857142857
2026-09-25T03:03:30.276796,1790285610.2768226,28.57142857142857,28.57142857142857
2026-09-25T03:03:30.327509,1790285610.3275409,28.57142857142857,28.57142857142857
2026-09-25T03:03:30.378181,1790285610.3782094,28.57142857142857,28.57142857142857
2026-09-25T03:03:30.427310,1790285610.4273365,28.57142857142857,28.57142857142857
2026-09-25T03:03:30.478950,1790285610.4789815,28.57142857142857,28.57142857142857
2026-09-25T03:03:30.529436,1790285610.5294652,28.57142857142857,28.57142857142857
2026-09-25T03:03:30.629046,1790285610.6290786,28.57142857142857,28.57142857142857
2026-09-25T03:03:30.679263,1790285610.6792893,28.57142857142857,28.57142857142857
2026-09-25T03:03:30.779534,1790285610.7795715,28.57142857142857,28.57142857142857
2026-09-25T03:03:30.831124,1790285610.8311515,28.57142857142857,28.57142857142857
2026-09-25T03:03:30.931313,1790285610.931339,28.57142857142857,28.57142857142857
2026-09-25T03:03:30.981584,1790285610.9816191,28.57142857142857,28.57142857142857
2026-09-25T03:03:31.083583,1790285611.0836086,28.57142857142857,28.57142857142857
2026-09-25T03:03:31.132404,1790285611.1324322,28.57142857142857,28.57142857142857
2026-09-25T03:03:31.232428,1790285611.232455,28.57142857142857,28.57142857142857
2026-09-25T03:03:31.284081,1790285611.2841156,28.57142857142857,28.57142857142857
2026-09-25T03:03:31.384196,1790285611.3842285,28.57142857142857,28.57142857142857
2026-09-25T03:03:31.434112,1790285611.4341438,28.57142857142857,28.57142857142857
2026-09-25T03:03:31.484530,1790285611.484559,28.57142857142857,28.57142857142857
2026-09-25T03:03:31.535785,1790285611.5358093,28.57142857142857,28.57142857142857
2026-09-25T03:03:31.587016,1790285611.587042,28.57142857142857,28.57142857142857
2026-09-25T03:03:31.686860,1790285611.686888,28.57142857142857,28.57142857142857
2026-09-25T03:03:31.737288,1790285611.7373128,28.57142857142857,28.57142857142857
2026-09-25T03:03:31.787739,1790285611.7877774,28.57142857142857,28.57142857142857
2026-09-25T03:03:31.838534,1790285611.8385603,28.57142857142857,28.57142857142857
2026-09-25T03:03:31.938431,1790285611.9384594,28.57142857142857,28.57142857142857
2026-09-25T03:03:31.989885,1790285611.989913,28.57142857142857,28.57142857142857
2026-09-25T03:03:32.040531,1790285612.0405707,28.57142857142857,28.57142857142857
2026-09-25T03:03:32.140613,1790285612.1406398,28.57142857142857,28.57142857142857
2026-09-25T03:03:32.240303,1790285612.240338,28.57142857142857,28.57142857142857
2026-09-25T03:03:32.292202,1790285612.2922292,28.57142857142857,28.57142857142857
2026-09-25T03:03:32.342806,1790285612.3428223,28.57142857142857,28.57142857142857
2026-09-25T03:03:32.391575,1790285612.3916028,28.57142857142857,28.57142857142857
2026-09-25T03:03:32.441327,1790285612.4413614,28.57142857142857,28.57142857142857
2026-09-25T03:03:32.542103,1790285612.542141,28.57142857142857,28.57142857142857
2026-09-25T03:03:32.642040,1790285612.6420739,28.57142857142857,28.57142857142857
2026-09-25T03:03:32.693100,1790285612.6931267,28.57142857142857,28.57142857142857
2026-09-25T03:03:32.743071,1790285612.74309,28.57142857142857,28.57142857142857
2026-09-25T03:03:32.794327,1790285612.794364,28.57142857142857,28.57142857142857
2026-09-25T03:03:32.893653,1790285612.8936796,28.57142857142857,28.57142857142857
2026-09-25T03:03:32.993331,1790285612.9933605,28.57142857142857,28.57142857142857
2026-09-25T03:03:33.094123,1790285613.0941546,28.57142857142857,28.57142857142857
2026-09-25T03:03:33.144497,1790285613.1445231,28.57142857142857,28.57142857142857
2026-09-25T03:03:33.195909,1790285613.195933,28.57142857142857,28.57142857142857
2026-09-25T03:03:33.245468,1790285613.245493,28.57142857142857,28.57142857142857
2026-09-25T03:03:33.345508,1790285613.3455315,28.57142857142857,28.57142857142857
2026-09-25T03:03:33.397124,1790285613.3971586,28.57142857142857,28.57142857142857
2026-09-25T03:03:33.496836,1790285613.4968653,28.57142857142857,28.57142857142857
2026-09-25T03:03:33.596831,1790285613.5968604,28.57142857142857,28.57142857142857
2026-09-25T03:03:33.647490,1790285613.6475167,28.57142857142857,28.57142857142857
2026-09-25T03:03:33.697738,1790285613.6977644,28.57142857142857,28.57142857142857
2026-09-25T03:03:33.748449,1790285613.748476,28.57142857142857,28.57142857142857
2026-09-25T03:03:33.798687,1790285613.7987149,28.57142857142857,28.57142857142857
2026-09-25T03:03:33.849101,1790285613.8491347,28.57142857142857,28.57142857142857
2026-09-25T03:03:33.947822,1790285613.9478488,28.57142857142857,28.57142857142857
2026-09-25T03:03:34.047888,1790285614.047915,28.57142857142857,28.57142857142857
2026-09-25T03:03:34.098454,1790285614.0984805,28.57142857142857,28.57142857142857
2026-09-25T03:03:34.149867,1790285614.149894,28.57142857142857,28.57142857142857
2026-09-25T03:03:34.199969,1790285614.1999986,28.57142857142857,28.57142857142857
2026-09-25T03:03:34.300170,1790285614.3002038,28.57142857142857,28.57142857142857
2026-09-25T03:03:34.400102,1790285614.4001274,28.57142857142857,28.57142857142857
2026-09-25T03:03:34.499836,1790285614.4998674,28.57142857142857,28.57142857142857
2026-09-25T03:03:34.550967,1790285614.5510006,28.57142857142857,28.57142857142857
2026-09-25T03:03:34.600831,1790285614.600865,28.57142857142857,28.57142857142857
2026-09-25T03:03:34.651400,1790285614.651429,28.57142857142857,28.57142857142857
2026-09-25T03:03:34.751432,1790285614.7514706,28.57142857142857,28.57142857142857
2026-09-25T03:03:34.803267,1790285614.803282,28.57142857142857,28.57142857142857
2026-09-25T03:03:34.852820,1790285614.85285,28.57142857142857,28.57142857142857
2026-09-25T03:03:34.951903,1790285614.9519296,28.57142857142857,28.57142857142857
2026-09-25T03:03:35.003395,1790285615.0034108,28.57142857142857,28.57142857142857
2026-09-25T03:03:35.102824,1790285615.1028435,28.57142857142857,28.57142857142857
2026-09-25T03:03:35.152158,1790285615.1521895,28.57142857142857,28.57142857142857
2026-09-25T03:03:35.252098,1790285615.2521236,28.57142857142857,28.57142857142857
2026-09-25T03:03:35.352686,1790285615.3527248,28.57142857142857,28.57142857142857
2026-09-25T03:03:35.403847,1790285615.4038763,28.57142857142857,28.57142857142857
2026-09-25T03:03:35.453004,1790285615.45303,28.57142857142857,28.57142857142857
2026-09-25T03:03:35.553060,1790285615.553086,28.57142857142857,28.57142857142857
2026-09-25T03:03:35.652733,1790285615.6527603,28.57142857142857,28.57142857142857
2026-09-25T03:03:35.703558,1790285615.7035828,28.57142857142857,28.57142857142857
2026-09-25T03:03:35.803995,1790285615.8040187,28.57142857142857,28.57142857142857
2026-09-25T03:03:35.857392,1790285615.857423,28.57142857142857,28.57142857142857
2026-09-25T03:03:35.953686,1790285615.9537141,28.57142857142857,28.57142857142857
2026-09-25T03:03:36.053337,1790285616.0533626,28.57142857142857,28.57142857142857
2026-09-25T03:03:36.104652,1790285616.1046803,28.57142857142857,28.57142857142857
2026-09-25T03:03:36.155647,1790285616.1556714,28.57142857142857,28.57142857142857
2026-09-25T03:03:36.205672,1790285616.2056985,28.57142857142857,28.57142857142857
2026-09-25T03:03:36.304442,1790285616.3044763,28.57142857142857,28.57142857142857
2026-09-25T03:03:36.355767,1790285616.355795,28.57142857142857,28.57142857142857
2026-09-25T03:03:36.406068,1790285616.4060962,28.57142857142857,28.57142857142857
2026-09-25T03:03:36.505816,1790285616.50584,28.57142857142857,28.57142857142857
2026-09-25T03:03:36.605972,1790285616.605997,28.57142857142857,28.57142857142857
2026-09-25T03:03:36.705987,1790285616.7060118,28.57142857142857,28.57142857142857
2026-09-25T03:03:36.807284,1790285616.807312,28.57142857142857,28.57142857142857
2026-09-25T03:03:36.857640,1790285616.8576715,28.57142857142857,28.57142857142857
2026-09-25T03:03:36.957367,1790285616.9574218,28.57142857142857,28.57142857142857
2026-09-25T03:03:36.983644,1790285616.9836638,28.57142857142857,28.57142857142857
2026-09-25T03:03:36.989936,1790285616.989966,28.57142857142857,28.57142857142857
2026-09-25T03:03:36.998013,1790285616.9980452,28.57142857142857,28.57142857142857
2026-09-25T03:03:37.006809,1790285617.0068376,28.57142857142857,28.57142857142857
2026-09-25T03:03:37.014122,1790285617.0141551,28.57142857142857,28.57142857142857
2026-09-25T03:03:37.023884,1790285617.0239053,28.57142857142857,28.57142857142857
2026-09-25T03:03:37.029989,1790285617.0300202,28.57142857142857,28.57142857142857
2026-09-25T03:03:37.037975,1790285617.0380008,28.57142857142857,28.57142857142857
2026-09-25T03:03:37.046007,1790285617.0460386,28.57142857142857,28.57142857142857
2026-09-25T03:03:37.054726,1790285617.054759,28.57142857142857,28.57142857142857
2026-09-25T03:03:37.063353,1790285617.063398,28.57142857142857,28.57142857142857
2026-09-25T03:03:37.069805,1790285617.0698307,28.57142857142857,28.57142857142857
2026-09-25T03:03:37.078856,1790285617.0788891,28.57142857142857,28.57142857142857
2026-09-25T03:03:37.086460,1790285617.0864937,28.57142857142857,28.57142857142857
2026-09-25T03:03:37.094495,1790285617.094528,28.57142857142857,28.57142857142857
2026-09-25T03:03:37.103229,1790285617.1032503,28.57142857142857,28.57142857142857
2026-09-25T03:03:37.109753,1790285617.1098037,28.57142857142857,28.57142857142857
2026-09-25T03:03:37.118248,1790285617.1182742,28.57142857142857,28.57142857142857
2026-09-25T03:03:37.127570,1790285617.1275995,28.57142857142857,28.57142857142857
2026-09-25T03:03:37.134199,1790285617.1342332,28.57142857142857,28.57142857142857
2026-09-25T03:03:37.143640,1790285617.1436718,28.57142857142857,28.57142857142857
2026-09-25T03:03:37.149826,1790285617.149854,28.57142857142857,28.57142857142857
2026-09-25T03:03:37.157675,1790285617.1577058,28.57142857142857,28.57142857142857
2026-09-25T03:03:37.167144,1790285617.167171,28.57142857142857,28.57142857142857
2026-09-25T03:03:37.174181,1790285617.1742117,28.57142857142857,28.57142857142857
2026-09-25T03:03:37.183088,1790285617.1831105,28.57142857142857,28.57142857142857
2026-09-25T03:03:37.190018,1790285617.190043,28.57142857142857,28.57142857142857
2026-09-25T03:03:37.197481,1790285617.1975086,28.57142857142857,28.57142857142857
2026-09-25T03:03:37.206301,1790285617.2063253,28.57142857142857,28.57142857142857
2026-09-25T03:03:37.213995,1790285617.2140274,28.57142857142857,28.57142857142857
2026-09-25T03:03:37.222921,1790285617.2229486,28.57142857142857,28.57142857142857
2026-09-25T03:03:37.230224,1790285617.230256,28.57142857142857,28.57142857142857
2026-09-25T03:03:37.237519,1790285617.2375474,28.57142857142857,28.57142857142857
2026-09-25T03:03:37.247168,1790285617.2471998,28.57142857142857,28.57142857142857
2026-09-25T03:03:37.254272,1790285617.2543025,28.57142857142857,28.57142857142857
2026-09-25T03:03:37.263288,1790285617.2633045,28.57142857142857,28.57142857142857
2026-09-25T03:03:37.269735,1790285617.2697682,28.57142857142857,28.57142857142857
2026-09-25T03:03:37.277943,1790285617.2779698,28.57142857142857,28.57142857142857
2026-09-25T03:03:37.328728,1790285617.3287544,28.57142857142857,28.57142857142857
2026-09-25T03:03:37.379595,1790285617.3796284,28.57142857142857,28.57142857142857
2026-09-25T03:03:37.429959,1790285617.4299936,28.57142857142857,28.57142857142857
2026-09-25T03:03:37.530043,1790285617.5300786,28.57142857142857,28.57142857142857
2026-09-25T03:03:37.629613,1790285617.629641,28.57142857142857,28.57142857142857
2026-09-25T03:03:37.680231,1790285617.68026,28.57142857142857,28.57142857142857
2026-09-25T03:03:37.731735,1790285617.731761,28.57142857142857,28.57142857142857
2026-09-25T03:03:37.782986,1790285617.7829998,28.57142857142857,28.57142857142857
2026-09-25T03:03:37.833014,1790285617.8330436,28.57142857142857,28.57142857142857
2026-09-25T03:03:37.932792,1790285617.9328187,28.57142857142857,28.57142857142857
2026-09-25T03:03:37.983471,1790285617.983498,28.57142857142857,28.57142857142857
2026-09-25T03:03:38.034245,1790285618.034278,28.57142857142857,28.57142857142857
2026-09-25T03:03:38.085493,1790285618.0855134,28.57142857142857,28.57142857142857
2026-09-25T03:03:38.135641,1790285618.135666,28.57142857142857,28.57142857142857
2026-09-25T03:03:38.235603,1790285618.2356234,28.57142857142857,28.57142857142857
2026-09-25T03:03:38.286227,1790285618.2862515,28.57142857142857,28.57142857142857
2026-09-25T03:03:38.386272,1790285618.3863108,28.57142857142857,28.57142857142857
2026-09-25T03:03:38.436002,1790285618.4360282,28.57142857142857,28.57142857142857
2026-09-25T03:03:38.487091,1790285618.4871156,28.57142857142857,28.57142857142857
2026-09-25T03:03:38.537751,1790285618.5377858,28.57142857142857,28.57142857142857
2026-09-25T03:03:38.637783,1790285618.6378155,28.57142857142857,28.57142857142857
2026-09-25T03:03:38.736704,1790285618.7367315,28.57142857142857,28.57142857142857
2026-09-25T03:03:38.787066,1790285618.7870948,28.57142857142857,28.57142857142857
2026-09-25T03:03:38.837422,1790285618.8374481,28.57142857142857,28.57142857142857
2026-09-25T03:03:38.936887,1790285618.9369128,28.57142857142857,28.57142857142857
2026-09-25T03:03:38.988472,1790285618.9884984,28.57142857142857,28.57142857142857
2026-09-25T03:03:39.086676,1790285619.0867054,28.57142857142857,28.57142857142857
2026-09-25T03:03:39.136646,1790285619.136674,28.57142857142857,28.57142857142857
2026-09-25T03:03:39.186961,1790285619.186989,28.57142857142857,28.57142857142857
2026-09-25T03:03:39.237415,1790285619.2374444,28.57142857142857,28.57142857142857
2026-09-25T03:03:39.287849,1790285619.287876,28.57142857142857,28.57142857142857
2026-09-25T03:03:39.339338,1790285619.3393664,28.57142857142857,28.57142857142857
2026-09-25T03:03:39.438831,1790285619.4388697,28.57142857142857,28.57142857142857
2026-09-25T03:03:39.489490,1790285619.4895205,28.57142857142857,28.57142857142857
2026-09-25T03:03:39.590648,1790285619.5906804,28.57142857142857,28.57142857142857
2026-09-25T03:03:39.640773,1790285619.6408076,28.57142857142857,28.57142857142857
2026-09-25T03:03:39.741117,1790285619.7411442,28.57142857142857,28.57142857142857
2026-09-25T03:03:39.792817,1790285619.7928443,28.57142857142857,28.57142857142857
2026-09-25T03:03:39.891816,1790285619.8918421,28.57142857142857,28.57142857142857
2026-09-25T03:03:39.943577,1790285619.943609,28.57142857142857,28.57142857142857
2026-09-25T03:03:39.992666,1790285619.9926934,28.57142857142857,28.57142857142857
2026-09-25T03:03:40.044550,1790285620.044624,28.57142857142857,28.57142857142857
2026-09-25T03:03:40.143879,1790285620.143903,28.57142857142857,28.57142857142857
2026-09-25T03:03:40.244049,1790285620.244081,28.57142857142857,28.57142857142857
2026-09-25T03:03:40.343448,1790285620.3434734,28.57142857142857,28.57142857142857
2026-09-25T03:03:40.443983,1790285620.444012,28.57142857142857,28.57142857142857
2026-09-25T03:03:40.493858,1790285620.4938908,28.57142857142857,28.57142857142857
2026-09-25T03:03:40.593350,1790285620.5933912,28.57142857142857,28.57142857142857
2026-09-25T03:03:40.693094,1790285620.6931257,28.57142857142857,28.57142857142857
2026-09-25T03:03:40.743997,1790285620.744023,28.57142857142857,28.57142857142857
2026-09-25T03:03:40.796391,1790285620.7964184,28.57142857142857,28.57142857142857
2026-09-25T03:03:40.847131,1790285620.8471603,28.57142857142857,28.57142857142857
2026-09-25T03:03:40.946282,1790285620.9463048,28.57142857142857,28.57142857142857
2026-09-25T03:03:40.965743,1790285620.9657714,28.57142857142857,28.57142857142857
2026-09-25T03:03:40.974311,1790285620.9743433,28.57142857142857,28.57142857142857
2026-09-25T03:03:40.983106,1790285620.9831233,28.57142857142857,28.57142857142857
2026-09-25T03:03:40.989645,1790285620.9896753,28.57142857142857,28.57142857142857
2026-09-25T03:03:40.997609,1790285620.9976351,28.57142857142857,28.57142857142857
2026-09-25T03:03:41.046474,1790285621.046499,19.844511577061244,19.844511577061244
2026-09-25T03:03:41.053602,1790285621.0536268,8.757802418300082,8.757802418300082
2026-09-25T03:03:41.061459,1790285621.0614953,0.0,0.0
2026-09-25T03:03:41.112727,1790285621.1127577,0.0,0.0
2026-09-25T03:03:41.143625,1790285621.1436446,-28.57142857142857,-28.57142857142857
2026-09-25T03:03:41.192787,1790285621.1928134,-28.57142857142857,-28.57142857142857
2026-09-25T03:03:41.243539,1790285621.2435617,-28.57142857142857,-28.57142857142857
2026-09-25T03:03:41.294052,1790285621.2940845,-28.57142857142857,-28.57142857142857
2026-09-25T03:03:41.344719,1790285621.344747,-28.57142857142857,-28.57142857142857
2026-09-25T03:03:41.357929,1790285621.357956,0.0,0.0
2026-09-25T03:03:41.456999,1790285621.4570234,0.0,0.0
2026-09-25T03:03:41.477644,1790285621.4776719,6.163040654999869,6.163040654999869
2026-09-25T03:03:41.486051,1790285621.4860759,26.213472230093817,26.213472230093817
2026-09-25T03:03:41.493499,1790285621.4935296,28.57142857142857,28.57142857142857
2026-09-25T03:03:41.501622,1790285621.5016484,28.57142857142857,28.57142857142857
2026-09-25T03:03:41.509222,1790285621.509248,28.57142857142857,28.57142857142857
2026-09-25T03:03:41.517828,1790285621.5178578,28.57142857142857,28.57142857142857
2026-09-25T03:03:41.543329,1790285621.5433578,28.57142857142857,28.57142857142857
2026-09-25T03:03:41.549792,1790285621.5498204,28.57142857142857,28.57142857142857
2026-09-25T03:03:41.557542,1790285621.5575707,28.57142857142857,28.57142857142857
2026-09-25T03:03:41.565904,1790285621.5659385,28.57142857142857,28.57142857142857
2026-09-25T03:03:41.572915,1790285621.5729437,28.57142857142857,28.57142857142857
2026-09-25T03:03:41.623781,1790285621.6238048,28.57142857142857,28.57142857142857
2026-09-25T03:03:41.723473,1790285621.723501,28.57142857142857,28.57142857142857
2026-09-25T03:03:41.774072,1790285621.774098,28.57142857142857,28.57142857142857
2026-09-25T03:03:41.824165,1790285621.8241942,28.57142857142857,28.57142857142857
2026-09-25T03:03:41.924254,1790285621.9242847,28.57142857142857,28.57142857142857
2026-09-25T03:03:41.974170,1790285621.9741993,28.57142857142857,28.57142857142857
2026-09-25T03:03:42.025760,1790285622.0257862,28.57142857142857,28.57142857142857
2026-09-25T03:03:42.075545,1790285622.0755665,28.57142857142857,28.57142857142857
2026-09-25T03:03:42.175503,1790285622.1755219,28.57142857142857,28.57142857142857
2026-09-25T03:03:42.225673,1790285622.2257006,28.57142857142857,28.57142857142857
2026-09-25T03:03:42.276943,1790285622.2769682,28.57142857142857,28.57142857142857
2026-09-25T03:03:42.327403,1790285622.327436,28.57142857142857,28.57142857142857
2026-09-25T03:03:42.426807,1790285622.4268322,28.57142857142857,28.57142857142857
2026-09-25T03:03:42.526897,1790285622.5269215,28.57142857142857,28.57142857142857
2026-09-25T03:03:42.627024,1790285622.6270568,28.57142857142857,28.57142857142857
2026-09-25T03:03:42.677780,1790285622.6778126,28.57142857142857,28.57142857142857
2026-09-25T03:03:42.777351,1790285622.7773943,28.57142857142857,28.57142857142857
2026-09-25T03:03:42.829020,1790285622.8290465,28.57142857142857,28.57142857142857
2026-09-25T03:03:42.927167,1790285622.9271932,28.57142857142857,28.57142857142857
2026-09-25T03:03:42.977834,1790285622.9778624,28.57142857142857,28.57142857142857
2026-09-25T03:03:43.028073,1790285623.0281017,28.57142857142857,28.57142857142857
2026-09-25T03:03:43.128549,1790285623.1285856,28.57142857142857,28.57142857142857
2026-09-25T03:03:43.228885,1790285623.228922,28.57142857142857,28.57142857142857
2026-09-25T03:03:43.280097,1790285623.2801254,28.57142857142857,28.57142857142857
2026-09-25T03:03:43.379994,1790285623.3800316,28.57142857142857,28.57142857142857
2026-09-25T03:03:43.430441,1790285623.4304674,28.57142857142857,28.57142857142857
2026-09-25T03:03:43.481522,1790285623.4815507,28.57142857142857,28.57142857142857
2026-09-25T03:03:43.580736,1790285623.5807738,28.57142857142857,28.57142857142857
2026-09-25T03:03:43.631071,1790285623.6310966,28.57142857142857,28.57142857142857
2026-09-25T03:03:43.731425,1790285623.7314508,28.57142857142857,28.57142857142857
2026-09-25T03:03:43.832588,1790285623.8326156,28.57142857142857,28.57142857142857
2026-09-25T03:03:43.932325,1790285623.932351,28.57142857142857,28.57142857142857
2026-09-25T03:03:43.983566,1790285623.9836004,28.57142857142857,28.57142857142857
2026-09-25T03:03:44.032811,1790285624.0328372,28.57142857142857,28.57142857142857
2026-09-25T03:03:44.083638,1790285624.0836635,28.57142857142857,28.57142857142857
2026-09-25T03:03:44.133909,1790285624.133935,28.57142857142857,28.57142857142857
2026-09-25T03:03:44.183902,1790285624.1839252,28.57142857142857,28.57142857142857
2026-09-25T03:03:44.236213,1790285624.2362528,28.57142857142857,28.57142857142857
2026-09-25T03:03:44.285804,1790285624.285829,28.57142857142857,28.57142857142857
2026-09-25T03:03:44.385515,1790285624.3855386,28.57142857142857,28.57142857142857
2026-09-25T03:03:44.485959,1790285624.4859858,28.57142857142857,28.57142857142857
2026-09-25T03:03:44.536497,1790285624.5365276,28.57142857142857,28.57142857142857
2026-09-25T03:03:44.587690,1790285624.5877273,28.57142857142857,28.57142857142857
2026-09-25T03:03:44.687021,1790285624.6870472,28.57142857142857,28.57142857142857
2026-09-25T03:03:44.737303,1790285624.7373316,28.57142857142857,28.57142857142857
2026-09-25T03:03:44.787254,1790285624.7872872,28.57142857142857,28.57142857142857
2026-09-25T03:03:44.838347,1790285624.8383944,28.57142857142857,28.57142857142857
2026-09-25T03:03:44.938795,1790285624.9388251,28.57142857142857,28.57142857142857
2026-09-25T03:03:45.038340,1790285625.0383685,28.57142857142857,28.57142857142857
2026-09-25T03:03:45.088239,1790285625.088267,28.57142857142857,28.57142857142857
2026-09-25T03:03:45.188575,1790285625.1886032,28.57142857142857,28.57142857142857
2026-09-25T03:03:45.239404,1790285625.239433,28.57142857142857,28.57142857142857
2026-09-25T03:03:45.339834,1790285625.3398633,28.57142857142857,28.57142857142857
2026-09-25T03:03:45.390642,1790285625.3906689,28.57142857142857,28.57142857142857
2026-09-25T03:03:45.490603,1790285625.4906397,28.57142857142857,28.57142857142857
2026-09-25T03:03:45.589957,1790285625.5899827,28.57142857142857,28.57142857142857
2026-09-25T03:03:45.640044,1790285625.640071,28.57142857142857,28.57142857142857
2026-09-25T03:03:45.740826,1790285625.7408557,28.57142857142857,28.57142857142857
2026-09-25T03:03:45.841341,1790285625.841373,28.57142857142857,28.57142857142857
2026-09-25T03:03:45.940520,1790285625.940554,28.57142857142857,28.57142857142857
2026-09-25T03:03:46.039840,1790285626.0398686,28.57142857142857,28.57142857142857
2026-09-25T03:03:46.090522,1790285626.0905652,28.57142857142857,28.57142857142857
2026-09-25T03:03:46.140631,1790285626.1406603,28.57142857142857,28.57142857142857
2026-09-25T03:03:46.191833,1790285626.1918619,28.57142857142857,28.57142857142857
2026-09-25T03:03:46.243260,1790285626.2432752,28.57142857142857,28.57142857142857
2026-09-25T03:03:46.343810,1790285626.3438303,28.57142857142857,28.57142857142857
2026-09-25T03:03:46.393473,1790285626.3935065,28.57142857142857,28.57142857142857
2026-09-25T03:03:46.444746,1790285626.4447787,28.57142857142857,28.57142857142857
2026-09-25T03:03:46.494427,1790285626.494457,28.57142857142857,28.57142857142857
2026-09-25T03:03:46.544522,1790285626.5445516,28.57142857142857,28.57142857142857
2026-09-25T03:03:46.594656,1790285626.5946906,28.57142857142857,28.57142857142857
2026-09-25T03:03:46.645600,1790285626.645631,28.57142857142857,28.57142857142857
2026-09-25T03:03:46.745742,1790285626.7457743,28.57142857142857,28.57142857142857
2026-09-25T03:03:46.796677,1790285626.7967253,28.57142857142857,28.57142857142857
2026-09-25T03:03:46.846193,1790285626.8462205,28.57142857142857,28.57142857142857
2026-09-25T03:03:46.944472,1790285626.944503,28.57142857142857,28.57142857142857
2026-09-25T03:03:46.995549,1790285626.995572,28.57142857142857,28.57142857142857
2026-09-25T03:03:47.046035,1790285627.046065,28.57142857142857,28.57142857142857
2026-09-25T03:03:47.096045,1790285627.0960782,28.57142857142857,28.57142857142857
2026-09-25T03:03:47.147444,1790285627.1474867,28.57142857142857,28.57142857142857
2026-09-25T03:03:47.248026,1790285627.2480633,28.57142857142857,28.57142857142857
2026-09-25T03:03:47.298399,1790285627.2984324,28.57142857142857,28.57142857142857
2026-09-25T03:03:47.348205,1790285627.3482368,28.57142857142857,28.57142857142857
2026-09-25T03:03:47.398465,1790285627.3984928,28.57142857142857,28.57142857142857
2026-09-25T03:03:47.498781,1790285627.4988275,28.57142857142857,28.57142857142857
2026-09-25T03:03:47.597439,1790285627.5974665,28.57142857142857,28.57142857142857
2026-09-25T03:03:47.648611,1790285627.648638,28.57142857142857,28.57142857142857
2026-09-25T03:03:47.748589,1790285627.748631,28.57142857142857,28.57142857142857
2026-09-25T03:03:47.798919,1790285627.798944,28.57142857142857,28.57142857142857
2026-09-25T03:03:47.850266,1790285627.8503003,28.57142857142857,28.57142857142857
2026-09-25T03:03:47.948739,1790285627.94877,28.57142857142857,28.57142857142857
2026-09-25T03:03:47.998698,1790285627.998739,28.57142857142857,28.57142857142857
2026-09-25T03:03:48.098643,1790285628.098669,28.57142857142857,28.57142857142857
2026-09-25T03:03:48.198664,1790285628.1986952,28.57142857142857,28.57142857142857
2026-09-25T03:03:48.298523,1790285628.2985568,28.57142857142857,28.57142857142857
2026-09-25T03:03:48.348251,1790285628.3482807,28.57142857142857,28.57142857142857
2026-09-25T03:03:48.448006,1790285628.4480395,28.57142857142857,28.57142857142857
2026-09-25T03:03:48.498776,1790285628.498805,28.57142857142857,28.57142857142857
2026-09-25T03:03:48.549242,1790285628.549267,28.57142857142857,28.57142857142857
2026-09-25T03:03:48.599487,1790285628.5995343,28.57142857142857,28.57142857142857
2026-09-25T03:03:48.650277,1790285628.650316,28.57142857142857,28.57142857142857
2026-09-25T03:03:48.700500,1790285628.7005322,28.57142857142857,28.57142857142857
2026-09-25T03:03:48.800891,1790285628.8009224,28.57142857142857,28.57142857142857
2026-09-25T03:03:48.851534,1790285628.851563,28.57142857142857,28.57142857142857
2026-09-25T03:03:48.950133,1790285628.9501607,28.57142857142857,28.57142857142857
2026-09-25T03:03:49.050701,1790285629.0507267,28.57142857142857,28.57142857142857
2026-09-25T03:03:49.150829,1790285629.1508577,28.57142857142857,28.57142857142857
2026-09-25T03:03:49.250985,1790285629.2510104,28.57142857142857,28.57142857142857
2026-09-25T03:03:49.349818,1790285629.3498518,28.57142857142857,28.57142857142857
2026-09-25T03:03:49.400404,1790285629.4004295,28.57142857142857,28.57142857142857
2026-09-25T03:03:49.451358,1790285629.4514177,28.57142857142857,28.57142857142857
2026-09-25T03:03:49.550108,1790285629.550136,28.57142857142857,28.57142857142857
2026-09-25T03:03:49.600894,1790285629.6009204,28.57142857142857,28.57142857142857
2026-09-25T03:03:49.651914,1790285629.6519449,28.57142857142857,28.57142857142857
2026-09-25T03:03:49.703555,1790285629.703588,28.57142857142857,28.57142857142857
2026-09-25T03:03:49.752742,1790285629.7527683,28.57142857142857,28.57142857142857
2026-09-25T03:03:49.805012,1790285629.8050256,28.57142857142857,28.57142857142857
2026-09-25T03:03:49.855089,1790285629.855104,28.57142857142857,28.57142857142857
2026-09-25T03:03:49.953635,1790285629.9536622,28.57142857142857,28.57142857142857
2026-09-25T03:03:50.004000,1790285630.004028,28.57142857142857,28.57142857142857
2026-09-25T03:03:50.103929,1790285630.1039534,28.57142857142857,28.57142857142857
2026-09-25T03:03:50.154298,1790285630.1543467,28.57142857142857,28.57142857142857
2026-09-25T03:03:50.204426,1790285630.2044606,28.57142857142857,28.57142857142857
2026-09-25T03:03:50.254559,1790285630.2545972,28.57142857142857,28.57142857142857
2026-09-25T03:03:50.305443,1790285630.3054628,28.57142857142857,28.57142857142857
2026-09-25T03:03:50.405758,1790285630.405785,28.57142857142857,28.57142857142857
2026-09-25T03:03:50.455806,1790285630.4558337,28.57142857142857,28.57142857142857
2026-09-25T03:03:50.507619,1790285630.5076532,28.57142857142857,28.57142857142857
2026-09-25T03:03:50.557487,1790285630.5575123,28.57142857142857,28.57142857142857
2026-09-25T03:03:50.657439,1790285630.6574693,28.57142857142857,28.57142857142857
2026-09-25T03:03:50.707600,1790285630.707632,28.57142857142857,28.57142857142857
2026-09-25T03:03:50.758238,1790285630.758266,28.57142857142857,28.57142857142857
2026-09-25T03:03:50.810055,1790285630.8100832,28.57142857142857,28.57142857142857
2026-09-25T03:03:50.908669,1790285630.908695,28.57142857142857,28.57142857142857
2026-09-25T03:03:50.959228,1790285630.959256,28.57142857142857,28.57142857142857
2026-09-25T03:03:51.059899,1790285631.0599284,28.57142857142857,28.57142857142857
2026-09-25T03:03:51.110930,1790285631.1109636,28.57142857142857,28.57142857142857
2026-09-25T03:03:51.160626,1790285631.1606545,28.57142857142857,28.57142857142857
2026-09-25T03:03:51.260918,1790285631.2609463,28.57142857142857,28.57142857142857
2026-09-25T03:03:51.361513,1790285631.3615446,28.57142857142857,28.57142857142857
2026-09-25T03:03:51.411882,1790285631.4119084,28.57142857142857,28.57142857142857
2026-09-25T03:03:51.463442,1790285631.463467,28.57142857142857,28.57142857142857
2026-09-25T03:03:51.512825,1790285631.5128524,28.57142857142857,28.57142857142857
2026-09-25T03:03:51.564287,1790285631.5643635,28.57142857142857,28.57142857142857
2026-09-25T03:03:51.615707,1790285631.6157207,28.57142857142857,28.57142857142857
2026-09-25T03:03:51.665908,1790285631.665928,28.57142857142857,28.57142857142857
2026-09-25T03:03:51.715890,1790285631.7159135,28.57142857142857,28.57142857142857
2026-09-25T03:03:51.766641,1790285631.7666674,28.57142857142857,28.57142857142857
2026-09-25T03:03:51.817242,1790285631.817272,28.57142857142857,28.57142857142857
2026-09-25T03:03:51.916217,1790285631.9162424,28.57142857142857,28.57142857142857
2026-09-25T03:03:51.967110,1790285631.9671369,28.57142857142857,28.57142857142857
2026-09-25T03:03:52.016923,1790285632.0169566,28.57142857142857,28.57142857142857
2026-09-25T03:03:52.117301,1790285632.1173282,28.57142857142857,28.57142857142857
2026-09-25T03:03:52.217215,1790285632.2172399,28.57142857142857,28.57142857142857
2026-09-25T03:03:52.318023,1790285632.3180566,28.57142857142857,28.57142857142857
2026-09-25T03:03:52.367204,1790285632.367232,28.57142857142857,28.57142857142857
2026-09-25T03:03:52.417238,1790285632.4172645,28.57142857142857,28.57142857142857
2026-09-25T03:03:52.467566,1790285632.4675927,28.57142857142857,28.57142857142857
2026-09-25T03:03:52.518293,1790285632.5183198,28.57142857142857,28.57142857142857
2026-09-25T03:03:52.568465,1790285632.5684917,28.57142857142857,28.57142857142857
2026-09-25T03:03:52.619476,1790285632.6195095,28.57142857142857,28.57142857142857
2026-09-25T03:03:52.670041,1790285632.6700685,28.57142857142857,28.57142857142857
2026-09-25T03:03:52.769512,1790285632.7695456,28.57142857142857,28.57142857142857
2026-09-25T03:03:52.820757,1790285632.8207834,28.57142857142857,28.57142857142857
2026-09-25T03:03:52.918932,1790285632.9189696,28.57142857142857,28.57142857142857
2026-09-25T03:03:52.970146,1790285632.970179,28.57142857142857,28.57142857142857
2026-09-25T03:03:53.070689,1790285633.0707145,28.57142857142857,28.57142857142857
2026-09-25T03:03:53.120692,1790285633.120717,28.57142857142857,28.57142857142857
2026-09-25T03:03:53.171467,1790285633.171495,28.57142857142857,28.57142857142857
2026-09-25T03:03:53.221463,1790285633.2214944,28.57142857142857,28.57142857142857
2026-09-25T03:03:53.272276,1790285633.2723012,28.57142857142857,28.57142857142857
2026-09-25T03:03:53.372654,1790285633.3726795,28.57142857142857,28.57142857142857
2026-09-25T03:03:53.472354,1790285633.4724092,28.57142857142857,28.57142857142857
2026-09-25T03:03:53.523439,1790285633.5234637,28.57142857142857,28.57142857142857
2026-09-25T03:03:53.573416,1790285633.573443,28.57142857142857,28.57142857142857
2026-09-25T03:03:53.624324,1790285633.624355,28.57142857142857,28.57142857142857
2026-09-25T03:03:53.675879,1790285633.6758986,28.57142857142857,28.57142857142857
2026-09-25T03:03:53.725508,1790285633.7255316,28.57142857142857,28.57142857142857
2026-09-25T03:03:53.775621,1790285633.7756426,28.57142857142857,28.57142857142857
2026-09-25T03:03:53.826671,1790285633.826702,28.57142857142857,28.57142857142857
2026-09-25T03:03:53.925510,1790285633.925533,28.57142857142857,28.57142857142857
2026-09-25T03:03:53.976392,1790285633.9764202,28.57142857142857,28.57142857142857
2026-09-25T03:03:54.026846,1790285634.0268745,28.57142857142857,28.57142857142857
2026-09-25T03:03:54.125749,1790285634.125771,28.57142857142857,28.57142857142857
2026-09-25T03:03:54.175871,1790285634.175901,28.57142857142857,28.57142857142857
2026-09-25T03:03:54.226174,1790285634.2262022,28.57142857142857,28.57142857142857
2026-09-25T03:03:54.277693,1790285634.2777195,28.57142857142857,28.57142857142857
2026-09-25T03:03:54.377236,1790285634.3772645,28.57142857142857,28.57142857142857
2026-09-25T03:03:54.427443,1790285634.4274764,28.57142857142857,28.57142857142857
2026-09-25T03:03:54.477566,1790285634.4775932,28.57142857142857,28.57142857142857
2026-09-25T03:03:54.578087,1790285634.5781217,28.57142857142857,28.57142857142857
2026-09-25T03:03:54.677531,1790285634.6775582,28.57142857142857,28.57142857142857
2026-09-25T03:03:54.727478,1790285634.7275107,28.57142857142857,28.57142857142857
2026-09-25T03:03:54.829589,1790285634.8296192,28.57142857142857,28.57142857142857
2026-09-25T03:03:54.929250,1790285634.9292767,28.57142857142857,28.57142857142857
2026-09-25T03:03:54.979205,1790285634.9792392,28.57142857142857,28.57142857142857
2026-09-25T03:03:55.029495,1790285635.0295246,28.57142857142857,28.57142857142857
2026-09-25T03:03:55.129836,1790285635.1298633,28.57142857142857,28.57142857142857
2026-09-25T03:03:55.229289,1790285635.2293181,28.57142857142857,28.57142857142857
2026-09-25T03:03:55.330238,1790285635.3302722,28.57142857142857,28.57142857142857
2026-09-25T03:03:55.429590,1790285635.429622,28.57142857142857,28.57142857142857
2026-09-25T03:03:55.529263,1790285635.5293076,28.57142857142857,28.57142857142857
2026-09-25T03:03:55.578846,1790285635.5788724,28.57142857142857,28.57142857142857
2026-09-25T03:03:55.630049,1790285635.6300762,28.57142857142857,28.57142857142857
2026-09-25T03:03:55.681083,1790285635.681115,28.57142857142857,28.57142857142857
2026-09-25T03:03:55.781147,1790285635.7811742,28.57142857142857,28.57142857142857
2026-09-25T03:03:55.833717,1790285635.8337436,28.57142857142857,28.57142857142857
2026-09-25T03:03:55.933150,1790285635.9331896,28.57142857142857,28.57142857142857
2026-09-25T03:03:55.983564,1790285635.9835908,28.57142857142857,28.57142857142857
2026-09-25T03:03:56.084104,1790285636.0841334,28.57142857142857,28.57142857142857
2026-09-25T03:03:56.133650,1790285636.1336775,28.57142857142857,28.57142857142857
2026-09-25T03:03:56.184147,1790285636.1841807,28.57142857142857,28.57142857142857
2026-09-25T03:03:56.285087,1790285636.2851005,28.57142857142857,28.57142857142857
2026-09-25T03:03:56.384500,1790285636.3845282,28.57142857142857,28.57142857142857
2026-09-25T03:03:56.434401,1790285636.4344308,28.57142857142857,28.57142857142857
2026-09-25T03:03:56.484562,1790285636.4845893,28.57142857142857,28.57142857142857
2026-09-25T03:03:56.535081,1790285636.5350955,28.57142857142857,28.57142857142857
2026-09-25T03:03:56.585977,1790285636.5860128,28.57142857142857,28.57142857142857
2026-09-25T03:03:56.635512,1790285636.6355357,28.57142857142857,28.57142857142857
2026-09-25T03:03:56.735563,1790285636.7355893,28.57142857142857,28.57142857142857
2026-09-25T03:03:56.785852,1790285636.7858763,28.57142857142857,28.57142857142857
2026-09-25T03:03:56.836822,1790285636.836851,28.57142857142857,28.57142857142857
2026-09-25T03:03:56.936877,1790285636.9369118,28.57142857142857,28.57142857142857
2026-09-25T03:03:57.037141,1790285637.0371685,28.57142857142857,28.57142857142857
2026-09-25T03:03:57.086800,1790285637.086827,28.57142857142857,28.57142857142857
2026-09-25T03:03:57.136728,1790285637.1367548,28.57142857142857,28.57142857142857
2026-09-25T03:03:57.187719,1790285637.1877534,28.57142857142857,28.57142857142857
2026-09-25T03:03:57.287685,1790285637.287719,28.57142857142857,28.57142857142857
2026-09-25T03:03:57.337959,1790285637.3379867,28.57142857142857,28.57142857142857
2026-09-25T03:03:57.389394,1790285637.3894227,28.57142857142857,28.57142857142857
2026-09-25T03:03:57.439054,1790285637.4390817,28.57142857142857,28.57142857142857
2026-09-25T03:03:57.489741,1790285637.4897718,28.57142857142857,28.57142857142857
2026-09-25T03:03:57.540762,1790285637.5407906,28.57142857142857,28.57142857142857
2026-09-25T03:03:57.641125,1790285637.6411598,28.57142857142857,28.57142857142857
2026-09-25T03:03:57.691899,1790285637.691925,28.57142857142857,28.57142857142857
2026-09-25T03:03:57.743198,1790285637.7432296,28.57142857142857,28.57142857142857
2026-09-25T03:03:57.792715,1790285637.7927387,28.57142857142857,28.57142857142857
2026-09-25T03:03:57.844060,1790285637.8440845,28.57142857142857,28.57142857142857
2026-09-25T03:03:57.860159,1790285637.8601856,28.57142857142857,28.57142857142857
2026-09-25T03:03:57.868579,1790285637.8686073,28.57142857142857,28.57142857142857
2026-09-25T03:03:57.877471,1790285637.8774974,28.57142857142857,28.57142857142857
2026-09-25T03:03:57.892255,1790285637.8922806,28.57142857142857,28.57142857142857
2026-09-25T03:03:57.900748,1790285637.9007845,28.57142857142857,28.57142857142857
2026-09-25T03:03:57.908578,1790285637.9086044,28.57142857142857,28.57142857142857
2026-09-25T03:03:57.917922,1790285637.9179494,28.57142857142857,28.57142857142857
2026-09-25T03:03:58.165906,1790285638.1659398,0.0,0.0
2026-09-25T03:03:58.215882,1790285638.2159197,0.0,0.0
2026-09-25T03:03:58.300774,1790285638.300805,10.644901650292532,10.644901650292532
2026-09-25T03:03:58.308107,1790285638.3081346,27.864684377397808,27.864684377397808
2026-09-25T03:03:58.316665,1790285638.3166947,28.57142857142857,28.57142857142857
2026-09-25T03:03:58.367481,1790285638.367508,28.57142857142857,28.57142857142857
2026-09-25T03:03:58.417797,1790285638.417832,28.57142857142857,28.57142857142857
2026-09-25T03:03:58.467605,1790285638.4676378,28.57142857142857,28.57142857142857
2026-09-25T03:03:58.567337,1790285638.567423,28.57142857142857,28.57142857142857
2026-09-25T03:03:58.668367,1790285638.6684182,28.57142857142857,28.57142857142857
2026-09-25T03:03:58.717846,1790285638.717872,28.57142857142857,28.57142857142857
2026-09-25T03:03:58.818196,1790285638.818224,28.57142857142857,28.57142857142857
2026-09-25T03:03:58.918138,1790285638.918169,28.57142857142857,28.57142857142857
2026-09-25T03:03:58.967625,1790285638.9676642,28.57142857142857,28.57142857142857
2026-09-25T03:03:59.067976,1790285639.0680091,28.57142857142857,28.57142857142857
2026-09-25T03:03:59.167507,1790285639.1675663,28.57142857142857,28.57142857142857
2026-09-25T03:03:59.218433,1790285639.2184658,28.57142857142857,28.57142857142857
2026-09-25T03:03:59.318735,1790285639.3187606,28.57142857142857,28.57142857142857
2026-09-25T03:03:59.332310,1790285639.3323379,0.0,0.0
2026-09-25T03:05:05.072485,1790285705.0725117,0.0,0.0
2026-09-25T03:05:05.121659,1790285705.1217194,0.0,0.0
2026-09-25T03:05:05.222100,1790285705.222171,0.0,0.0
2026-09-25T03:05:05.323954,1790285705.3239827,0.0,0.0
2026-09-25T03:05:05.373232,1790285705.373263,0.0,0.0
2026-09-25T03:05:05.473040,1790285705.4730644,0.0,0.0
2026-09-25T03:05:05.572967,1790285705.5729978,0.0,0.0
2026-09-25T03:05:05.672937,1790285705.67297,0.0,0.0
2026-09-25T03:05:05.773473,1790285705.7735004,0.0,0.0
2026-09-25T03:05:05.825221,1790285705.8252401,0.0,0.0
2026-09-25T03:05:05.923327,1790285705.9233484,0.0,0.0
2026-09-25T03:05:05.973260,1790285705.9732862,0.0,0.0
2026-09-25T03:05:06.073367,1790285706.0734112,0.0,0.0
2026-09-25T03:05:06.207968,1790285706.207997,0.0,0.0
2026-09-25T03:05:06.258065,1790285706.258091,0.0,0.0
2026-09-25T03:05:06.358306,1790285706.358345,0.0,0.0
2026-09-25T03:05:06.408960,1790285706.4089904,0.0,0.0
2026-09-25T03:05:06.459685,1790285706.459712,0.0,0.0
2026-09-25T03:05:06.511140,1790285706.5111675,0.0,0.0
2026-09-25T03:05:06.561324,1790285706.5614045,0.0,0.0
2026-09-25T03:05:06.612109,1790285706.6121433,0.0,0.0
2026-09-25T03:05:06.711458,1790285706.7114866,0.0,0.0
2026-09-25T03:05:06.763623,1790285706.7636597,0.0,0.0
2026-09-25T03:05:06.808054,1790285706.808084,0.0,0.0
2026-09-25T03:05:09.224161,1790285709.224187,0.0,0.0
2026-09-25T03:05:09.274655,1790285709.2746828,0.0,0.0
2026-09-25T03:05:09.375220,1790285709.3752403,0.0,0.0
2026-09-25T03:05:09.425851,1790285709.4258792,0.0,0.0
2026-09-25T03:05:09.477057,1790285709.4770875,0.0,0.0
2026-09-25T03:05:09.527813,1790285709.5278428,0.0,0.0
2026-09-25T03:05:09.535620,1790285709.5356379,3.0965042965752736,3.0965042965752736
2026-09-25T03:05:09.543590,1790285709.5436156,6.870703186307634,6.870703186307634
2026-09-25T03:05:09.551030,1790285709.5510573,9.937239544732229,9.937239544732229
2026-09-25T03:05:09.558855,1790285709.5588808,12.296113797596522,12.296113797596522
2026-09-25T03:05:09.566969,1790285709.5670025,17.249749388013566,17.249749388013566
2026-09-25T03:05:09.575731,1790285709.575757,18.42918736594064,18.42918736594064
2026-09-25T03:05:09.586159,1790285709.5861738,19.372735704694474,19.372735704694474
2026-09-25T03:05:09.592270,1790285709.5922964,22.675159999302455,22.675159999302455
2026-09-25T03:05:09.598835,1790285709.598861,27.628796441214423,27.628796441214423
2026-09-25T03:05:09.607531,1790285709.6075625,28.57142857142857,28.57142857142857
2026-09-25T03:05:09.657891,1790285709.6579175,28.57142857142857,28.57142857142857
2026-09-25T03:05:09.757821,1790285709.7578483,28.57142857142857,28.57142857142857
2026-09-25T03:05:09.809036,1790285709.8090625,28.57142857142857,28.57142857142857
2026-09-25T03:05:09.908147,1790285709.908173,28.57142857142857,28.57142857142857
2026-09-25T03:05:09.958468,1790285709.958494,28.57142857142857,28.57142857142857
2026-09-25T03:05:10.008661,1790285710.0086887,28.57142857142857,28.57142857142857
2026-09-25T03:05:10.058991,1790285710.0590253,28.57142857142857,28.57142857142857
2026-09-25T03:05:10.158409,1790285710.1584373,28.57142857142857,28.57142857142857
2026-09-25T03:05:10.258535,1790285710.258575,28.57142857142857,28.57142857142857
2026-09-25T03:05:10.358316,1790285710.3583434,28.57142857142857,28.57142857142857
2026-09-25T03:05:10.408906,1790285710.4089363,28.57142857142857,28.57142857142857
2026-09-25T03:05:10.462934,1790285710.462959,28.57142857142857,28.57142857142857
2026-09-25T03:05:10.487010,1790285710.4870362,28.57142857142857,28.57142857142857
2026-09-25T03:05:10.495182,1790285710.495197,28.57142857142857,28.57142857142857
2026-09-25T03:05:10.511846,1790285710.5118735,28.57142857142857,28.57142857142857
2026-09-25T03:05:10.526808,1790285710.5268326,28.57142857142857,28.57142857142857
2026-09-25T03:05:10.591584,1790285710.5916104,28.57142857142857,28.57142857142857
2026-09-25T03:05:10.663633,1790285710.663656,28.57142857142857,28.57142857142857
2026-09-25T03:05:10.729295,1790285710.7293282,28.57142857142857,28.57142857142857
2026-09-25T03:05:10.791689,1790285710.791724,28.57142857142857,28.57142857142857
2026-09-25T03:05:10.847053,1790285710.847082,28.57142857142857,28.57142857142857
2026-09-25T03:05:10.911006,1790285710.9110353,28.57142857142857,28.57142857142857
2026-09-25T03:05:10.970953,1790285710.9709783,28.57142857142857,28.57142857142857
2026-09-25T03:05:11.021202,1790285711.0212398,28.57142857142857,28.57142857142857
2026-09-25T03:05:11.121144,1790285711.1211877,28.57142857142857,28.57142857142857
2026-09-25T03:05:11.223294,1790285711.2233589,28.57142857142857,28.57142857142857
2026-09-25T03:05:11.321299,1790285711.3213344,28.57142857142857,28.57142857142857
2026-09-25T03:05:11.372252,1790285711.372283,28.57142857142857,28.57142857142857
2026-09-25T03:05:11.470784,1790285711.4708104,28.57142857142857,28.57142857142857
2026-09-25T03:05:11.521261,1790285711.5212958,28.57142857142857,28.57142857142857
2026-09-25T03:05:11.621598,1790285711.621628,28.57142857142857,28.57142857142857
2026-09-25T03:05:11.672626,1790285711.672657,28.57142857142857,28.57142857142857
2026-09-25T03:05:11.725137,1790285711.725152,28.57142857142857,28.57142857142857
2026-09-25T03:05:11.773296,1790285711.7733343,28.57142857142857,28.57142857142857
2026-09-25T03:05:11.831135,1790285711.8311598,28.57142857142857,28.57142857142857
2026-09-25T03:05:11.838409,1790285711.838437,28.57142857142857,28.57142857142857
2026-09-25T03:05:11.847421,1790285711.847447,28.57142857142857,28.57142857142857
2026-09-25T03:05:11.871074,1790285711.8711019,28.57142857142857,28.57142857142857
2026-09-25T03:05:11.886722,1790285711.8867476,28.57142857142857,28.57142857142857
2026-09-25T03:05:11.895331,1790285711.89535,28.57142857142857,28.57142857142857
2026-09-25T03:05:11.903242,1790285711.903258,28.57142857142857,28.57142857142857
2026-09-25T03:05:11.912096,1790285711.9121249,28.57142857142857,28.57142857142857
2026-09-25T03:05:11.918876,1790285711.9189022,28.57142857142857,28.57142857142857
2026-09-25T03:05:11.927001,1790285711.927033,28.57142857142857,28.57142857142857
2026-09-25T03:05:11.934722,1790285711.9347603,28.57142857142857,28.57142857142857
2026-09-25T03:05:11.944179,1790285711.9442992,28.57142857142857,28.57142857142857
2026-09-25T03:05:11.951826,1790285711.9518588,28.57142857142857,28.57142857142857
2026-09-25T03:05:11.959592,1790285711.9596245,28.57142857142857,28.57142857142857
2026-09-25T03:05:11.975726,1790285711.9757576,28.57142857142857,28.57142857142857
2026-09-25T03:05:11.982989,1790285711.9830132,28.57142857142857,28.57142857142857
2026-09-25T03:05:11.992718,1790285711.9927425,28.57142857142857,28.57142857142857
2026-09-25T03:05:11.999151,1790285711.9991758,28.57142857142857,28.57142857142857
2026-09-25T03:05:12.007256,1790285712.007323,28.57142857142857,28.57142857142857
2026-09-25T03:05:12.014962,1790285712.0149755,28.57142857142857,28.57142857142857
2026-09-25T03:05:12.039924,1790285712.0399578,28.57142857142857,28.57142857142857
2026-09-25T03:05:12.047234,1790285712.047273,28.57142857142857,28.57142857142857
2026-09-25T03:05:12.054829,1790285712.054868,28.57142857142857,28.57142857142857
2026-09-25T03:05:12.270749,1790285712.270777,28.57142857142857,28.57142857142857
2026-09-25T03:05:12.279312,1790285712.2793474,28.57142857142857,28.57142857142857
2026-09-25T03:05:12.286756,1790285712.2867851,28.57142857142857,28.57142857142857
2026-09-25T03:05:12.295366,1790285712.2954147,28.57142857142857,28.57142857142857
2026-09-25T03:05:12.304569,1790285712.3045952,28.57142857142857,28.57142857142857
2026-09-25T03:05:12.310817,1790285712.3108451,28.57142857142857,28.57142857142857
2026-09-25T03:05:12.326820,1790285712.3268485,28.57142857142857,28.57142857142857
2026-09-25T03:05:12.335234,1790285712.3352504,28.57142857142857,28.57142857142857
2026-09-25T03:05:12.343729,1790285712.343759,28.57142857142857,28.57142857142857
2026-09-25T03:05:12.350981,1790285712.3510091,28.57142857142857,28.57142857142857
2026-09-25T03:05:12.359912,1790285712.359941,28.57142857142857,28.57142857142857
2026-09-25T03:05:12.367623,1790285712.3676562,28.57142857142857,28.57142857142857
2026-09-25T03:05:12.376009,1790285712.376048,28.57142857142857,28.57142857142857
2026-09-25T03:05:12.383234,1790285712.3832521,28.57142857142857,28.57142857142857
2026-09-25T03:05:12.391222,1790285712.3912587,28.57142857142857,28.57142857142857
2026-09-25T03:05:12.398280,1790285712.3983085,28.57142857142857,28.57142857142857
2026-09-25T03:05:12.408106,1790285712.4081407,28.57142857142857,28.57142857142857
2026-09-25T03:05:12.415921,1790285712.4159446,28.57142857142857,28.57142857142857
2026-09-25T03:05:12.423497,1790285712.4235468,28.57142857142857,28.57142857142857
2026-09-25T03:05:12.431538,1790285712.4315772,28.57142857142857,28.57142857142857
2026-09-25T03:05:12.438724,1790285712.4387534,28.57142857142857,28.57142857142857
2026-09-25T03:05:12.446951,1790285712.4469802,28.57142857142857,28.57142857142857
2026-09-25T03:05:12.454067,1790285712.4540946,28.57142857142857,28.57142857142857
2026-09-25T03:05:12.471207,1790285712.4712355,28.57142857142857,28.57142857142857
2026-09-25T03:05:12.478369,1790285712.478419,28.57142857142857,28.57142857142857
2026-09-25T03:05:12.487062,1790285712.4870946,28.57142857142857,28.57142857142857
2026-09-25T03:05:12.495585,1790285712.495604,28.57142857142857,28.57142857142857
2026-09-25T03:05:12.503230,1790285712.5032547,28.57142857142857,28.57142857142857
2026-09-25T03:05:12.511439,1790285712.5114741,28.57142857142857,28.57142857142857
2026-09-25T03:05:12.518618,1790285712.5186498,28.57142857142857,28.57142857142857
2026-09-25T03:05:12.527035,1790285712.5270615,28.57142857142857,28.57142857142857
2026-09-25T03:05:12.534315,1790285712.534351,28.57142857142857,28.57142857142857
2026-09-25T03:05:12.543705,1790285712.5437255,28.57142857142857,28.57142857142857
2026-09-25T03:05:12.551443,1790285712.551473,28.57142857142857,28.57142857142857
2026-09-25T03:05:12.559504,1790285712.559529,28.57142857142857,28.57142857142857
2026-09-25T03:05:12.659114,1790285712.6591463,28.57142857142857,28.57142857142857
2026-09-25T03:05:12.759291,1790285712.7593174,28.57142857142857,28.57142857142857
2026-09-25T03:05:12.811126,1790285712.8112495,28.57142857142857,28.57142857142857
2026-09-25T03:05:12.910096,1790285712.9101217,28.57142857142857,28.57142857142857
2026-09-25T03:05:12.960325,1790285712.9603534,28.57142857142857,28.57142857142857
2026-09-25T03:05:13.059571,1790285713.059597,28.57142857142857,28.57142857142857
2026-09-25T03:05:13.110451,1790285713.1104794,28.57142857142857,28.57142857142857
2026-09-25T03:05:13.160398,1790285713.1604328,28.57142857142857,28.57142857142857
2026-09-25T03:05:13.211850,1790285713.2118769,28.57142857142857,28.57142857142857
2026-09-25T03:05:13.263102,1790285713.263117,28.57142857142857,28.57142857142857
2026-09-25T03:05:13.361949,1790285713.3619764,28.57142857142857,28.57142857142857
2026-09-25T03:05:13.412075,1790285713.412101,28.57142857142857,28.57142857142857
2026-09-25T03:05:13.463005,1790285713.4630213,28.57142857142857,28.57142857142857
2026-09-25T03:05:13.495663,1790285713.4956853,24.0105093053409,33.132347837516235
2026-09-25T03:05:13.502872,1790285713.502895,23.814285714285713,33.32857142857143
2026-09-25T03:05:13.535071,1790285713.5350838,28.57142857142857,28.57142857142857
2026-09-25T03:05:13.635544,1790285713.6355655,28.57142857142857,28.57142857142857
2026-09-25T03:05:13.686088,1790285713.6861165,28.57142857142857,28.57142857142857
2026-09-25T03:05:13.737828,1790285713.7378552,28.57142857142857,28.57142857142857
2026-09-25T03:05:13.759697,1790285713.7597265,28.57142857142857,28.57142857142857
2026-09-25T03:05:13.767132,1790285713.7671592,28.57142857142857,28.57142857142857
2026-09-25T03:05:13.775972,1790285713.775991,28.57142857142857,28.57142857142857
2026-09-25T03:05:13.782935,1790285713.7829561,28.57142857142857,28.57142857142857
2026-09-25T03:05:13.791957,1790285713.7919974,28.57142857142857,28.57142857142857
2026-09-25T03:05:13.799797,1790285713.7998285,28.57142857142857,28.57142857142857
2026-09-25T03:05:13.807179,1790285713.8072076,28.57142857142857,28.57142857142857
2026-09-25T03:05:13.815046,1790285713.8150585,28.57142857142857,28.57142857142857
2026-09-25T03:05:13.872435,1790285713.8724623,28.57142857142857,28.57142857142857
2026-09-25T03:05:13.923661,1790285713.923694,28.57142857142857,28.57142857142857
2026-09-25T03:05:13.972866,1790285713.9728973,28.57142857142857,28.57142857142857
2026-09-25T03:05:14.055096,1790285714.0551112,28.57142857142857,28.57142857142857
2026-09-25T03:05:14.063569,1790285714.063594,28.57142857142857,28.57142857142857
2026-09-25T03:05:14.127024,1790285714.1270542,28.095135876536368,29.04772126632077
2026-09-25T03:05:14.135545,1790285714.1355667,27.348905949933187,29.793951192923952
2026-09-25T03:05:14.145211,1790285714.145231,26.170648260627473,30.972208882229666
2026-09-25T03:05:14.150967,1790285714.150993,26.28847414297717,30.85438299987997
2026-09-25T03:05:14.158815,1790285714.1588426,26.64195136470454,30.5009057781526
2026-09-25T03:05:14.167012,1790285714.167039,26.563400823729378,30.57945631912776
2026-09-25T03:05:14.176009,1790285714.1760244,26.249198801602635,30.893658341254504
2026-09-25T03:05:14.183553,1790285714.1835783,26.367024542178424,30.775832600678715
2026-09-25T03:05:14.191363,1790285714.191415,26.28847414297717,30.85438299987997
2026-09-25T03:05:14.197893,1790285714.1979184,26.445575083153585,30.697282059703554
2026-09-25T03:05:14.206893,1790285714.2069273,26.28847414297717,30.85438299987997
2026-09-25T03:05:14.214639,1790285714.2146797,26.05282252005168,31.090034622805458
2026-09-25T03:05:14.223407,1790285714.2234337,25.974272120850426,31.168585022006713
2026-09-25T03:05:14.231054,1790285714.231084,25.856446380274633,31.286410762582506
2026-09-25T03:05:14.238035,1790285714.2380743,26.170648260627473,30.972208882229666
2026-09-25T03:05:14.247020,1790285714.2470458,26.28847414297717,30.85438299987997
2026-09-25T03:05:14.255014,1790285714.255028,26.092097861426215,31.050759281430924
2026-09-25T03:05:14.263634,1790285714.2636504,26.05282252005168,31.090034622805458
2026-09-25T03:05:14.271041,1790285714.2710686,25.502968874999453,31.639888267857685
2026-09-25T03:05:14.278072,1790285714.2781038,25.267317393847872,31.875539749009267
2026-09-25T03:05:14.286660,1790285714.2866838,24.796014431544712,32.346842711312426
2026-09-25T03:05:14.295590,1790285714.2956073,23.853408223390577,33.289448919466565
2026-09-25T03:05:14.303366,1790285714.3034072,24.0105093053409,33.132347837516235
2026-09-25T03:05:14.311191,1790285714.3112235,23.931958622591836,33.2108985202653
2026-09-25T03:05:14.317998,1790285714.3180246,23.814285714285713,33.32857142857143
2026-09-25T03:05:24.631184,1790285724.6312113,23.814285714285713,33.32857142857143
2026-09-25T03:05:24.681217,1790285724.6812527,23.814285714285713,33.32857142857143
2026-09-25T03:05:24.781841,1790285724.7818732,23.814285714285713,33.32857142857143
2026-09-25T03:05:24.833143,1790285724.8331814,23.814285714285713,33.32857142857143
2026-09-25T03:05:24.932691,1790285724.93272,23.814285714285713,33.32857142857143
2026-09-25T03:05:25.032223,1790285725.0322504,23.814285714285713,33.32857142857143
2026-09-25T03:05:25.082594,1790285725.082617,23.814285714285713,33.32857142857143
2026-09-25T03:05:25.132755,1790285725.1327891,23.814285714285713,33.32857142857143
2026-09-25T03:05:25.183112,1790285725.183128,23.814285714285713,33.32857142857143
2026-09-25T03:05:25.232985,1790285725.233014,23.814285714285713,33.32857142857143
2026-09-25T03:05:25.284149,1790285725.284173,23.814285714285713,33.32857142857143
2026-09-25T03:05:25.334527,1790285725.3345537,23.814285714285713,33.32857142857143
2026-09-25T03:05:25.434690,1790285725.4347162,23.814285714285713,33.32857142857143
2026-09-25T03:05:25.485475,1790285725.485495,23.814285714285713,33.32857142857143
2026-09-25T03:05:25.585037,1790285725.5850513,23.814285714285713,33.32857142857143
2026-09-25T03:05:25.684701,1790285725.6847396,23.814285714285713,33.32857142857143
2026-09-25T03:05:25.735634,1790285725.735658,23.814285714285713,33.32857142857143
2026-09-25T03:05:25.786420,1790285725.786445,23.814285714285713,33.32857142857143
2026-09-25T03:05:25.885149,1790285725.8851633,23.814285714285713,33.32857142857143
2026-09-25T03:05:25.985515,1790285725.9855354,23.814285714285713,33.32857142857143
2026-09-25T03:05:26.084487,1790285726.0845187,23.814285714285713,33.32857142857143
2026-09-25T03:05:26.185702,1790285726.1857314,23.814285714285713,33.32857142857143
2026-09-25T03:05:26.285239,1790285726.2852547,23.814285714285713,33.32857142857143
2026-09-25T03:05:26.335830,1790285726.3358586,23.814285714285713,33.32857142857143
2026-09-25T03:05:26.385832,1790285726.3858593,23.814285714285713,33.32857142857143
2026-09-25T03:05:26.435891,1790285726.4359145,23.814285714285713,33.32857142857143
2026-09-25T03:05:26.537341,1790285726.537392,23.814285714285713,33.32857142857143
2026-09-25T03:05:34.743292,1790285734.7433138,0.0,0.0
2026-09-25T03:05:34.792810,1790285734.792836,0.0,0.0
2026-09-25T03:05:34.893209,1790285734.89325,0.0,0.0
2026-09-25T03:05:34.943261,1790285734.9432867,0.0,0.0
2026-09-25T03:05:34.993165,1790285734.9931934,0.0,0.0
2026-09-25T03:05:35.093702,1790285735.0937407,0.0,0.0
2026-09-25T03:05:35.144470,1790285735.1445045,0.0,0.0
2026-09-25T03:05:35.213487,1790285735.2135322,0.2658552091036524,0.2658552091036524
2026-09-25T03:05:35.221502,1790285735.2215304,28.57142857142857,28.57142857142857
2026-09-25T03:05:35.229047,1790285735.229072,28.57142857142857,28.57142857142857
2026-09-25T03:05:35.237184,1790285735.2372081,28.57142857142857,28.57142857142857
2026-09-25T03:05:35.260919,1790285735.2609458,28.57142857142857,28.57142857142857
2026-09-25T03:05:35.268466,1790285735.2684934,28.57142857142857,28.57142857142857
2026-09-25T03:05:35.277518,1790285735.2775438,28.57142857142857,28.57142857142857
2026-09-25T03:05:35.285577,1790285735.2855985,28.57142857142857,28.57142857142857
2026-09-25T03:05:35.292800,1790285735.292829,28.57142857142857,28.57142857142857
2026-09-25T03:05:35.300838,1790285735.3008642,28.57142857142857,28.57142857142857
2026-09-25T03:05:35.351981,1790285735.3520079,28.57142857142857,28.57142857142857
2026-09-25T03:05:35.452321,1790285735.4523482,28.57142857142857,28.57142857142857
2026-09-25T03:05:35.503107,1790285735.5031312,28.57142857142857,28.57142857142857
2026-09-25T03:05:35.566105,1790285735.5661278,28.57142857142857,28.57142857142857
2026-09-25T03:05:35.573369,1790285735.5734224,28.57142857142857,28.57142857142857
2026-09-25T03:05:35.637218,1790285735.6372457,28.654815897531805,28.488041245325334
2026-09-25T03:05:35.645052,1790285735.6450675,29.008293199007,28.13456394385014
2026-09-25T03:05:35.652605,1790285735.6526332,29.44032099715301,27.70253614570413
2026-09-25T03:05:35.662852,1790285735.6628647,30.108000382781025,27.034856760076114
2026-09-25T03:05:35.669547,1790285735.6695728,30.893505508984838,26.2493516338723
2026-09-25T03:05:35.676785,1790285735.676812,32.7787177835192,24.36413935933794
2026-09-25T03:05:35.685823,1790285735.6858525,33.32857142857143,23.814285714285713
2026-09-25T03:05:35.718102,1790285735.7181392,28.57142857142857,28.57142857142857
2026-09-25T03:05:35.725808,1790285735.725831,25.502968874999453,31.639888267857685
2026-09-25T03:05:35.734152,1790285735.7341807,28.57142857142857,28.57142857142857
2026-09-25T03:05:35.785992,1790285735.7860177,28.57142857142857,28.57142857142857
2026-09-25T03:05:35.877725,1790285735.8777514,28.57142857142857,28.57142857142857
2026-09-25T03:05:35.927981,1790285735.9280217,28.57142857142857,28.57142857142857
2026-09-25T03:05:36.027654,1790285736.027687,28.57142857142857,28.57142857142857
2026-09-25T03:05:36.053177,1790285736.0532033,28.57142857142857,28.57142857142857
2026-09-25T03:05:36.061206,1790285736.061238,28.57142857142857,28.57142857142857
2026-09-25T03:05:36.109097,1790285736.1091266,29.086843704538683,28.056013438318455
2026-09-25T03:05:36.117341,1790285736.1173685,30.108000382781025,27.034856760076114
2026-09-25T03:05:36.124318,1790285736.1243525,30.775679768409045,26.367177374448094
2026-09-25T03:05:36.133866,1790285736.1338928,24.997000623600822,19.881543502637317
2026-09-25T03:05:36.141494,1790285736.1415277,2.7148293588842662,-2.7148293588842662
2026-09-25T03:05:36.149938,1790285736.1499648,2.7541047002588,-2.7541047002588
2026-09-25T03:05:36.157577,1790285736.1576023,2.7148293588842662,-2.7148293588842662
2026-09-25T03:05:36.165430,1790285736.165447,1.8507738334792,-1.8507738334792
2026-09-25T03:05:36.173016,1790285736.1730497,0.24048834602747646,-0.24048834602747646
2026-09-25T03:05:36.181812,1790285736.1818864,0.0,0.0
2026-09-25T03:05:36.188947,1790285736.1889734,0.0,0.0
2026-09-25T03:05:36.197125,1790285736.197157,0.0,0.0
2026-09-25T03:05:36.205494,1790285736.2055163,28.57142857142857,28.57142857142857
2026-09-25T03:05:36.212339,1790285736.2123659,28.57142857142857,28.57142857142857
2026-09-25T03:05:36.221433,1790285736.221466,28.57142857142857,28.57142857142857
2026-09-25T03:05:36.230003,1790285736.2300367,28.57142857142857,28.57142857142857
2026-09-25T03:05:36.237567,1790285736.2375944,28.57142857142857,28.57142857142857
2026-09-25T03:05:36.245511,1790285736.2455354,28.57142857142857,28.57142857142857
2026-09-25T03:05:36.309110,1790285736.3091362,28.487888421916534,28.654968720940605
2026-09-25T03:05:36.317542,1790285736.317571,25.895721438101358,31.24713570475578
2026-09-25T03:05:36.325171,1790285736.3251882,25.660069956949776,31.482787185907362
2026-09-25T03:05:36.333403,1790285736.3334322,28.57142857142857,28.57142857142857
2026-09-25T03:05:36.366196,1790285736.3662217,28.57142857142857,28.57142857142857
2026-09-25T03:05:36.372752,1790285736.3727784,28.57142857142857,28.57142857142857
2026-09-25T03:05:36.382740,1790285736.3827565,28.57142857142857,28.57142857142857
2026-09-25T03:05:36.389422,1790285736.3894527,28.57142857142857,28.57142857142857
2026-09-25T03:05:36.412793,1790285736.412827,8.28602739742824,8.28602739742824
2026-09-25T03:05:36.423043,1790285736.4230692,0.0,0.0
2026-09-25T03:05:36.469220,1790285736.4692612,-0.029049950119640143,-0.029049950119640143
2026-09-25T03:05:36.477085,1790285736.4771137,-4.9826856170381815,-4.9826856170381815
2026-09-25T03:05:36.484649,1790285736.4846783,-6.633897764342171,-6.633897764342171
2026-09-25T03:05:36.492975,1790285736.4930017,-5.254191005655697,-7.541829502156801
2026-09-25T03:05:36.501547,1790285736.5015824,-3.6046302122729155,-9.191390295539582
2026-09-25T03:05:36.509312,1790285736.5093396,-1.876754907199314,-11.391040621485029
2026-09-25T03:05:36.517442,1790285736.5174768,-1.640867396763392,-11.155153111049106
2026-09-25T03:05:36.525761,1790285736.5257897,-1.876754907199314,-11.391040621485029
2026-09-25T03:05:36.533503,1790285736.5335355,-1.640867396763392,-11.155153111049106
2026-09-25T03:05:36.541268,1790285736.5413103,-1.640867396763392,-11.155153111049106
2026-09-25T03:05:36.549311,1790285736.5493367,1.4256689616612026,-8.088616752624512
2026-09-25T03:05:36.557484,1790285736.5575151,4.757142857142857,-4.757142857142857
2026-09-25T03:05:36.565023,1790285736.565057,4.757142857142857,-4.757142857142857
2026-09-25T03:05:36.573220,1790285736.5732481,33.32857142857143,23.814285714285713
2026-09-25T03:05:36.582552,1790285736.5825658,33.32857142857143,23.814285714285713
2026-09-25T03:05:36.597623,1790285736.5976708,33.32857142857143,23.814285714285713
2026-09-25T03:05:36.605465,1790285736.6054833,28.57142857142857,28.57142857142857
2026-09-25T03:05:36.655496,1790285736.655517,28.57142857142857,28.57142857142857
2026-09-25T03:05:36.705525,1790285736.7055469,28.57142857142857,28.57142857142857
2026-09-25T03:05:36.725679,1790285736.7257087,28.095135876536368,29.04772126632077
2026-09-25T03:05:36.733182,1790285736.733207,27.938034865472996,29.204822277384142
2026-09-25T03:05:36.740841,1790285736.7408695,28.57142857142857,28.57142857142857
2026-09-25T03:05:36.780860,1790285736.7808902,7.342478207179478,7.342478207179478
2026-09-25T03:05:36.789325,1790285736.7893503,0.0,0.0
2026-09-25T03:05:36.805430,1790285736.8054523,-18.428269454411097,-18.428269454411097
2026-09-25T03:05:36.812766,1790285736.8127913,-28.57142857142857,-28.57142857142857
2026-09-25T03:05:36.821096,1790285736.821128,-28.57142857142857,-28.57142857142857
2026-09-25T03:05:36.828259,1790285736.828291,-28.57142857142857,-28.57142857142857
2026-09-25T03:05:36.837201,1790285736.837226,-28.57142857142857,-28.57142857142857
2026-09-25T03:05:36.845291,1790285736.8453085,-28.57142857142857,-28.57142857142857
2026-09-25T03:05:36.852508,1790285736.8525374,-28.57142857142857,-28.57142857142857
2026-09-25T03:05:36.869526,1790285736.8695643,-28.57142857142857,-28.57142857142857
2026-09-25T03:05:36.877579,1790285736.8776047,-28.57142857142857,-28.57142857142857
2026-09-25T03:05:36.885846,1790285736.8858762,0.0,0.0
2026-09-25T03:05:36.900809,1790285736.9008355,28.57142857142857,28.57142857142857
2026-09-25T03:05:36.917324,1790285736.917351,28.57142857142857,28.57142857142857
2026-09-25T03:05:36.925554,1790285736.9255805,28.57142857142857,28.57142857142857
2026-09-25T03:05:36.933794,1790285736.9338202,28.57142857142857,28.57142857142857
2026-09-25T03:05:36.965995,1790285736.966021,28.566438932986262,28.576418209870877
2026-09-25T03:05:36.973503,1790285736.9735312,27.034703927806444,30.108153215050695
2026-09-25T03:05:36.981543,1790285736.9815834,24.835289772919243,32.30756736993789
2026-09-25T03:05:36.988731,1790285736.9887607,23.814285714285713,33.32857142857143
2026-09-25T03:05:37.005849,1790285737.005871,25.267317393847872,31.875539749009267
2026-09-25T03:05:37.013239,1790285737.0132673,28.57142857142857,28.57142857142857
2026-09-25T03:05:37.037594,1790285737.0376258,28.57142857142857,28.57142857142857
2026-09-25T03:05:37.045572,1790285737.045595,29.833073560254913,27.309783582602225
2026-09-25T03:05:37.053029,1790285737.0530596,21.73408784185137,17.011383567537578
2026-09-25T03:05:37.061025,1790285737.0610533,2.675554301057543,-2.675554301057543
2026-09-25T03:05:37.069473,1790285737.0695035,3.107581921986171,-3.107581921986171
2026-09-25T03:05:37.077294,1790285737.0773234,-17.244467450784786,-18.196747246916804
2026-09-25T03:05:37.084647,1790285737.0846798,-28.57142857142857,-28.57142857142857
2026-09-25T03:05:37.093390,1790285737.093421,-28.57142857142857,-28.57142857142857
2026-09-25T03:05:37.117593,1790285737.1176243,-6.869785274778093,-6.869785274778093
2026-09-25T03:05:37.125529,1790285737.1255481,0.0,0.0
2026-09-25T03:05:37.133549,1790285737.1335764,28.57142857142857,28.57142857142857
2026-09-25T03:05:37.140924,1790285737.1409574,28.212961617112157,28.929895525744982
2026-09-25T03:05:37.149151,1790285737.149181,28.173686382068052,28.969170760789087
2026-09-25T03:05:37.157741,1790285737.1577697,28.212961617112157,28.929895525744982
2026-09-25T03:05:37.166073,1790285737.1660964,27.623832772459302,29.519024370397837
2026-09-25T03:05:37.173087,1790285737.1731148,27.702383313434463,29.440473829422675
2026-09-25T03:05:37.181850,1790285737.181883,27.702383313434463,29.440473829422675
2026-09-25T03:05:37.188933,1790285737.1889617,27.938034865472996,29.204822277384142
2026-09-25T03:05:37.197297,1790285737.1973252,28.57142857142857,28.57142857142857
2026-09-25T03:05:37.212675,1790285737.212706,28.57142857142857,28.57142857142857
2026-09-25T03:05:37.220683,1790285737.220716,28.57142857142857,28.57142857142857
2026-09-25T03:05:37.229661,1790285737.2296913,29.322495256577216,27.820361886279922
2026-09-25T03:05:37.237274,1790285737.2373037,29.283219986089637,27.8596371567675
2026-09-25T03:05:37.245514,1790285737.2455368,28.57142857142857,28.57142857142857
2026-09-25T03:05:37.269026,1790285737.2690573,0.0,0.0
2026-09-25T03:05:37.277392,1790285737.2774262,-17.248831476484025,-17.248831476484025
2026-09-25T03:05:37.285607,1790285737.2856321,-28.57142857142857,-28.57142857142857
2026-09-25T03:05:37.325497,1790285737.325521,0.0,0.0
2026-09-25T03:05:37.333153,1790285737.333185,9.70135246004377,9.70135246004377
2026-09-25T03:05:37.341328,1790285737.3413627,-6.869785274778093,-6.869785274778093
2026-09-25T03:05:37.349833,1790285737.3498588,0.0,0.0
2026-09-25T03:05:37.366475,1790285737.3665028,-2.047302947299821,2.047302947299821
2026-09-25T03:05:37.372475,1790285737.3725104,-3.9325152218341826,3.9325152218341826
2026-09-25T03:05:37.383685,1790285737.383711,-4.482368866886412,4.482368866886412
2026-09-25T03:05:37.389790,1790285737.3898172,-0.3584669543164117,0.3584669543164117
2026-09-25T03:05:37.397260,1790285737.397289,0.0,0.0
2026-09-25T03:05:37.448187,1790285737.4482615,0.0,0.0
2026-09-25T03:05:37.525494,1790285737.5255141,28.57142857142857,28.57142857142857
2026-09-25T03:05:37.533300,1790285737.5333264,30.30437666433198,26.83848047852516
2026-09-25T03:05:37.540904,1790285737.5409393,32.81799312489373,24.324864017963407
2026-09-25T03:05:37.549464,1790285737.5494971,32.89654352409499,24.24631361876215
2026-09-25T03:05:37.556837,1790285737.5568657,32.85726818272045,24.285588960136685
2026-09-25T03:05:37.637083,1790285737.6371138,32.70016738431794,24.4426897585392
2026-09-25T03:05:37.645740,1790285737.6457644,31.56118475283895,25.581672390018188
2026-09-25T03:05:37.653251,1790285737.6532798,29.990174642205236,27.152682500651903
2026-09-25T03:05:37.662224,1790285737.662242,28.57142857142857,28.57142857142857
2026-09-25T03:05:37.669193,1790285737.669221,28.57142857142857,28.57142857142857
2026-09-25T03:05:37.677798,1790285737.6778238,28.57142857142857,28.57142857142857
2026-09-25T03:05:37.773097,1790285737.7731242,21.495723724365234,21.495723724365234
2026-09-25T03:05:37.781553,1790285737.7815888,0.0,0.0
2026-09-25T03:05:37.796674,1790285737.7967124,-11.587533780506678,-11.587533780506678
2026-09-25T03:05:37.805882,1790285737.8059092,-28.57142857142857,-28.57142857142857
2026-09-25T03:05:37.855521,1790285737.8555434,-28.57142857142857,-28.57142857142857
2026-09-25T03:05:37.877275,1790285737.877304,3.0965042965752736,3.0965042965752736
2026-09-25T03:05:37.885368,1790285737.8854108,0.0,0.0
2026-09-25T03:05:37.933656,1790285737.933696,0.0,0.0
2026-09-25T03:05:37.984200,1790285737.984226,0.0,0.0
2026-09-25T03:05:38.034463,1790285738.0344918,0.0,0.0
2026-09-25T03:05:38.077107,1790285738.077133,17.249749388013566,17.249749388013566
2026-09-25T03:05:38.085663,1790285738.0856907,28.57142857142857,28.57142857142857
2026-09-25T03:05:38.136554,1790285738.136585,28.57142857142857,28.57142857142857
2026-09-25T03:05:38.157705,1790285738.1577306,28.57142857142857,28.57142857142857
2026-09-25T03:05:38.165230,1790285738.1652806,28.57142857142857,28.57142857142857
2026-09-25T03:05:38.253049,1790285738.2530746,-28.57142857142857,-28.57142857142857
2026-09-25T03:05:38.260367,1790285738.2604158,0.0,0.0
2026-09-25T03:05:38.362241,1790285738.3622556,0.0,0.0
2026-09-25T03:05:38.388790,1790285738.3888304,-0.5008247814008168,-0.5008247814008168
2026-09-25T03:05:38.396772,1790285738.3968103,-0.5008247814008168,-0.5008247814008168
2026-09-25T03:05:38.405653,1790285738.405678,0.0,0.0
2026-09-25T03:05:38.413002,1790285738.413029,0.0,0.0
2026-09-25T03:05:38.463771,1790285738.4637964,0.0,0.0
2026-09-25T03:05:38.513989,1790285738.5140169,0.0,0.0
2026-09-25T03:05:38.556810,1790285738.5568373,10.173126629420688,10.173126629420688
2026-09-25T03:05:38.566033,1790285738.5660584,28.57142857142857,28.57142857142857
2026-09-25T03:05:38.589104,1790285738.589133,28.57142857142857,28.57142857142857
2026-09-25T03:05:38.596859,1790285738.596885,28.57142857142857,28.57142857142857
2026-09-25T03:05:38.605857,1790285738.605882,28.57142857142857,28.57142857142857
2026-09-25T03:05:38.612496,1790285738.612522,27.702383313434463,29.440473829422675
2026-09-25T03:05:38.620756,1790285738.6207829,27.780933783522674,29.361923359334465
2026-09-25T03:05:38.669767,1790285738.6698015,27.820209054010252,29.322648088846886
2026-09-25T03:05:38.719748,1790285738.7197752,27.820209054010252,29.322648088846886
2026-09-25T03:05:38.765527,1790285738.7655518,27.780933783522674,29.361923359334465
2026-09-25T03:05:38.772301,1790285738.7723265,27.820209054010252,29.322648088846886
2026-09-25T03:05:38.783274,1790285738.7832882,27.780933783522674,29.361923359334465
2026-09-25T03:05:38.812281,1790285738.8123121,27.820209054010252,29.322648088846886
2026-09-25T03:05:38.821688,1790285738.8217216,27.780933783522674,29.361923359334465
2026-09-25T03:05:38.922795,1790285738.9228108,27.780933783522674,29.361923359334465
2026-09-25T03:05:38.941028,1790285738.9410625,27.741658583922042,29.401198558935096
2026-09-25T03:05:38.957548,1790285738.957575,27.702383313434463,29.440473829422675
2026-09-25T03:05:38.965726,1790285738.965756,27.66310804294688,29.479749099910258
2026-09-25T03:05:38.972624,1790285738.9726527,27.623832772459302,29.519024370397837
2026-09-25T03:05:38.989704,1790285738.9897325,27.58455757285867,29.558299569998468
2026-09-25T03:05:38.997798,1790285738.9978585,27.66310804294688,29.479749099910258
2026-09-25T03:05:39.012425,1790285739.0124533,27.623832772459302,29.519024370397837
2026-09-25T03:05:39.063881,1790285739.063915,27.623832772459302,29.519024370397837
2026-09-25T03:05:39.116044,1790285739.11607,27.623832772459302,29.519024370397837
2026-09-25T03:05:39.165836,1790285739.1658607,27.623832772459302,29.519024370397837
2026-09-25T03:05:39.173083,1790285739.173114,27.780933783522674,29.361923359334465
2026-09-25T03:05:39.181078,1790285739.181106,28.212961617112157,28.929895525744982
2026-09-25T03:05:39.188569,1790285739.1885977,28.57142857142857,28.57142857142857
2026-09-25T03:05:39.196833,1790285739.1968637,28.57142857142857,28.57142857142857
2026-09-25T03:05:39.204501,1790285739.204533,28.57142857142857,28.57142857142857
2026-09-25T03:05:39.213639,1790285739.2137063,28.57142857142857,28.57142857142857
2026-09-25T03:05:39.224020,1790285739.2240367,28.57142857142857,28.57142857142857
2026-09-25T03:05:39.229018,1790285739.2290487,28.57142857142857,28.57142857142857
2026-09-25T03:05:39.237124,1790285739.2371573,28.57142857142857,28.57142857142857
2026-09-25T03:05:39.245467,1790285739.2454922,28.57142857142857,28.57142857142857
2026-09-25T03:05:39.252168,1790285739.2521944,28.57142857142857,28.57142857142857
2026-09-25T03:05:39.262272,1790285739.262289,28.57142857142857,28.57142857142857
2026-09-25T03:05:39.268908,1790285739.2689333,28.57142857142857,28.57142857142857
2026-09-25T03:05:39.285141,1790285739.2851565,28.57142857142857,28.57142857142857
2026-09-25T03:05:39.317098,1790285739.3171246,28.57142857142857,28.57142857142857
2026-09-25T03:05:39.325556,1790285739.3255758,28.57142857142857,28.57142857142857
2026-09-25T03:05:39.332885,1790285739.332912,28.57142857142857,28.57142857142857
2026-09-25T03:05:39.340783,1790285739.340809,28.57142857142857,28.57142857142857
2026-09-25T03:05:39.349073,1790285739.3490996,28.57142857142857,28.57142857142857
2026-09-25T03:05:39.399468,1790285739.3995004,28.57142857142857,28.57142857142857
2026-09-25T03:05:39.450673,1790285739.4507017,28.57142857142857,28.57142857142857
2026-09-25T03:05:39.525566,1790285739.5255868,28.57142857142857,28.57142857142857
2026-09-25T03:05:39.533851,1790285739.5338778,28.57142857142857,28.57142857142857
2026-09-25T03:05:39.540820,1790285739.5408473,28.57142857142857,28.57142857142857
2026-09-25T03:05:39.548977,1790285739.5490038,28.57142857142857,28.57142857142857
2026-09-25T03:05:39.556822,1790285739.5568492,28.57142857142857,28.57142857142857
2026-09-25T03:05:39.565870,1790285739.56589,28.57142857142857,28.57142857142857
2026-09-25T03:05:39.573250,1790285739.5732756,24.09048421042306,24.09048421042306
2026-09-25T03:05:39.581901,1790285739.5819314,0.0,0.0
2026-09-25T03:05:39.589320,1790285739.5893488,0.0,0.0
2026-09-25T03:05:39.597820,1790285739.5978482,0.0,0.0
2026-09-25T03:05:39.604660,1790285739.6046877,-21.96657998221261,-21.96657998221261
2026-09-25T03:05:39.612405,1790285739.6124318,-28.44876598369862,-28.694091159158518
2026-09-25T03:05:39.620617,1790285739.62065,-27.741811416191712,-29.401045726665426
2026-09-25T03:05:39.629603,1790285739.6296399,-27.78108661579234,-29.3617705270648
2026-09-25T03:05:39.637574,1790285739.6376054,-27.741811416191712,-29.401045726665426
2026-09-25T03:05:39.645431,1790285739.64545,-27.741811416191712,-29.401045726665426
2026-09-25T03:05:39.652817,1790285739.6528583,-27.741811416191712,-29.401045726665426
2026-09-25T03:05:39.661120,1790285739.6611545,-27.741811416191712,-29.401045726665426
2026-09-25T03:05:39.668003,1790285739.6680415,-27.741811416191712,-29.401045726665426
2026-09-25T03:05:39.677477,1790285739.677502,-27.741811416191712,-29.401045726665426
2026-09-25T03:05:39.684591,1790285739.6846187,-27.78108661579234,-29.3617705270648
2026-09-25T03:05:39.692843,1790285739.6928682,-27.78108661579234,-29.3617705270648
2026-09-25T03:05:39.700651,1790285739.7006774,-27.741811416191712,-29.401045726665426
2026-09-25T03:05:39.708083,1790285739.7081218,-27.78108661579234,-29.3617705270648
2026-09-25T03:05:39.717009,1790285739.7170327,-27.78108661579234,-29.3617705270648
2026-09-25T03:05:39.725613,1790285739.7256353,-27.741811416191712,-29.401045726665426
2026-09-25T03:05:39.733209,1790285739.7332368,-27.78108661579234,-29.3617705270648
2026-09-25T03:05:39.740721,1790285739.740749,-27.741811416191712,-29.401045726665426
2026-09-25T03:05:39.749231,1790285739.7492578,-27.78108661579234,-29.3617705270648
2026-09-25T03:05:39.757299,1790285739.7573237,-27.741811416191712,-29.401045726665426
2026-09-25T03:05:39.772733,1790285739.7727563,-27.78108661579234,-29.3617705270648
2026-09-25T03:05:39.780697,1790285739.7807224,-27.78108661579234,-29.3617705270648
2026-09-25T03:05:39.788939,1790285739.7889678,-27.741811416191712,-29.401045726665426
2026-09-25T03:05:39.805626,1790285739.8056498,-27.78108661579234,-29.3617705270648
2026-09-25T03:05:39.812339,1790285739.8123672,-27.741811416191712,-29.401045726665426
2026-09-25T03:05:39.820620,1790285739.820646,-27.78108661579234,-29.3617705270648
2026-09-25T03:05:39.827773,1790285739.827796,-27.78108661579234,-29.3617705270648
2026-09-25T03:05:39.837263,1790285739.8372884,-27.741811416191712,-29.401045726665426
2026-09-25T03:05:39.844872,1790285739.844883,-27.741811416191712,-29.401045726665426
2026-09-25T03:05:39.852190,1790285739.852213,-27.78108661579234,-29.3617705270648
2026-09-25T03:05:39.868416,1790285739.8684404,-27.741811416191712,-29.401045726665426
2026-09-25T03:05:39.876983,1790285739.8770041,-27.78108661579234,-29.3617705270648
2026-09-25T03:05:39.884315,1790285739.8843415,-27.78108661579234,-29.3617705270648
2026-09-25T03:05:39.892442,1790285739.8924658,-27.741811416191712,-29.401045726665426
2026-09-25T03:05:39.900163,1790285739.9001868,-27.78108661579234,-29.3617705270648
2026-09-25T03:05:39.923999,1790285739.9240198,-27.78108661579234,-29.3617705270648
2026-09-25T03:05:39.932317,1790285739.9323442,-27.78108661579234,-29.3617705270648
2026-09-25T03:05:39.949088,1790285739.949109,-27.741811416191712,-29.401045726665426
2026-09-25T03:05:39.956211,1790285739.9562316,-27.78108661579234,-29.3617705270648
2026-09-25T03:05:39.964203,1790285739.964255,-27.741811416191712,-29.401045726665426
2026-09-25T03:05:39.971650,1790285739.9716728,-27.78108661579234,-29.3617705270648
2026-09-25T03:05:39.988339,1790285739.9883626,-27.741811416191712,-29.401045726665426
2026-09-25T03:05:40.028489,1790285740.0285146,-27.78108661579234,-29.3617705270648
2026-09-25T03:05:40.036205,1790285740.0362256,-27.78108661579234,-29.3617705270648
2026-09-25T03:05:40.051529,1790285740.0515487,-27.741811416191712,-29.401045726665426
2026-09-25T03:05:40.060763,1790285740.0607855,-27.78108661579234,-29.3617705270648
2026-09-25T03:05:40.068041,1790285740.0680618,-27.78108661579234,-29.3617705270648
2026-09-25T03:05:40.075983,1790285740.0760016,-27.78108661579234,-29.3617705270648
2026-09-25T03:05:40.083615,1790285740.0836346,-27.741811416191712,-29.401045726665426
2026-09-25T03:05:40.100539,1790285740.100559,-27.741811416191712,-29.401045726665426
2026-09-25T03:05:40.107940,1790285740.1079617,-27.78108661579234,-29.3617705270648
2026-09-25T03:05:40.116283,1790285740.116305,-27.741811416191712,-29.401045726665426
2026-09-25T03:05:40.124489,1790285740.1245193,-27.78108661579234,-29.3617705270648
2026-09-25T03:05:40.132563,1790285740.1325822,-27.78108661579234,-29.3617705270648
2026-09-25T03:05:40.140157,1790285740.1401799,-27.741811416191712,-29.401045726665426
2026-09-25T03:05:40.148263,1790285740.1482904,-27.78108661579234,-29.3617705270648
2026-09-25T03:05:40.165151,1790285740.1651604,-27.741811416191712,-29.401045726665426
2026-09-25T03:05:40.171881,1790285740.171904,-27.741811416191712,-29.401045726665426
2026-09-25T03:05:40.179786,1790285740.17981,-27.78108661579234,-29.3617705270648
2026-09-25T03:05:40.188324,1790285740.1883461,-27.78108661579234,-29.3617705270648
2026-09-25T03:05:40.196104,1790285740.1961265,0.0,0.0
2026-09-25T03:05:40.204247,1790285740.2042828,0.0,0.0
2026-09-25T03:05:40.211852,1790285740.2118804,2.8606167861393517,2.8606167861393517
2026-09-25T03:05:40.219722,1790285740.2197433,28.57142857142857,28.57142857142857
2026-09-25T03:05:40.228427,1790285740.2284508,28.57142857142857,28.57142857142857
2026-09-25T03:05:40.236204,1790285740.2362263,28.57142857142857,28.57142857142857
2026-09-25T03:05:40.243819,1790285740.2438424,28.57142857142857,28.57142857142857
2026-09-25T03:05:40.251506,1790285740.251529,28.57142857142857,28.57142857142857
2026-09-25T03:05:40.261046,1790285740.261071,24.717463748795645,32.425393394061494
2026-09-25T03:05:40.268474,1790285740.2684958,23.814285714285713,33.32857142857143
2026-09-25T03:05:40.318441,1790285740.3184671,23.814285714285713,33.32857142857143
2026-09-25T03:05:40.368858,1790285740.368881,23.814285714285713,33.32857142857143
2026-09-25T03:05:40.420091,1790285740.4201174,23.814285714285713,33.32857142857143
2026-09-25T03:05:40.461434,1790285740.4614627,27.859484324497835,29.283372818359304
2026-09-25T03:05:40.468665,1790285740.468691,28.57142857142857,28.57142857142857
2026-09-25T03:05:40.476650,1790285740.4766755,26.213472230093817,26.213472230093817
2026-09-25T03:05:40.485022,1790285740.4850354,0.9735174477100371,0.9735174477100371
2026-09-25T03:05:40.493193,1790285740.4932199,0.0,0.0
2026-09-25T03:05:40.620798,1790285740.620825,-28.57142857142857,-28.57142857142857
2026-09-25T03:05:40.652935,1790285740.6529703,-28.57142857142857,-28.57142857142857
2026-09-25T03:05:40.660724,1790285740.6607592,-28.57142857142857,-28.57142857142857
2026-09-25T03:05:40.669077,1790285740.66911,-28.57142857142857,-28.57142857142857
2026-09-25T03:05:40.677056,1790285740.6770878,-28.57142857142857,-28.57142857142857
2026-09-25T03:05:40.686008,1790285740.6860466,-28.57142857142857,-28.57142857142857
2026-09-25T03:05:40.693056,1790285740.693087,-28.57142857142857,-28.57142857142857
2026-09-25T03:05:40.740832,1790285740.7408707,-9.936321633202688,-9.936321633202688
2026-09-25T03:05:40.749310,1790285740.7493498,0.0,0.0
2026-09-25T03:05:40.799716,1790285740.799758,0.0,0.0
2026-09-25T03:05:40.805145,1790285740.8051648,17.249749388013566,17.249749388013566
2026-09-25T03:05:40.812858,1790285740.8128986,28.57142857142857,28.57142857142857
2026-09-25T03:05:40.893028,1790285740.8930612,28.57142857142857,28.57142857142857
2026-09-25T03:05:40.902200,1790285740.902216,28.57142857142857,28.57142857142857
2026-09-25T03:05:40.933541,1790285740.9335663,28.44861316915069,28.69424397370645
2026-09-25T03:05:40.941485,1790285740.941521,24.521087609018597,32.621769533838545
2026-09-25T03:05:40.948748,1790285740.9487882,23.814285714285713,33.32857142857143
2026-09-25T03:05:40.999817,1790285740.999852,23.814285714285713,33.32857142857143
2026-09-25T03:05:41.308789,1790285741.308815,0.0,0.0
2026-09-25T03:05:41.317408,1790285741.3174462,0.0,0.0
2026-09-25T03:05:41.348786,1790285741.3488297,-28.57142857142857,-28.57142857142857
2026-09-25T03:05:41.400147,1790285741.4001746,-28.57142857142857,-28.57142857142857
2026-09-25T03:05:41.451037,1790285741.451073,-28.57142857142857,-28.57142857142857
2026-09-25T03:05:41.550467,1790285741.5505009,-28.57142857142857,-28.57142857142857
2026-09-25T03:05:41.651154,1790285741.6511824,-28.57142857142857,-28.57142857142857
2026-09-25T03:05:41.700988,1790285741.7010133,-28.57142857142857,-28.57142857142857
2026-09-25T03:05:41.751763,1790285741.751788,-28.57142857142857,-28.57142857142857
2026-09-25T03:05:41.803470,1790285741.8034973,-28.57142857142857,-28.57142857142857
2026-09-25T03:05:41.852667,1790285741.8527038,-28.57142857142857,-28.57142857142857
2026-09-25T03:05:41.854292,1790285741.854323,-22.438355854579378,-22.438355854579378
2026-09-25T03:05:41.860785,1790285741.8608122,0.0,0.0
2026-09-25T03:05:41.876450,1790285741.876476,19.844511577061244,19.844511577061244
2026-09-25T03:05:41.885415,1790285741.8854365,28.57142857142857,28.57142857142857
2026-09-25T03:05:41.924214,1790285741.9242473,27.859484324497835,29.283372818359304
2026-09-25T03:05:41.933193,1790285741.9332213,23.814285714285713,33.32857142857143
2026-09-25T03:05:41.940659,1790285741.9406843,23.814285714285713,33.32857142857143
2026-09-25T03:05:41.992165,1790285741.9921916,23.814285714285713,33.32857142857143
2026-09-25T03:05:42.029056,1790285742.0290844,23.853408223390577,33.289448919466565
2026-09-25T03:05:42.036696,1790285742.0367236,24.403261868442804,32.739595274414334
2026-09-25T03:05:42.043946,1790285742.0439699,25.03166591269629,32.11119123016085
2026-09-25T03:05:42.052785,1790285742.05281,25.69934529832431,31.44351184453283
2026-09-25T03:05:42.060980,1790285742.0610054,26.013547178677147,31.129309964179992
2026-09-25T03:05:42.069067,1790285742.0690928,0.5381513416767119,4.711307635477611
2026-09-25T03:05:42.077131,1790285742.0771546,-30.108153215050695,-27.034703927806444
2026-09-25T03:05:42.084974,1790285742.0849876,-1.4974493022475923,1.4974493022475923
2026-09-25T03:05:42.092786,1790285742.0928118,-1.379623561671802,1.379623561671802
2026-09-25T03:05:42.101609,1790285742.1016386,-1.222522621495383,1.222522621495383
2026-09-25T03:05:42.108841,1790285742.1088662,-1.1832472801208496,1.1832472801208496
2026-09-25T03:05:42.117969,1790285742.1179938,-0.6333937059555735,0.6333937059555735
2026-09-25T03:05:42.125104,1790285742.1251194,0.0,0.0
2026-09-25T03:05:42.133668,1790285742.1336968,0.0,0.0
2026-09-25T03:05:42.141143,1790285742.1411774,0.0,0.0
2026-09-25T03:05:42.191867,1790285742.1918964,0.0,0.0
2026-09-25T03:05:43.748467,1790285743.748493,0.0,0.0
2026-09-25T03:05:43.799244,1790285743.7992833,0.0,0.0
2026-09-25T03:05:43.898415,1790285743.8984404,0.0,0.0
2026-09-25T03:05:43.998572,1790285743.9986007,0.0,0.0
2026-09-25T03:05:44.098698,1790285744.0987234,0.0,0.0
2026-09-25T03:05:44.198700,1790285744.1987314,0.0,0.0
2026-09-25T03:05:44.228444,1790285744.2284708,16.542087282453263,16.542087282453263
2026-09-25T03:05:44.237348,1790285744.2373736,28.57142857142857,28.57142857142857
2026-09-25T03:05:44.245399,1790285744.245423,28.57142857142857,28.57142857142857
2026-09-25T03:05:44.345432,1790285744.345454,28.57142857142857,28.57142857142857
2026-09-25T03:05:44.348267,1790285744.3482957,28.57142857142857,28.57142857142857
2026-09-25T03:05:44.357155,1790285744.3571856,28.57142857142857,28.57142857142857
2026-09-25T03:05:44.364485,1790285744.3645234,28.57142857142857,28.57142857142857
2026-09-25T03:05:44.413967,1790285744.4139924,28.57142857142857,28.57142857142857
2026-09-25T03:05:44.514244,1790285744.5142713,28.57142857142857,28.57142857142857
2026-09-25T03:05:44.588649,1790285744.5886762,17.48563732419695,17.48563732419695
2026-09-25T03:05:44.597124,1790285744.5971503,0.0,0.0
2026-09-25T03:05:44.647571,1790285744.6476042,0.0,0.0
2026-09-25T03:05:44.845114,1790285744.845126,-28.57142857142857,-28.57142857142857
2026-09-25T03:05:44.859984,1790285744.860012,-28.57142857142857,-28.57142857142857
2026-09-25T03:05:44.868032,1790285744.8680627,-28.57142857142857,-28.57142857142857
2026-09-25T03:05:44.877408,1790285744.8774343,-22.9101300239563,-22.9101300239563
2026-09-25T03:05:44.885930,1790285744.8859513,0.0,0.0
2026-09-25T03:05:44.901213,1790285744.9012702,8.28602739742824,8.28602739742824
2026-09-25T03:05:44.908580,1790285744.9086082,28.57142857142857,28.57142857142857
2026-09-25T03:05:44.917098,1790285744.9171329,28.57142857142857,28.57142857142857
2026-09-25T03:05:44.967037,1790285744.9670694,28.57142857142857,28.57142857142857
2026-09-25T03:05:45.018858,1790285745.0188837,28.57142857142857,28.57142857142857
2026-09-25T03:05:45.044941,1790285745.0449574,28.57142857142857,28.57142857142857
2026-09-25T03:05:45.052543,1790285745.0525699,28.57142857142857,28.57142857142857
2026-09-25T03:05:45.059951,1790285745.0599792,28.57142857142857,28.57142857142857
2026-09-25T03:05:45.069734,1790285745.0697696,28.57142857142857,28.57142857142857
2026-09-25T03:05:45.077538,1790285745.0775707,28.57142857142857,28.57142857142857
2026-09-25T03:05:45.085561,1790285745.085577,28.57142857142857,28.57142857142857
2026-09-25T03:05:45.092780,1790285745.0928116,28.57142857142857,28.57142857142857
2026-09-25T03:05:45.100906,1790285745.1009758,28.57142857142857,28.57142857142857
2026-09-25T03:05:45.107826,1790285745.1078606,28.57142857142857,28.57142857142857
2026-09-25T03:05:45.117067,1790285745.1170974,28.57142857142857,28.57142857142857
2026-09-25T03:05:45.125248,1790285745.1252692,28.57142857142857,28.57142857142857
2026-09-25T03:05:45.132747,1790285745.1327758,28.57142857142857,28.57142857142857
2026-09-25T03:05:45.140788,1790285745.1408222,28.57142857142857,28.57142857142857
2026-09-25T03:05:45.157609,1790285745.1576426,28.57142857142857,28.57142857142857
2026-09-25T03:05:45.165791,1790285745.165822,28.57142857142857,28.57142857142857
2026-09-25T03:05:45.216000,1790285745.2160287,28.57142857142857,28.57142857142857
2026-09-25T03:05:45.315925,1790285745.3159485,28.57142857142857,28.57142857142857
2026-09-25T03:05:45.367037,1790285745.3670673,28.57142857142857,28.57142857142857
2026-09-25T03:05:45.465876,1790285745.4659002,28.57142857142857,28.57142857142857
2026-09-25T03:05:45.517688,1790285745.5177133,28.57142857142857,28.57142857142857
2026-09-25T03:05:45.524280,1790285745.5243106,28.57142857142857,28.57142857142857
2026-09-25T03:05:45.533168,1790285745.5332022,28.57142857142857,28.57142857142857
2026-09-25T03:05:45.539951,1790285745.539982,28.57142857142857,28.57142857142857
2026-09-25T03:05:45.589868,1790285745.5898938,4.040053912571498,4.040053912571498
2026-09-25T03:05:45.597336,1790285745.5973911,0.0,0.0
2026-09-25T03:05:45.636699,1790285745.636727,-9.228659527642385,-9.228659527642385
2026-09-25T03:05:45.645050,1790285745.6450622,-25.97666638238089,-25.97666638238089
2026-09-25T03:05:45.653282,1790285745.6533072,-28.57142857142857,-28.57142857142857
2026-09-25T03:05:45.660787,1790285745.6608121,-28.57142857142857,-28.57142857142857
2026-09-25T03:05:45.676586,1790285745.676618,-28.57142857142857,-28.57142857142857
2026-09-25T03:05:45.685875,1790285745.685893,-28.57142857142857,-28.57142857142857
2026-09-25T03:05:45.692764,1790285745.6927934,-28.57142857142857,-28.57142857142857
2026-09-25T03:05:45.700655,1790285745.7006912,-28.57142857142857,-28.57142857142857
2026-09-25T03:05:45.708843,1790285745.7088804,-28.57142857142857,-28.57142857142857
2026-09-25T03:05:45.716568,1790285745.7166028,-28.57142857142857,-28.57142857142857
2026-09-25T03:05:45.724682,1790285745.7247143,-28.57142857142857,-28.57142857142857
2026-09-25T03:05:45.732800,1790285745.7328353,-28.57142857142857,-28.57142857142857
2026-09-25T03:05:45.740964,1790285745.740992,-28.57142857142857,-28.57142857142857
2026-09-25T03:05:45.791926,1790285745.7919512,-28.57142857142857,-28.57142857142857
2026-09-25T03:05:45.891341,1790285745.8913672,-28.57142857142857,-28.57142857142857
2026-09-25T03:05:45.943179,1790285745.9431937,-28.57142857142857,-28.57142857142857
2026-09-25T03:05:45.992765,1790285745.9927938,-28.57142857142857,-28.57142857142857
2026-09-25T03:05:46.092909,1790285746.092938,-28.57142857142857,-28.57142857142857
2026-09-25T03:05:46.143588,1790285746.1436076,-28.57142857142857,-28.57142857142857
2026-09-25T03:05:46.165091,1790285746.1651065,-28.56659175473365,-28.57626538812349
2026-09-25T03:05:46.172412,1790285746.172441,-28.488041245325334,-28.654815897531805
2026-09-25T03:05:46.180271,1790285746.1802986,-28.370215478166937,-28.7726416646902
2026-09-25T03:05:46.189033,1790285746.1890602,-28.252389719869406,-28.890467422987733
2026-09-25T03:05:46.195869,1790285746.1958942,-28.13456394385014,-29.008293199007
2026-09-25T03:05:46.205620,1790285746.2056441,-28.09528867336256,-29.04756846949458
2026-09-25T03:05:46.212649,1790285746.2126753,-27.977462932786768,-29.16539421007037
2026-09-25T03:05:46.221166,1790285746.2212005,-27.50615986415318,-29.63669727870396
2026-09-25T03:05:46.228461,1790285746.228491,-27.034856760076114,-30.108000382781025
2026-09-25T03:05:46.236892,1790285746.2369244,-26.17080109289714,-30.97205604996
2026-09-25T03:05:46.243912,1790285746.2439394,-25.38529596669333,-31.757561176163808
2026-09-25T03:05:46.253209,1790285746.2532322,-24.4426897585392,-32.70016738431794
2026-09-25T03:05:46.260701,1790285746.2607276,-23.892836397034777,-33.25002074582236
2026-09-25T03:05:46.269155,1790285746.269194,-23.814285714285713,-33.32857142857143
2026-09-25T03:05:46.319002,1790285746.3190305,-23.814285714285713,-33.32857142857143
2026-09-25T03:05:46.369799,1790285746.3698254,-23.814285714285713,-33.32857142857143
2026-09-25T03:05:46.412579,1790285746.4126058,-23.814285714285713,-33.32857142857143
2026-09-25T03:05:46.420003,1790285746.4200294,-23.814285714285713,-33.32857142857143
2026-09-25T03:05:46.428538,1790285746.4285703,-23.814285714285713,-33.32857142857143
2026-09-25T03:05:46.436811,1790285746.4368367,-23.814285714285713,-33.32857142857143
2026-09-25T03:05:46.444924,1790285746.4449368,-23.814285714285713,-33.32857142857143
2026-09-25T03:05:46.452624,1790285746.4526622,-23.814285714285713,-33.32857142857143
2026-09-25T03:05:46.459965,1790285746.4599917,-23.814285714285713,-33.32857142857143
2026-09-25T03:05:46.468247,1790285746.468273,-23.814285714285713,-33.32857142857143
2026-09-25T03:05:46.518919,1790285746.5189471,-23.814285714285713,-33.32857142857143
2026-09-25T03:05:46.568984,1790285746.5690167,-23.814285714285713,-33.32857142857143
2026-09-25T03:05:46.619844,1790285746.6198692,-23.814285714285713,-33.32857142857143
2026-09-25T03:05:46.668863,1790285746.668894,-23.814285714285713,-33.32857142857143
2026-09-25T03:05:46.676913,1790285746.676942,-23.814285714285713,-33.32857142857143
2026-09-25T03:05:46.686110,1790285746.686136,-23.814285714285713,-33.32857142857143
2026-09-25T03:05:46.693045,1790285746.6930704,-23.814285714285713,-33.32857142857143
2026-09-25T03:05:46.701282,1790285746.7013094,-23.814285714285713,-33.32857142857143
2026-09-25T03:05:46.707699,1790285746.7077246,-23.814285714285713,-33.32857142857143
2026-09-25T03:05:46.716236,1790285746.7162654,-23.814285714285713,-33.32857142857143
2026-09-25T03:05:46.723851,1790285746.72388,-23.814285714285713,-33.32857142857143
2026-09-25T03:05:46.732781,1790285746.7328079,-19.332423441750663,-28.846709156036376
2026-09-25T03:05:46.740564,1790285746.7405887,0.9538939407893592,-8.560391773496356
2026-09-25T03:05:46.748264,1790285746.74829,4.757142857142857,-4.757142857142857
2026-09-25T03:05:46.756551,1790285746.7565835,4.757142857142857,-4.757142857142857
2026-09-25T03:05:46.764520,1790285746.7645533,4.757142857142857,-4.757142857142857
2026-09-25T03:05:46.772512,1790285746.7725387,4.757142857142857,-4.757142857142857
2026-09-25T03:05:46.780618,1790285746.7806447,4.757142857142857,-4.757142857142857
2026-09-25T03:05:46.788336,1790285746.7883651,4.757142857142857,-4.757142857142857
2026-09-25T03:05:46.797097,1790285746.7971249,14.930269486563546,5.415983772277831
2026-09-25T03:05:46.806140,1790285746.8061664,30.498839214869903,20.98455350058419
2026-09-25T03:05:46.812704,1790285746.81273,33.32857142857143,23.814285714285713
2026-09-25T03:05:46.828975,1790285746.8290043,33.32857142857143,23.814285714285713
2026-09-25T03:05:46.868167,1790285746.8681955,33.32857142857143,23.814285714285713
2026-09-25T03:05:46.876764,1790285746.8767953,33.32857142857143,23.814285714285713
2026-09-25T03:05:46.885473,1790285746.885489,33.32857142857143,23.814285714285713
2026-09-25T03:05:46.893107,1790285746.8931336,33.32857142857143,23.814285714285713
2026-09-25T03:05:46.901030,1790285746.901063,33.32857142857143,23.814285714285713
2026-09-25T03:05:46.917535,1790285746.9175909,33.32857142857143,23.814285714285713
2026-09-25T03:05:46.940146,1790285746.940171,33.32857142857143,23.814285714285713
2026-09-25T03:05:46.947718,1790285746.9477456,33.32857142857143,23.814285714285713
2026-09-25T03:05:46.957491,1790285746.9575214,33.32857142857143,23.814285714285713
2026-09-25T03:05:46.972328,1790285746.972354,33.32857142857143,23.814285714285713
2026-09-25T03:05:46.979741,1790285746.9797695,33.32857142857143,23.814285714285713
2026-09-25T03:05:46.988133,1790285746.9881744,33.32857142857143,23.814285714285713
2026-09-25T03:05:46.996784,1790285746.9968123,33.32857142857143,23.814285714285713
2026-09-25T03:05:47.004562,1790285747.004593,33.32857142857143,23.814285714285713
2026-09-25T03:05:47.045420,1790285747.0454419,33.32857142857143,23.814285714285713
2026-09-25T03:05:47.052936,1790285747.0529687,33.32857142857143,23.814285714285713
2026-09-25T03:05:47.059916,1790285747.0599453,33.32857142857143,23.814285714285713
2026-09-25T03:05:47.068133,1790285747.0681667,33.32857142857143,23.814285714285713
2026-09-25T03:05:47.075924,1790285747.0759494,33.32857142857143,23.814285714285713
2026-09-25T03:05:47.085840,1790285747.0858638,33.32857142857143,23.814285714285713
2026-09-25T03:05:47.093195,1790285747.0932229,33.32857142857143,23.814285714285713
2026-09-25T03:05:47.100025,1790285747.100056,33.32857142857143,23.814285714285713
2026-09-25T03:05:47.107857,1790285747.1078851,33.32857142857143,23.814285714285713
2026-09-25T03:05:47.116242,1790285747.1162782,33.32857142857143,23.814285714285713
2026-09-25T03:05:47.125010,1790285747.1250238,33.32857142857143,23.814285714285713
2026-09-25T03:05:47.132610,1790285747.1326365,33.32857142857143,23.814285714285713
2026-09-25T03:05:47.140292,1790285747.1403308,33.32857142857143,23.814285714285713
2026-09-25T03:05:47.148124,1790285747.148149,33.32857142857143,23.814285714285713
2026-09-25T03:05:47.155867,1790285747.1558902,33.32857142857143,23.814285714285713
2026-09-25T03:05:47.165069,1790285747.1650853,33.32857142857143,23.814285714285713
2026-09-25T03:05:47.172704,1790285747.172732,33.32857142857143,23.814285714285713
2026-09-25T03:05:47.180547,1790285747.1805742,33.05364460604531,24.08921253681183
2026-09-25T03:05:47.187719,1790285747.1877458,32.85726818272045,24.285588960136685
2026-09-25T03:05:47.195806,1790285747.1958346,32.81799312489373,24.324864017963407
2026-09-25T03:05:47.203719,1790285747.2037456,32.81799312489373,24.324864017963407
2026-09-25T03:05:47.220764,1790285747.2207894,32.81799312489373,24.324864017963407
2026-09-25T03:05:47.227904,1790285747.2279341,32.81799312489373,24.324864017963407
2026-09-25T03:05:47.237038,1790285747.2370663,32.7787177835192,24.36413935933794
2026-09-25T03:05:47.244653,1790285747.2446826,32.81799312489373,24.324864017963407
2026-09-25T03:05:47.253082,1790285747.2531207,32.81799312489373,24.324864017963407
2026-09-25T03:05:47.260615,1790285747.2606535,32.81799312489373,24.324864017963407
2026-09-25T03:05:47.268469,1790285747.2684975,32.81799312489373,24.324864017963407
2026-09-25T03:05:47.276284,1790285747.2763066,32.81799312489373,24.324864017963407
2026-09-25T03:05:47.292437,1790285747.2924616,32.7787177835192,24.36413935933794
2026-09-25T03:05:47.299818,1790285747.2998471,32.81799312489373,24.324864017963407
2026-09-25T03:05:47.307821,1790285747.3078485,32.81799312489373,24.324864017963407
2026-09-25T03:05:47.315438,1790285747.3154607,32.81799312489373,24.324864017963407
2026-09-25T03:05:47.324000,1790285747.3240223,32.503790960993086,24.639066181864056
2026-09-25T03:05:47.332062,1790285747.332084,32.18958879709243,24.9532683457647
2026-09-25T03:05:47.339626,1790285747.3396487,32.071763056516644,25.071094086340494
2026-09-25T03:05:47.346754,1790285747.3467758,32.071763056516644,25.071094086340494
2026-09-25T03:05:47.356180,1790285747.3562014,32.03248799868992,25.110369144167215
2026-09-25T03:05:47.364139,1790285747.3641593,32.03248799868992,25.110369144167215
2026-09-25T03:05:47.372336,1790285747.37236,32.03248799868992,25.110369144167215
2026-09-25T03:05:47.379386,1790285747.3794112,32.03248799868992,25.110369144167215
2026-09-25T03:05:47.387488,1790285747.387508,31.99321265731539,25.14964448554175
2026-09-25T03:05:47.396023,1790285747.3960469,31.875386916739597,25.267470226117542
2026-09-25T03:05:47.404108,1790285747.4041305,31.482634353637692,25.660222789219446
2026-09-25T03:05:47.411677,1790285747.4117,31.286257930312836,25.856599212544303
2026-09-25T03:05:47.419700,1790285747.41972,31.168432189737047,25.974424953120092
2026-09-25T03:05:47.427326,1790285747.4273455,31.089881790535788,26.05297535232135
2026-09-25T03:05:47.436449,1790285747.4364686,30.97205604996,26.17080109289714
2026-09-25T03:05:47.442948,1790285747.4429684,30.932780708585465,26.210076434271674
2026-09-25T03:05:47.452468,1790285747.4524884,30.775679768409045,26.367177374448094
2026-09-25T03:05:47.459769,1790285747.459791,30.697129227433884,26.445727915423255
2026-09-25T03:05:47.468124,1790285747.4681482,30.50075294588293,26.64210419697421
2026-09-25T03:05:47.475309,1790285747.4753268,30.422202404907768,26.72065473794937
2026-09-25T03:05:47.482883,1790285747.4829059,30.343651863932607,26.799205278924532
2026-09-25T03:05:47.491486,1790285747.4915097,30.225826123356818,26.91703101950032
2026-09-25T03:05:47.499660,1790285747.4996848,30.18655092375619,26.95630621910095
2026-09-25T03:05:47.507043,1790285747.5070636,30.225826123356818,26.91703101950032
2026-09-25T03:05:47.516106,1790285747.5161252,30.225826123356818,26.91703101950032
2026-09-25T03:05:47.523540,1790285747.5235603,30.18655092375619,26.95630621910095
2026-09-25T03:05:47.531740,1790285747.5317588,30.18655092375619,26.95630621910095
2026-09-25T03:05:47.539392,1790285747.5394132,30.18655092375619,26.95630621910095
2026-09-25T03:05:47.547615,1790285747.5476377,30.18655092375619,26.95630621910095
2026-09-25T03:05:47.563697,1790285747.5637167,30.18655092375619,26.95630621910095
2026-09-25T03:05:47.572239,1790285747.5722628,30.18655092375619,26.95630621910095
2026-09-25T03:05:47.579660,1790285747.5796857,30.18655092375619,26.95630621910095
2026-09-25T03:05:47.586911,1790285747.5869339,30.225826123356818,26.91703101950032
2026-09-25T03:05:47.596101,1790285747.5961182,30.225826123356818,26.91703101950032
2026-09-25T03:05:47.603743,1790285747.6037662,30.18655092375619,26.95630621910095
2026-09-25T03:05:47.611897,1790285747.6119218,30.18655092375619,26.95630621910095
2026-09-25T03:05:47.619484,1790285747.6195083,30.18655092375619,26.95630621910095
2026-09-25T03:05:47.628239,1790285747.6282654,30.029449841805864,27.113407301051275
2026-09-25T03:05:47.636290,1790285747.6363113,29.911624101230075,27.231233041627064
2026-09-25T03:05:47.643179,1790285747.6432014,29.793798360654286,27.349058782202853
2026-09-25T03:05:47.652442,1790285747.652462,29.754523090166703,27.388334052690436
2026-09-25T03:05:47.659934,1790285747.6599586,29.675972549191542,27.466884593665597
2026-09-25T03:05:47.667448,1790285747.6674705,29.55814680861575,27.58471033424139
2026-09-25T03:05:47.675720,1790285747.6757405,29.479596267640588,27.66326087521655
2026-09-25T03:05:47.683012,1790285747.6830368,29.401045726665426,27.741811416191712
2026-09-25T03:05:47.692116,1790285747.692136,29.3617705270648,27.78108661579234
2026-09-25T03:05:47.707038,1790285747.7070582,29.3617705270648,27.78108661579234
2026-09-25T03:05:47.716281,1790285747.7163007,29.401045726665426,27.741811416191712
2026-09-25T03:05:47.723898,1790285747.7239223,29.3617705270648,27.78108661579234
2026-09-25T03:05:47.740298,1790285747.7403193,29.3617705270648,27.78108661579234
2026-09-25T03:05:47.747637,1790285747.7476602,29.3617705270648,27.78108661579234
2026-09-25T03:05:47.763149,1790285747.7631705,29.322495256577216,27.820361886279922
2026-09-25T03:05:47.771879,1790285747.7719014,29.322495256577216,27.820361886279922
2026-09-25T03:05:47.779596,1790285747.779627,29.243944715602055,27.898912427255084
2026-09-25T03:05:47.787544,1790285747.7875671,29.008293199007,28.13456394385014
2026-09-25T03:05:47.796868,1790285747.7968926,28.85119217022189,28.29166497263525
2026-09-25T03:05:47.803838,1790285747.8038592,28.654815897531805,28.488041245325334
2026-09-25T03:05:47.811775,1790285747.8117983,28.57142857142857,28.57142857142857
2026-09-25T03:05:47.820629,1790285747.8206542,28.57142857142857,28.57142857142857
2026-09-25T03:05:47.836289,1790285747.836307,28.57142857142857,28.57142857142857
2026-09-25T03:05:47.842944,1790285747.8429623,28.57142857142857,28.57142857142857
2026-09-25T03:05:47.860186,1790285747.8602114,28.57142857142857,28.57142857142857
2026-09-25T03:05:47.866948,1790285747.866973,28.57142857142857,28.57142857142857
2026-09-25T03:05:47.876349,1790285747.8763697,28.57142857142857,28.57142857142857
2026-09-25T03:05:47.884246,1790285747.884272,28.57142857142857,28.57142857142857
2026-09-25T03:05:47.891405,1790285747.8914263,28.57142857142857,28.57142857142857
2026-09-25T03:05:47.899005,1790285747.899028,28.57142857142857,28.57142857142857
2026-09-25T03:05:47.907689,1790285747.9077098,28.57142857142857,28.57142857142857
2026-09-25T03:05:47.932039,1790285747.9320593,28.57142857142857,28.57142857142857
2026-09-25T03:05:47.947357,1790285747.9473903,28.57142857142857,28.57142857142857
2026-09-25T03:05:47.980017,1790285747.9800398,28.57142857142857,28.57142857142857
2026-09-25T03:05:47.987180,1790285747.987201,28.57142857142857,28.57142857142857
2026-09-25T03:05:48.003908,1790285748.0039287,28.57142857142857,28.57142857142857
2026-09-25T03:05:48.011659,1790285748.0116832,28.57142857142857,28.57142857142857
2026-09-25T03:05:48.019784,1790285748.0198052,28.57142857142857,28.57142857142857
2026-09-25T03:05:48.060097,1790285748.0601227,28.57142857142857,28.57142857142857
2026-09-25T03:05:48.076571,1790285748.0765955,28.57142857142857,28.57142857142857
2026-09-25T03:05:48.091832,1790285748.091856,28.57142857142857,28.57142857142857
2026-09-25T03:05:48.099740,1790285748.099769,28.57142857142857,28.57142857142857
2026-09-25T03:05:48.108050,1790285748.108076,28.57142857142857,28.57142857142857
2026-09-25T03:05:48.124112,1790285748.1241362,28.57142857142857,28.57142857142857
2026-09-25T03:05:48.131964,1790285748.131997,28.57142857142857,28.57142857142857
2026-09-25T03:05:48.173011,1790285748.1730359,28.57142857142857,28.57142857142857
2026-09-25T03:05:48.180255,1790285748.1802847,28.57142857142857,28.57142857142857
2026-09-25T03:05:48.188082,1790285748.1881104,28.57142857142857,28.57142857142857
2026-09-25T03:05:48.196337,1790285748.1963613,28.57142857142857,28.57142857142857
2026-09-25T03:05:48.205418,1790285748.205443,28.57142857142857,28.57142857142857
2026-09-25T03:05:48.211899,1790285748.2119374,28.57142857142857,28.57142857142857
2026-09-25T03:05:48.220840,1790285748.2208698,28.57142857142857,28.57142857142857
2026-09-25T03:05:48.228260,1790285748.228286,28.57142857142857,28.57142857142857
2026-09-25T03:05:48.244003,1790285748.2440295,28.57142857142857,28.57142857142857
2026-09-25T03:05:48.253449,1790285748.2534752,28.57142857142857,28.57142857142857
2026-09-25T03:05:48.260600,1790285748.2606273,28.57142857142857,28.57142857142857
2026-09-25T03:05:48.269527,1790285748.2695596,28.57142857142857,28.57142857142857
2026-09-25T03:05:48.276142,1790285748.2761662,28.57142857142857,28.57142857142857
2026-09-25T03:05:48.308675,1790285748.3087013,28.57142857142857,28.57142857142857
2026-09-25T03:05:48.315858,1790285748.3158832,28.57142857142857,28.57142857142857
2026-09-25T03:05:48.325032,1790285748.325046,28.57142857142857,28.57142857142857
2026-09-25T03:05:48.332978,1790285748.333003,28.57142857142857,28.57142857142857
2026-09-25T03:05:48.340305,1790285748.34033,28.57142857142857,28.57142857142857
2026-09-25T03:05:48.356180,1790285748.3562052,28.57142857142857,28.57142857142857
2026-09-25T03:05:48.365463,1790285748.3654792,28.57142857142857,28.57142857142857
2026-09-25T03:05:48.380296,1790285748.3803303,28.57142857142857,28.57142857142857
2026-09-25T03:05:48.387848,1790285748.3878744,28.57142857142857,28.57142857142857
2026-09-25T03:05:48.397038,1790285748.3970642,28.57142857142857,28.57142857142857
2026-09-25T03:05:48.404610,1790285748.404638,28.57142857142857,28.57142857142857
2026-09-25T03:05:48.412060,1790285748.4120889,28.57142857142857,28.57142857142857
2026-09-25T03:05:48.420088,1790285748.420113,28.57142857142857,28.57142857142857
2026-09-25T03:05:48.428213,1790285748.428249,28.57142857142857,28.57142857142857
2026-09-25T03:05:48.444149,1790285748.4441764,28.57142857142857,28.57142857142857
2026-09-25T03:05:48.452580,1790285748.4526055,28.57142857142857,28.57142857142857
2026-09-25T03:05:48.468965,1790285748.469004,28.57142857142857,28.57142857142857
2026-09-25T03:05:48.476405,1790285748.4764335,28.57142857142857,28.57142857142857
2026-09-25T03:05:48.484473,1790285748.484506,28.57142857142857,28.57142857142857
2026-09-25T03:05:48.493176,1790285748.4932077,28.57142857142857,28.57142857142857
2026-09-25T03:05:48.499674,1790285748.4997025,28.57142857142857,28.57142857142857
2026-09-25T03:05:48.508453,1790285748.5084786,28.57142857142857,28.57142857142857
2026-09-25T03:05:48.516520,1790285748.516547,28.57142857142857,28.57142857142857
2026-09-25T03:05:48.548610,1790285748.5486457,28.57142857142857,28.57142857142857
2026-09-25T03:05:48.563972,1790285748.563998,28.57142857142857,28.57142857142857
2026-09-25T03:05:48.595984,1790285748.5960097,28.57142857142857,28.57142857142857
2026-09-25T03:05:48.604449,1790285748.6044753,28.57142857142857,28.57142857142857
2026-09-25T03:05:48.621207,1790285748.62124,28.57142857142857,28.57142857142857
2026-09-25T03:05:48.636629,1790285748.6366558,28.57142857142857,28.57142857142857
2026-09-25T03:05:48.644589,1790285748.6446142,28.57142857142857,28.57142857142857
2026-09-25T03:05:48.653063,1790285748.653088,28.57142857142857,28.57142857142857
2026-09-25T03:05:48.667632,1790285748.667666,28.57142857142857,28.57142857142857
2026-09-25T03:05:48.684697,1790285748.6847239,28.566438932986262,28.576418209870877
2026-09-25T03:05:48.692129,1790285748.692157,28.487888421916534,28.654968720940605
2026-09-25T03:05:48.732546,1790285748.7325814,28.44861316915069,28.69424397370645
2026-09-25T03:05:48.739907,1790285748.7399347,28.487888421916534,28.654968720940605
2026-09-25T03:05:48.749114,1790285748.7491393,28.44861316915069,28.69424397370645
2026-09-25T03:05:48.756661,1790285748.7566876,28.330787393131423,28.812069749725715
2026-09-25T03:05:48.763790,1790285748.7638152,28.212961617112157,28.929895525744982
2026-09-25T03:05:48.771743,1790285748.7717679,28.291512140365583,28.851345002491556
2026-09-25T03:05:48.780006,1790285748.78003,28.212961617112157,28.929895525744982
2026-09-25T03:05:48.787754,1790285748.787783,28.173686382068052,28.969170760789087
2026-09-25T03:05:48.796732,1790285748.796758,28.173686382068052,28.969170760789087
2026-09-25T03:05:48.804611,1790285748.80464,28.173686382068052,28.969170760789087
2026-09-25T03:05:48.812243,1790285748.8122668,28.173686382068052,28.969170760789087
2026-09-25T03:05:48.820172,1790285748.8202016,28.095135876536368,29.04772126632077
2026-09-25T03:05:48.827930,1790285748.8279533,28.173686382068052,28.969170760789087
2026-09-25T03:05:48.836645,1790285748.8366678,28.095135876536368,29.04772126632077
2026-09-25T03:05:48.853308,1790285748.8533318,28.055860606048785,29.086996536808353
2026-09-25T03:05:48.860340,1790285748.8603623,27.9773101005171,29.165547042340037
2026-09-25T03:05:48.867485,1790285748.8675084,27.898759594985414,29.244097547871725
2026-09-25T03:05:48.875523,1790285748.8755386,27.820209054010252,29.322648088846886
2026-09-25T03:05:48.884524,1790285748.8845484,27.780933783522674,29.361923359334465
2026-09-25T03:05:48.891413,1790285748.8914354,27.741658583922042,29.401198558935096
2026-09-25T03:05:48.899330,1790285748.899355,27.66310804294688,29.479749099910258
2026-09-25T03:05:48.907792,1790285748.9078133,27.702383313434463,29.440473829422675
2026-09-25T03:05:48.923489,1790285748.9235127,27.66310804294688,29.479749099910258
2026-09-25T03:05:48.940154,1790285748.940177,27.623832772459302,29.519024370397837
2026-09-25T03:05:48.947219,1790285748.947243,27.46673176139593,29.67612538146121
2026-09-25T03:05:48.955549,1790285748.9555726,27.38818129130772,29.75467585154942
2026-09-25T03:05:48.963833,1790285748.9638574,27.348905949933187,29.793951192923952
2026-09-25T03:05:48.979459,1790285748.979482,27.30963075033256,29.83322639252458
2026-09-25T03:05:48.996497,1790285748.9965167,27.348905949933187,29.793951192923952
2026-09-25T03:05:49.004245,1790285749.0042732,27.30963075033256,29.83322639252458
2026-09-25T03:05:49.043427,1790285749.0434525,27.348905949933187,29.793951192923952
2026-09-25T03:05:49.067765,1790285749.0677907,27.30963075033256,29.83322639252458
2026-09-25T03:05:49.117975,1790285749.117999,27.30963075033256,29.83322639252458
2026-09-25T03:05:49.132033,1790285749.132054,27.348905949933187,29.793951192923952
2026-09-25T03:05:49.139899,1790285749.1399224,27.30963075033256,29.83322639252458
2026-09-25T03:05:49.155396,1790285749.155417,27.270355550731928,29.87250159212521
2026-09-25T03:05:49.163635,1790285749.1636596,27.191805009756767,29.951052133100372
2026-09-25T03:05:49.171157,1790285749.1711788,27.152529668382233,29.990327474474906
2026-09-25T03:05:49.179853,1790285749.1798754,27.113254468781605,30.029602674075534
2026-09-25T03:05:49.187611,1790285749.187635,27.073979269180978,30.06887787367616
2026-09-25T03:05:49.195969,1790285749.1959887,26.956153386831282,30.186703756025857
2026-09-25T03:05:49.203753,1790285749.2037761,26.7205019056797,30.422355237177438
2026-09-25T03:05:49.212265,1790285749.2122896,26.52412562412875,30.61873151872839
2026-09-25T03:05:49.227465,1790285749.2274897,26.48485042452812,30.65800671832902
2026-09-25T03:05:49.260142,1790285749.2601683,26.52412562412875,30.61873151872839
2026-09-25T03:05:49.267767,1790285749.2677932,26.445575083153585,30.697282059703554
2026-09-25T03:05:49.275823,1790285749.2758493,26.406299883552958,30.73655725930418
2026-09-25T03:05:49.292246,1790285749.292272,26.367024542178424,30.775832600678715
2026-09-25T03:05:49.307143,1790285749.3071702,26.327749342577796,30.815107800279343
2026-09-25T03:05:49.316536,1790285749.3165572,26.249198801602635,30.893658341254504
2026-09-25T03:05:49.324195,1790285749.3242197,26.209923602002007,30.93293354085513
2026-09-25T03:05:49.332049,1790285749.3320754,26.249198801602635,30.893658341254504
2026-09-25T03:05:49.363802,1790285749.363825,26.209923602002007,30.93293354085513
2026-09-25T03:05:49.413986,1790285749.4140172,26.209923602002007,30.93293354085513
2026-09-25T03:05:49.514540,1790285749.514589,26.209923602002007,30.93293354085513
2026-09-25T03:05:49.614116,1790285749.6141436,26.209923602002007,30.93293354085513
2026-09-25T03:05:49.714062,1790285749.7140906,26.209923602002007,30.93293354085513
2026-09-25T03:05:49.716912,1790285749.7169409,26.170648260627473,30.972208882229666
2026-09-25T03:05:49.724262,1790285749.7242954,26.209923602002007,30.93293354085513
2026-09-25T03:05:49.824506,1790285749.824534,26.209923602002007,30.93293354085513
2026-09-25T03:05:49.923765,1790285749.9237933,26.209923602002007,30.93293354085513
2026-09-25T03:05:50.024125,1790285750.024154,26.209923602002007,30.93293354085513
2026-09-25T03:05:50.074335,1790285750.0743673,26.209923602002007,30.93293354085513
2026-09-25T03:05:50.173979,1790285750.1740053,26.209923602002007,30.93293354085513
2026-09-25T03:05:50.273536,1790285750.2735686,26.209923602002007,30.93293354085513
2026-09-25T03:05:50.324001,1790285750.324027,26.209923602002007,30.93293354085513
2026-09-25T03:05:50.424239,1790285750.4242723,26.209923602002007,30.93293354085513
2026-09-25T03:05:50.524152,1790285750.5241857,26.209923602002007,30.93293354085513
2026-09-25T03:05:50.574347,1790285750.5744038,26.209923602002007,30.93293354085513
2026-09-25T03:05:50.674622,1790285750.6746478,26.209923602002007,30.93293354085513
2026-09-25T03:05:50.773686,1790285750.7737138,26.209923602002007,30.93293354085513
2026-09-25T03:05:50.825156,1790285750.8251717,26.209923602002007,30.93293354085513
2026-09-25T03:05:50.925332,1790285750.9253454,26.209923602002007,30.93293354085513
2026-09-25T03:05:51.023551,1790285751.023577,26.209923602002007,30.93293354085513
2026-09-25T03:05:51.073942,1790285751.0739708,26.209923602002007,30.93293354085513
2026-09-25T03:05:51.173369,1790285751.1734242,26.209923602002007,30.93293354085513
2026-09-25T03:05:51.224551,1790285751.224583,26.209923602002007,30.93293354085513
2026-09-25T03:05:51.324069,1790285751.324098,26.209923602002007,30.93293354085513
2026-09-25T03:05:51.373033,1790285751.3730595,26.170648260627473,30.972208882229666
2026-09-25T03:05:51.380517,1790285751.380542,26.209923602002007,30.93293354085513
2026-09-25T03:05:51.431230,1790285751.4312582,26.209923602002007,30.93293354085513
2026-09-25T03:05:51.480664,1790285751.4806945,26.209923602002007,30.93293354085513
2026-09-25T03:05:51.508082,1790285751.508111,26.170648260627473,30.972208882229666
2026-09-25T03:05:51.516438,1790285751.5164704,26.209923602002007,30.93293354085513
2026-09-25T03:05:51.532481,1790285751.5325053,26.170648260627473,30.972208882229666
2026-09-25T03:05:51.539748,1790285751.5397756,26.209923602002007,30.93293354085513
2026-09-25T03:05:51.556796,1790285751.5568252,26.170648260627473,30.972208882229666
2026-09-25T03:05:51.564619,1790285751.5646536,26.209923602002007,30.93293354085513
2026-09-25T03:05:51.611690,1790285751.6117156,26.13137320280075,31.01148394005639
2026-09-25T03:05:51.620053,1790285751.6200793,25.77789569752557,31.36496144533157
2026-09-25T03:05:51.628818,1790285751.6288564,25.69934529832431,31.44351184453283
2026-09-25T03:05:51.637106,1790285751.6371322,25.660069956949776,31.482787185907362
2026-09-25T03:05:51.652550,1790285751.6525834,25.502968874999453,31.639888267857685
2026-09-25T03:05:51.660095,1790285751.6601253,25.424418475798195,31.718438667058944
2026-09-25T03:05:51.669068,1790285751.669095,25.502968874999453,31.639888267857685
2026-09-25T03:05:51.719730,1790285751.7197578,25.502968874999453,31.639888267857685
2026-09-25T03:05:51.755926,1790285751.7559545,25.46369381717273,31.67916332568441
2026-09-25T03:05:51.764097,1790285751.7641225,25.502968874999453,31.639888267857685
2026-09-25T03:05:51.771896,1790285751.7719223,25.46369381717273,31.67916332568441
2026-09-25T03:05:51.779599,1790285751.7796264,25.502968874999453,31.639888267857685
2026-09-25T03:05:51.787788,1790285751.7878327,25.46369381717273,31.67916332568441
2026-09-25T03:05:51.804647,1790285751.8046737,25.424418475798195,31.718438667058944
2026-09-25T03:05:51.822573,1790285751.8225896,25.385143134423664,31.757714008433474
2026-09-25T03:05:51.828247,1790285751.828273,25.34586807659694,31.7969890662602
2026-09-25T03:05:51.837236,1790285751.837268,25.267317393847872,31.875539749009267
2026-09-25T03:05:51.844542,1790285751.8445764,25.188766994646617,31.954090148210522
2026-09-25T03:05:51.853292,1790285751.8533208,25.149491653272083,31.993365489585056
2026-09-25T03:05:51.859578,1790285751.8596103,25.070941254070824,32.071915888786314
2026-09-25T03:05:51.867127,1790285751.8671556,24.874564830745967,32.26829231211117
2026-09-25T03:05:51.876697,1790285751.8767223,24.796014431544712,32.346842711312426
2026-09-25T03:05:51.885608,1790285751.8856225,24.599638008219852,32.54321913463728
2026-09-25T03:05:51.892671,1790285751.892697,24.521087609018597,32.621769533838545
2026-09-25T03:05:51.899768,1790285751.8997962,24.44253720981734,32.7003199330398
2026-09-25T03:05:51.907472,1790285751.9075012,24.36398652706827,32.77887061578887
2026-09-25T03:05:51.916119,1790285751.9161644,24.206885445117948,32.93597169773919
2026-09-25T03:05:51.924353,1790285751.9244099,24.128335045916693,33.014522096940446
2026-09-25T03:05:51.932840,1790285751.9328678,23.89268356476511,33.25017357809203
2026-09-25T03:05:51.940099,1790285751.9402206,23.814285714285713,33.32857142857143
2026-09-25T03:05:52.039332,1790285752.0393622,23.814285714285713,33.32857142857143
2026-09-25T03:05:52.089919,1790285752.0899525,23.814285714285713,33.32857142857143
2026-09-25T03:05:52.189612,1790285752.1896439,23.814285714285713,33.32857142857143
2026-09-25T03:05:52.290083,1790285752.2901163,23.814285714285713,33.32857142857143
2026-09-25T03:05:52.341320,1790285752.3413634,23.814285714285713,33.32857142857143
2026-09-25T03:05:52.411854,1790285752.4118795,23.814285714285713,33.32857142857143
2026-09-25T03:05:52.420852,1790285752.4208815,28.57142857142857,28.57142857142857
2026-09-25T03:05:52.471401,1790285752.4714272,28.57142857142857,28.57142857142857
